onset	duration	nwb_table	ses_ID	pen_ID	sub_ID	cond_ID	stim_ID	rotation	luminance	pdOnTS	pdOffTS
520.742811715552	0.506841640044172	trials	210625SL	p60	Z11111	249	8.0	0.0	12	520.8928117155519	521.0996533555962
521.1730951272625	0.5268417986251279	trials	210625SL	p60	Z11111	73	12.0	180.0	4	521.3230951272625	521.5499369258877
521.623378697554	0.49684156075363717	trials	210625SL	p60	Z11111	83	7.0	225.0	4	521.773378697554	521.9702202583077
522.0537021095816	0.49684156075375085	trials	210625SL	p60	Z11111	70	9.0	180.0	4	522.2037021095816	522.4005436703354
522.4539452831036	0.5268817989423269	trials	210625SL	p60	Z11111	173	7.0	135.0	8	522.6039452831036	522.830827082046
522.9042688537123	0.49684156075363717	trials	210625SL	p60	Z11111	269	13.0	45.0	12	523.0542688537123	523.251110414466
525.4560090864213	0.5268417986250142	trials	210625SL	p60	Z11111	197	1.0	225.0	8	525.6060090864213	525.8328508850464
525.8962925774223	0.5068816403612573	trials	210625SL	p60	Z11111	6	5.0	0.0	4	526.0462925774223	526.2531742177836
526.3065758305519	0.5268817989422132	trials	210625SL	p60	Z11111	261	5.0	45.0	12	526.4565758305519	526.6834576294941
526.7568994011606	0.49684156075363717	trials	210625SL	p60	Z11111	276	5.0	90.0	12	526.9068994011606	527.1037409619142
527.1871828128711	0.49684156075363717	trials	210625SL	p60	Z11111	302	1.0	180.0	12	527.3371828128711	527.5340243736248
527.5874659867102	0.49684156075363717	trials	210625SL	p60	Z11111	65	4.0	180.0	4	527.7374659867102	527.9343075474638
530.2192468540601	0.5268817989423269	trials	210625SL	p60	Z11111	231	5.0	315.0	8	530.3692468540601	530.5961286530024
530.6495302657706	0.49684156075363717	trials	210625SL	p60	Z11111	213	2.0	270.0	8	530.7995302657706	530.9963718265243
531.0498134396098	0.5368818782326343	trials	210625SL	p60	Z11111	157	6.0	90.0	8	531.1998134396098	531.4366953178425
531.5001370102184	0.49684156075363717	trials	210625SL	p60	Z11111	247	6.0	0.0	12	531.6501370102184	531.846978570972
531.9003801837404	0.5068816403612573	trials	210625SL	p60	Z11111	271	0.0	90.0	12	532.0503801837403	532.2572618241016
532.31066343687	0.5268817989422132	trials	210625SL	p60	Z11111	53	7.0	135.0	4	532.4606634368699	532.6875452358122
532.7609870074787	0.5268417986250142	trials	210625SL	p60	Z11111	103	12.0	270.0	4	532.9109870074786	533.1378288061037
533.21127057777	0.5268817989423269	trials	210625SL	p60	Z11111	61	0.0	180.0	4	533.36127057777	533.5881523767124
537.0439009666374	0.5268417986251279	trials	210625SL	p60	Z11111	177	11.0	135.0	8	537.1939009666373	537.4207427652625
537.4941845369289	0.49688156107083614	trials	210625SL	p60	Z11111	145	9.0	45.0	8	537.6441845369288	537.8410660979997
537.894467710768	0.5268817989422132	trials	210625SL	p60	Z11111	33	2.0	90.0	4	538.044467710768	538.2713495097103
540.606329213076	0.5268417986251279	trials	210625SL	p60	Z11111	68	7.0	180.0	4	540.756329213076	540.9831710117012
541.0566127833675	0.49684156075363717	trials	210625SL	p60	Z11111	340	9.0	270.0	12	541.2066127833675	541.4034543441212
541.4869361953953	0.49684156075363717	trials	210625SL	p60	Z11111	91	0.0	270.0	4	541.6369361953953	541.833777756149
541.8871793689171	0.49684156075375085	trials	210625SL	p60	Z11111	268	12.0	45.0	12	542.0371793689171	542.2340209296709
542.3275028602353	0.49684156075375085	trials	210625SL	p60	Z11111	64	3.0	180.0	4	542.4775028602353	542.6743444209891
542.757786271946	0.49684156075363717	trials	210625SL	p60	Z11111	188	7.0	180.0	8	542.907786271946	543.1046278326996
543.158069445785	0.49684156075363717	trials	210625SL	p60	Z11111	80	4.0	225.0	4	543.308069445785	543.5049110065387
543.598352936786	0.49684156075375085	trials	210625SL	p60	Z11111	16	0.0	45.0	4	543.748352936786	543.9451944975398
546.9606595964638	0.5268417986250142	trials	210625SL	p60	Z11111	319	3.0	225.0	12	547.1106595964637	547.3375013950888
547.4109431667553	0.5268817989422132	trials	210625SL	p60	Z11111	155	4.0	90.0	8	547.5609431667552	547.7878249656975
547.8612667373638	0.49684156075363717	trials	210625SL	p60	Z11111	123	2.0	0.0	8	548.0112667373638	548.2081082981175
548.261549911203	0.5268417986250142	trials	210625SL	p60	Z11111	192	11.0	180.0	8	548.411549911203	548.638391709828
548.7118334814945	0.49684156075363717	trials	210625SL	p60	Z11111	146	10.0	45.0	8	548.8618334814945	549.0586750422482
549.1321168139145	0.49684156075363717	trials	210625SL	p60	Z11111	141	5.0	45.0	8	549.2821168139145	549.4789583746682
549.5323999877536	0.49684156075375085	trials	210625SL	p60	Z11111	350	4.0	315.0	12	549.6823999877536	549.8792415485074
549.9626833994641	0.506881640361371	trials	210625SL	p60	Z11111	151	0.0	90.0	8	550.1126833994641	550.3195650398255
553.3650303766209	0.506841640044172	trials	210625SL	p60	Z11111	0			0	553.5150303766209	553.7218720166651
553.7953137883314	0.506841640044172	trials	210625SL	p60	Z11111	300	14.0	135.0	12	553.9453137883314	554.1521554283756
554.2355972793325	0.49684156075363717	trials	210625SL	p60	Z11111	182	1.0	180.0	8	554.3855972793325	554.5824388400862
554.6358804531716	0.5268417986251279	trials	210625SL	p60	Z11111	184	3.0	180.0	8	554.7858804531716	555.0127222517967
555.0862040237803	0.49684156075363717	trials	210625SL	p60	Z11111	117	11.0	315.0	4	555.2362040237803	555.4330455845339
555.4864471973023	0.5268817989422132	trials	210625SL	p60	Z11111	221	10.0	270.0	8	555.6364471973022	555.8633289962445
555.9367707679108	0.49684156075363717	trials	210625SL	p60	Z11111	99	8.0	270.0	4	556.0867707679108	556.2836123286645
556.33705394175	0.536841877915549	trials	210625SL	p60	Z11111	150	14.0	45.0	8	556.48705394175	556.7238958196656
559.7393609185896	0.5268417986251279	trials	210625SL	p60	Z11111	67	6.0	180.0	4	559.8893609185895	560.1162027172147
560.1896444888811	0.5268817989422132	trials	210625SL	p60	Z11111	171	5.0	135.0	8	560.339644488881	560.5665262878233
562.7213845630091	0.5168417193345931	trials	210625SL	p60	Z11111	255	14.0	0.0	12	562.8713845630091	563.0882262823437
563.1516679747197	0.49684156075363717	trials	210625SL	p60	Z11111	147	11.0	45.0	8	563.3016679747196	563.4985095354733
563.5819913867473	0.49684156075363717	trials	210625SL	p60	Z11111	120	14.0	315.0	4	563.7319913867473	563.928832947501
563.9822345602693	0.49684156075363717	trials	210625SL	p60	Z11111	264	8.0	45.0	12	564.1322345602692	564.3290761210229
566.4439340790468	0.5268417986251279	trials	210625SL	p60	Z11111	290	4.0	135.0	12	566.5939340790468	566.820775877672
566.8742174907574	0.49684156075363717	trials	210625SL	p60	Z11111	220	9.0	270.0	8	567.0242174907573	567.221059051511
567.284500743887	0.5268417986251279	trials	210625SL	p60	Z11111	260	4.0	45.0	12	567.4345007438869	567.6613425425121
567.7247842348879	0.506841640044172	trials	210625SL	p60	Z11111	0			0	567.8747842348879	568.0816258749321
568.1350674880175	0.5268817989423269	trials	210625SL	p60	Z11111	59	13.0	135.0	4	568.2850674880175	568.5119492869599
568.5653508997281	0.49684156075363717	trials	210625SL	p60	Z11111	324	8.0	225.0	12	568.715350899728	568.9121924604817
568.9656340735672	0.5268817989422132	trials	210625SL	p60	Z11111	222	11.0	270.0	8	569.1156340735672	569.3425158725095
569.4159576441758	0.49684156075363717	trials	210625SL	p60	Z11111	298	12.0	135.0	12	569.5659576441758	569.7627992049295
572.8382647795964	0.5268817989422132	trials	210625SL	p60	Z11111	108	2.0	315.0	4	572.9882647795964	573.2151465785387
573.2685881916241	0.5268417986251279	trials	210625SL	p60	Z11111	90	14.0	225.0	4	573.418588191624	573.6454299902492
573.7188717619156	0.49684156075363717	trials	210625SL	p60	Z11111	101	10.0	270.0	4	573.8688717619156	574.0657133226692
574.1191549357546	0.49684156075375085	trials	210625SL	p60	Z11111	25	9.0	45.0	4	574.2691549357546	574.4659964965084
574.5494383474652	0.506841640044172	trials	210625SL	p60	Z11111	244	3.0	0.0	12	574.6994383474652	574.9062799875094
574.9597216005948	0.5268817989423269	trials	210625SL	p60	Z11111	229	3.0	315.0	8	575.1097216005948	575.3366033995371
575.4100451712035	0.49684156075363717	trials	210625SL	p60	Z11111	223	12.0	270.0	8	575.5600451712035	575.7568867319571
575.8203284243331	0.49684156075363717	trials	210625SL	p60	Z11111	116	10.0	315.0	4	575.970328424333	576.1671699850867
579.4727973847032	0.5268417986250142	trials	210625SL	p60	Z11111	314	13.0	180.0	12	579.6227973847032	579.8496391833282
579.9030807964137	0.49684156075363717	trials	210625SL	p60	Z11111	196	0.0	225.0	8	580.0530807964137	580.2499223571674
580.3033639702528	0.536881878232748	trials	210625SL	p60	Z11111	98	7.0	270.0	4	580.4533639702528	580.6902458484856
580.7536475405443	0.5068816403612573	trials	210625SL	p60	Z11111	179	13.0	135.0	8	580.9036475405443	581.1105291809056
581.1639307936739	0.5268817989422132	trials	210625SL	p60	Z11111	238	12.0	315.0	8	581.3139307936739	581.5408125926161
581.5942542057015	0.5268417986251279	trials	210625SL	p60	Z11111	26	10.0	45.0	4	581.7442542057015	581.9710960043267
582.044537775993	0.49684156075363717	trials	210625SL	p60	Z11111	272	1.0	90.0	12	582.194537775993	582.3913793367467
582.4448209498322	0.5368818782326343	trials	210625SL	p60	Z11111	330	14.0	225.0	12	582.5948209498322	582.8317028280649
585.9672088787918	0.5068816403612573	trials	210625SL	p60	Z11111	243	2.0	0.0	12	586.1172088787918	586.3240905191531
586.3774921319214	0.49684156075363717	trials	210625SL	p60	Z11111	136	0.0	45.0	8	586.5274921319213	586.724333692675
586.8077755436319	0.49684156075363717	trials	210625SL	p60	Z11111	106	0.0	315.0	4	586.9577755436319	587.1546171043856
587.2180587967615	0.5268817989422132	trials	210625SL	p60	Z11111	154	3.0	90.0	8	587.3680587967615	587.5949405957037
587.6683823673701	0.49684156075375085	trials	210625SL	p60	Z11111	303	2.0	180.0	12	587.8183823673701	588.0152239281239
590.0300010926086	0.506841640044172	trials	210625SL	p60	Z11111	219	8.0	270.0	8	590.1800010926086	590.3868427326528
590.4602845043191	0.5268417986251279	trials	210625SL	p60	Z11111	128	7.0	0.0	8	590.6102845043191	590.8371263029443
590.9105680746106	0.49684156075363717	trials	210625SL	p60	Z11111	354	8.0	315.0	12	591.0605680746106	591.2574096353643
591.3108512484498	0.49684156075363717	trials	210625SL	p60	Z11111	348	2.0	315.0	12	591.4608512484498	591.6576928092035
591.7411346601604	0.5068816403612573	trials	210625SL	p60	Z11111	341	10.0	270.0	12	591.8911346601603	592.0980163005216
592.1814581514785	0.49684156075363717	trials	210625SL	p60	Z11111	227	1.0	315.0	8	592.3314581514785	592.5282997122322
592.5817013250005	0.5268817989422132	trials	210625SL	p60	Z11111	87	11.0	225.0	4	592.7317013250005	592.9585831239427
593.0120247370281	0.506841640044172	trials	210625SL	p60	Z11111	137	1.0	45.0	8	593.1620247370281	593.3688663770723
596.4343318724486	0.5268817989423269	trials	210625SL	p60	Z11111	66	5.0	180.0	4	596.5843318724486	596.811213671391
596.8846554430573	0.49684156075363717	trials	210625SL	p60	Z11111	124	3.0	0.0	8	597.0346554430573	597.231497003811
597.2949386961869	0.5068416400440583	trials	210625SL	p60	Z11111	170	4.0	135.0	8	597.4449386961869	597.651780336231
597.7052219493165	0.5268417986250142	trials	210625SL	p60	Z11111	56	10.0	135.0	4	597.8552219493165	598.0820637479416
598.155505519608	0.49684156075363717	trials	210625SL	p60	Z11111	138	2.0	45.0	8	598.305505519608	598.5023470803617
598.5557886934471	0.5268817989423269	trials	210625SL	p60	Z11111	72	11.0	180.0	4	598.7057886934471	598.9326704923894
599.0061122640558	0.49684156075363717	trials	210625SL	p60	Z11111	200	4.0	225.0	8	599.1561122640558	599.3529538248094
599.4063954378948	0.4968015604365519	trials	210625SL	p60	Z11111	19	3.0	45.0	4	599.5563954378948	599.7531969983314
602.7686620972554	0.5268817989422132	trials	210625SL	p60	Z11111	107	1.0	315.0	4	602.9186620972554	603.1455438961976
603.2189856678641	0.49684156075363717	trials	210625SL	p60	Z11111	193	12.0	180.0	8	603.3689856678641	603.5658272286178
603.619228841386	0.5268817989423269	trials	210625SL	p60	Z11111	305	4.0	180.0	12	603.7692288413859	603.9961106403283
604.0695524119947	0.49684156075363717	trials	210625SL	p60	Z11111	20	4.0	45.0	4	604.2195524119946	604.4163939727483
604.4798356651243	0.5268417986250142	trials	210625SL	p60	Z11111	295	9.0	135.0	12	604.6298356651242	604.8566774637493
604.9201191561252	0.506841640044172	trials	210625SL	p60	Z11111	82	6.0	225.0	4	605.0701191561252	605.2769607961694
605.3304024092548	0.5268817989422132	trials	210625SL	p60	Z11111	71	10.0	180.0	4	605.4804024092548	605.707284208197
605.7807259798635	0.5268417986250142	trials	210625SL	p60	Z11111	322	6.0	225.0	12	605.9307259798635	606.1575677784886
608.0122236733743	0.5168817196517921	trials	210625SL	p60	Z11111	194	13.0	180.0	8	608.1622236733742	608.3791053930261
608.4525471646925	0.49684156075363717	trials	210625SL	p60	Z11111	85	9.0	225.0	4	608.6025471646925	608.7993887254462
608.8628304178221	0.5268417986250142	trials	210625SL	p60	Z11111	119	13.0	315.0	4	609.0128304178221	609.2396722164472
609.3031139088231	0.506841640044172	trials	210625SL	p60	Z11111	95	4.0	270.0	4	609.4531139088231	609.6599555488673
609.7133971619527	0.5268417986251279	trials	210625SL	p60	Z11111	311	10.0	180.0	12	609.8633971619527	610.0902389605778
610.1436805736632	0.49684156075363717	trials	210625SL	p60	Z11111	326	10.0	225.0	12	610.2936805736632	610.4905221344169
610.5739639853738	0.5068816403612573	trials	210625SL	p60	Z11111	218	7.0	270.0	8	610.7239639853738	610.9308456257351
611.014287476692	0.49684156075363717	trials	210625SL	p60	Z11111	331	0.0	270.0	12	611.1642874766919	611.3611290374456
614.3565539774715	0.49684156075363717	trials	210625SL	p60	Z11111	30	14.0	45.0	4	614.5065539774715	614.7033955382252
614.7768373098916	0.49684156075363717	trials	210625SL	p60	Z11111	187	6.0	180.0	8	614.9268373098915	615.1236788706452
615.1771204837307	0.5268417986250142	trials	210625SL	p60	Z11111	121	0.0	0.0	8	615.3271204837307	615.5539622823558
615.6174039747317	0.5268817989422132	trials	210625SL	p60	Z11111	114	8.0	315.0	4	615.7674039747317	615.9942857736739
616.0477273867594	0.5268417986250142	trials	210625SL	p60	Z11111	263	7.0	45.0	12	616.1977273867594	616.4245691853845
616.498010957051	0.49684156075363717	trials	210625SL	p60	Z11111	203	7.0	225.0	8	616.6480109570509	616.8448525178046
616.89829413089	0.536881878232748	trials	210625SL	p60	Z11111	344	13.0	270.0	12	617.04829413089	617.2851760091228
617.3485777011815	0.49684156075363717	trials	210625SL	p60	Z11111	5	4.0	0.0	4	617.4985777011815	617.6954192619352
620.7709248369192	0.5068416400440583	trials	210625SL	p60	Z11111	237	11.0	315.0	8	620.9209248369192	621.1277664769633
621.2012082486298	0.49684156075363717	trials	210625SL	p60	Z11111	248	7.0	0.0	12	621.3512082486297	621.5480498093834
621.6315316606574	0.49684156075363717	trials	210625SL	p60	Z11111	113	7.0	315.0	4	621.7815316606574	621.9783732214111
622.0317748341794	0.536881878232748	trials	210625SL	p60	Z11111	78	2.0	225.0	4	622.1817748341794	622.4186567124121
622.4720983254975	0.5268417986251279	trials	210625SL	p60	Z11111	69	8.0	180.0	4	622.6220983254975	622.8489401241227
622.922381895789	0.49684156075363717	trials	210625SL	p60	Z11111	257	1.0	45.0	12	623.072381895789	623.2692234565427
623.3226650696282	0.5268417986250142	trials	210625SL	p60	Z11111	281	10.0	90.0	12	623.4726650696282	623.6995068682533
623.7729886402368	0.49684156075363717	trials	210625SL	p60	Z11111	310	9.0	180.0	12	623.9229886402368	624.1198302009905
627.1052550617259	0.506841640044172	trials	210625SL	p60	Z11111	45	14.0	90.0	4	627.2552550617258	627.4620967017701
627.525538394146	0.49684156075363717	trials	210625SL	p60	Z11111	165	14.0	90.0	8	627.675538394146	627.8723799548997
627.9558218058565	0.49684156075363717	trials	210625SL	p60	Z11111	250	9.0	0.0	12	628.1058218058565	628.3026633666102
628.3561049796957	0.5268417986250142	trials	210625SL	p60	Z11111	172	6.0	135.0	8	628.5061049796957	628.7329467783208
628.8063885499871	0.49684156075363717	trials	210625SL	p60	Z11111	160	9.0	90.0	8	628.9563885499871	629.1532301107408
629.2166718031167	0.5268817989423269	trials	210625SL	p60	Z11111	23	7.0	45.0	4	629.3666718031167	629.593553602059
629.6569952944349	0.506841640044172	trials	210625SL	p60	Z11111	97	6.0	270.0	4	629.8069952944348	630.0138369344791
630.0972787854358	0.49684156075375085	trials	210625SL	p60	Z11111	149	13.0	45.0	8	630.2472787854358	630.4441203461896
633.6597070318745	0.5268417986251279	trials	210625SL	p60	Z11111	333	2.0	270.0	12	633.8097070318745	634.0365488304997
634.1100306024832	0.49684156075363717	trials	210625SL	p60	Z11111	54	8.0	135.0	4	634.2600306024832	634.4568721632369
634.5403140141938	0.49684156075363717	trials	210625SL	p60	Z11111	334	3.0	270.0	12	634.6903140141937	634.8871555749474
634.9605973466138	0.49684156075363717	trials	210625SL	p60	Z11111	258	2.0	45.0	12	635.1105973466138	635.3074389073674
635.3708805997434	0.5268417986251279	trials	210625SL	p60	Z11111	48	2.0	135.0	4	635.5208805997434	635.7477223983685
635.8111640907445	0.5068416400440583	trials	210625SL	p60	Z11111	34	3.0	90.0	4	635.9611640907444	636.1680057307885
636.221447343874	0.5268817989422132	trials	210625SL	p60	Z11111	143	7.0	45.0	8	636.371447343874	636.5983291428163
636.6517307555846	0.49684156075363717	trials	210625SL	p60	Z11111	266	10.0	45.0	12	636.8017307555846	636.9985723163383
640.2541993195023	0.5268417986250142	trials	210625SL	p60	Z11111	201	5.0	225.0	8	640.4041993195023	640.6310411181273
640.6944828105032	0.506881640361371	trials	210625SL	p60	Z11111	352	6.0	315.0	12	640.8444828105032	641.0513644508646
641.1348063018214	0.49684156075375085	trials	210625SL	p60	Z11111	74	13.0	180.0	4	641.2848063018214	641.4816478625752
641.5350494753434	0.5268817989423269	trials	210625SL	p60	Z11111	291	5.0	135.0	12	641.6850494753434	641.9119312742857
641.9853730459521	0.49684156075363717	trials	210625SL	p60	Z11111	234	8.0	315.0	8	642.1353730459521	642.3322146067057
642.3956562990817	0.5268817989422132	trials	210625SL	p60	Z11111	286	0.0	135.0	12	642.5456562990817	642.7725380980239
642.8359397900826	0.5068816403612573	trials	210625SL	p60	Z11111	17	1.0	45.0	4	642.9859397900826	643.1928214304439
643.2462230432122	0.5268817989423269	trials	210625SL	p60	Z11111	242	1.0	0.0	12	643.3962230432122	643.6231048421546
646.6485300200518	0.506881640361371	trials	210625SL	p60	Z11111	265	9.0	45.0	12	646.7985300200518	647.0054116604132
647.0588132731814	0.49684156075375085	trials	210625SL	p60	Z11111	337	6.0	270.0	12	647.2088132731814	647.4056548339352
647.4891366852091	0.49684156075363717	trials	210625SL	p60	Z11111	353	7.0	315.0	12	647.6391366852091	647.8359782459628
647.8893798587311	0.5368818782326343	trials	210625SL	p60	Z11111	126	5.0	0.0	8	648.0393798587311	648.2762617369638
648.3397034293397	0.49684156075363717	trials	210625SL	p60	Z11111	100	9.0	270.0	4	648.4897034293397	648.6865449900934
648.7499866824693	0.49684156075363717	trials	210625SL	p60	Z11111	284	13.0	90.0	12	648.8999866824693	649.096828243223
649.1802700941798	0.49684156075375085	trials	210625SL	p60	Z11111	18	2.0	45.0	4	649.3302700941798	649.5271116549336
649.6005534266	0.49684156075363717	trials	210625SL	p60	Z11111	191	10.0	180.0	8	649.7505534265999	649.9473949873536
652.9628600862776	0.506841640044172	trials	210625SL	p60	Z11111	63	2.0	180.0	4	653.1128600862776	653.3197017263218
653.3931434979881	0.49684156075363717	trials	210625SL	p60	Z11111	156	5.0	90.0	8	653.5431434979881	653.7399850587418
653.7934266718273	0.5268417986250142	trials	210625SL	p60	Z11111	209	13.0	225.0	8	653.9434266718273	654.1702684704524
654.2437102421187	0.49684156075375085	trials	210625SL	p60	Z11111	122	1.0	0.0	8	654.3937102421187	654.5905518028725
654.6539934952483	0.5268817989422132	trials	210625SL	p60	Z11111	335	4.0	270.0	12	654.8039934952483	655.0308752941905
655.084316907276	0.5268417986251279	trials	210625SL	p60	Z11111	12	11.0	0.0	4	655.234316907276	655.4611587059012
655.5346004775676	0.49684156075363717	trials	210625SL	p60	Z11111	215	4.0	270.0	8	655.6846004775675	655.8814420383212
655.9548838099876	0.49684156075375085	trials	210625SL	p60	Z11111	46	0.0	135.0	4	656.1048838099875	656.3017253707413
659.2771501521862	0.49684156075363717	trials	210625SL	p60	Z11111	167	1.0	135.0	8	659.4271501521862	659.6239917129399
659.6874334053158	0.49684156075363717	trials	210625SL	p60	Z11111	164	13.0	90.0	8	659.8374334053158	660.0342749660695
660.1177168170263	0.49684156075363717	trials	210625SL	p60	Z11111	235	9.0	315.0	8	660.2677168170263	660.46455837778
660.5179999908654	0.5268417986251279	trials	210625SL	p60	Z11111	202	6.0	225.0	8	660.6679999908654	660.8948417894906
660.9683235614741	0.49684156075363717	trials	210625SL	p60	Z11111	148	12.0	45.0	8	661.1183235614741	661.3151651222278
661.3685667349961	0.536881878232748	trials	210625SL	p60	Z11111	288	2.0	135.0	12	661.518566734996	661.7554486132289
661.8188903056047	0.506841640044172	trials	210625SL	p60	Z11111	47	1.0	135.0	4	661.9688903056046	662.1757319456489
662.2291735587343	0.5268417986251279	trials	210625SL	p60	Z11111	256	0.0	45.0	12	662.3791735587342	662.6060153573594
665.5614399802234	0.5168417193345931	trials	210625SL	p60	Z11111	15	14.0	0.0	4	665.7114399802234	665.928281699558
666.0017234712244	0.49684156075363717	trials	210625SL	p60	Z11111	226	0.0	315.0	8	666.1517234712244	666.3485650319781
666.412006724354	0.5268817989422132	trials	210625SL	p60	Z11111	292	6.0	135.0	12	666.562006724354	666.7888885232962
666.8523302156722	0.506841640044172	trials	210625SL	p60	Z11111	316	0.0	225.0	12	667.0023302156721	667.2091718557164
667.2926137066733	0.49684156075363717	trials	210625SL	p60	Z11111	320	4.0	225.0	12	667.4426137066732	667.6394552674269
667.6928968805123	0.5268417986250142	trials	210625SL	p60	Z11111	31	0.0	90.0	4	667.8428968805123	668.0697386791373
668.1431804508038	0.49684156075363717	trials	210625SL	p60	Z11111	44	13.0	90.0	4	668.2931804508038	668.4900220115575
668.5534637039334	0.5268817989422132	trials	210625SL	p60	Z11111	158	7.0	90.0	8	668.7034637039334	668.9303455028756
672.1859325057226	0.506841640044172	trials	210625SL	p60	Z11111	342	11.0	270.0	12	672.3359325057226	672.5427741457668
672.6062158381426	0.5068816403612573	trials	210625SL	p60	Z11111	343	12.0	270.0	12	672.7562158381426	672.9630974785039
673.0465393294608	0.49684156075363717	trials	210625SL	p60	Z11111	153	2.0	90.0	8	673.1965393294607	673.3933808902144
673.4467825029827	0.49688156107083614	trials	210625SL	p60	Z11111	84	8.0	225.0	4	673.5967825029827	673.7936640640536
673.8771059150105	0.5068416400440583	trials	210625SL	p60	Z11111	139	3.0	45.0	8	674.0271059150105	674.2339475550546
674.3173894060114	0.49684156075363717	trials	210625SL	p60	Z11111	144	8.0	45.0	8	674.4673894060114	674.6642309667651
674.7176725798506	0.5268417986250142	trials	210625SL	p60	Z11111	89	13.0	225.0	4	674.8676725798506	675.0945143784757
675.1679961504592	0.4968015604365519	trials	210625SL	p60	Z11111	112	6.0	315.0	4	675.3179961504592	675.5147977108958
680.3114769330391	0.5268817989422132	trials	210625SL	p60	Z11111	22	6.0	45.0	4	680.4614769330391	680.6883587319813
680.7517604240401	0.49684156075363717	trials	210625SL	p60	Z11111	332	1.0	270.0	12	680.90176042404	681.0986019847937
681.1620436771697	0.49684156075363717	trials	210625SL	p60	Z11111	274	3.0	90.0	12	681.3120436771696	681.5088852379233
681.5923670891974	0.49684156075363717	trials	210625SL	p60	Z11111	317	1.0	225.0	12	681.7423670891974	681.9392086499511
681.9926102627193	0.5268817989423269	trials	210625SL	p60	Z11111	296	10.0	135.0	12	682.1426102627192	682.3694920616616
682.442933833328	0.49684156075363717	trials	210625SL	p60	Z11111	133	12.0	0.0	8	682.592933833328	682.7897753940816
682.843217007167	0.536841877915549	trials	210625SL	p60	Z11111	181	0.0	180.0	8	682.993217007167	683.2300588850826
683.2935005774585	0.506841640044172	trials	210625SL	p60	Z11111	346	0.0	315.0	12	683.4435005774585	683.6503422175027
686.6357670782381	0.5168817196517921	trials	210625SL	p60	Z11111	93	2.0	270.0	4	686.7857670782381	687.00264879789
687.0760905695563	0.49684156075375085	trials	210625SL	p60	Z11111	28	12.0	45.0	4	687.2260905695563	687.4229321303101
687.5163740605574	0.49684156075363717	trials	210625SL	p60	Z11111	142	6.0	45.0	8	687.6663740605574	687.863215621311
687.9166572343964	0.49684156075363717	trials	210625SL	p60	Z11111	88	12.0	225.0	4	688.0666572343964	688.2634987951501
688.346940646107	0.49684156075363717	trials	210625SL	p60	Z11111	130	9.0	0.0	8	688.496940646107	688.6937822068606
688.7472238199462	0.5068416400440583	trials	210625SL	p60	Z11111	37	6.0	90.0	4	688.8972238199461	689.1040654599902
689.1875073109471	0.49684156075363717	trials	210625SL	p60	Z11111	251	10.0	0.0	12	689.3375073109471	689.5343488717008
689.6178307229749	0.49684156075363717	trials	210625SL	p60	Z11111	162	11.0	90.0	8	689.7678307229748	689.9646722837285
692.9500971444639	0.5268417986251279	trials	210625SL	p60	Z11111	168	2.0	135.0	8	693.1000971444639	693.3269389430891
693.4003807147554	0.49684156075363717	trials	210625SL	p60	Z11111	152	1.0	90.0	8	693.5503807147554	693.7472222755091
693.8006638885945	0.49684156075375085	trials	210625SL	p60	Z11111	239	13.0	315.0	8	693.9506638885945	694.1475054493483
694.230947300305	0.506841640044172	trials	210625SL	p60	Z11111	294	8.0	135.0	12	694.380947300305	694.5877889403492
694.6712707916232	0.49684156075363717	trials	210625SL	p60	Z11111	345	14.0	270.0	12	694.8212707916232	695.0181123523769
695.0715139651452	0.49684156075363717	trials	210625SL	p60	Z11111	183	2.0	180.0	8	695.2215139651452	695.4183555258988
695.4717971389842	0.5268817989423269	trials	210625SL	p60	Z11111	283	12.0	90.0	12	695.6217971389842	695.8486789379266
695.9121206303025	0.49684156075363717	trials	210625SL	p60	Z11111	355	9.0	315.0	12	696.0621206303025	696.2589621910562
699.3244276864326	0.5068416400440583	trials	210625SL	p60	Z11111	77	1.0	225.0	4	699.4744276864326	699.6812693264767
699.754711098143	0.49684156075363717	trials	210625SL	p60	Z11111	253	12.0	0.0	12	699.904711098143	700.1015526588967
700.1849945098536	0.49688156107083614	trials	210625SL	p60	Z11111	92	1.0	270.0	4	700.3349945098536	700.5318760709245
700.6052778422737	0.49688156107072246	trials	210625SL	p60	Z11111	3	2.0	0.0	4	700.7552778422737	700.9521594033445
701.0256011750109	0.49684156075363717	trials	210625SL	p60	Z11111	115	9.0	315.0	4	701.1756011750109	701.3724427357646
701.4558845867215	0.5068416400440583	trials	210625SL	p60	Z11111	169	3.0	135.0	8	701.6058845867215	701.8127262267656
701.8961680777225	0.49684156075363717	trials	210625SL	p60	Z11111	214	3.0	270.0	8	702.0461680777224	702.2430096384761
702.2964512515616	0.5268817989422132	trials	210625SL	p60	Z11111	27	11.0	45.0	4	702.4464512515616	702.6733330505039
705.7187983872992	0.5168417193347068	trials	210625SL	p60	Z11111	86	10.0	225.0	4	705.8687983872992	706.085640106634
706.1490817990099	0.49684156075363717	trials	210625SL	p60	Z11111	199	3.0	225.0	8	706.2990817990099	706.4959233597635
706.5793652107203	0.49684156075375085	trials	210625SL	p60	Z11111	75	14.0	180.0	4	706.7293652107203	706.9262067714741
706.9796483845595	0.5268417986251279	trials	210625SL	p60	Z11111	35	4.0	90.0	4	707.1296483845595	707.3564901831846
707.429931954851	0.49684156075363717	trials	210625SL	p60	Z11111	275	4.0	90.0	12	707.579931954851	707.7767735156046
707.8302151286902	0.5368818782326343	trials	210625SL	p60	Z11111	358	12.0	315.0	12	707.9802151286901	708.2170970069228
708.2705386200082	0.5268417986251279	trials	210625SL	p60	Z11111	230	4.0	315.0	8	708.4205386200082	708.6473804186334
708.7208221902997	0.49684156075375085	trials	210625SL	p60	Z11111	207	11.0	225.0	8	708.8708221902997	709.0676637510535
712.453371785628	0.506841640044172	trials	210625SL	p60	Z11111	24	8.0	45.0	4	712.6033717856279	712.8102134256721
712.8636550387575	0.506841640044172	trials	210625SL	p60	Z11111	262	6.0	45.0	12	713.0136550387575	713.2204966788017
713.3039385297585	0.49684156075363717	trials	210625SL	p60	Z11111	241	0.0	0.0	12	713.4539385297585	713.6507800905122
713.7342619417863	0.49684156075363717	trials	210625SL	p60	Z11111	189	8.0	180.0	8	713.8842619417862	714.0811035025399
714.1345051153082	0.536881878232748	trials	210625SL	p60	Z11111	94	3.0	270.0	4	714.2845051153082	714.521386993541
716.4360833644866	0.5268817989423269	trials	210625SL	p60	Z11111	21	5.0	45.0	4	716.5860833644866	716.812965163429
716.8763668554877	0.5068816403612573	trials	210625SL	p60	Z11111	349	3.0	315.0	12	717.0263668554877	717.233248495849
717.2866501086173	0.5268817989422132	trials	210625SL	p60	Z11111	40	9.0	90.0	4	717.4366501086173	717.6635319075596
717.716973520645	0.49684156075363717	trials	210625SL	p60	Z11111	224	13.0	270.0	8	717.8669735206449	718.0638150813986
718.1472569323555	0.506841640044172	trials	210625SL	p60	Z11111	102	11.0	270.0	4	718.2972569323555	718.5040985723997
718.5575401854851	0.5268417986251279	trials	210625SL	p60	Z11111	13	12.0	0.0	4	718.7075401854851	718.9343819841102
718.9878235971956	0.49684156075363717	trials	210625SL	p60	Z11111	50	4.0	135.0	4	719.1378235971956	719.3346651579493
719.3881067710348	0.5268417986250142	trials	210625SL	p60	Z11111	318	2.0	225.0	12	719.5381067710348	719.7649485696599
723.160656683525	0.5268817989422132	trials	210625SL	p60	Z11111	287	1.0	135.0	12	723.3106566835249	723.5375384824672
723.600980174843	0.49684156075375085	trials	210625SL	p60	Z11111	336	5.0	270.0	12	723.750980174843	723.9478217355968
724.0212635072631	0.49684156075363717	trials	210625SL	p60	Z11111	175	9.0	135.0	8	724.1712635072631	724.3681050680168
724.4215066807851	0.49684156075363717	trials	210625SL	p60	Z11111	180	14.0	135.0	8	724.5715066807851	724.7683482415388
724.8317899339147	0.5268817989422132	trials	210625SL	p60	Z11111	304	3.0	180.0	12	724.9817899339147	725.2086717328569
725.2721134252329	0.5068416400440583	trials	210625SL	p60	Z11111	166	0.0	135.0	8	725.4221134252329	725.628955065277
725.6823966783625	0.5268417986250142	trials	210625SL	p60	Z11111	129	8.0	0.0	8	725.8323966783624	726.0592384769875
726.1326802486539	0.49684156075375085	trials	210625SL	p60	Z11111	176	10.0	135.0	8	726.2826802486538	726.4795218094076
729.5350272258107	0.5068416400440583	trials	210625SL	p60	Z11111	125	4.0	0.0	8	729.6850272258107	729.8918688658548
729.9552705579135	0.506881640361371	trials	210625SL	p60	Z11111	228	2.0	315.0	8	730.1052705579135	730.3121521982749
730.3655938113603	0.5268417986251279	trials	210625SL	p60	Z11111	7	6.0	0.0	4	730.5155938113603	730.7424356099855
730.8158773816518	0.49684156075363717	trials	210625SL	p60	Z11111	9	8.0	0.0	4	730.9658773816518	731.1627189424055
731.2461607933623	0.49684156075375085	trials	210625SL	p60	Z11111	185	4.0	180.0	8	731.3961607933622	731.593002354116
731.6664441257824	0.49684156075363717	trials	210625SL	p60	Z11111	0			0	731.8164441257824	732.013285686536
732.0667272996214	0.5268817989423269	trials	210625SL	p60	Z11111	131	10.0	0.0	8	732.2167272996214	732.4436090985638
732.5170508702302	0.49684156075375085	trials	210625SL	p60	Z11111	174	8.0	135.0	8	732.6670508702301	732.8638924309839
735.9193578470698	0.5268417986250142	trials	210625SL	p60	Z11111	118	12.0	315.0	4	736.0693578470698	736.2961996456949
736.3696414173612	0.5268817989423269	trials	210625SL	p60	Z11111	327	11.0	225.0	12	736.5196414173612	736.7465232163036
736.799964829389	0.49684156075363717	trials	210625SL	p60	Z11111	216	5.0	270.0	8	736.9499648293889	737.1468063901426
737.2302482410995	0.5068416400440583	trials	210625SL	p60	Z11111	280	9.0	90.0	12	737.3802482410995	737.5870898811436
737.6705317321005	0.49684156075363717	trials	210625SL	p60	Z11111	198	2.0	225.0	8	737.8205317321004	738.0173732928541
738.0708149059396	0.5268817989422132	trials	210625SL	p60	Z11111	236	10.0	315.0	8	738.2208149059396	738.4476967048819
738.5110983969406	0.5268817989422132	trials	210625SL	p60	Z11111	43	12.0	90.0	4	738.6610983969406	738.8879801958828
738.9414218089684	0.49684156075363717	trials	210625SL	p60	Z11111	208	12.0	225.0	8	739.0914218089683	739.288263369722
742.7440119596471	0.5268417986250142	trials	210625SL	p60	Z11111	57	11.0	135.0	4	742.8940119596471	743.1208537582721
745.255711874877	0.5068416400440583	trials	210625SL	p60	Z11111	96	5.0	270.0	4	745.4057118748769	745.612553514921
745.675995207297	0.506841640044172	trials	210625SL	p60	Z11111	134	13.0	0.0	8	745.825995207297	746.0328368473412
746.1162786982981	0.49684156075363717	trials	210625SL	p60	Z11111	163	12.0	90.0	8	746.266278698298	746.4631202590517
746.5165618721371	0.5268817989423269	trials	210625SL	p60	Z11111	135	14.0	0.0	8	746.6665618721371	746.8934436710795
746.9668854427458	0.49684156075363717	trials	210625SL	p60	Z11111	212	1.0	270.0	8	747.1168854427458	747.3137270034995
747.3871687751658	0.49684156075363717	trials	210625SL	p60	Z11111	307	6.0	180.0	12	747.5371687751658	747.7340103359195
747.787451949005	0.49684156075363717	trials	210625SL	p60	Z11111	42	11.0	90.0	4	747.937451949005	748.1342935097587
748.2177353607154	0.506841640044172	trials	210625SL	p60	Z11111	232	6.0	315.0	8	748.3677353607154	748.5745770007596
751.6300424168456	0.5068416400440583	trials	210625SL	p60	Z11111	277	6.0	90.0	12	751.7800424168456	751.9868840568897
752.0703659081638	0.49684156075363717	trials	210625SL	p60	Z11111	190	9.0	180.0	8	752.2203659081638	752.4172074689175
752.4706090816857	0.49684156075363717	trials	210625SL	p60	Z11111	321	5.0	225.0	12	752.6206090816856	752.8174506424393
752.9009324937134	0.5068416400440583	trials	210625SL	p60	Z11111	49	3.0	135.0	4	753.0509324937134	753.2577741337575
753.311215746843	0.49684156075363717	trials	210625SL	p60	Z11111	282	11.0	90.0	12	753.461215746843	753.6580573075967
753.7414991585534	0.49684156075363717	trials	210625SL	p60	Z11111	76	0.0	225.0	4	753.8914991585534	754.0883407193071
754.1417823323926	0.49684156075363717	trials	210625SL	p60	Z11111	110	4.0	315.0	4	754.2917823323926	754.4886238931463
754.5820658233937	0.49684156075363717	trials	210625SL	p60	Z11111	328	12.0	225.0	12	754.7320658233937	754.9289073841474
758.1144538316437	0.5068816403612573	trials	210625SL	p60	Z11111	29	13.0	45.0	4	758.2644538316437	758.471335472005
758.5447772436713	0.49684156075375085	trials	210625SL	p60	Z11111	245	4.0	0.0	12	758.6947772436713	758.8916188044251
761.2766389045604	0.5068416400440583	trials	210625SL	p60	Z11111	246	5.0	0.0	12	761.4266389045604	761.6334805446045
761.6868821573729	0.49688156107072246	trials	210625SL	p60	Z11111	299	13.0	135.0	12	761.8368821573729	762.0337637184437
762.1172055694005	0.49684156075375085	trials	210625SL	p60	Z11111	270	14.0	45.0	12	762.2672055694005	762.4640471301543
762.5374889018207	0.49684156075363717	trials	210625SL	p60	Z11111	205	9.0	225.0	8	762.6874889018206	762.8843304625743
771.7938022949869	0.5068416400440583	trials	210625SL	p60	Z11111	52	6.0	135.0	4	771.9438022949869	772.150643935031
772.2240857066973	0.49684156075363717	trials	210625SL	p60	Z11111	240	14.0	315.0	8	772.3740857066973	772.570927267451
772.6243688805365	0.5268417986250142	trials	210625SL	p60	Z11111	312	11.0	180.0	12	772.7743688805365	773.0012106791615
773.074652450828	0.49684156075363717	trials	210625SL	p60	Z11111	359	13.0	315.0	12	773.224652450828	773.4214940115817
773.4749356246672	0.5368818782326343	trials	210625SL	p60	Z11111	195	14.0	180.0	8	773.6249356246672	773.8618175028998
773.9252191949586	0.5068816403612573	trials	210625SL	p60	Z11111	357	11.0	315.0	12	774.0752191949585	774.2821008353199
774.3355024480882	0.5268817989422132	trials	210625SL	p60	Z11111	60	14.0	135.0	4	774.4855024480881	774.7123842470304
774.7858260186969	0.49684156075363717	trials	210625SL	p60	Z11111	308	7.0	180.0	12	774.9358260186968	775.1326675794505
778.1481326783745	0.5268417986251279	trials	210625SL	p60	Z11111	278	7.0	90.0	12	778.2981326783745	778.5249744769997
778.598416248666	0.49684156075363717	trials	210625SL	p60	Z11111	62	1.0	180.0	4	778.748416248666	778.9452578094197
778.9986994225051	0.5268417986251279	trials	210625SL	p60	Z11111	211	0.0	270.0	8	779.148699422505	779.3755412211302
779.4289828342156	0.49684156075363717	trials	210625SL	p60	Z11111	254	13.0	0.0	12	779.5789828342156	779.7758243949693
779.8292660080548	0.5068416400440583	trials	210625SL	p60	Z11111	161	10.0	90.0	8	779.9792660080548	780.1861076480989
780.2695494990559	0.49684156075363717	trials	210625SL	p60	Z11111	0			0	780.4195494990558	780.6163910598095
780.6698326728949	0.5268417986250142	trials	210625SL	p60	Z11111	2	1.0	0.0	4	780.8198326728949	781.04667447152
781.1001160846055	0.5068416400440583	trials	210625SL	p60	Z11111	8	7.0	0.0	4	781.2501160846055	781.4569577246496
787.9648105146617	0.5268417986251279	trials	210625SL	p60	Z11111	41	10.0	90.0	4	788.1148105146617	788.3416523132869
788.4150940849532	0.49684156075363717	trials	210625SL	p60	Z11111	225	14.0	270.0	8	788.5650940849532	788.7619356457069
788.8153772587924	0.5268817989422132	trials	210625SL	p60	Z11111	325	9.0	225.0	12	788.9653772587924	789.1922590577346
789.265700829401	0.49684156075363717	trials	210625SL	p60	Z11111	289	3.0	135.0	12	789.415700829401	789.6125423901547
789.665944002923	0.5268817989423269	trials	210625SL	p60	Z11111	81	5.0	225.0	4	789.815944002923	790.0428258018653
790.1162675735317	0.49684156075363717	trials	210625SL	p60	Z11111	109	3.0	315.0	4	790.2662675735316	790.4631091342853
790.5265508266613	0.5268417986251279	trials	210625SL	p60	Z11111	206	10.0	225.0	8	790.6765508266612	790.9033926252864
790.9668343176622	0.5068816403612573	trials	210625SL	p60	Z11111	323	7.0	225.0	12	791.1168343176622	791.3237159580235
794.4592220087503	0.5268817989423269	trials	210625SL	p60	Z11111	252	11.0	0.0	12	794.6092220087503	794.8361038076927
794.8995054997514	0.49684156075363717	trials	210625SL	p60	Z11111	339	8.0	270.0	12	795.0495054997514	795.2463470605051
795.309788752881	0.5268817989422132	trials	210625SL	p60	Z11111	159	8.0	90.0	8	795.459788752881	795.6866705518232
795.7501122441992	0.506841640044172	trials	210625SL	p60	Z11111	360	14.0	315.0	12	795.9001122441991	796.1069538842434
796.1603954973288	0.5268417986251279	trials	210625SL	p60	Z11111	39	8.0	90.0	4	796.3103954973287	796.5372372959539
796.5906789090393	0.49684156075363717	trials	210625SL	p60	Z11111	259	3.0	45.0	12	796.7406789090393	796.937520469793
796.9909620828784	0.5368418779156627	trials	210625SL	p60	Z11111	11	10.0	0.0	4	797.1409620828783	797.377803960794
797.4412456531699	0.49684156075375085	trials	210625SL	p60	Z11111	356	10.0	315.0	12	797.5912456531698	797.7880872139236
801.1037546931476	0.49684156075363717	trials	210625SL	p60	Z11111	217	6.0	270.0	8	801.2537546931476	801.4505962539013
801.5240380255677	0.49684156075363717	trials	210625SL	p60	Z11111	315	14.0	180.0	12	801.6740380255677	801.8708795863214
801.9243211994068	0.536841877915549	trials	210625SL	p60	Z11111	285	14.0	90.0	12	802.0743211994068	802.3111630773224
802.3646046904079	0.49684156075363717	trials	210625SL	p60	Z11111	127	6.0	0.0	8	802.5146046904079	802.7114462511615
802.764887864247	0.5268417986249005	trials	210625SL	p60	Z11111	293	7.0	135.0	12	802.914887864247	803.141729662872
803.2152114348556	0.4968015604364382	trials	210625SL	p60	Z11111	4	3.0	0.0	4	803.3652114348556	803.5620129952921
803.6154546083775	0.49684156075363717	trials	210625SL	p60	Z11111	210	14.0	225.0	8	803.7654546083775	803.9622961691312
804.0457380200882	0.5068816403611436	trials	210625SL	p60	Z11111	1	0.0	0.0	4	804.1957380200881	804.4026196604493
807.4380449176372	0.5068816403612573	trials	210625SL	p60	Z11111	32	1.0	90.0	4	807.5880449176371	807.7949265579985
807.8683683296649	0.49684156075363717	trials	210625SL	p60	Z11111	111	5.0	315.0	4	808.0183683296649	808.2152098904186
808.2986517413755	0.49684156075363717	trials	210625SL	p60	Z11111	306	5.0	180.0	12	808.4486517413754	808.6454933021291
808.6989349152145	0.49684156075375085	trials	210625SL	p60	Z11111	313	12.0	180.0	12	808.8489349152145	809.0457764759683
809.0992180890536	0.5368418779156627	trials	210625SL	p60	Z11111	36	5.0	90.0	4	809.2492180890536	809.4860599669693
809.5495016593452	0.49684156075363717	trials	210625SL	p60	Z11111	309	8.0	180.0	12	809.6995016593452	809.8963432200989
809.9597849124748	0.5268417986250142	trials	210625SL	p60	Z11111	338	7.0	270.0	12	810.1097849124748	810.3366267110998
810.4101084830834	0.49684156075375085	trials	210625SL	p60	Z11111	132	11.0	0.0	8	810.5601084830834	810.7569500438372
813.7723751424439	0.506841640044172	trials	210625SL	p60	Z11111	233	7.0	315.0	8	813.9223751424439	814.1292167824881
814.2026585541545	0.49684156075363717	trials	210625SL	p60	Z11111	51	5.0	135.0	4	814.3526585541545	814.5495001149081
814.6029417279937	0.5268817989422132	trials	210625SL	p60	Z11111	140	4.0	45.0	8	814.7529417279936	814.9798235269359
815.0532652986022	0.49684156075363717	trials	210625SL	p60	Z11111	55	9.0	135.0	4	815.2032652986022	815.4001068593559
815.4935487896033	0.49684156075363717	trials	210625SL	p60	Z11111	178	12.0	135.0	8	815.6435487896033	815.840390350357
815.9238322013138	0.49684156075363717	trials	210625SL	p60	Z11111	58	12.0	135.0	4	816.0738322013137	816.2706737620674
816.3441155337338	0.5268817989423269	trials	210625SL	p60	Z11111	204	8.0	225.0	8	816.4941155337337	816.7209973326761
816.7944391043425	0.49684156075375085	trials	210625SL	p60	Z11111	38	7.0	90.0	4	816.9444391043425	817.1412806650962
820.1167054465411	0.5168417193345931	trials	210625SL	p60	Z11111	279	8.0	90.0	12	820.2667054465411	820.4835471658757
820.5569889375421	0.49684156075363717	trials	210625SL	p60	Z11111	347	1.0	315.0	12	820.7069889375421	820.9038304982957
820.9572721113813	0.536881878232748	trials	210625SL	p60	Z11111	273	2.0	90.0	12	821.1072721113812	821.344153989614
821.3975556023823	0.5268817989422132	trials	210625SL	p60	Z11111	79	3.0	225.0	4	821.5475556023823	821.7744374013246
821.8478791729909	0.49684156075363717	trials	210625SL	p60	Z11111	329	13.0	225.0	12	821.9978791729909	822.1947207337446
822.2481623468301	0.5268417986250142	trials	210625SL	p60	Z11111	351	5.0	315.0	12	822.3981623468301	822.6250041454551
822.6984459171216	0.49684156075363717	trials	210625SL	p60	Z11111	105	14.0	270.0	4	822.8484459171216	823.0452874778753
823.0987290909607	0.5268817989422132	trials	210625SL	p60	Z11111	267	11.0	45.0	12	823.2487290909606	823.4756108899029
826.4309955124497	0.5268817989422132	trials	210625SL	p60	Z11111	301	0.0	180.0	12	826.5809955124497	826.807877311392
826.8813190830584	0.49684156075363717	trials	210625SL	p60	Z11111	297	11.0	135.0	12	827.0313190830584	827.2281606438121
827.2816022568976	0.5268417986249005	trials	210625SL	p60	Z11111	186	5.0	180.0	8	827.4316022568976	827.6584440555225
829.6331809025284	0.5068416400440583	trials	210625SL	p60	Z11111	10	9.0	0.0	4	829.7831809025283	829.9900225425724
830.0534642349484	0.506841640044172	trials	210625SL	p60	Z11111	104	13.0	270.0	4	830.2034642349483	830.4103058749926
830.463747488078	0.5268817989422132	trials	210625SL	p60	Z11111	287	1.0	135.0	12	830.6137474880779	830.8406292870202
830.9140710586867	0.49684156075363717	trials	210625SL	p60	Z11111	14	13.0	0.0	4	831.0640710586866	831.2609126194403
831.3443544703972	0.49684156075363717	trials	210625SL	p60	Z11111	10	9.0	0.0	4	831.4943544703972	831.6911960311509
831.7646378028172	0.49684156075363717	trials	210625SL	p60	Z11111	234	8.0	315.0	8	831.9146378028172	832.1114793635709
832.1649209766564	0.5268417986251279	trials	210625SL	p60	Z11111	329	13.0	225.0	12	832.3149209766564	832.5417627752815
834.4664592255177	0.5168817196517921	trials	210625SL	p60	Z11111	295	9.0	135.0	12	834.6164592255177	834.8333409451695
834.8967826375454	0.5268417986250142	trials	210625SL	p60	Z11111	123	2.0	0.0	8	835.0467826375453	835.2736244361704
835.3370661285463	0.506841640044172	trials	210625SL	p60	Z11111	328	12.0	225.0	12	835.4870661285463	835.6939077685905
835.7773496195474	0.49684156075363717	trials	210625SL	p60	Z11111	208	12.0	225.0	8	835.9273496195474	836.1241911803011
836.1776327933866	0.5268817989422132	trials	210625SL	p60	Z11111	359	13.0	315.0	12	836.3276327933866	836.5545145923288
836.6179162843875	0.5268817989422132	trials	210625SL	p60	Z11111	92	1.0	270.0	4	836.7679162843875	836.9947980833298
837.0682398549961	0.49684156075375085	trials	210625SL	p60	Z11111	36	5.0	90.0	4	837.2182398549961	837.4150814157499
837.4985232667067	0.49684156075363717	trials	210625SL	p60	Z11111	0			0	837.6485232667067	837.8453648274603
840.9709107992139	0.5168417193345931	trials	210625SL	p60	Z11111	138	2.0	45.0	8	841.1209107992139	841.3377525185485
841.4111942902149	0.49684156075363717	trials	210625SL	p60	Z11111	307	6.0	180.0	12	841.5611942902149	841.7580358509686
843.7327726979744	0.5168817196517921	trials	210625SL	p60	Z11111	349	3.0	315.0	12	843.8827726979744	844.0996544176262
844.1730961892926	0.49684156075363717	trials	210625SL	p60	Z11111	50	4.0	135.0	4	844.3230961892925	844.5199377500462
844.5733393628144	0.5268817989423269	trials	210625SL	p60	Z11111	319	3.0	225.0	12	844.7233393628144	844.9502211617568
845.0136628541327	0.49684156075363717	trials	210625SL	p60	Z11111	60	14.0	135.0	4	845.1636628541327	845.3605044148863
845.4139460279717	0.5268417986251279	trials	210625SL	p60	Z11111	27	11.0	45.0	4	845.5639460279717	845.7907878265969
845.8642295982633	0.49684156075363717	trials	210625SL	p60	Z11111	181	0.0	180.0	8	846.0142295982632	846.2110711590169
846.2645127721024	0.5268417986250142	trials	210625SL	p60	Z11111	25	9.0	45.0	4	846.4145127721024	846.6413545707275
846.7147963423939	0.49688156107072246	trials	210625SL	p60	Z11111	224	13.0	270.0	8	846.8647963423939	847.0616779034647
850.0671029227811	0.5268417986250142	trials	210625SL	p60	Z11111	336	5.0	270.0	12	850.2171029227811	850.4439447214062
850.5073864137821	0.5068816403612573	trials	210625SL	p60	Z11111	63	2.0	180.0	4	850.6573864137821	850.8642680541434
850.9477099051003	0.49684156075363717	trials	210625SL	p60	Z11111	213	2.0	270.0	8	851.0977099051003	851.2945514658539
851.3479530786223	0.49684156075363717	trials	210625SL	p60	Z11111	5	4.0	0.0	4	851.4979530786222	851.6947946393759
851.7482362524614	0.5268817989422132	trials	210625SL	p60	Z11111	57	11.0	135.0	4	851.8982362524614	852.1251180514037
852.19855982307	0.49684156075363717	trials	210625SL	p60	Z11111	267	11.0	45.0	12	852.34855982307	852.5454013838237
852.5988429969092	0.5068416400440583	trials	210625SL	p60	Z11111	186	5.0	180.0	8	852.7488429969092	852.9556846369533
853.0391264879102	0.49684156075363717	trials	210625SL	p60	Z11111	59	13.0	135.0	4	853.1891264879101	853.3859680486638
856.3213525126297	0.5068416400440583	trials	210625SL	p60	Z11111	228	2.0	315.0	8	856.4713525126297	856.6781941526738
856.7516359243402	0.5268817989422132	trials	210625SL	p60	Z11111	198	2.0	225.0	8	856.9016359243402	857.1285177232825
857.1819593363679	0.506841640044172	trials	210625SL	p60	Z11111	23	7.0	45.0	4	857.3319593363678	857.5388009764121
857.622242827369	0.49684156075363717	trials	210625SL	p60	Z11111	28	12.0	45.0	4	857.7722428273689	857.9690843881226
858.0225260012081	0.5268417986250142	trials	210625SL	p60	Z11111	265	9.0	45.0	12	858.1725260012081	858.3993677998332
858.4528094129186	0.506841640044172	trials	210625SL	p60	Z11111	148	12.0	45.0	8	858.6028094129185	858.8096510529627
858.8930929039196	0.49684156075363717	trials	210625SL	p60	Z11111	197	1.0	225.0	8	859.0430929039196	859.2399344646733
859.2933760777587	0.49684156075375085	trials	210625SL	p60	Z11111	61	0.0	180.0	4	859.4433760777587	859.6402176385125
862.7157232134964	0.506841640044172	trials	210625SL	p60	Z11111	39	8.0	90.0	4	862.8657232134964	863.0725648535406
863.1560067044975	0.4968415607535235	trials	210625SL	p60	Z11111	219	8.0	270.0	8	863.3060067044975	863.502848265251
863.5562898783365	0.49684156075363717	trials	210625SL	p60	Z11111	280	9.0	90.0	12	863.7062898783365	863.9031314390902
863.9565730521757	0.536841877915549	trials	210625SL	p60	Z11111	89	13.0	225.0	4	864.1065730521757	864.3434149300913
864.4068566224672	0.49684156075363717	trials	210625SL	p60	Z11111	108	2.0	315.0	4	864.5568566224672	864.7536981832209
866.6884347130647	0.506841640044172	trials	210625SL	p60	Z11111	96	5.0	270.0	4	866.8384347130647	867.0452763531089
867.1187181247752	0.49684156075363717	trials	210625SL	p60	Z11111	159	8.0	90.0	8	867.2687181247752	867.4655596855289
867.5190012986144	0.49684156075363717	trials	210625SL	p60	Z11111	341	10.0	270.0	12	867.6690012986144	867.8658428593681
867.9292445514267	0.5268817989423269	trials	210625SL	p60	Z11111	189	8.0	180.0	8	868.0792445514267	868.306126350369
868.3695680427448	0.49684156075375085	trials	210625SL	p60	Z11111	355	9.0	315.0	12	868.5195680427448	868.7164096034986
868.7798512958744	0.5268417986251279	trials	210625SL	p60	Z11111	268	12.0	45.0	12	868.9298512958744	869.1566930944996
869.2301348661659	0.49684156075375085	trials	210625SL	p60	Z11111	324	8.0	225.0	12	869.3801348661659	869.5769764269197
869.6604582781937	0.49684156075363717	trials	210625SL	p60	Z11111	357	11.0	315.0	12	869.8104582781937	870.0072998389473
873.0127248582638	0.5068416400440583	trials	210625SL	p60	Z11111	153	2.0	90.0	8	873.1627248582638	873.3695664983079
873.4430082699743	0.5268817989422132	trials	210625SL	p60	Z11111	1	0.0	0.0	4	873.5930082699742	873.8198900689165
873.893331840583	0.49684156075363717	trials	210625SL	p60	Z11111	4	3.0	0.0	4	874.0433318405829	874.2401734013366
874.293615014422	0.5268417986251279	trials	210625SL	p60	Z11111	33	2.0	90.0	4	874.443615014422	874.6704568130472
874.7438985847135	0.49684156075363717	trials	210625SL	p60	Z11111	115	9.0	315.0	4	874.8938985847135	875.0907401454672
875.1541818378431	0.5268817989422132	trials	210625SL	p60	Z11111	76	0.0	225.0	4	875.3041818378431	875.5310636367853
875.5944653288442	0.5068816403611436	trials	210625SL	p60	Z11111	134	13.0	0.0	8	875.7444653288442	875.9513469692054
876.0347888201624	0.49684156075363717	trials	210625SL	p60	Z11111	327	11.0	225.0	12	876.1847888201623	876.381630380916
879.3370150034629	0.5268817989422132	trials	210625SL	p60	Z11111	114	8.0	315.0	4	879.4870150034628	879.7138968024051
879.777338494781	0.49684156075363717	trials	210625SL	p60	Z11111	45	14.0	90.0	4	879.927338494781	880.1241800555347
880.1876217479106	0.5268417986251279	trials	210625SL	p60	Z11111	41	10.0	90.0	4	880.3376217479106	880.5644635465358
880.6279052389117	0.5068416400440583	trials	210625SL	p60	Z11111	175	9.0	135.0	8	880.7779052389117	880.9847468789558
881.0381884920413	0.5268817989422132	trials	210625SL	p60	Z11111	151	0.0	90.0	8	881.1881884920413	881.4150702909835
881.4885120626499	0.49684156075363717	trials	210625SL	p60	Z11111	334	3.0	270.0	12	881.6385120626499	881.8353536234035
881.8887552361718	0.5268817989422132	trials	210625SL	p60	Z11111	244	3.0	0.0	12	882.0387552361718	882.2656370351141
882.3390788067804	0.49684156075375085	trials	210625SL	p60	Z11111	169	3.0	135.0	8	882.4890788067804	882.6859203675342
885.6913453868505	0.5268817989422132	trials	210625SL	p60	Z11111	230	4.0	315.0	8	885.8413453868504	886.0682271857927
886.1316688781686	0.506841640044172	trials	210625SL	p60	Z11111	278	7.0	90.0	12	886.2816688781686	886.4885105182128
886.5419521312982	0.5268417986251279	trials	210625SL	p60	Z11111	173	7.0	135.0	8	886.6919521312982	886.9187939299234
886.9922357015897	0.49684156075363717	trials	210625SL	p60	Z11111	113	7.0	315.0	4	887.1422357015897	887.3390772623434
887.4225591136175	0.49684156075363717	trials	210625SL	p60	Z11111	112	6.0	315.0	4	887.5725591136174	887.7694006743711
887.8528425253279	0.5068416400442857	trials	210625SL	p60	Z11111	259	3.0	45.0	12	888.0028425253279	888.2096841653722
888.293126016329	0.49684156075363717	trials	210625SL	p60	Z11111	182	1.0	180.0	8	888.443126016329	888.6399675770826
888.6934091901682	0.5268817989422132	trials	210625SL	p60	Z11111	166	0.0	135.0	8	888.8434091901681	889.0702909891104
892.0456757702382	0.5268817989423269	trials	210625SL	p60	Z11111	249	8.0	0.0	12	892.1956757702382	892.4225575691805
892.4959993408469	0.49684156075363717	trials	210625SL	p60	Z11111	256	0.0	45.0	12	892.6459993408469	892.8428409016005
892.8962825146859	0.5268417986250142	trials	210625SL	p60	Z11111	344	13.0	270.0	12	893.0462825146859	893.273124313311
893.3465660849774	0.49684156075375085	trials	210625SL	p60	Z11111	125	4.0	0.0	8	893.4965660849774	893.6934076457312
893.776849496688	0.49688156107083614	trials	210625SL	p60	Z11111	226	0.0	315.0	8	893.926849496688	894.1237310577588
894.1871327498176	0.5268817989422132	trials	210625SL	p60	Z11111	292	6.0	135.0	12	894.3371327498176	894.5640145487598
894.6274562411357	0.536881878232748	trials	210625SL	p60	Z11111	81	5.0	225.0	4	894.7774562411357	895.0143381193685
895.0677397321368	0.49684156075363717	trials	210625SL	p60	Z11111	254	13.0	0.0	12	895.2177397321368	895.4145812928905
898.4500465503953	0.506841640044172	trials	210625SL	p60	Z11111	248	7.0	0.0	12	898.6000465503953	898.8068881904395
898.8603298035249	0.506841640044172	trials	210625SL	p60	Z11111	347	1.0	315.0	12	899.0103298035249	899.2171714435691
901.4921106708749	0.5268817989422132	trials	210625SL	p60	Z11111	345	14.0	270.0	12	901.6421106708749	901.8689924698172
901.9424342414835	0.49684156075375085	trials	210625SL	p60	Z11111	72	11.0	180.0	4	902.0924342414835	902.2892758022373
902.3427174153227	0.49684156075363717	trials	210625SL	p60	Z11111	266	10.0	45.0	12	902.4927174153227	902.6895589760763
902.7429605888447	0.49684156075363717	trials	210625SL	p60	Z11111	130	9.0	0.0	8	902.8929605888446	903.0898021495983
903.1732840008723	0.49684156075375085	trials	210625SL	p60	Z11111	2	1.0	0.0	4	903.3232840008723	903.5201255616261
903.5835272536848	0.5268817989422132	trials	210625SL	p60	Z11111	286	0.0	135.0	12	903.7335272536848	903.960409052627
904.0338508242934	0.5268817989423269	trials	210625SL	p60	Z11111	250	9.0	0.0	12	904.1838508242934	904.4107326232357
904.4841743949021	0.49684156075363717	trials	210625SL	p60	Z11111	165	14.0	90.0	8	904.6341743949021	904.8310159556557
907.8464410542625	0.5268817989422132	trials	210625SL	p60	Z11111	179	13.0	135.0	8	907.9964410542625	908.2233228532048
908.2967646248713	0.4968415607535235	trials	210625SL	p60	Z11111	235	9.0	315.0	8	908.4467646248713	908.6436061856249
908.6970477987103	0.5268417986251279	trials	210625SL	p60	Z11111	218	7.0	270.0	8	908.8470477987103	909.0738895973354
909.1473313690018	0.49684156075363717	trials	210625SL	p60	Z11111	58	12.0	135.0	4	909.2973313690018	909.4941729297555
909.5576146221314	0.5268817989422132	trials	210625SL	p60	Z11111	14	13.0	0.0	4	909.7076146221314	909.9344964210736
909.9978981131325	0.5068816403612573	trials	210625SL	p60	Z11111	223	12.0	270.0	8	910.1478981131324	910.3547797534937
910.408181366262	0.5268817989422132	trials	210625SL	p60	Z11111	335	4.0	270.0	12	910.558181366262	910.7850631652043
910.8385047782898	0.49684156075363717	trials	210625SL	p60	Z11111	233	7.0	315.0	8	910.9885047782898	911.1853463390435
914.2608119137103	0.5168817196516784	trials	210625SL	p60	Z11111	296	10.0	135.0	12	914.4108119137103	914.627693633362
914.7011354050285	0.49684156075363717	trials	210625SL	p60	Z11111	313	12.0	180.0	12	914.8511354050285	915.0479769657821
915.1013785785505	0.5268817989422132	trials	210625SL	p60	Z11111	40	9.0	90.0	4	915.2513785785504	915.4782603774927
915.551702149159	0.49684156075363717	trials	210625SL	p60	Z11111	311	10.0	180.0	12	915.701702149159	915.8985437099127
915.9619854022886	0.5268417986251279	trials	210625SL	p60	Z11111	201	5.0	225.0	8	916.1119854022886	916.3388272009138
916.4022688932897	0.5068816403612573	trials	210625SL	p60	Z11111	192	11.0	180.0	8	916.5522688932897	916.759150533651
916.8125521464193	0.49684156075363717	trials	210625SL	p60	Z11111	120	14.0	315.0	4	916.9625521464193	917.159393707173
917.2428355581297	0.49684156075363717	trials	210625SL	p60	Z11111	200	4.0	225.0	8	917.3928355581297	917.5896771188834
920.6751827731579	0.5168817196517921	trials	210625SL	p60	Z11111	103	12.0	270.0	4	920.8251827731578	921.0420644928097
921.095466105578	0.5268817989422132	trials	210625SL	p60	Z11111	247	6.0	0.0	12	921.245466105578	921.4723479045202
924.6778945105976	0.5068816403612573	trials	210625SL	p60	Z11111	0			0	924.8278945105976	925.0347761509589
925.1082179226254	0.49684156075363717	trials	210625SL	p60	Z11111	204	8.0	225.0	8	925.2582179226254	925.455059483379
925.5085010964644	0.5268417986250142	trials	210625SL	p60	Z11111	350	4.0	315.0	12	925.6585010964644	925.8853428950895
925.958784666756	0.49684156075363717	trials	210625SL	p60	Z11111	305	4.0	180.0	12	926.1087846667559	926.3056262275096
926.359067840595	0.49684156075363717	trials	210625SL	p60	Z11111	83	7.0	225.0	4	926.509067840595	926.7059094013487
926.7893512523057	0.5068416400440583	trials	210625SL	p60	Z11111	337	6.0	270.0	12	926.9393512523056	927.1461928923497
927.1996345054353	0.5268817989422132	trials	210625SL	p60	Z11111	32	1.0	90.0	4	927.3496345054352	927.5765163043775
929.9915366423842	0.5268417986251279	trials	210625SL	p60	Z11111	117	11.0	315.0	4	930.1415366423842	930.3683784410093
930.4418602129928	0.49684156075363717	trials	210625SL	p60	Z11111	144	8.0	45.0	8	930.5918602129927	930.7887017737464
930.8721436247034	0.49684156075363717	trials	210625SL	p60	Z11111	320	4.0	225.0	12	931.0221436247034	931.2189851854571
931.2724267985425	0.506841640044172	trials	210625SL	p60	Z11111	309	8.0	180.0	12	931.4224267985425	931.6292684385867
931.7127102895435	0.49684156075363717	trials	210625SL	p60	Z11111	105	14.0	270.0	4	931.8627102895434	932.0595518502971
932.1129934633826	0.49684156075363717	trials	210625SL	p60	Z11111	316	0.0	225.0	12	932.2629934633826	932.4598350241363
932.5432768750932	0.49684156075363717	trials	210625SL	p60	Z11111	310	9.0	180.0	12	932.6932768750931	932.8901184358468
932.9535601282228	0.5268417986250142	trials	210625SL	p60	Z11111	86	10.0	225.0	4	933.1035601282227	933.3304019268478
936.9662719449528	0.5268817989422132	trials	210625SL	p60	Z11111	7	6.0	0.0	4	937.1162719449528	937.3431537438951
937.3965953569806	0.49684156075363717	trials	210625SL	p60	Z11111	274	3.0	90.0	12	937.5465953569806	937.7434369177342
937.7968385305026	0.5268817989423269	trials	210625SL	p60	Z11111	348	2.0	315.0	12	937.9468385305025	938.1737203294449
938.2471621011113	0.49684156075363717	trials	210625SL	p60	Z11111	176	10.0	135.0	8	938.3971621011112	938.5940036618649
938.6574453542408	0.5268417986250142	trials	210625SL	p60	Z11111	15	14.0	0.0	4	938.8074453542408	939.0342871528659
939.0977288452418	0.506841640044172	trials	210625SL	p60	Z11111	102	11.0	270.0	4	939.2477288452418	939.454570485286
939.5080120983713	0.49684156075375085	trials	210625SL	p60	Z11111	187	6.0	180.0	8	939.6580120983713	939.8548536591251
939.938295510082	0.49684156075363717	trials	210625SL	p60	Z11111	85	9.0	225.0	4	940.0882955100819	940.2851370708356
943.2605618522806	0.5068416400440583	trials	210625SL	p60	Z11111	3	2.0	0.0	4	943.4105618522806	943.6174034923247
943.6808451847006	0.506881640361371	trials	210625SL	p60	Z11111	252	11.0	0.0	12	943.8308451847006	944.037726825062
944.1211686760188	0.49684156075363717	trials	210625SL	p60	Z11111	146	10.0	45.0	8	944.2711686760188	944.4680102367724
944.5214118495408	0.49688156107083614	trials	210625SL	p60	Z11111	318	2.0	225.0	12	944.6714118495407	944.8682934106116
944.9517352615684	0.5068416400442857	trials	210625SL	p60	Z11111	283	12.0	90.0	12	945.1017352615684	945.3085769016127
945.362018514698	0.5268417986251279	trials	210625SL	p60	Z11111	358	12.0	315.0	12	945.512018514698	945.7388603133231
945.8123020849895	0.49684156075363717	trials	210625SL	p60	Z11111	308	7.0	180.0	12	945.9623020849895	946.1591436457431
946.2425854967001	0.49684156075363717	trials	210625SL	p60	Z11111	239	13.0	315.0	8	946.3925854967001	946.5894270574538
949.5648518388987	0.5168817196517921	trials	210625SL	p60	Z11111	43	12.0	90.0	4	949.7148518388987	949.9317335585505
950.005175330217	0.4968415607535235	trials	210625SL	p60	Z11111	162	11.0	90.0	8	950.1551753302169	950.3520168909705
950.4154585833465	0.5268417986250142	trials	210625SL	p60	Z11111	322	6.0	225.0	12	950.5654585833465	950.7923003819716
950.8557420743474	0.506841640044172	trials	210625SL	p60	Z11111	207	11.0	225.0	8	951.0057420743474	951.2125837143916
951.2960255653485	0.49688156107083614	trials	210625SL	p60	Z11111	185	4.0	180.0	8	951.4460255653485	951.6429071264193
951.6963087391877	0.5268817989422132	trials	210625SL	p60	Z11111	225	14.0	270.0	8	951.8463087391876	952.0731905381299
952.1466323097962	0.536881878232748	trials	210625SL	p60	Z11111	80	4.0	225.0	4	952.2966323097962	952.533514188029
952.5969158800877	0.536881878232748	trials	210625SL	p60	Z11111	202	6.0	225.0	8	952.7469158800877	952.9837977583205
956.0993036504664	0.506881640361371	trials	210625SL	p60	Z11111	52	6.0	135.0	4	956.2493036504663	956.4561852908278
956.5195869828864	0.49684156075363717	trials	210625SL	p60	Z11111	331	0.0	270.0	12	956.6695869828864	956.86642854364
956.9499103949141	0.49684156075363717	trials	210625SL	p60	Z11111	317	1.0	225.0	12	957.0999103949141	957.2967519556678
957.3501535684362	0.5268817989422132	trials	210625SL	p60	Z11111	154	3.0	90.0	8	957.5001535684362	957.7270353673784
957.8004771390448	0.49684156075363717	trials	210625SL	p60	Z11111	126	5.0	0.0	8	957.9504771390448	958.1473186997985
958.2407606300458	0.49684156075363717	trials	210625SL	p60	Z11111	82	6.0	225.0	4	958.3907606300457	958.5876021907994
958.6410438038848	0.5268817989422132	trials	210625SL	p60	Z11111	90	14.0	225.0	4	958.7910438038848	959.0179256028271
959.0913673744936	0.49684156075363717	trials	210625SL	p60	Z11111	272	1.0	90.0	12	959.2413673744936	959.4382089352473
962.4536340338541	0.5268817989422132	trials	210625SL	p60	Z11111	303	2.0	180.0	12	962.6036340338541	962.8305158327963
962.9039576044627	0.49684156075375085	trials	210625SL	p60	Z11111	94	3.0	270.0	4	963.0539576044627	963.2507991652164
963.3042407783018	0.49684156075363717	trials	210625SL	p60	Z11111	171	5.0	135.0	8	963.4542407783018	963.6510823390555
963.7044839518238	0.5268817989422132	trials	210625SL	p60	Z11111	65	4.0	180.0	4	963.8544839518238	964.081365750766
964.1548075224324	0.49684156075363717	trials	210625SL	p60	Z11111	145	9.0	45.0	8	964.3048075224324	964.5016490831861
964.5950910134335	0.49684156075363717	trials	210625SL	p60	Z11111	237	11.0	315.0	8	964.7450910134335	964.9419325741871
964.9953741872725	0.49684156075375085	trials	210625SL	p60	Z11111	332	1.0	270.0	12	965.1453741872725	965.3422157480263
965.4256575989831	0.49684156075363717	trials	210625SL	p60	Z11111	132	11.0	0.0	8	965.5756575989831	965.7724991597368
968.7779641793703	0.5068416400440583	trials	210625SL	p60	Z11111	343	12.0	270.0	12	968.9279641793703	969.1348058194144
969.1882474324999	0.5068416400440583	trials	210625SL	p60	Z11111	34	3.0	90.0	4	969.3382474324999	969.545089072544
969.628530923501	0.49684156075363717	trials	210625SL	p60	Z11111	0			0	969.778530923501	969.9753724842546
970.0288140973399	0.5268417986251279	trials	210625SL	p60	Z11111	157	6.0	90.0	8	970.1788140973399	970.4056558959651
970.4790976676314	0.49684156075375085	trials	210625SL	p60	Z11111	9	8.0	0.0	4	970.6290976676314	970.8259392283852
970.8793808414706	0.5268817989422132	trials	210625SL	p60	Z11111	122	1.0	0.0	8	971.0293808414706	971.2562626404128
971.3096642531812	0.5068816403612573	trials	210625SL	p60	Z11111	140	4.0	45.0	8	971.4596642531811	971.6665458935424
971.7499877444994	0.49684156075363717	trials	210625SL	p60	Z11111	111	5.0	315.0	4	971.8999877444994	972.0968293052531
975.1022543245693	0.5168817196517921	trials	210625SL	p60	Z11111	29	13.0	45.0	4	975.2522543245693	975.4691360442212
975.5425778158875	0.506841640044172	trials	210625SL	p60	Z11111	106	0.0	315.0	4	975.6925778158875	975.8994194559317
975.9828613068886	0.49684156075363717	trials	210625SL	p60	Z11111	136	0.0	45.0	8	976.1328613068886	976.3297028676423
976.3831444807278	0.5268417986251279	trials	210625SL	p60	Z11111	190	9.0	180.0	8	976.5331444807277	976.7599862793529
976.8334280510193	0.49684156075363717	trials	210625SL	p60	Z11111	47	1.0	135.0	4	976.9834280510192	977.1802696117729
977.2337112248583	0.536881878232748	trials	210625SL	p60	Z11111	260	4.0	45.0	12	977.3837112248583	977.6205931030911
977.6739947158593	0.5268817989422132	trials	210625SL	p60	Z11111	209	13.0	225.0	8	977.8239947158593	978.0508765148015
978.124318286468	0.49684156075363717	trials	210625SL	p60	Z11111	269	13.0	45.0	12	978.274318286468	978.4711598472217
981.5066251047266	0.5268417986251279	trials	210625SL	p60	Z11111	298	12.0	135.0	12	981.6566251047266	981.8834669033517
983.7781631157164	0.5268817989422132	trials	210625SL	p60	Z11111	118	12.0	315.0	4	983.9281631157164	984.1550449146587
984.2284866863251	0.49684156075363717	trials	210625SL	p60	Z11111	13	12.0	0.0	4	984.3784866863251	984.5753282470788
984.6287698601642	0.5268417986251279	trials	210625SL	p60	Z11111	141	5.0	45.0	8	984.7787698601642	985.0056116587893
985.0790534304557	0.49684156075363717	trials	210625SL	p60	Z11111	100	9.0	270.0	4	985.2290534304557	985.4258949912094
985.4793366042949	0.5268417986251279	trials	210625SL	p60	Z11111	188	7.0	180.0	8	985.6293366042948	985.85617840292
985.919620095296	0.49684156075363717	trials	210625SL	p60	Z11111	64	3.0	180.0	4	986.0696200952959	986.2664616560496
986.319903269135	0.49684156075363717	trials	210625SL	p60	Z11111	139	3.0	45.0	8	986.469903269135	986.6667448298887
986.7201864429741	0.5268417986251279	trials	210625SL	p60	Z11111	242	1.0	0.0	12	986.870186442974	987.0970282415992
990.0424127848555	0.49688156107083614	trials	210625SL	p60	Z11111	124	3.0	0.0	8	990.1924127848555	990.3892943459264
990.4627361175927	0.49684156075363717	trials	210625SL	p60	Z11111	229	3.0	315.0	8	990.6127361175927	990.8095776783464
990.8629792911147	0.5068816403612573	trials	210625SL	p60	Z11111	356	10.0	315.0	12	991.0129792911147	991.219860931476
991.303302782433	0.49684156075363717	trials	210625SL	p60	Z11111	275	4.0	90.0	12	991.453302782433	991.6501443431866
991.703585956272	0.49684156075363717	trials	210625SL	p60	Z11111	18	2.0	45.0	4	991.853585956272	992.0504275170257
992.1338693679826	0.49684156075363717	trials	210625SL	p60	Z11111	31	0.0	90.0	4	992.2838693679826	992.4807109287362
992.5441526211122	0.5268417986251279	trials	210625SL	p60	Z11111	277	6.0	90.0	12	992.6941526211122	992.9209944197373
992.9944361914037	0.49684156075363717	trials	210625SL	p60	Z11111	129	8.0	0.0	8	993.1444361914037	993.3412777521573
996.3867430889528	0.5268817989422132	trials	210625SL	p60	Z11111	231	5.0	315.0	8	996.5367430889528	996.763624887895
996.8170665009804	0.506841640044172	trials	210625SL	p60	Z11111	16	0.0	45.0	4	996.9670665009804	997.1739081410246
997.2573499919814	0.49684156075363717	trials	210625SL	p60	Z11111	262	6.0	45.0	12	997.4073499919814	997.6041915527351
997.6576331658206	0.49684156075363717	trials	210625SL	p60	Z11111	194	13.0	180.0	8	997.8076331658206	998.0044747265742
1000.4194950645809	0.5268817989423269	trials	210625SL	p60	Z11111	0			0	1000.5694950645809	1000.7963768635233
1000.8698186351897	0.49684156075363717	trials	210625SL	p60	Z11111	137	1.0	45.0	8	1001.0198186351897	1001.2166601959434
1001.3001020469002	0.49684156075363717	trials	210625SL	p60	Z11111	172	6.0	135.0	8	1001.4501020469002	1001.6469436076538
1001.7103853000298	0.5268417986251279	trials	210625SL	p60	Z11111	93	2.0	270.0	4	1001.8603853000297	1002.0872270986549
1002.1506687910309	0.5068816403612573	trials	210625SL	p60	Z11111	8	7.0	0.0	4	1002.3006687910308	1002.5075504313921
1002.590992282349	0.49684156075363717	trials	210625SL	p60	Z11111	352	6.0	315.0	12	1002.740992282349	1002.9378338431027
1005.1527325943484	0.5268417986250142	trials	210625SL	p60	Z11111	306	5.0	180.0	12	1005.3027325943484	1005.5295743929735
1005.6030561649571	0.4968015604364382	trials	210625SL	p60	Z11111	87	11.0	225.0	4	1005.7530561649571	1005.9498577253936
1006.0333395766676	0.49684156075375085	trials	210625SL	p60	Z11111	48	2.0	135.0	4	1006.1833395766675	1006.3801811374213
1006.4436228297972	0.5268417986251279	trials	210625SL	p60	Z11111	220	9.0	270.0	8	1006.5936228297971	1006.8204646284223
1006.8839063207982	0.506841640044172	trials	210625SL	p60	Z11111	91	0.0	270.0	4	1007.0339063207982	1007.2407479608424
1007.2941895739278	0.5268417986250142	trials	210625SL	p60	Z11111	17	1.0	45.0	4	1007.4441895739278	1007.6710313725529
1007.7444731442192	0.49688156107094983	trials	210625SL	p60	Z11111	11	10.0	0.0	4	1007.8944731442192	1008.0913547052902
1008.174796556247	0.49684156075363717	trials	210625SL	p60	Z11111	346	0.0	315.0	12	1008.324796556247	1008.5216381170006
1011.4970628984456	0.5168417193345931	trials	210625SL	p60	Z11111	51	5.0	135.0	4	1011.6470628984456	1011.8639046177802
1011.9373463894466	0.49684156075363717	trials	210625SL	p60	Z11111	214	3.0	270.0	8	1012.0873463894466	1012.2841879502002
1012.3576297218667	0.49684156075363717	trials	210625SL	p60	Z11111	164	13.0	90.0	8	1012.5076297218667	1012.7044712826204
1012.7579128957058	0.5268417986251279	trials	210625SL	p60	Z11111	158	7.0	90.0	8	1012.9079128957057	1013.1347546943309
1013.2081964659973	0.49684156075363717	trials	210625SL	p60	Z11111	353	7.0	315.0	12	1013.3581964659973	1013.5550380267509
1013.6084796398364	0.506841640044172	trials	210625SL	p60	Z11111	245	4.0	0.0	12	1013.7584796398364	1013.9653212798806
1014.0488031311546	0.5268417986251279	trials	210625SL	p60	Z11111	119	13.0	315.0	4	1014.1988031311546	1014.4256449297798
1014.4990867014461	0.49684156075363717	trials	210625SL	p60	Z11111	270	14.0	45.0	12	1014.6490867014461	1014.8459282621998
1020.5932550220128	0.5068416400440583	trials	210625SL	p60	Z11111	46	0.0	135.0	4	1020.7432550220128	1020.9500966620569
1021.0035382751423	0.49684156075375085	trials	210625SL	p60	Z11111	315	14.0	180.0	12	1021.1535382751423	1021.3503798358961
1021.4338216868529	0.506841640044172	trials	210625SL	p60	Z11111	133	12.0	0.0	8	1021.5838216868528	1021.7906633268971
1021.874105177854	0.49684156075363717	trials	210625SL	p60	Z11111	273	2.0	90.0	12	1022.0241051778539	1022.2209467386076
1022.3044285898816	0.49684156075375085	trials	210625SL	p60	Z11111	196	0.0	225.0	8	1022.4544285898816	1022.6512701506354
1022.7247119223017	0.49684156075363717	trials	210625SL	p60	Z11111	199	3.0	225.0	8	1022.8747119223017	1023.0715534830554
1023.1249550958236	0.506881640361371	trials	210625SL	p60	Z11111	177	11.0	135.0	8	1023.2749550958235	1023.481836736185
1023.5652785871418	0.49684156075363717	trials	210625SL	p60	Z11111	304	3.0	180.0	12	1023.7152785871418	1023.9121201478955
1028.3885568308406	0.5168417193349342	trials	210625SL	p60	Z11111	174	8.0	135.0	8	1028.5385568308407	1028.7553985501754
1028.8288403218417	0.49684156075386454	trials	210625SL	p60	Z11111	147	11.0	45.0	8	1028.9788403218417	1029.1756818825954
1029.239123574971	0.526881798942668	trials	210625SL	p60	Z11111	240	14.0	315.0	8	1029.389123574971	1029.6160053739136
1029.6794470662894	0.5068416400442857	trials	210625SL	p60	Z11111	191	10.0	180.0	8	1029.8294470662895	1030.0362887063336
1030.1197305572905	0.49684156075363717	trials	210625SL	p60	Z11111	354	8.0	315.0	12	1030.2697305572906	1030.466572118044
1030.5200137311294	0.5268417986253553	trials	210625SL	p60	Z11111	22	6.0	45.0	4	1030.6700137311295	1030.8968555297547
1033.1717947570605	0.5168817196517921	trials	210625SL	p60	Z11111	282	11.0	90.0	12	1033.3217947570606	1033.5386764767122
1033.6121182483785	0.506841640044513	trials	210625SL	p60	Z11111	238	12.0	315.0	8	1033.7621182483786	1033.968959888423
1035.893656338659	0.5268817989424406	trials	210625SL	p60	Z11111	236	10.0	315.0	8	1036.043656338659	1036.2705381376013
1036.3439799092675	0.49684156075386454	trials	210625SL	p60	Z11111	222	11.0	270.0	8	1036.4939799092676	1036.6908214700213
1036.7442630831067	0.49684156075386454	trials	210625SL	p60	Z11111	69	8.0	180.0	4	1036.8942630831068	1037.0911046438605
1037.1745464948172	0.4968415607540919	trials	210625SL	p60	Z11111	142	6.0	45.0	8	1037.3245464948172	1037.5213880555712
1037.5748296686563	0.5068416400442857	trials	210625SL	p60	Z11111	360	14.0	315.0	12	1037.7248296686564	1037.9316713087005
1038.0151131596574	0.49684156075386454	trials	210625SL	p60	Z11111	152	1.0	90.0	8	1038.1651131596575	1038.3619547204112
1038.4153963334966	0.49684156075363717	trials	210625SL	p60	Z11111	42	11.0	90.0	4	1038.5653963334967	1038.7622378942501
1038.8156395070182	0.526881798942668	trials	210625SL	p60	Z11111	38	7.0	90.0	4	1038.9656395070183	1039.1925213059608
1042.2980271188162	0.5268817989422132	trials	210625SL	p60	Z11111	150	14.0	45.0	8	1042.4480271188163	1042.6749089177583
1042.7283105305266	0.49684156075386454	trials	210625SL	p60	Z11111	163	12.0	90.0	8	1042.8783105305267	1043.0751520912804
1043.1686340218448	0.49684156075386454	trials	210625SL	p60	Z11111	26	10.0	45.0	4	1043.318634021845	1043.5154755825986
1043.568877195367	0.5268817989422132	trials	210625SL	p60	Z11111	255	14.0	0.0	12	1043.718877195367	1043.945758994309
1074.8802054624061	0.5268817989422132	trials	210625SL	p60	Z11111	12	11.0	0.0	4	1075.0302054624062	1075.2570872613483
1075.3305290330147	0.49684156075386454	trials	210625SL	p60	Z11111	293	7.0	135.0	12	1075.4805290330148	1075.6773705937685
1075.730812206854	0.5268417986253553	trials	210625SL	p60	Z11111	66	5.0	180.0	4	1075.880812206854	1076.1076540054792
1076.1810957771454	0.49684156075363717	trials	210625SL	p60	Z11111	75	14.0	180.0	4	1076.3310957771455	1076.527937337899
1076.5813789509843	0.5268417986253553	trials	210625SL	p60	Z11111	110	4.0	315.0	4	1076.7313789509844	1076.9582207496096
1078.9429976762228	0.5268417986251279	trials	210625SL	p60	Z11111	290	4.0	135.0	12	1079.092997676223	1079.3198394748479
1079.3932812465143	0.49684156075386454	trials	210625SL	p60	Z11111	71	10.0	180.0	4	1079.5432812465144	1079.740122807268
1079.7935644203535	0.5268817989424406	trials	210625SL	p60	Z11111	216	5.0	270.0	8	1079.9435644203536	1080.1704462192959
1080.243887990962	0.49684156075386454	trials	210625SL	p60	Z11111	276	5.0	90.0	12	1080.3938879909622	1080.5907295517159
1080.664171323382	0.4968415607540919	trials	210625SL	p60	Z11111	53	7.0	135.0	4	1080.8141713233822	1081.011012884136
1081.0944547350928	0.49684156075363717	trials	210625SL	p60	Z11111	321	5.0	225.0	12	1081.2444547350929	1081.4412962958463
1081.4947379089317	0.506841640044513	trials	210625SL	p60	Z11111	314	13.0	180.0	12	1081.6447379089318	1081.8515795489761
1081.9049811617442	0.526881798942668	trials	210625SL	p60	Z11111	24	8.0	45.0	4	1082.0549811617443	1082.2818629606868
1085.2472876628408	0.5268417986253553	trials	210625SL	p60	Z11111	37	6.0	90.0	4	1085.3972876628409	1085.624129461466
1085.6775710745515	0.49684156075386454	trials	210625SL	p60	Z11111	156	5.0	90.0	8	1085.8275710745515	1086.0244126353052
1086.1178545655525	0.49684156075386454	trials	210625SL	p60	Z11111	55	9.0	135.0	4	1086.2678545655526	1086.4646961263063
1086.5181377393915	0.4968415607540919	trials	210625SL	p60	Z11111	281	10.0	90.0	12	1086.6681377393916	1086.8649793001455
1086.9184209132309	0.5268417986251279	trials	210625SL	p60	Z11111	161	10.0	90.0	8	1087.068420913231	1087.295262711856
1087.3687044835222	0.4968815610711772	trials	210625SL	p60	Z11111	79	3.0	225.0	4	1087.5187044835222	1087.7155860445932
1087.7689876573613	0.5268817989424406	trials	210625SL	p60	Z11111	135	14.0	0.0	8	1087.9189876573614	1088.1458694563037
1088.21931122797	0.49684156075386454	trials	210625SL	p60	Z11111	54	8.0	135.0	4	1088.36931122797	1088.5661527887237
1091.551577649459	0.5268417986253553	trials	210625SL	p60	Z11111	149	13.0	45.0	8	1091.701577649459	1091.9284194480842
1091.9818610611696	0.506841640044513	trials	210625SL	p60	Z11111	338	7.0	270.0	12	1092.1318610611697	1092.338702701214
1092.4221845524878	0.49684156075386454	trials	210625SL	p60	Z11111	67	6.0	180.0	4	1092.572184552488	1092.7690261132416
1092.8524679641982	0.4968415607540919	trials	210625SL	p60	Z11111	195	14.0	180.0	8	1093.0024679641983	1093.1993095249522
1093.2527511380374	0.5368418779160038	trials	210625SL	p60	Z11111	351	5.0	315.0	12	1093.4027511380375	1093.6395930159533
1093.703034708329	0.506841640044513	trials	210625SL	p60	Z11111	44	13.0	90.0	4	1093.853034708329	1094.0598763483733
1094.1133179614585	0.526881798942668	trials	210625SL	p60	Z11111	99	8.0	270.0	4	1094.2633179614586	1094.490199760401
1094.56360153175	0.49688156107094983	trials	210625SL	p60	Z11111	253	12.0	0.0	12	1094.71360153175	1094.9104830928209
1097.9159081121372	0.5168417193347068	trials	210625SL	p60	Z11111	251	10.0	0.0	12	1098.0659081121373	1098.2827498314718
1098.3461915238477	0.526881798942668	trials	210625SL	p60	Z11111	301	0.0	180.0	12	1098.4961915238478	1098.7230733227902
1100.8679315186855	0.5268417986251279	trials	210625SL	p60	Z11111	70	9.0	180.0	4	1101.0179315186856	1101.2447733173105
1101.3082150096864	0.5068416400442857	trials	210625SL	p60	Z11111	284	13.0	90.0	12	1101.4582150096865	1101.6650566497306
1101.718498262816	0.49684156075386454	trials	210625SL	p60	Z11111	62	1.0	180.0	4	1101.868498262816	1102.0653398235697
1102.1487816745266	0.5068416400440583	trials	210625SL	p60	Z11111	180	14.0	135.0	8	1102.2987816745267	1102.5056233145706
1102.5891051658446	0.4968415607540919	trials	210625SL	p60	Z11111	294	8.0	135.0	12	1102.7391051658446	1102.9359467265986
1102.9893483393666	0.5268817989424406	trials	210625SL	p60	Z11111	221	10.0	270.0	8	1103.1393483393667	1103.366230138309
1103.4196717513942	0.506841640044513	trials	210625SL	p60	Z11111	206	10.0	225.0	8	1103.5696717513943	1103.7765133914386
1103.829955004524	0.5268417986253553	trials	210625SL	p60	Z11111	49	3.0	135.0	4	1103.979955004524	1104.2067968031492
1107.182221584594	0.5068416400442857	trials	210625SL	p60	Z11111	323	7.0	225.0	12	1107.332221584594	1107.539063224638
1107.5925048377235	0.5268417986253553	trials	210625SL	p60	Z11111	97	6.0	270.0	4	1107.7425048377236	1107.9693466363487
1108.0227882494341	0.49684156075386454	trials	210625SL	p60	Z11111	299	13.0	135.0	12	1108.1727882494342	1108.369629810188
1108.4530716611446	0.5068816403615983	trials	210625SL	p60	Z11111	312	11.0	180.0	12	1108.6030716611447	1108.809953301506
1108.8933951524627	0.49684156075386454	trials	210625SL	p60	Z11111	215	4.0	270.0	8	1109.0433951524628	1109.2402367132165
1109.2936383259848	0.5268817989424406	trials	210625SL	p60	Z11111	155	4.0	90.0	8	1109.443638325985	1109.6705201249272
1109.7439618965934	0.49684156075386454	trials	210625SL	p60	Z11111	77	1.0	225.0	4	1109.8939618965935	1110.0908034573472
1112.0755403836433	0.5268817989424406	trials	210625SL	p60	Z11111	203	7.0	225.0	8	1112.2255403836434	1112.4524221825857
1112.525863954252	0.49684156075386454	trials	210625SL	p60	Z11111	263	7.0	45.0	12	1112.675863954252	1112.8727055150057
1112.926147128091	0.49684156075386454	trials	210625SL	p60	Z11111	127	6.0	0.0	8	1113.0761471280912	1113.2729886888449
1113.326390301613	0.5268817989424406	trials	210625SL	p60	Z11111	160	9.0	90.0	8	1113.476390301613	1113.7032721005553
1113.7767138722215	0.4968415607540919	trials	210625SL	p60	Z11111	128	7.0	0.0	8	1113.9267138722216	1114.1235554329755
1114.1769970460607	0.5268417986253553	trials	210625SL	p60	Z11111	258	2.0	45.0	12	1114.3269970460608	1114.553838844686
1114.6272806163522	0.49684156075386454	trials	210625SL	p60	Z11111	184	3.0	180.0	8	1114.7772806163523	1114.974122177106
1115.0275637901914	0.49684156075386454	trials	210625SL	p60	Z11111	285	14.0	90.0	12	1115.1775637901915	1115.3744053509452
1117.3091018804716	0.526881798942668	trials	210625SL	p60	Z11111	168	2.0	135.0	8	1117.4591018804717	1117.6859836794142
1117.7394252924994	0.49684156075386454	trials	210625SL	p60	Z11111	289	3.0	135.0	12	1117.8894252924995	1118.0862668532532
1118.149708545629	0.5268417986253553	trials	210625SL	p60	Z11111	143	7.0	45.0	8	1118.299708545629	1118.5265503442542
1118.5799919573396	0.49684156075386454	trials	210625SL	p60	Z11111	279	8.0	90.0	12	1118.7299919573397	1118.9268335180934
1119.01027536905	0.49684156075386454	trials	210625SL	p60	Z11111	109	3.0	315.0	4	1119.1602753690502	1119.3571169298039
1119.43055870147	0.4968415607540919	trials	210625SL	p60	Z11111	73	12.0	180.0	4	1119.5805587014702	1119.777400262224
1119.8308418753093	0.49684156075386454	trials	210625SL	p60	Z11111	211	0.0	270.0	8	1119.9808418753094	1120.177683436063
1120.2310850488311	0.5368818782330891	trials	210625SL	p60	Z11111	131	10.0	0.0	8	1120.3810850488312	1120.6179669270641
1123.6634322638592	0.526881798942668	trials	210625SL	p60	Z11111	288	2.0	135.0	12	1123.8134322638593	1124.0403140628018
1124.113755834468	0.49684156075386454	trials	210625SL	p60	Z11111	333	2.0	270.0	12	1124.2637558344682	1124.4605973952218
1124.514039008307	0.5268417986253553	trials	210625SL	p60	Z11111	217	6.0	270.0	8	1124.664039008307	1124.8908808069323
1124.9643225785985	0.4968415607540919	trials	210625SL	p60	Z11111	193	12.0	180.0	8	1125.1143225785986	1125.3111641393525
1125.364605752438	0.5068416400440583	trials	210625SL	p60	Z11111	257	1.0	45.0	12	1125.514605752438	1125.7214473924819
1125.8048892434388	0.49684156075386454	trials	210625SL	p60	Z11111	246	5.0	0.0	12	1125.9548892434389	1126.1517308041925
1126.205172417278	0.5268817989424406	trials	210625SL	p60	Z11111	227	1.0	315.0	8	1126.355172417278	1126.5820542162203
1126.6554959878868	0.49684156075363717	trials	210625SL	p60	Z11111	74	13.0	180.0	4	1126.8054959878868	1127.0023375486403
1130.0277627265375	0.5168817196520195	trials	210625SL	p60	Z11111	339	8.0	270.0	12	1130.1777627265376	1130.3946444461894
1130.4580861385652	0.5268417986253553	trials	210625SL	p60	Z11111	88	12.0	225.0	4	1130.6080861385653	1130.8349279371905
1130.888369550276	0.49684156075363717	trials	210625SL	p60	Z11111	21	5.0	45.0	4	1131.038369550276	1131.2352111110295
1131.3186529619863	0.5068416400442857	trials	210625SL	p60	Z11111	35	4.0	90.0	4	1131.4686529619864	1131.6754946020305
1131.7589364529872	0.526881798942668	trials	210625SL	p60	Z11111	6	5.0	0.0	4	1131.9089364529873	1132.1358182519298
1132.209260023596	0.49684156075386454	trials	210625SL	p60	Z11111	107	1.0	315.0	4	1132.359260023596	1132.5561015843498
1132.609543197435	0.5268417986253553	trials	210625SL	p60	Z11111	300	14.0	135.0	12	1132.759543197435	1132.9863849960602
1133.0398266091456	0.506841640044513	trials	210625SL	p60	Z11111	330	14.0	225.0	12	1133.1898266091457	1133.39666824919
1136.3920931892158	0.5268817989424406	trials	210625SL	p60	Z11111	205	9.0	225.0	8	1136.5420931892158	1136.768974988158
1136.8224166012433	0.4968415607540919	trials	210625SL	p60	Z11111	243	2.0	0.0	12	1136.9724166012434	1137.1692581619973
1137.252700012954	0.506841640044513	trials	210625SL	p60	Z11111	95	4.0	270.0	4	1137.402700012954	1137.6095416529984
1137.692983503955	0.49684156075386454	trials	210625SL	p60	Z11111	30	14.0	45.0	4	1137.842983503955	1138.0398250647088
1138.093266677794	0.526881798942668	trials	210625SL	p60	Z11111	98	7.0	270.0	4	1138.243266677794	1138.4701484767365
1138.5435902484028	0.49684156075386454	trials	210625SL	p60	Z11111	20	4.0	45.0	4	1138.6935902484029	1138.8904318091566
1138.9538335012153	0.5268817989422132	trials	210625SL	p60	Z11111	271	0.0	90.0	12	1139.1038335012154	1139.3307153001574
1139.3941569925332	0.506841640044513	trials	210625SL	p60	Z11111	241	0.0	0.0	12	1139.5441569925333	1139.7509986325776
1142.9065448422025	0.5068416400442857	trials	210625SL	p60	Z11111	264	8.0	45.0	12	1143.0565448422026	1143.2633864822467
1143.3468283332036	0.49688156107094983	trials	210625SL	p60	Z11111	302	1.0	180.0	12	1143.4968283332037	1143.6937098942744
1143.7471115070425	0.526881798942668	trials	210625SL	p60	Z11111	261	5.0	45.0	12	1143.8971115070426	1144.123993305985
1144.1974350776513	0.49684156075363717	trials	210625SL	p60	Z11111	297	11.0	135.0	12	1144.3474350776514	1144.5442766384049
1144.5977182514903	0.5368418779157764	trials	210625SL	p60	Z11111	84	8.0	225.0	4	1144.7477182514904	1144.984560129406
1145.0480018217818	0.49684156075386454	trials	210625SL	p60	Z11111	78	2.0	225.0	4	1145.1980018217819	1145.3948433825356
1145.4582850749116	0.5268817989422132	trials	210625SL	p60	Z11111	101	10.0	270.0	4	1145.6082850749117	1145.8351668738537
1145.90860864552	0.4968415607540919	trials	210625SL	p60	Z11111	212	1.0	270.0	8	1146.05860864552	1146.255450206274
1149.4209964951892	0.5068416400442857	trials	210625SL	p60	Z11111	183	2.0	180.0	8	1149.5709964951893	1149.7778381352334
1149.8312797483186	0.5368418779160038	trials	210625SL	p60	Z11111	170	4.0	135.0	8	1149.9812797483187	1150.2181216262345
1150.2715632393197	0.4968415607540919	trials	210625SL	p60	Z11111	116	10.0	315.0	4	1150.4215632393198	1150.6184048000737
1150.7018466510303	0.49684156075386454	trials	210625SL	p60	Z11111	104	13.0	270.0	4	1150.8518466510304	1151.048688211784
1151.1021298248695	0.5068416400442857	trials	210625SL	p60	Z11111	178	12.0	135.0	8	1151.2521298248696	1151.4589714649137
1151.5424133158704	0.4968415607540919	trials	210625SL	p60	Z11111	325	9.0	225.0	12	1151.6924133158705	1151.8892548766244
1151.9426964897095	0.5268817989424406	trials	210625SL	p60	Z11111	19	3.0	45.0	4	1152.0926964897096	1152.3195782886519
1152.3930200603181	0.4968415607540919	trials	210625SL	p60	Z11111	232	6.0	315.0	8	1152.5430200603182	1152.7398616210721
1155.7252864818074	0.5268417986253553	trials	210625SL	p60	Z11111	167	1.0	135.0	8	1155.8752864818075	1156.1021282804327
1156.175570052099	0.49684156075386454	trials	210625SL	p60	Z11111	68	7.0	180.0	4	1156.325570052099	1156.5224116128527
1156.5758532259379	0.526881798942668	trials	210625SL	p60	Z11111	342	11.0	270.0	12	1156.725853225938	1156.9527350248804
1157.0261767965467	0.49684156075386454	trials	210625SL	p60	Z11111	56	10.0	135.0	4	1157.1761767965468	1157.3730183573005
1157.4264199700685	0.5368818782328617	trials	210625SL	p60	Z11111	121	0.0	0.0	8	1157.5764199700686	1157.8133018483013
1159.7580384574358	0.5268417986251279	trials	210625SL	p60	Z11111	340	9.0	270.0	12	1159.9080384574359	1160.1348802560608
1160.1883218691462	0.49684156075386454	trials	210625SL	p60	Z11111	210	14.0	225.0	8	1160.3383218691463	1160.5351634299
1160.6186052808566	0.4968415607540919	trials	210625SL	p60	Z11111	291	5.0	135.0	12	1160.7686052808567	1160.9654468416106
1161.0388886132769	0.49684156075363717	trials	210625SL	p60	Z11111	326	10.0	225.0	12	1161.188888613277	1161.3857301740304
1161.4391717871158	0.506841640044513	trials	210625SL	p60	Z11111	79	3.0	225.0	4	1161.589171787116	1161.7960134271602
1161.879455278117	0.49684156075386454	trials	210625SL	p60	Z11111	148	12.0	45.0	8	1162.029455278117	1162.2262968388707
1162.3097786901446	0.536841877915549	trials	210625SL	p60	Z11111	85	9.0	225.0	4	1162.4597786901447	1162.69662056806
1162.760062260436	0.4968415607540919	trials	210625SL	p60	Z11111	108	2.0	315.0	4	1162.910062260436	1163.10690382119
1166.1623692372755	0.526881798942668	trials	210625SL	p60	Z11111	76	0.0	225.0	4	1166.3123692372756	1166.539251036218
1166.5926926493034	0.5268417986251279	trials	210625SL	p60	Z11111	155	4.0	90.0	8	1166.7426926493035	1166.9695344479285
1167.042976219595	0.49684156075363717	trials	210625SL	p60	Z11111	292	6.0	135.0	12	1167.192976219595	1167.3898177803485
1167.443259393434	0.506841640044513	trials	210625SL	p60	Z11111	213	2.0	270.0	8	1167.593259393434	1167.8001010334783
1167.883542884435	0.49684156075386454	trials	210625SL	p60	Z11111	185	4.0	180.0	8	1168.033542884435	1168.2303844451887
1168.283826058274	0.526881798942668	trials	210625SL	p60	Z11111	74	13.0	180.0	4	1168.433826058274	1168.6607078572165
1168.7341496288827	0.49684156075386454	trials	210625SL	p60	Z11111	147	11.0	45.0	8	1168.8841496288828	1169.0809911896365
1169.1344328027217	0.5268417986253553	trials	210625SL	p60	Z11111	125	4.0	0.0	8	1169.2844328027218	1169.511274601347
1172.5367397795615	0.5268417986251279	trials	210625SL	p60	Z11111	152	1.0	90.0	8	1172.6867397795615	1172.9135815781865
1172.967023191272	0.526881798942668	trials	210625SL	p60	Z11111	144	8.0	45.0	8	1173.117023191272	1173.3439049902145
1173.4173467618807	0.49684156075363717	trials	210625SL	p60	Z11111	94	3.0	270.0	4	1173.5673467618808	1173.7641883226343
1176.179208660641	0.506841640044513	trials	210625SL	p60	Z11111	237	11.0	315.0	8	1176.3292086606411	1176.5360503006855
1176.6094920723517	0.49684156075363717	trials	210625SL	p60	Z11111	70	9.0	180.0	4	1176.7594920723518	1176.9563336331053
1177.0097752461907	0.5368818782330891	trials	210625SL	p60	Z11111	308	7.0	180.0	12	1177.1597752461907	1177.3966571244237
1177.4600988167995	0.5068416400442857	trials	210625SL	p60	Z11111	149	13.0	45.0	8	1177.6100988167996	1177.8169404568437
1177.8703420696118	0.5268817989424406	trials	210625SL	p60	Z11111	183	2.0	180.0	8	1178.0203420696118	1178.247223868554
1178.3206656402203	0.4968415607540919	trials	210625SL	p60	Z11111	310	9.0	180.0	12	1178.4706656402204	1178.6675072009743
1178.750949051931	0.49684156075386454	trials	210625SL	p60	Z11111	62	1.0	180.0	4	1178.900949051931	1179.0977906126848
1179.1512322257702	0.49684156075386454	trials	210625SL	p60	Z11111	86	10.0	225.0	4	1179.3012322257703	1179.498073786524
1182.5335390440287	0.526881798942668	trials	210625SL	p60	Z11111	121	0.0	0.0	8	1182.6835390440287	1182.9104208429712
1182.9838626146375	0.49684156075363717	trials	210625SL	p60	Z11111	38	7.0	90.0	4	1183.1338626146376	1183.330704175391
1183.384105788159	0.526881798942668	trials	210625SL	p60	Z11111	200	4.0	225.0	8	1183.5341057881592	1183.7609875871017
1183.834429358768	0.4968415607540919	trials	210625SL	p60	Z11111	216	5.0	270.0	8	1183.984429358768	1184.181270919522
1184.2447126118977	0.5268417986251279	trials	210625SL	p60	Z11111	358	12.0	315.0	12	1184.3947126118978	1184.6215544105228
1184.6849961028984	0.506841640044513	trials	210625SL	p60	Z11111	244	3.0	0.0	12	1184.8349961028985	1185.0418377429428
1185.0952793560282	0.5268817989424406	trials	210625SL	p60	Z11111	99	8.0	270.0	4	1185.2452793560283	1185.4721611549705
1185.5255627677388	0.49684156075363717	trials	210625SL	p60	Z11111	48	2.0	135.0	4	1185.675562767739	1185.8724043284924
1188.8478291099373	0.5168817196520195	trials	210625SL	p60	Z11111	95	4.0	270.0	4	1188.9978291099374	1189.2147108295892
1189.2881526012557	0.49684156075363717	trials	210625SL	p60	Z11111	23	7.0	45.0	4	1189.4381526012558	1189.6349941620092
1189.6883957747773	0.5368818782330891	trials	210625SL	p60	Z11111	203	7.0	225.0	8	1189.8383957747774	1190.0752776530103
1190.138719345386	0.49684156075386454	trials	210625SL	p60	Z11111	245	4.0	0.0	12	1190.2887193453862	1190.4855609061399
1190.5490025985157	0.5268417986253553	trials	210625SL	p60	Z11111	236	10.0	315.0	8	1190.6990025985158	1190.925844397141
1190.9792860102261	0.4968415607540919	trials	210625SL	p60	Z11111	44	13.0	90.0	4	1191.1292860102262	1191.3261275709801
1191.3795691840653	0.5268417986253553	trials	210625SL	p60	Z11111	42	11.0	90.0	4	1191.5295691840654	1191.7564109826906
1191.8298527543568	0.49684156075386454	trials	210625SL	p60	Z11111	352	6.0	315.0	12	1191.979852754357	1192.1766943151106
1195.3322405247354	0.5068816403615983	trials	210625SL	p60	Z11111	319	3.0	225.0	12	1195.4822405247355	1195.689122165097
1195.7625639367632	0.49684156075386454	trials	210625SL	p60	Z11111	315	14.0	180.0	12	1195.9125639367633	1196.109405497517
1196.162807110285	0.526881798942668	trials	210625SL	p60	Z11111	157	6.0	90.0	8	1196.3128071102851	1196.5396889092276
1196.6131306808938	0.49684156075386454	trials	210625SL	p60	Z11111	126	5.0	0.0	8	1196.763130680894	1196.9599722416476
1197.053414171895	0.49684156075386454	trials	210625SL	p60	Z11111	124	3.0	0.0	8	1197.203414171895	1197.4002557326487
1197.4837375839224	0.4968415607540919	trials	210625SL	p60	Z11111	98	7.0	270.0	4	1197.6337375839225	1197.8305791446764
1197.8839807574445	0.5268817989424406	trials	210625SL	p60	Z11111	226	0.0	315.0	8	1198.0339807574446	1198.2608625563869
1198.3343043280531	0.49684156075386454	trials	210625SL	p60	Z11111	0			0	1198.4843043280532	1198.681145888807
1201.6565706702518	0.506841640044513	trials	210625SL	p60	Z11111	81	5.0	225.0	4	1201.8065706702519	1202.0134123102962
1202.0868540819624	0.49684156075363717	trials	210625SL	p60	Z11111	159	8.0	90.0	8	1202.2368540819625	1202.433695642716
1202.5171374936726	0.4968415607540919	trials	210625SL	p60	Z11111	341	10.0	270.0	12	1202.6671374936727	1202.8639790544266
1202.917420667512	0.5368818782328617	trials	210625SL	p60	Z11111	223	12.0	270.0	8	1203.0674206675121	1203.3043025457448
1203.3677042378035	0.49688156107094983	trials	210625SL	p60	Z11111	75	14.0	180.0	4	1203.5177042378036	1203.7145857988744
1203.7780274912502	0.5268417986253553	trials	210625SL	p60	Z11111	193	12.0	180.0	8	1203.9280274912503	1204.1548692898755
1204.2283110615417	0.49684156075363717	trials	210625SL	p60	Z11111	39	8.0	90.0	4	1204.3783110615418	1204.5751526222953
1204.6285942353807	0.4968415607540919	trials	210625SL	p60	Z11111	139	3.0	45.0	8	1204.7785942353808	1204.9754357961347
1208.1910224818193	0.5268417986253553	trials	210625SL	p60	Z11111	90	14.0	225.0	4	1208.3410224818194	1208.5678642804446
1208.6313059728204	0.5168817196520195	trials	210625SL	p60	Z11111	222	11.0	270.0	8	1208.7813059728205	1208.9981876924724
1209.0715894638215	0.49688156107094983	trials	210625SL	p60	Z11111	239	13.0	315.0	8	1209.2215894638216	1209.4184710248924
1209.4818727169509	0.526881798942668	trials	210625SL	p60	Z11111	132	11.0	0.0	8	1209.631872716951	1209.8587545158935
1209.9121961289788	0.49684156075363717	trials	210625SL	p60	Z11111	130	9.0	0.0	8	1210.062196128979	1210.2590376897324
1210.3124393025007	0.5268817989424406	trials	210625SL	p60	Z11111	77	1.0	225.0	4	1210.4624393025008	1210.689321101443
1210.7627628731093	0.49684156075386454	trials	210625SL	p60	Z11111	18	2.0	45.0	4	1210.9127628731094	1211.109604433863
1211.1630460469485	0.5368818782328617	trials	210625SL	p60	Z11111	58	12.0	135.0	4	1211.3130460469486	1211.5499279251812
1214.4352719923775	0.5168417193349342	trials	210625SL	p60	Z11111	7	6.0	0.0	4	1214.5852719923776	1214.8021137117123
1214.8755554833785	0.49684156075386454	trials	210625SL	p60	Z11111	235	9.0	315.0	8	1215.0255554833786	1215.2223970441323
1215.2858387365081	0.5268817989424406	trials	210625SL	p60	Z11111	151	0.0	90.0	8	1215.4358387365082	1215.6627205354505
1215.7261622278263	0.5068416400442857	trials	210625SL	p60	Z11111	40	9.0	90.0	4	1215.8761622278264	1216.0830038678705
1216.136445480956	0.5268417986253553	trials	210625SL	p60	Z11111	156	5.0	90.0	8	1216.286445480956	1216.5132872795812
1216.5867290512474	0.49684156075386454	trials	210625SL	p60	Z11111	285	14.0	90.0	12	1216.7367290512475	1216.9335706120012
1216.9870122250866	0.5268417986253553	trials	210625SL	p60	Z11111	138	2.0	45.0	8	1217.1370122250867	1217.3638540237118
1217.437295795378	0.49684156075386454	trials	210625SL	p60	Z11111	21	5.0	45.0	4	1217.5872957953782	1217.7841373561319
1220.7896023757653	0.5068416400442857	trials	210625SL	p60	Z11111	262	6.0	45.0	12	1220.9396023757654	1221.1464440158095
1221.199885628895	0.49684156075386454	trials	210625SL	p60	Z11111	60	14.0	135.0	4	1221.349885628895	1221.5467271896487
1221.6001288024167	0.526881798942668	trials	210625SL	p60	Z11111	109	3.0	315.0	4	1221.7501288024168	1221.9770106013593
1222.040452293735	0.49684156075386454	trials	210625SL	p60	Z11111	348	2.0	315.0	12	1222.190452293735	1222.3872938544887
1222.4707357054453	0.4968415607540919	trials	210625SL	p60	Z11111	325	9.0	225.0	12	1222.6207357054454	1222.8175772661994
1222.8710188792847	0.5268417986253553	trials	210625SL	p60	Z11111	306	5.0	180.0	12	1223.0210188792848	1223.24786067791
1223.3213024495763	0.49684156075363717	trials	210625SL	p60	Z11111	227	1.0	315.0	8	1223.4713024495763	1223.6681440103298
1223.7315857027056	0.526881798942668	trials	210625SL	p60	Z11111	254	13.0	0.0	12	1223.8815857027057	1224.1084675016482
1227.1238926002547	0.506881640361371	trials	210625SL	p60	Z11111	276	5.0	90.0	12	1227.2738926002548	1227.480774240616
1227.5341758533843	0.5068816403615983	trials	210625SL	p60	Z11111	280	9.0	90.0	12	1227.6841758533844	1227.8910574937458
1227.944459106514	0.526881798942668	trials	210625SL	p60	Z11111	162	11.0	90.0	8	1228.094459106514	1228.3213409054565
1228.3947826771227	0.49684156075363717	trials	210625SL	p60	Z11111	309	8.0	180.0	12	1228.5447826771228	1228.7416242378763
1228.7950658509617	0.4968415607540919	trials	210625SL	p60	Z11111	10	9.0	0.0	4	1228.9450658509618	1229.1419074117157
1229.2253492626724	0.49684156075363717	trials	210625SL	p60	Z11111	208	12.0	225.0	8	1229.3753492626724	1229.572190823426
1229.6456325950921	0.4968415607540919	trials	210625SL	p60	Z11111	119	13.0	315.0	4	1229.7956325950922	1229.9924741558461
1230.0459157689315	0.49684156075363717	trials	210625SL	p60	Z11111	322	6.0	225.0	12	1230.1959157689316	1230.392757329685
1233.388182269711	0.49684156075386454	trials	210625SL	p60	Z11111	283	12.0	90.0	12	1233.5381822697111	1233.7350238304648
1233.7984655228406	0.5268417986253553	trials	210625SL	p60	Z11111	93	2.0	270.0	4	1233.9484655228407	1234.1753073214659
1234.2487490931321	0.5268817989424406	trials	210625SL	p60	Z11111	242	1.0	0.0	12	1234.3987490931322	1234.6256308920745
1236.9906108333116	0.5268817989424406	trials	210625SL	p60	Z11111	204	8.0	225.0	8	1237.1406108333117	1237.367492632254
1237.4409344039202	0.49684156075386454	trials	210625SL	p60	Z11111	338	7.0	270.0	12	1237.5909344039203	1237.787775964674
1237.8412175777594	0.5268417986253553	trials	210625SL	p60	Z11111	50	4.0	135.0	4	1237.9912175777595	1238.2180593763846
1238.2915011480509	0.49684156075386454	trials	210625SL	p60	Z11111	46	0.0	135.0	4	1238.441501148051	1238.6383427088047
1238.6917843218898	0.5368818782330891	trials	210625SL	p60	Z11111	153	2.0	90.0	8	1238.84178432189	1239.0786662001228
1239.1421078924986	0.49684156075386454	trials	210625SL	p60	Z11111	321	5.0	225.0	12	1239.2921078924987	1239.4889494532524
1239.5523911456282	0.5268417986253553	trials	210625SL	p60	Z11111	6	5.0	0.0	4	1239.7023911456283	1239.9292329442535
1239.992674636629	0.506841640044513	trials	210625SL	p60	Z11111	286	0.0	135.0	12	1240.1426746366292	1240.3495162766735
1243.3749814548878	0.4968415607540919	trials	210625SL	p60	Z11111	163	12.0	90.0	8	1243.524981454888	1243.7218230156418
1243.795264787308	0.49684156075363717	trials	210625SL	p60	Z11111	113	7.0	315.0	4	1243.9452647873081	1244.1421063480616
1244.2255481990185	0.5068416400442857	trials	210625SL	p60	Z11111	135	14.0	0.0	8	1244.3755481990186	1244.5823898390627
1244.6658716903366	0.49684156075386454	trials	210625SL	p60	Z11111	250	9.0	0.0	12	1244.8158716903367	1245.0127132510904
1247.107531050216	0.5168417193349342	trials	210625SL	p60	Z11111	335	4.0	270.0	12	1247.2575310502161	1247.4743727695509
1249.9394335043269	0.5268817989424406	trials	210625SL	p60	Z11111	166	0.0	135.0	8	1250.089433504327	1250.3163153032692
1250.3697569163546	0.5268417986253553	trials	210625SL	p60	Z11111	184	3.0	180.0	8	1250.5197569163547	1250.7465987149799
1250.8000403280653	0.49684156075363717	trials	210625SL	p60	Z11111	331	0.0	270.0	12	1250.9500403280654	1251.1468818888188
1253.5219019096637	0.5168417193347068	trials	210625SL	p60	Z11111	238	12.0	315.0	8	1253.6719019096638	1253.8887436289983
1253.9621854006648	0.49684156075386454	trials	210625SL	p60	Z11111	71	10.0	180.0	4	1254.1121854006649	1254.3090269614186
1254.362468574504	0.49684156075363717	trials	210625SL	p60	Z11111	12	11.0	0.0	4	1254.512468574504	1254.7093101352575
1254.7727518276333	0.5268417986253553	trials	210625SL	p60	Z11111	169	3.0	135.0	8	1254.9227518276334	1255.1495936262586
1255.2130353186344	0.506841640044513	trials	210625SL	p60	Z11111	187	6.0	180.0	8	1255.3630353186345	1255.5698769586788
1255.623318571764	0.5268817989424406	trials	210625SL	p60	Z11111	201	5.0	225.0	8	1255.773318571764	1256.0002003707064
1256.0736421423726	0.4968415607540919	trials	210625SL	p60	Z11111	65	4.0	180.0	4	1256.2236421423727	1256.4204837031266
1256.4738853158947	0.49684156075386454	trials	210625SL	p60	Z11111	275	4.0	90.0	12	1256.6238853158948	1256.8207268766485
1259.7961516580933	0.49684156075386454	trials	210625SL	p60	Z11111	167	1.0	135.0	8	1259.9461516580934	1260.142993218847
1260.2164349905133	0.4968415607540919	trials	210625SL	p60	Z11111	297	11.0	135.0	12	1260.3664349905134	1260.5632765512673
1260.6167181643525	0.5068416400442857	trials	210625SL	p60	Z11111	342	11.0	270.0	12	1260.7667181643526	1260.9735598043967
1261.0570016553534	0.4968815610711772	trials	210625SL	p60	Z11111	30	14.0	45.0	4	1261.2070016553535	1261.4038832164244
1261.4572848291928	0.5268817989422132	trials	210625SL	p60	Z11111	318	2.0	225.0	12	1261.6072848291928	1261.8341666281349
1261.9076083998011	0.5268417986253553	trials	210625SL	p60	Z11111	0			0	1262.0576083998012	1262.2844501984264
1262.3578919700926	0.4968415607540919	trials	210625SL	p60	Z11111	265	9.0	45.0	12	1262.5078919700927	1262.7047335308466
1262.758175143932	0.5068416400440583	trials	210625SL	p60	Z11111	195	14.0	180.0	8	1262.908175143932	1263.115016783976
1266.1304818828999	0.506841640044513	trials	210625SL	p60	Z11111	230	4.0	315.0	8	1266.2804818829	1266.4873235229443
1266.5607652946105	0.4968415607540919	trials	210625SL	p60	Z11111	33	2.0	90.0	4	1266.7107652946106	1266.9076068553645
1266.9910487063212	0.49684156075363717	trials	210625SL	p60	Z11111	43	12.0	90.0	4	1267.1410487063213	1267.3378902670747
1267.3913318801601	0.5368818782330891	trials	210625SL	p60	Z11111	300	14.0	135.0	12	1267.5413318801602	1267.7782137583931
1267.841655450769	0.49684156075363717	trials	210625SL	p60	Z11111	206	10.0	225.0	8	1267.991655450769	1268.1884970115225
1268.2519387038983	0.5268417986253553	trials	210625SL	p60	Z11111	287	1.0	135.0	12	1268.4019387038984	1268.6287805025236
1268.682222115609	0.49684156075386454	trials	210625SL	p60	Z11111	170	4.0	135.0	8	1268.832222115609	1269.0290636763627
1269.082465289131	0.5268817989422132	trials	210625SL	p60	Z11111	288	2.0	135.0	12	1269.2324652891311	1269.4593470880732
1272.5048124248685	0.5168417193349342	trials	210625SL	p60	Z11111	192	11.0	180.0	8	1272.6548124248686	1272.8716541442034
1272.9451359161867	0.4968415607540919	trials	210625SL	p60	Z11111	52	6.0	135.0	4	1273.0951359161868	1273.2919774769407
1273.3453790897088	0.49684156075386454	trials	210625SL	p60	Z11111	355	9.0	315.0	12	1273.4953790897089	1273.6922206504626
1273.785702581027	0.49684156075386454	trials	210625SL	p60	Z11111	263	7.0	45.0	12	1273.935702581027	1274.1325441417807
1274.1859457545488	0.4968415607540919	trials	210625SL	p60	Z11111	273	2.0	90.0	12	1274.335945754549	1274.5327873153028
1274.6162691665766	0.49684156075386454	trials	210625SL	p60	Z11111	73	12.0	180.0	4	1274.7662691665766	1274.9631107273303
1275.0265524197061	0.5268417986253553	trials	210625SL	p60	Z11111	104	13.0	270.0	4	1275.1765524197062	1275.4033942183314
1275.4668359107072	0.5068416400442857	trials	210625SL	p60	Z11111	332	1.0	270.0	12	1275.6168359107073	1275.8236775507514
1278.8891430461276	0.5068816403615983	trials	210625SL	p60	Z11111	339	8.0	270.0	12	1279.0391430461277	1279.2460246864891
1279.2994662995745	0.49684156075386454	trials	210625SL	p60	Z11111	51	5.0	135.0	4	1279.4494662995746	1279.6463078603283
1279.7397497905754	0.4968415607540919	trials	210625SL	p60	Z11111	266	10.0	45.0	12	1279.8897497905755	1280.0865913513294
1280.170033202286	0.49684156075386454	trials	210625SL	p60	Z11111	165	14.0	90.0	8	1280.3200332022861	1280.5168747630398
1280.5703163761252	0.49684156075386454	trials	210625SL	p60	Z11111	107	1.0	315.0	4	1280.7203163761253	1280.917157936879
1280.9805996292548	0.5268417986253553	trials	210625SL	p60	Z11111	249	8.0	0.0	12	1281.130599629255	1281.35744142788
1281.420883120256	0.5068416400440583	trials	210625SL	p60	Z11111	41	10.0	90.0	4	1281.570883120256	1281.7777247602999
1281.8612066115738	0.4968415607540919	trials	210625SL	p60	Z11111	54	8.0	135.0	4	1282.011206611574	1282.2080481723278
1285.3435542230545	0.5268817989424406	trials	210625SL	p60	Z11111	268	12.0	45.0	12	1285.4935542230546	1285.7204360219969
1285.7938777936631	0.49684156075386454	trials	210625SL	p60	Z11111	66	5.0	180.0	4	1285.9438777936632	1286.140719354417
1288.1054561221322	0.5268417986251279	trials	210625SL	p60	Z11111	123	2.0	0.0	8	1288.2554561221323	1288.4822979207572
1288.5457396131333	0.49684156075363717	trials	210625SL	p60	Z11111	293	7.0	135.0	12	1288.6957396131334	1288.8925811738868
1288.966022945553	0.4968415607540919	trials	210625SL	p60	Z11111	289	3.0	135.0	12	1289.1160229455531	1289.312864506307
1289.3663061193924	0.5068416400440583	trials	210625SL	p60	Z11111	13	12.0	0.0	4	1289.5163061193925	1289.7231477594364
1289.806589610393	0.4968415607540919	trials	210625SL	p60	Z11111	24	8.0	45.0	4	1289.9565896103932	1290.153431171147
1290.2068727842325	0.5268817989422132	trials	210625SL	p60	Z11111	27	11.0	45.0	4	1290.3568727842326	1290.5837545831746
1290.637156195943	0.5068416400442857	trials	210625SL	p60	Z11111	330	14.0	225.0	12	1290.787156195943	1290.993997835987
1291.0474394490725	0.49684156075386454	trials	210625SL	p60	Z11111	303	2.0	180.0	12	1291.1974394490726	1291.3942810098263
1294.389705949852	0.5168817196520195	trials	210625SL	p60	Z11111	218	7.0	270.0	8	1294.539705949852	1294.756587669504
1294.8200293618797	0.49684156075386454	trials	210625SL	p60	Z11111	101	10.0	270.0	4	1294.9700293618798	1295.1668709226335
1295.2303126150093	0.49684156075386454	trials	210625SL	p60	Z11111	209	13.0	225.0	8	1295.3803126150094	1295.577154175763
1295.6605960267198	0.4968415607540919	trials	210625SL	p60	Z11111	228	2.0	315.0	8	1295.8105960267198	1296.0074375874738
1296.0608392002418	0.49688156107094983	trials	210625SL	p60	Z11111	25	9.0	45.0	4	1296.210839200242	1296.4077207613127
1296.4911626122696	0.49684156075386454	trials	210625SL	p60	Z11111	359	13.0	315.0	12	1296.6411626122697	1296.8380041730234
1296.9014458653992	0.49684156075386454	trials	210625SL	p60	Z11111	258	2.0	45.0	12	1297.0514458653993	1297.248287426153
1297.3317292771096	0.49684156075386454	trials	210625SL	p60	Z11111	175	9.0	135.0	8	1297.4817292771097	1297.6785708378634
1300.6639956985987	0.506841640044513	trials	210625SL	p60	Z11111	146	10.0	45.0	8	1300.8139956985988	1301.020837338643
1301.0942791103093	0.49684156075386454	trials	210625SL	p60	Z11111	299	13.0	135.0	12	1301.2442791103094	1301.4411206710631
1301.4945622841485	0.5268417986251279	trials	210625SL	p60	Z11111	189	8.0	180.0	8	1301.6445622841486	1301.8714040827736
1301.944885854757	0.49684156075386454	trials	210625SL	p60	Z11111	298	12.0	135.0	12	1302.0948858547572	1302.2917274155109
1302.3551291075696	0.5268817989424406	trials	210625SL	p60	Z11111	277	6.0	90.0	12	1302.5051291075697	1302.732010906512
1302.7954525988878	0.5068416400442857	trials	210625SL	p60	Z11111	296	10.0	135.0	12	1302.9454525988879	1303.152294238932
1303.2357360898886	0.4968415607540919	trials	210625SL	p60	Z11111	302	1.0	180.0	12	1303.3857360898887	1303.5825776506426
1303.6360192637278	0.49684156075386454	trials	210625SL	p60	Z11111	215	4.0	270.0	8	1303.786019263728	1303.9828608244816
1307.0083260026959	0.506841640044513	trials	210625SL	p60	Z11111	326	10.0	225.0	12	1307.158326002696	1307.3651676427403
1309.520025917926	0.49684156075363717	trials	210625SL	p60	Z11111	251	10.0	0.0	12	1309.670025917926	1309.8668674786795
1309.9403092503458	0.4968415607540919	trials	210625SL	p60	Z11111	336	5.0	270.0	12	1310.0903092503459	1310.2871508110998
1310.3505925034756	0.5268817989424406	trials	210625SL	p60	Z11111	118	12.0	315.0	4	1310.5005925034757	1310.727474302418
1310.7808759151862	0.5268817989422132	trials	210625SL	p60	Z11111	100	9.0	270.0	4	1310.9308759151863	1311.1577577141284
1311.2111593268964	0.4968815610711772	trials	210625SL	p60	Z11111	191	10.0	180.0	8	1311.3611593268965	1311.5580408879675
1311.6514828182148	0.49684156075386454	trials	210625SL	p60	Z11111	307	6.0	180.0	12	1311.801482818215	1311.9983243789686
1312.0817662299253	0.49684156075386454	trials	210625SL	p60	Z11111	78	2.0	225.0	4	1312.2317662299254	1312.428607790679
1312.4820494037644	0.5368818782330891	trials	210625SL	p60	Z11111	247	6.0	0.0	12	1312.6320494037645	1312.8689312819974
1315.8343159838346	0.506881640361371	trials	210625SL	p60	Z11111	219	8.0	270.0	8	1315.9843159838347	1316.1911976241959
1316.244599236964	0.4968415607540919	trials	210625SL	p60	Z11111	248	7.0	0.0	12	1316.394599236964	1316.591440797718
1316.6448824108031	0.506841640044513	trials	210625SL	p60	Z11111	255	14.0	0.0	12	1316.7948824108032	1317.0017240508475
1317.0551656639327	0.5268417986253553	trials	210625SL	p60	Z11111	253	12.0	0.0	12	1317.2051656639328	1317.432007462558
1317.4954491549338	0.5068816403615983	trials	210625SL	p60	Z11111	35	4.0	90.0	4	1317.6454491549339	1317.8523307952953
1317.9057324080634	0.5268817989424406	trials	210625SL	p60	Z11111	47	1.0	135.0	4	1318.0557324080635	1318.2826142070057
1318.356055978672	0.4968415607540919	trials	210625SL	p60	Z11111	305	4.0	180.0	12	1318.506055978672	1318.702897539426
1318.7863393903826	0.49684156075386454	trials	210625SL	p60	Z11111	194	13.0	180.0	8	1318.9363393903827	1319.1331809511364
1324.280062950032	0.5268817989424406	trials	210625SL	p60	Z11111	91	0.0	270.0	4	1324.4300629500322	1324.6569447489744
1324.7303865206406	0.49684156075386454	trials	210625SL	p60	Z11111	89	13.0	225.0	4	1324.8803865206407	1325.0772280813944
1325.1306696944798	0.5268417986253553	trials	210625SL	p60	Z11111	207	11.0	225.0	8	1325.28066969448	1325.507511493105
1325.5809532647713	0.49684156075363717	trials	210625SL	p60	Z11111	196	0.0	225.0	8	1325.7309532647714	1325.9277948255249
1326.011276676799	0.49684156075386454	trials	210625SL	p60	Z11111	270	14.0	45.0	12	1326.1612766767992	1326.3581182375528
1326.4215599299287	0.5268417986253553	trials	210625SL	p60	Z11111	11	10.0	0.0	4	1326.5715599299288	1326.798401728554
1326.851843341639	0.49684156075386454	trials	210625SL	p60	Z11111	154	3.0	90.0	8	1327.0018433416392	1327.1986849023929
1327.2821267533495	0.4968415607540919	trials	210625SL	p60	Z11111	281	10.0	90.0	12	1327.4321267533496	1327.6289683141035
1330.7044738890872	0.5268417986253553	trials	210625SL	p60	Z11111	88	12.0	225.0	4	1330.8544738890873	1331.0813156877125
1333.3462548357277	0.5268817989424406	trials	210625SL	p60	Z11111	274	3.0	90.0	12	1333.4962548357278	1333.72313663467
1333.776538247438	0.526881798942668	trials	210625SL	p60	Z11111	19	3.0	45.0	4	1333.9265382474382	1334.1534200463807
1334.226861818047	0.49684156075386454	trials	210625SL	p60	Z11111	137	1.0	45.0	8	1334.376861818047	1334.5737033788007
1334.6271449918859	0.4968415607540919	trials	210625SL	p60	Z11111	145	9.0	45.0	8	1334.777144991886	1334.9739865526399
1335.027388165408	0.5268817989424406	trials	210625SL	p60	Z11111	198	2.0	225.0	8	1335.177388165408	1335.4042699643503
1335.4777117360168	0.49684156075363717	trials	210625SL	p60	Z11111	212	1.0	270.0	8	1335.6277117360169	1335.8245532967703
1335.8879949891461	0.5268417986253553	trials	210625SL	p60	Z11111	349	3.0	315.0	12	1336.0379949891462	1336.2648367877714
1336.3282784801472	0.506841640044513	trials	210625SL	p60	Z11111	284	13.0	90.0	12	1336.4782784801473	1336.6851201201916
1339.7305854569868	0.526881798942668	trials	210625SL	p60	Z11111	82	6.0	225.0	4	1339.8805854569869	1340.1074672559294
1340.1809090275956	0.49684156075386454	trials	210625SL	p60	Z11111	272	1.0	90.0	12	1340.3309090275957	1340.5277505883494
1340.5811922014345	0.4968415607540919	trials	210625SL	p60	Z11111	317	1.0	225.0	12	1340.7311922014346	1340.9280337621885
1341.0114756131452	0.5068416400442857	trials	210625SL	p60	Z11111	353	7.0	315.0	12	1341.1614756131453	1341.3683172531894
1341.4517591041463	0.49684156075386454	trials	210625SL	p60	Z11111	102	11.0	270.0	4	1341.6017591041464	1341.7986006649
1341.8520422779852	0.526881798942668	trials	210625SL	p60	Z11111	134	13.0	0.0	8	1342.0020422779853	1342.2289240769278
1342.2923657693036	0.5268417986251279	trials	210625SL	p60	Z11111	37	6.0	90.0	4	1342.4423657693037	1342.6692075679287
1361.0251143009777	0.5268417986253553	trials	210625SL	p60	Z11111	343	12.0	270.0	12	1361.1751143009778	1361.401956099603
1361.485437950877	0.49684156075386454	trials	210625SL	p60	Z11111	45	14.0	90.0	4	1361.635437950877	1361.8322795116308
1361.885681124399	0.5268817989422132	trials	210625SL	p60	Z11111	291	5.0	135.0	12	1362.0356811243992	1362.2625629233412
1362.326004615717	0.4968415607540919	trials	210625SL	p60	Z11111	301	0.0	180.0	12	1362.476004615717	1362.672846176471
1362.7562880274277	0.49684156075386454	trials	210625SL	p60	Z11111	351	5.0	315.0	12	1362.9062880274278	1363.1031295881814
1363.1865714391383	0.5068416400440583	trials	210625SL	p60	Z11111	256	0.0	45.0	12	1363.3365714391384	1363.5434130791823
1363.5968546922677	0.4968415607540919	trials	210625SL	p60	Z11111	354	8.0	315.0	12	1363.7468546922678	1363.9436962530217
1364.0271381039784	0.49684156075386454	trials	210625SL	p60	Z11111	260	4.0	45.0	12	1364.1771381039785	1364.3739796647321
1367.6796470646655	0.5268417986253553	trials	210625SL	p60	Z11111	9	8.0	0.0	4	1367.8296470646656	1368.0564888632907
1368.129930634957	0.4968415607540919	trials	210625SL	p60	Z11111	64	3.0	180.0	4	1368.279930634957	1368.476772195711
1368.560254046985	0.49684156075363717	trials	210625SL	p60	Z11111	269	13.0	45.0	12	1368.710254046985	1368.9070956077385
1368.9604972205066	0.5368818782330891	trials	210625SL	p60	Z11111	17	1.0	45.0	4	1369.1104972205067	1369.3473790987396
1369.4108207911154	0.506841640044513	trials	210625SL	p60	Z11111	178	12.0	135.0	8	1369.5608207911155	1369.7676624311598
1369.821104044245	0.5268417986251279	trials	210625SL	p60	Z11111	117	11.0	315.0	4	1369.971104044245	1370.19794584287
1370.2713876145363	0.4968415607540919	trials	210625SL	p60	Z11111	116	10.0	315.0	4	1370.4213876145363	1370.6182291752903
1370.6716707883756	0.5268817989422132	trials	210625SL	p60	Z11111	129	8.0	0.0	8	1370.8216707883757	1371.0485525873178
1374.6443822879437	0.5168417193349342	trials	210625SL	p60	Z11111	197	1.0	225.0	8	1374.7943822879438	1375.0112240072785
1375.0846657789448	0.49684156075386454	trials	210625SL	p60	Z11111	122	1.0	0.0	8	1375.2346657789449	1375.4315073396986
1375.5049491113648	0.4968815610711772	trials	210625SL	p60	Z11111	2	1.0	0.0	4	1375.6549491113649	1375.8518306724359
1375.905232285204	0.5268817989424406	trials	210625SL	p60	Z11111	188	7.0	180.0	8	1376.055232285204	1376.2821140841463
1376.3555558558126	0.49684156075386454	trials	210625SL	p60	Z11111	328	12.0	225.0	12	1376.5055558558126	1376.7023974165663
1376.7558390296517	0.5268417986253553	trials	210625SL	p60	Z11111	357	11.0	315.0	12	1376.9058390296518	1377.132680828277
1377.2061225999432	0.49684156075386454	trials	210625SL	p60	Z11111	316	0.0	225.0	12	1377.3561225999433	1377.552964160697
1377.6164058530728	0.5268817989424406	trials	210625SL	p60	Z11111	224	13.0	270.0	8	1377.766405853073	1377.9932876520152
1381.529076876581	0.5068416400442857	trials	210625SL	p60	Z11111	241	0.0	0.0	12	1381.6790768765811	1381.8859185166252
1381.9593602882917	0.49684156075386454	trials	210625SL	p60	Z11111	161	10.0	90.0	8	1382.1093602882918	1382.3062018490455
1382.3896437000021	0.4968415607540919	trials	210625SL	p60	Z11111	320	4.0	225.0	12	1382.5396437000022	1382.7364852607561
1382.7999269531317	0.49684156075386454	trials	210625SL	p60	Z11111	32	1.0	90.0	4	1382.9499269531318	1383.1467685138855
1383.2302103648424	0.49688156107094983	trials	210625SL	p60	Z11111	1	0.0	0.0	4	1383.3802103648425	1383.5770919259132
1385.9921122639198	0.526881798942668	trials	210625SL	p60	Z11111	72	11.0	180.0	4	1386.14211226392	1386.3689940628624
1386.4424358345286	0.5268417986253553	trials	210625SL	p60	Z11111	312	11.0	180.0	12	1386.5924358345287	1386.819277633154
1386.8927194048201	0.49684156075363717	trials	210625SL	p60	Z11111	171	5.0	135.0	8	1387.0427194048202	1387.2395609655737
1387.293002578659	0.4968415607540919	trials	210625SL	p60	Z11111	115	9.0	315.0	4	1387.4430025786592	1387.639844139413
1387.7232859903697	0.506841640044513	trials	210625SL	p60	Z11111	234	8.0	315.0	8	1387.8732859903698	1388.0801276304142
1388.1635694813708	0.49688156107094983	trials	210625SL	p60	Z11111	210	14.0	225.0	8	1388.313569481371	1388.5104510424417
1388.5638526552098	0.4968415607540919	trials	210625SL	p60	Z11111	232	6.0	315.0	8	1388.7138526552098	1388.9106942159638
1388.9941360669204	0.506881640361371	trials	210625SL	p60	Z11111	282	11.0	90.0	12	1389.1441360669205	1389.3510177072817
1392.916807169719	0.506881640361371	trials	210625SL	p60	Z11111	131	10.0	0.0	8	1393.0668071697191	1393.2736888100803
1393.3471305817466	0.4968415607540919	trials	210625SL	p60	Z11111	92	1.0	270.0	4	1393.4971305817467	1393.6939721425006
1395.608668513446	0.506841640044513	trials	210625SL	p60	Z11111	8	7.0	0.0	4	1395.758668513446	1395.9655101534904
1396.0389519251567	0.49684156075386454	trials	210625SL	p60	Z11111	271	0.0	90.0	12	1396.1889519251567	1396.3857934859104
1398.4706112057456	0.506841640044513	trials	210625SL	p60	Z11111	143	7.0	45.0	8	1398.6206112057457	1398.82745284579
1398.9008946174563	0.5268817989424406	trials	210625SL	p60	Z11111	160	9.0	90.0	8	1399.0508946174564	1399.2777764163986
1399.3512181880649	0.49684156075386454	trials	210625SL	p60	Z11111	142	6.0	45.0	8	1399.501218188065	1399.6980597488187
1399.751501361904	0.5368418779157764	trials	210625SL	p60	Z11111	3	2.0	0.0	4	1399.9015013619041	1400.1383432398197
1400.2017849321956	0.5068416400442857	trials	210625SL	p60	Z11111	128	7.0	0.0	8	1400.3517849321956	1400.5586265722397
1400.612068185325	0.526881798942668	trials	210625SL	p60	Z11111	337	6.0	270.0	12	1400.762068185325	1400.9889499842675
1401.0623917559337	0.49684156075386454	trials	210625SL	p60	Z11111	229	3.0	315.0	8	1401.2123917559338	1401.4092333166875
1401.4926751676442	0.49684156075386454	trials	210625SL	p60	Z11111	231	5.0	315.0	8	1401.6426751676443	1401.839516728398
1403.8042534961132	0.5268417986253553	trials	210625SL	p60	Z11111	257	1.0	45.0	12	1403.9542534961133	1404.1810952947385
1404.2345369078237	0.5268817989424406	trials	210625SL	p60	Z11111	217	6.0	270.0	8	1404.3845369078238	1404.611418706766
1404.6848604784323	0.4968415607540919	trials	210625SL	p60	Z11111	329	13.0	225.0	12	1404.8348604784323	1405.0317020391863
1405.0951037312448	0.526881798942668	trials	210625SL	p60	Z11111	127	6.0	0.0	8	1405.2451037312449	1405.4719855301873
1405.5254271432725	0.49684156075386454	trials	210625SL	p60	Z11111	264	8.0	45.0	12	1405.6754271432726	1405.8722687040263
1408.087167455272	0.5268417986251279	trials	210625SL	p60	Z11111	327	11.0	225.0	12	1408.2371674552721	1408.464009253897
1408.5374510255633	0.4968415607540919	trials	210625SL	p60	Z11111	181	0.0	180.0	8	1408.6874510255634	1408.8842925863173
1408.9677744375913	0.49684156075363717	trials	210625SL	p60	Z11111	202	6.0	225.0	8	1409.1177744375914	1409.3146159983448
1409.368017611113	0.5368818782330891	trials	210625SL	p60	Z11111	333	2.0	270.0	12	1409.518017611113	1409.754899489346
1409.8183411817217	0.4968415607540919	trials	210625SL	p60	Z11111	350	4.0	315.0	12	1409.9683411817218	1410.1651827424757
1410.2286244348513	0.49684156075386454	trials	210625SL	p60	Z11111	105	14.0	270.0	4	1410.3786244348514	1410.575465995605
1410.6589078465618	0.4968415607540919	trials	210625SL	p60	Z11111	290	4.0	135.0	12	1410.8089078465619	1411.0057494073158
1411.0591910204012	0.49684156075363717	trials	210625SL	p60	Z11111	57	11.0	135.0	4	1411.2091910204012	1411.4060325811547
1414.911821567849	0.5268417986253553	trials	210625SL	p60	Z11111	20	4.0	45.0	4	1415.0618215678492	1415.2886633664743
1415.3621051381406	0.4968415607540919	trials	210625SL	p60	Z11111	22	6.0	45.0	4	1415.5121051381407	1415.7089466988946
1415.7623883119797	0.5268817989424406	trials	210625SL	p60	Z11111	294	8.0	135.0	12	1415.9123883119798	1416.139270110922
1416.2126718822713	0.4968815610711772	trials	210625SL	p60	Z11111	346	0.0	315.0	12	1416.3626718822713	1416.5595534433423
1416.6129550561104	0.5268817989424406	trials	210625SL	p60	Z11111	106	0.0	315.0	4	1416.7629550561105	1416.9898368550528
1417.043278468138	0.4968415607540919	trials	210625SL	p60	Z11111	174	8.0	135.0	8	1417.193278468138	1417.390120028892
1417.4535217209504	0.4968415607540919	trials	210625SL	p60	Z11111	61	0.0	180.0	4	1417.6035217209505	1417.8003632817044
1417.8838451329782	0.5268417986253553	trials	210625SL	p60	Z11111	69	8.0	180.0	4	1418.0338451329783	1418.2606869316035
1423.8478924218173	0.5068416400442857	trials	210625SL	p60	Z11111	59	13.0	135.0	4	1423.9978924218174	1424.2047340618615
1424.2882159131354	0.49684156075386454	trials	210625SL	p60	Z11111	4	3.0	0.0	4	1424.4382159131355	1424.6350574738892
1424.6884590866575	0.5368818782328617	trials	210625SL	p60	Z11111	313	12.0	180.0	12	1424.8384590866576	1425.0753409648903
1425.1287825779755	0.4968415607540919	trials	210625SL	p60	Z11111	356	10.0	315.0	12	1425.2787825779756	1425.4756241387295
1425.5590659896861	0.49684156075386454	trials	210625SL	p60	Z11111	120	14.0	315.0	4	1425.7090659896862	1425.90590755044
1425.9593491635253	0.5368418779157764	trials	210625SL	p60	Z11111	83	7.0	225.0	4	1426.1093491635254	1426.346191041441
1426.4096327338168	0.49684156075386454	trials	210625SL	p60	Z11111	111	5.0	315.0	4	1426.559632733817	1426.7564742945706
1426.8199159869464	0.5268817989424406	trials	210625SL	p60	Z11111	225	14.0	270.0	8	1426.9699159869465	1427.1967977858887
1430.922708517925	0.5168417193349342	trials	210625SL	p60	Z11111	243	2.0	0.0	12	1431.072708517925	1431.2895502372598
1431.3630320092434	0.49684156075363717	trials	210625SL	p60	Z11111	344	13.0	270.0	12	1431.5130320092435	1431.709873569997
1431.763275182765	0.526881798942668	trials	210625SL	p60	Z11111	221	10.0	270.0	8	1431.9132751827651	1432.1401569817076
1432.2135987533738	0.49684156075386454	trials	210625SL	p60	Z11111	304	3.0	180.0	12	1432.363598753374	1432.5604403141276
1432.6238820065034	0.49684156075386454	trials	210625SL	p60	Z11111	168	2.0	135.0	8	1432.7738820065035	1432.9707235672572
1433.0541654182139	0.4968415607540919	trials	210625SL	p60	Z11111	314	13.0	180.0	12	1433.204165418214	1433.4010069789679
1433.4544485920533	0.49684156075363717	trials	210625SL	p60	Z11111	347	1.0	315.0	12	1433.6044485920534	1433.8012901528068
1433.8847320037635	0.506841640044513	trials	210625SL	p60	Z11111	180	14.0	135.0	8	1434.0347320037636	1434.241573643808
1437.7774028686908	0.5268417986253553	trials	210625SL	p60	Z11111	259	3.0	45.0	12	1437.927402868691	1438.154244667316
1438.2076862804015	0.5268417986253553	trials	210625SL	p60	Z11111	140	4.0	45.0	8	1438.3576862804016	1438.5845280790268
1440.6193054020923	0.5268817989424406	trials	210625SL	p60	Z11111	246	5.0	0.0	12	1440.7693054020924	1440.9961872010347
1441.0496288141198	0.5268417986253553	trials	210625SL	p60	Z11111	172	6.0	135.0	8	1441.19962881412	1441.426470612745
1441.4999123844113	0.4968415607540919	trials	210625SL	p60	Z11111	334	3.0	270.0	12	1441.6499123844114	1441.8467539451653
1441.930195796122	0.49684156075386454	trials	210625SL	p60	Z11111	0			0	1442.080195796122	1442.2770373568758
1442.3404790492516	0.5268817989424406	trials	210625SL	p60	Z11111	133	12.0	0.0	8	1442.4904790492517	1442.717360848194
1445.1323811862007	0.5268817989424406	trials	210625SL	p60	Z11111	211	0.0	270.0	8	1445.2823811862008	1445.509262985143
1445.5626645979112	0.4968815610711772	trials	210625SL	p60	Z11111	311	10.0	180.0	12	1445.7126645979113	1445.9095461589823
1445.9629477717504	0.49684156075386454	trials	210625SL	p60	Z11111	68	7.0	180.0	4	1446.1129477717504	1446.3097893325041
1446.4032712630685	0.49684156075386454	trials	210625SL	p60	Z11111	34	3.0	90.0	4	1446.5532712630686	1446.7501128238223
1446.8035144365904	0.526881798942668	trials	210625SL	p60	Z11111	55	9.0	135.0	4	1446.9535144365905	1447.180396235533
1447.2338378486181	0.49684156075386454	trials	210625SL	p60	Z11111	84	8.0	225.0	4	1447.3838378486182	1447.580679409372
1447.6741213396192	0.49684156075386454	trials	210625SL	p60	Z11111	233	7.0	315.0	8	1447.8241213396193	1448.020962900373
1448.1044047513296	0.4968415607540919	trials	210625SL	p60	Z11111	278	7.0	90.0	12	1448.2544047513297	1448.4512463120836
1451.9870755369666	0.5068416400440583	trials	210625SL	p60	Z11111	182	1.0	180.0	8	1452.1370755369667	1452.3439171770106
1452.4173589486772	0.49684156075363717	trials	210625SL	p60	Z11111	16	0.0	45.0	4	1452.5673589486773	1452.7642005094308
1452.8176421225162	0.506841640044513	trials	210625SL	p60	Z11111	28	12.0	45.0	4	1452.9676421225163	1453.1744837625606
1453.2579256135173	0.49684156075363717	trials	210625SL	p60	Z11111	240	14.0	315.0	8	1453.4079256135174	1453.6047671742708
1453.6582087873562	0.4968415607540919	trials	210625SL	p60	Z11111	190	9.0	180.0	8	1453.8082087873563	1454.0050503481102
1454.0584519608783	0.5268817989422132	trials	210625SL	p60	Z11111	49	3.0	135.0	4	1454.2084519608784	1454.4353337598204
1454.508775531487	0.49684156075386454	trials	210625SL	p60	Z11111	97	6.0	270.0	4	1454.658775531487	1454.8556170922407
1454.9190587846165	0.5268817989424406	trials	210625SL	p60	Z11111	26	10.0	45.0	4	1455.0690587846166	1455.2959405835588
1459.1018919502362	0.506881640361371	trials	210625SL	p60	Z11111	87	11.0	225.0	4	1459.2518919502363	1459.4587735905975
1459.5121752033658	0.5268817989424406	trials	210625SL	p60	Z11111	103	12.0	270.0	4	1459.662175203366	1459.8890570023082
1459.9624987739744	0.49684156075386454	trials	210625SL	p60	Z11111	324	8.0	225.0	12	1460.1124987739745	1460.3093403347282
1460.3627419474965	0.5268817989422132	trials	210625SL	p60	Z11111	340	9.0	270.0	12	1460.5127419474966	1460.7396237464386
1460.813065518105	0.49684156075386454	trials	210625SL	p60	Z11111	29	13.0	45.0	4	1460.9630655181052	1461.1599070788589
1461.2233487712347	0.5268817989424406	trials	210625SL	p60	Z11111	177	11.0	135.0	8	1461.3733487712348	1461.600230570177
1461.653632182945	0.49684156075386454	trials	210625SL	p60	Z11111	179	13.0	135.0	8	1461.8036321829452	1462.0004737436989
1462.0539153567843	0.5268817989424406	trials	210625SL	p60	Z11111	205	9.0	225.0	8	1462.2039153567844	1462.4307971557266
1465.936546142104	0.5068816403615983	trials	210625SL	p60	Z11111	261	5.0	45.0	12	1466.086546142104	1466.2934277824654
1466.3668695541317	0.49684156075386454	trials	210625SL	p60	Z11111	214	3.0	270.0	8	1466.5168695541317	1466.7137111148854
1466.777112806944	0.526881798942668	trials	210625SL	p60	Z11111	80	4.0	225.0	4	1466.927112806944	1467.1539946058865
1467.2174362982623	0.5068416400442857	trials	210625SL	p60	Z11111	173	7.0	135.0	8	1467.3674362982624	1467.5742779383065
1470.0593788319807	0.5168417193349342	trials	210625SL	p60	Z11111	114	8.0	315.0	4	1470.2093788319808	1470.4262205513155
1470.4896622436913	0.5268817989424406	trials	210625SL	p60	Z11111	267	11.0	45.0	12	1470.6396622436914	1470.8665440426337
1470.9299457346924	0.506881640361371	trials	210625SL	p60	Z11111	36	5.0	90.0	4	1471.0799457346925	1471.2868273750537
1471.3402289878218	0.526881798942668	trials	210625SL	p60	Z11111	252	11.0	0.0	12	1471.4902289878219	1471.7171107867644
1471.7905525584306	0.5268417986253553	trials	210625SL	p60	Z11111	279	8.0	90.0	12	1471.9405525584307	1472.1673943570559
1472.2408761290394	0.49684156075363717	trials	210625SL	p60	Z11111	110	4.0	315.0	4	1472.3908761290395	1472.587717689793
1472.641119302561	0.526881798942668	trials	210625SL	p60	Z11111	158	7.0	90.0	8	1472.7911193025611	1473.0180011015036
1473.0714027142717	0.506881640361371	trials	210625SL	p60	Z11111	15	14.0	0.0	4	1473.2214027142718	1473.428284354633
1477.024114055259	0.5268417986253553	trials	210625SL	p60	Z11111	31	0.0	90.0	4	1477.174114055259	1477.4009558538842
1477.4744376258677	0.49684156075363717	trials	210625SL	p60	Z11111	5	4.0	0.0	4	1477.6244376258678	1477.8212791866213
1480.4064208735176	0.5268417986253553	trials	210625SL	p60	Z11111	141	5.0	45.0	8	1480.5564208735177	1480.7832626721429
1480.8567044438091	0.49688156107094983	trials	210625SL	p60	Z11111	323	7.0	225.0	12	1481.0067044438092	1481.20358600488
1481.2569876176483	0.5268817989424406	trials	210625SL	p60	Z11111	199	3.0	225.0	8	1481.4069876176484	1481.6338694165906
1481.7073111882569	0.49684156075386454	trials	210625SL	p60	Z11111	220	9.0	270.0	8	1481.857311188257	1482.0541527490107
1482.1375945999675	0.49684156075363717	trials	210625SL	p60	Z11111	63	2.0	180.0	4	1482.2875945999676	1482.484436160721
1482.5578779323876	0.49684156075386454	trials	210625SL	p60	Z11111	360	14.0	315.0	12	1482.7078779323876	1482.9047194931413
1494.8362552874523	0.5268417986253553	trials	210625SL	p60	Z11111	295	9.0	135.0	12	1494.9862552874524	1495.2130970860776
1495.266538699163	0.49684156075363717	trials	210625SL	p60	Z11111	56	10.0	135.0	4	1495.416538699163	1495.6133802599165
1495.7068221901638	0.49684156075386454	trials	210625SL	p60	Z11111	67	6.0	180.0	4	1495.856822190164	1496.0536637509176
1496.1371456021916	0.49684156075386454	trials	210625SL	p60	Z11111	176	10.0	135.0	8	1496.2871456021917	1496.4839871629454
1496.5373887757135	0.49684156075386454	trials	210625SL	p60	Z11111	164	13.0	90.0	8	1496.6873887757135	1496.8842303364672
1496.9777122670316	0.4968415607540919	trials	210625SL	p60	Z11111	53	7.0	135.0	4	1497.1277122670317	1497.3245538277856
1497.4079956787423	0.49684156075386454	trials	210625SL	p60	Z11111	136	0.0	45.0	8	1497.5579956787424	1497.754837239496
1497.8082788525812	0.506841640044513	trials	210625SL	p60	Z11111	345	14.0	270.0	12	1497.9582788525813	1498.1651204926256
1501.6809095586104	0.5268417986253553	trials	210625SL	p60	Z11111	14	13.0	0.0	4	1501.8309095586105	1502.0577513572357
1502.1211930496115	0.5068816403615983	trials	210625SL	p60	Z11111	150	14.0	45.0	8	1502.2711930496116	1502.478074689973
1502.5615165409297	0.49684156075386454	trials	210625SL	p60	Z11111	96	5.0	270.0	4	1502.7115165409298	1502.9083581016835
1502.9617597144515	0.526881798942668	trials	210625SL	p60	Z11111	0			0	1503.1117597144516	1503.3386415133941
1503.4120832850604	0.49684156075386454	trials	210625SL	p60	Z11111	112	6.0	315.0	4	1503.5620832850605	1503.7589248458141
1503.8123664588993	0.5368418779160038	trials	210625SL	p60	Z11111	186	5.0	180.0	8	1503.9623664588994	1504.1992083368152
1504.2526499499004	0.526881798942668	trials	210625SL	p60	Z11111	349	3.0	315.0	12	1504.4026499499005	1504.629531748843
1504.7029735205092	0.49684156075386454	trials	210625SL	p60	Z11111	191	10.0	180.0	8	1504.8529735205093	1505.049815081263
1508.5756042265384	0.5168417193347068	trials	210625SL	p60	Z11111	306	5.0	180.0	12	1508.7256042265385	1508.942445945873
1509.0058876382489	0.49684156075386454	trials	210625SL	p60	Z11111	144	8.0	45.0	8	1509.155887638249	1509.3527291990026
1509.4361710499593	0.4968415607540919	trials	210625SL	p60	Z11111	87	11.0	225.0	4	1509.5861710499594	1509.7830126107133
1509.8364542237985	0.5368818782328617	trials	210625SL	p60	Z11111	212	1.0	270.0	8	1509.9864542237985	1510.2233361020312
1510.306777952988	0.49684156075386454	trials	210625SL	p60	Z11111	74	13.0	180.0	4	1510.4567779529882	1510.653619513742
1510.7070611268273	0.5268417986253553	trials	210625SL	p60	Z11111	97	6.0	270.0	4	1510.8570611268274	1511.0839029254525
1511.1573446971188	0.49684156075363717	trials	210625SL	p60	Z11111	111	5.0	315.0	4	1511.3073446971189	1511.5041862578723
1511.5576278709577	0.4968415607540919	trials	210625SL	p60	Z11111	294	8.0	135.0	12	1511.7076278709578	1511.9044694317117
1515.650420322646	0.506841640044513	trials	210625SL	p60	Z11111	52	6.0	135.0	4	1515.800420322646	1516.0072619626903
1516.0607035757757	0.5268417986251279	trials	210625SL	p60	Z11111	257	1.0	45.0	12	1516.2107035757758	1516.4375453744008
1516.4909869874862	0.49684156075386454	trials	210625SL	p60	Z11111	48	2.0	135.0	4	1516.6409869874863	1516.83782854824
1516.931270478487	0.4968815610714046	trials	210625SL	p60	Z11111	175	9.0	135.0	8	1517.081270478487	1517.2781520395583
1519.5130509493847	0.5168417193349342	trials	210625SL	p60	Z11111	9	8.0	0.0	4	1519.6630509493848	1519.8798926687195
1521.8346293571444	0.5068416400440583	trials	210625SL	p60	Z11111	50	4.0	135.0	4	1521.9846293571445	1522.1914709971884
1522.264912768855	0.49684156075363717	trials	210625SL	p60	Z11111	340	9.0	270.0	12	1522.4149127688552	1522.6117543296086
1524.796652842983	0.506841640044513	trials	210625SL	p60	Z11111	24	8.0	45.0	4	1524.946652842983	1525.1534944830273
1525.2069360961123	0.4968415607540919	trials	210625SL	p60	Z11111	299	13.0	135.0	12	1525.3569360961123	1525.5537776568663
1525.637219507823	0.4968415607540919	trials	210625SL	p60	Z11111	35	4.0	90.0	4	1525.787219507823	1525.984061068577
1526.0475027609523	0.526881798942668	trials	210625SL	p60	Z11111	2	1.0	0.0	4	1526.1975027609524	1526.4243845598949
1526.4977863312438	0.4968815610714046	trials	210625SL	p60	Z11111	268	12.0	45.0	12	1526.6477863312439	1526.844667892315
1526.8980695050832	0.5268817989422132	trials	210625SL	p60	Z11111	272	1.0	90.0	12	1527.0480695050833	1527.2749513040253
1527.3283529167938	0.49688156107094983	trials	210625SL	p60	Z11111	252	11.0	0.0	12	1527.478352916794	1527.6752344778647
1527.7286360906328	0.5368818782330891	trials	210625SL	p60	Z11111	317	1.0	225.0	12	1527.8786360906329	1528.1155179688658
1531.9915498912105	0.4968415607540919	trials	210625SL	p60	Z11111	93	2.0	270.0	4	1532.1415498912106	1532.3383914519645
1532.4118332236308	0.49684156075363717	trials	210625SL	p60	Z11111	126	5.0	0.0	8	1532.5618332236309	1532.7586747843843
1532.8221164767601	0.526881798942668	trials	210625SL	p60	Z11111	334	3.0	270.0	12	1532.9721164767602	1533.1989982757027
1533.2623999677612	0.506881640361371	trials	210625SL	p60	Z11111	70	9.0	180.0	4	1533.4123999677613	1533.6192816081225
1533.672683220891	0.5268817989422132	trials	210625SL	p60	Z11111	157	6.0	90.0	8	1533.8226832208911	1534.0495650198332
1534.1029666326017	0.49688156107094983	trials	210625SL	p60	Z11111	308	7.0	180.0	12	1534.2529666326018	1534.4498481936726
1534.5332900446292	0.506841640044513	trials	210625SL	p60	Z11111	51	5.0	135.0	4	1534.6832900446293	1534.8901316846736
1534.943573297759	0.49684156075363717	trials	210625SL	p60	Z11111	125	4.0	0.0	8	1535.0935732977591	1535.2904148585126
1539.116406384088	0.4968415607540919	trials	210625SL	p60	Z11111	76	0.0	225.0	4	1539.266406384088	1539.463247944842
1539.5266896372177	0.5268417986253553	trials	210625SL	p60	Z11111	146	10.0	45.0	8	1539.6766896372178	1539.903531435843
1539.956973048928	0.4968415607540919	trials	210625SL	p60	Z11111	348	2.0	315.0	12	1540.106973048928	1540.303814609682
1540.3872564606386	0.506881640361371	trials	210625SL	p60	Z11111	152	1.0	90.0	8	1540.5372564606387	1540.7441381009999
1540.827579951957	0.49684156075363717	trials	210625SL	p60	Z11111	130	9.0	0.0	8	1540.977579951957	1541.1744215127105
1541.2278231254786	0.526881798942668	trials	210625SL	p60	Z11111	311	10.0	180.0	12	1541.3778231254787	1541.6047049244212
1541.6781466960874	0.49684156075363717	trials	210625SL	p60	Z11111	199	3.0	225.0	8	1541.8281466960875	1542.024988256841
1542.0784298699264	0.5368818782330891	trials	210625SL	p60	Z11111	86	10.0	225.0	4	1542.2284298699265	1542.4653117481594
1546.131182004136	0.5268817989422132	trials	210625SL	p60	Z11111	247	6.0	0.0	12	1546.281182004136	1546.5080638030781
1546.5614654158462	0.5368818782330891	trials	210625SL	p60	Z11111	296	10.0	135.0	12	1546.7114654158463	1546.9483472940792
1547.0017889071646	0.5268417986253553	trials	210625SL	p60	Z11111	301	0.0	180.0	12	1547.1517889071647	1547.3786307057899
1547.4320723188753	0.49684156075363717	trials	210625SL	p60	Z11111	73	12.0	180.0	4	1547.5820723188754	1547.7789138796288
1547.872355809876	0.4968415607540919	trials	210625SL	p60	Z11111	307	6.0	180.0	12	1548.022355809876	1548.21919737063
1548.3026392215866	0.49688156107094983	trials	210625SL	p60	Z11111	265	9.0	45.0	12	1548.4526392215867	1548.6495207826574
1548.7029223954255	0.4968415607540919	trials	210625SL	p60	Z11111	224	13.0	270.0	8	1548.8529223954256	1549.0497639561795
1549.143245886744	0.49684156075363717	trials	210625SL	p60	Z11111	293	7.0	135.0	12	1549.293245886744	1549.4900874474974
1553.3260790523636	0.5068416400440583	trials	210625SL	p60	Z11111	326	10.0	225.0	12	1553.4760790523637	1553.6829206924076
1553.736362305493	0.4968415607540919	trials	210625SL	p60	Z11111	131	10.0	0.0	8	1553.886362305493	1554.083203866247
1554.1466455586228	0.4968415607540919	trials	210625SL	p60	Z11111	289	3.0	135.0	12	1554.296645558623	1554.4934871193768
1554.5769289703335	0.49684156075363717	trials	210625SL	p60	Z11111	91	0.0	270.0	4	1554.7269289703336	1554.923770531087
1554.9772121441724	0.49684156075363717	trials	210625SL	p60	Z11111	282	11.0	90.0	12	1555.1272121441725	1555.324053704926
1555.3774953180114	0.5268417986253553	trials	210625SL	p60	Z11111	357	11.0	315.0	12	1555.5274953180115	1555.7543371166366
1555.8277788883029	0.4968415607540919	trials	210625SL	p60	Z11111	292	6.0	135.0	12	1555.977778888303	1556.1746204490569
1556.2380621414327	0.5268817989422132	trials	210625SL	p60	Z11111	40	9.0	90.0	4	1556.3880621414328	1556.6149439403748
1558.599680866671	0.506841640044513	trials	210625SL	p60	Z11111	29	13.0	45.0	4	1558.749680866671	1558.9565225067154
1559.0199641990912	0.5068416400440583	trials	210625SL	p60	Z11111	120	14.0	315.0	4	1559.1699641990913	1559.3768058391352
1559.4602476900923	0.5268817989422132	trials	210625SL	p60	Z11111	162	11.0	90.0	8	1559.6102476900924	1559.8371294890344
1559.9105712607006	0.4968415607540919	trials	210625SL	p60	Z11111	47	1.0	135.0	4	1560.0605712607007	1560.2574128214546
1560.31085443454	0.49684156075363717	trials	210625SL	p60	Z11111	123	2.0	0.0	8	1560.4608544345401	1560.6576959952936
1560.7110976080617	0.5368818782330891	trials	210625SL	p60	Z11111	290	4.0	135.0	12	1560.8610976080618	1561.0979794862947
1561.15142109938	0.4968415607540919	trials	210625SL	p60	Z11111	168	2.0	135.0	8	1561.3014210993801	1561.498262660134
1561.5817045110907	0.49684156075363717	trials	210625SL	p60	Z11111	98	7.0	270.0	4	1561.7317045110908	1561.9285460718443
1565.7645376767105	0.5268817989422132	trials	210625SL	p60	Z11111	203	7.0	225.0	8	1565.9145376767106	1566.1414194756526
1566.2148612473188	0.4968415607540919	trials	210625SL	p60	Z11111	170	4.0	135.0	8	1566.364861247319	1566.5617028080728
1568.5964801311384	0.526881798942668	trials	210625SL	p60	Z11111	0			0	1568.7464801311385	1568.973361930081
1569.0367636221395	0.506881640361371	trials	210625SL	p60	Z11111	240	14.0	315.0	8	1569.1867636221396	1569.3936452625007
1569.4770871134574	0.4968415607540919	trials	210625SL	p60	Z11111	11	10.0	0.0	4	1569.6270871134575	1569.8239286742114
1569.8773302869795	0.5268817989422132	trials	210625SL	p60	Z11111	315	14.0	180.0	12	1570.0273302869796	1570.2542120859216
1572.9094343284855	0.5268417986253553	trials	210625SL	p60	Z11111	173	7.0	135.0	8	1573.0594343284856	1573.2862761271108
1573.359717898777	0.4968415607540919	trials	210625SL	p60	Z11111	30	14.0	45.0	4	1573.5097178987771	1573.706559459531
1583.886881368494	0.506841640044513	trials	210625SL	p60	Z11111	201	5.0	225.0	8	1584.036881368494	1584.2437230085384
1584.3071647009142	0.49684156075363717	trials	210625SL	p60	Z11111	140	4.0	45.0	8	1584.4571647009143	1584.6540062616677
1584.727448033334	0.4968815610714046	trials	210625SL	p60	Z11111	159	8.0	90.0	8	1584.877448033334	1585.0743295944053
1585.1377312864638	0.5268817989422132	trials	210625SL	p60	Z11111	12	11.0	0.0	4	1585.287731286464	1585.514613085406
1585.5780547777817	0.506841640044513	trials	210625SL	p60	Z11111	65	4.0	180.0	4	1585.7280547777818	1585.9348964178262
1586.0183382687828	0.4968415607540919	trials	210625SL	p60	Z11111	129	8.0	0.0	8	1586.168338268783	1586.3651798295368
1586.4186214426222	0.5268417986253553	trials	210625SL	p60	Z11111	163	12.0	90.0	8	1586.5686214426223	1586.7954632412475
1586.8689450132306	0.4968415607540919	trials	210625SL	p60	Z11111	186	5.0	180.0	8	1587.0189450132307	1587.2157865739846
1593.4633973005416	0.5268817989422132	trials	210625SL	p60	Z11111	346	0.0	315.0	12	1593.6133973005417	1593.8402790994837
1593.91372087115	0.4968415607540919	trials	210625SL	p60	Z11111	107	1.0	315.0	4	1594.06372087115	1594.260562431904
1594.3440042828606	0.49684156075363717	trials	210625SL	p60	Z11111	174	8.0	135.0	8	1594.4940042828607	1594.6908458436142
1594.75428753599	0.4968415607540919	trials	210625SL	p60	Z11111	0			0	1594.90428753599	1595.101129096744
1595.1845709477006	0.49688156107094983	trials	210625SL	p60	Z11111	63	2.0	180.0	4	1595.3345709477007	1595.5314525087715
1595.6148943597286	0.49684156075363717	trials	210625SL	p60	Z11111	147	11.0	45.0	8	1595.7648943597287	1595.9617359204822
1596.025177612858	0.5268417986253553	trials	210625SL	p60	Z11111	235	9.0	315.0	8	1596.175177612858	1596.4020194114833
1596.465461103859	0.5068416400440583	trials	210625SL	p60	Z11111	69	8.0	180.0	4	1596.6154611038592	1596.822302743903
1600.4381726034271	0.5268417986253553	trials	210625SL	p60	Z11111	246	5.0	0.0	12	1600.5881726034272	1600.8150144020524
1600.8684560151378	0.49684156075363717	trials	210625SL	p60	Z11111	300	14.0	135.0	12	1601.0184560151379	1601.2152975758913
1601.2687391889767	0.5268417986253553	trials	210625SL	p60	Z11111	248	7.0	0.0	12	1601.4187391889768	1601.645580987602
1601.7090226799778	0.4968415607540919	trials	210625SL	p60	Z11111	286	0.0	135.0	12	1601.859022679978	1602.0558642407318
1602.1393060916885	0.49688156107094983	trials	210625SL	p60	Z11111	148	12.0	45.0	8	1602.2893060916886	1602.4861876527593
1602.5395892655274	0.5368818782330891	trials	210625SL	p60	Z11111	75	14.0	180.0	4	1602.6895892655275	1602.9264711437604
1602.9799127568458	0.5268417986253553	trials	210625SL	p60	Z11111	350	4.0	315.0	12	1603.129912756846	1603.356754555471
1603.4301963271373	0.49684156075363717	trials	210625SL	p60	Z11111	43	12.0	90.0	4	1603.5801963271374	1603.7770378878909
1607.5029886202447	0.5168417193349342	trials	210625SL	p60	Z11111	190	9.0	180.0	8	1607.6529886202447	1607.8698303395795
1607.9432721112457	0.49684156075363717	trials	210625SL	p60	Z11111	222	11.0	270.0	8	1608.0932721112458	1608.2901136719993
1608.3435552850847	0.49684156075363717	trials	210625SL	p60	Z11111	352	6.0	315.0	12	1608.4935552850848	1608.6903968458382
1608.7838387760858	0.49684156075363717	trials	210625SL	p60	Z11111	142	6.0	45.0	8	1608.9338387760858	1609.1306803368393
1609.1841219499247	0.5268817989422132	trials	210625SL	p60	Z11111	221	10.0	270.0	8	1609.3341219499248	1609.5610037488668
1609.6344455205335	0.49684156075363717	trials	210625SL	p60	Z11111	273	2.0	90.0	12	1609.7844455205336	1609.981287081287
1610.0346886940556	0.5268817989422132	trials	210625SL	p60	Z11111	183	2.0	180.0	8	1610.1846886940557	1610.4115704929977
1610.4650121060831	0.506841640044513	trials	210625SL	p60	Z11111	82	6.0	225.0	4	1610.6150121060832	1610.8218537461275
1614.507764161002	0.5268417986253553	trials	210625SL	p60	Z11111	33	2.0	90.0	4	1614.657764161002	1614.8846059596272
1614.948047652003	0.49684156075363717	trials	210625SL	p60	Z11111	54	8.0	135.0	4	1615.098047652003	1615.2948892127565
1615.3583309051323	0.526881798942668	trials	210625SL	p60	Z11111	56	10.0	135.0	4	1615.5083309051324	1615.735212704075
1615.788614316843	0.5268817989422132	trials	210625SL	p60	Z11111	92	1.0	270.0	4	1615.938614316843	1616.1654961157851
1616.2188977285537	0.49688156107094983	trials	210625SL	p60	Z11111	236	10.0	315.0	8	1616.3688977285537	1616.5657792896245
1616.629180981683	0.4968415607540919	trials	210625SL	p60	Z11111	81	5.0	225.0	4	1616.779180981683	1616.976022542437
1617.059504393711	0.49684156075363717	trials	210625SL	p60	Z11111	193	12.0	180.0	8	1617.209504393711	1617.4063459544645
1617.4597475672326	0.526881798942668	trials	210625SL	p60	Z11111	303	2.0	180.0	12	1617.6097475672327	1617.8366293661752
1621.5825802571098	0.5168417193344794	trials	210625SL	p60	Z11111	18	2.0	45.0	4	1621.73258025711	1621.9494219764442
1622.0228637481105	0.4968415607540919	trials	210625SL	p60	Z11111	153	2.0	90.0	8	1622.1728637481106	1622.3697053088645
1622.4431470805307	0.49684156075363717	trials	210625SL	p60	Z11111	41	10.0	90.0	4	1622.5931470805308	1622.7899886412843
1624.8748063611197	0.5268817989422132	trials	210625SL	p60	Z11111	205	9.0	225.0	8	1625.0248063611198	1625.2516881600618
1625.3150898521208	0.506881640361371	trials	210625SL	p60	Z11111	101	10.0	270.0	4	1625.4650898521209	1625.671971492482
1625.7253731052501	0.526881798942668	trials	210625SL	p60	Z11111	5	4.0	0.0	4	1625.8753731052502	1626.1022549041927
1626.175696675859	0.49684156075363717	trials	210625SL	p60	Z11111	44	13.0	90.0	4	1626.325696675859	1626.5225382366125
1626.575979849698	0.5268417986253553	trials	210625SL	p60	Z11111	17	1.0	45.0	4	1626.725979849698	1626.9528216483232
1627.0062632614085	0.5068416400440583	trials	210625SL	p60	Z11111	260	4.0	45.0	12	1627.1562632614086	1627.3631049014525
1627.4465467524096	0.49684156075363717	trials	210625SL	p60	Z11111	279	8.0	90.0	12	1627.5965467524097	1627.7933883131632
1627.8468299262486	0.5268817989422132	trials	210625SL	p60	Z11111	187	6.0	180.0	8	1627.9968299262487	1628.2237117251907
1632.099743647536	0.5268417986253553	trials	210625SL	p60	Z11111	36	5.0	90.0	4	1632.249743647536	1632.4765854461612
1632.5500272178274	0.4968415607540919	trials	210625SL	p60	Z11111	182	1.0	180.0	8	1632.7000272178275	1632.8968687785814
1632.9503103916668	0.5268817989422132	trials	210625SL	p60	Z11111	84	8.0	225.0	4	1633.1003103916669	1633.327192190609
1633.4006339622752	0.4968415607540919	trials	210625SL	p60	Z11111	309	8.0	180.0	12	1633.5506339622752	1633.7474755230292
1633.8008771357972	0.49684156075363717	trials	210625SL	p60	Z11111	13	12.0	0.0	4	1633.9508771357973	1634.1477186965508
1634.2312005478248	0.4968415607540919	trials	210625SL	p60	Z11111	226	0.0	315.0	8	1634.3812005478248	1634.5780421085788
1634.6414438006373	0.526881798942668	trials	210625SL	p60	Z11111	119	13.0	315.0	4	1634.7914438006374	1635.0183255995798
1635.091767371246	0.49684156075363717	trials	210625SL	p60	Z11111	313	12.0	180.0	12	1635.2417673712462	1635.4386089319996
1639.1645596643534	0.49684156075363717	trials	210625SL	p60	Z11111	61	0.0	180.0	4	1639.3145596643535	1639.511401225107
1639.5748429174828	0.5268417986253553	trials	210625SL	p60	Z11111	139	3.0	45.0	8	1639.7248429174829	1639.951684716108
1640.0251264877743	0.4968415607540919	trials	210625SL	p60	Z11111	31	0.0	90.0	4	1640.1751264877744	1640.3719680485283
1640.455409899485	0.49684156075363717	trials	210625SL	p60	Z11111	169	3.0	135.0	8	1640.605409899485	1640.8022514602385
1640.855693073324	0.4968415607540919	trials	210625SL	p60	Z11111	179	13.0	135.0	8	1641.005693073324	1641.202534634078
1641.2659763264537	0.5268817989422132	trials	210625SL	p60	Z11111	345	14.0	270.0	12	1641.4159763264538	1641.6428581253958
1641.6962597381644	0.5268817989422132	trials	210625SL	p60	Z11111	229	3.0	315.0	8	1641.8462597381645	1642.0731415371065
1642.1465833087727	0.4968415607540919	trials	210625SL	p60	Z11111	227	1.0	315.0	8	1642.2965833087728	1642.4934248695267
1646.1292948876317	0.5268417986253553	trials	210625SL	p60	Z11111	297	11.0	135.0	12	1646.2792948876317	1646.506136686257
1646.5595782993423	0.49684156075363717	trials	210625SL	p60	Z11111	106	0.0	315.0	4	1646.7095782993424	1646.9064198600959
1646.9999017906603	0.49680156043677925	trials	210625SL	p60	Z11111	58	12.0	135.0	4	1647.1499017906604	1647.346703351097
1647.400144964182	0.526881798942668	trials	210625SL	p60	Z11111	89	13.0	225.0	4	1647.550144964182	1647.7770267631245
1647.8504685347907	0.4968415607540919	trials	210625SL	p60	Z11111	319	3.0	225.0	12	1648.0004685347908	1648.1973100955447
1648.2507117083128	0.5268817989422132	trials	210625SL	p60	Z11111	228	2.0	315.0	8	1648.4007117083129	1648.627593507255
1648.6810351203403	0.506841640044513	trials	210625SL	p60	Z11111	185	4.0	180.0	8	1648.8310351203404	1649.0378767603847
1649.0913183734701	0.5268417986253553	trials	210625SL	p60	Z11111	8	7.0	0.0	4	1649.2413183734702	1649.4681601720954
1653.1240703490985	0.5068416400440583	trials	210625SL	p60	Z11111	14	13.0	0.0	4	1653.2740703490986	1653.4809119891424
1653.534313601911	0.49684156075363717	trials	210625SL	p60	Z11111	116	10.0	315.0	4	1653.684313601911	1653.8811551626645
1653.93459677575	0.5368818782330891	trials	210625SL	p60	Z11111	339	8.0	270.0	12	1654.08459677575	1654.321478653983
1654.3849203463587	0.49684156075363717	trials	210625SL	p60	Z11111	10	9.0	0.0	4	1654.5349203463588	1654.7317619071123
1654.795203599488	0.4968415607540919	trials	210625SL	p60	Z11111	259	3.0	45.0	12	1654.9452035994882	1655.142045160242
1655.1954467730102	0.5268817989422132	trials	210625SL	p60	Z11111	85	9.0	225.0	4	1655.3454467730103	1655.5723285719523
1655.6457703436186	0.4968415607540919	trials	210625SL	p60	Z11111	99	8.0	270.0	4	1655.7957703436186	1655.9926119043726
1656.046053517458	0.5268417986253553	trials	210625SL	p60	Z11111	336	5.0	270.0	12	1656.196053517458	1656.4228953160832
1660.1788462863078	0.526881798942668	trials	210625SL	p60	Z11111	318	2.0	225.0	12	1660.328846286308	1660.5557280852504
1660.6091696983358	0.49684156075363717	trials	210625SL	p60	Z11111	154	3.0	90.0	8	1660.7591696983359	1660.9560112590893
1661.0394531100465	0.5068416400440583	trials	210625SL	p60	Z11111	321	5.0	225.0	12	1661.1894531100465	1661.3962947500904
1661.4497363631758	0.5268417986253553	trials	210625SL	p60	Z11111	261	5.0	45.0	12	1661.599736363176	1661.826578161801
1661.9000199334673	0.4968415607540919	trials	210625SL	p60	Z11111	333	2.0	270.0	12	1662.0500199334674	1662.2468614942213
1662.3003031073067	0.5268817989422132	trials	210625SL	p60	Z11111	151	0.0	90.0	8	1662.4503031073068	1662.6771849062488
1662.750626677915	0.4968415607540919	trials	210625SL	p60	Z11111	280	9.0	90.0	12	1662.9006266779152	1663.097468238669
1663.1809100896257	0.5068416400440583	trials	210625SL	p60	Z11111	113	7.0	315.0	4	1663.3309100896258	1663.5377517296697
1669.094916981695	0.526881798942668	trials	210625SL	p60	Z11111	256	0.0	45.0	12	1669.244916981695	1669.4717987806375
1669.5452405523038	0.49684156075363717	trials	210625SL	p60	Z11111	351	5.0	315.0	12	1669.6952405523039	1669.8920821130573
1669.9454837258259	0.49688156107094983	trials	210625SL	p60	Z11111	230	4.0	315.0	8	1670.095483725826	1670.2923652868967
1670.3758071378534	0.4968415607540919	trials	210625SL	p60	Z11111	109	3.0	315.0	4	1670.5258071378535	1670.7226486986074
1670.7760903116928	0.49684156075363717	trials	210625SL	p60	Z11111	180	14.0	135.0	8	1670.9260903116929	1671.1229318724463
1671.2163738026939	0.49684156075363717	trials	210625SL	p60	Z11111	275	4.0	90.0	12	1671.366373802694	1671.5632153634474
1671.6166569765328	0.5268417986253553	trials	210625SL	p60	Z11111	53	7.0	135.0	4	1671.7666569765329	1671.993498775158
1672.046940388243	0.506841640044513	trials	210625SL	p60	Z11111	343	12.0	270.0	12	1672.196940388243	1672.4037820282874
1676.149732919222	0.526881798942668	trials	210625SL	p60	Z11111	331	0.0	270.0	12	1676.2997329192222	1676.5266147181646
1676.6000564898309	0.49684156075363717	trials	210625SL	p60	Z11111	239	13.0	315.0	8	1676.750056489831	1676.9468980505844
1677.0002996633525	0.526881798942668	trials	210625SL	p60	Z11111	166	0.0	135.0	8	1677.1502996633526	1677.377181462295
1677.43062307538	0.5368418779162312	trials	210625SL	p60	Z11111	37	6.0	90.0	4	1677.5806230753801	1677.8174649532962
1677.8909067249624	0.49684156075363717	trials	210625SL	p60	Z11111	330	14.0	225.0	12	1678.0409067249625	1678.237748285716
1678.32123013699	0.4968415607540919	trials	210625SL	p60	Z11111	156	5.0	90.0	8	1678.47123013699	1678.668071697744
1678.721473310512	0.5268817989422132	trials	210625SL	p60	Z11111	128	7.0	0.0	8	1678.871473310512	1679.0983551094541
1679.1717968811204	0.4968415607540919	trials	210625SL	p60	Z11111	141	5.0	45.0	8	1679.3217968811205	1679.5186384418744
1683.194508777141	0.526881798942668	trials	210625SL	p60	Z11111	198	2.0	225.0	8	1683.344508777141	1683.5713905760836
1683.624832189169	0.49684156075363717	trials	210625SL	p60	Z11111	310	9.0	180.0	12	1683.774832189169	1683.9716737499225
1684.0551156008796	0.49684156075363717	trials	210625SL	p60	Z11111	359	13.0	315.0	12	1684.2051156008797	1684.4019571616332
1684.465398854009	0.526881798942668	trials	210625SL	p60	Z11111	234	8.0	315.0	8	1684.615398854009	1684.8422806529516
1687.077179562778	0.5168417193349342	trials	210625SL	p60	Z11111	138	2.0	45.0	8	1687.227179562778	1687.4440212821128
1687.517463053779	0.49684156075363717	trials	210625SL	p60	Z11111	197	1.0	225.0	8	1687.667463053779	1687.8643046145326
1690.1192436832575	0.5068416400440583	trials	210625SL	p60	Z11111	4	3.0	0.0	4	1690.2692436832576	1690.4760853233015
1690.5495270949682	0.49684156075363717	trials	210625SL	p60	Z11111	295	9.0	135.0	12	1690.6995270949683	1690.8963686557217
1690.9798505069957	0.49684156075363717	trials	210625SL	p60	Z11111	338	7.0	270.0	12	1691.1298505069958	1691.3266920677493
1691.4001338394155	0.4968415607540919	trials	210625SL	p60	Z11111	353	7.0	315.0	12	1691.5501338394156	1691.7469754001695
1691.800377012938	0.5268817989422132	trials	210625SL	p60	Z11111	223	12.0	270.0	8	1691.9503770129381	1692.1772588118802
1692.2507005835464	0.4968415607540919	trials	210625SL	p60	Z11111	0			0	1692.4007005835465	1692.5975421443004
1692.6609838366762	0.5268417986253553	trials	210625SL	p60	Z11111	360	14.0	315.0	12	1692.8109838366763	1693.0378256353015
1693.0912672483864	0.4968415607540919	trials	210625SL	p60	Z11111	90	14.0	225.0	4	1693.2412672483865	1693.4381088091404
1697.2241000175536	0.506841640044513	trials	210625SL	p60	Z11111	100	9.0	270.0	4	1697.3741000175537	1697.580941657598
1697.6543834292643	0.4968415607540919	trials	210625SL	p60	Z11111	208	12.0	225.0	8	1697.8043834292644	1698.0012249900183
1698.084666840975	0.506841640044513	trials	210625SL	p60	Z11111	214	3.0	270.0	8	1698.234666840975	1698.4415084810194
1698.524950331976	0.49688156107094983	trials	210625SL	p60	Z11111	188	7.0	180.0	8	1698.674950331976	1698.8718318930469
1698.9252335058154	0.5268817989422132	trials	210625SL	p60	Z11111	328	12.0	225.0	12	1699.0752335058155	1699.3021153047575
1699.3755570764238	0.4968415607540919	trials	210625SL	p60	Z11111	195	14.0	180.0	8	1699.5255570764239	1699.7223986371778
1699.7858403295536	0.5268417986249005	trials	210625SL	p60	Z11111	3	2.0	0.0	4	1699.9358403295537	1700.1626821281784
1700.2261238205547	0.5068416400440583	trials	210625SL	p60	Z11111	251	10.0	0.0	12	1700.3761238205548	1700.5829654605986
1704.2989161136616	0.5268417986253553	trials	210625SL	p60	Z11111	57	11.0	135.0	4	1704.4489161136617	1704.6757579122868
1704.749199683953	0.4968415607540919	trials	210625SL	p60	Z11111	78	2.0	225.0	4	1704.8991996839532	1705.096041244707
1705.179523095981	0.49684156075363717	trials	210625SL	p60	Z11111	16	0.0	45.0	4	1705.3295230959811	1705.5263646567346
1705.5897663487935	0.5268817989422132	trials	210625SL	p60	Z11111	337	6.0	270.0	12	1705.7397663487936	1705.9666481477357
1706.0300898401115	0.506841640044513	trials	210625SL	p60	Z11111	302	1.0	180.0	12	1706.1800898401116	1706.386931480156
1706.4403730932409	0.5268417986253553	trials	210625SL	p60	Z11111	216	5.0	270.0	8	1706.590373093241	1706.8172148918661
1706.8906566635328	0.49684156075363717	trials	210625SL	p60	Z11111	274	3.0	90.0	12	1707.040656663533	1707.2374982242864
1707.3209800755603	0.5268417986253553	trials	210625SL	p60	Z11111	194	13.0	180.0	8	1707.4709800755604	1707.6978218741856
1711.4637729237006	0.5068816403618257	trials	210625SL	p60	Z11111	325	9.0	225.0	12	1711.6137729237007	1711.8206545640624
1711.8840562561209	0.506881640361371	trials	210625SL	p60	Z11111	324	8.0	225.0	12	1712.034056256121	1712.2409378964821
1714.3657559334797	0.5068416400440583	trials	210625SL	p60	Z11111	233	7.0	315.0	8	1714.5157559334798	1714.7225975735237
1714.79603934519	0.4968415607540919	trials	210625SL	p60	Z11111	6	5.0	0.0	4	1714.94603934519	1715.142880905944
1715.1963225190289	0.506841640044513	trials	210625SL	p60	Z11111	19	3.0	45.0	4	1715.346322519029	1715.5531641590733
1715.6366460103472	0.49684156075363717	trials	210625SL	p60	Z11111	172	6.0	135.0	8	1715.7866460103473	1715.9834875711008
1716.0368891838693	0.4968415607540919	trials	210625SL	p60	Z11111	102	11.0	270.0	4	1716.1868891838694	1716.3837307446233
1716.46717259558	0.49688156107094983	trials	210625SL	p60	Z11111	161	10.0	90.0	8	1716.61717259558	1716.8140541566509
1716.8774558487094	0.49684156075363717	trials	210625SL	p60	Z11111	158	7.0	90.0	8	1717.0274558487095	1717.224297409463
1717.2777390225483	0.526881798942668	trials	210625SL	p60	Z11111	269	13.0	45.0	12	1717.4277390225484	1717.6546208214909
1721.3404912360484	0.506881640361371	trials	210625SL	p60	Z11111	304	3.0	180.0	12	1721.4904912360485	1721.6973728764096
1721.7608145687855	0.5268417986253553	trials	210625SL	p60	Z11111	132	11.0	0.0	8	1721.9108145687856	1722.1376563674107
1722.211098139077	0.5268817989422132	trials	210625SL	p60	Z11111	206	10.0	225.0	8	1722.361098139077	1722.587979938019
1722.6614217096853	0.4968415607540919	trials	210625SL	p60	Z11111	255	14.0	0.0	12	1722.8114217096854	1723.0082632704393
1723.091705121396	0.4968415607540919	trials	210625SL	p60	Z11111	27	11.0	45.0	4	1723.241705121396	1723.43854668215
1723.4919882952354	0.5068416400440583	trials	210625SL	p60	Z11111	143	7.0	45.0	8	1723.6419882952355	1723.8488299352794
1723.932271786236	0.4968415607540919	trials	210625SL	p60	Z11111	225	14.0	270.0	8	1724.082271786236	1724.27911334699
1724.3625551979467	0.4968415607540919	trials	210625SL	p60	Z11111	0			0	1724.5125551979468	1724.7093967587007
1728.7155497127733	0.5268417986249005	trials	210625SL	p60	Z11111	184	3.0	180.0	8	1728.8655497127734	1729.092391511398
1729.1658332830643	0.4968415607540919	trials	210625SL	p60	Z11111	196	0.0	225.0	8	1729.3158332830644	1729.5126748438183
1729.596116694775	0.49688156107094983	trials	210625SL	p60	Z11111	213	2.0	270.0	8	1729.746116694775	1729.9429982558459
1730.0063999479048	0.4968415607540919	trials	210625SL	p60	Z11111	358	12.0	315.0	12	1730.156399947905	1730.3532415086588
1730.4367233599323	0.4968415607540919	trials	210625SL	p60	Z11111	28	12.0	45.0	4	1730.5867233599324	1730.7835649206863
1730.8570066923526	0.4968415607540919	trials	210625SL	p60	Z11111	149	13.0	45.0	8	1731.0070066923527	1731.2038482531066
1731.2872901040632	0.49684156075363717	trials	210625SL	p60	Z11111	20	4.0	45.0	4	1731.4372901040633	1731.6341316648168
1733.819030178191	0.5268417986253553	trials	210625SL	p60	Z11111	322	6.0	225.0	12	1733.9690301781911	1734.1958719768163
1734.2693137484825	0.4968415607540919	trials	210625SL	p60	Z11111	22	6.0	45.0	4	1734.4193137484826	1734.6161553092365
1736.8110539019012	0.5268417986253553	trials	210625SL	p60	Z11111	121	0.0	0.0	8	1736.9610539019013	1737.1878957005265
1737.2513373929019	0.5168817196522468	trials	210625SL	p60	Z11111	335	4.0	270.0	12	1737.401337392902	1737.618219112554
1737.6916608842203	0.49684156075363717	trials	210625SL	p60	Z11111	95	4.0	270.0	4	1737.8416608842203	1738.0385024449738
1738.0919040577423	0.506881640361371	trials	210625SL	p60	Z11111	271	0.0	90.0	12	1738.2419040577424	1738.4487856981036
1738.5021873108722	0.5268817989422132	trials	210625SL	p60	Z11111	38	7.0	90.0	4	1738.6521873108723	1738.8790691098143
1738.9525108814805	0.4968415607540919	trials	210625SL	p60	Z11111	136	0.0	45.0	8	1739.1025108814806	1739.2993524422345
1739.3527540550026	0.5268817989422132	trials	210625SL	p60	Z11111	67	6.0	180.0	4	1739.5027540550027	1739.7296358539447
1739.8030776256114	0.49684156075363717	trials	210625SL	p60	Z11111	26	10.0	45.0	4	1739.9530776256115	1740.149919186365
1743.90587015659	0.5068416400440583	trials	210625SL	p60	Z11111	66	5.0	180.0	4	1744.0558701565901	1744.262711796634
1744.3361935686175	0.4968415607540919	trials	210625SL	p60	Z11111	249	8.0	0.0	12	1744.4861935686176	1744.6830351293715
1744.7364367421396	0.49684156075363717	trials	210625SL	p60	Z11111	244	3.0	0.0	12	1744.8864367421397	1745.0832783028932
1745.1667601541672	0.4968415607540919	trials	210625SL	p60	Z11111	332	1.0	270.0	12	1745.3167601541672	1745.5136017149212
1745.5770034069797	0.49684156075363717	trials	210625SL	p60	Z11111	46	0.0	135.0	4	1745.7270034069797	1745.9238449677332
1745.9772865808186	0.526881798942668	trials	210625SL	p60	Z11111	79	3.0	225.0	4	1746.1272865808187	1746.3541683797612
1746.4276101514274	0.49684156075363717	trials	210625SL	p60	Z11111	202	6.0	225.0	8	1746.5776101514275	1746.774451712181
1746.857893563138	0.49684156075363717	trials	210625SL	p60	Z11111	49	3.0	135.0	4	1747.0078935631382	1747.2047351238916
1751.0007264115957	0.5168417193349342	trials	210625SL	p60	Z11111	258	2.0	45.0	12	1751.1507264115958	1751.3675681309305
1751.4410099025968	0.4968415607540919	trials	210625SL	p60	Z11111	60	14.0	135.0	4	1751.5910099025969	1751.7878514633508
1751.8812933935978	0.49688156107094983	trials	210625SL	p60	Z11111	7	6.0	0.0	4	1752.031293393598	1752.2281749546687
1752.2815765674368	0.526881798942668	trials	210625SL	p60	Z11111	344	13.0	270.0	12	1752.4315765674369	1752.6584583663794
1752.7319001380456	0.49684156075363717	trials	210625SL	p60	Z11111	32	1.0	90.0	4	1752.8819001380457	1753.0787416987991
1753.1321833118845	0.5268417986253553	trials	210625SL	p60	Z11111	25	9.0	45.0	4	1753.2821833118846	1753.5090251105098
1753.582466882176	0.4968415607540919	trials	210625SL	p60	Z11111	39	8.0	90.0	4	1753.7324668821761	1753.92930844293
1753.982750056015	0.5268417986253553	trials	210625SL	p60	Z11111	220	9.0	270.0	8	1754.132750056015	1754.3595918546403
1758.1856233805333	0.5068416400440583	trials	210625SL	p60	Z11111	254	13.0	0.0	12	1758.3356233805334	1758.5424650205773
1758.6159067922435	0.4968415607540919	trials	210625SL	p60	Z11111	133	12.0	0.0	8	1758.7659067922436	1758.9627483529976
1759.0161899660825	0.506841640044513	trials	210625SL	p60	Z11111	105	14.0	270.0	4	1759.1661899660826	1759.373031606127
1761.3477684531326	0.506841640044513	trials	210625SL	p60	Z11111	118	12.0	315.0	4	1761.4977684531327	1761.704610093177
1761.7680517855529	0.5268417986249005	trials	210625SL	p60	Z11111	64	3.0	180.0	4	1761.918051785553	1762.1448935841777
1762.208335276554	0.49684156075363717	trials	210625SL	p60	Z11111	263	7.0	45.0	12	1762.358335276554	1762.5551768373075
1762.6186185296833	0.526881798942668	trials	210625SL	p60	Z11111	137	1.0	45.0	8	1762.7686185296834	1762.995500328626
1763.0689421002921	0.49684156075363717	trials	210625SL	p60	Z11111	21	5.0	45.0	4	1763.2189421002922	1763.4157836610457
1763.4992255120023	0.4968415607540919	trials	210625SL	p60	Z11111	83	7.0	225.0	4	1763.6492255120024	1763.8460670727563
1763.8995086858417	0.5068416400440583	trials	210625SL	p60	Z11111	264	8.0	45.0	12	1764.0495086858418	1764.2563503258857
1764.3397921768424	0.4968415607540919	trials	210625SL	p60	Z11111	232	6.0	315.0	8	1764.4897921768425	1764.6866337375964
1768.3925443110516	0.5068816403618257	trials	210625SL	p60	Z11111	127	6.0	0.0	8	1768.5425443110516	1768.7494259514133
1768.8228677230795	0.49684156075363717	trials	210625SL	p60	Z11111	305	4.0	180.0	12	1768.9728677230796	1769.169709283833
1769.2531511347902	0.49684156075363717	trials	210625SL	p60	Z11111	72	11.0	180.0	4	1769.4031511347903	1769.5999926955437
1769.6533943083118	0.5368818782330891	trials	210625SL	p60	Z11111	177	11.0	135.0	8	1769.803394308312	1770.0402761865448
1770.1037178789206	0.4968415607540919	trials	210625SL	p60	Z11111	114	8.0	315.0	4	1770.2537178789207	1770.4505594396746
1770.5140011320505	0.5268817989422132	trials	210625SL	p60	Z11111	285	14.0	90.0	12	1770.6640011320505	1770.8908829309926
1770.954284623051	0.5068816403618257	trials	210625SL	p60	Z11111	15	14.0	0.0	4	1771.1042846230512	1771.3111662634128
1771.364567876181	0.526881798942668	trials	210625SL	p60	Z11111	253	12.0	0.0	12	1771.514567876181	1771.7414496751235
1775.3973198518092	0.5268817989422132	trials	210625SL	p60	Z11111	110	4.0	315.0	4	1775.5473198518093	1775.7742016507514
1775.8476434224176	0.4968415607540919	trials	210625SL	p60	Z11111	204	8.0	225.0	8	1775.9976434224177	1776.1944849831716
1776.247926596257	0.5268417986253553	trials	210625SL	p60	Z11111	96	5.0	270.0	4	1776.397926596257	1776.6247683948823
1776.6982101665485	0.49684156075363717	trials	210625SL	p60	Z11111	262	6.0	45.0	12	1776.8482101665486	1777.045051727302
1777.0984933403874	0.5268417986253553	trials	210625SL	p60	Z11111	231	5.0	315.0	8	1777.2484933403875	1777.4753351390127
1777.548776910679	0.49684156075363717	trials	210625SL	p60	Z11111	94	3.0	270.0	4	1777.698776910679	1777.8956184714325
1777.949060084518	0.5368818782330891	trials	210625SL	p60	Z11111	34	3.0	90.0	4	1778.099060084518	1778.335941962751
1778.3993836551267	0.49684156075363717	trials	210625SL	p60	Z11111	217	6.0	270.0	8	1778.5493836551268	1778.7462252158803
1782.492176106815	0.506841640044513	trials	210625SL	p60	Z11111	219	8.0	270.0	8	1782.642176106815	1782.8490177468593
1782.9024193596274	0.49688156107094983	trials	210625SL	p60	Z11111	342	11.0	270.0	12	1783.0524193596275	1783.2493009206983
1785.143957132746	0.5168817196517921	trials	210625SL	p60	Z11111	207	11.0	225.0	8	1785.293957132746	1785.5108388523977
1785.5742405444562	0.4968815610714046	trials	210625SL	p60	Z11111	354	8.0	315.0	12	1785.7242405444563	1785.9211221055275
1785.984523797586	0.526881798942668	trials	210625SL	p60	Z11111	167	1.0	135.0	8	1786.134523797586	1786.3614055965286
1786.4348473681948	0.49684156075363717	trials	210625SL	p60	Z11111	211	0.0	270.0	8	1786.584847368195	1786.7816889289484
1786.8451306213242	0.5368818782330891	trials	210625SL	p60	Z11111	55	9.0	135.0	4	1786.9951306213243	1787.2320124995572
1787.295454191933	0.5068416400440583	trials	210625SL	p60	Z11111	108	2.0	315.0	4	1787.445454191933	1787.652295831977
1787.7056974447455	0.5268817989422132	trials	210625SL	p60	Z11111	42	11.0	90.0	4	1787.8556974447456	1788.0825792436876
1788.1560210153539	0.4968415607540919	trials	210625SL	p60	Z11111	134	13.0	0.0	8	1788.306021015354	1788.5028625761079
1792.268813625623	0.5168817196522468	trials	210625SL	p60	Z11111	62	1.0	180.0	4	1792.418813625623	1792.635695345275
1794.9706750486407	0.506841640044513	trials	210625SL	p60	Z11111	277	6.0	90.0	12	1795.1206750486408	1795.3275166886851
1795.38095830177	0.5268417986253553	trials	210625SL	p60	Z11111	200	4.0	225.0	8	1795.5309583017702	1795.7578001003953
1795.8312418720616	0.526881798942668	trials	210625SL	p60	Z11111	181	0.0	180.0	8	1795.9812418720617	1796.2081236710042
1796.2815654426704	0.4968415607540919	trials	210625SL	p60	Z11111	122	1.0	0.0	8	1796.4315654426705	1796.6284070034244
1796.6818086161925	0.5268817989422132	trials	210625SL	p60	Z11111	283	12.0	90.0	12	1796.8318086161926	1797.0586904151346
1797.1221321075104	0.5268417986253553	trials	210625SL	p60	Z11111	145	9.0	45.0	8	1797.2721321075105	1797.4989739061357
1797.572415677802	0.4968415607540919	trials	210625SL	p60	Z11111	23	7.0	45.0	4	1797.722415677802	1797.919257238556
1798.00273908983	0.49684156075363717	trials	210625SL	p60	Z11111	327	11.0	225.0	12	1798.15273908983	1798.3495806505834
1802.6058555878694	0.526881798942668	trials	210625SL	p60	Z11111	270	14.0	45.0	12	1802.7558555878695	1802.982737386812
1803.0561791584782	0.49684156075363717	trials	210625SL	p60	Z11111	329	13.0	225.0	12	1803.2061791584783	1803.4030207192318
1803.4564223320003	0.49684156075363717	trials	210625SL	p60	Z11111	124	3.0	0.0	8	1803.6064223320004	1803.8032638927539
1803.8867457440278	0.506841640044513	trials	210625SL	p60	Z11111	281	10.0	90.0	12	1804.036745744028	1804.2435873840723
1804.2970289971577	0.5268417986253553	trials	210625SL	p60	Z11111	355	9.0	315.0	12	1804.4470289971578	1804.673870795783
1804.7273124088683	0.49684156075363717	trials	210625SL	p60	Z11111	88	12.0	225.0	4	1804.8773124088684	1805.0741539696219
1805.1575958205785	0.506841640044513	trials	210625SL	p60	Z11111	164	13.0	90.0	8	1805.3075958205786	1805.514437460623
1805.5978793115796	0.49688156107094983	trials	210625SL	p60	Z11111	341	10.0	270.0	12	1805.7478793115797	1805.9447608726505
1809.8007526360975	0.5268817989422132	trials	210625SL	p60	Z11111	71	10.0	180.0	4	1809.9507526360976	1810.1776344350396
1810.2410361270981	0.5068816403618257	trials	210625SL	p60	Z11111	189	8.0	180.0	8	1810.3910361270982	1810.5979177674599
1810.6813596184165	0.49684156075363717	trials	210625SL	p60	Z11111	356	10.0	315.0	12	1810.8313596184166	1811.02820117917
1811.0816427922555	0.4968415607540919	trials	210625SL	p60	Z11111	178	12.0	135.0	8	1811.2316427922556	1811.4284843530095
1811.4818859657776	0.5068816403618257	trials	210625SL	p60	Z11111	278	7.0	90.0	12	1811.6318859657777	1811.8387676061393
1811.922209457096	0.49684156075363717	trials	210625SL	p60	Z11111	238	12.0	315.0	8	1812.072209457096	1812.2690510178495
1812.322492630935	0.5268417986253553	trials	210625SL	p60	Z11111	209	13.0	225.0	8	1812.472492630935	1812.6993344295602
1812.7527760426456	0.49684156075363717	trials	210625SL	p60	Z11111	237	11.0	315.0	8	1812.9027760426457	1813.099617603399
1817.846216428456	0.5268817989422132	trials	210625SL	p60	Z11111	171	5.0	135.0	8	1817.9962164284561	1818.2230982273982
1818.286539919774	0.506841640044513	trials	210625SL	p60	Z11111	242	1.0	0.0	12	1818.436539919774	1818.6433815598184
1818.6968231729038	0.5268417986253553	trials	210625SL	p60	Z11111	155	4.0	90.0	8	1818.846823172904	1819.073664971529
1819.1471467435122	0.4968415607540919	trials	210625SL	p60	Z11111	115	9.0	315.0	4	1819.2971467435123	1819.4939883042662
1819.5473899170343	0.526881798942668	trials	210625SL	p60	Z11111	250	9.0	0.0	12	1819.6973899170343	1819.9242717159768
1819.9777133290618	0.506841640044513	trials	210625SL	p60	Z11111	320	4.0	225.0	12	1820.1277133290619	1820.3345549691062
1820.4179968200629	0.49684156075363717	trials	210625SL	p60	Z11111	287	1.0	135.0	12	1820.567996820063	1820.7648383808164
1820.8182799939018	0.5268417986253553	trials	210625SL	p60	Z11111	176	10.0	135.0	8	1820.968279993902	1821.195121792527
1824.9410726834617	0.506841640044513	trials	210625SL	p60	Z11111	266	10.0	45.0	12	1825.0910726834618	1825.2979143235061
1825.361356015882	0.5068416400440583	trials	210625SL	p60	Z11111	117	11.0	315.0	4	1825.511356015882	1825.718197655926
1825.7716392690113	0.526881798942668	trials	210625SL	p60	Z11111	160	9.0	90.0	8	1825.9216392690114	1826.1485210679539
1826.201922680722	0.49684156075363717	trials	210625SL	p60	Z11111	218	7.0	270.0	8	1826.351922680722	1826.5487642414755
1826.6322460927495	0.4968415607540919	trials	210625SL	p60	Z11111	323	7.0	225.0	12	1826.7822460927496	1826.9790876535035
1827.042489345562	0.526881798942668	trials	210625SL	p60	Z11111	210	14.0	225.0	8	1827.192489345562	1827.4193711445046
1827.4928129161708	0.49684156075363717	trials	210625SL	p60	Z11111	192	11.0	180.0	8	1827.642812916171	1827.8396544769244
1827.8930960900097	0.5268417986253553	trials	210625SL	p60	Z11111	104	13.0	270.0	4	1828.0430960900098	1828.269937888635
1832.125969652399	0.506841640044513	trials	210625SL	p60	Z11111	80	4.0	225.0	4	1832.275969652399	1832.4828112924433
1832.5562530641096	0.49684156075363717	trials	210625SL	p60	Z11111	165	14.0	90.0	8	1832.7062530641097	1832.9030946248631
1832.9565362379485	0.5368818782330891	trials	210625SL	p60	Z11111	1	0.0	0.0	4	1833.1065362379486	1833.3434181161815
1835.5783170260079	0.5168417193349342	trials	210625SL	p60	Z11111	347	1.0	315.0	12	1835.728317026008	1835.9451587453427
1835.9986003584281	0.506841640044513	trials	210625SL	p60	Z11111	241	0.0	0.0	12	1836.1486003584282	1836.3554419984725
1836.408883611558	0.5268817989422132	trials	210625SL	p60	Z11111	245	4.0	0.0	12	1836.558883611558	1836.7857654105
1836.8591671818494	0.49688156107094983	trials	210625SL	p60	Z11111	215	4.0	270.0	8	1837.0091671818495	1837.2060487429203
1837.289490593877	0.4968415607540919	trials	210625SL	p60	Z11111	150	14.0	45.0	8	1837.439490593877	1837.636332154631
1837.6897737677164	0.5368418779157764	trials	210625SL	p60	Z11111	288	2.0	135.0	12	1837.8397737677165	1838.076615645632
1838.130057258717	0.4968415607540919	trials	210625SL	p60	Z11111	314	13.0	180.0	12	1838.280057258717	1838.476898819471
1838.5603406704276	0.49684156075363717	trials	210625SL	p60	Z11111	276	5.0	90.0	12	1838.7103406704277	1838.9071822311812
1842.7031735188853	0.506841640044513	trials	210625SL	p60	Z11111	59	13.0	135.0	4	1842.8531735188853	1843.0600151589297
1843.133456930596	0.526881798942668	trials	210625SL	p60	Z11111	291	5.0	135.0	12	1843.283456930596	1843.5103387295385
1843.5637403423066	0.5268817989422132	trials	210625SL	p60	Z11111	298	12.0	135.0	12	1843.7137403423067	1843.9406221412487
1844.0040638336245	0.4968415607540919	trials	210625SL	p60	Z11111	45	14.0	90.0	4	1844.1540638336246	1844.3509053943785
1844.4343472453352	0.4968415607540919	trials	210625SL	p60	Z11111	103	12.0	270.0	4	1844.5843472453353	1844.7811888060892
1846.9960875573347	0.506841640044513	trials	210625SL	p60	Z11111	77	1.0	225.0	4	1847.1460875573348	1847.3529291973791
1849.7379492975142	0.5268817989422132	trials	210625SL	p60	Z11111	112	6.0	315.0	4	1849.8879492975143	1850.1148310964563
1850.188272868123	0.5268417986253553	trials	210625SL	p60	Z11111	284	13.0	90.0	12	1850.338272868123	1850.5651146667483
1850.6385564384145	0.49684156075363717	trials	210625SL	p60	Z11111	316	0.0	225.0	12	1850.7885564384146	1850.985397999168
1851.068879850442	0.49684156075363717	trials	210625SL	p60	Z11111	68	7.0	180.0	4	1851.2188798504421	1851.4157214111956
1851.4791631035714	0.5268417986253553	trials	210625SL	p60	Z11111	312	11.0	180.0	12	1851.6291631035715	1851.8560049021967
1851.9394467531538	0.49684156075363717	trials	210625SL	p60	Z11111	243	2.0	0.0	12	1852.0894467531539	1852.2862883139073
1852.3597300855736	0.49684156075363717	trials	210625SL	p60	Z11111	135	14.0	0.0	8	1852.5097300855737	1852.7065716463271
1852.7900534976015	0.49684156075363717	trials	210625SL	p60	Z11111	267	11.0	45.0	12	1852.9400534976016	1853.136895058355
1856.9628865839304	0.506841640044513	trials	210625SL	p60	Z11111	83	7.0	225.0	4	1857.1128865839305	1857.3197282239748
1857.393169995641	0.49684156075363717	trials	210625SL	p60	Z11111	104	13.0	270.0	4	1857.5431699956412	1857.7400115563946
1857.79345316948	0.4968415607540919	trials	210625SL	p60	Z11111	227	1.0	315.0	8	1857.94345316948	1858.140294730234
1858.233736660481	0.4968415607540919	trials	210625SL	p60	Z11111	262	6.0	45.0	12	1858.3837366604812	1858.580578221235
1858.6340198343205	0.5268817989422132	trials	210625SL	p60	Z11111	200	4.0	225.0	8	1858.7840198343206	1859.0109016332626
1859.0843434049289	0.4968415607540919	trials	210625SL	p60	Z11111	0			0	1859.234343404929	1859.4311849656829
1859.484586578451	0.526881798942668	trials	210625SL	p60	Z11111	8	7.0	0.0	4	1859.634586578451	1859.8614683773935
1859.9349101490598	0.49684156075363717	trials	210625SL	p60	Z11111	114	8.0	315.0	4	1860.0849101490599	1860.2817517098133
1864.027702600748	0.506841640044513	trials	210625SL	p60	Z11111	270	14.0	45.0	12	1864.177702600748	1864.3845442407924
1864.4379858538778	0.5268417986249005	trials	210625SL	p60	Z11111	205	9.0	225.0	8	1864.5879858538779	1864.8148276525026
1864.868269265588	0.4968415607540919	trials	210625SL	p60	Z11111	48	2.0	135.0	4	1865.018269265588	1865.215110826342
1865.268552439427	0.5368418779157764	trials	210625SL	p60	Z11111	277	6.0	90.0	12	1865.418552439427	1865.6553943173426
1865.7188360097184	0.5368818782330891	trials	210625SL	p60	Z11111	246	5.0	0.0	12	1865.8688360097185	1866.1057178879514
1866.1691595803272	0.506841640044513	trials	210625SL	p60	Z11111	258	2.0	45.0	12	1866.3191595803273	1866.5260012203717
1866.6094430713283	0.49684156075363717	trials	210625SL	p60	Z11111	80	4.0	225.0	4	1866.7594430713284	1866.9562846320819
1867.0097262451673	0.526881798942668	trials	210625SL	p60	Z11111	161	10.0	90.0	8	1867.1597262451673	1867.3866080441098
1871.012437982607	0.526881798942668	trials	210625SL	p60	Z11111	102	11.0	270.0	4	1871.1624379826071	1871.3893197815496
1871.4627615532158	0.49684156075363717	trials	210625SL	p60	Z11111	180	14.0	135.0	8	1871.612761553216	1871.8096031139694
1871.893044964926	0.4968415607540919	trials	210625SL	p60	Z11111	9	8.0	0.0	4	1872.0430449649261	1872.23988652568
1872.2933281387654	0.5368818782330891	trials	210625SL	p60	Z11111	337	6.0	270.0	12	1872.4433281387655	1872.6802100169984
1872.733611629766	0.526881798942668	trials	210625SL	p60	Z11111	185	4.0	180.0	8	1872.8836116297662	1873.1104934287087
1873.183935200375	0.4968415607540919	trials	210625SL	p60	Z11111	47	1.0	135.0	4	1873.333935200375	1873.530776761129
1873.6142186120856	0.49684156075363717	trials	210625SL	p60	Z11111	256	0.0	45.0	12	1873.7642186120856	1873.961060172839
1874.0545021030866	0.49688156107094983	trials	210625SL	p60	Z11111	195	14.0	180.0	8	1874.2045021030867	1874.4013836641575
1878.0672539201341	0.5168417193344794	trials	210625SL	p60	Z11111	105	14.0	270.0	4	1878.2172539201342	1878.4340956394685
1878.487537252554	0.526881798942668	trials	210625SL	p60	Z11111	343	12.0	270.0	12	1878.637537252554	1878.8644190514965
1878.9178206642646	0.49684156075363717	trials	210625SL	p60	Z11111	44	13.0	90.0	4	1879.0678206642647	1879.2646622250181
1879.348144076292	0.506841640044513	trials	210625SL	p60	Z11111	49	3.0	135.0	4	1879.4981440762922	1879.7049857163365
1879.7884275672932	0.526881798942668	trials	210625SL	p60	Z11111	192	11.0	180.0	8	1879.9384275672933	1880.1653093662358
1880.238751137902	0.49684156075363717	trials	210625SL	p60	Z11111	328	12.0	225.0	12	1880.388751137902	1880.5855926986555
1880.6389943114236	0.5368818782330891	trials	210625SL	p60	Z11111	125	4.0	0.0	8	1880.7889943114237	1881.0258761896566
1881.0893178820324	0.49684156075363717	trials	210625SL	p60	Z11111	325	9.0	225.0	12	1881.2393178820325	1881.436159442786
1885.202110492302	0.49684156075363717	trials	210625SL	p60	Z11111	283	12.0	90.0	12	1885.352110492302	1885.5489520530555
1885.6223938247217	0.4968415607540919	trials	210625SL	p60	Z11111	275	4.0	90.0	12	1885.7723938247218	1885.9692353854757
1886.032677077851	0.5168417193349342	trials	210625SL	p60	Z11111	236	10.0	315.0	8	1886.1826770778512	1886.399518797186
1886.4730005691695	0.506841640044513	trials	210625SL	p60	Z11111	30	14.0	45.0	4	1886.6230005691696	1886.829842209214
1886.883243821982	0.5268817989422132	trials	210625SL	p60	Z11111	178	12.0	135.0	8	1887.033243821982	1887.260125620924
1887.3335673925903	0.4968415607540919	trials	210625SL	p60	Z11111	287	1.0	135.0	12	1887.4835673925904	1887.6804089533443
1887.7338505664297	0.5268417986253553	trials	210625SL	p60	Z11111	285	14.0	90.0	12	1887.8838505664298	1888.110692365055
1888.1841341367212	0.49684156075363717	trials	210625SL	p60	Z11111	264	8.0	45.0	12	1888.3341341367213	1888.5309756974748
1892.2068860330592	0.5068416400440583	trials	210625SL	p60	Z11111	299	13.0	135.0	12	1892.3568860330593	1892.5637276731031
1892.6171692861885	0.5268417986253553	trials	210625SL	p60	Z11111	56	10.0	135.0	4	1892.7671692861886	1892.9940110848138
1895.218949915667	0.5168417193349342	trials	210625SL	p60	Z11111	360	14.0	315.0	12	1895.3689499156671	1895.585791635002
1895.6492333273777	0.5268417986249005	trials	210625SL	p60	Z11111	148	12.0	45.0	8	1895.7992333273778	1896.0260751260025
1896.0895168183783	0.5068816403618257	trials	210625SL	p60	Z11111	65	4.0	180.0	4	1896.2395168183784	1896.44639845874
1896.4998000715082	0.5268817989422132	trials	210625SL	p60	Z11111	304	3.0	180.0	12	1896.6498000715083	1896.8766818704503
1896.950123642117	0.49684156075363717	trials	210625SL	p60	Z11111	321	5.0	225.0	12	1897.100123642117	1897.2969652028705
1897.350406815956	0.4968415607540919	trials	210625SL	p60	Z11111	347	1.0	315.0	12	1897.500406815956	1897.69724837671
1897.7806902276666	0.4968415607540919	trials	210625SL	p60	Z11111	177	11.0	135.0	8	1897.9306902276667	1898.1275317884206
1898.190973480796	0.5268417986253553	trials	210625SL	p60	Z11111	45	14.0	90.0	4	1898.340973480796	1898.5678152794212
1902.1436448214663	0.5168817196517921	trials	210625SL	p60	Z11111	348	2.0	315.0	12	1902.2936448214664	1902.510526541118
1902.5639281538865	0.506881640361371	trials	210625SL	p60	Z11111	15	14.0	0.0	4	1902.7139281538866	1902.9208097942478
1903.0042516452045	0.4968415607540919	trials	210625SL	p60	Z11111	110	4.0	315.0	4	1903.1542516452046	1903.3510932059585
1903.4044948187266	0.526881798942668	trials	210625SL	p60	Z11111	281	10.0	90.0	12	1903.5544948187267	1903.7813766176691
1903.8548183893354	0.49684156075363717	trials	210625SL	p60	Z11111	203	7.0	225.0	8	1904.0048183893355	1904.201659950089
1904.2551015631743	0.5268417986253553	trials	210625SL	p60	Z11111	308	7.0	180.0	12	1904.4051015631744	1904.6319433617996
1904.7053851334658	0.5368818782330891	trials	210625SL	p60	Z11111	272	1.0	90.0	12	1904.855385133466	1905.0922670116988
1905.1557087040746	0.5068416400440583	trials	210625SL	p60	Z11111	188	7.0	180.0	8	1905.3057087040747	1905.5125503441186
1909.2585012350532	0.5168417193344794	trials	210625SL	p60	Z11111	81	5.0	225.0	4	1909.4085012350533	1909.6253429543876
1909.678784567473	0.526881798942668	trials	210625SL	p60	Z11111	142	6.0	45.0	8	1909.8287845674731	1910.0556663664156
1910.1291081380818	0.49684156075363717	trials	210625SL	p60	Z11111	279	8.0	90.0	12	1910.279108138082	1910.4759496988354
1910.529351311604	0.49684156075363717	trials	210625SL	p60	Z11111	70	9.0	180.0	4	1910.679351311604	1910.8761928723575
1910.9596747236315	0.4968415607540919	trials	210625SL	p60	Z11111	355	9.0	315.0	12	1911.1096747236315	1911.3065162843855
1911.3699579767608	0.5268417986253553	trials	210625SL	p60	Z11111	59	13.0	135.0	4	1911.519957976761	1911.746799775386
1911.8202415470528	0.49684156075363717	trials	210625SL	p60	Z11111	29	13.0	45.0	4	1911.9702415470529	1912.1670831078063
1912.2205247208917	0.5268417986253553	trials	210625SL	p60	Z11111	259	3.0	45.0	12	1912.3705247208918	1912.597366519517
1916.353317489742	0.5268817989422132	trials	210625SL	p60	Z11111	32	1.0	90.0	4	1916.5033174897421	1916.7301992886842
1916.8036410603504	0.4968415607540919	trials	210625SL	p60	Z11111	182	1.0	180.0	8	1916.9536410603505	1917.1504826211044
1917.2039242341898	0.5268417986253553	trials	210625SL	p60	Z11111	27	11.0	45.0	4	1917.35392423419	1917.580766032815
1919.8657453397282	0.5268417986253553	trials	210625SL	p60	Z11111	209	13.0	225.0	8	1920.0157453397283	1920.2425871383534
1920.3160289100197	0.49684156075363717	trials	210625SL	p60	Z11111	24	8.0	45.0	4	1920.4660289100198	1920.6628704707732
1920.7163120838586	0.5268417986253553	trials	210625SL	p60	Z11111	10	9.0	0.0	4	1920.8663120838587	1921.0931538824839
1921.1665956541501	0.4968415607540919	trials	210625SL	p60	Z11111	51	5.0	135.0	4	1921.3165956541502	1921.5134372149041
1923.5082142208075	0.5268417986253553	trials	210625SL	p60	Z11111	318	2.0	225.0	12	1923.6582142208076	1923.8850560194328
1923.958497791099	0.4968415607540919	trials	210625SL	p60	Z11111	342	11.0	270.0	12	1924.1084977910991	1924.305339351853
1924.3587809649384	0.4968415607540919	trials	210625SL	p60	Z11111	169	3.0	135.0	8	1924.5087809649385	1924.7056225256924
1924.7990644559395	0.49688156107094983	trials	210625SL	p60	Z11111	284	13.0	90.0	12	1924.9490644559396	1925.1459460170104
1925.229387867967	0.4968415607540919	trials	210625SL	p60	Z11111	79	3.0	225.0	4	1925.3793878679671	1925.576229428721
1925.6296710418064	0.49684156075363717	trials	210625SL	p60	Z11111	294	8.0	135.0	12	1925.7796710418065	1925.97651260256
1926.069954532807	0.4968415607540919	trials	210625SL	p60	Z11111	26	10.0	45.0	4	1926.2199545328072	1926.416796093561
1926.4802377859369	0.49684156075363717	trials	210625SL	p60	Z11111	244	3.0	0.0	12	1926.630237785937	1926.8270793466904
1930.7931519829667	0.5068816403618257	trials	210625SL	p60	Z11111	333	2.0	270.0	12	1930.9431519829668	1931.1500336233285
1931.2034352360965	0.526881798942668	trials	210625SL	p60	Z11111	66	5.0	180.0	4	1931.3534352360966	1931.5803170350391
1931.6537588067054	0.49684156075363717	trials	210625SL	p60	Z11111	247	6.0	0.0	12	1931.8037588067054	1932.000600367459
1932.0540419805443	0.4968415607540919	trials	210625SL	p60	Z11111	317	1.0	225.0	12	1932.2040419805444	1932.4008835412983
1932.484325392255	0.49684156075363717	trials	210625SL	p60	Z11111	251	10.0	0.0	12	1932.634325392255	1932.8311669530085
1932.8946086453843	0.4968415607540919	trials	210625SL	p60	Z11111	115	9.0	315.0	4	1933.0446086453844	1933.2414502061383
1933.324892057095	0.49684156075363717	trials	210625SL	p60	Z11111	219	8.0	270.0	8	1933.474892057095	1933.6717336178485
1933.725175230934	0.5268417986253553	trials	210625SL	p60	Z11111	111	5.0	315.0	4	1933.875175230934	1934.1020170295592
1937.8279677619125	0.5268417986253553	trials	210625SL	p60	Z11111	212	1.0	270.0	8	1937.9779677619126	1938.2048095605378
1938.2582511736232	0.526881798942668	trials	210625SL	p60	Z11111	98	7.0	270.0	4	1938.4082511736233	1938.6351329725658
1938.708574744232	0.49684156075363717	trials	210625SL	p60	Z11111	345	14.0	270.0	12	1938.858574744232	1939.0554163049856
1939.108817917754	0.5368818782326343	trials	210625SL	p60	Z11111	38	7.0	90.0	4	1939.2588179177542	1939.4956997959866
1939.5591414883625	0.4968415607540919	trials	210625SL	p60	Z11111	359	13.0	315.0	12	1939.7091414883625	1939.9059830491165
1939.9694247414923	0.5268417986253553	trials	210625SL	p60	Z11111	196	0.0	225.0	8	1940.1194247414924	1940.3462665401175
1942.6612460849024	0.5068416400440583	trials	210625SL	p60	Z11111	14	13.0	0.0	4	1942.8112460849025	1943.0180877249463
1943.0815294173221	0.526881798942668	trials	210625SL	p60	Z11111	165	14.0	90.0	8	1943.2315294173222	1943.4584112162647
1943.5218529086405	0.506841640044513	trials	210625SL	p60	Z11111	250	9.0	0.0	12	1943.6718529086406	1943.878694548685
1943.93213616177	0.5268417986253553	trials	210625SL	p60	Z11111	119	13.0	315.0	4	1944.08213616177	1944.3089779603952
1946.223674331341	0.5268817989422132	trials	210625SL	p60	Z11111	214	3.0	270.0	8	1946.3736743313411	1946.6005561302832
1946.6739979019494	0.4968415607540919	trials	210625SL	p60	Z11111	0			0	1946.8239979019495	1947.0208394627034
1947.10428131366	0.4968415607540919	trials	210625SL	p60	Z11111	160	9.0	90.0	8	1947.2542813136602	1947.451122874414
1947.5045644874995	0.5368418779153217	trials	210625SL	p60	Z11111	107	1.0	315.0	4	1947.6545644874996	1947.8914063654147
1947.9548480577905	0.506841640044513	trials	210625SL	p60	Z11111	128	7.0	0.0	8	1948.1048480577906	1948.311689697835
1948.3651313109203	0.5268817989422132	trials	210625SL	p60	Z11111	204	8.0	225.0	8	1948.5151313109204	1948.7420131098625
1948.7954147226305	0.4968415607540919	trials	210625SL	p60	Z11111	254	13.0	0.0	12	1948.9454147226306	1949.1422562833845
1949.2257381346585	0.49684156075363717	trials	210625SL	p60	Z11111	127	6.0	0.0	8	1949.3757381346586	1949.572579695412
1953.2884903481581	0.5168417193349342	trials	210625SL	p60	Z11111	144	8.0	45.0	8	1953.4384903481582	1953.655332067493
1953.7287738391592	0.49684156075363717	trials	210625SL	p60	Z11111	150	14.0	45.0	8	1953.8787738391593	1954.0756153999127
1954.1290570129981	0.526881798942668	trials	210625SL	p60	Z11111	31	0.0	90.0	4	1954.2790570129982	1954.5059388119407
1954.579380583607	0.5368418779157764	trials	210625SL	p60	Z11111	193	12.0	180.0	8	1954.729380583607	1954.9662224615226
1955.019664074608	0.49684156075363717	trials	210625SL	p60	Z11111	269	13.0	45.0	12	1955.1696640746081	1955.3665056353616
1955.419947248447	0.4968415607540919	trials	210625SL	p60	Z11111	95	4.0	270.0	4	1955.569947248447	1955.766788809201
1955.8502306601576	0.4968415607540919	trials	210625SL	p60	Z11111	40	9.0	90.0	4	1956.0002306601577	1956.1970722209117
1956.2505138339966	0.506841640044513	trials	210625SL	p60	Z11111	170	4.0	135.0	8	1956.4005138339967	1956.607355474041
1960.3933466824542	0.5268417986253553	trials	210625SL	p60	Z11111	267	11.0	45.0	12	1960.5433466824543	1960.7701884810795
1960.8336301734553	0.4968415607540919	trials	210625SL	p60	Z11111	62	1.0	180.0	4	1960.9836301734554	1961.1804717342093
1963.1652086605054	0.5268817989422132	trials	210625SL	p60	Z11111	146	10.0	45.0	8	1963.3152086605055	1963.5420904594475
1963.6155322311138	0.4968415607540919	trials	210625SL	p60	Z11111	260	4.0	45.0	12	1963.7655322311139	1963.9623737918678
1964.0458156428244	0.4968415607540919	trials	210625SL	p60	Z11111	124	3.0	0.0	8	1964.1958156428245	1964.3926572035784
1964.4560988959543	0.5268417986253553	trials	210625SL	p60	Z11111	331	0.0	270.0	12	1964.6060988959543	1964.8329406945795
1964.8963823869553	0.506881640361371	trials	210625SL	p60	Z11111	319	3.0	225.0	12	1965.0463823869554	1965.2532640273166
1965.3066656400847	0.526881798942668	trials	210625SL	p60	Z11111	168	2.0	135.0	8	1965.4566656400848	1965.6835474390273
1965.7369890521127	0.4968015604363245	trials	210625SL	p60	Z11111	16	0.0	45.0	4	1965.8869890521128	1966.083790612549
1966.1672724638233	0.5068416400440583	trials	210625SL	p60	Z11111	354	8.0	315.0	12	1966.3172724638234	1966.5241141038673
1970.3401055501522	0.506841640044513	trials	210625SL	p60	Z11111	352	6.0	315.0	12	1970.4901055501523	1970.6969471901966
1970.7703889618629	0.49684156075363717	trials	210625SL	p60	Z11111	315	14.0	180.0	12	1970.920388961863	1971.1172305226164
1971.1706721357018	0.4968415607540919	trials	210625SL	p60	Z11111	72	11.0	180.0	4	1971.320672135702	1971.5175136964558
1971.5809553888316	0.5268417986249005	trials	210625SL	p60	Z11111	19	3.0	45.0	4	1971.7309553888317	1971.9577971874564
1972.0212388798327	0.5068416400440583	trials	210625SL	p60	Z11111	69	8.0	180.0	4	1972.1712388798328	1972.3780805198767
1972.431522132962	0.526881798942668	trials	210625SL	p60	Z11111	301	0.0	180.0	12	1972.5815221329622	1972.8084039319046
1972.881845703571	0.49684156075363717	trials	210625SL	p60	Z11111	53	7.0	135.0	4	1973.031845703571	1973.2286872643244
1973.312129115281	0.4968415607540919	trials	210625SL	p60	Z11111	290	4.0	135.0	12	1973.4621291152812	1973.658970676035
1977.3548811701999	0.506841640044513	trials	210625SL	p60	Z11111	94	3.0	270.0	4	1977.5048811702	1977.7117228102443
1977.77516450262	0.49684156075363717	trials	210625SL	p60	Z11111	25	9.0	45.0	4	1977.9251645026202	1978.1220060633736
1978.1854477557495	0.5268417986253553	trials	210625SL	p60	Z11111	289	3.0	135.0	12	1978.3354477557496	1978.5622895543747
1978.635731326041	0.49688156107094983	trials	210625SL	p60	Z11111	136	0.0	45.0	8	1978.785731326041	1978.9826128871118
1979.066054738069	0.49684156075363717	trials	210625SL	p60	Z11111	186	5.0	180.0	8	1979.216054738069	1979.4128962988225
1979.4663379119079	0.4968415607540919	trials	210625SL	p60	Z11111	291	5.0	135.0	12	1979.616337911908	1979.813179472662
1979.906621402909	0.4968415607540919	trials	210625SL	p60	Z11111	108	2.0	315.0	4	1980.056621402909	1980.253462963663
1980.3369048146196	0.4968415607540919	trials	210625SL	p60	Z11111	41	10.0	90.0	4	1980.4869048146197	1980.6837463753736
1984.4296972663078	0.506841640044513	trials	210625SL	p60	Z11111	310	9.0	180.0	12	1984.579697266308	1984.7865389063522
1984.849980598728	0.49684156075363717	trials	210625SL	p60	Z11111	126	5.0	0.0	8	1984.9999805987281	1985.1968221594816
1985.2702639311478	0.4968415607540919	trials	210625SL	p60	Z11111	211	0.0	270.0	8	1985.420263931148	1985.6171054919018
1985.690547263568	0.49684156075363717	trials	210625SL	p60	Z11111	245	4.0	0.0	12	1985.8405472635682	1986.0373888243216
1986.090830437407	0.4968415607540919	trials	210625SL	p60	Z11111	305	4.0	180.0	12	1986.240830437407	1986.437671998161
1986.4911136112464	0.5268417986253553	trials	210625SL	p60	Z11111	135	14.0	0.0	8	1986.6411136112465	1986.8679554098717
1986.941397181538	0.49684156075363717	trials	210625SL	p60	Z11111	101	10.0	270.0	4	1987.091397181538	1987.2882387422915
1987.3516804346673	0.526881798942668	trials	210625SL	p60	Z11111	156	5.0	90.0	8	1987.5016804346674	1987.7285622336099
1991.5345536006043	0.5068416400440583	trials	210625SL	p60	Z11111	295	9.0	135.0	12	1991.6845536006044	1991.8913952406483
1991.9448368537337	0.4968415607540919	trials	210625SL	p60	Z11111	0			0	1992.0948368537338	1992.2916784144877
1992.3450800272558	0.5268817989422132	trials	210625SL	p60	Z11111	63	2.0	180.0	4	1992.4950800272559	1992.721961826198
1992.7954035978642	0.4968415607540919	trials	210625SL	p60	Z11111	298	12.0	135.0	12	1992.9454035978642	1993.1422451586182
1993.2156869302844	0.4968415607540919	trials	210625SL	p60	Z11111	175	9.0	135.0	8	1993.3656869302845	1993.5625284910384
1993.6159701041238	0.49684156075363717	trials	210625SL	p60	Z11111	133	12.0	0.0	8	1993.7659701041239	1993.9628116648773
1994.046253515834	0.506841640044513	trials	210625SL	p60	Z11111	194	13.0	180.0	8	1994.196253515834	1994.4030951558784
1994.486537006835	0.4968415607540919	trials	210625SL	p60	Z11111	341	10.0	270.0	12	1994.6365370068352	1994.833378567589
1998.6694101727717	0.5168417193349342	trials	210625SL	p60	Z11111	280	9.0	90.0	12	1998.8194101727718	1999.0362518921065
1999.089693505192	0.5268417986253553	trials	210625SL	p60	Z11111	116	10.0	315.0	4	1999.239693505192	1999.4665353038172
1999.5399770754834	0.4968415607540919	trials	210625SL	p60	Z11111	225	14.0	270.0	8	1999.6899770754835	1999.8868186362374
1999.9402602493228	0.5268817989422132	trials	210625SL	p60	Z11111	324	8.0	225.0	12	2000.090260249323	2000.317142048265
2000.3905838199312	0.4968415607540919	trials	210625SL	p60	Z11111	190	9.0	180.0	8	2000.5405838199313	2000.7374253806852
2000.7908269934533	0.526881798942668	trials	210625SL	p60	Z11111	271	0.0	90.0	12	2000.9408269934534	2001.1677087923958
2001.2311504847717	0.5268417986253553	trials	210625SL	p60	Z11111	278	7.0	90.0	12	2001.3811504847718	2001.607992283397
2001.6814340550632	0.49684156075363717	trials	210625SL	p60	Z11111	351	5.0	315.0	12	2001.8314340550633	2002.0282756158167
2005.8342669828112	0.5168817196522468	trials	210625SL	p60	Z11111	265	9.0	45.0	12	2005.9842669828113	2006.2011487024633
2006.2745904741296	0.49684156075363717	trials	210625SL	p60	Z11111	229	3.0	315.0	8	2006.4245904741297	2006.6214320348831
2006.6848337269416	0.526881798942668	trials	210625SL	p60	Z11111	162	11.0	90.0	8	2006.8348337269417	2007.0617155258842
2007.12515721826	0.5068416400440583	trials	210625SL	p60	Z11111	336	5.0	270.0	12	2007.2751572182601	2007.481998858304
2007.565440709261	0.49684156075363717	trials	210625SL	p60	Z11111	0			0	2007.7154407092612	2007.9122822700147
2007.9657238831	0.526881798942668	trials	210625SL	p60	Z11111	67	6.0	180.0	4	2008.1157238831001	2008.3426056820426
2008.4160474537089	0.49684156075363717	trials	210625SL	p60	Z11111	311	10.0	180.0	12	2008.566047453709	2008.7628890144624
2008.8263307068382	0.5268417986253553	trials	210625SL	p60	Z11111	202	6.0	225.0	8	2008.9763307068383	2009.2031725054635
2012.9090830789191	0.506881640361371	trials	210625SL	p60	Z11111	233	7.0	315.0	8	2013.0590830789192	2013.2659647192804
2013.3193663320485	0.4968415607540919	trials	210625SL	p60	Z11111	338	7.0	270.0	12	2013.4693663320486	2013.6662078928025
2015.8711065647576	0.5168817196517921	trials	210625SL	p60	Z11111	231	5.0	315.0	8	2016.0211065647577	2016.2379882844093
2016.3113900557582	0.4968815610714046	trials	210625SL	p60	Z11111	268	12.0	45.0	12	2016.4613900557583	2016.6582716168296
2016.7116732295976	0.5368818782330891	trials	210625SL	p60	Z11111	132	11.0	0.0	8	2016.8616732295977	2017.0985551078306
2017.1619968002065	0.49684156075363717	trials	210625SL	p60	Z11111	187	6.0	180.0	8	2017.3119968002065	2017.50883836096
2017.5722800533358	0.5268417986253553	trials	210625SL	p60	Z11111	344	13.0	270.0	12	2017.722280053336	2017.949121851961
2019.9138586196764	0.5268817989422132	trials	210625SL	p60	Z11111	20	4.0	45.0	4	2020.0638586196765	2020.2907404186185
2020.344142031387	0.49684156075363717	trials	210625SL	p60	Z11111	11	10.0	0.0	4	2020.4941420313871	2020.6909835921406
2020.7744654434146	0.5368418779157764	trials	210625SL	p60	Z11111	248	7.0	0.0	12	2020.9244654434146	2021.1613073213302
2021.224749013706	0.506841640044513	trials	210625SL	p60	Z11111	109	3.0	315.0	4	2021.3747490137062	2021.5815906537505
2021.665072505024	0.4968415607540919	trials	210625SL	p60	Z11111	216	5.0	270.0	8	2021.815072505024	2022.011914065778
2022.0853558374442	0.5268417986253553	trials	210625SL	p60	Z11111	230	4.0	315.0	8	2022.2353558374443	2022.4621976360695
2022.5356394077357	0.4968415607540919	trials	210625SL	p60	Z11111	176	10.0	135.0	8	2022.6856394077358	2022.8824809684897
2022.9359225815751	0.5268817989422132	trials	210625SL	p60	Z11111	28	12.0	45.0	4	2023.0859225815752	2023.3128043805173
2027.1687961439638	0.526881798942668	trials	210625SL	p60	Z11111	329	13.0	225.0	12	2027.318796143964	2027.5456779429064
2027.6191197145727	0.4968415607540919	trials	210625SL	p60	Z11111	179	13.0	135.0	8	2027.7691197145728	2027.9659612753267
2028.0194028884116	0.4968415607540919	trials	210625SL	p60	Z11111	87	11.0	225.0	4	2028.1694028884117	2028.3662444491656
2028.4496863001223	0.506841640044513	trials	210625SL	p60	Z11111	357	11.0	315.0	12	2028.5996863001224	2028.8065279401667
2028.8899697911233	0.4968415607540919	trials	210625SL	p60	Z11111	6	5.0	0.0	4	2029.0399697911234	2029.2368113518773
2029.2902529649627	0.5268817989422132	trials	210625SL	p60	Z11111	37	6.0	90.0	4	2029.4402529649628	2029.6671347639049
2029.740576535571	0.4968415607540919	trials	210625SL	p60	Z11111	166	0.0	135.0	8	2029.8905765355712	2030.087418096325
2030.1408197090932	0.506881640361371	trials	210625SL	p60	Z11111	100	9.0	270.0	4	2030.2908197090933	2030.4977013494545
2034.38373335109	0.5068416400440583	trials	210625SL	p60	Z11111	198	2.0	225.0	8	2034.5337333510902	2034.740574991134
2034.8140167628007	0.49684156075363717	trials	210625SL	p60	Z11111	163	12.0	90.0	8	2034.9640167628008	2035.1608583235543
2035.2142999366397	0.5268417986253553	trials	210625SL	p60	Z11111	263	7.0	45.0	12	2035.3642999366398	2035.591141735265
2038.0962427875202	0.5068416400440583	trials	210625SL	p60	Z11111	286	0.0	135.0	12	2038.2462427875203	2038.4530844275641
2038.5265261992304	0.4968415607540919	trials	210625SL	p60	Z11111	218	7.0	270.0	8	2038.6765261992305	2038.8733677599844
2038.956809610941	0.49688156107094983	trials	210625SL	p60	Z11111	164	13.0	90.0	8	2039.1068096109411	2039.303691172012
2039.3570927847804	0.49684156075363717	trials	210625SL	p60	Z11111	43	12.0	90.0	4	2039.5070927847805	2039.703934345534
2039.7673760379098	0.526881798942668	trials	210625SL	p60	Z11111	122	1.0	0.0	8	2039.91737603791	2040.1442578368524
2040.2076995292282	0.5068416400440583	trials	210625SL	p60	Z11111	23	7.0	45.0	4	2040.3576995292283	2040.5645411692722
2040.6179827823576	0.5268417986253553	trials	210625SL	p60	Z11111	152	1.0	90.0	8	2040.7679827823576	2040.9948245809828
2041.068266352649	0.4968415607540919	trials	210625SL	p60	Z11111	7	6.0	0.0	4	2041.2182663526492	2041.415107913403
2045.1410586457564	0.4968415607540919	trials	210625SL	p60	Z11111	159	8.0	90.0	8	2045.2910586457565	2045.4879002065104
2045.5513418988858	0.5268417986253553	trials	210625SL	p60	Z11111	86	10.0	225.0	4	2045.7013418988859	2045.928183697511
2046.0016254691773	0.4968415607540919	trials	210625SL	p60	Z11111	157	6.0	90.0	8	2046.1516254691774	2046.3484670299313
2046.4319488812052	0.49680156043677925	trials	210625SL	p60	Z11111	312	11.0	180.0	12	2046.5819488812053	2046.778750441642
2046.8321920547273	0.5368818782326343	trials	210625SL	p60	Z11111	358	12.0	315.0	12	2046.9821920547274	2047.2190739329599
2047.2825156253357	0.506841640044513	trials	210625SL	p60	Z11111	323	7.0	225.0	12	2047.4325156253358	2047.63935726538
2047.7227991163368	0.4968415607540919	trials	210625SL	p60	Z11111	307	6.0	180.0	12	2047.8727991163369	2048.069640677091
2048.123082290176	0.5268417986253553	trials	210625SL	p60	Z11111	82	6.0	225.0	4	2048.2730822901763	2048.4999240888014
2053.0164010892254	0.5068416400440583	trials	210625SL	p60	Z11111	340	9.0	270.0	12	2053.1664010892255	2053.3732427292694
2055.468060528395	0.526881798942668	trials	210625SL	p60	Z11111	300	14.0	135.0	12	2055.6180605283953	2055.844942327338
2055.8983839404227	0.5268417986253553	trials	210625SL	p60	Z11111	316	0.0	225.0	12	2056.048383940423	2056.275225739048
2056.348667510714	0.4968415607540919	trials	210625SL	p60	Z11111	261	5.0	45.0	12	2056.4986675107143	2056.695509071468
2056.758950763844	0.49684156075363717	trials	210625SL	p60	Z11111	57	11.0	135.0	4	2056.908950763844	2057.1057923245976
2057.1892341755542	0.4968815610714046	trials	210625SL	p60	Z11111	147	11.0	45.0	8	2057.3392341755543	2057.5361157366256
2057.5895173493936	0.4968415607540919	trials	210625SL	p60	Z11111	143	7.0	45.0	8	2057.7395173493937	2057.9363589101476
2058.0198007611043	0.506881640361371	trials	210625SL	p60	Z11111	139	3.0	45.0	8	2058.1698007611044	2058.3766824014656
2058.4300840142337	0.526881798942668	trials	210625SL	p60	Z11111	242	1.0	0.0	12	2058.5800840142338	2058.8069658131762
2062.5128763866314	0.506841640044513	trials	210625SL	p60	Z11111	274	3.0	90.0	12	2062.6628763866315	2062.869718026676
2062.943159798342	0.49684156075363717	trials	210625SL	p60	Z11111	88	12.0	225.0	4	2063.093159798342	2063.2900013590956
2063.37348321037	0.49684156075363717	trials	210625SL	p60	Z11111	61	0.0	180.0	4	2063.52348321037	2063.7203247711236
2063.7837664634994	0.5268417986253553	trials	210625SL	p60	Z11111	64	3.0	180.0	4	2063.9337664634995	2064.1606082621247
2064.2240499545005	0.5368818782330891	trials	210625SL	p60	Z11111	145	9.0	45.0	8	2064.3740499545006	2064.6109318327335
2064.6843736043998	0.49684156075363717	trials	210625SL	p60	Z11111	332	1.0	270.0	12	2064.8343736044	2065.0312151651533
2065.0846167779214	0.526881798942668	trials	210625SL	p60	Z11111	249	8.0	0.0	12	2065.2346167779215	2065.461498576864
2065.514940189949	0.4968415607540919	trials	210625SL	p60	Z11111	215	4.0	270.0	8	2065.664940189949	2065.861781750703
2069.5676923241585	0.5268417986253553	trials	210625SL	p60	Z11111	17	1.0	45.0	4	2069.7176923241586	2069.944534122784
2069.997975735869	0.49684156075363717	trials	210625SL	p60	Z11111	73	12.0	180.0	4	2070.1479757358693	2070.3448172966228
2070.43825922687	0.4968415607540919	trials	210625SL	p60	Z11111	181	0.0	180.0	8	2070.58825922687	2070.785100787624
2070.868582638898	0.49684156075363717	trials	210625SL	p60	Z11111	314	13.0	180.0	12	2071.018582638898	2071.2154241996514
2071.2688258124194	0.526881798942668	trials	210625SL	p60	Z11111	42	11.0	90.0	4	2071.4188258124195	2071.645707611362
2073.550403903017	0.5268417986253553	trials	210625SL	p60	Z11111	35	4.0	90.0	4	2073.700403903017	2073.9272457016423
2073.9806873147277	0.4968415607540919	trials	210625SL	p60	Z11111	282	11.0	90.0	12	2074.1306873147278	2074.3275288754817
2074.4109707264383	0.49684156075363717	trials	210625SL	p60	Z11111	12	11.0	0.0	4	2074.5609707264384	2074.757812287192
2074.8212539795677	0.526881798942668	trials	210625SL	p60	Z11111	71	10.0	180.0	4	2074.971253979568	2075.1981357785103
2075.2715775501765	0.49684156075363717	trials	210625SL	p60	Z11111	320	4.0	225.0	12	2075.4215775501766	2075.61841911093
2075.701860961887	0.49684156075363717	trials	210625SL	p60	Z11111	184	3.0	180.0	8	2075.8518609618873	2076.0487025226407
2076.102144135726	0.49684156075363717	trials	210625SL	p60	Z11111	97	6.0	270.0	4	2076.252144135726	2076.4489856964797
2076.542427626727	0.49684156075363717	trials	210625SL	p60	Z11111	85	9.0	225.0	4	2076.6924276267273	2076.8892691874807
2080.715260713056	0.5068816403618257	trials	210625SL	p60	Z11111	339	8.0	270.0	12	2080.865260713056	2081.072142353418
2081.1555842043745	0.49684156075363717	trials	210625SL	p60	Z11111	223	12.0	270.0	8	2081.3055842043746	2081.502425765128
2081.5558273778965	0.5268817989422132	trials	210625SL	p60	Z11111	130	9.0	0.0	8	2081.7058273778966	2081.9327091768387
2082.006150948505	0.4968415607540919	trials	210625SL	p60	Z11111	68	7.0	180.0	4	2082.156150948505	2082.352992509259
2082.4064341223443	0.5368418779157764	trials	210625SL	p60	Z11111	96	5.0	270.0	4	2082.5564341223444	2082.79327600026
2082.8467176133454	0.49684156075363717	trials	210625SL	p60	Z11111	123	2.0	0.0	8	2082.9967176133455	2083.193559174099
2083.2470007871843	0.49684156075363717	trials	210625SL	p60	Z11111	3	2.0	0.0	4	2083.3970007871844	2083.593842347938
2083.677284198895	0.49684156075363717	trials	210625SL	p60	Z11111	210	14.0	225.0	8	2083.827284198895	2084.0241257596485
2087.8001168887718	0.506841640044513	trials	210625SL	p60	Z11111	213	2.0	270.0	8	2087.950116888772	2088.156958528816
2088.2104001419016	0.5068416400440583	trials	210625SL	p60	Z11111	174	8.0	135.0	8	2088.3604001419017	2088.5672417819455
2088.6506836329027	0.49684156075363717	trials	210625SL	p60	Z11111	235	9.0	315.0	8	2088.8006836329027	2088.997525193656
2091.042302596012	0.526881798942668	trials	210625SL	p60	Z11111	158	7.0	90.0	8	2091.1923025960123	2091.4191843949548
2091.492626166621	0.49684156075363717	trials	210625SL	p60	Z11111	356	10.0	315.0	12	2091.642626166621	2091.8394677273745
2091.892869340143	0.49688156107094983	trials	210625SL	p60	Z11111	34	3.0	90.0	4	2092.042869340143	2092.239750901214
2092.3231927521706	0.4968415607540919	trials	210625SL	p60	Z11111	197	1.0	225.0	8	2092.4731927521707	2092.6700343129246
2092.7334760053004	0.5268417986249005	trials	210625SL	p60	Z11111	106	0.0	315.0	4	2092.8834760053005	2093.110317803925
2093.1637594170106	0.4968415607540919	trials	210625SL	p60	Z11111	155	4.0	90.0	8	2093.3137594170107	2093.5106009777646
2093.5640425908496	0.5268417986253553	trials	210625SL	p60	Z11111	266	10.0	45.0	12	2093.7140425908497	2093.940884389475
2094.014326161141	0.4968415607540919	trials	210625SL	p60	Z11111	36	5.0	90.0	4	2094.164326161141	2094.361167721895
2098.0670782953503	0.526881798942668	trials	210625SL	p60	Z11111	58	12.0	135.0	4	2098.2170782953503	2098.443960094293
2100.7589396390777	0.5268417986253553	trials	210625SL	p60	Z11111	151	0.0	90.0	8	2100.9089396390777	2101.135781437703
2101.189223050788	0.5268417986253553	trials	210625SL	p60	Z11111	167	1.0	135.0	8	2101.339223050788	2101.566064849413
2101.6395066210794	0.4968815610714046	trials	210625SL	p60	Z11111	191	10.0	180.0	8	2101.7895066210795	2101.9863881821507
2102.0397897949188	0.506841640044513	trials	210625SL	p60	Z11111	346	0.0	315.0	12	2102.189789794919	2102.396631434963
2102.4801132862367	0.4968415607540919	trials	210625SL	p60	Z11111	255	14.0	0.0	12	2102.630113286237	2102.8269548469907
2102.880356459759	0.4968415607540919	trials	210625SL	p60	Z11111	103	12.0	270.0	4	2103.030356459759	2103.227198020513
2103.3106798717868	0.5068416400440583	trials	210625SL	p60	Z11111	297	11.0	135.0	12	2103.460679871787	2103.6675215118307
2103.720923124599	0.526881798942668	trials	210625SL	p60	Z11111	303	2.0	180.0	12	2103.870923124599	2104.0978049235414
2107.883796131955	0.5268417986253553	trials	210625SL	p60	Z11111	232	6.0	315.0	8	2108.033796131955	2108.2606379305803
2110.5756174753647	0.506841640044513	trials	210625SL	p60	Z11111	322	6.0	225.0	12	2110.7256174753647	2110.932459115409
2111.0059008870753	0.4968415607540919	trials	210625SL	p60	Z11111	224	13.0	270.0	8	2111.1559008870754	2111.3527424478293
2111.416184140205	0.5268817989422132	trials	210625SL	p60	Z11111	112	6.0	315.0	4	2111.566184140205	2111.7930659391473
2111.856467631206	0.506881640361371	trials	210625SL	p60	Z11111	309	8.0	180.0	12	2112.0064676312063	2112.2133492715675
2112.296791122524	0.4968415607540919	trials	210625SL	p60	Z11111	153	2.0	90.0	8	2112.4467911225242	2112.643632683278
2112.6970742963636	0.5268417986249005	trials	210625SL	p60	Z11111	330	14.0	225.0	12	2112.8470742963636	2113.0739160949884
2113.147357866655	0.49684156075363717	trials	210625SL	p60	Z11111	252	11.0	0.0	12	2113.297357866655	2113.4941994274086
2113.567641199075	0.4968415607540919	trials	210625SL	p60	Z11111	234	8.0	315.0	8	2113.717641199075	2113.914482759829
2117.660433650763	0.4968415607540919	trials	210625SL	p60	Z11111	240	14.0	315.0	8	2117.810433650763	2118.007275211517
2118.0807169831833	0.49684156075363717	trials	210625SL	p60	Z11111	241	0.0	0.0	12	2118.2307169831834	2118.427558543937
2120.632457215892	0.506841640044513	trials	210625SL	p60	Z11111	78	2.0	225.0	4	2120.782457215892	2120.9892988559363
2121.0627406276026	0.4968415607540919	trials	210625SL	p60	Z11111	349	3.0	315.0	12	2121.2127406276027	2121.4095821883566
2121.4930640396306	0.49684156075363717	trials	210625SL	p60	Z11111	33	2.0	90.0	4	2121.6430640396306	2121.839905600384
2121.90334729276	0.4968415607540919	trials	210625SL	p60	Z11111	183	2.0	180.0	8	2122.05334729276	2122.250188853514
2122.3336307044706	0.4968415607540919	trials	210625SL	p60	Z11111	149	13.0	45.0	8	2122.4836307044707	2122.6804722652246
2122.733873877992	0.526881798942668	trials	210625SL	p60	Z11111	171	5.0	135.0	8	2122.8838738779923	2123.110755676935
2123.184197448601	0.4968415607540919	trials	210625SL	p60	Z11111	1	0.0	0.0	4	2123.334197448601	2123.531039009355
2123.58448062244	0.5268417986253553	trials	210625SL	p60	Z11111	239	13.0	315.0	8	2123.73448062244	2123.9613224210652
2127.607232518778	0.5268417986253553	trials	210625SL	p60	Z11111	173	7.0	135.0	8	2127.757232518778	2127.984074317403
2128.047516009779	0.4968415607540919	trials	210625SL	p60	Z11111	93	2.0	270.0	4	2128.197516009779	2128.394357570533
2128.457799262909	0.5268417986253553	trials	210625SL	p60	Z11111	91	0.0	270.0	4	2128.607799262909	2128.834641061534
2128.888082674619	0.4968415607540919	trials	210625SL	p60	Z11111	137	1.0	45.0	8	2129.038082674619	2129.234924235373
2129.3183660863297	0.4968415607540919	trials	210625SL	p60	Z11111	306	5.0	180.0	12	2129.4683660863298	2129.6652076470837
2129.7286493394595	0.5268817989422132	trials	210625SL	p60	Z11111	99	8.0	270.0	4	2129.8786493394596	2130.1055311384016
2130.178972910068	0.4968415607540919	trials	210625SL	p60	Z11111	2	1.0	0.0	4	2130.328972910068	2130.525814470822
2130.57921608359	0.526881798942668	trials	210625SL	p60	Z11111	222	11.0	270.0	8	2130.72921608359	2130.9560978825325
2134.8621300427485	0.5068816403618257	trials	210625SL	p60	Z11111	353	7.0	315.0	12	2135.0121300427486	2135.2190116831102
2137.2937893233375	0.5168817196522468	trials	210625SL	p60	Z11111	313	12.0	180.0	12	2137.4437893233376	2137.6606710429896
2137.714112656075	0.5068416400440583	trials	210625SL	p60	Z11111	52	6.0	135.0	4	2137.864112656075	2138.070954296119
2138.1543961470757	0.4968415607540919	trials	210625SL	p60	Z11111	77	1.0	225.0	4	2138.3043961470757	2138.5012377078297
2138.554679320915	0.49684156075363717	trials	210625SL	p60	Z11111	220	9.0	270.0	8	2138.704679320915	2138.9015208816686
2138.9549224944367	0.526881798942668	trials	210625SL	p60	Z11111	350	4.0	315.0	12	2139.104922494437	2139.3318042933793
2139.4052460650455	0.4968415607540919	trials	210625SL	p60	Z11111	113	7.0	315.0	4	2139.5552460650456	2139.7520876257995
2139.805529238885	0.5368818782326343	trials	210625SL	p60	Z11111	21	5.0	45.0	4	2139.955529238885	2140.1924111171174
2140.255812809176	0.4968415607540919	trials	210625SL	p60	Z11111	228	2.0	315.0	8	2140.405812809176	2140.60265436993
2144.3486052608646	0.5068416400440583	trials	210625SL	p60	Z11111	140	4.0	45.0	8	2144.4986052608647	2144.7054469009086
2144.758888513994	0.4968415607540919	trials	210625SL	p60	Z11111	243	2.0	0.0	12	2144.908888513994	2145.105730074748
2145.1891719257046	0.506881640361371	trials	210625SL	p60	Z11111	55	9.0	135.0	4	2145.3391719257047	2145.546053566066
2145.5994551788344	0.5268817989422132	trials	210625SL	p60	Z11111	257	1.0	45.0	12	2145.7494551788345	2145.9763369777766
2146.049778749443	0.4968415607540919	trials	210625SL	p60	Z11111	154	3.0	90.0	8	2146.199778749443	2146.396620310197
2146.450061923282	0.5268417986253553	trials	210625SL	p60	Z11111	293	7.0	135.0	12	2146.6000619232823	2146.8269037219075
2146.9003454935737	0.49684156075363717	trials	210625SL	p60	Z11111	327	11.0	225.0	12	2147.050345493574	2147.2471870543272
2147.3006286674126	0.5268417986253553	trials	210625SL	p60	Z11111	288	2.0	135.0	12	2147.4506286674127	2147.677470466038
2151.353380801622	0.5268817989422132	trials	210625SL	p60	Z11111	22	6.0	45.0	4	2151.503380801622	2151.730262600564
2151.80370437223	0.4968415607540919	trials	210625SL	p60	Z11111	121	0.0	0.0	8	2151.9537043722303	2152.150545932984
2152.2039475457523	0.526881798942668	trials	210625SL	p60	Z11111	117	11.0	315.0	4	2152.3539475457524	2152.580829344695
2154.5355660331197	0.5168417193344794	trials	210625SL	p60	Z11111	129	8.0	0.0	8	2154.68556603312	2154.902407752454
2154.9758495241203	0.4968415607540919	trials	210625SL	p60	Z11111	141	5.0	45.0	8	2155.1258495241204	2155.3226910848744
2155.38613277725	0.5268817989422132	trials	210625SL	p60	Z11111	90	14.0	225.0	4	2155.5361327772503	2155.7630145761923
2155.8264162682513	0.506881640361371	trials	210625SL	p60	Z11111	120	14.0	315.0	4	2155.9764162682513	2156.1832979086125
2156.2366995213806	0.526881798942668	trials	210625SL	p60	Z11111	221	10.0	270.0	8	2156.3866995213807	2156.613581320323
2156.667022933408	0.4968415607540919	trials	210625SL	p60	Z11111	4	3.0	0.0	4	2156.817022933408	2157.013864494162
2157.06726610693	0.4968415607540919	trials	210625SL	p60	Z11111	75	14.0	180.0	4	2157.2172661069303	2157.414107667684
2157.497589518958	0.5068416400440583	trials	210625SL	p60	Z11111	13	12.0	0.0	4	2157.6475895189583	2157.854431159002
2161.670422605287	0.5268417986253553	trials	210625SL	p60	Z11111	138	2.0	45.0	8	2161.820422605287	2162.0472644039123
2162.1207061755786	0.4968415607540919	trials	210625SL	p60	Z11111	50	4.0	135.0	4	2162.2707061755787	2162.4675477363326
2162.520989349418	0.49684156075363717	trials	210625SL	p60	Z11111	46	0.0	135.0	4	2162.670989349418	2162.8678309101715
2162.9512727611286	0.49684156075363717	trials	210625SL	p60	Z11111	5	4.0	0.0	4	2163.1012727611287	2163.298114321882
2163.3715560935484	0.49684156075363717	trials	210625SL	p60	Z11111	39	8.0	90.0	4	2163.5215560935485	2163.718397654302
2163.7718392673873	0.5368818782330891	trials	210625SL	p60	Z11111	201	5.0	225.0	8	2163.9218392673874	2164.1587211456203
2164.222162837996	0.506841640044513	trials	210625SL	p60	Z11111	76	0.0	225.0	4	2164.3721628379963	2164.5790044780406
2164.6324460911255	0.5268417986253553	trials	210625SL	p60	Z11111	326	10.0	225.0	12	2164.7824460911256	2165.009287889751
2168.785239018557	0.506881640361371	trials	210625SL	p60	Z11111	207	11.0	225.0	8	2168.9352390185572	2169.1421206589184
2169.2055623512942	0.506841640044513	trials	210625SL	p60	Z11111	273	2.0	90.0	12	2169.3555623512943	2169.5624039913387
2169.6458458422953	0.49684156075363717	trials	210625SL	p60	Z11111	134	13.0	0.0	8	2169.7958458422954	2169.992687403049
2171.8973836947043	0.5068416400440583	trials	210625SL	p60	Z11111	296	10.0	135.0	12	2172.0473836947044	2172.2542253347483
2172.317667027124	0.506841640044513	trials	210625SL	p60	Z11111	208	12.0	225.0	8	2172.467667027124	2172.6745086671685
2172.757950518125	0.49684156075363717	trials	210625SL	p60	Z11111	54	8.0	135.0	4	2172.9079505181253	2173.1047920788787
2173.188273930153	0.49684156075363717	trials	210625SL	p60	Z11111	217	6.0	270.0	8	2173.3382739301533	2173.5351154909067
2173.598517182965	0.526881798942668	trials	210625SL	p60	Z11111	84	8.0	225.0	4	2173.7485171829653	2173.975398981908
2174.0288405949927	0.5268417986253553	trials	210625SL	p60	Z11111	276	5.0	90.0	12	2174.178840594993	2174.405682393618
2174.4591240067034	0.506841640044513	trials	210625SL	p60	Z11111	334	3.0	270.0	12	2174.6091240067035	2174.815965646748
2174.8994074977045	0.4968415607540919	trials	210625SL	p60	Z11111	92	1.0	270.0	4	2175.0494074977046	2175.2462490584585
2179.0022400290004	0.506841640044513	trials	210625SL	p60	Z11111	226	0.0	315.0	8	2179.1522400290005	2179.359081669045
2179.432523440711	0.49684156075363717	trials	210625SL	p60	Z11111	172	6.0	135.0	8	2179.582523440711	2179.7793650014646
2179.8628068524217	0.49684156075363717	trials	210625SL	p60	Z11111	199	3.0	225.0	8	2180.012806852422	2180.2096484131753
2182.364506688361	0.526881798942668	trials	210625SL	p60	Z11111	118	12.0	315.0	4	2182.514506688361	2182.7413884873035
2182.804790179362	0.49684156075363717	trials	210625SL	p60	Z11111	237	11.0	315.0	8	2182.954790179362	2183.1516317401156
2185.3265301741994	0.5168417193349342	trials	210625SL	p60	Z11111	131	10.0	0.0	8	2185.4765301741995	2185.6933718935343
2185.7668136652005	0.49684156075363717	trials	210625SL	p60	Z11111	302	1.0	180.0	12	2185.9168136652006	2186.113655225954
2186.1670968390395	0.5368818782330891	trials	210625SL	p60	Z11111	89	13.0	225.0	4	2186.3170968390396	2186.5539787172725
2186.6174204096483	0.506841640044513	trials	210625SL	p60	Z11111	253	12.0	0.0	12	2186.7674204096484	2186.9742620496927
2187.027663662461	0.5268817989422132	trials	210625SL	p60	Z11111	74	13.0	180.0	4	2187.177663662461	2187.404545461403
2187.4579870744883	0.4968415607540919	trials	210625SL	p60	Z11111	60	14.0	135.0	4	2187.6079870744884	2187.8048286352423
2187.8582302480104	0.49688156107094983	trials	210625SL	p60	Z11111	292	6.0	135.0	12	2188.0082302480105	2188.2051118090812
2188.2885536600384	0.5068416400440583	trials	210625SL	p60	Z11111	189	8.0	180.0	8	2188.4385536600385	2188.6453953000823
2192.4413865877864	0.5168417193349342	trials	210625SL	p60	Z11111	238	12.0	315.0	8	2192.5913865877865	2192.808228307121
2192.861669920206	0.4968415607540919	trials	210625SL	p60	Z11111	206	10.0	225.0	8	2193.0116699202063	2193.20851148096
2195.303329280086	0.5268417986253553	trials	210625SL	p60	Z11111	335	4.0	270.0	12	2195.453329280086	2195.6801710787113
2195.7536128503775	0.49684156075363717	trials	210625SL	p60	Z11111	18	2.0	45.0	4	2195.9036128503776	2196.100454411131
