onset	duration	nwb_table	ses_ID	pen_ID	sub_ID	cond_ID	stim_ID	mode	pdOnTS	pdOffTS
3248.8967715879917	0.5069200207371978	trials	210531TX	p41	Z11111	100	33.0	0.0	3249.0467715879918	3249.253691608729
3249.327051631113	0.5169200217392245	trials	210531TX	p41	Z11111	52	17.0	0.0	3249.477051631113	3249.6939716528523
3249.7573716742386	0.5169200217392245	trials	210531TX	p41	Z11111	9	2.0	2.0	3249.9073716742387	3250.1242916959777
3250.18765171736	0.5269200227412512	trials	210531TX	p41	Z11111	0			3250.33765171736	3250.564571740101
3250.617931760481	0.5269200227417059	trials	210531TX	p41	Z11111	50	16.0	1.0	3250.767931760481	3250.9948517832227
3251.058211804605	0.5269600227452429	trials	210531TX	p41	Z11111	18	5.0	2.0	3251.208211804605	3251.43517182735
3251.48853184773	0.5269200227417059	trials	210531TX	p41	Z11111	4	1.0	0.0	3251.63853184773	3251.8654518704716
3255.36113223583	0.5069200207371978	trials	210531TX	p41	Z11111	1	0.0	0.0	3255.5111322358302	3255.7180522565673
3255.81145228096	0.5168800217352327	trials	210531TX	p41	Z11111	15	4.0	2.0	3255.96145228096	3256.1783323026953
3263.236413025067	0.506920020736743	trials	210531TX	p41	Z11111	75	24.0	2.0	3263.386413025067	3263.593333045804
3263.6867330701966	0.5269200227417059	trials	210531TX	p41	Z11111	119	39.0	1.0	3263.8367330701967	3264.0636530929382
3264.12701311432	0.5269600227456976	trials	210531TX	p41	Z11111	29	9.0	1.0	3264.27701311432	3264.5039731370657
3264.57733315945	0.506920020736743	trials	210531TX	p41	Z11111	14	4.0	1.0	3264.72733315945	3264.9342531801867
3265.0176132035735	0.5269200227412512	trials	210531TX	p41	Z11111	97	32.0	0.0	3265.1676132035736	3265.3945332263147
3265.457933247701	0.5269200227412512	trials	210531TX	p41	Z11111	118	39.0	0.0	3265.607933247701	3265.834853270442
3265.8882132908225	0.5269200227412512	trials	210531TX	p41	Z11111	49	16.0	0.0	3266.0382132908226	3266.2651333135636
3271.0316538062825	0.506920020736743	trials	210531TX	p41	Z11111	76	25.0	0.0	3271.1816538062826	3271.388573827019
3274.1237741161654	0.5068800207327513	trials	210531TX	p41	Z11111	30	9.0	2.0	3274.2737741161654	3274.480654136898
3274.574054161291	0.5269200227412512	trials	210531TX	p41	Z11111	0			3274.724054161291	3274.950974184032
3275.044374208425	0.5269200227417059	trials	210531TX	p41	Z11111	78	25.0	2.0	3275.194374208425	3275.4212942311665
3275.504694254557	0.5269200227412512	trials	210531TX	p41	Z11111	16	5.0	0.0	3275.654694254557	3275.881614277298
3275.9449742986803	0.5269200227412512	trials	210531TX	p41	Z11111	91	30.0	0.0	3276.0949742986804	3276.3218943214215
3276.375294341806	0.5269200227412512	trials	210531TX	p41	Z11111	93	30.0	2.0	3276.525294341806	3276.752214364547
3276.8155743859293	0.5269200227412512	trials	210531TX	p41	Z11111	96	31.0	2.0	3276.9655743859294	3277.1924944086704
3284.6608551721592	0.5069200207371978	trials	210531TX	p41	Z11111	67	22.0	0.0	3284.8108551721593	3285.0177751928964
3285.071135213276	0.5269200227417059	trials	210531TX	p41	Z11111	84	27.0	2.0	3285.2211352132763	3285.448055236018
3285.5414552604107	0.5269200227412512	trials	210531TX	p41	Z11111	26	8.0	1.0	3285.6914552604107	3285.918375283152
3289.494095656532	0.5069200207371978	trials	210531TX	p41	Z11111	53	17.0	1.0	3289.644095656532	3289.851015677269
3289.904375697649	0.5269200227417059	trials	210531TX	p41	Z11111	57	18.0	2.0	3290.054375697649	3290.2812957203905
3290.3446957417764	0.5269200227417059	trials	210531TX	p41	Z11111	92	30.0	1.0	3290.4946957417765	3290.721615764518
3290.774975784898	0.5269200227417059	trials	210531TX	p41	Z11111	59	19.0	1.0	3290.924975784898	3291.1518958076394
3291.2152558290213	0.5269200227417059	trials	210531TX	p41	Z11111	80	26.0	1.0	3291.3652558290214	3291.592175851763
3291.645535872143	0.5269600227456976	trials	210531TX	p41	Z11111	61	20.0	0.0	3291.795535872143	3292.0224958948884
3292.0858559162702	0.5269200227417059	trials	210531TX	p41	Z11111	120	39.0	2.0	3292.2358559162703	3292.462775939012
3295.9384563023664	0.4968800197307246	trials	210531TX	p41	Z11111	90	29.0	2.0	3296.0884563023665	3296.285336322097
3296.3487363434833	0.5269200227412512	trials	210531TX	p41	Z11111	73	24.0	0.0	3296.4987363434834	3296.7256563662245
3296.779016386605	0.5269200227412512	trials	210531TX	p41	Z11111	112	37.0	0.0	3296.929016386605	3297.155936409346
3297.249336433739	0.5269200227412512	trials	210531TX	p41	Z11111	38	12.0	1.0	3297.399336433739	3297.62625645648
3297.719656480873	0.5269200227412512	trials	210531TX	p41	Z11111	47	15.0	1.0	3297.869656480873	3298.096576503614
3298.1499365239943	0.5269200227412512	trials	210531TX	p41	Z11111	42	13.0	2.0	3298.2999365239943	3298.5268565467354
3298.5902165681177	0.5269200227412512	trials	210531TX	p41	Z11111	95	31.0	1.0	3298.740216568118	3298.967136590859
3302.542896964243	0.49688001973117935	trials	210531TX	p41	Z11111	48	15.0	2.0	3302.692896964243	3302.889776983974
3302.9531770053604	0.5269200227412512	trials	210531TX	p41	Z11111	27	8.0	2.0	3303.1031770053605	3303.3300970281016
3305.2346972340074	0.506920020736743	trials	210531TX	p41	Z11111	32	10.0	1.0	3305.3846972340075	3305.591617254744
3305.6449772751243	0.5269200227412512	trials	210531TX	p41	Z11111	60	19.0	2.0	3305.7949772751244	3306.0218972978655
3306.085257319248	0.5169200217392245	trials	210531TX	p41	Z11111	83	27.0	1.0	3306.235257319248	3306.452177340987
3306.5155773623733	0.5269200227412512	trials	210531TX	p41	Z11111	105	34.0	2.0	3306.6655773623734	3306.8924973851144
3306.9458574054943	0.5269200227417059	trials	210531TX	p41	Z11111	68	22.0	1.0	3307.0958574054944	3307.322777428236
3307.386137449618	0.5269600227452429	trials	210531TX	p41	Z11111	20	6.0	1.0	3307.5361374496183	3307.7630974723634
3307.816457492743	0.5269200227417059	trials	210531TX	p41	Z11111	33	10.0	2.0	3307.9664574927433	3308.193377515485
3311.709057882848	0.4969200197351711	trials	210531TX	p41	Z11111	82	27.0	0.0	3311.859057882848	3312.055977902583
3312.1493379269714	0.5269600227456976	trials	210531TX	p41	Z11111	13	4.0	0.0	3312.2993379269715	3312.526297949717
3312.6196579741054	0.5269600227456976	trials	210531TX	p41	Z11111	99	32.0	2.0	3312.7696579741055	3312.996617996851
3313.059978018233	0.5169200217392245	trials	210531TX	p41	Z11111	11	3.0	1.0	3313.209978018233	3313.426898039972
3313.4902580613543	0.5269200227417059	trials	210531TX	p41	Z11111	51	16.0	2.0	3313.6402580613544	3313.867178084096
3313.920538104476	0.5269200227412512	trials	210531TX	p41	Z11111	17	5.0	1.0	3314.070538104476	3314.297458127217
3314.3608581486033	0.5269200227412512	trials	210531TX	p41	Z11111	41	13.0	1.0	3314.5108581486033	3314.7377781713444
3318.2834985417185	0.4968800197307246	trials	210531TX	p41	Z11111	85	28.0	0.0	3318.4334985417186	3318.630378561449
3318.6937785828354	0.5269200227412512	trials	210531TX	p41	Z11111	79	26.0	0.0	3318.8437785828355	3319.0706986055766
3319.124058625957	0.5269200227412512	trials	210531TX	p41	Z11111	56	18.0	1.0	3319.274058625957	3319.500978648698
3319.5643386700804	0.5269200227412512	trials	210531TX	p41	Z11111	40	13.0	0.0	3319.7143386700805	3319.9412586928215
3320.0246587162123	0.5269200227412512	trials	210531TX	p41	Z11111	0			3320.1746587162124	3320.4015787389535
3320.464938760336	0.5269600227452429	trials	210531TX	p41	Z11111	25	8.0	0.0	3320.614938760336	3320.841898783081
3320.8952588034613	0.5269200227412512	trials	210531TX	p41	Z11111	46	15.0	0.0	3321.0452588034614	3321.2721788262024
3325.038019218636	0.4969200197351711	trials	210531TX	p41	Z11111	71	23.0	1.0	3325.188019218636	3325.384939238371
3327.899979505453	0.4968800197307246	trials	210531TX	p41	Z11111	21	6.0	2.0	3328.049979505453	3328.2468595251835
3328.310219546566	0.5269600227456976	trials	210531TX	p41	Z11111	111	36.0	2.0	3328.460219546566	3328.6871795693114
3328.770539592698	0.5269200227412512	trials	210531TX	p41	Z11111	64	21.0	0.0	3328.920539592698	3329.147459615439
3331.0420598203427	0.49692001973471633	trials	210531TX	p41	Z11111	117	38.0	2.0	3331.192059820343	3331.3889798400774
3331.4523398614597	0.5269200227412512	trials	210531TX	p41	Z11111	62	20.0	1.0	3331.6023398614598	3331.829259884201
3331.9226599085937	0.5269200227412512	trials	210531TX	p41	Z11111	37	12.0	0.0	3332.072659908594	3332.299579931335
3332.352939951715	0.5269600227452429	trials	210531TX	p41	Z11111	63	20.0	2.0	3332.5029399517152	3332.7298999744603
3332.823259998849	0.5269600227452429	trials	210531TX	p41	Z11111	65	21.0	1.0	3332.9732599988492	3333.2002200215943
3333.293580045983	0.5269200227412512	trials	210531TX	p41	Z11111	2	0.0	1.0	3333.4435800459833	3333.6705000687243
3333.7239000891086	0.5269200227412512	trials	210531TX	p41	Z11111	106	35.0	0.0	3333.8739000891087	3334.1008201118498
3337.6265004802153	0.506920020736743	trials	210531TX	p41	Z11111	69	22.0	2.0	3337.7765004802154	3337.983420500952
3338.076820525345	0.5269200227412512	trials	210531TX	p41	Z11111	88	29.0	0.0	3338.226820525345	3338.453740548086
3338.5071005684663	0.5269200227412512	trials	210531TX	p41	Z11111	104	34.0	1.0	3338.6571005684664	3338.8840205912074
3338.9474206125938	0.5269200227412512	trials	210531TX	p41	Z11111	107	35.0	1.0	3339.097420612594	3339.324340635335
3339.377700655715	0.5269200227412512	trials	210531TX	p41	Z11111	43	14.0	0.0	3339.5277006557153	3339.7546206784564
3339.8179806998387	0.5269200227412512	trials	210531TX	p41	Z11111	10	3.0	0.0	3339.967980699839	3340.19490072258
3340.24826074296	0.5269200227412512	trials	210531TX	p41	Z11111	8	2.0	1.0	3340.3982607429602	3340.6251807657013
3344.170901136075	0.4969200197351711	trials	210531TX	p41	Z11111	19	6.0	0.0	3344.320901136075	3344.51782115581
3344.581181177192	0.5269200227417059	trials	210531TX	p41	Z11111	6	1.0	2.0	3344.731181177192	3344.9581011999335
3345.0115012203173	0.5269200227417059	trials	210531TX	p41	Z11111	114	37.0	2.0	3345.1615012203174	3345.388421243059
3345.451781264441	0.5269200227417059	trials	210531TX	p41	Z11111	55	18.0	0.0	3345.601781264441	3345.8287012871824
3345.8820613075623	0.5269200227417059	trials	210531TX	p41	Z11111	54	17.0	2.0	3346.0320613075623	3346.258981330304
3346.3223413516857	0.5269600227456976	trials	210531TX	p41	Z11111	108	35.0	2.0	3346.472341351686	3346.6993013744313
3346.752661394811	0.5269200227412512	trials	210531TX	p41	Z11111	81	26.0	2.0	3346.9026613948113	3347.1295814175523
3350.725341792941	0.506880020733206	trials	210531TX	p41	Z11111	110	36.0	1.0	3350.875341792941	3351.082221813674
3353.1369420346246	0.49692001973471633	trials	210531TX	p41	Z11111	72	23.0	2.0	3353.2869420346246	3353.483862054359
3353.5472220757415	0.5269200227412512	trials	210531TX	p41	Z11111	116	38.0	1.0	3353.6972220757416	3353.9241420984827
3353.977502118863	0.5269200227412512	trials	210531TX	p41	Z11111	77	25.0	1.0	3354.127502118863	3354.354422141604
3354.4178221629904	0.5269200227412512	trials	210531TX	p41	Z11111	12	3.0	2.0	3354.5678221629905	3354.7947421857316
3354.848102206112	0.5269200227412512	trials	210531TX	p41	Z11111	101	33.0	1.0	3354.998102206112	3355.225022228853
3355.2883822502354	0.5269600227452429	trials	210531TX	p41	Z11111	89	29.0	1.0	3355.4383822502355	3355.6653422729805
3355.748702296367	0.5269200227417059	trials	210531TX	p41	Z11111	58	19.0	0.0	3355.898702296367	3356.1256223191085
3359.8014227025183	0.5069200207371978	trials	210531TX	p41	Z11111	66	21.0	2.0	3359.9514227025184	3360.1583427232554
3360.2217027446377	0.5269600227452429	trials	210531TX	p41	Z11111	0			3360.371702744638	3360.598662767383
3360.682022790769	0.5269200227417059	trials	210531TX	p41	Z11111	5	1.0	1.0	3360.8320227907693	3361.058942813511
3361.122342834897	0.5269200227412512	trials	210531TX	p41	Z11111	113	37.0	1.0	3361.2723428348972	3361.4992628576383
3361.552622878018	0.5269200227417059	trials	210531TX	p41	Z11111	94	31.0	0.0	3361.7026228780182	3361.9295429007598
3361.9929029221416	0.5269200227417059	trials	210531TX	p41	Z11111	44	14.0	1.0	3362.1429029221417	3362.3698229448833
3362.423182965263	0.5269600227456976	trials	210531TX	p41	Z11111	34	11.0	0.0	3362.573182965263	3362.8001429880087
3367.496623473708	0.5069200207371978	trials	210531TX	p41	Z11111	35	11.0	1.0	3367.646623473708	3367.853543494445
3367.916903515827	0.5169200217392245	trials	210531TX	p41	Z11111	24	7.0	2.0	3368.066903515827	3368.283823537566
3368.377223561959	0.5269200227412512	trials	210531TX	p41	Z11111	87	28.0	2.0	3368.527223561959	3368.7541435847
3368.8175036060825	0.5269200227412512	trials	210531TX	p41	Z11111	3	0.0	2.0	3368.9675036060826	3369.1944236288236
3369.247783649204	0.5269200227412512	trials	210531TX	p41	Z11111	39	12.0	2.0	3369.397783649204	3369.624703671945
3369.6881036933314	0.5269200227412512	trials	210531TX	p41	Z11111	7	2.0	0.0	3369.8381036933315	3370.0650237160726
3370.118383736453	0.5269200227412512	trials	210531TX	p41	Z11111	86	28.0	1.0	3370.268383736453	3370.495303759194
3374.3112241566464	0.49688001973117935	trials	210531TX	p41	Z11111	70	23.0	0.0	3374.4612241566465	3374.6581041763775
3376.612744387298	0.5069200207371978	trials	210531TX	p41	Z11111	31	10.0	0.0	3376.762744387298	3376.969664408035
3377.023024428415	0.5269200227417059	trials	210531TX	p41	Z11111	115	38.0	0.0	3377.173024428415	3377.3999444511564
3377.4633444725423	0.5269200227417059	trials	210531TX	p41	Z11111	102	33.0	2.0	3377.6133444725424	3377.840264495284
3377.8936245156638	0.5269200227412512	trials	210531TX	p41	Z11111	103	34.0	0.0	3378.043624515664	3378.270544538405
3378.3339045597872	0.5269200227412512	trials	210531TX	p41	Z11111	28	9.0	0.0	3378.4839045597873	3378.7108245825284
3378.7641846029087	0.5269600227452429	trials	210531TX	p41	Z11111	109	36.0	0.0	3378.914184602909	3379.141144625654
3379.2345046500427	0.5269600227452429	trials	210531TX	p41	Z11111	36	11.0	2.0	3379.384504650043	3379.611464672788
3383.057105033132	0.5069200207371978	trials	210531TX	p41	Z11111	22	7.0	0.0	3383.207105033132	3383.414025053869
3383.497385077256	0.5269200227412512	trials	210531TX	p41	Z11111	23	7.0	1.0	3383.647385077256	3383.874305099997
3383.9377051213833	0.5269200227412512	trials	210531TX	p41	Z11111	45	14.0	2.0	3384.0877051213834	3384.3146251441244
3384.3679851645043	0.5269200227417059	trials	210531TX	p41	Z11111	74	24.0	1.0	3384.5179851645044	3384.744905187246
3384.808265208628	0.5169200217392245	trials	210531TX	p41	Z11111	98	32.0	1.0	3384.9582652086283	3385.1751852303673
3385.238545251749	0.5269600227456976	trials	210531TX	p41	Z11111	56	18.0	1.0	3385.3885452517493	3385.615505274495
3385.708865298883	0.5269200227417059	trials	210531TX	p41	Z11111	112	37.0	0.0	3385.8588652988833	3386.085785321625
3391.2125858504496	0.5069200207371978	trials	210531TX	p41	Z11111	89	29.0	1.0	3391.3625858504497	3391.5695058711867
3391.6228658915666	0.5269200227412512	trials	210531TX	p41	Z11111	28	9.0	0.0	3391.7728658915667	3391.9997859143077
3392.06314593569	0.5269200227412512	trials	210531TX	p41	Z11111	114	37.0	2.0	3392.21314593569	3392.440065958431
3392.4934259788115	0.5269600227452429	trials	210531TX	p41	Z11111	55	18.0	0.0	3392.6434259788116	3392.8703860015567
3392.933746022939	0.5269200227412512	trials	210531TX	p41	Z11111	92	30.0	1.0	3393.083746022939	3393.31066604568
3393.3640260660604	0.5269200227412512	trials	210531TX	p41	Z11111	106	35.0	0.0	3393.5140260660605	3393.7409460888016
3393.804346110188	0.5269200227412512	trials	210531TX	p41	Z11111	90	29.0	2.0	3393.954346110188	3394.181266132929
3397.736986504305	0.5069200207371978	trials	210531TX	p41	Z11111	13	4.0	0.0	3397.8869865043052	3398.0939065250423
3398.1872665494307	0.5269200227417059	trials	210531TX	p41	Z11111	14	4.0	1.0	3398.3372665494308	3398.5641865721723
3398.617586592556	0.5269200227412512	trials	210531TX	p41	Z11111	99	32.0	2.0	3398.767586592556	3398.9945066152973
3399.087866639686	0.5269600227456976	trials	210531TX	p41	Z11111	0			3399.237866639686	3399.4648266624317
3399.5181866828116	0.5269200227412512	trials	210531TX	p41	Z11111	33	10.0	2.0	3399.6681866828117	3399.8951067055527
3399.958466726935	0.5269200227412512	trials	210531TX	p41	Z11111	50	16.0	1.0	3400.108466726935	3400.335386749676
3400.3887467700565	0.5269600227452429	trials	210531TX	p41	Z11111	85	28.0	0.0	3400.5387467700566	3400.7657067928017
3404.3614271681863	0.5069200207371978	trials	210531TX	p41	Z11111	5	1.0	1.0	3404.5114271681864	3404.7183471889234
3404.801747212314	0.5269200227417059	trials	210531TX	p41	Z11111	91	30.0	0.0	3404.951747212314	3405.1786672350554
3405.2420272564373	0.5269200227417059	trials	210531TX	p41	Z11111	57	18.0	2.0	3405.3920272564374	3405.618947279179
3405.6723072995587	0.5269200227412512	trials	210531TX	p41	Z11111	84	27.0	2.0	3405.822307299559	3406.0492273223
3406.112627343686	0.5269200227417059	trials	210531TX	p41	Z11111	11	3.0	1.0	3406.2626273436863	3406.489547366428
3406.562907388812	0.5269200227412512	trials	210531TX	p41	Z11111	117	38.0	2.0	3406.7129073888123	3406.9398274115533
3406.9932274319376	0.5269200227412512	trials	210531TX	p41	Z11111	113	37.0	1.0	3407.1432274319377	3407.3701474546788
3410.945867828059	0.5069200207371978	trials	210531TX	p41	Z11111	111	36.0	2.0	3411.095867828059	3411.302787848796
3411.3661478701783	0.5269200227412512	trials	210531TX	p41	Z11111	18	5.0	2.0	3411.5161478701784	3411.7430678929195
3411.82646791631	0.5269200227417059	trials	210531TX	p41	Z11111	24	7.0	2.0	3411.97646791631	3412.2033879390515
3412.296787963444	0.5269200227417059	trials	210531TX	p41	Z11111	1	0.0	0.0	3412.446787963444	3412.6737079861855
3412.737068007568	0.5269200227412512	trials	210531TX	p41	Z11111	110	36.0	1.0	3412.887068007568	3413.113988030309
3413.167348050689	0.5269600227456976	trials	210531TX	p41	Z11111	37	12.0	0.0	3413.317348050689	3413.5443080734344
3413.6076680948163	0.5169200217392245	trials	210531TX	p41	Z11111	86	28.0	1.0	3413.7576680948164	3413.9745881165554
3415.869188321459	0.5169200217392245	trials	210531TX	p41	Z11111	51	16.0	2.0	3416.0191883214593	3416.2361083431983
3416.2994683645807	0.5269200227412512	trials	210531TX	p41	Z11111	10	3.0	0.0	3416.4494683645808	3416.676388387322
3416.759788410712	0.5269200227417059	trials	210531TX	p41	Z11111	88	29.0	0.0	3416.9097884107123	3417.136708433454
3417.200068454836	0.5269200227412512	trials	210531TX	p41	Z11111	103	34.0	0.0	3417.350068454836	3417.5769884775773
3417.630388497961	0.5269200227417059	trials	210531TX	p41	Z11111	101	33.0	1.0	3417.780388497961	3418.0073085207027
3418.070668542085	0.5269200227412512	trials	210531TX	p41	Z11111	4	1.0	0.0	3418.220668542085	3418.447588564826
3418.500948585206	0.5269200227417059	trials	210531TX	p41	Z11111	0			3418.650948585206	3418.8778686079477
3422.643749000385	0.49692001973471633	trials	210531TX	p41	Z11111	45	14.0	2.0	3422.793749000385	3422.9906690201196
3423.054029041502	0.5269200227417059	trials	210531TX	p41	Z11111	115	38.0	0.0	3423.204029041502	3423.4309490642436
3423.4843090846234	0.5269200227412512	trials	210531TX	p41	Z11111	0			3423.6343090846235	3423.8612291073646
3423.924589128747	0.5269600227452429	trials	210531TX	p41	Z11111	25	8.0	0.0	3424.074589128747	3424.301549151492
3424.3549091718724	0.5269200227412512	trials	210531TX	p41	Z11111	76	25.0	0.0	3424.5049091718724	3424.7318291946135
3424.795189215996	0.5269200227412512	trials	210531TX	p41	Z11111	62	20.0	1.0	3424.945189215996	3425.172109238737
3425.255509262128	0.5269200227412512	trials	210531TX	p41	Z11111	79	26.0	0.0	3425.405509262128	3425.632429284869
3429.118109649226	0.4968800197307246	trials	210531TX	p41	Z11111	39	12.0	2.0	3429.268109649226	3429.4649896689566
3429.528389690343	0.5269200227412512	trials	210531TX	p41	Z11111	80	26.0	1.0	3429.678389690343	3429.905309713084
3429.958669733464	0.5269200227417059	trials	210531TX	p41	Z11111	94	31.0	0.0	3430.108669733464	3430.3355897562055
3430.398949777588	0.5269600227452429	trials	210531TX	p41	Z11111	40	13.0	0.0	3430.548949777588	3430.775909800333
3430.829269820713	0.5269200227417059	trials	210531TX	p41	Z11111	72	23.0	2.0	3430.979269820713	3431.2061898434545
3431.299549867843	0.5269600227456976	trials	210531TX	p41	Z11111	23	7.0	1.0	3431.449549867843	3431.6765098905885
3431.769909914981	0.5269200227417059	trials	210531TX	p41	Z11111	71	23.0	1.0	3431.919909914981	3432.1468299377225
3435.632470302075	0.5069200207371978	trials	210531TX	p41	Z11111	44	14.0	1.0	3435.782470302075	3435.989390322812
3436.0527503441945	0.5169200217392245	trials	210531TX	p41	Z11111	74	24.0	1.0	3436.2027503441946	3436.4196703659336
3436.48307038732	0.5269200227412512	trials	210531TX	p41	Z11111	118	39.0	0.0	3436.63307038732	3436.859990410061
3436.913350430441	0.5269200227417059	trials	210531TX	p41	Z11111	2	0.0	1.0	3437.063350430441	3437.2902704531825
3437.3536304745644	0.5269600227456976	trials	210531TX	p41	Z11111	17	5.0	1.0	3437.5036304745645	3437.73059049731
3437.8239505216984	0.5269200227417059	trials	210531TX	p41	Z11111	105	34.0	2.0	3437.9739505216985	3438.20087054444
3438.254270564824	0.5269200227417059	trials	210531TX	p41	Z11111	70	23.0	0.0	3438.404270564824	3438.6311905875655
3442.3770309779943	0.5069200207371978	trials	210531TX	p41	Z11111	46	15.0	0.0	3442.5270309779944	3442.7339509987314
3442.7873110191117	0.5269200227412512	trials	210531TX	p41	Z11111	47	15.0	1.0	3442.937311019112	3443.164231041853
3443.227591063235	0.5169200217392245	trials	210531TX	p41	Z11111	38	12.0	1.0	3443.3775910632353	3443.5945110849743
3443.65791110636	0.5269200227417059	trials	210531TX	p41	Z11111	95	31.0	1.0	3443.8079111063603	3444.034831129102
3444.0981911504837	0.5169200217396792	trials	210531TX	p41	Z11111	27	8.0	2.0	3444.2481911504838	3444.4651111722233
3444.528471193605	0.5269200227417059	trials	210531TX	p41	Z11111	32	10.0	1.0	3444.678471193605	3444.9053912163467
3444.9587512367266	0.5269600227452429	trials	210531TX	p41	Z11111	98	32.0	1.0	3445.1087512367267	3445.3357112594717
3448.881391629842	0.506920020736743	trials	210531TX	p41	Z11111	42	13.0	2.0	3449.031391629842	3449.2383116505785
3449.2916716709587	0.5269200227412512	trials	210531TX	p41	Z11111	63	20.0	2.0	3449.441671670959	3449.6685916937
3449.7619917180928	0.5269200227412512	trials	210531TX	p41	Z11111	102	33.0	2.0	3449.911991718093	3450.138911740834
3450.2323117652268	0.5269200227412512	trials	210531TX	p41	Z11111	53	17.0	1.0	3450.382311765227	3450.609231787968
3450.662591808348	0.5269600227452429	trials	210531TX	p41	Z11111	35	11.0	1.0	3450.8125918083483	3451.0395518310934
3451.1029118524757	0.5269200227412512	trials	210531TX	p41	Z11111	120	39.0	2.0	3451.252911852476	3451.479831875217
3451.533191895597	0.5269200227412512	trials	210531TX	p41	Z11111	9	2.0	2.0	3451.6831918955972	3451.9101119183383
3455.4057922836973	0.49692001973471633	trials	210531TX	p41	Z11111	65	21.0	1.0	3455.5557922836974	3455.752712303432
3455.8160723248143	0.5269200227412512	trials	210531TX	p41	Z11111	81	26.0	2.0	3455.9660723248144	3456.1929923475554
3456.2563523689378	0.5169200217392245	trials	210531TX	p41	Z11111	67	22.0	0.0	3456.406352368938	3456.623272390677
3456.686672412063	0.5269200227412512	trials	210531TX	p41	Z11111	3	0.0	2.0	3456.8366724120633	3457.0635924348044
3457.1169524551847	0.5269200227412512	trials	210531TX	p41	Z11111	107	35.0	1.0	3457.2669524551848	3457.493872477926
3457.557232499308	0.5269600227452429	trials	210531TX	p41	Z11111	0			3457.7072324993082	3457.9341925220533
3457.9875525424336	0.5269200227412512	trials	210531TX	p41	Z11111	93	30.0	2.0	3458.1375525424337	3458.3644725651748
3461.7901129235142	0.506880020733206	trials	210531TX	p41	Z11111	64	21.0	0.0	3461.9401129235143	3462.1469929442474
3462.200392964631	0.5269200227417059	trials	210531TX	p41	Z11111	21	6.0	2.0	3462.3503929646313	3462.577312987373
3462.640673008755	0.5269200227412512	trials	210531TX	p41	Z11111	26	8.0	1.0	3462.790673008755	3463.0175930314963
3463.070953051876	0.5269200227417059	trials	210531TX	p41	Z11111	87	28.0	2.0	3463.220953051876	3463.4478730746177
3463.511273096004	0.5269200227412512	trials	210531TX	p41	Z11111	7	2.0	0.0	3463.661273096004	3463.888193118745
3463.941553139125	0.5269200227417059	trials	210531TX	p41	Z11111	58	19.0	0.0	3464.091553139125	3464.3184731618667
3464.3818331832485	0.5269200227417059	trials	210531TX	p41	Z11111	31	10.0	0.0	3464.5318331832486	3464.75875320599
3468.1843935643296	0.4969200197351711	trials	210531TX	p41	Z11111	97	32.0	0.0	3468.3343935643297	3468.5313135840647
3468.594673605447	0.5269200227412512	trials	210531TX	p41	Z11111	54	17.0	2.0	3468.744673605447	3468.971593628188
3469.024953648568	0.5269200227417059	trials	210531TX	p41	Z11111	77	25.0	1.0	3469.174953648568	3469.4018736713097
3469.4652736926955	0.5269200227417059	trials	210531TX	p41	Z11111	30	9.0	2.0	3469.6152736926956	3469.842193715437
3469.9355937398295	0.5269200227417059	trials	210531TX	p41	Z11111	15	4.0	2.0	3470.0855937398296	3470.312513762571
3470.3958737859575	0.5269600227456976	trials	210531TX	p41	Z11111	66	21.0	2.0	3470.5458737859576	3470.772833808703
3470.8661938330915	0.5269200227417059	trials	210531TX	p41	Z11111	52	17.0	0.0	3471.0161938330916	3471.243113855833
3474.7087942181856	0.49692001973471633	trials	210531TX	p41	Z11111	119	39.0	1.0	3474.8587942181857	3475.0557142379203
3477.450634492964	0.4969200197351711	trials	210531TX	p41	Z11111	73	24.0	0.0	3477.600634492964	3477.797554512699
3477.860914534081	0.5269200227417059	trials	210531TX	p41	Z11111	43	14.0	0.0	3478.010914534081	3478.2378345568227
3478.331234581215	0.5269200227417059	trials	210531TX	p41	Z11111	82	27.0	0.0	3478.481234581215	3478.7081546039567
3478.7615146243365	0.5269200227417059	trials	210531TX	p41	Z11111	96	31.0	2.0	3478.9115146243366	3479.138434647078
3479.2318346714706	0.5269200227417059	trials	210531TX	p41	Z11111	61	20.0	0.0	3479.3818346714706	3479.608754694212
3479.662114714592	0.5269600227456976	trials	210531TX	p41	Z11111	69	22.0	2.0	3479.812114714592	3480.0390747373376
3480.1024347587195	0.5269200227412512	trials	210531TX	p41	Z11111	75	24.0	2.0	3480.2524347587196	3480.4793547814606
3484.0851151578518	0.5069200207371978	trials	210531TX	p41	Z11111	34	11.0	0.0	3484.235115157852	3484.442035178589
3484.5053951999707	0.5169200217392245	trials	210531TX	p41	Z11111	19	6.0	0.0	3484.655395199971	3484.87231522171
3484.935675243092	0.5269200227417059	trials	210531TX	p41	Z11111	78	25.0	2.0	3485.0856752430923	3485.312595265834
3485.3659552862136	0.5269200227412512	trials	210531TX	p41	Z11111	60	19.0	2.0	3485.5159552862137	3485.742875308955
3485.8362753333477	0.5269200227412512	trials	210531TX	p41	Z11111	36	11.0	2.0	3485.9862753333477	3486.213195356089
3486.276595377475	0.5169200217392245	trials	210531TX	p41	Z11111	100	33.0	0.0	3486.426595377475	3486.6435153992143
3486.7068754205966	0.5269200227412512	trials	210531TX	p41	Z11111	22	7.0	0.0	3486.8568754205967	3487.0837954433377
3490.779595828752	0.4969200197351711	trials	210531TX	p41	Z11111	68	22.0	1.0	3490.929595828752	3491.126515848487
3491.1898758698694	0.5269600227452429	trials	210531TX	p41	Z11111	20	6.0	1.0	3491.3398758698695	3491.5668358926146
3491.6201959129944	0.5269200227417059	trials	210531TX	p41	Z11111	108	35.0	2.0	3491.7701959129945	3491.997115935736
3492.0604759571183	0.5269200227412512	trials	210531TX	p41	Z11111	59	19.0	1.0	3492.2104759571184	3492.4373959798595
3492.4907560002393	0.5269200227417059	trials	210531TX	p41	Z11111	49	16.0	0.0	3492.6407560002394	3492.867676022981
3492.931076044367	0.5269200227417059	trials	210531TX	p41	Z11111	29	9.0	1.0	3493.081076044367	3493.3079960671084
3493.391356090495	0.5269600227452429	trials	210531TX	p41	Z11111	104	34.0	1.0	3493.541356090495	3493.76831611324
3497.434076495644	0.506920020736743	trials	210531TX	p41	Z11111	41	13.0	1.0	3497.5840764956442	3497.790996516381
3497.8743965397716	0.5269200227412512	trials	210531TX	p41	Z11111	116	38.0	1.0	3498.0243965397717	3498.251316562513
3498.314676583895	0.5269200227412512	trials	210531TX	p41	Z11111	6	1.0	2.0	3498.464676583895	3498.6915966066363
3498.7449566270166	0.5269600227452429	trials	210531TX	p41	Z11111	48	15.0	2.0	3498.8949566270167	3499.1219166497617
3499.185276671144	0.5269200227412512	trials	210531TX	p41	Z11111	83	27.0	1.0	3499.335276671144	3499.562196693885
3499.6155567142655	0.5269200227412512	trials	210531TX	p41	Z11111	16	5.0	0.0	3499.7655567142656	3499.9924767370067
3500.055876758393	0.5269200227412512	trials	210531TX	p41	Z11111	12	3.0	2.0	3500.205876758393	3500.432796781134
3504.2586771795845	0.4969200197351711	trials	210531TX	p41	Z11111	8	2.0	1.0	3504.4086771795846	3504.6055971993196
3504.668957220702	0.5269200227412512	trials	210531TX	p41	Z11111	109	36.0	0.0	3504.818957220702	3505.045877243443
3505.139277267836	0.5269200227412512	trials	210531TX	p41	Z11111	3	0.0	2.0	3505.289277267836	3505.516197290577
3505.569557310957	0.5269600227456976	trials	210531TX	p41	Z11111	24	7.0	2.0	3505.719557310957	3505.9465173337026
3506.039877358091	0.5269200227417059	trials	210531TX	p41	Z11111	18	5.0	2.0	3506.189877358091	3506.4167973808326
3506.480197402219	0.5169200217392245	trials	210531TX	p41	Z11111	68	22.0	1.0	3506.630197402219	3506.847117423958
3506.91047744534	0.5269200227417059	trials	210531TX	p41	Z11111	52	17.0	0.0	3507.06047744534	3507.2873974680815
3511.753717930715	0.5169200217387697	trials	210531TX	p41	Z11111	55	18.0	0.0	3511.903717930715	3512.1206379524538
3512.1940379748426	0.5269200227412512	trials	210531TX	p41	Z11111	87	28.0	2.0	3512.3440379748426	3512.5709579975837
3512.634318018966	0.5169200217392245	trials	210531TX	p41	Z11111	14	4.0	1.0	3512.784318018966	3513.001238040705
3513.064598062087	0.5269600227456976	trials	210531TX	p41	Z11111	11	3.0	1.0	3513.214598062087	3513.4415580848326
3513.504918106215	0.5169200217392245	trials	210531TX	p41	Z11111	64	21.0	0.0	3513.654918106215	3513.871838127954
3513.935198149336	0.5269200227417059	trials	210531TX	p41	Z11111	25	8.0	0.0	3514.085198149336	3514.3121181720776
3514.3654781924574	0.5269600227456976	trials	210531TX	p41	Z11111	5	1.0	1.0	3514.5154781924575	3514.742438215203
3518.208078577551	0.4969200197351711	trials	210531TX	p41	Z11111	7	2.0	0.0	3518.358078577551	3518.554998597286
3518.6183586186685	0.5269200227412512	trials	210531TX	p41	Z11111	109	36.0	0.0	3518.7683586186686	3518.9952786414096
3519.0486386617895	0.5269200227417059	trials	210531TX	p41	Z11111	6	1.0	2.0	3519.1986386617896	3519.425558684531
3519.488958705917	0.5269200227417059	trials	210531TX	p41	Z11111	47	15.0	1.0	3519.638958705917	3519.8658787286586
3519.9192387490384	0.5269200227417059	trials	210531TX	p41	Z11111	19	6.0	0.0	3520.0692387490385	3520.29615877178
3520.359518793162	0.5269200227417059	trials	210531TX	p41	Z11111	63	20.0	2.0	3520.509518793162	3520.7364388159035
3520.7898388362873	0.5269200227417059	trials	210531TX	p41	Z11111	49	16.0	0.0	3520.9398388362874	3521.166758859029
3525.1327592715215	0.49688001973117935	trials	210531TX	p41	Z11111	12	3.0	2.0	3525.2827592715216	3525.4796392912526
3525.5429993126345	0.4969200197351711	trials	210531TX	p41	Z11111	115	38.0	0.0	3525.6929993126346	3525.8899193323696
3525.97331935576	0.49688001973117935	trials	210531TX	p41	Z11111	30	9.0	2.0	3526.12331935576	3526.320199375491
3526.4135993998834	0.5269200227417059	trials	210531TX	p41	Z11111	65	21.0	1.0	3526.5635993998835	3526.790519422625
3526.843879443005	0.5269600227452429	trials	210531TX	p41	Z11111	9	2.0	2.0	3526.993879443005	3527.22083946575
3527.314199490139	0.5269200227417059	trials	210531TX	p41	Z11111	85	28.0	0.0	3527.464199490139	3527.6911195128805
3527.7545195342664	0.5169200217392245	trials	210531TX	p41	Z11111	4	1.0	0.0	3527.9045195342665	3528.1214395560055
3537.66116052708	0.506920020736743	trials	210531TX	p41	Z11111	2	0.0	1.0	3537.81116052708	3538.0180805478167
3538.1014805712075	0.5269200227412512	trials	210531TX	p41	Z11111	76	25.0	0.0	3538.2514805712076	3538.4784005939487
3538.551760616333	0.5069200207371978	trials	210531TX	p41	Z11111	33	10.0	2.0	3538.701760616333	3538.90868063707
3538.9720406584524	0.5269600227452429	trials	210531TX	p41	Z11111	79	26.0	0.0	3539.1220406584525	3539.3490006811976
3539.41236070258	0.5169200217392245	trials	210531TX	p41	Z11111	100	33.0	0.0	3539.56236070258	3539.779280724319
3539.8426407457014	0.5269200227412512	trials	210531TX	p41	Z11111	89	29.0	1.0	3539.9926407457015	3540.2195607684425
3540.272920788823	0.5269200227412512	trials	210531TX	p41	Z11111	107	35.0	1.0	3540.422920788823	3540.649840811564
3544.275641189963	0.5269200227412512	trials	210531TX	p41	Z11111	0			3544.4256411899632	3544.6525612127043
3544.7359212360907	0.5269600227456976	trials	210531TX	p41	Z11111	8	2.0	1.0	3544.885921236091	3545.1128812588363
3545.1762412802186	0.5269200227412512	trials	210531TX	p41	Z11111	120	39.0	2.0	3545.3262412802187	3545.55316130296
3545.616521324342	0.5169200217392245	trials	210531TX	p41	Z11111	104	34.0	1.0	3545.766521324342	3545.9834413460812
3546.0468413674676	0.5269200227412512	trials	210531TX	p41	Z11111	72	23.0	2.0	3546.1968413674676	3546.4237613902087
3546.517121414597	0.5269600227456976	trials	210531TX	p41	Z11111	21	6.0	2.0	3546.667121414597	3546.8940814373427
3546.977441460729	0.5269200227417059	trials	210531TX	p41	Z11111	97	32.0	0.0	3547.127441460729	3547.3543614834707
3550.9701218608634	0.5069200207371978	trials	210531TX	p41	Z11111	62	20.0	1.0	3551.1201218608635	3551.3270418816005
3551.3804019019803	0.5269200227417059	trials	210531TX	p41	Z11111	77	25.0	1.0	3551.5304019019804	3551.757321924722
3551.820721946108	0.5169200217396792	trials	210531TX	p41	Z11111	15	4.0	2.0	3551.970721946108	3552.1876419678474
3552.2510019892293	0.5269200227417059	trials	210531TX	p41	Z11111	44	14.0	1.0	3552.4010019892294	3552.627922011971
3552.6812820323507	0.5269200227412512	trials	210531TX	p41	Z11111	81	26.0	2.0	3552.831282032351	3553.058202055092
3553.121562076474	0.5269600227452429	trials	210531TX	p41	Z11111	41	13.0	1.0	3553.2715620764743	3553.4985220992194
3553.5518821195997	0.5269200227412512	trials	210531TX	p41	Z11111	38	12.0	1.0	3553.7018821195998	3553.928802142341
3557.8547625508213	0.5069200207371978	trials	210531TX	p41	Z11111	93	30.0	2.0	3558.0047625508214	3558.2116825715584
3558.2750425929403	0.5269200227417059	trials	210531TX	p41	Z11111	75	24.0	2.0	3558.4250425929404	3558.651962615682
3558.7053226360617	0.5269600227456976	trials	210531TX	p41	Z11111	60	19.0	2.0	3558.855322636062	3559.0822826588073
3559.145642680189	0.5169200217392245	trials	210531TX	p41	Z11111	45	14.0	2.0	3559.2956426801893	3559.5125627019283
3559.5759227233107	0.5269200227412512	trials	210531TX	p41	Z11111	80	26.0	1.0	3559.7259227233108	3559.952842746052
3560.016242767438	0.5169200217392245	trials	210531TX	p41	Z11111	91	30.0	0.0	3560.1662427674382	3560.3831627891773
3560.4465228105596	0.5269200227412512	trials	210531TX	p41	Z11111	113	37.0	1.0	3560.5965228105597	3560.8234428333008
3564.379163204677	0.5069200207371978	trials	210531TX	p41	Z11111	105	34.0	2.0	3564.529163204677	3564.736083225414
3564.799443246796	0.5169200217392245	trials	210531TX	p41	Z11111	101	33.0	1.0	3564.949443246796	3565.166363268535
3565.2297232899173	0.5269200227417059	trials	210531TX	p41	Z11111	94	31.0	0.0	3565.3797232899174	3565.606643312659
3565.7000433370513	0.5269200227417059	trials	210531TX	p41	Z11111	37	12.0	0.0	3565.8500433370514	3566.076963359793
3566.1603633831833	0.5269200227412512	trials	210531TX	p41	Z11111	84	27.0	2.0	3566.3103633831834	3566.5372834059244
3566.6006434273067	0.5269600227452429	trials	210531TX	p41	Z11111	34	11.0	0.0	3566.750643427307	3566.977603450052
3567.040963471434	0.5169200217392245	trials	210531TX	p41	Z11111	88	29.0	0.0	3567.1909634714343	3567.4078834931734
3570.9536038635474	0.5068800207327513	trials	210531TX	p41	Z11111	90	29.0	2.0	3571.1036038635475	3571.31048388428
3571.3738839056664	0.5169200217392245	trials	210531TX	p41	Z11111	95	31.0	1.0	3571.5238839056665	3571.7408039274055
3571.8341639517944	0.5269600227452429	trials	210531TX	p41	Z11111	102	33.0	2.0	3571.9841639517945	3572.2111239745395
3572.3044839989284	0.5269200227412512	trials	210531TX	p41	Z11111	71	23.0	1.0	3572.4544839989285	3572.6814040216696
3572.734804042054	0.5269200227412512	trials	210531TX	p41	Z11111	108	35.0	2.0	3572.884804042054	3573.111724064795
3573.205124089188	0.5269200227412512	trials	210531TX	p41	Z11111	27	8.0	2.0	3573.355124089188	3573.582044111929
3573.6454041333113	0.5269200227412512	trials	210531TX	p41	Z11111	58	19.0	0.0	3573.7954041333114	3574.0223241560525
3578.248484594618	0.4969200197351711	trials	210531TX	p41	Z11111	114	37.0	2.0	3578.398484594618	3578.595404614353
3578.658764635735	0.5269200227412512	trials	210531TX	p41	Z11111	0			3578.8087646357353	3579.0356846584764
3579.08908467886	0.5269200227417059	trials	210531TX	p41	Z11111	36	11.0	2.0	3579.2390846788603	3579.466004701602
3579.5593647259902	0.5269200227417059	trials	210531TX	p41	Z11111	78	25.0	2.0	3579.7093647259903	3579.936284748732
3579.9996847701177	0.5269200227417059	trials	210531TX	p41	Z11111	56	18.0	1.0	3580.149684770118	3580.3766047928593
3580.429964813239	0.5269200227417059	trials	210531TX	p41	Z11111	83	27.0	1.0	3580.5799648132393	3580.806884835981
3580.8702448573626	0.5269600227456976	trials	210531TX	p41	Z11111	0			3581.0202448573627	3581.2472048801083
3586.393965410933	0.4969200197351711	trials	210531TX	p41	Z11111	117	38.0	2.0	3586.543965410933	3586.740885430668
3586.8042454520505	0.5269200227412512	trials	210531TX	p41	Z11111	111	36.0	2.0	3586.9542454520506	3587.1811654747917
3587.244565496178	0.5169200217392245	trials	210531TX	p41	Z11111	32	10.0	1.0	3587.394565496178	3587.611485517917
3587.7048455423055	0.5269600227456976	trials	210531TX	p41	Z11111	17	5.0	1.0	3587.8548455423056	3588.081805565051
3588.1751655894395	0.5269600227456976	trials	210531TX	p41	Z11111	0			3588.3251655894396	3588.552125612185
3588.605485632565	0.5269200227417059	trials	210531TX	p41	Z11111	118	39.0	0.0	3588.755485632565	3588.9824056553066
3589.0457656766885	0.5269200227417059	trials	210531TX	p41	Z11111	48	15.0	2.0	3589.1957656766886	3589.42268569943
3596.8110064548973	0.5069200207371978	trials	210531TX	p41	Z11111	28	9.0	0.0	3596.9610064548974	3597.1679264756344
3597.241286498019	0.5269200227412512	trials	210531TX	p41	Z11111	67	22.0	0.0	3597.391286498019	3597.61820652076
3597.6715665411402	0.5269200227412512	trials	210531TX	p41	Z11111	10	3.0	0.0	3597.8215665411403	3598.0484865638814
3598.1118865852677	0.5269200227412512	trials	210531TX	p41	Z11111	13	4.0	0.0	3598.261886585268	3598.488806608009
3598.542166628389	0.5269200227412512	trials	210531TX	p41	Z11111	96	31.0	2.0	3598.6921666283893	3598.9190866511303
3598.9824466725127	0.5269200227412512	trials	210531TX	p41	Z11111	66	21.0	2.0	3599.1324466725127	3599.359366695254
3599.412766715638	0.5269200227412512	trials	210531TX	p41	Z11111	110	36.0	1.0	3599.562766715638	3599.7896867383793
3603.3053671057423	0.4969200197351711	trials	210531TX	p41	Z11111	22	7.0	0.0	3603.4553671057424	3603.6522871254774
3603.745647149866	0.5269600227456976	trials	210531TX	p41	Z11111	50	16.0	1.0	3603.895647149866	3604.1226071726114
3604.215967197	0.5269600227456976	trials	210531TX	p41	Z11111	35	11.0	1.0	3604.365967197	3604.5929272197454
3604.6462872401253	0.5269200227417059	trials	210531TX	p41	Z11111	51	16.0	2.0	3604.7962872401254	3605.023207262867
3605.1165672872553	0.5269600227456976	trials	210531TX	p41	Z11111	53	17.0	1.0	3605.2665672872554	3605.493527310001
3605.5568873313828	0.5169200217396792	trials	210531TX	p41	Z11111	40	13.0	0.0	3605.706887331383	3605.9238073531224
3605.987167374504	0.5269200227417059	trials	210531TX	p41	Z11111	112	37.0	0.0	3606.1371673745043	3606.364087397246
3610.139967790685	0.5069200207371978	trials	210531TX	p41	Z11111	59	19.0	1.0	3610.2899677906853	3610.4968878114223
3610.590287835815	0.5269200227412512	trials	210531TX	p41	Z11111	103	34.0	0.0	3610.7402878358153	3610.9672078585563
3611.050567881943	0.5269200227412512	trials	210531TX	p41	Z11111	31	10.0	0.0	3611.2005678819432	3611.4274879046843
3611.4908879260706	0.5269200227412512	trials	210531TX	p41	Z11111	57	18.0	2.0	3611.6408879260707	3611.867807948812
3611.9211679691916	0.5269200227417059	trials	210531TX	p41	Z11111	42	13.0	2.0	3612.0711679691917	3612.2980879919332
3612.391488016326	0.5269200227412512	trials	210531TX	p41	Z11111	92	30.0	1.0	3612.541488016326	3612.7684080390673
3612.86180806346	0.5269200227412512	trials	210531TX	p41	Z11111	54	17.0	2.0	3613.01180806346	3613.2387280862013
3616.794448457577	0.5069200207371978	trials	210531TX	p41	Z11111	23	7.0	1.0	3616.944448457577	3617.151368478314
3617.244768502707	0.5269200227412512	trials	210531TX	p41	Z11111	61	20.0	0.0	3617.394768502707	3617.621688525448
3617.6750485458283	0.5269200227412512	trials	210531TX	p41	Z11111	74	24.0	1.0	3617.8250485458284	3618.0519685685695
3618.115328589952	0.5269200227412512	trials	210531TX	p41	Z11111	98	32.0	1.0	3618.265328589952	3618.492248612693
3618.5456086330732	0.5269600227452429	trials	210531TX	p41	Z11111	29	9.0	1.0	3618.6956086330733	3618.9225686558184
3619.0159286802073	0.5269600227452429	trials	210531TX	p41	Z11111	99	32.0	2.0	3619.1659286802073	3619.3928887029524
3619.4862487273413	0.5269200227412512	trials	210531TX	p41	Z11111	70	23.0	0.0	3619.6362487273414	3619.8631687500824
3623.6690891465328	0.5069200207371978	trials	210531TX	p41	Z11111	69	22.0	2.0	3623.819089146533	3624.02600916727
3624.0793691876497	0.5269200227412512	trials	210531TX	p41	Z11111	82	27.0	0.0	3624.22936918765	3624.456289210391
3624.5496492347797	0.5269600227456976	trials	210531TX	p41	Z11111	106	35.0	0.0	3624.69964923478	3624.9266092575253
3625.0199692819137	0.5269600227456976	trials	210531TX	p41	Z11111	39	12.0	2.0	3625.169969281914	3625.3969293046594
3625.450289325039	0.5269200227412512	trials	210531TX	p41	Z11111	26	8.0	1.0	3625.6002893250393	3625.8272093477804
3625.8905693691627	0.5269200227412512	trials	210531TX	p41	Z11111	16	5.0	0.0	3626.0405693691628	3626.267489391904
3626.320849412284	0.5269600227452429	trials	210531TX	p41	Z11111	1	0.0	0.0	3626.470849412284	3626.6978094350293
3637.41833052444	0.506920020736743	trials	210531TX	p41	Z11111	86	28.0	1.0	3637.56833052444	3637.7752505451767
3637.8686505695696	0.5269200227412512	trials	210531TX	p41	Z11111	20	6.0	1.0	3638.0186505695697	3638.2455705923107
3638.3389706167036	0.5169200217392245	trials	210531TX	p41	Z11111	43	14.0	0.0	3638.4889706167037	3638.7058906384427
3638.769250659825	0.5269200227412512	trials	210531TX	p41	Z11111	116	38.0	1.0	3638.919250659825	3639.146170682566
3639.199530702946	0.5269200227417059	trials	210531TX	p41	Z11111	46	15.0	0.0	3639.349530702946	3639.5764507256877
3639.6698507500805	0.5269200227412512	trials	210531TX	p41	Z11111	119	39.0	1.0	3639.8198507500806	3640.0467707728217
3640.1401707972145	0.5269200227412512	trials	210531TX	p41	Z11111	73	24.0	0.0	3640.2901707972146	3640.5170908199557
3644.092811193336	0.5069200207371978	trials	210531TX	p41	Z11111	92	30.0	1.0	3644.242811193336	3644.449731214073
3644.503091234453	0.5269200227412512	trials	210531TX	p41	Z11111	0			3644.6530912344533	3644.8800112571944
3644.9434112785807	0.5169200217392245	trials	210531TX	p41	Z11111	45	14.0	2.0	3645.093411278581	3645.31033130032
3645.3736913217017	0.5269200227417059	trials	210531TX	p41	Z11111	24	7.0	2.0	3645.523691321702	3645.7506113444433
3645.844011368836	0.5269200227412512	trials	210531TX	p41	Z11111	78	25.0	2.0	3645.9940113688363	3646.2209313915773
3646.274291411957	0.5269200227417059	trials	210531TX	p41	Z11111	89	29.0	1.0	3646.4242914119573	3646.651211434699
3646.744611459091	0.5269200227417059	trials	210531TX	p41	Z11111	61	20.0	0.0	3646.8946114590913	3647.121531481833
3655.11025229747	0.5069200207371978	trials	210531TX	p41	Z11111	106	35.0	0.0	3655.2602522974703	3655.4671723182073
3655.560532342596	0.5269600227452429	trials	210531TX	p41	Z11111	86	28.0	1.0	3655.7105323425963	3655.9374923653413
3655.9908523857216	0.5269200227412512	trials	210531TX	p41	Z11111	34	11.0	0.0	3656.1408523857217	3656.3677724084628
3656.431132429845	0.5269200227412512	trials	210531TX	p41	Z11111	107	35.0	1.0	3656.581132429845	3656.8080524525863
3656.861412472966	0.5269200227417059	trials	210531TX	p41	Z11111	21	6.0	2.0	3657.011412472966	3657.2383324957077
3657.3317325201006	0.5269200227412512	trials	210531TX	p41	Z11111	114	37.0	2.0	3657.4817325201006	3657.7086525428417
3657.7620525632256	0.5269200227417059	trials	210531TX	p41	Z11111	35	11.0	1.0	3657.9120525632256	3658.138972585967
3661.634652951326	0.5068800207327513	trials	210531TX	p41	Z11111	36	11.0	2.0	3661.7846529513263	3661.991532972059
3662.044932992443	0.5269200227412512	trials	210531TX	p41	Z11111	105	34.0	2.0	3662.1949329924432	3662.4218530151843
3662.515213039573	0.5269600227452429	trials	210531TX	p41	Z11111	110	36.0	1.0	3662.6652130395732	3662.8921730623183
3662.985533086707	0.5269200227412512	trials	210531TX	p41	Z11111	56	18.0	1.0	3663.1355330867073	3663.3624531094483
3663.415853129832	0.5269200227417059	trials	210531TX	p41	Z11111	20	6.0	1.0	3663.5658531298322	3663.792773152574
3663.856133173956	0.5269200227412512	trials	210531TX	p41	Z11111	0			3664.006133173956	3664.2330531966973
3664.286413217077	0.5269200227417059	trials	210531TX	p41	Z11111	81	26.0	2.0	3664.436413217077	3664.6633332398187
3668.139013603173	0.5069200207371978	trials	210531TX	p41	Z11111	63	20.0	2.0	3668.2890136031733	3668.4959336239103
3668.54929364429	0.5269200227412512	trials	210531TX	p41	Z11111	94	31.0	0.0	3668.6992936442903	3668.9262136670313
3668.9895736884137	0.5269600227452429	trials	210531TX	p41	Z11111	46	15.0	0.0	3669.1395736884137	3669.366533711159
3669.419893731539	0.5269200227412512	trials	210531TX	p41	Z11111	17	5.0	1.0	3669.569893731539	3669.7968137542803
3669.8601737756626	0.5269200227412512	trials	210531TX	p41	Z11111	98	32.0	1.0	3670.0101737756627	3670.2370937984037
3670.290453818784	0.5269200227412512	trials	210531TX	p41	Z11111	0			3670.440453818784	3670.667373841525
3670.7307738629115	0.5269200227412512	trials	210531TX	p41	Z11111	22	7.0	0.0	3670.8807738629116	3671.1076938856527
3674.8835742790925	0.4968800197307246	trials	210531TX	p41	Z11111	42	13.0	2.0	3675.0335742790926	3675.230454298823
3675.2938143202055	0.5269600227456976	trials	210531TX	p41	Z11111	0			3675.4438143202055	3675.670774342951
3675.7441343653354	0.5269200227412512	trials	210531TX	p41	Z11111	37	12.0	0.0	3675.8941343653355	3676.1210543880766
3676.184414409459	0.5169200217392245	trials	210531TX	p41	Z11111	5	1.0	1.0	3676.334414409459	3676.551334431198
3676.6447344555904	0.5269200227417059	trials	210531TX	p41	Z11111	7	2.0	0.0	3676.7947344555905	3677.021654478332
3677.0850144997144	0.5269600227452429	trials	210531TX	p41	Z11111	31	10.0	0.0	3677.2350144997145	3677.4619745224595
3677.5153345428394	0.5269200227417059	trials	210531TX	p41	Z11111	25	8.0	0.0	3677.6653345428394	3677.892254565581
3681.3879349309395	0.5069200207371978	trials	210531TX	p41	Z11111	100	33.0	0.0	3681.5379349309396	3681.7448549516766
3681.798214972057	0.5269200227412512	trials	210531TX	p41	Z11111	73	24.0	0.0	3681.948214972057	3682.175134994798
3682.268535019191	0.5269200227412512	trials	210531TX	p41	Z11111	1	0.0	0.0	3682.418535019191	3682.645455041932
3682.698815062312	0.5269200227417059	trials	210531TX	p41	Z11111	117	38.0	2.0	3682.848815062312	3683.0757350850536
3683.139095106436	0.5269600227452429	trials	210531TX	p41	Z11111	10	3.0	0.0	3683.289095106436	3683.516055129181
3683.569415149561	0.5269200227417059	trials	210531TX	p41	Z11111	102	33.0	2.0	3683.719415149561	3683.9463351723025
3684.0397351966953	0.5269200227412512	trials	210531TX	p41	Z11111	76	25.0	0.0	3684.1897351966954	3684.4166552194365
3687.892295582787	0.5069200207371978	trials	210531TX	p41	Z11111	75	24.0	2.0	3688.042295582787	3688.249215603524
3688.3426156279165	0.5269200227417059	trials	210531TX	p41	Z11111	80	26.0	1.0	3688.4926156279166	3688.719535650658
3688.772895671038	0.5269200227417059	trials	210531TX	p41	Z11111	71	23.0	1.0	3688.922895671038	3689.1498156937796
3689.2132157151655	0.5269200227417059	trials	210531TX	p41	Z11111	83	27.0	1.0	3689.3632157151656	3689.590135737907
3689.6734957612935	0.5269600227452429	trials	210531TX	p41	Z11111	53	17.0	1.0	3689.8234957612935	3690.0504557840386
3690.113815805421	0.5269200227417059	trials	210531TX	p41	Z11111	84	27.0	2.0	3690.263815805421	3690.4907358281625
3690.5440958485424	0.5269200227412512	trials	210531TX	p41	Z11111	51	16.0	2.0	3690.6940958485425	3690.9210158712835
3694.836976278762	0.506920020736743	trials	210531TX	p41	Z11111	9	2.0	2.0	3694.986976278762	3695.1938962994986
3695.2772963228895	0.5269200227412512	trials	210531TX	p41	Z11111	6	1.0	2.0	3695.4272963228896	3695.6542163456306
3695.7476163700235	0.5269200227412512	trials	210531TX	p41	Z11111	120	39.0	2.0	3695.8976163700236	3696.1245363927646
3696.2179364171575	0.5269200227412512	trials	210531TX	p41	Z11111	69	22.0	2.0	3696.3679364171576	3696.5948564398986
3696.648216460279	0.5269200227412512	trials	210531TX	p41	Z11111	29	9.0	1.0	3696.798216460279	3697.02513648302
3697.088496504402	0.5269200227417059	trials	210531TX	p41	Z11111	91	30.0	0.0	3697.238496504402	3697.4654165271436
3697.5588165515364	0.5169200217392245	trials	210531TX	p41	Z11111	15	4.0	2.0	3697.7088165515365	3697.9257365732756
3701.861736982762	0.4968800197307246	trials	210531TX	p41	Z11111	116	38.0	1.0	3702.011736982762	3702.2086170024927
3702.272017023879	0.5269200227412512	trials	210531TX	p41	Z11111	27	8.0	2.0	3702.422017023879	3702.64893704662
3702.702297067	0.5269200227417059	trials	210531TX	p41	Z11111	12	3.0	2.0	3702.852297067	3703.0792170897416
3703.142577111124	0.5269200227412512	trials	210531TX	p41	Z11111	32	10.0	1.0	3703.292577111124	3703.519497133865
3703.5728571542454	0.5269200227412512	trials	210531TX	p41	Z11111	96	31.0	2.0	3703.7228571542455	3703.9497771769866
3704.013177198373	0.5269200227412512	trials	210531TX	p41	Z11111	64	21.0	0.0	3704.163177198373	3704.390097221114
3704.443457241494	0.5269200227417059	trials	210531TX	p41	Z11111	49	16.0	0.0	3704.593457241494	3704.8203772642355
3708.586257656673	0.49688001973117935	trials	210531TX	p41	Z11111	77	25.0	1.0	3708.736257656673	3708.933137676404
3708.99653769779	0.5269200227417059	trials	210531TX	p41	Z11111	59	19.0	1.0	3709.14653769779	3709.3734577205314
3709.466857744924	0.5169200217392245	trials	210531TX	p41	Z11111	58	19.0	0.0	3709.616857744924	3709.833777766663
3709.8971377880453	0.5269200227417059	trials	210531TX	p41	Z11111	65	21.0	1.0	3710.0471377880453	3710.274057810787
3710.3674578351793	0.5269200227417059	trials	210531TX	p41	Z11111	60	19.0	2.0	3710.5174578351794	3710.744377857921
3710.7977378783007	0.5269200227412512	trials	210531TX	p41	Z11111	39	12.0	2.0	3710.947737878301	3711.174657901042
3711.2680579254347	0.5269200227412512	trials	210531TX	p41	Z11111	30	9.0	2.0	3711.418057925435	3711.644977948176
3715.1206583115304	0.5069200207371978	trials	210531TX	p41	Z11111	62	20.0	1.0	3715.2706583115305	3715.4775783322675
3715.54093835365	0.4968800197307246	trials	210531TX	p41	Z11111	67	22.0	0.0	3715.69093835365	3715.8878183733805
3717.9625785963394	0.5068800207327513	trials	210531TX	p41	Z11111	57	18.0	2.0	3718.1125785963395	3718.319458617072
3718.3728186374524	0.5269600227452429	trials	210531TX	p41	Z11111	111	36.0	2.0	3718.5228186374525	3718.7497786601975
3718.81313868158	0.5269200227412512	trials	210531TX	p41	Z11111	66	21.0	2.0	3718.96313868158	3719.190058704321
3719.283458728714	0.5269200227412512	trials	210531TX	p41	Z11111	85	28.0	0.0	3719.433458728714	3719.660378751455
3719.7137387718353	0.5269200227412512	trials	210531TX	p41	Z11111	101	33.0	1.0	3719.8637387718354	3720.0906587945765
3720.154018815959	0.5169200217392245	trials	210531TX	p41	Z11111	14	4.0	1.0	3720.304018815959	3720.520938837698
3720.5843388590843	0.5269200227412512	trials	210531TX	p41	Z11111	13	4.0	0.0	3720.7343388590843	3720.9612588818254
3725.0072993023396	0.4969200197351711	trials	210531TX	p41	Z11111	93	30.0	2.0	3725.1572993023397	3725.3542193220746
3725.4175793434565	0.5269200227417059	trials	210531TX	p41	Z11111	103	34.0	0.0	3725.5675793434566	3725.794499366198
3725.8678593885825	0.5069200207371978	trials	210531TX	p41	Z11111	109	36.0	0.0	3726.0178593885826	3726.2247794093196
3726.318179433712	0.5269200227412512	trials	210531TX	p41	Z11111	33	10.0	2.0	3726.468179433712	3726.695099456453
3726.788499480846	0.5269200227417059	trials	210531TX	p41	Z11111	72	23.0	2.0	3726.938499480846	3727.1654195035876
3727.22877952497	0.5169200217387697	trials	210531TX	p41	Z11111	16	5.0	0.0	3727.37877952497	3727.5956995467086
3727.659099568095	0.5269200227417059	trials	210531TX	p41	Z11111	70	23.0	0.0	3727.809099568095	3728.0360195908365
3731.4816599511805	0.49692001973471633	trials	210531TX	p41	Z11111	11	3.0	1.0	3731.6316599511806	3731.828579970915
3731.8919399922975	0.5269200227412512	trials	210531TX	p41	Z11111	99	32.0	2.0	3732.0419399922976	3732.2688600150386
3732.322220035419	0.5269200227412512	trials	210531TX	p41	Z11111	108	35.0	2.0	3732.472220035419	3732.69914005816
3732.7625400795464	0.5269200227412512	trials	210531TX	p41	Z11111	50	16.0	1.0	3732.9125400795465	3733.1394601022876
3733.192820122668	0.5269200227412512	trials	210531TX	p41	Z11111	4	1.0	0.0	3733.342820122668	3733.569740145409
3733.6331001667913	0.5269200227412512	trials	210531TX	p41	Z11111	115	38.0	0.0	3733.7831001667914	3734.0100201895325
3736.274900431544	0.506880020733206	trials	210531TX	p41	Z11111	104	34.0	1.0	3736.4249004315443	3736.6317804522773
3736.6951804736636	0.5169200217392245	trials	210531TX	p41	Z11111	87	28.0	2.0	3736.8451804736637	3737.062100495403
3737.1254605167846	0.5269200227417059	trials	210531TX	p41	Z11111	23	7.0	1.0	3737.2754605167847	3737.5023805395263
3737.555740559906	0.5269200227417059	trials	210531TX	p41	Z11111	26	8.0	1.0	3737.705740559906	3737.9326605826477
3737.9960606040336	0.5269200227417059	trials	210531TX	p41	Z11111	48	15.0	2.0	3738.1460606040337	3738.372980626775
3738.4663806511676	0.5269200227417059	trials	210531TX	p41	Z11111	113	37.0	1.0	3738.6163806511677	3738.843300673909
3738.9266606972956	0.5269200227417059	trials	210531TX	p41	Z11111	18	5.0	2.0	3739.0766606972957	3739.303580720037
3742.91934109743	0.5069200207371978	trials	210531TX	p41	Z11111	97	32.0	0.0	3743.06934109743	3743.276261118167
3745.4110213471386	0.5069200207371978	trials	210531TX	p41	Z11111	47	15.0	1.0	3745.5610213471386	3745.7679413678757
3745.8213013882555	0.5269200227417059	trials	210531TX	p41	Z11111	44	14.0	1.0	3745.9713013882556	3746.198221410997
3746.261621432383	0.5169200217396792	trials	210531TX	p41	Z11111	8	2.0	1.0	3746.411621432383	3746.6285414541226
3746.6919014755044	0.5269200227412512	trials	210531TX	p41	Z11111	38	12.0	1.0	3746.8419014755045	3747.0688214982456
3747.122181518626	0.5269200227412512	trials	210531TX	p41	Z11111	119	39.0	1.0	3747.272181518626	3747.499101541367
3747.5625015627534	0.5269200227412512	trials	210531TX	p41	Z11111	41	13.0	1.0	3747.7125015627535	3747.9394215854945
3748.0327816098834	0.5269600227452429	trials	210531TX	p41	Z11111	95	31.0	1.0	3748.1827816098835	3748.4097416326285
3752.215622029075	0.5069200207371978	trials	210531TX	p41	Z11111	43	14.0	0.0	3752.365622029075	3752.572542049812
3752.6259020701923	0.5269200227412512	trials	210531TX	p41	Z11111	74	24.0	1.0	3752.7759020701924	3753.0028220929335
3753.0661821143153	0.5269200227417059	trials	210531TX	p41	Z11111	88	29.0	0.0	3753.2161821143154	3753.443102137057
3753.496462157437	0.5269600227456976	trials	210531TX	p41	Z11111	112	37.0	0.0	3753.646462157437	3753.8734221801824
3753.9367822015643	0.5269200227417059	trials	210531TX	p41	Z11111	55	18.0	0.0	3754.0867822015643	3754.313702224306
3754.3670622446857	0.5269200227412512	trials	210531TX	p41	Z11111	79	26.0	0.0	3754.517062244686	3754.743982267427
3754.807342288809	0.5169600217432162	trials	210531TX	p41	Z11111	82	27.0	0.0	3754.9573422888093	3755.1743023105523
3759.290382738086	0.5069200207371978	trials	210531TX	p41	Z11111	2	0.0	1.0	3759.440382738086	3759.647302758823
3759.700662779203	0.5269200227412512	trials	210531TX	p41	Z11111	28	9.0	0.0	3759.850662779203	3760.077582801944
3760.1409428233264	0.5269200227417059	trials	210531TX	p41	Z11111	68	22.0	1.0	3760.2909428233265	3760.517862846068
3760.6012628694584	0.5269200227412512	trials	210531TX	p41	Z11111	54	17.0	2.0	3760.7512628694585	3760.9781828921996
3763.4231831522625	0.506880020733206	trials	210531TX	p41	Z11111	52	17.0	0.0	3763.5731831522626	3763.7800631729956
3763.8334231933754	0.5269600227456976	trials	210531TX	p41	Z11111	40	13.0	0.0	3763.9834231933755	3764.210383216121
3764.3037432405094	0.5269200227417059	trials	210531TX	p41	Z11111	3	0.0	2.0	3764.4537432405095	3764.680663263251
3764.7340632836354	0.5269200227412512	trials	210531TX	p41	Z11111	118	39.0	0.0	3764.8840632836354	3765.1109833063765
3765.1743433277584	0.5269200227417059	trials	210531TX	p41	Z11111	90	29.0	2.0	3765.3243433277585	3765.5512633505
3765.60462337088	0.5269200227417059	trials	210531TX	p41	Z11111	19	6.0	0.0	3765.75462337088	3765.9815433936215
3766.0449434150073	0.5269200227417059	trials	210531TX	p41	Z11111	108	35.0	2.0	3766.1949434150074	3766.421863437749
3770.417863853248	0.4969200197351711	trials	210531TX	p41	Z11111	2	0.0	1.0	3770.567863853248	3770.764783872983
3770.8281438943654	0.49692001973471633	trials	210531TX	p41	Z11111	89	29.0	1.0	3770.9781438943655	3771.1750639141
3771.258423937487	0.5269600227452429	trials	210531TX	p41	Z11111	94	31.0	0.0	3771.408423937487	3771.635383960232
3771.728743984621	0.5269200227412512	trials	210531TX	p41	Z11111	12	3.0	2.0	3771.878743984621	3772.105664007362
3772.159064027746	0.5269200227417059	trials	210531TX	p41	Z11111	41	13.0	1.0	3772.309064027746	3772.5359840504875
3772.59934407187	0.5269200227412512	trials	210531TX	p41	Z11111	0			3772.74934407187	3772.976264094611
3773.029624114991	0.5269200227417059	trials	210531TX	p41	Z11111	53	17.0	1.0	3773.179624114991	3773.4065441377325
3777.6027045732912	0.5069200207371978	trials	210531TX	p41	Z11111	80	26.0	1.0	3777.7527045732913	3777.9596245940284
3778.012984614408	0.5269200227412512	trials	210531TX	p41	Z11111	96	31.0	2.0	3778.1629846144083	3778.3899046371494
3778.4532646585317	0.5269600227452429	trials	210531TX	p41	Z11111	44	14.0	1.0	3778.6032646585318	3778.830224681277
3778.883584701657	0.5269200227412512	trials	210531TX	p41	Z11111	61	20.0	0.0	3779.033584701657	3779.2605047243983
3779.3238647457806	0.5269200227412512	trials	210531TX	p41	Z11111	31	10.0	0.0	3779.4738647457807	3779.7007847685218
3782.1357450275787	0.5069200207371978	trials	210531TX	p41	Z11111	95	31.0	1.0	3782.2857450275787	3782.4926650483158
3784.3472652492105	0.4968800197307246	trials	210531TX	p41	Z11111	49	16.0	0.0	3784.4972652492106	3784.694145268941
3784.787545293334	0.5269200227412512	trials	210531TX	p41	Z11111	11	3.0	1.0	3784.937545293334	3785.164465316075
3785.257865340468	0.5269200227417059	trials	210531TX	p41	Z11111	32	10.0	1.0	3785.407865340468	3785.6347853632096
3785.6981453845915	0.5169200217392245	trials	210531TX	p41	Z11111	68	22.0	1.0	3785.8481453845916	3786.0650654063306
3786.128465427717	0.5269200227412512	trials	210531TX	p41	Z11111	58	19.0	0.0	3786.278465427717	3786.505385450458
3786.5587454708384	0.5269200227412512	trials	210531TX	p41	Z11111	114	37.0	2.0	3786.7087454708385	3786.9356654935796
3787.0290655179724	0.5269200227412512	trials	210531TX	p41	Z11111	29	9.0	1.0	3787.1790655179725	3787.4059855407136
3791.0317459191087	0.5069200207371978	trials	210531TX	p41	Z11111	33	10.0	2.0	3791.181745919109	3791.388665939846
3791.4520259612277	0.5169200217396792	trials	210531TX	p41	Z11111	59	19.0	1.0	3791.602025961228	3791.8189459829673
3791.882306004349	0.5269600227456976	trials	210531TX	p41	Z11111	97	32.0	0.0	3792.0323060043493	3792.259266027095
3794.1838662350046	0.4969200197351711	trials	210531TX	p41	Z11111	38	12.0	1.0	3794.3338662350047	3794.5307862547397
3794.5941462761216	0.5269200227412512	trials	210531TX	p41	Z11111	73	24.0	0.0	3794.7441462761217	3794.9710662988628
3795.024426319243	0.5269200227412512	trials	210531TX	p41	Z11111	13	4.0	0.0	3795.174426319243	3795.401346341984
3795.494746366377	0.5269200227412512	trials	210531TX	p41	Z11111	10	3.0	0.0	3795.644746366377	3795.871666389118
3798.6068666782644	0.5068800207327513	trials	210531TX	p41	Z11111	60	19.0	2.0	3798.7568666782645	3798.963746698997
3799.0271467203834	0.5269200227417059	trials	210531TX	p41	Z11111	6	1.0	2.0	3799.1771467203835	3799.404066743125
3799.457426763505	0.5269200227412512	trials	210531TX	p41	Z11111	43	14.0	0.0	3799.607426763505	3799.834346786246
3799.8877068066263	0.5269200227412512	trials	210531TX	p41	Z11111	0			3800.0377068066264	3800.2646268293674
3800.3279868507498	0.5269600227452429	trials	210531TX	p41	Z11111	79	26.0	0.0	3800.47798685075	3800.704946873495
3800.758306893875	0.5269200227412512	trials	210531TX	p41	Z11111	87	28.0	2.0	3800.9083068938753	3801.1352269166164
3801.1985869379987	0.5269200227412512	trials	210531TX	p41	Z11111	50	16.0	1.0	3801.348586937999	3801.57550696074
3805.331387352175	0.5069200207371978	trials	210531TX	p41	Z11111	40	13.0	0.0	3805.4813873521753	3805.6883073729123
3805.781667397301	0.5269200227412512	trials	210531TX	p41	Z11111	23	7.0	1.0	3805.931667397301	3806.1585874200423
3806.2119874404266	0.5269200227412512	trials	210531TX	p41	Z11111	69	22.0	2.0	3806.3619874404267	3806.5889074631677
3806.6522674845496	0.5269200227417059	trials	210531TX	p41	Z11111	66	21.0	2.0	3806.8022674845497	3807.029187507291
3807.1125875306816	0.5269200227417059	trials	210531TX	p41	Z11111	15	4.0	2.0	3807.2625875306817	3807.489507553423
3807.552867574805	0.5269200227417059	trials	210531TX	p41	Z11111	85	28.0	0.0	3807.702867574805	3807.9297875975467
3808.0231876219395	0.5269200227412512	trials	210531TX	p41	Z11111	0			3808.1731876219396	3808.4001076446807
3812.0559080260864	0.5069200207371978	trials	210531TX	p41	Z11111	26	8.0	1.0	3812.2059080260865	3812.4128280468235
3812.4661880672033	0.5269200227412512	trials	210531TX	p41	Z11111	65	21.0	1.0	3812.6161880672034	3812.8431080899445
3812.9365081143374	0.5269200227412512	trials	210531TX	p41	Z11111	0			3813.0865081143374	3813.3134281370785
3813.376788158461	0.5169200217392245	trials	210531TX	p41	Z11111	46	15.0	0.0	3813.526788158461	3813.7437081802
3813.8070682015823	0.5269600227452429	trials	210531TX	p41	Z11111	9	2.0	2.0	3813.9570682015824	3814.1840282243274
3814.2473882457098	0.5169200217392245	trials	210531TX	p41	Z11111	18	5.0	2.0	3814.39738824571	3814.614308267449
3814.7077082918418	0.5269200227412512	trials	210531TX	p41	Z11111	119	39.0	1.0	3814.857708291842	3815.084628314583
3819.931188815323	0.5069200207371978	trials	210531TX	p41	Z11111	54	17.0	2.0	3820.081188815323	3820.28810883606
3820.3515088574463	0.5168800217352327	trials	210531TX	p41	Z11111	105	34.0	2.0	3820.5015088574464	3820.7183888791815
3820.781788900568	0.5269200227412512	trials	210531TX	p41	Z11111	101	33.0	1.0	3820.931788900568	3821.158708923309
3821.222068944691	0.5169200217396792	trials	210531TX	p41	Z11111	115	38.0	0.0	3821.372068944691	3821.5889889664304
3821.682388990823	0.5269200227417059	trials	210531TX	p41	Z11111	56	18.0	1.0	3821.832388990823	3822.0593090135644
3822.152709037957	0.5269200227417059	trials	210531TX	p41	Z11111	118	39.0	0.0	3822.302709037957	3822.5296290606984
3822.6230290850913	0.5269200227412512	trials	210531TX	p41	Z11111	7	2.0	0.0	3822.7730290850914	3822.9999491078324
3827.706429594534	0.5069200207371978	trials	210531TX	p41	Z11111	98	32.0	1.0	3827.856429594534	3828.063349615271
3828.1567496396638	0.5269200227412512	trials	210531TX	p41	Z11111	36	11.0	2.0	3828.306749639664	3828.533669662405
3828.6270696867978	0.5269200227412512	trials	210531TX	p41	Z11111	103	34.0	0.0	3828.777069686798	3829.003989709539
3829.0573497299188	0.5269200227417059	trials	210531TX	p41	Z11111	81	26.0	2.0	3829.207349729919	3829.4342697526604
3829.5276697770532	0.5269200227412512	trials	210531TX	p41	Z11111	83	27.0	1.0	3829.6776697770533	3829.9045897997944
3829.9679498211767	0.5169200217392245	trials	210531TX	p41	Z11111	39	12.0	2.0	3830.117949821177	3830.334869842916
3830.3982698643017	0.5269200227417059	trials	210531TX	p41	Z11111	3	0.0	2.0	3830.548269864302	3830.7751898870433
3834.551030280479	0.506920020736743	trials	210531TX	p41	Z11111	82	27.0	0.0	3834.7010302804792	3834.907950301216
3834.971350322602	0.5168800217352327	trials	210531TX	p41	Z11111	62	20.0	1.0	3835.121350322602	3835.3382303443373
3835.43163036873	0.5269200227412512	trials	210531TX	p41	Z11111	19	6.0	0.0	3835.58163036873	3835.8085503914713
3835.901950415864	0.5269200227417059	trials	210531TX	p41	Z11111	64	21.0	0.0	3836.051950415864	3836.2788704386057
3836.372270462998	0.5269200227412512	trials	210531TX	p41	Z11111	27	8.0	2.0	3836.522270462998	3836.7491904857393
3836.8025505061196	0.5269200227412512	trials	210531TX	p41	Z11111	106	35.0	0.0	3836.9525505061197	3837.1794705288607
3837.2728705532536	0.5269200227412512	trials	210531TX	p41	Z11111	70	23.0	0.0	3837.4228705532537	3837.6497905759948
3842.1761910446494	0.5069200207371978	trials	210531TX	p41	Z11111	45	14.0	2.0	3842.3261910446495	3842.5331110653865
3842.5864710857663	0.5269200227412512	trials	210531TX	p41	Z11111	14	4.0	1.0	3842.7364710857664	3842.9633911085075
3843.0567911329003	0.5269200227412512	trials	210531TX	p41	Z11111	109	36.0	0.0	3843.2067911329004	3843.4337111556415
3843.4970711770243	0.5269200227412512	trials	210531TX	p41	Z11111	22	7.0	0.0	3843.6470711770244	3843.8739911997654
3843.957391223156	0.5269200227412512	trials	210531TX	p41	Z11111	21	6.0	2.0	3844.107391223156	3844.334311245897
3844.42771127029	0.5269200227412512	trials	210531TX	p41	Z11111	34	11.0	0.0	3844.57771127029	3844.804631293031
3844.8679913144133	0.5269200227417059	trials	210531TX	p41	Z11111	55	18.0	0.0	3845.0179913144134	3845.244911337155
3848.7305917015115	0.5069200207371978	trials	210531TX	p41	Z11111	92	30.0	1.0	3848.8805917015115	3849.0875117222486
3849.1809117466414	0.5269200227412512	trials	210531TX	p41	Z11111	57	18.0	2.0	3849.3309117466415	3849.5578317693826
3849.6512317937754	0.5269200227412512	trials	210531TX	p41	Z11111	88	29.0	0.0	3849.8012317937755	3850.0281518165166
3850.081511836897	0.5269200227412512	trials	210531TX	p41	Z11111	74	24.0	1.0	3850.231511836897	3850.458431859638
3850.5317918820224	0.5269600227452429	trials	210531TX	p41	Z11111	99	32.0	2.0	3850.6817918820225	3850.9087519047675
3851.0021119291564	0.5269200227412512	trials	210531TX	p41	Z11111	30	9.0	2.0	3851.1521119291565	3851.3790319518976
3851.442431973284	0.5269200227412512	trials	210531TX	p41	Z11111	67	22.0	0.0	3851.592431973284	3851.819351996025
3863.030233134578	0.506880020733206	trials	210531TX	p41	Z11111	28	9.0	0.0	3863.180233134578	3863.387113155311
3863.4505131766973	0.5169200217392245	trials	210531TX	p41	Z11111	25	8.0	0.0	3863.6005131766974	3863.8174331984364
3863.8807932198183	0.5269200227417059	trials	210531TX	p41	Z11111	1	0.0	0.0	3864.0307932198184	3864.25771324256
3864.3110732629398	0.5269200227412512	trials	210531TX	p41	Z11111	20	6.0	1.0	3864.46107326294	3864.687993285681
3864.7513933070672	0.5269200227417059	trials	210531TX	p41	Z11111	4	1.0	0.0	3864.9013933070673	3865.128313329809
3865.1816733501887	0.5269200227417059	trials	210531TX	p41	Z11111	93	30.0	2.0	3865.331673350189	3865.5585933729303
3865.6519933973227	0.5269200227412512	trials	210531TX	p41	Z11111	78	25.0	2.0	3865.801993397323	3866.028913420064
3869.9448738275423	0.49692001973471633	trials	210531TX	p41	Z11111	113	37.0	1.0	3870.0948738275424	3870.291793847277
3870.3551538686593	0.5269200227412512	trials	210531TX	p41	Z11111	72	23.0	2.0	3870.5051538686594	3870.7320738914004
3870.7854339117807	0.5269200227412512	trials	210531TX	p41	Z11111	63	20.0	2.0	3870.935433911781	3871.162353934522
3871.225753955908	0.5269200227412512	trials	210531TX	p41	Z11111	16	5.0	0.0	3871.3757539559083	3871.6026739786494
3871.6560339990297	0.5269200227412512	trials	210531TX	p41	Z11111	35	11.0	1.0	3871.8060339990298	3872.032954021771
3872.096314043153	0.5269200227412512	trials	210531TX	p41	Z11111	8	2.0	1.0	3872.2463140431532	3872.4732340658943
3872.5266340862786	0.5269200227412512	trials	210531TX	p41	Z11111	42	13.0	2.0	3872.6766340862787	3872.9035541090198
3876.4292344773853	0.506920020736743	trials	210531TX	p41	Z11111	111	36.0	2.0	3876.5792344773854	3876.786154498122
3876.8395145185023	0.5269200227412512	trials	210531TX	p41	Z11111	104	34.0	1.0	3876.9895145185023	3877.2164345412434
3877.2797945626257	0.5269600227456976	trials	210531TX	p41	Z11111	47	15.0	1.0	3877.429794562626	3877.6567545853713
3877.710114605751	0.5269200227412512	trials	210531TX	p41	Z11111	102	33.0	2.0	3877.8601146057513	3878.0870346284923
3878.180434652885	0.5269200227412512	trials	210531TX	p41	Z11111	24	7.0	2.0	3878.3304346528853	3878.5573546756264
3878.650754700019	0.5269200227412512	trials	210531TX	p41	Z11111	48	15.0	2.0	3878.8007547000193	3879.0276747227604
3879.08103474314	0.5269200227417059	trials	210531TX	p41	Z11111	71	23.0	1.0	3879.2310347431403	3879.457954765882
3888.707515707877	0.5069200207371978	trials	210531TX	p41	Z11111	110	36.0	1.0	3888.857515707877	3889.064435728614
3889.117795748994	0.5269200227417059	trials	210531TX	p41	Z11111	5	1.0	1.0	3889.267795748994	3889.4947157717356
3889.5580757931175	0.5169200217392245	trials	210531TX	p41	Z11111	100	33.0	0.0	3889.7080757931176	3889.9249958148566
3889.988355836239	0.5269200227417059	trials	210531TX	p41	Z11111	117	38.0	2.0	3890.138355836239	3890.3652758589806
3890.458675883373	0.5269200227417059	trials	210531TX	p41	Z11111	76	25.0	0.0	3890.608675883373	3890.8355959061146
3890.8889559264944	0.5269600227452429	trials	210531TX	p41	Z11111	107	35.0	1.0	3891.0389559264945	3891.2659159492396
3891.329275970622	0.5269200227412512	trials	210531TX	p41	Z11111	120	39.0	2.0	3891.479275970622	3891.706195993363
3895.141836352705	0.5069200207371978	trials	210531TX	p41	Z11111	116	38.0	1.0	3895.291836352705	3895.498756373442
3895.5621163948244	0.5169200217392245	trials	210531TX	p41	Z11111	84	27.0	2.0	3895.7121163948245	3895.9290364165636
3895.992396437946	0.5269200227412512	trials	210531TX	p41	Z11111	91	30.0	0.0	3896.142396437946	3896.369316460687
3896.432716482073	0.5169200217396792	trials	210531TX	p41	Z11111	90	29.0	2.0	3896.582716482073	3896.7996365038125
3896.8629965251944	0.5269200227417059	trials	210531TX	p41	Z11111	37	12.0	0.0	3897.0129965251945	3897.239916547936
3897.3333165723284	0.5269200227417059	trials	210531TX	p41	Z11111	51	16.0	2.0	3897.4833165723285	3897.71023659507
3897.76359661545	0.5269200227417059	trials	210531TX	p41	Z11111	75	24.0	2.0	3897.91359661545	3898.1405166381915
3901.8363570236097	0.5069200207371978	trials	210531TX	p41	Z11111	77	25.0	1.0	3901.98635702361	3902.193277044347
3902.2466370647267	0.5269200227412512	trials	210531TX	p41	Z11111	17	5.0	1.0	3902.3966370647267	3902.623557087468
3902.68691710885	0.5169200217392245	trials	210531TX	p41	Z11111	52	17.0	0.0	3902.8369171088502	3903.0538371305893
3905.428757383629	0.5069200207371978	trials	210531TX	p41	Z11111	86	28.0	1.0	3905.578757383629	3905.785677404366
3905.839037424746	0.5269200227412512	trials	210531TX	p41	Z11111	28	9.0	0.0	3905.989037424746	3906.215957447487
3906.30935747188	0.5269200227412512	trials	210531TX	p41	Z11111	112	37.0	0.0	3906.45935747188	3906.686277494621
3906.7496375160035	0.5269600227456976	trials	210531TX	p41	Z11111	23	7.0	1.0	3906.8996375160036	3907.126597538749
3907.2099575621355	0.5269200227412512	trials	210531TX	p41	Z11111	3	0.0	2.0	3907.3599575621356	3907.5868775848767
3907.650237606259	0.5269600227452429	trials	210531TX	p41	Z11111	91	30.0	0.0	3907.800237606259	3908.027197629004
3908.0805576493844	0.5269200227412512	trials	210531TX	p41	Z11111	52	17.0	0.0	3908.2305576493845	3908.4574776721256
3912.193318061553	0.49692001973471633	trials	210531TX	p41	Z11111	29	9.0	1.0	3912.343318061553	3912.5402380812875
3921.8898390333084	0.4969200197351711	trials	210531TX	p41	Z11111	54	17.0	2.0	3922.0398390333085	3922.2367590530434
3922.3001190744258	0.5269200227412512	trials	210531TX	p41	Z11111	112	37.0	0.0	3922.450119074426	3922.677039097167
3922.77043912156	0.5269200227412512	trials	210531TX	p41	Z11111	33	10.0	2.0	3922.92043912156	3923.147359144301
3923.2007191646812	0.5269200227412512	trials	210531TX	p41	Z11111	35	11.0	1.0	3923.3507191646813	3923.5776391874224
3923.6410392088087	0.5269200227412512	trials	210531TX	p41	Z11111	116	38.0	1.0	3923.791039208809	3924.01795923155
3924.0713192519297	0.5269200227417059	trials	210531TX	p41	Z11111	10	3.0	0.0	3924.22131925193	3924.4482392746713
3924.511599296053	0.5269200227417059	trials	210531TX	p41	Z11111	37	12.0	0.0	3924.6615992960533	3924.888519318795
3928.7444797202597	0.506880020733206	trials	210531TX	p41	Z11111	102	33.0	2.0	3928.89447972026	3929.101359740993
3929.1547197613727	0.5269600227456976	trials	210531TX	p41	Z11111	104	34.0	1.0	3929.304719761373	3929.5316797841183
3929.5950398055	0.5269200227417059	trials	210531TX	p41	Z11111	63	20.0	2.0	3929.7450398055003	3929.971959828242
3930.0253198486216	0.5269200227417059	trials	210531TX	p41	Z11111	99	32.0	2.0	3930.1753198486217	3930.4022398713632
3930.465599892745	0.5269600227456976	trials	210531TX	p41	Z11111	6	1.0	2.0	3930.615599892745	3930.8425599154907
3930.8959199358706	0.5269200227412512	trials	210531TX	p41	Z11111	96	31.0	2.0	3931.0459199358706	3931.2728399586117
3931.336199979994	0.5169200217392245	trials	210531TX	p41	Z11111	7	2.0	0.0	3931.486199979994	3931.703120001733
3935.6391204112197	0.506880020733206	trials	210531TX	p41	Z11111	103	34.0	0.0	3935.7891204112198	3935.996000431953
3936.079400455343	0.5269200227412512	trials	210531TX	p41	Z11111	4	1.0	0.0	3936.2294004553432	3936.4563204780843
3936.549720502477	0.5269200227412512	trials	210531TX	p41	Z11111	20	6.0	1.0	3936.6997205024772	3936.9266405252183
3936.9900005466006	0.5169200217392245	trials	210531TX	p41	Z11111	74	24.0	1.0	3937.1400005466007	3937.35692056834
3937.420320589726	0.5269200227412512	trials	210531TX	p41	Z11111	32	10.0	1.0	3937.570320589726	3937.7972406124672
3937.890600636856	0.5269600227452429	trials	210531TX	p41	Z11111	68	22.0	1.0	3938.040600636856	3938.2675606596013
3938.350920682988	0.5269200227412512	trials	210531TX	p41	Z11111	47	15.0	1.0	3938.500920682988	3938.7278407057292
3943.5744412064737	0.506920020736743	trials	210531TX	p41	Z11111	0			3943.724441206474	3943.9313612272103
3944.0047212495947	0.5069200207371978	trials	210531TX	p41	Z11111	120	39.0	2.0	3944.154721249595	3944.361641270332
3944.425001291714	0.5269600227452429	trials	210531TX	p41	Z11111	88	29.0	0.0	3944.575001291714	3944.8019613144593
3944.8653213358416	0.5269200227412512	trials	210531TX	p41	Z11111	72	23.0	2.0	3945.0153213358417	3945.2422413585828
3945.325601381969	0.5269600227456976	trials	210531TX	p41	Z11111	25	8.0	0.0	3945.475601381969	3945.7025614047147
3945.765921426097	0.5269200227412512	trials	210531TX	p41	Z11111	59	19.0	1.0	3945.915921426097	3946.142841448838
3946.236241473231	0.5269200227412512	trials	210531TX	p41	Z11111	89	29.0	1.0	3946.386241473231	3946.6131614959722
3951.789962029808	0.506920020736743	trials	210531TX	p41	Z11111	1	0.0	0.0	3951.939962029808	3952.1468820505447
3952.200242070925	0.5269200227412512	trials	210531TX	p41	Z11111	17	5.0	1.0	3952.350242070925	3952.577162093666
3952.670562118059	0.5269200227412512	trials	210531TX	p41	Z11111	40	13.0	0.0	3952.820562118059	3953.0474821408
3953.1108421621825	0.5269600227452429	trials	210531TX	p41	Z11111	5	1.0	1.0	3953.2608421621826	3953.4878021849277
3953.5411622053075	0.5269200227417059	trials	210531TX	p41	Z11111	46	15.0	0.0	3953.6911622053076	3953.918082228049
3953.9814422494314	0.5169200217392245	trials	210531TX	p41	Z11111	8	2.0	1.0	3954.1314422494315	3954.3483622711706
3954.411722292553	0.5269600227452429	trials	210531TX	p41	Z11111	113	37.0	1.0	3954.561722292553	3954.788682315298
3968.231043677483	0.5169200217396792	trials	210531TX	p41	Z11111	48	15.0	2.0	3968.381043677483	3968.5979636992224
3968.6613237206043	0.5269200227412512	trials	210531TX	p41	Z11111	94	31.0	0.0	3968.8113237206044	3969.0382437433454
3969.0916437637297	0.5269200227417059	trials	210531TX	p41	Z11111	43	14.0	0.0	3969.24164376373	3969.4685637864713
3969.531923807853	0.5269200227412512	trials	210531TX	p41	Z11111	80	26.0	1.0	3969.6819238078533	3969.9088438305944
3969.9622038509747	0.5269200227412512	trials	210531TX	p41	Z11111	78	25.0	2.0	3970.1122038509748	3970.339123873716
3970.4325238981087	0.5269200227412512	trials	210531TX	p41	Z11111	84	27.0	2.0	3970.582523898109	3970.80944392085
3970.872803942232	0.5169200217392245	trials	210531TX	p41	Z11111	62	20.0	1.0	3971.0228039422323	3971.2397239639713
3975.065644362426	0.5169200217387697	trials	210531TX	p41	Z11111	105	34.0	2.0	3975.2156443624262	3975.432564384165
3975.5159644075557	0.5269200227412512	trials	210531TX	p41	Z11111	117	38.0	2.0	3975.6659644075557	3975.892884430297
3975.9862444546857	0.5269600227452429	trials	210531TX	p41	Z11111	83	27.0	1.0	3976.1362444546858	3976.363204477431
3976.4565645018197	0.5269600227456976	trials	210531TX	p41	Z11111	53	17.0	1.0	3976.60656450182	3976.8335245245653
3976.886884544945	0.5269200227412512	trials	210531TX	p41	Z11111	95	31.0	1.0	3977.036884544945	3977.2638045676863
3977.3271645890686	0.5269200227412512	trials	210531TX	p41	Z11111	110	36.0	1.0	3977.4771645890687	3977.70408461181
3977.7874846352006	0.5269200227412512	trials	210531TX	p41	Z11111	0			3977.9374846352007	3978.1644046579418
3981.7601650333304	0.5068800207327513	trials	210531TX	p41	Z11111	22	7.0	0.0	3981.9101650333305	3982.117045054063
3982.1704450744473	0.5269200227417059	trials	210531TX	p41	Z11111	60	19.0	2.0	3982.3204450744474	3982.547365097189
3982.610725118571	0.5269200227417059	trials	210531TX	p41	Z11111	115	38.0	0.0	3982.760725118571	3982.9876451413124
3983.0410051616923	0.5269200227412512	trials	210531TX	p41	Z11111	57	18.0	2.0	3983.1910051616924	3983.4179251844334
3983.5113252088263	0.5269200227412512	trials	210531TX	p41	Z11111	24	7.0	2.0	3983.6613252088264	3983.8882452315675
3983.9816452559603	0.5269200227412512	trials	210531TX	p41	Z11111	79	26.0	0.0	3984.1316452559604	3984.3585652787015
3984.4119252990818	0.5269200227412512	trials	210531TX	p41	Z11111	21	6.0	2.0	3984.561925299082	3984.788845321823
3988.284525687182	0.5069200207371978	trials	210531TX	p41	Z11111	34	11.0	0.0	3988.434525687182	3988.641445707919
3988.7248457313094	0.5269200227412512	trials	210531TX	p41	Z11111	101	33.0	1.0	3988.8748457313095	3989.1017657540506
3989.165125775433	0.5269200227417059	trials	210531TX	p41	Z11111	118	39.0	0.0	3989.315125775433	3989.5420457981745
3989.5954458185583	0.5269200227412512	trials	210531TX	p41	Z11111	97	32.0	0.0	3989.7454458185584	3989.9723658412995
3990.0657258656884	0.5269600227452429	trials	210531TX	p41	Z11111	31	10.0	0.0	3990.2157258656885	3990.4426858884335
3990.5160459108183	0.5269200227412512	trials	210531TX	p41	Z11111	30	9.0	2.0	3990.6660459108184	3990.8929659335595
3990.986365957952	0.5269200227417059	trials	210531TX	p41	Z11111	69	22.0	2.0	3991.136365957952	3991.3632859806935
3995.699526430291	0.5169200217392245	trials	210531TX	p41	Z11111	44	14.0	1.0	3995.849526430291	3996.06644645203
3996.1598464764224	0.5269200227417059	trials	210531TX	p41	Z11111	111	36.0	2.0	3996.3098464764225	3996.536766499164
3996.6201665225544	0.5269200227417059	trials	210531TX	p41	Z11111	49	16.0	0.0	3996.7701665225545	3996.997086545296
3997.060446566678	0.5269200227417059	trials	210531TX	p41	Z11111	66	21.0	2.0	3997.210446566678	3997.4373665894195
3997.530766613812	0.5269200227417059	trials	210531TX	p41	Z11111	73	24.0	0.0	3997.680766613812	3997.9076866365535
3997.981086658942	0.5269200227412512	trials	210531TX	p41	Z11111	11	3.0	1.0	3998.131086658942	3998.358006681683
3998.451406706076	0.5269200227412512	trials	210531TX	p41	Z11111	77	25.0	1.0	3998.601406706076	3998.828326728817
4002.4340871052077	0.506880020733206	trials	210531TX	p41	Z11111	9	2.0	2.0	4002.584087105208	4002.790967125941
4002.8443271463207	0.5269600227456976	trials	210531TX	p41	Z11111	58	19.0	0.0	4002.9943271463208	4003.2212871690663
4003.314647193455	0.5269600227452429	trials	210531TX	p41	Z11111	108	35.0	2.0	4003.464647193455	4003.6916072162003
4003.784967240589	0.5269200227412512	trials	210531TX	p41	Z11111	64	21.0	0.0	4003.9349672405892	4004.1618872633303
4004.2152872837146	0.5269200227412512	trials	210531TX	p41	Z11111	93	30.0	2.0	4004.3652872837147	4004.5922073064557
4004.685567330844	0.5269600227456976	trials	210531TX	p41	Z11111	42	13.0	2.0	4004.8355673308442	4005.0625273535898
4005.1559273779826	0.5269200227412512	trials	210531TX	p41	Z11111	15	4.0	2.0	4005.3059273779827	4005.5328474007238
4009.088527772096	0.5069200207371978	trials	210531TX	p41	Z11111	51	16.0	2.0	4009.238527772096	4009.445447792833
4009.5388478172254	0.5269200227417059	trials	210531TX	p41	Z11111	19	6.0	0.0	4009.6888478172255	4009.915767839967
4009.969127860347	0.5269600227452429	trials	210531TX	p41	Z11111	14	4.0	1.0	4010.119127860347	4010.346087883092
4010.439447907481	0.5269200227417059	trials	210531TX	p41	Z11111	71	23.0	1.0	4010.589447907481	4010.8163679302224
4010.8697679506063	0.5269200227412512	trials	210531TX	p41	Z11111	109	36.0	0.0	4011.0197679506064	4011.2466879733474
4011.3100479947298	0.5269200227412512	trials	210531TX	p41	Z11111	2	0.0	1.0	4011.46004799473	4011.686968017471
4011.7403280378508	0.5269200227417059	trials	210531TX	p41	Z11111	65	21.0	1.0	4011.890328037851	4012.1172480605924
4016.6836885332596	0.506880020733206	trials	210531TX	p41	Z11111	18	5.0	2.0	4016.8336885332596	4017.0405685539927
4017.0939285743725	0.5269200227417059	trials	210531TX	p41	Z11111	75	24.0	2.0	4017.2439285743726	4017.470848597114
4017.5342486185004	0.5269200227412512	trials	210531TX	p41	Z11111	39	12.0	2.0	4017.6842486185005	4017.9111686412416
4017.9645286616214	0.5269200227417059	trials	210531TX	p41	Z11111	27	8.0	2.0	4018.1145286616215	4018.341448684363
4018.404808705745	0.5169200217396792	trials	210531TX	p41	Z11111	38	12.0	1.0	4018.554808705745	4018.7717287274845
4018.8351287488704	0.5269200227417059	trials	210531TX	p41	Z11111	0			4018.9851287488705	4019.212048771612
4019.265408791992	0.5269200227412512	trials	210531TX	p41	Z11111	98	32.0	1.0	4019.415408791992	4019.642328814733
4023.3381292001473	0.5069200207371978	trials	210531TX	p41	Z11111	50	16.0	1.0	4023.4881292001473	4023.6950492208844
4023.7484092412647	0.5269200227412512	trials	210531TX	p41	Z11111	61	20.0	0.0	4023.8984092412647	4024.125329264006
4024.188729285392	0.5269200227412512	trials	210531TX	p41	Z11111	106	35.0	0.0	4024.338729285392	4024.5656493081333
4024.6190093285136	0.5269200227412512	trials	210531TX	p41	Z11111	16	5.0	0.0	4024.7690093285137	4024.9959293512547
4025.0592893726366	0.5269200227417059	trials	210531TX	p41	Z11111	76	25.0	0.0	4025.2092893726367	4025.4362093953782
4025.489609415762	0.5269200227417059	trials	210531TX	p41	Z11111	82	27.0	0.0	4025.639609415762	4025.8665294385037
4025.9298894598855	0.5269200227417059	trials	210531TX	p41	Z11111	107	35.0	1.0	4026.0798894598856	4026.306809482627
4029.762449843973	0.5069200207371978	trials	210531TX	p41	Z11111	114	37.0	2.0	4029.9124498439733	4030.1193698647103
4030.2027698881006	0.5269200227417059	trials	210531TX	p41	Z11111	92	30.0	1.0	4030.3527698881007	4030.5796899108423
4030.6430499322246	0.5269200227412512	trials	210531TX	p41	Z11111	41	13.0	1.0	4030.7930499322247	4031.0199699549657
4031.0733699753496	0.5269200227412512	trials	210531TX	p41	Z11111	55	18.0	0.0	4031.2233699753497	4031.4502899980907
4031.513650019473	0.5269200227417059	trials	210531TX	p41	Z11111	119	39.0	1.0	4031.663650019473	4031.8905700422147
4031.9439300625945	0.5269200227417059	trials	210531TX	p41	Z11111	100	33.0	0.0	4032.0939300625946	4032.320850085336
4032.384250106722	0.5269200227417059	trials	210531TX	p41	Z11111	13	4.0	0.0	4032.534250106722	4032.7611701294636
4034.7558503443965	0.5269200227417059	trials	210531TX	p41	Z11111	36	11.0	2.0	4034.9058503443966	4035.132770367138
4035.186130387518	0.5269200227412512	trials	210531TX	p41	Z11111	0			4035.336130387518	4035.563050410259
4035.6264104316415	0.5269200227417059	trials	210531TX	p41	Z11111	81	26.0	2.0	4035.7764104316416	4036.003330454383
4036.0967304787755	0.5269200227417059	trials	210531TX	p41	Z11111	45	14.0	2.0	4036.2467304787756	4036.473650501517
4038.878610757567	0.5069200207371978	trials	210531TX	p41	Z11111	90	29.0	2.0	4039.028610757567	4039.235530778304
4039.288890798684	0.5269200227417059	trials	210531TX	p41	Z11111	67	22.0	0.0	4039.438890798684	4039.6658108214256
4039.729170842808	0.5169200217392245	trials	210531TX	p41	Z11111	85	28.0	0.0	4039.879170842808	4040.096090864547
4040.159450885929	0.5269600227456976	trials	210531TX	p41	Z11111	12	3.0	2.0	4040.309450885929	4040.5364109086745
4040.5897709290543	0.5269200227412512	trials	210531TX	p41	Z11111	70	23.0	0.0	4040.7397709290544	4040.9666909517955
4041.0300509731783	0.5269200227412512	trials	210531TX	p41	Z11111	86	28.0	1.0	4041.1800509731784	4041.4069709959194
4041.500371020312	0.5269200227417059	trials	210531TX	p41	Z11111	87	28.0	2.0	4041.650371020312	4041.8772910430534
4045.71321144251	0.5069200207371978	trials	210531TX	p41	Z11111	56	18.0	1.0	4045.86321144251	4046.070131463247
4046.1334914846293	0.5169200217392245	trials	210531TX	p41	Z11111	26	8.0	1.0	4046.2834914846294	4046.5004115063684
4046.5637715277503	0.5269200227417059	trials	210531TX	p41	Z11111	11	3.0	1.0	4046.7137715277504	4046.940691550492
4046.9940515708718	0.5269600227456976	trials	210531TX	p41	Z11111	0			4047.144051570872	4047.3710115936174
4047.4343716149997	0.5269200227412512	trials	210531TX	p41	Z11111	2	0.0	1.0	4047.584371615	4047.811291637741
4047.9046916621337	0.5269200227412512	trials	210531TX	p41	Z11111	59	19.0	1.0	4048.054691662134	4048.281611684875
4048.3650117082652	0.5269200227417059	trials	210531TX	p41	Z11111	37	12.0	0.0	4048.5150117082653	4048.741931731007
4064.235693298777	0.5169200217392245	trials	210531TX	p41	Z11111	44	14.0	1.0	4064.385693298777	4064.602613320516
4064.6559733408963	0.5269200227412512	trials	210531TX	p41	Z11111	89	29.0	1.0	4064.8059733408963	4065.0328933636374
4065.0962533850193	0.5269200227417059	trials	210531TX	p41	Z11111	90	29.0	2.0	4065.2462533850194	4065.473173407761
4065.5265334281407	0.5269200227417059	trials	210531TX	p41	Z11111	118	39.0	0.0	4065.676533428141	4065.9034534508824
4065.966853472268	0.5269200227417059	trials	210531TX	p41	Z11111	107	35.0	1.0	4066.1168534722683	4066.34377349501
4066.3971335153897	0.5269200227412512	trials	210531TX	p41	Z11111	8	2.0	1.0	4066.5471335153898	4066.774053538131
4066.837413559513	0.5269600227456976	trials	210531TX	p41	Z11111	20	6.0	1.0	4066.9874135595132	4067.2143735822588
4070.8901739656685	0.4968800197307246	trials	210531TX	p41	Z11111	15	4.0	2.0	4071.0401739656686	4071.237053985399
4071.300414006782	0.5269600227452429	trials	210531TX	p41	Z11111	3	0.0	2.0	4071.450414006782	4071.677374029527
4071.770734053916	0.5269600227452429	trials	210531TX	p41	Z11111	63	20.0	2.0	4071.920734053916	4072.147694076661
4072.201054097041	0.5269200227417059	trials	210531TX	p41	Z11111	116	38.0	1.0	4072.351054097041	4072.5779741197825
4072.671334144171	0.5269600227452429	trials	210531TX	p41	Z11111	84	27.0	2.0	4072.821334144171	4073.048294166916
4073.111654188299	0.5169200217387697	trials	210531TX	p41	Z11111	26	8.0	1.0	4073.261654188299	4073.4785742100376
4073.54193423142	0.5269200227417059	trials	210531TX	p41	Z11111	16	5.0	0.0	4073.69193423142	4073.9188542541615
4077.4946146275456	0.5069200207371978	trials	210531TX	p41	Z11111	52	17.0	0.0	4077.6446146275457	4077.8515346482827
4079.8862148672247	0.506920020736743	trials	210531TX	p41	Z11111	6	1.0	2.0	4080.0362148672248	4080.2431348879613
4080.3264949113477	0.5269600227456976	trials	210531TX	p41	Z11111	0			4080.476494911348	4080.7034549340933
4080.766814955475	0.5269200227417059	trials	210531TX	p41	Z11111	28	9.0	0.0	4080.9168149554753	4081.143734978217
4081.1970949985966	0.5269200227417059	trials	210531TX	p41	Z11111	101	33.0	1.0	4081.3470949985967	4081.5740150213383
4081.6373750427206	0.5269600227452429	trials	210531TX	p41	Z11111	81	26.0	2.0	4081.7873750427207	4082.0143350654657
4082.0676950858456	0.5269200227417059	trials	210531TX	p41	Z11111	120	39.0	2.0	4082.2176950858457	4082.444615108587
4082.5079751299695	0.5269200227412512	trials	210531TX	p41	Z11111	31	10.0	0.0	4082.6579751299696	4082.8848951527107
4085.119735391712	0.5069200207371978	trials	210531TX	p41	Z11111	112	37.0	0.0	4085.269735391712	4085.476655412449
4085.5300154328293	0.5269200227412512	trials	210531TX	p41	Z11111	79	26.0	0.0	4085.6800154328294	4085.9069354555704
4085.9702954769523	0.5269200227417059	trials	210531TX	p41	Z11111	62	20.0	1.0	4086.1202954769524	4086.347215499694
4086.4006155200777	0.5269200227417059	trials	210531TX	p41	Z11111	49	16.0	0.0	4086.550615520078	4086.7775355428194
4086.840895564201	0.5269200227417059	trials	210531TX	p41	Z11111	100	33.0	0.0	4086.9908955642013	4087.217815586943
4087.2711756073227	0.5269200227412512	trials	210531TX	p41	Z11111	9	2.0	2.0	4087.4211756073228	4087.648095630064
4087.71149565145	0.5169200217392245	trials	210531TX	p41	Z11111	4	1.0	0.0	4087.8614956514502	4088.0784156731893
4098.718896754579	0.5069200207362883	trials	210531TX	p41	Z11111	23	7.0	1.0	4098.868896754579	4099.075816775316
4099.129176795696	0.5269200227403417	trials	210531TX	p41	Z11111	95	31.0	1.0	4099.279176795696	4099.506096818437
4099.569456839819	0.5169200217387697	trials	210531TX	p41	Z11111	47	15.0	1.0	4099.719456839819	4099.9363768615585
4099.999736882941	0.5269600227447881	trials	210531TX	p41	Z11111	0			4100.1497368829405	4100.376696905686
4100.430056926067	0.5269200227403417	trials	210531TX	p41	Z11111	103	34.0	0.0	4100.580056926066	4100.8069769488075
4100.87033697019	0.5269200227403417	trials	210531TX	p41	Z11111	74	24.0	1.0	4101.020336970189	4101.2472569929305
4101.300617013311	0.5269200227403417	trials	210531TX	p41	Z11111	67	22.0	0.0	4101.450617013311	4101.677537036052
4105.2532974094365	0.5069200207362883	trials	210531TX	p41	Z11111	19	6.0	0.0	4105.403297409436	4105.610217430173
4105.703577454562	0.5269600227447881	trials	210531TX	p41	Z11111	87	28.0	2.0	4105.853577454562	4106.080537477307
4106.173897501696	0.5269200227412512	trials	210531TX	p41	Z11111	12	3.0	2.0	4106.323897501696	4106.550817524438
4106.6342175478285	0.5269200227403417	trials	210531TX	p41	Z11111	102	33.0	2.0	4106.784217547828	4107.011137570569
4107.0744975919515	0.5269600227447881	trials	210531TX	p41	Z11111	54	17.0	2.0	4107.224497591951	4107.451457614697
4107.54485763909	0.5269200227403417	trials	210531TX	p41	Z11111	51	16.0	2.0	4107.69485763909	4107.921777661831
4108.0151376862195	0.5169200217387697	trials	210531TX	p41	Z11111	71	23.0	1.0	4108.165137686219	4108.382057707959
4111.897778075327	0.5068800207318418	trials	210531TX	p41	Z11111	14	4.0	1.0	4112.047778075326	4112.254658096059
4112.308058116443	0.5269200227403417	trials	210531TX	p41	Z11111	56	18.0	1.0	4112.458058116443	4112.684978139184
4112.738338159565	0.5269200227403417	trials	210531TX	p41	Z11111	34	11.0	0.0	4112.888338159564	4113.115258182305
4113.1786182036885	0.5269200227403417	trials	210531TX	p41	Z11111	94	31.0	0.0	4113.328618203688	4113.555538226429
4113.618938247816	0.5169200217378602	trials	210531TX	p41	Z11111	73	24.0	0.0	4113.768938247816	4113.985858269554
4114.0492182909375	0.5269200227403417	trials	210531TX	p41	Z11111	0			4114.199218290937	4114.426138313678
4114.479498334058	0.5269200227412512	trials	210531TX	p41	Z11111	13	4.0	0.0	4114.629498334058	4114.8564183568
4118.432178730184	0.5068800207318418	trials	210531TX	p41	Z11111	42	13.0	2.0	4118.582178730184	4118.789058750916
4118.852458772303	0.5169200217387697	trials	210531TX	p41	Z11111	21	6.0	2.0	4119.002458772303	4119.219378794042
4119.282738815425	0.5269200227403417	trials	210531TX	p41	Z11111	39	12.0	2.0	4119.432738815424	4119.659658838165
4119.753058862559	0.5269200227403417	trials	210531TX	p41	Z11111	72	23.0	2.0	4119.903058862558	4120.129978885299
4120.18333890568	0.5269200227403417	trials	210531TX	p41	Z11111	10	3.0	0.0	4120.33333890568	4120.560258928421
4120.623618949803	0.5269600227447881	trials	210531TX	p41	Z11111	86	28.0	1.0	4120.773618949803	4121.000578972548
4121.053938992929	0.5269200227403417	trials	210531TX	p41	Z11111	114	37.0	2.0	4121.203938992929	4121.43085901567
4124.996579388048	0.49692001973380684	trials	210531TX	p41	Z11111	75	24.0	2.0	4125.146579388048	4125.3434994077825
4125.406859429166	0.5269200227403417	trials	210531TX	p41	Z11111	98	32.0	1.0	4125.556859429165	4125.783779451906
4125.867179475297	0.5269200227403417	trials	210531TX	p41	Z11111	64	21.0	0.0	4126.017179475297	4126.244099498038
4126.307459519421	0.5269200227403417	trials	210531TX	p41	Z11111	104	34.0	1.0	4126.457459519421	4126.684379542162
4126.747739563544	0.5169600217423067	trials	210531TX	p41	Z11111	61	20.0	0.0	4126.897739563544	4127.114699585287
4127.208059609677	0.5269200227403417	trials	210531TX	p41	Z11111	105	34.0	2.0	4127.358059609676	4127.584979632417
4127.648379653803	0.5269200227412512	trials	210531TX	p41	Z11111	45	14.0	2.0	4127.798379653803	4128.025299676545
4132.35154012514	0.5069200207362883	trials	210531TX	p41	Z11111	24	7.0	2.0	4132.501540125139	4132.708460145876
4132.761820166257	0.5269200227403417	trials	210531TX	p41	Z11111	91	30.0	0.0	4132.911820166257	4133.138740188998
4133.202100210381	0.5169200217378602	trials	210531TX	p41	Z11111	119	39.0	1.0	4133.352100210381	4133.569020232119
4133.662420256513	0.5269200227403417	trials	210531TX	p41	Z11111	113	37.0	1.0	4133.812420256512	4134.039340279253
4134.102700300637	0.5269200227403417	trials	210531TX	p41	Z11111	97	32.0	0.0	4134.252700300636	4134.479620323377
4134.573020347771	0.5269200227403417	trials	210531TX	p41	Z11111	93	30.0	2.0	4134.72302034777	4134.949940370511
4135.003340390896	0.5269200227403417	trials	210531TX	p41	Z11111	109	36.0	0.0	4135.153340390895	4135.380260413636
4139.0560607970465	0.49688001973026985	trials	210531TX	p41	Z11111	83	27.0	1.0	4139.206060797046	4139.402940816777
4139.49634084117	0.5069200207362883	trials	210531TX	p41	Z11111	80	26.0	1.0	4139.64634084117	4139.853260861907
4139.926620884292	0.5269200227403417	trials	210531TX	p41	Z11111	29	9.0	1.0	4140.0766208842915	4140.303540907033
4140.386940930423	0.5269200227403417	trials	210531TX	p41	Z11111	58	19.0	0.0	4140.536940930423	4140.763860953164
4140.827220974547	0.5269600227438787	trials	210531TX	p41	Z11111	68	22.0	1.0	4140.977220974547	4141.204180997292
4141.257541017672	0.5269200227403417	trials	210531TX	p41	Z11111	57	18.0	2.0	4141.407541017672	4141.634461040413
4141.697821061796	0.5269200227403417	trials	210531TX	p41	Z11111	85	28.0	0.0	4141.847821061796	4142.074741084537
4150.914021985415	0.5069200207362883	trials	210531TX	p41	Z11111	33	10.0	2.0	4151.064021985415	4151.270942006152
4151.324302026533	0.5269200227403417	trials	210531TX	p41	Z11111	78	25.0	2.0	4151.474302026532	4151.701222049273
4151.794622073667	0.5269200227403417	trials	210531TX	p41	Z11111	40	13.0	0.0	4151.944622073666	4152.171542096407
4152.234902117791	0.5169200217378602	trials	210531TX	p41	Z11111	41	13.0	1.0	4152.38490211779	4152.601822139529
4152.665222160916	0.5269200227403417	trials	210531TX	p41	Z11111	48	15.0	2.0	4152.815222160915	4153.042142183656
4153.105502205039	0.5169200217387697	trials	210531TX	p41	Z11111	110	36.0	1.0	4153.255502205038	4153.472422226778
4153.53578224816	0.5269600227447881	trials	210531TX	p41	Z11111	18	5.0	2.0	4153.68578224816	4153.912742270905
4159.599862855885	0.49692001973380684	trials	210531TX	p41	Z11111	5	1.0	1.0	4159.749862855884	4159.946782875619
4160.010142897001	0.5269200227403417	trials	210531TX	p41	Z11111	65	21.0	1.0	4160.160142897001	4160.387062919742
4160.440462940127	0.5269200227403417	trials	210531TX	p41	Z11111	46	15.0	0.0	4160.590462940127	4160.817382962868
4160.88074298425	0.5269200227403417	trials	210531TX	p41	Z11111	66	21.0	2.0	4161.03074298425	4161.257663006991
4161.311023027371	0.5269200227403417	trials	210531TX	p41	Z11111	36	11.0	2.0	4161.461023027371	4161.687943050112
4161.751343071499	0.5169200217387697	trials	210531TX	p41	Z11111	111	36.0	2.0	4161.901343071499	4162.118263093238
4162.18162311462	0.5269200227403417	trials	210531TX	p41	Z11111	50	16.0	1.0	4162.33162311462	4162.558543137361
4166.134263510742	0.5069200207353788	trials	210531TX	p41	Z11111	1	0.0	0.0	4166.284263510742	4166.491183531478
4166.544543551859	0.5269200227403417	trials	210531TX	p41	Z11111	82	27.0	0.0	4166.694543551858	4166.921463574599
4166.984863595986	0.5269200227412512	trials	210531TX	p41	Z11111	108	35.0	2.0	4167.134863595986	4167.361783618728
4167.415143639108	0.5269200227403417	trials	210531TX	p41	Z11111	22	7.0	0.0	4167.565143639107	4167.792063661848
4167.8554236832315	0.5269200227403417	trials	210531TX	p41	Z11111	76	25.0	0.0	4168.005423683231	4168.232343705972
4168.2857437263565	0.5269200227403417	trials	210531TX	p41	Z11111	60	19.0	2.0	4168.435743726356	4168.662663749097
4168.756023773487	0.5269600227438787	trials	210531TX	p41	Z11111	77	25.0	1.0	4168.906023773487	4169.132983796231
4173.479224246831	0.49692001973471633	trials	210531TX	p41	Z11111	53	17.0	1.0	4173.629224246831	4173.826144266566
4173.8895042879485	0.5269200227403417	trials	210531TX	p41	Z11111	27	8.0	2.0	4174.039504287948	4174.266424310689
4174.31978433107	0.5269200227403417	trials	210531TX	p41	Z11111	35	11.0	1.0	4174.46978433107	4174.696704353811
4174.760064375193	0.5269600227447881	trials	210531TX	p41	Z11111	17	5.0	1.0	4174.910064375193	4175.137024397938
4175.230424422331	0.5269200227403417	trials	210531TX	p41	Z11111	7	2.0	0.0	4175.380424422331	4175.607344445072
4175.660704465453	0.5269200227403417	trials	210531TX	p41	Z11111	70	23.0	0.0	4175.810704465453	4176.037624488194
4176.131024512587	0.5269200227403417	trials	210531TX	p41	Z11111	43	14.0	0.0	4176.281024512587	4176.507944535328
4180.083664908709	0.5069200207362883	trials	210531TX	p41	Z11111	88	29.0	0.0	4180.233664908708	4180.440584929445
4180.523944952832	0.5269600227447881	trials	210531TX	p41	Z11111	99	32.0	2.0	4180.673944952831	4180.900904975577
4180.994264999966	0.5269600227447881	trials	210531TX	p41	Z11111	115	38.0	0.0	4181.144264999965	4181.371225022711
4181.4645850471	0.5269200227403417	trials	210531TX	p41	Z11111	32	10.0	1.0	4181.614585047099	4181.84150506984
4181.904905091227	0.5169200217387697	trials	210531TX	p41	Z11111	96	31.0	2.0	4182.054905091227	4182.271825112966
4182.335185134349	0.5269200227403417	trials	210531TX	p41	Z11111	117	38.0	2.0	4182.485185134348	4182.712105157089
4182.76546517747	0.5269200227403417	trials	210531TX	p41	Z11111	92	30.0	1.0	4182.91546517747	4183.142385200211
4186.888265590645	0.5068800207327513	trials	210531TX	p41	Z11111	25	8.0	0.0	4187.038265590644	4187.245145611378
4187.2985056317575	0.5269600227447881	trials	210531TX	p41	Z11111	55	18.0	0.0	4187.448505631757	4187.675465654503
4187.738825675885	0.5269200227403417	trials	210531TX	p41	Z11111	38	12.0	1.0	4187.888825675885	4188.115745698626
4188.209145723019	0.5269200227403417	trials	210531TX	p41	Z11111	69	22.0	2.0	4188.359145723019	4188.58606574576
4188.63942576614	0.5269200227403417	trials	210531TX	p41	Z11111	30	9.0	2.0	4188.78942576614	4189.016345788881
4189.1097458132745	0.5269200227403417	trials	210531TX	p41	Z11111	106	35.0	0.0	4189.259745813274	4189.486665836015
4189.540025856396	0.5269200227403417	trials	210531TX	p41	Z11111	17	5.0	1.0	4189.690025856396	4189.916945879137
4196.434666547356	0.5069200207362883	trials	210531TX	p41	Z11111	52	17.0	0.0	4196.5846665473555	4196.7915865680925
4196.854946589475	0.5269200227412512	trials	210531TX	p41	Z11111	42	13.0	2.0	4197.0049465894745	4197.231866612216
4197.285266632601	0.5269200227403417	trials	210531TX	p41	Z11111	118	39.0	0.0	4197.4352666326	4197.662186655341
4197.75554667973	0.5269600227447881	trials	210531TX	p41	Z11111	81	26.0	2.0	4197.90554667973	4198.132506702475
4198.195866723858	0.5169200217387697	trials	210531TX	p41	Z11111	102	33.0	2.0	4198.345866723857	4198.562786745597
4198.626146766979	0.5269200227412512	trials	210531TX	p41	Z11111	100	33.0	0.0	4198.776146766979	4199.003066789721
4199.056426810101	0.5269600227447881	trials	210531TX	p41	Z11111	108	35.0	2.0	4199.2064268101	4199.433386832846
4203.459387251352	0.5069200207362883	trials	210531TX	p41	Z11111	50	16.0	1.0	4203.609387251352	4203.816307272089
4203.879707293475	0.5269200227412512	trials	210531TX	p41	Z11111	119	39.0	1.0	4204.0297072934745	4204.2566273162165
4204.319987337599	0.5169200217378602	trials	210531TX	p41	Z11111	115	38.0	0.0	4204.4699873375985	4204.686907359337
4204.78030738373	0.5269200227403417	trials	210531TX	p41	Z11111	109	36.0	0.0	4204.93030738373	4205.157227406471
4205.250627430865	0.5269200227403417	trials	210531TX	p41	Z11111	39	12.0	2.0	4205.400627430865	4205.627547453606
4205.710907476992	0.5269600227447881	trials	210531TX	p41	Z11111	90	29.0	2.0	4205.860907476992	4206.0878674997375
4206.15122752112	0.5269200227403417	trials	210531TX	p41	Z11111	106	35.0	0.0	4206.3012275211195	4206.5281475438605
4210.043827911225	0.49692001973380684	trials	210531TX	p41	Z11111	13	4.0	0.0	4210.193827911225	4210.390747930959
4212.465468153914	0.49692001973380684	trials	210531TX	p41	Z11111	62	20.0	1.0	4212.615468153914	4212.812388173648
4212.8757481950315	0.5269200227403417	trials	210531TX	p41	Z11111	9	2.0	2.0	4213.025748195031	4213.252668217772
4213.306028238153	0.5269200227403417	trials	210531TX	p41	Z11111	94	31.0	0.0	4213.456028238153	4213.682948260894
4213.776348285287	0.5269200227403417	trials	210531TX	p41	Z11111	70	23.0	0.0	4213.926348285287	4214.153268308028
4214.2166683294145	0.5168800217343232	trials	210531TX	p41	Z11111	15	4.0	2.0	4214.366668329414	4214.583548351149
4214.646948372536	0.5269200227403417	trials	210531TX	p41	Z11111	53	17.0	1.0	4214.796948372536	4215.023868395277
4215.077228415657	0.5269200227403417	trials	210531TX	p41	Z11111	22	7.0	0.0	4215.227228415657	4215.454148438398
4219.69034887797	0.49688001972936036	trials	210531TX	p41	Z11111	40	13.0	0.0	4219.8403488779695	4220.0372288977
4220.100628919086	0.5269200227412512	trials	210531TX	p41	Z11111	68	22.0	1.0	4220.250628919086	4220.477548941828
4220.54090896321	0.5169200217387697	trials	210531TX	p41	Z11111	10	3.0	0.0	4220.69090896321	4220.907828984949
4220.971189006332	0.5269200227403417	trials	210531TX	p41	Z11111	105	34.0	2.0	4221.121189006331	4221.3481090290725
4221.401469049453	0.5269600227438787	trials	210531TX	p41	Z11111	80	26.0	1.0	4221.551469049453	4221.7784290721975
4221.871789096587	0.5269200227403417	trials	210531TX	p41	Z11111	44	14.0	1.0	4222.021789096587	4222.248709119328
4222.342109143721	0.5269200227403417	trials	210531TX	p41	Z11111	26	8.0	1.0	4222.492109143721	4222.719029166462
4227.065309617066	0.49688001972936036	trials	210531TX	p41	Z11111	64	21.0	0.0	4227.215309617066	4227.412189636796
4227.475589658183	0.5269200227403417	trials	210531TX	p41	Z11111	120	39.0	2.0	4227.625589658182	4227.8525096809235
4227.905869701304	0.5269200227403417	trials	210531TX	p41	Z11111	67	22.0	0.0	4228.055869701304	4228.282789724045
4238.563030769333	0.5069200207362883	trials	210531TX	p41	Z11111	0			4238.713030769332	4238.919950790069
4238.993350812458	0.5269200227403417	trials	210531TX	p41	Z11111	23	7.0	1.0	4239.143350812457	4239.370270835198
4239.453630858586	0.5269200227403417	trials	210531TX	p41	Z11111	37	12.0	0.0	4239.603630858585	4239.830550881326
4239.913950904718	0.5269200227403417	trials	210531TX	p41	Z11111	73	24.0	0.0	4240.063950904718	4240.290870927459
4240.354230948841	0.5269600227447881	trials	210531TX	p41	Z11111	14	4.0	1.0	4240.504230948841	4240.731190971586
4240.784550991966	0.5269200227412512	trials	210531TX	p41	Z11111	77	25.0	1.0	4240.934550991966	4241.161471014708
4241.22483103609	0.5269200227403417	trials	210531TX	p41	Z11111	24	7.0	2.0	4241.37483103609	4241.601751058831
4245.777911492386	0.5068800207318418	trials	210531TX	p41	Z11111	84	27.0	2.0	4245.927911492386	4246.134791513118
4246.188191533503	0.5269200227403417	trials	210531TX	p41	Z11111	66	21.0	2.0	4246.338191533503	4246.565111556244
4246.658471580633	0.5269600227447881	trials	210531TX	p41	Z11111	34	11.0	0.0	4246.808471580633	4247.035431603378
4247.088791623758	0.5269200227403417	trials	210531TX	p41	Z11111	97	32.0	0.0	4247.238791623758	4247.465711646499
4247.529071667882	0.5269200227403417	trials	210531TX	p41	Z11111	87	28.0	2.0	4247.6790716678815	4247.905991690623
4247.959351711003	0.5269200227403417	trials	210531TX	p41	Z11111	103	34.0	0.0	4248.109351711003	4248.336271733744
4248.429671758137	0.5269200227403417	trials	210531TX	p41	Z11111	114	37.0	2.0	4248.579671758137	4248.806591780878
4252.302272146238	0.49692001973380684	trials	210531TX	p41	Z11111	63	20.0	2.0	4252.452272146237	4252.649192165972
4252.712552187355	0.5269200227394322	trials	210531TX	p41	Z11111	99	32.0	2.0	4252.862552187355	4253.089472210095
4253.1528722314815	0.5169200217387697	trials	210531TX	p41	Z11111	12	3.0	2.0	4253.302872231481	4253.519792253221
4253.583152274603	0.5269200227412512	trials	210531TX	p41	Z11111	113	37.0	1.0	4253.733152274603	4253.960072297345
4256.0147925182955	0.49692001973380684	trials	210531TX	p41	Z11111	1	0.0	0.0	4256.164792518295	4256.36171253803
4256.425072559412	0.5269200227403417	trials	210531TX	p41	Z11111	93	30.0	2.0	4256.575072559412	4256.801992582153
4256.865352603536	0.5169200217378602	trials	210531TX	p41	Z11111	86	28.0	1.0	4257.015352603536	4257.232272625274
4257.295632646657	0.5269600227438787	trials	210531TX	p41	Z11111	91	30.0	0.0	4257.445632646657	4257.672592669402
4257.725952689782	0.5269200227403417	trials	210531TX	p41	Z11111	92	30.0	1.0	4257.875952689782	4258.102872712523
4258.166232733905	0.5269200227412512	trials	210531TX	p41	Z11111	71	23.0	1.0	4258.316232733905	4258.543152756647
4258.636552781039	0.5269200227412512	trials	210531TX	p41	Z11111	21	6.0	2.0	4258.786552781039	4259.013472803781
4262.769353195216	0.5068800207327513	trials	210531TX	p41	Z11111	112	37.0	0.0	4262.919353195216	4263.1262332159495
4263.219633240342	0.5169200217387697	trials	210531TX	p41	Z11111	45	14.0	2.0	4263.3696332403415	4263.586553262081
4263.649913283463	0.5269600227447881	trials	210531TX	p41	Z11111	95	31.0	1.0	4263.799913283463	4264.0268733062085
4264.080233326589	0.5269200227403417	trials	210531TX	p41	Z11111	48	15.0	2.0	4264.230233326589	4264.45715334933
4264.520513370712	0.5269200227403417	trials	210531TX	p41	Z11111	11	3.0	1.0	4264.670513370712	4264.897433393453
4264.990833417846	0.5269200227403417	trials	210531TX	p41	Z11111	28	9.0	0.0	4265.140833417846	4265.367753440587
4265.421113460968	0.5269200227403417	trials	210531TX	p41	Z11111	6	1.0	2.0	4265.571113460967	4265.798033483708
4270.214353941332	0.49688001973026985	trials	210531TX	p41	Z11111	43	14.0	0.0	4270.3643539413315	4270.5612339610625
4270.624633982448	0.5069200207362883	trials	210531TX	p41	Z11111	88	29.0	0.0	4270.774633982448	4270.981554003185
4271.05491402557	0.5169200217387697	trials	210531TX	p41	Z11111	65	21.0	1.0	4271.204914025569	4271.421834047309
4271.47519406769	0.5269200227403417	trials	210531TX	p41	Z11111	32	10.0	1.0	4271.625194067689	4271.85211409043
4271.945514114823	0.5269200227412512	trials	210531TX	p41	Z11111	18	5.0	2.0	4272.095514114822	4272.322434137564
4272.415834161958	0.5269200227403417	trials	210531TX	p41	Z11111	82	27.0	0.0	4272.565834161957	4272.792754184698
4272.846114205079	0.5269200227403417	trials	210531TX	p41	Z11111	56	18.0	1.0	4272.996114205079	4273.22303422782
4276.688714590173	0.49688001972936036	trials	210531TX	p41	Z11111	55	18.0	0.0	4276.8387145901725	4277.035594609903
4277.098994631289	0.5269200227403417	trials	210531TX	p41	Z11111	96	31.0	2.0	4277.248994631289	4277.47591465403
4277.529274674411	0.5269200227403417	trials	210531TX	p41	Z11111	25	8.0	0.0	4277.67927467441	4277.9061946971515
4280.45123496724	0.49692001973380684	trials	210531TX	p41	Z11111	104	34.0	1.0	4280.60123496724	4280.798154986975
4280.861515008358	0.5269200227403417	trials	210531TX	p41	Z11111	110	36.0	1.0	4281.0115150083575	4281.238435031099
4281.291795051479	0.5269200227403417	trials	210531TX	p41	Z11111	35	11.0	1.0	4281.441795051479	4281.66871507422
4281.732115095607	0.5269200227403417	trials	210531TX	p41	Z11111	49	16.0	0.0	4281.882115095606	4282.1090351183475
4282.192395141735	0.5269600227447881	trials	210531TX	p41	Z11111	27	8.0	2.0	4282.342395141734	4282.56935516448
4282.632715185862	0.5269200227403417	trials	210531TX	p41	Z11111	74	24.0	1.0	4282.782715185862	4283.009635208603
4283.062995228984	0.5269200227403417	trials	210531TX	p41	Z11111	58	19.0	0.0	4283.212995228983	4283.439915251724
4287.205795644162	0.5069200207362883	trials	210531TX	p41	Z11111	59	19.0	1.0	4287.355795644162	4287.562715664899
4287.61607568528	0.5269200227403417	trials	210531TX	p41	Z11111	31	10.0	0.0	4287.766075685279	4287.99299570802
4289.927635916937	0.5068800207318418	trials	210531TX	p41	Z11111	29	9.0	1.0	4290.077635916937	4290.284515937669
4290.377915962063	0.5269200227403417	trials	210531TX	p41	Z11111	78	25.0	2.0	4290.527915962062	4290.754835984803
4290.808196005184	0.5269600227447881	trials	210531TX	p41	Z11111	46	15.0	0.0	4290.958196005184	4291.185156027929
4291.278516052318	0.5269200227403417	trials	210531TX	p41	Z11111	30	9.0	2.0	4291.428516052318	4291.655436075059
4291.718836096446	0.5169200217378602	trials	210531TX	p41	Z11111	54	17.0	2.0	4291.868836096445	4292.085756118184
4292.149116139567	0.5269200227403417	trials	210531TX	p41	Z11111	83	27.0	1.0	4292.299116139567	4292.526036162308
4292.5993961846925	0.5069200207362883	trials	210531TX	p41	Z11111	5	1.0	1.0	4292.749396184692	4292.956316205429
4303.30663725774	0.5069200207362883	trials	210531TX	p41	Z11111	33	10.0	2.0	4303.456637257739	4303.663557278476
4303.756917302865	0.5269200227403417	trials	210531TX	p41	Z11111	20	6.0	1.0	4303.906917302865	4304.133837325606
4304.187237345991	0.5269200227403417	trials	210531TX	p41	Z11111	47	15.0	1.0	4304.337237345991	4304.564157368732
4304.627517390114	0.5269200227412512	trials	210531TX	p41	Z11111	79	26.0	0.0	4304.777517390114	4305.004437412856
4305.0577974332355	0.5269200227412512	trials	210531TX	p41	Z11111	60	19.0	2.0	4305.207797433235	4305.434717455977
4305.498117477363	0.5269200227403417	trials	210531TX	p41	Z11111	85	28.0	0.0	4305.648117477363	4305.875037500104
4305.928397520484	0.5269200227403417	trials	210531TX	p41	Z11111	0			4306.078397520484	4306.305317543225
4310.951758023911	0.5069200207353788	trials	210531TX	p41	Z11111	0			4311.10175802391	4311.3086780446465
4311.362038065027	0.5269200227403417	trials	210531TX	p41	Z11111	98	32.0	1.0	4311.512038065027	4311.738958087768
4311.832358112161	0.5269200227403417	trials	210531TX	p41	Z11111	57	18.0	2.0	4311.982358112161	4312.209278134902
4312.272678156289	0.5169200217387697	trials	210531TX	p41	Z11111	16	5.0	0.0	4312.422678156288	4312.639598178028
4312.70295819941	0.5269200227412512	trials	210531TX	p41	Z11111	61	20.0	0.0	4312.85295819941	4313.079878222152
4313.143238243534	0.5169200217378602	trials	210531TX	p41	Z11111	19	6.0	0.0	4313.293238243534	4313.510158265272
4313.573518286656	0.5269600227438787	trials	210531TX	p41	Z11111	107	35.0	1.0	4313.723518286655	4313.9504783094
4317.526198682781	0.5069200207362883	trials	210531TX	p41	Z11111	3	0.0	2.0	4317.6761986827805	4317.8831187035175
4317.966518726908	0.5269200227403417	trials	210531TX	p41	Z11111	76	25.0	0.0	4318.116518726908	4318.343438749649
4318.406798771031	0.5269200227412512	trials	210531TX	p41	Z11111	4	1.0	0.0	4318.556798771031	4318.783718793773
4318.877118818166	0.5269200227403417	trials	210531TX	p41	Z11111	69	22.0	2.0	4319.027118818166	4319.254038840907
4321.21867905283	0.5069200207362883	trials	210531TX	p41	Z11111	89	29.0	1.0	4321.36867905283	4321.575599073567
4321.638959094949	0.5169200217387697	trials	210531TX	p41	Z11111	101	33.0	1.0	4321.788959094949	4322.005879116688
4322.069239138071	0.5269600227438787	trials	210531TX	p41	Z11111	51	16.0	2.0	4322.21923913807	4322.446199160815
4322.499559181196	0.5269200227403417	trials	210531TX	p41	Z11111	116	38.0	1.0	4322.649559181195	4322.8764792039365
4322.93983922532	0.5269200227403417	trials	210531TX	p41	Z11111	117	38.0	2.0	4323.089839225319	4323.31675924806
4323.37011926844	0.5269600227447881	trials	210531TX	p41	Z11111	38	12.0	1.0	4323.52011926844	4323.747079291185
4323.840439315574	0.5269200227412512	trials	210531TX	p41	Z11111	36	11.0	2.0	4323.990439315574	4324.217359338316
4327.8331197157095	0.49692001973380684	trials	210531TX	p41	Z11111	7	2.0	0.0	4327.983119715709	4328.180039735444
4328.273439759837	0.5269200227403417	trials	210531TX	p41	Z11111	75	24.0	2.0	4328.423439759837	4328.650359782578
4328.743759806971	0.5269200227403417	trials	210531TX	p41	Z11111	2	0.0	1.0	4328.893759806971	4329.120679829712
4329.174039850092	0.5269200227403417	trials	210531TX	p41	Z11111	72	23.0	2.0	4329.324039850092	4329.550959872833
4329.6443598972255	0.5269200227412512	trials	210531TX	p41	Z11111	41	13.0	1.0	4329.794359897225	4330.021279919967
4330.084639941349	0.5169200217387697	trials	210531TX	p41	Z11111	111	36.0	2.0	4330.234639941349	4330.451559963089
4330.514959984475	0.5269200227403417	trials	210531TX	p41	Z11111	8	2.0	1.0	4330.664959984475	4330.891880007216
4334.567680390626	0.5069200207362883	trials	210531TX	p41	Z11111	0			4334.717680390626	4334.924600411363
