onset	duration	nwb_table	ses_ID	pen_ID	sub_ID	cond_ID	stim_ID	mode	pdOnTS	pdOffTS
2940.3711379063766	0.4968800149699746	trials	210607TX	p47	Z11111	19	6.0	0.0	2940.5211379063767	2940.7180179213465
2940.7814179375728	0.5269200172542696	trials	210607TX	p47	Z11111	104	34.0	1.0	2940.931417937573	2941.158337954827
2943.443218139966	0.5068800157309852	trials	210607TX	p47	Z11111	111	36.0	2.0	2943.593218139966	2943.800098155697
2943.8534581711597	0.5369200180143707	trials	210607TX	p47	Z11111	56	18.0	1.0	2944.0034581711598	2944.240378189174
2944.323818206924	0.5268800172511874	trials	210607TX	p47	Z11111	28	9.0	0.0	2944.473818206924	2944.700698224175
2944.7640982404014	0.5269200172542696	trials	210607TX	p47	Z11111	39	12.0	2.0	2944.9140982404015	2945.1410182576556
2945.2244182754025	0.5268800172511874	trials	210607TX	p47	Z11111	70	23.0	0.0	2945.3744182754026	2945.6012982926536
2945.6646983088795	0.5269200172542696	trials	210607TX	p47	Z11111	76	25.0	0.0	2945.8146983088795	2946.0416183261336
2946.0949783415963	0.5269200172547244	trials	210607TX	p47	Z11111	7	2.0	0.0	2946.2449783415964	2946.471898358851
2949.5172986018174	0.5068800157305304	trials	210607TX	p47	Z11111	68	22.0	1.0	2949.6672986018175	2949.874178617548
2949.9275786330136	0.5268800172511874	trials	210607TX	p47	Z11111	37	12.0	0.0	2950.0775786330137	2950.3044586502647
2950.367858666491	0.5269200172542696	trials	210607TX	p47	Z11111	25	8.0	0.0	2950.517858666491	2950.744778683745
2950.8281787014917	0.49688001497042933	trials	210607TX	p47	Z11111	102	33.0	2.0	2950.9781787014917	2951.175058716462
2951.268458734969	0.5269200172542696	trials	210607TX	p47	Z11111	29	9.0	1.0	2951.418458734969	2951.645378752223
2951.72877876997	0.5369200180148255	trials	210607TX	p47	Z11111	22	7.0	0.0	2951.8787787699703	2952.115698787985
2952.1690588034476	0.5269200172542696	trials	210607TX	p47	Z11111	86	28.0	1.0	2952.3190588034477	2952.5459788207017
2955.601379064429	0.5069200157336127	trials	210607TX	p47	Z11111	109	36.0	0.0	2955.751379064429	2955.9582990801623
2956.011659095625	0.5369200180143707	trials	210607TX	p47	Z11111	118	39.0	0.0	2956.161659095625	2956.3985791136392
2956.481979131386	0.5269200172542696	trials	210607TX	p47	Z11111	88	29.0	0.0	2956.6319791313863	2956.8588991486404
2956.9222591648636	0.5269200172542696	trials	210607TX	p47	Z11111	20	6.0	1.0	2957.0722591648637	2957.2991791821178
2959.554059364976	0.4968800149699746	trials	210607TX	p47	Z11111	35	11.0	1.0	2959.7040593649763	2959.900939379946
2959.9643393961724	0.5268800172511874	trials	210607TX	p47	Z11111	8	2.0	1.0	2960.1143393961725	2960.3412194134235
2960.394619428889	0.5269200172542696	trials	210607TX	p47	Z11111	13	4.0	0.0	2960.5446194288893	2960.7715394461434
2962.8962996191076	0.5068800157309852	trials	210607TX	p47	Z11111	62	20.0	1.0	2963.0462996191077	2963.2531796348385
2963.306579650304	0.5269200172547244	trials	210607TX	p47	Z11111	78	25.0	2.0	2963.456579650304	2963.6834996675584
2963.736859683021	0.5369200180143707	trials	210607TX	p47	Z11111	17	5.0	1.0	2963.886859683021	2964.1237797010353
2964.2071797187823	0.49688001497042933	trials	210607TX	p47	Z11111	1	0.0	0.0	2964.3571797187824	2964.5540597337526
2964.6074597492184	0.5369200180143707	trials	210607TX	p47	Z11111	34	11.0	0.0	2964.7574597492185	2964.9943797672327
2965.0777797849796	0.5268800172511874	trials	210607TX	p47	Z11111	105	34.0	2.0	2965.2277797849797	2965.4546598022307
2965.518059818457	0.5269200172542696	trials	210607TX	p47	Z11111	50	16.0	1.0	2965.668059818457	2965.894979835711
2968.9003400756333	0.5068800157305304	trials	210607TX	p47	Z11111	4	1.0	0.0	2969.0503400756334	2969.2572200913637
2969.3106201068294	0.5269200172542696	trials	210607TX	p47	Z11111	49	16.0	0.0	2969.4606201068295	2969.6875401240836
2969.7409001395463	0.5369200180148255	trials	210607TX	p47	Z11111	117	38.0	2.0	2969.8909001395464	2970.127820157561
2970.1812201730268	0.5268800172511874	trials	210607TX	p47	Z11111	21	6.0	2.0	2970.331220173027	2970.558100190278
2970.6115002057436	0.5369200180148255	trials	210607TX	p47	Z11111	14	4.0	1.0	2970.7615002057437	2970.9984202237583
2971.051780239221	0.5269200172542696	trials	210607TX	p47	Z11111	80	26.0	1.0	2971.201780239221	2971.428700256475
2971.482060271938	0.5369200180148255	trials	210607TX	p47	Z11111	93	30.0	2.0	2971.632060271938	2971.8689802899526
2974.834340526833	0.5269200172542696	trials	210607TX	p47	Z11111	110	36.0	1.0	2974.984340526833	2975.211260544087
2975.294660561834	0.49688001497042933	trials	210607TX	p47	Z11111	0			2975.444660561834	2975.6415405768043
2975.7349405953114	0.5269200172542696	trials	210607TX	p47	Z11111	58	19.0	0.0	2975.8849405953115	2976.1118606125656
2976.1652206280282	0.5269200172542696	trials	210607TX	p47	Z11111	100	33.0	0.0	2976.3152206280283	2976.5421406452824
2976.6055406615087	0.5268800172511874	trials	210607TX	p47	Z11111	114	37.0	2.0	2976.755540661509	2976.98242067876
2977.0658206965068	0.5069200157336127	trials	210607TX	p47	Z11111	54	17.0	2.0	2977.215820696507	2977.4227407122403
2977.506140729987	0.49688001497042933	trials	210607TX	p47	Z11111	9	2.0	2.0	2977.656140729987	2977.853020744957
2980.9084209886837	0.5068800157309852	trials	210607TX	p47	Z11111	12	3.0	2.0	2981.058420988684	2981.2653010044146
2983.3600611750976	0.5169200164941685	trials	210607TX	p47	Z11111	51	16.0	2.0	2983.5100611750977	2983.7269811915917
2983.7803412070543	0.5269200172542696	trials	210607TX	p47	Z11111	120	39.0	2.0	2983.9303412070544	2984.1572612243085
2984.2106612397743	0.5268800172511874	trials	210607TX	p47	Z11111	61	20.0	0.0	2984.3606612397743	2984.5875412570254
2984.6509412732516	0.5269200172542696	trials	210607TX	p47	Z11111	99	32.0	2.0	2984.8009412732517	2985.027861290506
2985.0812213059685	0.5269200172542696	trials	210607TX	p47	Z11111	53	17.0	1.0	2985.2312213059686	2985.4581413232227
2985.5115413386884	0.5068800157305304	trials	210607TX	p47	Z11111	85	28.0	0.0	2985.6615413386885	2985.868421354419
2985.951821372166	0.5269200172542696	trials	210607TX	p47	Z11111	46	15.0	0.0	2986.101821372166	2986.32874138942
2989.3741016323834	0.49692001497351157	trials	210607TX	p47	Z11111	119	39.0	1.0	2989.5241016323835	2989.721021647357
2989.7843816635796	0.5269200172542696	trials	210607TX	p47	Z11111	10	3.0	0.0	2989.9343816635796	2990.1613016808337
2990.2147016962995	0.5268800172516421	trials	210607TX	p47	Z11111	107	35.0	1.0	2990.3647016962996	2990.591581713551
2990.654981729777	0.5269200172542696	trials	210607TX	p47	Z11111	32	10.0	1.0	2990.804981729777	2991.031901747031
2991.0852617624937	0.49692001497351157	trials	210607TX	p47	Z11111	52	17.0	0.0	2991.235261762494	2991.432181777467
2991.5155817952136	0.5068800157305304	trials	210607TX	p47	Z11111	72	23.0	2.0	2991.6655817952137	2991.872461810944
2991.955861828691	0.5269200172542696	trials	210607TX	p47	Z11111	81	26.0	2.0	2992.105861828691	2992.332781845945
2995.4782220965185	0.5069200157336127	trials	210607TX	p47	Z11111	0			2995.6282220965186	2995.835142112252
2995.918542129999	0.5268800172511874	trials	210607TX	p47	Z11111	47	15.0	1.0	2996.068542129999	2996.29542214725
2996.38886216576	0.5268800172511874	trials	210607TX	p47	Z11111	63	20.0	2.0	2996.5388621657603	2996.7657421830113
2996.859142201519	0.5269200172542696	trials	210607TX	p47	Z11111	95	31.0	1.0	2997.009142201519	2997.236062218773
2997.2894622342387	0.5268800172511874	trials	210607TX	p47	Z11111	23	7.0	1.0	2997.439462234239	2997.66634225149
2997.729742267716	0.5269200172542696	trials	210607TX	p47	Z11111	30	9.0	2.0	2997.879742267716	2998.1066622849703
2998.160022300433	0.5269200172542696	trials	210607TX	p47	Z11111	18	5.0	2.0	2998.310022300433	2998.536942317687
3002.1627426047853	0.5068800157305304	trials	210607TX	p47	Z11111	98	32.0	1.0	3002.3127426047854	3002.5196226205157
3002.5730226359815	0.5369200180143707	trials	210607TX	p47	Z11111	108	35.0	2.0	3002.7230226359816	3002.9599426539958
3003.0133026694584	0.5269200172547244	trials	210607TX	p47	Z11111	59	19.0	1.0	3003.1633026694585	3003.390222686713
3003.4435827021757	0.5269200172542696	trials	210607TX	p47	Z11111	5	1.0	1.0	3003.593582702176	3003.82050271943
3003.8839027356557	0.5268800172516421	trials	210607TX	p47	Z11111	60	19.0	2.0	3004.033902735656	3004.2607827529073
3004.3341827698937	0.5269200172542696	trials	210607TX	p47	Z11111	87	28.0	2.0	3004.484182769894	3004.711102787148
3004.7645028026136	0.5268800172511874	trials	210607TX	p47	Z11111	112	37.0	0.0	3004.9145028026137	3005.1413828198647
3008.8672631145723	0.5068800157305304	trials	210607TX	p47	Z11111	69	22.0	2.0	3009.0172631145724	3009.2241431303028
3011.579063320768	0.5069200157336127	trials	210607TX	p47	Z11111	11	3.0	1.0	3011.729063320768	3011.9359833365015
3011.989343351964	0.5369200180143707	trials	210607TX	p47	Z11111	24	7.0	2.0	3012.1393433519643	3012.3762633699785
3012.429663385444	0.5268800172516421	trials	210607TX	p47	Z11111	113	37.0	1.0	3012.5796633854443	3012.8065434026958
3012.8599434181615	0.5268800172511874	trials	210607TX	p47	Z11111	103	34.0	0.0	3013.0099434181616	3013.2368234354126
3013.3002234516384	0.5269200172547244	trials	210607TX	p47	Z11111	79	26.0	0.0	3013.4502234516385	3013.677143468893
3013.7305434843583	0.5268800172516421	trials	210607TX	p47	Z11111	0			3013.8805434843584	3014.10742350161
3014.1708235178357	0.5269200172542696	trials	210607TX	p47	Z11111	31	10.0	0.0	3014.320823517836	3014.54774353509
3017.603143778817	0.5068800157305304	trials	210607TX	p47	Z11111	27	8.0	2.0	3017.753143778817	3017.9600237945474
3018.013423810013	0.5268800172511874	trials	210607TX	p47	Z11111	77	25.0	1.0	3018.1634238100132	3018.3903038272642
3018.44370384273	0.5369200180148255	trials	210607TX	p47	Z11111	2	0.0	1.0	3018.59370384273	3018.8306238607447
3018.9140238784917	0.4968800149699746	trials	210607TX	p47	Z11111	75	24.0	2.0	3019.0640238784918	3019.2609038934615
3019.354303911969	0.5269200172542696	trials	210607TX	p47	Z11111	97	32.0	0.0	3019.504303911969	3019.7312239292232
3021.735904093057	0.5068800157305304	trials	210607TX	p47	Z11111	33	10.0	2.0	3021.885904093057	3022.0927841087873
3022.1762241265374	0.49688001497042933	trials	210607TX	p47	Z11111	115	38.0	0.0	3022.3262241265375	3022.5231041415077
3022.606504159254	0.5068800157305304	trials	210607TX	p47	Z11111	45	14.0	2.0	3022.7565041592543	3022.9633841749846
3023.0467841927316	0.4968800149699746	trials	210607TX	p47	Z11111	26	8.0	1.0	3023.1967841927317	3023.3936642077015
3023.4770642254484	0.5069200157336127	trials	210607TX	p47	Z11111	91	30.0	0.0	3023.6270642254485	3023.833984241182
3023.917384258929	0.5269200172542696	trials	210607TX	p47	Z11111	101	33.0	1.0	3024.067384258929	3024.294304276183
3024.38770429469	0.5268800172516421	trials	210607TX	p47	Z11111	94	31.0	0.0	3024.5377042946902	3024.7645843119417
3027.8200245556714	0.5068800157305304	trials	210607TX	p47	Z11111	16	5.0	0.0	3027.9700245556714	3028.176904571402
3028.270304589909	0.5269200172547244	trials	210607TX	p47	Z11111	96	31.0	2.0	3028.420304589909	3028.6472246071635
3028.700584622626	0.5269200172542696	trials	210607TX	p47	Z11111	38	12.0	1.0	3028.8505846226262	3029.0775046398803
3029.130904655346	0.5368800180117432	trials	210607TX	p47	Z11111	74	24.0	1.0	3029.280904655346	3029.5177846733577
3029.601184691104	0.49692001497351157	trials	210607TX	p47	Z11111	44	14.0	1.0	3029.7511846911043	3029.9481047060776
3030.0415047245847	0.4968800149699746	trials	210607TX	p47	Z11111	0			3030.191504724585	3030.3883847395546
3030.4717847573015	0.49688001497042933	trials	210607TX	p47	Z11111	55	18.0	0.0	3030.6217847573016	3030.818664772272
3033.9241050198034	0.5069200157336127	trials	210607TX	p47	Z11111	90	29.0	2.0	3034.0741050198035	3034.281025035537
3034.3343850509996	0.5269200172542696	trials	210607TX	p47	Z11111	92	30.0	1.0	3034.4843850509997	3034.7113050682538
3034.77470508448	0.5268800172511874	trials	210607TX	p47	Z11111	65	21.0	1.0	3034.92470508448	3035.151585101731
3035.204985117197	0.5268800172511874	trials	210607TX	p47	Z11111	64	21.0	0.0	3035.354985117197	3035.581865134448
3037.7567053112202	0.5068800157305304	trials	210607TX	p47	Z11111	36	11.0	2.0	3037.9067053112203	3038.1135853269507
3038.1969853446976	0.5269200172542696	trials	210607TX	p47	Z11111	6	1.0	2.0	3038.3469853446977	3038.573905361952
3040.9988655577426	0.5069200157336127	trials	210607TX	p47	Z11111	73	24.0	0.0	3041.1488655577427	3041.355785573476
3041.409145588939	0.5269200172542696	trials	210607TX	p47	Z11111	3	0.0	2.0	3041.559145588939	3041.786065606193
3041.849465622419	0.5268800172516421	trials	210607TX	p47	Z11111	48	15.0	2.0	3041.999465622419	3042.2263456396704
3042.2797456551357	0.5269200172547244	trials	210607TX	p47	Z11111	116	38.0	1.0	3042.429745655136	3042.6566656723903
3042.720025688613	0.5269200172542696	trials	210607TX	p47	Z11111	71	23.0	1.0	3042.870025688613	3043.0969457058673
3043.150345721333	0.5268800172516421	trials	210607TX	p47	Z11111	43	14.0	0.0	3043.300345721333	3043.5272257385845
3043.5806257540503	0.5368800180112885	trials	210607TX	p47	Z11111	82	27.0	0.0	3043.7306257540504	3043.9675057720615
3047.1229860233984	0.5069200157336127	trials	210607TX	p47	Z11111	67	22.0	0.0	3047.2729860233985	3047.479906039132
3047.5332660545946	0.5269200172542696	trials	210607TX	p47	Z11111	15	4.0	2.0	3047.6832660545947	3047.910186071849
3047.9635460873114	0.5369200180148255	trials	210607TX	p47	Z11111	66	21.0	2.0	3048.1135460873115	3048.350466105326
3048.403866120792	0.5269200172542696	trials	210607TX	p47	Z11111	106	35.0	0.0	3048.553866120792	3048.780786138046
3048.8341461535088	0.5269200172542696	trials	210607TX	p47	Z11111	40	13.0	0.0	3048.984146153509	3049.211066170763
3049.274466186989	0.5268800172516421	trials	210607TX	p47	Z11111	84	27.0	2.0	3049.424466186989	3049.6513462042403
3049.704746219706	0.5268800172511874	trials	210607TX	p47	Z11111	89	29.0	1.0	3049.854746219706	3050.081626236957
3053.5573465126436	0.5068800157305304	trials	210607TX	p47	Z11111	57	18.0	2.0	3053.7073465126437	3053.914226528374
3056.3191867226437	0.5068800157305304	trials	210607TX	p47	Z11111	88	29.0	0.0	3056.469186722644	3056.676066738374
3056.72946675384	0.5269200172547244	trials	210607TX	p47	Z11111	7	2.0	0.0	3056.87946675384	3057.1063867710945
3057.1697467873173	0.5269200172542696	trials	210607TX	p47	Z11111	42	13.0	2.0	3057.3197467873174	3057.5466668045715
3057.6000668200372	0.5268800172516421	trials	210607TX	p47	Z11111	41	13.0	1.0	3057.7500668200373	3057.976946837289
3058.0403468535146	0.5269200172542696	trials	210607TX	p47	Z11111	83	27.0	1.0	3058.1903468535147	3058.417266870769
3058.5006668885158	0.5268800172511874	trials	210607TX	p47	Z11111	102	33.0	2.0	3058.650666888516	3058.877546905767
3058.940946921993	0.5269200172542696	trials	210607TX	p47	Z11111	47	15.0	1.0	3059.0909469219932	3059.3178669392473
3062.293227176888	0.5068800157305304	trials	210607TX	p47	Z11111	106	35.0	0.0	3062.4432271768883	3062.6501071926186
3062.7034672080813	0.5269200172542696	trials	210607TX	p47	Z11111	2	0.0	1.0	3062.8534672080814	3063.0803872253355
3063.133787240801	0.5268800172511874	trials	210607TX	p47	Z11111	0			3063.2837872408013	3063.5106672580523
3063.5740672742786	0.5269200172542696	trials	210607TX	p47	Z11111	86	28.0	1.0	3063.7240672742787	3063.950987291533
3064.0043473069954	0.5269200172542696	trials	210607TX	p47	Z11111	115	38.0	0.0	3064.1543473069955	3064.3812673242496
3064.444667340476	0.5268800172511874	trials	210607TX	p47	Z11111	53	17.0	1.0	3064.594667340476	3064.821547357727
3064.8749473731928	0.5269200172542696	trials	210607TX	p47	Z11111	56	18.0	1.0	3065.024947373193	3065.251867390447
3068.5974676562396	0.5068800157305304	trials	210607TX	p47	Z11111	57	18.0	2.0	3068.7474676562397	3068.95434767197
3069.037747689717	0.5269200172542696	trials	210607TX	p47	Z11111	71	23.0	1.0	3069.187747689717	3069.414667706971
3069.4780277231944	0.5269200172542696	trials	210607TX	p47	Z11111	109	36.0	0.0	3069.6280277231945	3069.8549477404486
3069.9383477581955	0.4968800149699746	trials	210607TX	p47	Z11111	87	28.0	2.0	3070.0883477581956	3070.2852277731654
3070.3786677916755	0.49688001497042933	trials	210607TX	p47	Z11111	101	33.0	1.0	3070.5286677916756	3070.725547806646
3070.8089478243924	0.49688001497042933	trials	210607TX	p47	Z11111	94	31.0	0.0	3070.9589478243925	3071.1558278393627
3071.2492278578698	0.5269200172542696	trials	210607TX	p47	Z11111	25	8.0	0.0	3071.39922785787	3071.626147875124
3074.4313880998297	0.5068800157305304	trials	210607TX	p47	Z11111	0			3074.58138809983	3074.78826811556
3074.841668131026	0.5268800172511874	trials	210607TX	p47	Z11111	118	39.0	0.0	3074.991668131026	3075.218548148277
3075.2819481645033	0.5269200172542696	trials	210607TX	p47	Z11111	13	4.0	0.0	3075.4319481645034	3075.6588681817575
3075.71222819722	0.5269200172542696	trials	210607TX	p47	Z11111	91	30.0	0.0	3075.8622281972202	3076.0891482144743
3076.1525482307006	0.5269200172542696	trials	210607TX	p47	Z11111	82	27.0	0.0	3076.3025482307007	3076.529468247955
3076.5828282634175	0.5269200172542696	trials	210607TX	p47	Z11111	67	22.0	0.0	3076.7328282634176	3076.9597482806716
3077.023108296895	0.5269200172542696	trials	210607TX	p47	Z11111	77	25.0	1.0	3077.173108296895	3077.400028314149
3080.5555085654855	0.5068800157305304	trials	210607TX	p47	Z11111	52	17.0	0.0	3080.7055085654856	3080.912388581216
3080.9657885966817	0.49688001497042933	trials	210607TX	p47	Z11111	23	7.0	1.0	3081.115788596682	3081.312668611652
3081.3960686293985	0.49688001497042933	trials	210607TX	p47	Z11111	72	23.0	2.0	3081.5460686293986	3081.742948644369
3081.836348662876	0.5269200172542696	trials	210607TX	p47	Z11111	12	3.0	2.0	3081.986348662876	3082.21326868013
3082.266668695596	0.5268800172511874	trials	210607TX	p47	Z11111	98	32.0	1.0	3082.416668695596	3082.643548712847
3085.7690289619027	0.5068800157305304	trials	210607TX	p47	Z11111	26	8.0	1.0	3085.9190289619028	3086.125908977633
3086.179308993099	0.5368800180117432	trials	210607TX	p47	Z11111	54	17.0	2.0	3086.329308993099	3086.5661890111105
3086.6195890265763	0.5269200172542696	trials	210607TX	p47	Z11111	110	36.0	1.0	3086.7695890265763	3086.9965090438304
3087.049869059293	0.5269200172542696	trials	210607TX	p47	Z11111	104	34.0	1.0	3087.199869059293	3087.4267890765473
3089.6816292594026	0.5069200157336127	trials	210607TX	p47	Z11111	92	30.0	1.0	3089.8316292594027	3090.038549275136
3090.091909290599	0.4969200149730568	trials	210607TX	p47	Z11111	93	30.0	2.0	3090.241909290599	3090.4388293055717
3090.502189321795	0.5269200172542696	trials	210607TX	p47	Z11111	30	9.0	2.0	3090.652189321795	3090.879109339049
3090.932469354512	0.5269200172542696	trials	210607TX	p47	Z11111	103	34.0	0.0	3091.082469354512	3091.309389371766
3091.3627893872317	0.49688001497042933	trials	210607TX	p47	Z11111	75	24.0	2.0	3091.512789387232	3091.709669402202
3091.773069418428	0.5268800172516421	trials	210607TX	p47	Z11111	35	11.0	1.0	3091.923069418428	3092.1499494356794
3092.2033494511447	0.5269200172547244	trials	210607TX	p47	Z11111	50	16.0	1.0	3092.353349451145	3092.5802694683994
3096.576309783649	0.5068800157305304	trials	210607TX	p47	Z11111	69	22.0	2.0	3096.726309783649	3096.9331897993793
3096.986549814842	0.5269200172542696	trials	210607TX	p47	Z11111	1	0.0	0.0	3097.136549814842	3097.363469832096
3097.4268698483224	0.5268800172511874	trials	210607TX	p47	Z11111	46	15.0	0.0	3097.5768698483225	3097.8037498655735
3097.8571498810393	0.5269200172542696	trials	210607TX	p47	Z11111	79	26.0	0.0	3098.0071498810394	3098.2340698982935
3098.287429913756	0.5369200180148255	trials	210607TX	p47	Z11111	28	9.0	0.0	3098.437429913756	3098.674349931771
3098.7277499472366	0.5268800172511874	trials	210607TX	p47	Z11111	49	16.0	0.0	3098.8777499472367	3099.1046299644877
3099.1580299799534	0.5369200180148255	trials	210607TX	p47	Z11111	0			3099.3080299799535	3099.544949997968
3106.0426705034365	0.5068800157305304	trials	210607TX	p47	Z11111	119	39.0	1.0	3106.1926705034366	3106.399550519167
3106.4529505346327	0.5268800172511874	trials	210607TX	p47	Z11111	3	0.0	2.0	3106.602950534633	3106.829830551884
3106.8832305673495	0.5369200180148255	trials	210607TX	p47	Z11111	59	19.0	1.0	3107.0332305673496	3107.2701505853643
3109.164750740828	0.5069200157336127	trials	210607TX	p47	Z11111	27	8.0	2.0	3109.314750740828	3109.5216707565614
3109.5850307727846	0.5269200172542696	trials	210607TX	p47	Z11111	63	20.0	2.0	3109.7350307727847	3109.961950790039
3110.0153508055046	0.5268800172511874	trials	210607TX	p47	Z11111	15	4.0	2.0	3110.1653508055047	3110.3922308227557
3110.4456308382214	0.5369200180148255	trials	210607TX	p47	Z11111	61	20.0	0.0	3110.5956308382215	3110.832550856236
3110.915950873983	0.5268800172511874	trials	210607TX	p47	Z11111	80	26.0	1.0	3111.065950873983	3111.292830891234
3111.35623090746	0.5269200172547244	trials	210607TX	p47	Z11111	74	24.0	1.0	3111.50623090746	3111.7331509247147
3111.7865109401773	0.5269200172542696	trials	210607TX	p47	Z11111	84	27.0	2.0	3111.9365109401774	3112.1634309574315
3115.1387911950724	0.5068800157305304	trials	210607TX	p47	Z11111	22	7.0	0.0	3115.2887911950725	3115.495671210803
3115.5490712262686	0.5369200180148255	trials	210607TX	p47	Z11111	21	6.0	2.0	3115.6990712262686	3115.9359912442833
3115.989351259746	0.5269200172542696	trials	210607TX	p47	Z11111	42	13.0	2.0	3116.139351259746	3116.366271277
3116.419631292463	0.5269200172542696	trials	210607TX	p47	Z11111	34	11.0	0.0	3116.569631292463	3116.796551309717
3116.8599513259433	0.5269200172542696	trials	210607TX	p47	Z11111	24	7.0	2.0	3117.0099513259433	3117.2368713431974
3117.29023135866	0.5269200172542696	trials	210607TX	p47	Z11111	19	6.0	0.0	3117.44023135866	3117.6671513759143
3117.7305113921375	0.5269200172542696	trials	210607TX	p47	Z11111	85	28.0	0.0	3117.8805113921376	3118.1074314093917
3121.122831650077	0.5068800157305304	trials	210607TX	p47	Z11111	33	10.0	2.0	3121.272831650077	3121.4797116658074
3121.5430716820306	0.5269200172542696	trials	210607TX	p47	Z11111	70	23.0	0.0	3121.6930716820307	3121.9199916992848
3121.9733917147505	0.5269200172542696	trials	210607TX	p47	Z11111	116	38.0	1.0	3122.1233917147506	3122.3503117320047
3122.4036717474673	0.5369200180148255	trials	210607TX	p47	Z11111	113	37.0	1.0	3122.5536717474674	3122.790591765482
3122.873991783229	0.5269200172542696	trials	210607TX	p47	Z11111	39	12.0	2.0	3123.023991783229	3123.250911800483
3123.314271816706	0.5269200172542696	trials	210607TX	p47	Z11111	48	15.0	2.0	3123.464271816706	3123.69119183396
3123.7445918494263	0.5268800172511874	trials	210607TX	p47	Z11111	6	1.0	2.0	3123.8945918494264	3124.1214718666774
3127.417032128665	0.5069200157336127	trials	210607TX	p47	Z11111	76	25.0	0.0	3127.5670321286652	3127.7739521443987
3127.8273121598613	0.5269200172542696	trials	210607TX	p47	Z11111	10	3.0	0.0	3127.9773121598614	3128.2042321771155
3130.3790323538847	0.5069200157336127	trials	210607TX	p47	Z11111	40	13.0	0.0	3130.5290323538848	3130.735952369618
3130.789312385081	0.5269200172547244	trials	210607TX	p47	Z11111	16	5.0	0.0	3130.939312385081	3131.1662324023355
3131.219592417798	0.5269200172542696	trials	210607TX	p47	Z11111	5	1.0	1.0	3131.3695924177982	3131.5965124350523
3131.659912451278	0.5269200172542696	trials	210607TX	p47	Z11111	89	29.0	1.0	3131.8099124512783	3132.0368324685323
3132.090192483995	0.5269200172547244	trials	210607TX	p47	Z11111	66	21.0	2.0	3132.240192483995	3132.4671125012496
3132.5305125174755	0.5268800172511874	trials	210607TX	p47	Z11111	36	11.0	2.0	3132.6805125174756	3132.9073925347266
3132.9907925524735	0.5069200157336127	trials	210607TX	p47	Z11111	81	26.0	2.0	3133.1407925524736	3133.347712568207
3138.2543529526956	0.5068800157305304	trials	210607TX	p47	Z11111	97	32.0	0.0	3138.4043529526957	3138.611232968426
3140.7760331444347	0.5069200157336127	trials	210607TX	p47	Z11111	43	14.0	0.0	3140.9260331444348	3141.132953160168
3141.1863131756313	0.5369200180143707	trials	210607TX	p47	Z11111	9	2.0	2.0	3141.3363131756314	3141.5732331936456
3141.6566332113925	0.4968800149699746	trials	210607TX	p47	Z11111	37	12.0	0.0	3141.8066332113926	3142.0035132263624
3142.0769132433493	0.5269200172542696	trials	210607TX	p47	Z11111	60	19.0	2.0	3142.2269132433494	3142.4538332606035
3142.507193276066	0.5369200180143707	trials	210607TX	p47	Z11111	95	31.0	1.0	3142.657193276066	3142.8941132940804
3142.9775133118274	0.5269200172542696	trials	210607TX	p47	Z11111	111	36.0	2.0	3143.1275133118274	3143.3544333290815
3143.417833345308	0.5268800172511874	trials	210607TX	p47	Z11111	51	16.0	2.0	3143.567833345308	3143.794713362559
3147.070273623026	0.5068800157305304	trials	210607TX	p47	Z11111	0			3147.220273623026	3147.4271536387564
3147.480553654222	0.4968800149699746	trials	210607TX	p47	Z11111	120	39.0	2.0	3147.6305536542222	3147.827433669192
3147.910833686939	0.5269200172542696	trials	210607TX	p47	Z11111	31	10.0	0.0	3148.060833686939	3148.287753704193
3148.3511537204195	0.5268800172511874	trials	210607TX	p47	Z11111	38	12.0	1.0	3148.5011537204196	3148.7280337376706
3148.7814337531363	0.5269200172542696	trials	210607TX	p47	Z11111	44	14.0	1.0	3148.9314337531364	3149.1583537703905
3149.2217137866137	0.5269200172542696	trials	210607TX	p47	Z11111	58	19.0	0.0	3149.371713786614	3149.598633803868
3149.6520338193336	0.5268800172511874	trials	210607TX	p47	Z11111	55	18.0	0.0	3149.8020338193337	3150.0289138365847
3156.8868743694443	0.5069200157340674	trials	210607TX	p47	Z11111	14	4.0	1.0	3157.0368743694444	3157.2437943851783
3159.408594561187	0.5068800157305304	trials	210607TX	p47	Z11111	64	21.0	0.0	3159.558594561187	3159.7654745769173
3159.818874592383	0.5268800172516421	trials	210607TX	p47	Z11111	114	37.0	2.0	3159.968874592383	3160.1957546096346
3160.2591546258604	0.5269200172542696	trials	210607TX	p47	Z11111	41	13.0	1.0	3160.4091546258605	3160.6360746431146
3160.6894346585773	0.5269200172542696	trials	210607TX	p47	Z11111	117	38.0	2.0	3160.8394346585774	3161.0663546758315
3164.1217549195585	0.5068800157305304	trials	210607TX	p47	Z11111	108	35.0	2.0	3164.2717549195586	3164.478634935289
3164.5420349515152	0.5269200172542696	trials	210607TX	p47	Z11111	68	22.0	1.0	3164.6920349515153	3164.9189549687694
3164.972314984232	0.5269200172542696	trials	210607TX	p47	Z11111	99	32.0	2.0	3165.122314984232	3165.3492350014862
3165.4126350177125	0.5269200172542696	trials	210607TX	p47	Z11111	90	29.0	2.0	3165.5626350177126	3165.7895550349667
3175.879675813588	0.5068800157305304	trials	210607TX	p47	Z11111	18	5.0	2.0	3176.0296758135883	3176.2365558293186
3176.2999558455444	0.5269200172542696	trials	210607TX	p47	Z11111	105	34.0	2.0	3176.4499558455445	3176.6768758627986
3176.7302358782613	0.5269200172547244	trials	210607TX	p47	Z11111	78	25.0	2.0	3176.8802358782614	3177.107155895516
3177.200555914023	0.5269200172542696	trials	210607TX	p47	Z11111	112	37.0	0.0	3177.350555914023	3177.577475931277
3177.63083594674	0.5269200172542696	trials	210607TX	p47	Z11111	83	27.0	1.0	3177.78083594674	3178.007755963994
3178.0711559802203	0.5269200172542696	trials	210607TX	p47	Z11111	100	33.0	0.0	3178.2211559802204	3178.4480759974745
3184.565516474028	0.5068800157305304	trials	210607TX	p47	Z11111	96	31.0	2.0	3184.715516474028	3184.9223964897583
3184.975796505224	0.5269200172542696	trials	210607TX	p47	Z11111	32	10.0	1.0	3185.125796505224	3185.352716522478
3185.406076537941	0.5369200180148255	trials	210607TX	p47	Z11111	4	1.0	0.0	3185.556076537941	3185.7929965559556
3185.876396573702	0.49688001497042933	trials	210607TX	p47	Z11111	73	24.0	0.0	3186.026396573702	3186.2232765886724
3186.3167166071826	0.5268800172511874	trials	210607TX	p47	Z11111	20	6.0	1.0	3186.4667166071827	3186.6935966244337
3189.068556816422	0.49688001497042933	trials	210607TX	p47	Z11111	107	35.0	1.0	3189.2185568164223	3189.4154368313925
3189.478836847619	0.5268800172511874	trials	210607TX	p47	Z11111	29	9.0	1.0	3189.628836847619	3189.85571686487
3189.9091168803357	0.5269200172542696	trials	210607TX	p47	Z11111	17	5.0	1.0	3190.0591168803358	3190.28603689759
3190.3393969130525	0.5369200180148255	trials	210607TX	p47	Z11111	8	2.0	1.0	3190.4893969130526	3190.7263169310672
3190.809716948814	0.4968800149699746	trials	210607TX	p47	Z11111	62	20.0	1.0	3190.9597169488143	3191.156596963784
3191.250036982294	0.5268800172511874	trials	210607TX	p47	Z11111	11	3.0	1.0	3191.4000369822943	3191.6269169995453
3191.680317015011	0.5269200172542696	trials	210607TX	p47	Z11111	45	14.0	2.0	3191.830317015011	3192.057237032265
3195.803077328491	0.5069200157336127	trials	210607TX	p47	Z11111	65	21.0	1.0	3195.953077328491	3196.1599973442244
3196.213357359687	0.5269200172542696	trials	210607TX	p47	Z11111	100	33.0	0.0	3196.363357359687	3196.5902773769412
3196.6536773931675	0.5268800172511874	trials	210607TX	p47	Z11111	92	30.0	1.0	3196.8036773931676	3197.0305574104186
3197.0839574258844	0.5268800172511874	trials	210607TX	p47	Z11111	39	12.0	2.0	3197.2339574258845	3197.4608374431355
3197.514237458601	0.5369200180148255	trials	210607TX	p47	Z11111	115	38.0	0.0	3197.6642374586013	3197.901157476616
3197.9545174920786	0.5269200172542696	trials	210607TX	p47	Z11111	58	19.0	0.0	3198.1045174920787	3198.3314375093328
3198.3848375247985	0.5369200180148255	trials	210607TX	p47	Z11111	85	28.0	0.0	3198.5348375247986	3198.7717575428132
3203.2480778945815	0.5069200157336127	trials	210607TX	p47	Z11111	75	24.0	2.0	3203.3980778945815	3203.604997910315
3203.688397928062	0.5269200172542696	trials	210607TX	p47	Z11111	5	1.0	1.0	3203.838397928062	3204.065317945316
3204.1286779615393	0.5269200172542696	trials	210607TX	p47	Z11111	14	4.0	1.0	3204.2786779615394	3204.5055979787935
3204.5589979942592	0.5268800172511874	trials	210607TX	p47	Z11111	68	22.0	1.0	3204.7089979942593	3204.9358780115103
3204.9992780277366	0.5269200172542696	trials	210607TX	p47	Z11111	53	17.0	1.0	3205.1492780277367	3205.376198044991
3205.4295580604535	0.5269200172542696	trials	210607TX	p47	Z11111	19	6.0	0.0	3205.5795580604536	3205.8064780777077
3205.8998780962147	0.5269200172542696	trials	210607TX	p47	Z11111	46	15.0	0.0	3206.049878096215	3206.276798113469
3209.332198357196	0.5068800157305304	trials	210607TX	p47	Z11111	2	0.0	1.0	3209.482198357196	3209.6890783729264
3209.7724783906733	0.5369200180148255	trials	210607TX	p47	Z11111	18	5.0	2.0	3209.9224783906734	3210.159398408688
3210.212798424154	0.5268800172511874	trials	210607TX	p47	Z11111	27	8.0	2.0	3210.362798424154	3210.589678441405
3210.683118459915	0.5268800172511874	trials	210607TX	p47	Z11111	72	23.0	2.0	3210.833118459915	3211.059998477166
3211.113398492632	0.5269200172542696	trials	210607TX	p47	Z11111	88	29.0	0.0	3211.263398492632	3211.490318509886
3211.5536785261093	0.5269200172542696	trials	210607TX	p47	Z11111	42	13.0	2.0	3211.7036785261093	3211.9305985433634
3211.983998558829	0.5268800172511874	trials	210607TX	p47	Z11111	66	21.0	2.0	3212.1339985588293	3212.3608785760803
3215.9366388593735	0.5068800157305304	trials	210607TX	p47	Z11111	64	21.0	0.0	3216.0866388593736	3216.293518875104
3218.3682790442667	0.4968800149699746	trials	210607TX	p47	Z11111	40	13.0	0.0	3218.518279044267	3218.7151590592366
3218.778559075463	0.5268800172511874	trials	210607TX	p47	Z11111	44	14.0	1.0	3218.928559075463	3219.155439092714
3219.2088391081797	0.5269200172542696	trials	210607TX	p47	Z11111	49	16.0	0.0	3219.35883910818	3219.585759125434
3219.649119141657	0.5269200172542696	trials	210607TX	p47	Z11111	93	30.0	2.0	3219.7991191416572	3220.0260391589113
3220.079439174377	0.5268800172511874	trials	210607TX	p47	Z11111	1	0.0	0.0	3220.229439174377	3220.456319191628
3220.5197192078545	0.5269200172542696	trials	210607TX	p47	Z11111	3	0.0	2.0	3220.6697192078545	3220.8966392251086
3220.9499992405713	0.5269200172542696	trials	210607TX	p47	Z11111	6	1.0	2.0	3221.0999992405714	3221.3269192578255
3224.9727195464443	0.5068800157305304	trials	210607TX	p47	Z11111	4	1.0	0.0	3225.1227195464444	3225.3295995621747
3225.423039580685	0.5168800164910863	trials	210607TX	p47	Z11111	60	19.0	2.0	3225.573039580685	3225.789919597176
3225.8533196134017	0.5269200172542696	trials	210607TX	p47	Z11111	32	10.0	1.0	3226.003319613402	3226.230239630656
3232.047480084383	0.5068800157309852	trials	210607TX	p47	Z11111	16	5.0	0.0	3232.197480084383	3232.404360100114
3232.4877601178605	0.4969200149730568	trials	210607TX	p47	Z11111	29	9.0	1.0	3232.6377601178606	3232.8346801328335
3232.928080151341	0.5269200172542696	trials	210607TX	p47	Z11111	82	27.0	0.0	3233.078080151341	3233.305000168595
3233.358360184058	0.5269200172542696	trials	210607TX	p47	Z11111	87	28.0	2.0	3233.508360184058	3233.735280201312
3233.7986802175383	0.5268800172511874	trials	210607TX	p47	Z11111	114	37.0	2.0	3233.9486802175384	3234.1755602347894
3234.228960250255	0.5269200172542696	trials	210607TX	p47	Z11111	7	2.0	0.0	3234.378960250255	3234.6058802675093
3234.6692402837325	0.5269200172542696	trials	210607TX	p47	Z11111	28	9.0	0.0	3234.8192402837326	3235.0461603009867
3238.111560545474	0.5068800157305304	trials	210607TX	p47	Z11111	111	36.0	2.0	3238.261560545474	3238.4684405612043
3238.5318405774306	0.5269200172542696	trials	210607TX	p47	Z11111	117	38.0	2.0	3238.6818405774306	3238.9087605946847
3238.9621606101505	0.5268800172511874	trials	210607TX	p47	Z11111	97	32.0	0.0	3239.1121606101506	3239.3390406274016
3241.2636807851495	0.5069200157336127	trials	210607TX	p47	Z11111	33	10.0	2.0	3241.4136807851496	3241.620600800883
3261.8975623540746	0.5069200157336127	trials	210607TX	p47	Z11111	41	13.0	1.0	3262.0475623540747	3262.254482369808
3262.3078423852708	0.5269200172547244	trials	210607TX	p47	Z11111	17	5.0	1.0	3262.457842385271	3262.6847624025254
3262.7481624187512	0.5268800172511874	trials	210607TX	p47	Z11111	69	22.0	2.0	3262.8981624187513	3263.1250424360023
3263.178442451468	0.5269200172547244	trials	210607TX	p47	Z11111	55	18.0	0.0	3263.328442451468	3263.5553624687227
3263.6187224849455	0.5269200172542696	trials	210607TX	p47	Z11111	110	36.0	1.0	3263.7687224849456	3263.9956425021996
3264.0490425176654	0.5268800172516421	trials	210607TX	p47	Z11111	76	25.0	0.0	3264.1990425176655	3264.425922534917
3264.489322551143	0.5269200172542696	trials	210607TX	p47	Z11111	106	35.0	0.0	3264.639322551143	3264.866242568397
3268.0016828182097	0.5068800157309852	trials	210607TX	p47	Z11111	71	23.0	1.0	3268.15168281821	3268.3585628339406
3268.4520028524507	0.4968800149699746	trials	210607TX	p47	Z11111	120	39.0	2.0	3268.602002852451	3268.7988828674206
3268.8822828851676	0.4968800149699746	trials	210607TX	p47	Z11111	95	31.0	1.0	3269.0322828851677	3269.2291629001375
3269.282562915603	0.5268800172516421	trials	210607TX	p47	Z11111	0			3269.4325629156033	3269.6594429328547
3269.7228429490806	0.5269200172542696	trials	210607TX	p47	Z11111	62	20.0	1.0	3269.8728429490807	3270.0997629663348
3270.1531229817974	0.5269200172542696	trials	210607TX	p47	Z11111	56	18.0	1.0	3270.3031229817975	3270.5300429990516
3270.593443015278	0.5268800172511874	trials	210607TX	p47	Z11111	26	8.0	1.0	3270.743443015278	3270.970323032529
3273.975723272454	0.5068800157305304	trials	210607TX	p47	Z11111	116	38.0	1.0	3274.1257232724543	3274.3326032881846
3274.3860033036503	0.5268800172511874	trials	210607TX	p47	Z11111	101	33.0	1.0	3274.5360033036504	3274.7628833209014
3274.816283336367	0.5369200180148255	trials	210607TX	p47	Z11111	90	29.0	2.0	3274.9662833363673	3275.203203354382
3275.2565633698446	0.5269200172542696	trials	210607TX	p47	Z11111	86	28.0	1.0	3275.4065633698447	3275.6334833870987
3275.6868434025614	0.5269200172542696	trials	210607TX	p47	Z11111	24	7.0	2.0	3275.8368434025615	3276.0637634198156
3276.127163436042	0.5268800172511874	trials	210607TX	p47	Z11111	79	26.0	0.0	3276.277163436042	3276.504043453293
3276.5574434687587	0.5269200172542696	trials	210607TX	p47	Z11111	30	9.0	2.0	3276.707443468759	3276.934363486013
3280.500083768543	0.5069200157336127	trials	210607TX	p47	Z11111	73	24.0	0.0	3280.650083768543	3280.8570037842765
3280.940403802023	0.5269200172547244	trials	210607TX	p47	Z11111	98	32.0	1.0	3281.090403802023	3281.3173238192776
3281.3806838355003	0.5269200172542696	trials	210607TX	p47	Z11111	35	11.0	1.0	3281.5306838355004	3281.7576038527545
3281.810963868217	0.5269200172547244	trials	210607TX	p47	Z11111	99	32.0	2.0	3281.9609638682173	3282.187883885472
3284.7129240888717	0.5069200157336127	trials	210607TX	p47	Z11111	9	2.0	2.0	3284.8629240888718	3285.069844104605
3285.153244122352	0.5268800172511874	trials	210607TX	p47	Z11111	22	7.0	0.0	3285.303244122352	3285.5301241396032
3285.5935241558295	0.5269200172542696	trials	210607TX	p47	Z11111	48	15.0	2.0	3285.7435241558296	3285.9704441730837
3286.0238041885464	0.5269200172542696	trials	210607TX	p47	Z11111	81	26.0	2.0	3286.1738041885465	3286.4007242058005
3286.464124222027	0.4968800149699746	trials	210607TX	p47	Z11111	112	37.0	0.0	3286.614124222027	3286.8110042369967
3286.8944042547437	0.5269200172542696	trials	210607TX	p47	Z11111	103	34.0	0.0	3287.0444042547438	3287.271324271998
3287.3346842882206	0.5269200172547244	trials	210607TX	p47	Z11111	102	33.0	2.0	3287.4846842882207	3287.7116043054752
3291.1872845811586	0.49688001497042933	trials	210607TX	p47	Z11111	104	34.0	1.0	3291.3372845811587	3291.534164596129
3291.5975646123547	0.5269200172542696	trials	210607TX	p47	Z11111	83	27.0	1.0	3291.747564612355	3291.974484629609
3292.0278446450716	0.5269200172542696	trials	210607TX	p47	Z11111	37	12.0	0.0	3292.1778446450717	3292.4047646623258
3292.468164678552	0.5269200172542696	trials	210607TX	p47	Z11111	63	20.0	2.0	3292.618164678552	3292.8450846958062
3292.898444711269	0.5269200172542696	trials	210607TX	p47	Z11111	50	16.0	1.0	3293.048444711269	3293.275364728523
3293.3387247447463	0.5269200172542696	trials	210607TX	p47	Z11111	10	3.0	0.0	3293.4887247447464	3293.7156447620005
3293.7990447797474	0.5369200180143707	trials	210607TX	p47	Z11111	12	3.0	2.0	3293.9490447797475	3294.1859647977617
3297.60160506888	0.5069200157340674	trials	210607TX	p47	Z11111	15	4.0	2.0	3297.75160506888	3297.958525084614
3298.0218851008367	0.5269200172542696	trials	210607TX	p47	Z11111	34	11.0	0.0	3298.171885100837	3298.398805118091
3298.4521651335535	0.5269200172542696	trials	210607TX	p47	Z11111	13	4.0	0.0	3298.6021651335536	3298.8290851508077
3300.8037653123606	0.5068800157305304	trials	210607TX	p47	Z11111	77	25.0	1.0	3300.9537653123607	3301.160645328091
3301.214045343557	0.5269200172547244	trials	210607TX	p47	Z11111	96	31.0	2.0	3301.364045343557	3301.5909653608114
3301.644325376274	0.5269200172542696	trials	210607TX	p47	Z11111	54	17.0	2.0	3301.794325376274	3302.0212453935283
3302.084645409754	0.5268800172516421	trials	210607TX	p47	Z11111	38	12.0	1.0	3302.234645409754	3302.4615254270057
3302.514925442471	0.49688001497042933	trials	210607TX	p47	Z11111	78	25.0	2.0	3302.664925442471	3302.8618054574413
3302.9452054751882	0.5369200180143707	trials	210607TX	p47	Z11111	89	29.0	1.0	3303.0952054751883	3303.3321254932025
3303.4155255109495	0.49688001497042933	trials	210607TX	p47	Z11111	31	10.0	0.0	3303.5655255109496	3303.76240552592
3307.77844584269	0.49692001497351157	trials	210607TX	p47	Z11111	20	6.0	1.0	3307.92844584269	3308.1253658576634
3308.188725873886	0.5269200172542696	trials	210607TX	p47	Z11111	0			3308.3387258738862	3308.5656458911403
3308.6490459088873	0.49688001497042933	trials	210607TX	p47	Z11111	0			3308.7990459088874	3308.9959259238576
3309.0593259400835	0.5269200172542696	trials	210607TX	p47	Z11111	105	34.0	2.0	3309.2093259400835	3309.4362459573376
3309.4896059728003	0.5269200172542696	trials	210607TX	p47	Z11111	61	20.0	0.0	3309.6396059728004	3309.8665259900545
3311.8912461554123	0.5068800157305304	trials	210607TX	p47	Z11111	70	23.0	0.0	3312.0412461554124	3312.2481261711428
3312.3315261888897	0.49688001497042933	trials	210607TX	p47	Z11111	51	16.0	2.0	3312.48152618889	3312.67840620386
3312.771806222367	0.5269200172542696	trials	210607TX	p47	Z11111	8	2.0	1.0	3312.921806222367	3313.1487262396213
3313.202126255087	0.5268800172511874	trials	210607TX	p47	Z11111	108	35.0	2.0	3313.352126255087	3313.579006272338
3313.6424062885644	0.5269200172542696	trials	210607TX	p47	Z11111	84	27.0	2.0	3313.7924062885645	3314.0193263058186
3314.0726863212813	0.5269200172542696	trials	210607TX	p47	Z11111	109	36.0	0.0	3314.2226863212813	3314.4496063385354
3314.5430063570425	0.5269200172542696	trials	210607TX	p47	Z11111	91	30.0	0.0	3314.6930063570426	3314.9199263742967
3318.4456466537854	0.5068800157305304	trials	210607TX	p47	Z11111	57	18.0	2.0	3318.5956466537855	3318.802526669516
3318.855926684981	0.49688001497042933	trials	210607TX	p47	Z11111	23	7.0	1.0	3319.005926684981	3319.2028066999515
3319.2862067176984	0.5369200180143707	trials	210607TX	p47	Z11111	113	37.0	1.0	3319.4362067176985	3319.6731267357127
3319.7565267534596	0.5269200172542696	trials	210607TX	p47	Z11111	118	39.0	0.0	3319.9065267534597	3320.133446770714
3320.196806786937	0.5269200172542696	trials	210607TX	p47	Z11111	25	8.0	0.0	3320.346806786937	3320.573726804191
3320.627126819657	0.5268800172511874	trials	210607TX	p47	Z11111	45	14.0	2.0	3320.777126819657	3321.004006836908
3321.0674068531343	0.5269200172542696	trials	210607TX	p47	Z11111	74	24.0	1.0	3321.2174068531344	3321.4443268703885
3324.9300071468324	0.5068800157305304	trials	210607TX	p47	Z11111	47	15.0	1.0	3325.0800071468325	3325.286887162563
3325.3402871780286	0.5369200180148255	trials	210607TX	p47	Z11111	59	19.0	1.0	3325.4902871780287	3325.7272071960433
3325.780567211506	0.5269200172542696	trials	210607TX	p47	Z11111	107	35.0	1.0	3325.930567211506	3326.15748722876
3326.250887247267	0.5269200172542696	trials	210607TX	p47	Z11111	11	3.0	1.0	3326.4008872472673	3326.6278072645214
3326.681167279984	0.5269200172547244	trials	210607TX	p47	Z11111	119	39.0	1.0	3326.831167279984	3327.0580872972387
3327.1214873134645	0.5269200172542696	trials	210607TX	p47	Z11111	80	26.0	1.0	3327.2714873134646	3327.4984073307187
3327.5517673461814	0.5269200172542696	trials	210607TX	p47	Z11111	65	21.0	1.0	3327.7017673461814	3327.9286873634355
3331.484407645205	0.5069200157336127	trials	210607TX	p47	Z11111	67	22.0	0.0	3331.634407645205	3331.8413276609385
3331.9046876771617	0.5269200172542696	trials	210607TX	p47	Z11111	52	17.0	0.0	3332.054687677162	3332.281607694416
3334.1962478514033	0.5068800157309852	trials	210607TX	p47	Z11111	43	14.0	0.0	3334.3462478514034	3334.553127867134
3334.6065278825995	0.5369200180148255	trials	210607TX	p47	Z11111	0			3334.7565278825996	3334.9934479006142
3335.076847918361	0.5268800172511874	trials	210607TX	p47	Z11111	94	31.0	0.0	3335.2268479183613	3335.4537279356123
3335.5171279518386	0.5269200172542696	trials	210607TX	p47	Z11111	21	6.0	2.0	3335.6671279518387	3335.8940479690928
3335.9474479845585	0.5268800172511874	trials	210607TX	p47	Z11111	36	11.0	2.0	3336.0974479845586	3336.3243280018096
3336.3877280180354	0.5269200172547244	trials	210607TX	p47	Z11111	107	35.0	1.0	3336.5377280180355	3336.76464803529
3336.8180080507527	0.5269200172542696	trials	210607TX	p47	Z11111	0			3336.968008050753	3337.194928068007
3340.8407283566257	0.5068800157305304	trials	210607TX	p47	Z11111	90	29.0	2.0	3340.990728356626	3341.197608372356
3341.2810083901027	0.5269200172547244	trials	210607TX	p47	Z11111	50	16.0	1.0	3341.4310083901028	3341.6579284073573
3341.72128842358	0.5269200172542696	trials	210607TX	p47	Z11111	26	8.0	1.0	3341.87128842358	3342.0982084408342
3342.1516084563	0.5269200172547244	trials	210607TX	p47	Z11111	33	10.0	2.0	3342.3016084563	3342.5285284735546
3342.5918884897774	0.5269200172542696	trials	210607TX	p47	Z11111	91	30.0	0.0	3342.7418884897775	3342.9688085070316
3343.022168522494	0.5269200172547244	trials	210607TX	p47	Z11111	60	19.0	2.0	3343.1721685224943	3343.399088539749
3343.4624885559747	0.5269200172542696	trials	210607TX	p47	Z11111	10	3.0	0.0	3343.612488555975	3343.839408573229
3345.7540487302167	0.5068800157305304	trials	210607TX	p47	Z11111	58	19.0	0.0	3345.904048730217	3346.110928745947
3346.16428876141	0.5369200180148255	trials	210607TX	p47	Z11111	105	34.0	2.0	3346.31428876141	3346.5512087794245
3346.6046087948903	0.5268800172511874	trials	210607TX	p47	Z11111	13	4.0	0.0	3346.7546087948904	3346.9814888121414
3348.9361689721736	0.5068800157305304	trials	210607TX	p47	Z11111	28	9.0	0.0	3349.0861689721737	3349.293048987904
3349.3764490056506	0.5369200180148255	trials	210607TX	p47	Z11111	32	10.0	1.0	3349.5264490056506	3349.7633690236653
3349.8467690414122	0.4969200149730568	trials	210607TX	p47	Z11111	101	33.0	1.0	3349.9967690414123	3350.193689056385
3350.277089074132	0.5368800180117432	trials	210607TX	p47	Z11111	20	6.0	1.0	3350.4270890741323	3350.663969092144
3350.7173691076096	0.5269200172542696	trials	210607TX	p47	Z11111	62	20.0	1.0	3350.8673691076096	3351.0942891248637
3351.1476491403264	0.5369200180148255	trials	210607TX	p47	Z11111	118	39.0	0.0	3351.2976491403265	3351.534569158341
3351.6179691760876	0.5269200172542696	trials	210607TX	p47	Z11111	48	15.0	2.0	3351.7679691760877	3351.994889193342
3355.540609474351	0.5069200157336127	trials	210607TX	p47	Z11111	38	12.0	1.0	3355.6906094743513	3355.8975294900847
3355.9508895055474	0.5269200172542696	trials	210607TX	p47	Z11111	72	23.0	2.0	3356.1008895055475	3356.3278095228015
3356.3911695390248	0.5269200172542696	trials	210607TX	p47	Z11111	59	19.0	1.0	3356.541169539025	3356.768089556279
3356.821489571744	0.5268800172516421	trials	210607TX	p47	Z11111	2	0.0	1.0	3356.9714895717443	3357.198369588996
3357.2517696044615	0.5369200180143707	trials	210607TX	p47	Z11111	19	6.0	0.0	3357.4017696044616	3357.638689622476
3357.7220896402227	0.49688001497042933	trials	210607TX	p47	Z11111	85	28.0	0.0	3357.872089640223	3358.068969655193
3358.1623696737	0.5269200172542696	trials	210607TX	p47	Z11111	54	17.0	2.0	3358.3123696737002	3358.5392896909543
3361.964929962833	0.5069200157336127	trials	210607TX	p47	Z11111	82	27.0	0.0	3362.1149299628332	3362.3218499785667
3362.405249996313	0.49688001497042933	trials	210607TX	p47	Z11111	115	38.0	0.0	3362.5552499963133	3362.7521300112835
3362.8455300297906	0.5269200172542696	trials	210607TX	p47	Z11111	114	37.0	2.0	3362.9955300297906	3363.2224500470447
3363.3058500647917	0.4968800149699746	trials	210607TX	p47	Z11111	70	23.0	0.0	3363.455850064792	3363.6527300797616
3363.716130095988	0.5268800172511874	trials	210607TX	p47	Z11111	8	2.0	1.0	3363.866130095988	3364.093010113239
3364.1464101287047	0.5269200172542696	trials	210607TX	p47	Z11111	36	11.0	2.0	3364.296410128705	3364.523330145959
3364.5766901614215	0.5369200180148255	trials	210607TX	p47	Z11111	92	30.0	1.0	3364.7266901614216	3364.9636101794363
3368.419290453599	0.5068800157305304	trials	210607TX	p47	Z11111	63	20.0	2.0	3368.569290453599	3368.7761704693294
3368.829570484795	0.5268800172511874	trials	210607TX	p47	Z11111	53	17.0	1.0	3368.979570484795	3369.206450502046
3369.2698505182725	0.5269200172542696	trials	210607TX	p47	Z11111	42	13.0	2.0	3369.4198505182726	3369.6467705355267
3369.7001305509893	0.5269200172542696	trials	210607TX	p47	Z11111	89	29.0	1.0	3369.8501305509894	3370.0770505682435
3370.1304505837093	0.5368800180117432	trials	210607TX	p47	Z11111	96	31.0	2.0	3370.2804505837094	3370.517330601721
3370.5707306171867	0.5269200172542696	trials	210607TX	p47	Z11111	24	7.0	2.0	3370.7207306171867	3370.947650634441
3371.0010106499035	0.5269200172542696	trials	210607TX	p47	Z11111	102	33.0	2.0	3371.1510106499036	3371.3779306671577
3374.9036509466464	0.5068800157305304	trials	210607TX	p47	Z11111	0			3375.0536509466465	3375.260530962377
3375.3239309786027	0.5269200172542696	trials	210607TX	p47	Z11111	35	11.0	1.0	3375.4739309786028	3375.700850995857
3375.784251013604	0.5268800172511874	trials	210607TX	p47	Z11111	21	6.0	2.0	3375.934251013604	3376.161131030855
3376.224531047081	0.5269200172542696	trials	210607TX	p47	Z11111	113	37.0	1.0	3376.3745310470813	3376.6014510643354
3376.654811079798	0.5269200172542696	trials	210607TX	p47	Z11111	76	25.0	0.0	3376.804811079798	3377.031731097052
3377.0951311132785	0.5269200172542696	trials	210607TX	p47	Z11111	86	28.0	1.0	3377.2451311132786	3377.4720511305327
3377.5254111459953	0.5269200172542696	trials	210607TX	p47	Z11111	104	34.0	1.0	3377.6754111459954	3377.9023311632495
3381.357971437409	0.5069200157336127	trials	210607TX	p47	Z11111	81	26.0	2.0	3381.507971437409	3381.7148914531426
3381.778291469369	0.5268800172511874	trials	210607TX	p47	Z11111	84	27.0	2.0	3381.928291469369	3382.15517148662
3382.2085715020858	0.5269200172542696	trials	210607TX	p47	Z11111	27	8.0	2.0	3382.358571502086	3382.58549151934
3382.6388515348026	0.5369200180148255	trials	210607TX	p47	Z11111	7	2.0	0.0	3382.7888515348027	3383.0257715528173
3383.1091715705643	0.5269200172542696	trials	210607TX	p47	Z11111	37	12.0	0.0	3383.2591715705644	3383.4860915878185
3383.549451604041	0.5269200172542696	trials	210607TX	p47	Z11111	75	24.0	2.0	3383.6994516040413	3383.9263716212954
3383.979771636761	0.5268800172516421	trials	210607TX	p47	Z11111	15	4.0	2.0	3384.1297716367612	3384.3566516540127
3388.002451942631	0.5069200157340674	trials	210607TX	p47	Z11111	39	12.0	2.0	3388.152451942631	3388.359371958365
3388.4127319738277	0.4968800149699746	trials	210607TX	p47	Z11111	103	34.0	0.0	3388.562731973828	3388.7596119887976
3388.8430120065445	0.5069200157336127	trials	210607TX	p47	Z11111	78	25.0	2.0	3388.9930120065446	3389.199932022278
3391.0945321777417	0.5069200157336127	trials	210607TX	p47	Z11111	116	38.0	1.0	3391.244532177742	3391.4514521934752
3391.504812208938	0.5369200180148255	trials	210607TX	p47	Z11111	47	15.0	1.0	3391.654812208938	3391.8917322269526
3394.176612412092	0.5069200157340674	trials	210607TX	p47	Z11111	1	0.0	0.0	3394.326612412092	3394.533532427826
3394.586892443288	0.5269200172547244	trials	210607TX	p47	Z11111	88	29.0	0.0	3394.736892443288	3394.9638124605426
3395.0171724760053	0.5369200180148255	trials	210607TX	p47	Z11111	0			3395.1671724760054	3395.40409249402
3395.4574925094853	0.5269200172542696	trials	210607TX	p47	Z11111	52	17.0	0.0	3395.6074925094854	3395.8344125267395
3395.887772542202	0.5269200172547244	trials	210607TX	p47	Z11111	108	35.0	2.0	3396.037772542202	3396.2646925594568
3396.3280525756795	0.49692001497351157	trials	210607TX	p47	Z11111	9	2.0	2.0	3396.4780525756796	3396.674972590653
3396.7583726083994	0.5268800172516421	trials	210607TX	p47	Z11111	57	18.0	2.0	3396.9083726083995	3397.135252625651
3400.7310529104675	0.5068800157309852	trials	210607TX	p47	Z11111	17	5.0	1.0	3400.8810529104676	3401.0879329261984
3401.141292941661	0.5269200172542696	trials	210607TX	p47	Z11111	93	30.0	2.0	3401.291292941661	3401.5182129589152
3401.571612974381	0.5369200180148255	trials	210607TX	p47	Z11111	22	7.0	0.0	3401.721612974381	3401.9585329923957
3402.041933010142	0.5268800172511874	trials	210607TX	p47	Z11111	34	11.0	0.0	3402.1919330101423	3402.4188130273933
3402.4822130436196	0.5269200172542696	trials	210607TX	p47	Z11111	110	36.0	1.0	3402.6322130436197	3402.859133060874
3402.9124930763364	0.5269200172547244	trials	210607TX	p47	Z11111	31	10.0	0.0	3403.0624930763365	3403.289413093591
3403.3427731090533	0.5069200157336127	trials	210607TX	p47	Z11111	0			3403.4927731090534	3403.699693124787
3407.2554134065563	0.5069200157336127	trials	210607TX	p47	Z11111	77	25.0	1.0	3407.4054134065564	3407.61233342229
3407.6656934377525	0.5269200172547244	trials	210607TX	p47	Z11111	18	5.0	2.0	3407.8156934377525	3408.042613455007
3408.0959734704697	0.5269200172542696	trials	210607TX	p47	Z11111	112	37.0	0.0	3408.24597347047	3408.472893487724
3408.5362935039498	0.5269200172542696	trials	210607TX	p47	Z11111	5	1.0	1.0	3408.68629350395	3408.913213521204
3408.9665735366666	0.5269200172542696	trials	210607TX	p47	Z11111	45	14.0	2.0	3409.1165735366667	3409.343493553921
3409.406853570144	0.5269200172542696	trials	210607TX	p47	Z11111	71	23.0	1.0	3409.556853570144	3409.783773587398
3409.837173602864	0.49688001497042933	trials	210607TX	p47	Z11111	80	26.0	1.0	3409.987173602864	3410.1840536178343
3415.6310540434097	0.5069200157336127	trials	210607TX	p47	Z11111	44	14.0	1.0	3415.7810540434098	3415.987974059143
3416.041334074606	0.5269200172542696	trials	210607TX	p47	Z11111	11	3.0	1.0	3416.191334074606	3416.41825409186
3416.481654108086	0.5268800172516421	trials	210607TX	p47	Z11111	6	1.0	2.0	3416.631654108086	3416.8585341253374
3416.911934140803	0.5269200172542696	trials	210607TX	p47	Z11111	65	21.0	1.0	3417.0619341408033	3417.2888541580573
3417.35221417428	0.5269200172542696	trials	210607TX	p47	Z11111	30	9.0	2.0	3417.50221417428	3417.7291341915343
3417.782494206997	0.5269200172547244	trials	210607TX	p47	Z11111	14	4.0	1.0	3417.932494206997	3418.1594142242516
3418.2128142397173	0.4968800149699746	trials	210607TX	p47	Z11111	117	38.0	2.0	3418.3628142397174	3418.559694254687
3422.065374532652	0.5069200157331579	trials	210607TX	p47	Z11111	3	0.0	2.0	3422.2153745326523	3422.4222945483853
3422.4856945646115	0.5268800172511874	trials	210607TX	p47	Z11111	29	9.0	1.0	3422.6356945646116	3422.8625745818626
3422.9159745973284	0.5269200172542696	trials	210607TX	p47	Z11111	69	22.0	2.0	3423.0659745973285	3423.2928946145826
3423.356254630806	0.5269200172542696	trials	210607TX	p47	Z11111	106	35.0	0.0	3423.506254630806	3423.73317464806
3423.7865346635226	0.5269200172542696	trials	210607TX	p47	Z11111	100	33.0	0.0	3423.9365346635227	3424.163454680777
3424.2168546962425	0.5369200180148255	trials	210607TX	p47	Z11111	61	20.0	0.0	3424.3668546962426	3424.6037747142573
3424.65713472972	0.5269200172542696	trials	210607TX	p47	Z11111	40	13.0	0.0	3424.80713472972	3425.034054746974
3428.4897350211368	0.5068800157305304	trials	210607TX	p47	Z11111	99	32.0	2.0	3428.639735021137	3428.846615036867
3428.89997505233	0.5369200180148255	trials	210607TX	p47	Z11111	46	15.0	0.0	3429.04997505233	3429.2868950703446
3429.3702950880916	0.4969200149730568	trials	210607TX	p47	Z11111	43	14.0	0.0	3429.5202950880916	3429.7172151030645
3429.810615121572	0.5269200172542696	trials	210607TX	p47	Z11111	49	16.0	0.0	3429.960615121572	3430.187535138826
3430.240895154289	0.5269200172542696	trials	210607TX	p47	Z11111	74	24.0	1.0	3430.390895154289	3430.617815171543
3430.681175187766	0.5269200172547244	trials	210607TX	p47	Z11111	98	32.0	1.0	3430.831175187766	3431.0580952050204
3433.0928153711384	0.5068800157305304	trials	210607TX	p47	Z11111	41	13.0	1.0	3433.2428153711385	3433.449695386869
3433.5030954023346	0.5269200172542696	trials	210607TX	p47	Z11111	109	36.0	0.0	3433.6530954023347	3433.8800154195887
3433.9333754350514	0.5369200180148255	trials	210607TX	p47	Z11111	119	39.0	1.0	3434.0833754350515	3434.320295453066
3434.373695468532	0.5268800172511874	trials	210607TX	p47	Z11111	55	18.0	0.0	3434.523695468532	3434.750575485783
3434.8039755012487	0.5369200180148255	trials	210607TX	p47	Z11111	4	1.0	0.0	3434.953975501249	3435.1908955192634
3435.27429553701	0.5268800172516421	trials	210607TX	p47	Z11111	94	31.0	0.0	3435.42429553701	3435.6511755542615
3435.7145755704873	0.5269200172542696	trials	210607TX	p47	Z11111	79	26.0	0.0	3435.8645755704874	3436.0914955877415
3439.597175865706	0.5069200157336127	trials	210607TX	p47	Z11111	23	7.0	1.0	3439.747175865706	3439.9540958814396
3440.0074558969022	0.5269200172542696	trials	210607TX	p47	Z11111	95	31.0	1.0	3440.1574558969023	3440.3843759141564
3440.4477759303827	0.5269200172542696	trials	210607TX	p47	Z11111	64	21.0	0.0	3440.597775930383	3440.824695947637
3440.8780559630995	0.5269200172547244	trials	210607TX	p47	Z11111	87	28.0	2.0	3441.0280559630996	3441.254975980354
3441.31837599658	0.5268800172511874	trials	210607TX	p47	Z11111	120	39.0	2.0	3441.46837599658	3441.695256013831
3441.748656029297	0.5268800172511874	trials	210607TX	p47	Z11111	83	27.0	1.0	3441.898656029297	3442.125536046548
3442.1789360620137	0.5369200180148255	trials	210607TX	p47	Z11111	111	36.0	2.0	3442.328936062014	3442.5658560800284
3446.021536354191	0.5068800157305304	trials	210607TX	p47	Z11111	68	22.0	1.0	3446.171536354191	3446.3784163699215
3446.4618163876685	0.5369200180148255	trials	210607TX	p47	Z11111	12	3.0	2.0	3446.6118163876686	3446.848736405683
3449.063576585497	0.5068800157305304	trials	210607TX	p47	Z11111	66	21.0	2.0	3449.213576585497	3449.420456601227
3449.5138566197343	0.5269200172547244	trials	210607TX	p47	Z11111	97	32.0	0.0	3449.6638566197344	3449.890776636989
3449.9741766547354	0.5369200180148255	trials	210607TX	p47	Z11111	16	5.0	0.0	3450.1241766547355	3450.36109667275
3450.414496688216	0.5268800172511874	trials	210607TX	p47	Z11111	56	18.0	1.0	3450.564496688216	3450.791376705467
3450.8447767209327	0.5269200172542696	trials	210607TX	p47	Z11111	51	16.0	2.0	3450.994776720933	3451.221696738187
3451.28505675441	0.5269200172542696	trials	210607TX	p47	Z11111	25	8.0	0.0	3451.43505675441	3451.6619767716643
3451.7453767894112	0.5369200180148255	trials	210607TX	p47	Z11111	73	24.0	0.0	3451.8953767894113	3452.132296807426
3455.7180570914793	0.5068800157305304	trials	210607TX	p47	Z11111	67	22.0	0.0	3455.8680570914794	3456.0749371072097
3456.1283371226755	0.49688001497042933	trials	210607TX	p47	Z11111	72	23.0	2.0	3456.2783371226756	3456.475217137646
3456.568617156153	0.5269200172542696	trials	210607TX	p47	Z11111	116	38.0	1.0	3456.718617156153	3456.945537173407
3457.038937191914	0.49688001497042933	trials	210607TX	p47	Z11111	45	14.0	2.0	3457.188937191914	3457.3858172068844
3457.469217224631	0.5269200172547244	trials	210607TX	p47	Z11111	34	11.0	0.0	3457.619217224631	3457.8461372418856
3457.9095372581114	0.5268800172511874	trials	210607TX	p47	Z11111	21	6.0	2.0	3458.0595372581115	3458.2864172753625
3458.3698172931095	0.49692001497351157	trials	210607TX	p47	Z11111	57	18.0	2.0	3458.5198172931096	3458.716737308083
3462.322497593657	0.5068800157305304	trials	210607TX	p47	Z11111	24	7.0	2.0	3462.472497593657	3462.6793776093873
3464.6840977732245	0.5068800157305304	trials	210607TX	p47	Z11111	32	10.0	1.0	3464.8340977732246	3465.040977788955
3465.0943778044207	0.4968800149699746	trials	210607TX	p47	Z11111	67	22.0	0.0	3465.2443778044208	3465.4412578193906
3465.534657837898	0.4968800149699746	trials	210607TX	p47	Z11111	10	3.0	0.0	3465.684657837898	3465.881537852868
3465.964937870615	0.4968800149699746	trials	210607TX	p47	Z11111	119	39.0	1.0	3466.114937870615	3466.311817885585
3466.395257903335	0.5368800180117432	trials	210607TX	p47	Z11111	66	21.0	2.0	3466.545257903335	3466.7821379213465
3466.8355379368118	0.5269200172547244	trials	210607TX	p47	Z11111	23	7.0	1.0	3466.985537936812	3467.2124579540664
3467.275817970289	0.5269200172547244	trials	210607TX	p47	Z11111	43	14.0	0.0	3467.4258179702892	3467.652737987544
3471.188458267792	0.5069200157336127	trials	210607TX	p47	Z11111	51	16.0	2.0	3471.3384582677922	3471.5453782835257
3471.608738299749	0.5269200172542696	trials	210607TX	p47	Z11111	104	34.0	1.0	3471.758738299749	3471.985658317003
3472.0390183324657	0.5269200172542696	trials	210607TX	p47	Z11111	42	13.0	2.0	3472.189018332466	3472.41593834972
3472.4693383651856	0.5268800172511874	trials	210607TX	p47	Z11111	33	10.0	2.0	3472.6193383651857	3472.8462183824367
3472.909618398663	0.5269200172542696	trials	210607TX	p47	Z11111	56	18.0	1.0	3473.059618398663	3473.286538415917
3473.33989843138	0.5269200172542696	trials	210607TX	p47	Z11111	85	28.0	0.0	3473.48989843138	3473.716818448634
3473.7902184656205	0.5269200172547244	trials	210607TX	p47	Z11111	55	18.0	0.0	3473.9402184656205	3474.167138482875
3477.8129387714935	0.5068800157309852	trials	210607TX	p47	Z11111	3	0.0	2.0	3477.9629387714936	3478.1698187872244
3478.2232188026896	0.49688001497042933	trials	210607TX	p47	Z11111	73	24.0	0.0	3478.3732188026897	3478.57009881766
3481.695539066712	0.5068800157309852	trials	210607TX	p47	Z11111	39	12.0	2.0	3481.8455390667123	3482.052419082443
3482.1358191001896	0.49692001497351157	trials	210607TX	p47	Z11111	107	35.0	1.0	3482.2858191001897	3482.482739115163
3482.5460991313857	0.5269200172547244	trials	210607TX	p47	Z11111	95	31.0	1.0	3482.696099131386	3482.9230191486404
3482.976379164103	0.5269200172542696	trials	210607TX	p47	Z11111	65	21.0	1.0	3483.126379164103	3483.353299181357
3483.406699196823	0.5369200180143707	trials	210607TX	p47	Z11111	30	9.0	2.0	3483.556699196823	3483.7936192148372
3483.8469792303	0.5269200172542696	trials	210607TX	p47	Z11111	74	24.0	1.0	3483.9969792303	3484.223899247554
3486.328659418998	0.5068800157305304	trials	210607TX	p47	Z11111	97	32.0	0.0	3486.478659418998	3486.6855394347285
3486.7689394524755	0.5269200172542696	trials	210607TX	p47	Z11111	78	25.0	2.0	3486.9189394524756	3487.1458594697297
3487.2092594859555	0.5268800172516421	trials	210607TX	p47	Z11111	109	36.0	0.0	3487.3592594859556	3487.586139503207
3487.6395395186723	0.5269200172547244	trials	210607TX	p47	Z11111	92	30.0	1.0	3487.7895395186724	3488.016459535927
3488.0798195521497	0.5269200172542696	trials	210607TX	p47	Z11111	108	35.0	2.0	3488.22981955215	3488.456739569404
3488.5101395848696	0.5268800172511874	trials	210607TX	p47	Z11111	15	4.0	2.0	3488.6601395848697	3488.8870196021207
3491.1718997872604	0.5069200157336127	trials	210607TX	p47	Z11111	93	30.0	2.0	3491.3218997872605	3491.528819802994
3491.592179819217	0.5269200172542696	trials	210607TX	p47	Z11111	68	22.0	1.0	3491.742179819217	3491.9690998364713
3492.0224998519366	0.5268800172516421	trials	210607TX	p47	Z11111	36	11.0	2.0	3492.1724998519367	3492.399379869188
3492.462779885414	0.5269200172547244	trials	210607TX	p47	Z11111	111	36.0	2.0	3492.612779885414	3492.8396999026686
3492.8930599181313	0.5269200172542696	trials	210607TX	p47	Z11111	46	15.0	0.0	3493.0430599181313	3493.2699799353854
3493.323379950851	0.5368800180117432	trials	210607TX	p47	Z11111	37	12.0	0.0	3493.4733799508513	3493.710259968863
3493.7936599866093	0.49692001497351157	trials	210607TX	p47	Z11111	18	5.0	2.0	3493.9436599866094	3494.1405800015827
3497.7463402871567	0.5068800157305304	trials	210607TX	p47	Z11111	113	37.0	1.0	3497.896340287157	3498.103220302887
3498.1966603213973	0.5268800172516421	trials	210607TX	p47	Z11111	64	21.0	0.0	3498.3466603213974	3498.573540338649
3498.666940357156	0.5269200172542696	trials	210607TX	p47	Z11111	28	9.0	0.0	3498.816940357156	3499.04386037441
3499.127260392157	0.49688001497042933	trials	210607TX	p47	Z11111	59	19.0	1.0	3499.277260392157	3499.4741404071274
3499.5675804256375	0.5268800172511874	trials	210607TX	p47	Z11111	89	29.0	1.0	3499.7175804256376	3499.9444604428886
3499.9978604583544	0.5269200172542696	trials	210607TX	p47	Z11111	6	1.0	2.0	3500.1478604583544	3500.3747804756085
3500.4381404918317	0.5269200172542696	trials	210607TX	p47	Z11111	101	33.0	1.0	3500.588140491832	3500.815060509086
3504.52090080227	0.5068800157305304	trials	210607TX	p47	Z11111	115	38.0	0.0	3504.67090080227	3504.8777808180002
3504.931180833466	0.5369200180148255	trials	210607TX	p47	Z11111	98	32.0	1.0	3505.081180833466	3505.3181008514807
3505.401500869227	0.49688001497042933	trials	210607TX	p47	Z11111	76	25.0	0.0	3505.5515008692273	3505.7483808841976
3505.831780901944	0.5068800157309852	trials	210607TX	p47	Z11111	0			3505.981780901944	3506.188660917675
3506.2720609354215	0.49692001497351157	trials	210607TX	p47	Z11111	44	14.0	1.0	3506.4220609354215	3506.618980950395
3506.702380968142	0.5369200180143707	trials	210607TX	p47	Z11111	40	13.0	0.0	3506.852380968142	3507.089300986156
3507.172701003903	0.5268800172511874	trials	210607TX	p47	Z11111	90	29.0	2.0	3507.322701003903	3507.549581021154
3511.0753013006424	0.5069200157336127	trials	210607TX	p47	Z11111	54	17.0	2.0	3511.2253013006425	3511.432221316376
3511.495581332599	0.5269200172542696	trials	210607TX	p47	Z11111	91	30.0	0.0	3511.6455813325992	3511.8725013498533
3511.925901365319	0.5268800172511874	trials	210607TX	p47	Z11111	8	2.0	1.0	3512.075901365319	3512.30278138257
3512.356181398036	0.49688001497042933	trials	210607TX	p47	Z11111	62	20.0	1.0	3512.506181398036	3512.7030614130063
3512.7964614315133	0.5269200172542696	trials	210607TX	p47	Z11111	5	1.0	1.0	3512.9464614315134	3513.1733814487675
3513.226781464233	0.5368800180117432	trials	210607TX	p47	Z11111	100	33.0	0.0	3513.3767814642333	3513.613661482245
3513.6670614977106	0.5269200172542696	trials	210607TX	p47	Z11111	82	27.0	0.0	3513.8170614977107	3514.043981514965
3517.4996217891244	0.5069200157336127	trials	210607TX	p47	Z11111	4	1.0	0.0	3517.6496217891245	3517.856541804858
3517.9099018203206	0.5269200172542696	trials	210607TX	p47	Z11111	35	11.0	1.0	3518.0599018203206	3518.2868218375747
3518.3802218560822	0.5269200172542696	trials	210607TX	p47	Z11111	38	12.0	1.0	3518.5302218560823	3518.7571418733364
3518.8205418895623	0.5268800172511874	trials	210607TX	p47	Z11111	75	24.0	2.0	3518.9705418895624	3519.1974219068134
3519.2808219245603	0.49692001497351157	trials	210607TX	p47	Z11111	106	35.0	0.0	3519.4308219245604	3519.6277419395337
3519.721141958041	0.5269200172542696	trials	210607TX	p47	Z11111	61	20.0	0.0	3519.871141958041	3520.098061975295
3520.1514219907576	0.5269200172542696	trials	210607TX	p47	Z11111	13	4.0	0.0	3520.3014219907577	3520.528342008012
3523.9739822814113	0.5069200157336127	trials	210607TX	p47	Z11111	58	19.0	0.0	3524.1239822814114	3524.330902297145
3524.3842623126075	0.5269200172542696	trials	210607TX	p47	Z11111	17	5.0	1.0	3524.5342623126076	3524.7611823298616
3524.824582346088	0.5268800172511874	trials	210607TX	p47	Z11111	20	6.0	1.0	3524.974582346088	3525.201462363339
3525.254862378805	0.5269200172542696	trials	210607TX	p47	Z11111	41	13.0	1.0	3525.404862378805	3525.631782396059
3525.6851424115216	0.5369200180148255	trials	210607TX	p47	Z11111	81	26.0	2.0	3525.8351424115217	3526.0720624295363
3526.125422444999	0.5269200172542696	trials	210607TX	p47	Z11111	19	6.0	0.0	3526.275422444999	3526.502342462253
3526.555742477719	0.5369200180148255	trials	210607TX	p47	Z11111	69	22.0	2.0	3526.705742477719	3526.9426624957337
3533.2502229867428	0.5069200157336127	trials	210607TX	p47	Z11111	11	3.0	1.0	3533.400222986743	3533.6071430024763
3533.6705430187026	0.5268800172511874	trials	210607TX	p47	Z11111	102	33.0	2.0	3533.8205430187027	3534.0474230359537
3534.1008230514194	0.5268800172511874	trials	210607TX	p47	Z11111	84	27.0	2.0	3534.2508230514195	3534.4777030686705
3534.541103084897	0.5269200172542696	trials	210607TX	p47	Z11111	1	0.0	0.0	3534.691103084897	3534.918023102151
3534.9713831176136	0.5269200172542696	trials	210607TX	p47	Z11111	48	15.0	2.0	3535.1213831176137	3535.348303134868
3535.4117031510937	0.5269200172542696	trials	210607TX	p47	Z11111	60	19.0	2.0	3535.5617031510938	3535.788623168348
3535.8419831838105	0.5269200172547244	trials	210607TX	p47	Z11111	88	29.0	0.0	3535.9919831838106	3536.218903201065
3539.7446234805534	0.5068800157305304	trials	210607TX	p47	Z11111	52	17.0	0.0	3539.8946234805535	3540.101503496284
3540.1549035117496	0.5268800172511874	trials	210607TX	p47	Z11111	16	5.0	0.0	3540.3049035117497	3540.5317835290007
3540.5951835452265	0.5269200172547244	trials	210607TX	p47	Z11111	112	37.0	0.0	3540.7451835452266	3540.972103562481
3541.025463577944	0.5269200172542696	trials	210607TX	p47	Z11111	63	20.0	2.0	3541.175463577944	3541.402383595198
3541.4657836114243	0.5268800172511874	trials	210607TX	p47	Z11111	94	31.0	0.0	3541.6157836114244	3541.8426636286754
3541.926063646422	0.5369200180148255	trials	210607TX	p47	Z11111	53	17.0	1.0	3542.076063646422	3542.3129836644366
3542.3663836799024	0.5269200172547244	trials	210607TX	p47	Z11111	77	25.0	1.0	3542.5163836799024	3542.743303697157
3546.3690639842516	0.5069200157336127	trials	210607TX	p47	Z11111	12	3.0	2.0	3546.5190639842517	3546.725983999985
3546.779344015448	0.5269200172542696	trials	210607TX	p47	Z11111	96	31.0	2.0	3546.929344015448	3547.156264032702
3547.2496640512095	0.5269200172542696	trials	210607TX	p47	Z11111	103	34.0	0.0	3547.3996640512096	3547.6265840684637
3547.7199840869707	0.49688001497042933	trials	210607TX	p47	Z11111	105	34.0	2.0	3547.869984086971	3548.066864101941
3548.1502641196876	0.49688001497042933	trials	210607TX	p47	Z11111	118	39.0	0.0	3548.3002641196877	3548.497144134658
3548.5805441524044	0.5369200180148255	trials	210607TX	p47	Z11111	49	16.0	0.0	3548.7305441524045	3548.967464170419
3549.020864185885	0.5269200172542696	trials	210607TX	p47	Z11111	26	8.0	1.0	3549.170864185885	3549.397784203139
3552.9034644811036	0.5069200157336127	trials	210607TX	p47	Z11111	0			3553.0534644811037	3553.260384496837
3553.3137445122998	0.5369200180148255	trials	210607TX	p47	Z11111	83	27.0	1.0	3553.4637445123	3553.7006645303145
3553.754024545777	0.5269200172542696	trials	210607TX	p47	Z11111	70	23.0	0.0	3553.9040245457772	3554.1309445630313
3554.184344578497	0.5369200180148255	trials	210607TX	p47	Z11111	2	0.0	1.0	3554.334344578497	3554.571264596512
3554.6546646142583	0.5268800172516421	trials	210607TX	p47	Z11111	29	9.0	1.0	3554.8046646142584	3555.03154463151
3555.0949446477357	0.5269200172547244	trials	210607TX	p47	Z11111	25	8.0	0.0	3555.244944647736	3555.4718646649903
3555.5252246804525	0.5269200172547244	trials	210607TX	p47	Z11111	86	28.0	1.0	3555.6752246804526	3555.902144697707
3559.4278649771954	0.5068800157305304	trials	210607TX	p47	Z11111	47	15.0	1.0	3559.5778649771955	3559.784744992926
3559.8381450083916	0.5369200180148255	trials	210607TX	p47	Z11111	110	36.0	1.0	3559.9881450083917	3560.2250650264064
3560.278425041869	0.5269200172542696	trials	210607TX	p47	Z11111	22	7.0	0.0	3560.428425041869	3560.655345059123
3560.708705074586	0.5269200172542696	trials	210607TX	p47	Z11111	80	26.0	1.0	3560.858705074586	3561.08562509184
3561.1490251080663	0.5269200172542696	trials	210607TX	p47	Z11111	114	37.0	2.0	3561.2990251080664	3561.5259451253205
3561.609345143067	0.49688001497042933	trials	210607TX	p47	Z11111	120	39.0	2.0	3561.759345143067	3561.9562251580373
3562.019625174263	0.5268800172516421	trials	210607TX	p47	Z11111	87	28.0	2.0	3562.1696251742633	3562.3965051915147
3565.9222254710025	0.5069200157340674	trials	210607TX	p47	Z11111	27	8.0	2.0	3566.0722254710026	3566.2791454867365
3566.332505502199	0.5269200172542696	trials	210607TX	p47	Z11111	31	10.0	0.0	3566.4825055021993	3566.7094255194534
3566.762785534916	0.5269200172542696	trials	210607TX	p47	Z11111	14	4.0	1.0	3566.912785534916	3567.13970555217
3567.203105568396	0.5268800172516421	trials	210607TX	p47	Z11111	117	38.0	2.0	3567.353105568396	3567.5799855856476
3567.6333856011133	0.5269200172542696	trials	210607TX	p47	Z11111	0			3567.7833856011134	3568.0103056183675
3568.0736656345907	0.5269200172542696	trials	210607TX	p47	Z11111	79	26.0	0.0	3568.223665634591	3568.450585651845
3568.5039856673106	0.5268800172511874	trials	210607TX	p47	Z11111	9	2.0	2.0	3568.6539856673107	3568.8808656845617
3572.806865994486	0.5068800157305304	trials	210607TX	p47	Z11111	99	32.0	2.0	3572.956865994486	3573.1637460102165
3573.217146025682	0.5369200180148255	trials	210607TX	p47	Z11111	71	23.0	1.0	3573.367146025682	3573.6040660436965
3573.6874660614435	0.5269200172542696	trials	210607TX	p47	Z11111	0			3573.8374660614436	3574.0643860786977
3574.127746094921	0.5269200172542696	trials	210607TX	p47	Z11111	50	16.0	1.0	3574.277746094921	3574.504666112175
3574.558066127641	0.5268800172511874	trials	210607TX	p47	Z11111	7	2.0	0.0	3574.708066127641	3574.934946144892
3574.998346161118	0.5269200172542696	trials	210607TX	p47	Z11111	54	17.0	2.0	3575.1483461611183	3575.3752661783724
3575.428626193835	0.5269200172542696	trials	210607TX	p47	Z11111	38	12.0	1.0	3575.578626193835	3575.805546211089
3583.4140268010156	0.5068800157305304	trials	210607TX	p47	Z11111	47	15.0	1.0	3583.5640268010156	3583.770906816746
3583.824306832212	0.5268800172511874	trials	210607TX	p47	Z11111	116	38.0	1.0	3583.9743068322123	3584.2011868494633
3584.254586864929	0.5369200180148255	trials	210607TX	p47	Z11111	36	11.0	2.0	3584.404586864929	3584.6415068829438
3584.7249069006903	0.49688001497042933	trials	210607TX	p47	Z11111	95	31.0	1.0	3584.8749069006903	3585.0717869156606
3585.1651869341677	0.5269200172542696	trials	210607TX	p47	Z11111	68	22.0	1.0	3585.3151869341677	3585.542106951422
3585.5954669668845	0.5269200172542696	trials	210607TX	p47	Z11111	105	34.0	2.0	3585.7454669668846	3585.9723869841387
3590.43874733515	0.5068800157305304	trials	210607TX	p47	Z11111	41	13.0	1.0	3590.58874733515	3590.7956273508803
3590.849027366346	0.5268800172511874	trials	210607TX	p47	Z11111	67	22.0	0.0	3590.999027366346	3591.225907383597
3591.279307399063	0.5369200180148255	trials	210607TX	p47	Z11111	35	11.0	1.0	3591.429307399063	3591.6662274170776
3591.7496274348246	0.5269200172542696	trials	210607TX	p47	Z11111	100	33.0	0.0	3591.8996274348247	3592.1265474520787
3592.189907468302	0.5269200172542696	trials	210607TX	p47	Z11111	84	27.0	2.0	3592.339907468302	3592.566827485556
3592.620187501019	0.5269200172542696	trials	210607TX	p47	Z11111	15	4.0	2.0	3592.770187501019	3592.997107518273
3593.060507534499	0.5269200172547244	trials	210607TX	p47	Z11111	37	12.0	0.0	3593.210507534499	3593.4374275517534
3598.3140279339573	0.5069200157340674	trials	210607TX	p47	Z11111	19	6.0	0.0	3598.4640279339574	3598.6709479496913
3598.7543479674378	0.5369200180148255	trials	210607TX	p47	Z11111	72	23.0	2.0	3598.904347967438	3599.1412679854525
3599.2246680031994	0.4968800149699746	trials	210607TX	p47	Z11111	108	35.0	2.0	3599.3746680031995	3599.5715480181693
3599.624908033632	0.5369200180148255	trials	210607TX	p47	Z11111	97	32.0	0.0	3599.774908033632	3600.0118280516467
3600.095228069393	0.49688001497042933	trials	210607TX	p47	Z11111	0			3600.2452280693933	3600.4421080843636
3600.5355481028737	0.5268800172516421	trials	210607TX	p47	Z11111	104	34.0	1.0	3600.685548102874	3600.9124281201252
3600.965828135591	0.5269200172542696	trials	210607TX	p47	Z11111	81	26.0	2.0	3601.115828135591	3601.342748152845
3604.8484284308097	0.5069200157336127	trials	210607TX	p47	Z11111	75	24.0	2.0	3604.99842843081	3605.205348446543
3605.268708462766	0.5269200172547244	trials	210607TX	p47	Z11111	91	30.0	0.0	3605.418708462766	3605.6456284800206
3605.729028497767	0.5369200180148255	trials	210607TX	p47	Z11111	96	31.0	2.0	3605.879028497767	3606.115948515782
3606.199348533529	0.5269200172542696	trials	210607TX	p47	Z11111	39	12.0	2.0	3606.349348533529	3606.576268550783
3606.6396285670057	0.5269200172542696	trials	210607TX	p47	Z11111	77	25.0	1.0	3606.789628567006	3607.01654858426
3607.069948599726	0.5268800172511874	trials	210607TX	p47	Z11111	2	0.0	1.0	3607.219948599726	3607.446828616977
3607.510228633203	0.5269200172547244	trials	210607TX	p47	Z11111	24	7.0	2.0	3607.660228633203	3607.8871486504577
3611.472908934511	0.5068800157305304	trials	210607TX	p47	Z11111	61	20.0	0.0	3611.622908934511	3611.8297889502414
3611.8931889664677	0.5268800172511874	trials	210607TX	p47	Z11111	94	31.0	0.0	3612.043188966468	3612.270068983719
3612.3234689991846	0.5269200172542696	trials	210607TX	p47	Z11111	63	20.0	2.0	3612.4734689991847	3612.7003890164387
3612.7537490319014	0.5369200180148255	trials	210607TX	p47	Z11111	12	3.0	2.0	3612.9037490319015	3613.140669049916
3613.1940690653814	0.5268800172516421	trials	210607TX	p47	Z11111	69	22.0	2.0	3613.3440690653815	3613.570949082633
3613.6243490980987	0.5369200180148255	trials	210607TX	p47	Z11111	64	21.0	0.0	3613.774349098099	3614.0112691161135
3614.0646291315757	0.5269200172547244	trials	210607TX	p47	Z11111	50	16.0	1.0	3614.2146291315757	3614.4415491488303
3617.987269429839	0.5069200157336127	trials	210607TX	p47	Z11111	76	25.0	0.0	3618.1372694298393	3618.3441894455727
3618.4275894633197	0.5268800172511874	trials	210607TX	p47	Z11111	98	32.0	1.0	3618.57758946332	3618.804469480571
3618.8678694967966	0.5269200172547244	trials	210607TX	p47	Z11111	7	2.0	0.0	3619.0178694967967	3619.2447895140513
3619.3281895317978	0.5269200172542696	trials	210607TX	p47	Z11111	33	10.0	2.0	3619.478189531798	3619.705109549052
3619.768469565275	0.5269200172542696	trials	210607TX	p47	Z11111	42	13.0	2.0	3619.9184695652752	3620.1453895825293
3620.198789597995	0.5268800172516421	trials	210607TX	p47	Z11111	56	18.0	1.0	3620.348789597995	3620.5756696152466
3620.629069630712	0.5068800157305304	trials	210607TX	p47	Z11111	0			3620.779069630712	3620.9859496464424
3624.6417499358217	0.5069200157336127	trials	210607TX	p47	Z11111	0			3624.791749935822	3624.9986699515553
3625.062029967778	0.5069200157336127	trials	210607TX	p47	Z11111	20	6.0	1.0	3625.212029967778	3625.4189499835115
3625.5023500012585	0.49688001497042933	trials	210607TX	p47	Z11111	55	18.0	0.0	3625.6523500012586	3625.849230016229
3625.9326300339753	0.5369200180148255	trials	210607TX	p47	Z11111	101	33.0	1.0	3626.0826300339754	3626.31955005199
3626.402950069737	0.49688001497042933	trials	210607TX	p47	Z11111	115	38.0	0.0	3626.552950069737	3626.7498300847074
3626.8032301001726	0.5369200180148255	trials	210607TX	p47	Z11111	22	7.0	0.0	3626.9532301001727	3627.1901501181874
3627.24351013365	0.5269200172542696	trials	210607TX	p47	Z11111	28	9.0	0.0	3627.39351013365	3627.620430150904
3631.2762304402836	0.5068800157305304	trials	210607TX	p47	Z11111	73	24.0	0.0	3631.4262304402837	3631.633110456014
3631.6865104714793	0.5068800157309852	trials	210607TX	p47	Z11111	87	28.0	2.0	3631.8365104714794	3632.04339048721
3632.1267905049567	0.5269200172542696	trials	210607TX	p47	Z11111	89	29.0	1.0	3632.276790504957	3632.503710522211
3632.5570705376736	0.5269200172547244	trials	210607TX	p47	Z11111	102	33.0	2.0	3632.7070705376736	3632.933990554928
3632.997390571154	0.5269200172547244	trials	210607TX	p47	Z11111	11	3.0	1.0	3633.147390571154	3633.3743105884087
3633.427670603871	0.5269200172547244	trials	210607TX	p47	Z11111	48	15.0	2.0	3633.577670603871	3633.8045906211255
3633.8679906373513	0.4968800149699746	trials	210607TX	p47	Z11111	111	36.0	2.0	3634.0179906373514	3634.214870652321
3637.7805909348513	0.5069200157336127	trials	210607TX	p47	Z11111	46	15.0	0.0	3637.9305909348514	3638.137510950585
3640.2622711235495	0.5069200157331579	trials	210607TX	p47	Z11111	32	10.0	1.0	3640.4122711235495	3640.6191911392825
3640.7025911570295	0.49688001497042933	trials	210607TX	p47	Z11111	34	11.0	0.0	3640.8525911570296	3641.049471172
3641.142871190507	0.5269200172542696	trials	210607TX	p47	Z11111	8	2.0	1.0	3641.292871190507	3641.519791207761
3641.5731512232237	0.4968800149699746	trials	210607TX	p47	Z11111	80	26.0	1.0	3641.723151223224	3641.9200312381936
3642.0034312559405	0.5369200180148255	trials	210607TX	p47	Z11111	65	21.0	1.0	3642.1534312559406	3642.3903512739553
3642.443751289421	0.5269200172542696	trials	210607TX	p47	Z11111	4	1.0	0.0	3642.593751289421	3642.820671306675
3642.8840313228984	0.5269200172542696	trials	210607TX	p47	Z11111	17	5.0	1.0	3643.0340313228985	3643.2609513401526
3646.9167516295315	0.5069200157336127	trials	210607TX	p47	Z11111	85	28.0	0.0	3647.0667516295316	3647.273671645265
3647.3270316607277	0.5269200172547244	trials	210607TX	p47	Z11111	86	28.0	1.0	3647.477031660728	3647.7039516779823
3647.767311694205	0.5269200172542696	trials	210607TX	p47	Z11111	110	36.0	1.0	3647.917311694205	3648.1442317114593
3648.197631726925	0.5268800172516421	trials	210607TX	p47	Z11111	44	14.0	1.0	3648.347631726925	3648.5745117441766
3648.627911759642	0.5369200180148255	trials	210607TX	p47	Z11111	5	1.0	1.0	3648.777911759642	3649.0148317776566
3649.0681917931192	0.5269200172542696	trials	210607TX	p47	Z11111	74	24.0	1.0	3649.2181917931193	3649.4451118103734
3649.498511825839	0.5368800180117432	trials	210607TX	p47	Z11111	27	8.0	2.0	3649.6485118258393	3649.885391843851
3653.3410721180135	0.5069200157336127	trials	210607TX	p47	Z11111	117	38.0	2.0	3653.4910721180136	3653.697992133747
3653.781392151494	0.5369200180148255	trials	210607TX	p47	Z11111	25	8.0	0.0	3653.931392151494	3654.1683121695087
3656.533232360734	0.5068800157305304	trials	210607TX	p47	Z11111	99	32.0	2.0	3656.683232360734	3656.8901123764645
3656.9435123919297	0.5269200172547244	trials	210607TX	p47	Z11111	53	17.0	1.0	3657.09351239193	3657.3204324091844
3657.383792425407	0.5269200172542696	trials	210607TX	p47	Z11111	82	27.0	0.0	3657.5337924254072	3657.7607124426613
3657.8141124581275	0.5268800172511874	trials	210607TX	p47	Z11111	119	39.0	1.0	3657.9641124581276	3658.1909924753786
3658.2543924916044	0.5269200172542696	trials	210607TX	p47	Z11111	118	39.0	0.0	3658.4043924916045	3658.6313125088586
3658.6846725243217	0.5269200172542696	trials	210607TX	p47	Z11111	59	19.0	1.0	3658.834672524322	3659.061592541576
3659.1149525570386	0.5369200180148255	trials	210607TX	p47	Z11111	90	29.0	2.0	3659.2649525570387	3659.5018725750533
3662.9875928515	0.5068800157305304	trials	210607TX	p47	Z11111	18	5.0	2.0	3663.1375928515	3663.3444728672303
3663.397832882693	0.5269200172542696	trials	210607TX	p47	Z11111	16	5.0	0.0	3663.547832882693	3663.774752899947
3663.8381529161734	0.5269200172542696	trials	210607TX	p47	Z11111	114	37.0	2.0	3663.9881529161735	3664.2150729334276
3664.26843294889	0.5269200172542696	trials	210607TX	p47	Z11111	112	37.0	0.0	3664.4184329488903	3664.6453529661444
3664.7087129823676	0.5269200172542696	trials	210607TX	p47	Z11111	1	0.0	0.0	3664.8587129823677	3665.085632999622
3665.1390330150875	0.5268800172516421	trials	210607TX	p47	Z11111	66	21.0	2.0	3665.2890330150876	3665.515913032339
3665.579313048565	0.5269200172542696	trials	210607TX	p47	Z11111	52	17.0	0.0	3665.729313048565	3665.956233065819
3669.5119533475886	0.5069200157336127	trials	210607TX	p47	Z11111	3	0.0	2.0	3669.6619533475887	3669.868873363322
3671.9235935309607	0.5068800157305304	trials	210607TX	p47	Z11111	9	2.0	2.0	3672.073593530961	3672.280473546691
3672.333873562157	0.5269200172542696	trials	210607TX	p47	Z11111	40	13.0	0.0	3672.483873562157	3672.710793579411
3672.7641535948737	0.5269200172547244	trials	210607TX	p47	Z11111	79	26.0	0.0	3672.914153594874	3673.1410736121284
3673.204433628351	0.5269200172542696	trials	210607TX	p47	Z11111	106	35.0	0.0	3673.354433628351	3673.5813536456053
3673.634753661071	0.5268800172516421	trials	210607TX	p47	Z11111	43	14.0	0.0	3673.784753661071	3674.0116336783226
3674.0750336945484	0.5269200172542696	trials	210607TX	p47	Z11111	26	8.0	1.0	3674.2250336945485	3674.4519537118026
3674.5053137272653	0.5269200172547244	trials	210607TX	p47	Z11111	88	29.0	0.0	3674.6553137272654	3674.88223374452
3678.5080340316176	0.5068800157305304	trials	210607TX	p47	Z11111	13	4.0	0.0	3678.6580340316177	3678.864914047348
3678.918314062814	0.5268800172511874	trials	210607TX	p47	Z11111	58	19.0	0.0	3679.068314062814	3679.295194080065
3679.358594096291	0.5269200172542696	trials	210607TX	p47	Z11111	21	6.0	2.0	3679.5085940962913	3679.7355141135454
3679.788874129008	0.5269200172542696	trials	210607TX	p47	Z11111	30	9.0	2.0	3679.938874129008	3680.165794146262
3680.2291941624885	0.4968800149699746	trials	210607TX	p47	Z11111	83	27.0	1.0	3680.3791941624886	3680.5760741774584
3680.6594741952053	0.4968800149699746	trials	210607TX	p47	Z11111	0			3680.8094741952054	3681.0063542101752
3681.089754227922	0.5369200180148255	trials	210607TX	p47	Z11111	6	1.0	2.0	3681.2397542279223	3681.476674245937
3685.0123945261857	0.5069200157336127	trials	210607TX	p47	Z11111	113	37.0	1.0	3685.162394526186	3685.3693145419193
3685.4627145604263	0.5268800172511874	trials	210607TX	p47	Z11111	120	39.0	2.0	3685.6127145604264	3685.8395945776774
3685.9229945954244	0.5369200180148255	trials	210607TX	p47	Z11111	49	16.0	0.0	3686.0729945954245	3686.309914613439
3686.3633146289044	0.5269200172547244	trials	210607TX	p47	Z11111	14	4.0	1.0	3686.5133146289045	3686.740234646159
3686.7935946616217	0.5369200180143707	trials	210607TX	p47	Z11111	57	18.0	2.0	3686.943594661622	3687.180514679636
3687.263914697383	0.5269200172542696	trials	210607TX	p47	Z11111	109	36.0	0.0	3687.413914697383	3687.640834714637
3687.7041947308603	0.5269200172542696	trials	210607TX	p47	Z11111	31	10.0	0.0	3687.8541947308604	3688.0811147481145
3691.536795022277	0.5068800157305304	trials	210607TX	p47	Z11111	103	34.0	0.0	3691.6867950222772	3691.8936750380076
3691.9470750534733	0.5269200172542696	trials	210607TX	p47	Z11111	62	20.0	1.0	3692.0970750534734	3692.3239950707275
3692.3873550869507	0.5269200172542696	trials	210607TX	p47	Z11111	70	23.0	0.0	3692.537355086951	3692.764275104205
3692.8176751196706	0.49688001497042933	trials	210607TX	p47	Z11111	92	30.0	1.0	3692.9676751196707	3693.164555134641
3693.2479551523875	0.5068800157305304	trials	210607TX	p47	Z11111	78	25.0	2.0	3693.3979551523876	3693.604835168118
3693.688235185865	0.49688001497042933	trials	210607TX	p47	Z11111	10	3.0	0.0	3693.838235185865	3694.035115200835
3694.1185152185817	0.5069200157336127	trials	210607TX	p47	Z11111	60	19.0	2.0	3694.268515218582	3694.4754352343152
3697.9811155122798	0.49692001497351157	trials	210607TX	p47	Z11111	23	7.0	1.0	3698.13111551228	3698.328035527253
3698.391395543476	0.5269200172542696	trials	210607TX	p47	Z11111	93	30.0	2.0	3698.541395543476	3698.76831556073
3698.8217155761963	0.5268800172511874	trials	210607TX	p47	Z11111	45	14.0	2.0	3698.9717155761964	3699.1985955934474
3699.251995608913	0.5068800157305304	trials	210607TX	p47	Z11111	107	35.0	1.0	3699.4019956089132	3699.6088756246436
3699.69227564239	0.49688001497042933	trials	210607TX	p47	Z11111	29	9.0	1.0	3699.84227564239	3700.0391556573604
3700.1225556751074	0.5069200157331579	trials	210607TX	p47	Z11111	51	16.0	2.0	3700.2725556751075	3700.4794756908404
3700.5628757085874	0.5269200172542696	trials	210607TX	p47	Z11111	71	23.0	1.0	3700.7128757085875	3700.9397957258416
3704.4655160053303	0.5068800157305304	trials	210607TX	p47	Z11111	44	14.0	1.0	3704.6155160053304	3704.8223960210607
3704.875796036526	0.5268800172516421	trials	210607TX	p47	Z11111	39	12.0	2.0	3705.025796036526	3705.2526760537776
3705.3460760722846	0.5269200172542696	trials	210607TX	p47	Z11111	73	24.0	0.0	3705.4960760722847	3705.722996089539
3705.7763961050046	0.5368800180117432	trials	210607TX	p47	Z11111	110	36.0	1.0	3705.9263961050046	3706.163276123016
3706.216676138482	0.5269200172542696	trials	210607TX	p47	Z11111	63	20.0	2.0	3706.366676138482	3706.593596155736
3706.646956171199	0.5369200180148255	trials	210607TX	p47	Z11111	40	13.0	0.0	3706.796956171199	3707.0338761892135
3707.0872762046793	0.5268800172511874	trials	210607TX	p47	Z11111	17	5.0	1.0	3707.2372762046793	3707.4641562219304
3710.869796492288	0.5069200157340674	trials	210607TX	p47	Z11111	7	2.0	0.0	3711.019796492288	3711.226716508022
3711.2800765234847	0.5269200172542696	trials	210607TX	p47	Z11111	42	13.0	2.0	3711.430076523485	3711.656996540739
3711.7203965569647	0.5268800172511874	trials	210607TX	p47	Z11111	93	30.0	2.0	3711.870396556965	3712.097276574216
3712.1506765896816	0.5269200172542696	trials	210607TX	p47	Z11111	51	16.0	2.0	3712.3006765896816	3712.5275966069357
3712.590956623159	0.5269200172542696	trials	210607TX	p47	Z11111	99	32.0	2.0	3712.740956623159	3712.967876640413
3713.021276655879	0.5268800172511874	trials	210607TX	p47	Z11111	9	2.0	2.0	3713.171276655879	3713.39815667313
3713.451556688596	0.5068800157305304	trials	210607TX	p47	Z11111	81	26.0	2.0	3713.6015566885962	3713.8084367043266
3717.2741169792494	0.5068800157305304	trials	210607TX	p47	Z11111	30	9.0	2.0	3717.4241169792494	3717.63099699498
3717.694397011206	0.5269200172542696	trials	210607TX	p47	Z11111	101	33.0	1.0	3717.844397011206	3718.0713170284603
3718.1547170462068	0.5269200172547244	trials	210607TX	p47	Z11111	64	21.0	0.0	3718.304717046207	3718.5316370634614
3718.594997079684	0.5269200172542696	trials	210607TX	p47	Z11111	66	21.0	2.0	3718.7449970796843	3718.9719170969383
3719.0253171124045	0.5268800172511874	trials	210607TX	p47	Z11111	27	8.0	2.0	3719.1753171124046	3719.4021971296556
3719.4655971458815	0.5269200172547244	trials	210607TX	p47	Z11111	56	18.0	1.0	3719.6155971458816	3719.842517163136
3719.8958771785988	0.5269200172542696	trials	210607TX	p47	Z11111	85	28.0	0.0	3720.045877178599	3720.272797195853
3723.768477473057	0.5069200157336127	trials	210607TX	p47	Z11111	79	26.0	0.0	3723.918477473057	3724.1253974887904
3724.178757504253	0.5269200172542696	trials	210607TX	p47	Z11111	75	24.0	2.0	3724.328757504253	3724.5556775215073
3724.609077536973	0.5368800180117432	trials	210607TX	p47	Z11111	16	5.0	0.0	3724.759077536973	3724.9959575549847
3725.0493575704504	0.5269200172542696	trials	210607TX	p47	Z11111	91	30.0	0.0	3725.1993575704505	3725.4262775877046
3725.4796376031672	0.5269200172547244	trials	210607TX	p47	Z11111	0			3725.6296376031673	3725.856557620422
3725.9199176366446	0.5269200172542696	trials	210607TX	p47	Z11111	86	28.0	1.0	3726.0699176366447	3726.296837653899
3726.3502376693646	0.5268800172516421	trials	210607TX	p47	Z11111	6	1.0	2.0	3726.5002376693647	3726.727117686616
3730.322917971433	0.5068800157305304	trials	210607TX	p47	Z11111	112	37.0	0.0	3730.472917971433	3730.6797979871635
3730.733198002629	0.5268800172516421	trials	210607TX	p47	Z11111	10	3.0	0.0	3730.883198002629	3731.1100780198803
3731.173478036106	0.5269200172542696	trials	210607TX	p47	Z11111	115	38.0	0.0	3731.3234780361063	3731.5503980533604
3731.603758068823	0.5269200172542696	trials	210607TX	p47	Z11111	61	20.0	0.0	3731.753758068823	3731.980678086077
3732.03403810154	0.5369200180148255	trials	210607TX	p47	Z11111	83	27.0	1.0	3732.18403810154	3732.4209581195546
3732.4743581350203	0.5269200172542696	trials	210607TX	p47	Z11111	41	13.0	1.0	3732.6243581350204	3732.8512781522745
3732.9046381677376	0.5369200180143707	trials	210607TX	p47	Z11111	48	15.0	2.0	3733.0546381677377	3733.291558185752
3736.7972784637195	0.5068800157305304	trials	210607TX	p47	Z11111	50	16.0	1.0	3736.9472784637196	3737.15415847945
3737.237558497197	0.4968800149699746	trials	210607TX	p47	Z11111	107	35.0	1.0	3737.387558497197	3737.584438512167
3737.6778385306743	0.5269200172542696	trials	210607TX	p47	Z11111	97	32.0	0.0	3737.8278385306744	3738.0547585479285
3738.108158563394	0.5268800172511874	trials	210607TX	p47	Z11111	58	19.0	0.0	3738.2581585633943	3738.4850385806453
3738.5484385968716	0.5269200172542696	trials	210607TX	p47	Z11111	98	32.0	1.0	3738.6984385968717	3738.925358614126
3738.9787186295885	0.5269200172542696	trials	210607TX	p47	Z11111	113	37.0	1.0	3739.1287186295885	3739.3556386468426
3739.4190386630685	0.5268800172516421	trials	210607TX	p47	Z11111	29	9.0	1.0	3739.5690386630686	3739.79591868032
3744.082159017635	0.5069200157340674	trials	210607TX	p47	Z11111	71	23.0	1.0	3744.2321590176352	3744.439079033369
3744.502439049592	0.5269200172542696	trials	210607TX	p47	Z11111	120	39.0	2.0	3744.652439049592	3744.879359066846
3744.932759082312	0.5268800172516421	trials	210607TX	p47	Z11111	19	6.0	0.0	3745.082759082312	3745.3096390995634
3745.373039115789	0.5269200172542696	trials	210607TX	p47	Z11111	105	34.0	2.0	3745.5230391157893	3745.7499591330434
3745.8333591507903	0.5268800172511874	trials	210607TX	p47	Z11111	18	5.0	2.0	3745.9833591507904	3746.2102391680414
3746.2736391842677	0.5269200172542696	trials	210607TX	p47	Z11111	116	38.0	1.0	3746.423639184268	3746.650559201522
3746.7039192169846	0.5269200172542696	trials	210607TX	p47	Z11111	90	29.0	2.0	3746.8539192169847	3747.0808392342387
3750.876719534269	0.5069200157336127	trials	210607TX	p47	Z11111	0			3751.026719534269	3751.2336395500024
3751.286999565465	0.5269200172542696	trials	210607TX	p47	Z11111	108	35.0	2.0	3751.436999565465	3751.6639195827192
3751.7273195989455	0.5269200172542696	trials	210607TX	p47	Z11111	95	31.0	1.0	3751.8773195989456	3752.1042396161997
3752.1575996316624	0.5269200172542696	trials	210607TX	p47	Z11111	76	25.0	0.0	3752.3075996316625	3752.5345196489166
3752.5978796651398	0.5269200172542696	trials	210607TX	p47	Z11111	34	11.0	0.0	3752.74787966514	3752.974799682394
3753.0281996978597	0.5268800172511874	trials	210607TX	p47	Z11111	46	15.0	0.0	3753.17819969786	3753.405079715111
3753.4584797305765	0.5369200180148255	trials	210607TX	p47	Z11111	111	36.0	2.0	3753.6084797305766	3753.8453997485913
3761.4938803415594	0.5069200157336127	trials	210607TX	p47	Z11111	100	33.0	0.0	3761.6438803415595	3761.850800357293
3761.9041603727555	0.5068800157305304	trials	210607TX	p47	Z11111	77	25.0	1.0	3762.0541603727556	3762.261040388486
3762.3444404062325	0.5269200172547244	trials	210607TX	p47	Z11111	88	29.0	0.0	3762.4944404062326	3762.721360423487
3762.774760438953	0.4968800149699746	trials	210607TX	p47	Z11111	52	17.0	0.0	3762.924760438953	3763.1216404539227
3765.6066406542786	0.5069200157336127	trials	210607TX	p47	Z11111	70	23.0	0.0	3765.7566406542787	3765.963560670012
3766.026920686235	0.5269200172547244	trials	210607TX	p47	Z11111	82	27.0	0.0	3766.176920686235	3766.4038407034895
3766.457240718955	0.5268800172516421	trials	210607TX	p47	Z11111	22	7.0	0.0	3766.607240718955	3766.8341207362064
3766.8975207524322	0.5269200172542696	trials	210607TX	p47	Z11111	69	22.0	2.0	3767.0475207524323	3767.2744407696864
3767.327800785149	0.5269200172542696	trials	210607TX	p47	Z11111	57	18.0	2.0	3767.477800785149	3767.7047208024032
3767.7581208178694	0.5368800180112885	trials	210607TX	p47	Z11111	13	4.0	0.0	3767.9081208178695	3768.1450008358806
3768.2284408536307	0.49688001497042933	trials	210607TX	p47	Z11111	33	10.0	2.0	3768.3784408536308	3768.575320868601
3772.081001146565	0.5069200157340674	trials	210607TX	p47	Z11111	26	8.0	1.0	3772.231001146565	3772.437921162299
3772.501281178522	0.5269200172542696	trials	210607TX	p47	Z11111	80	26.0	1.0	3772.651281178522	3772.878201195776
3772.961601213523	0.49688001497042933	trials	210607TX	p47	Z11111	36	11.0	2.0	3773.111601213523	3773.3084812284933
3773.4019212470034	0.5268800172511874	trials	210607TX	p47	Z11111	59	19.0	1.0	3773.5519212470035	3773.7788012642545
3773.8322012797203	0.5268800172511874	trials	210607TX	p47	Z11111	35	11.0	1.0	3773.9822012797204	3774.2090812969714
3774.2724813131977	0.5269200172542696	trials	210607TX	p47	Z11111	2	0.0	1.0	3774.4224813131977	3774.649401330452
3774.7027613459145	0.5269200172542696	trials	210607TX	p47	Z11111	68	22.0	1.0	3774.8527613459146	3775.0796813631687
3776.984321519396	0.5068800157305304	trials	210607TX	p47	Z11111	11	3.0	1.0	3777.134321519396	3777.3412015351264
3777.394601550592	0.5268800172511874	trials	210607TX	p47	Z11111	106	35.0	0.0	3777.5446015505922	3777.7714815678432
3777.824881583309	0.5068800157305304	trials	210607TX	p47	Z11111	1	0.0	0.0	3777.974881583309	3778.1817615990394
3778.2651616167864	0.5269200172542696	trials	210607TX	p47	Z11111	72	23.0	2.0	3778.4151616167865	3778.6420816340406
3778.6954816495063	0.5369200180148255	trials	210607TX	p47	Z11111	103	34.0	0.0	3778.8454816495064	3779.082401667521
3779.1658016852675	0.5268800172516421	trials	210607TX	p47	Z11111	118	39.0	0.0	3779.3158016852676	3779.542681702519
3779.606081718745	0.5269200172542696	trials	210607TX	p47	Z11111	21	6.0	2.0	3779.756081718745	3779.983001735999
3783.488682013964	0.5069200157331579	trials	210607TX	p47	Z11111	67	22.0	0.0	3783.638682013964	3783.845602029697
3783.89896204516	0.5269200172547244	trials	210607TX	p47	Z11111	47	15.0	1.0	3784.04896204516	3784.2758820624144
3784.3392820786403	0.5268800172511874	trials	210607TX	p47	Z11111	94	31.0	0.0	3784.4892820786404	3784.7161620958914
3784.7695621113576	0.5269200172542696	trials	210607TX	p47	Z11111	117	38.0	2.0	3784.9195621113577	3785.1464821286118
3785.2098421448345	0.5269200172542696	trials	210607TX	p47	Z11111	14	4.0	1.0	3785.3598421448346	3785.5867621620887
3785.6401621775544	0.49688001497042933	trials	210607TX	p47	Z11111	49	16.0	0.0	3785.7901621775545	3785.9870421925248
3786.0704422102713	0.5369200180148255	trials	210607TX	p47	Z11111	96	31.0	2.0	3786.2204422102714	3786.457362228286
3790.0631225138604	0.5068800157305304	trials	210607TX	p47	Z11111	5	1.0	1.0	3790.2131225138605	3790.420002529591
3790.4734025450566	0.5269200172542696	trials	210607TX	p47	Z11111	24	7.0	2.0	3790.6234025450567	3790.850322562311
3790.913682578534	0.5269200172542696	trials	210607TX	p47	Z11111	74	24.0	1.0	3791.063682578534	3791.290602595788
3791.343962611251	0.5269200172542696	trials	210607TX	p47	Z11111	65	21.0	1.0	3791.493962611251	3791.720882628505
3791.7742826439708	0.5369200180148255	trials	210607TX	p47	Z11111	28	9.0	0.0	3791.924282643971	3792.1612026619855
3792.244602679732	0.49688001497042933	trials	210607TX	p47	Z11111	0			3792.394602679732	3792.5914826947023
3792.6848827132094	0.5269200172542696	trials	210607TX	p47	Z11111	114	37.0	2.0	3792.8348827132095	3793.0618027304636
3796.587523009952	0.5068800157305304	trials	210607TX	p47	Z11111	102	33.0	2.0	3796.737523009952	3796.9444030256823
3796.997803041148	0.5268800172516421	trials	210607TX	p47	Z11111	104	34.0	1.0	3797.147803041148	3797.3746830583996
3799.479443229843	0.5069200157336127	trials	210607TX	p47	Z11111	43	14.0	0.0	3799.629443229843	3799.8363632455766
3799.8897232610393	0.5269200172542696	trials	210607TX	p47	Z11111	37	12.0	0.0	3800.0397232610394	3800.2666432782935
3800.320003293756	0.5369200180148255	trials	210607TX	p47	Z11111	0			3800.4700032937562	3800.706923311771
3800.7603233272366	0.5269200172542696	trials	210607TX	p47	Z11111	119	39.0	1.0	3800.9103233272367	3801.137243344491
3801.1906033599535	0.5369200180148255	trials	210607TX	p47	Z11111	12	3.0	2.0	3801.3406033599535	3801.577523377968
3801.6609233957147	0.49688001497042933	trials	210607TX	p47	Z11111	15	4.0	2.0	3801.810923395715	3802.007803410685
3802.101243429195	0.5268800172511874	trials	210607TX	p47	Z11111	92	30.0	1.0	3802.2512434291953	3802.4781234464463
3806.003843725935	0.5069200157331579	trials	210607TX	p47	Z11111	55	18.0	0.0	3806.153843725935	3806.360763741668
3808.7056839313727	0.5068800157305304	trials	210607TX	p47	Z11111	45	14.0	2.0	3808.855683931373	3809.062563947103
3809.1259639633295	0.5268800172511874	trials	210607TX	p47	Z11111	23	7.0	1.0	3809.2759639633296	3809.5028439805806
3809.5562439960463	0.5269200172542696	trials	210607TX	p47	Z11111	53	17.0	1.0	3809.7062439960464	3809.9331640133005
3809.9965240295237	0.5269200172542696	trials	210607TX	p47	Z11111	31	10.0	0.0	3810.146524029524	3810.373444046778
3810.456844064525	0.5369200180143707	trials	210607TX	p47	Z11111	8	2.0	1.0	3810.606844064525	3810.843764082539
3810.8971240980018	0.5269200172547244	trials	210607TX	p47	Z11111	62	20.0	1.0	3811.047124098002	3811.2740441152564
3811.3274441307217	0.5268800172516421	trials	210607TX	p47	Z11111	20	6.0	1.0	3811.477444130722	3811.7043241479732
3815.320124434311	0.5068800157305304	trials	210607TX	p47	Z11111	38	12.0	1.0	3815.470124434311	3815.6770044500413
3815.730404465507	0.5269200172542696	trials	210607TX	p47	Z11111	3	0.0	2.0	3815.880404465507	3816.107324482761
3816.160684498224	0.5269200172542696	trials	210607TX	p47	Z11111	25	8.0	0.0	3816.310684498224	3816.537604515478
3816.6009645317013	0.5269200172542696	trials	210607TX	p47	Z11111	78	25.0	2.0	3816.7509645317014	3816.9778845489554
3817.031284564421	0.5268800172511874	trials	210607TX	p47	Z11111	32	10.0	1.0	3817.1812845644213	3817.4081645816723
3817.4715645978986	0.5269200172542696	trials	210607TX	p47	Z11111	109	36.0	0.0	3817.6215645978987	3817.8484846151528
3817.9018446306154	0.5269200172542696	trials	210607TX	p47	Z11111	4	1.0	0.0	3818.0518446306155	3818.2787646478696
3821.9546049387723	0.5068800157305304	trials	210607TX	p47	Z11111	54	17.0	2.0	3822.1046049387724	3822.3114849545027
3822.40488497301	0.4968800149699746	trials	210607TX	p47	Z11111	87	28.0	2.0	3822.5548849730103	3822.75176498798
3822.835165005727	0.5369200180148255	trials	210607TX	p47	Z11111	89	29.0	1.0	3822.985165005727	3823.222085023742
3823.3054850414887	0.5269200172542696	trials	210607TX	p47	Z11111	60	19.0	2.0	3823.455485041489	3823.682405058743
3823.735805074208	0.536880018012198	trials	210607TX	p47	Z11111	84	27.0	2.0	3823.8858050742083	3824.1226850922203
3824.206085109967	0.5269200172542696	trials	210607TX	p47	Z11111	46	15.0	0.0	3824.356085109967	3824.583005127221
3824.6464051434473	0.5269200172542696	trials	210607TX	p47	Z11111	115	38.0	0.0	3824.7964051434474	3825.0233251607015
3828.529005438666	0.5069200157336127	trials	210607TX	p47	Z11111	74	24.0	1.0	3828.679005438666	3828.8859254543995
3828.939285469862	0.5269200172542696	trials	210607TX	p47	Z11111	16	5.0	0.0	3829.0892854698623	3829.3162054871163
3829.379605503342	0.5268800172516421	trials	210607TX	p47	Z11111	0			3829.5296055033423	3829.7564855205937
3829.8098855360595	0.5268800172511874	trials	210607TX	p47	Z11111	5	1.0	1.0	3829.9598855360596	3830.1867655533106
3830.250165569537	0.5269200172542696	trials	210607TX	p47	Z11111	56	18.0	1.0	3830.400165569537	3830.627085586791
3830.6804456022537	0.5269200172542696	trials	210607TX	p47	Z11111	1	0.0	0.0	3830.830445602254	3831.057365619508
3831.1107656349736	0.5368800180117432	trials	210607TX	p47	Z11111	34	11.0	0.0	3831.2607656349737	3831.4976456529853
3835.063405935518	0.5069200157336127	trials	210607TX	p47	Z11111	33	10.0	2.0	3835.213405935518	3835.4203259512515
3835.4836859674747	0.5269200172542696	trials	210607TX	p47	Z11111	101	33.0	1.0	3835.633685967475	3835.860605984729
3835.9140060001946	0.5268800172511874	trials	210607TX	p47	Z11111	19	6.0	0.0	3836.0640060001947	3836.2908860174457
3836.3442860329114	0.5068800157305304	trials	210607TX	p47	Z11111	104	34.0	1.0	3836.4942860329115	3836.701166048642
3836.784566066389	0.5269200172542696	trials	210607TX	p47	Z11111	81	26.0	2.0	3836.934566066389	3837.161486083643
3837.25488610215	0.5269200172542696	trials	210607TX	p47	Z11111	70	23.0	0.0	3837.40488610215	3837.6318061194042
3837.685166134867	0.5269200172547244	trials	210607TX	p47	Z11111	0			3837.835166134867	3838.0620861521215
3841.5077664255236	0.5068800157305304	trials	210607TX	p47	Z11111	8	2.0	1.0	3841.6577664255237	3841.864646441254
3841.9180064567167	0.5269200172542696	trials	210607TX	p47	Z11111	107	35.0	1.0	3842.068006456717	3842.294926473971
3842.358326490197	0.5269200172542696	trials	210607TX	p47	Z11111	39	12.0	2.0	3842.5083264901973	3842.7352465074514
3842.788606522914	0.5269200172542696	trials	210607TX	p47	Z11111	114	37.0	2.0	3842.938606522914	3843.1655265401682
3843.2288865563914	0.5269200172542696	trials	210607TX	p47	Z11111	66	21.0	2.0	3843.3788865563915	3843.6058065736456
3843.6592065891114	0.5268800172511874	trials	210607TX	p47	Z11111	62	20.0	1.0	3843.8092065891115	3844.0360866063625
3844.089486621828	0.5369200180148255	trials	210607TX	p47	Z11111	79	26.0	0.0	3844.2394866218283	3844.476406639843
3848.0621669238967	0.5068800157305304	trials	210607TX	p47	Z11111	15	4.0	2.0	3848.212166923897	3848.419046939627
3848.4724469550924	0.5268800172516421	trials	210607TX	p47	Z11111	27	8.0	2.0	3848.6224469550925	3848.849326972344
3848.91272698857	0.5269200172542696	trials	210607TX	p47	Z11111	32	10.0	1.0	3849.06272698857	3849.289647005824
3849.3430070212867	0.5269200172542696	trials	210607TX	p47	Z11111	90	29.0	2.0	3849.4930070212868	3849.719927038541
3849.783327054767	0.5268800172511874	trials	210607TX	p47	Z11111	26	8.0	1.0	3849.9333270547672	3850.1602070720182
3850.213607087484	0.5269200172542696	trials	210607TX	p47	Z11111	67	22.0	0.0	3850.363607087484	3850.590527104738
3850.6538871209614	0.5269200172542696	trials	210607TX	p47	Z11111	58	19.0	0.0	3850.8038871209615	3851.0308071382156
3854.556527417704	0.5069200157336127	trials	210607TX	p47	Z11111	113	37.0	1.0	3854.706527417704	3854.9134474334373
3857.6786476550983	0.5068800157309852	trials	210607TX	p47	Z11111	52	17.0	0.0	3857.8286476550984	3858.035527670829
3858.088927686295	0.5368800180117432	trials	210607TX	p47	Z11111	12	3.0	2.0	3858.238927686295	3858.4758077043066
3858.5292077197723	0.5269200172542696	trials	210607TX	p47	Z11111	89	29.0	1.0	3858.6792077197724	3858.9061277370265
3858.959487752489	0.5269200172542696	trials	210607TX	p47	Z11111	7	2.0	0.0	3859.1094877524893	3859.3364077697433
3859.399807785969	0.5268800172516421	trials	210607TX	p47	Z11111	100	33.0	0.0	3859.5498077859693	3859.7766878032207
3859.830087818686	0.5269200172547244	trials	210607TX	p47	Z11111	53	17.0	1.0	3859.980087818686	3860.2070078359407
3860.2703678521634	0.5269200172542696	trials	210607TX	p47	Z11111	78	25.0	2.0	3860.4203678521635	3860.6472878694176
3864.153008147385	0.5068800157305304	trials	210607TX	p47	Z11111	43	14.0	0.0	3864.3030081473853	3864.5098881631156
3864.563288178582	0.5268800172511874	trials	210607TX	p47	Z11111	25	8.0	0.0	3864.713288178582	3864.940168195833
3865.003568212059	0.5269200172547244	trials	210607TX	p47	Z11111	117	38.0	2.0	3865.153568212059	3865.3804882293134
3865.46388824706	0.49688001497042933	trials	210607TX	p47	Z11111	6	1.0	2.0	3865.61388824706	3865.8107682620303
3865.9041682805373	0.5269200172542696	trials	210607TX	p47	Z11111	31	10.0	0.0	3866.0541682805374	3866.2810882977915
3866.334448313254	0.49688001497042933	trials	210607TX	p47	Z11111	4	1.0	0.0	3866.4844483132542	3866.6813283282245
3866.7747683467346	0.5268800172511874	trials	210607TX	p47	Z11111	11	3.0	1.0	3866.9247683467347	3867.1516483639857
3870.6373686404327	0.5068800157305304	trials	210607TX	p47	Z11111	36	11.0	2.0	3870.7873686404328	3870.994248656163
3871.057648672389	0.5269200172542696	trials	210607TX	p47	Z11111	24	7.0	2.0	3871.207648672389	3871.434568689643
3871.487928705106	0.49688001497042933	trials	210607TX	p47	Z11111	50	16.0	1.0	3871.637928705106	3871.834808720076
3871.918208737823	0.5369200180143707	trials	210607TX	p47	Z11111	86	28.0	1.0	3872.068208737823	3872.3051287558374
3872.3885287735843	0.49688001497042933	trials	210607TX	p47	Z11111	120	39.0	2.0	3872.5385287735844	3872.7354087885547
3872.828848807065	0.5268800172511874	trials	210607TX	p47	Z11111	108	35.0	2.0	3872.978848807065	3873.205728824316
3873.289128842063	0.5069200157336127	trials	210607TX	p47	Z11111	59	19.0	1.0	3873.439128842063	3873.6460488577964
3877.2518091433703	0.49688001497042933	trials	210607TX	p47	Z11111	80	26.0	1.0	3877.4018091433704	3877.5986891583407
3877.6620891745665	0.5269200172542696	trials	210607TX	p47	Z11111	71	23.0	1.0	3877.8120891745666	3878.0390091918207
3878.0923692072834	0.5269200172547244	trials	210607TX	p47	Z11111	37	12.0	0.0	3878.2423692072834	3878.469289224538
3880.744169408917	0.5068800157305304	trials	210607TX	p47	Z11111	42	13.0	2.0	3880.894169408917	3881.1010494246475
3881.154449440113	0.49688001497042933	trials	210607TX	p47	Z11111	35	11.0	1.0	3881.304449440113	3881.501329455083
3881.554729470549	0.5268800172511874	trials	210607TX	p47	Z11111	14	4.0	1.0	3881.704729470549	3881.9316094878
3881.9950095040263	0.5269200172542696	trials	210607TX	p47	Z11111	10	3.0	0.0	3882.1450095040263	3882.3719295212804
3882.425289536743	0.5269200172542696	trials	210607TX	p47	Z11111	22	7.0	0.0	3882.575289536743	3882.8022095539973
3882.8656095702236	0.5268800172511874	trials	210607TX	p47	Z11111	51	16.0	2.0	3883.0156095702237	3883.2424895874747
3883.2958896029404	0.5268800172511874	trials	210607TX	p47	Z11111	63	20.0	2.0	3883.4458896029405	3883.6727696201915
3887.1284498943546	0.5069200157331579	trials	210607TX	p47	Z11111	65	21.0	1.0	3887.2784498943547	3887.4853699100877
3887.548729926311	0.5269200172542696	trials	210607TX	p47	Z11111	18	5.0	2.0	3887.698729926311	3887.925649943565
3890.110450121095	0.5069200157336127	trials	210607TX	p47	Z11111	76	25.0	0.0	3890.260450121095	3890.4673701368283
3890.520730152291	0.5269200172542696	trials	210607TX	p47	Z11111	93	30.0	2.0	3890.670730152291	3890.897650169545
3890.951050185011	0.49688001497042933	trials	210607TX	p47	Z11111	61	20.0	0.0	3891.101050185011	3891.2979301999812
3891.361330216207	0.5268800172511874	trials	210607TX	p47	Z11111	68	22.0	1.0	3891.511330216207	3891.738210233458
3891.791610248924	0.5268800172516421	trials	210607TX	p47	Z11111	0			3891.941610248924	3892.1684902661755
3892.2218902816408	0.5369200180148255	trials	210607TX	p47	Z11111	30	9.0	2.0	3892.371890281641	3892.6088102996555
3892.662170315118	0.5269200172542696	trials	210607TX	p47	Z11111	69	22.0	2.0	3892.8121703151182	3893.0390903323723
3896.734930624796	0.5068800157305304	trials	210607TX	p47	Z11111	0			3896.884930624796	3897.0918106405265
3897.1752106582735	0.5269200172542696	trials	210607TX	p47	Z11111	102	33.0	2.0	3897.3252106582736	3897.5521306755277
3897.615530691754	0.5268800172511874	trials	210607TX	p47	Z11111	105	34.0	2.0	3897.765530691754	3897.992410709005
3898.045810724471	0.5269200172542696	trials	210607TX	p47	Z11111	60	19.0	2.0	3898.195810724471	3898.422730741725
3898.486090757948	0.5269200172542696	trials	210607TX	p47	Z11111	96	31.0	2.0	3898.6360907579483	3898.8630107752024
3898.9164107906677	0.5268800172516421	trials	210607TX	p47	Z11111	41	13.0	1.0	3899.0664107906678	3899.293290807919
3899.356690824145	0.5269200172542696	trials	210607TX	p47	Z11111	54	17.0	2.0	3899.506690824145	3899.7336108413992
3903.099211108713	0.5068800157305304	trials	210607TX	p47	Z11111	40	13.0	0.0	3903.249211108713	3903.4560911244434
3903.5194911406693	0.5269200172542696	trials	210607TX	p47	Z11111	72	23.0	2.0	3903.6694911406694	3903.8964111579235
3903.949771173386	0.5269200172542696	trials	210607TX	p47	Z11111	47	15.0	1.0	3904.099771173386	3904.3266911906403
3904.3900912068666	0.5268800172511874	trials	210607TX	p47	Z11111	83	27.0	1.0	3904.5400912068667	3904.7669712241177
3904.8203712395834	0.5269200172547244	trials	210607TX	p47	Z11111	116	38.0	1.0	3904.9703712395835	3905.197291256838
3905.2506512723003	0.5369200180148255	trials	210607TX	p47	Z11111	85	28.0	0.0	3905.4006512723004	3905.637571290315
3905.6909713057807	0.5268800172516421	trials	210607TX	p47	Z11111	97	32.0	0.0	3905.840971305781	3906.0678513230323
3909.4634915926295	0.5068800157305304	trials	210607TX	p47	Z11111	3	0.0	2.0	3909.6134915926295	3909.82037160836
3909.883771624586	0.5369200180143707	trials	210607TX	p47	Z11111	57	18.0	2.0	3910.0337716245863	3910.2706916426005
3910.3540916603474	0.49688001497042933	trials	210607TX	p47	Z11111	44	14.0	1.0	3910.5040916603475	3910.7009716753178
3910.7543716907835	0.5369200180148255	trials	210607TX	p47	Z11111	84	27.0	2.0	3910.9043716907836	3911.1412917087982
3911.194651724261	0.5269200172542696	trials	210607TX	p47	Z11111	21	6.0	2.0	3911.344651724261	3911.571571741515
3911.6249317569777	0.5269200172542696	trials	210607TX	p47	Z11111	118	39.0	0.0	3911.774931756978	3912.001851774232
3912.0652517904578	0.5268800172516421	trials	210607TX	p47	Z11111	73	24.0	0.0	3912.215251790458	3912.4421318077093
3915.927852084156	0.5068800157305304	trials	210607TX	p47	Z11111	109	36.0	0.0	3916.077852084156	3916.2847320998862
3916.3481321161125	0.5269200172542696	trials	210607TX	p47	Z11111	111	36.0	2.0	3916.4981321161126	3916.7250521333667
3916.7784121488294	0.5269200172547244	trials	210607TX	p47	Z11111	99	32.0	2.0	3916.9284121488295	3917.155332166084
3917.2086921815467	0.5369200180148255	trials	210607TX	p47	Z11111	20	6.0	1.0	3917.3586921815468	3917.5956121995614
3917.6790122173074	0.49692001497351157	trials	210607TX	p47	Z11111	48	15.0	2.0	3917.8290122173075	3918.025932232281
3918.1193322507884	0.5268800172511874	trials	210607TX	p47	Z11111	2	0.0	1.0	3918.2693322507885	3918.4962122680395
3918.549612283505	0.4968800149699746	trials	210607TX	p47	Z11111	28	9.0	0.0	3918.6996122835053	3918.896492298475
3922.482252582529	0.5069200157331579	trials	210607TX	p47	Z11111	98	32.0	1.0	3922.632252582529	3922.839172598262
3922.902532614485	0.5269200172542696	trials	210607TX	p47	Z11111	64	21.0	0.0	3923.0525326144852	3923.2794526317393
3923.332852647205	0.5268800172511874	trials	210607TX	p47	Z11111	75	24.0	2.0	3923.482852647205	3923.709732664456
3923.7731326806825	0.5269200172547244	trials	210607TX	p47	Z11111	112	37.0	0.0	3923.9231326806826	3924.150052697937
3924.2034127133993	0.5269200172547244	trials	210607TX	p47	Z11111	13	4.0	0.0	3924.3534127133994	3924.580332730654
3924.6436927468767	0.5269200172547244	trials	210607TX	p47	Z11111	82	27.0	0.0	3924.793692746877	3925.0206127641313
3925.0740127795966	0.5268800172516421	trials	210607TX	p47	Z11111	95	31.0	1.0	3925.2240127795967	3925.450892796848
3928.9966530778597	0.5068800157309852	trials	210607TX	p47	Z11111	17	5.0	1.0	3929.14665307786	3929.3535330935906
3929.4069331090564	0.5268800172507326	trials	210607TX	p47	Z11111	87	28.0	2.0	3929.5569331090564	3929.783813126307
3929.837213141773	0.5369200180148255	trials	210607TX	p47	Z11111	77	25.0	1.0	3929.9872131417733	3930.224133159788
3930.2774931752506	0.5269200172542696	trials	210607TX	p47	Z11111	94	31.0	0.0	3930.4274931752507	3930.6544131925048
3933.5296934225357	0.5068800157305304	trials	210607TX	p47	Z11111	45	14.0	2.0	3933.679693422536	3933.886573438266
3933.9399734537324	0.5269200172542696	trials	210607TX	p47	Z11111	38	12.0	1.0	3934.0899734537325	3934.3168934709865
3934.370253486449	0.5269200172542696	trials	210607TX	p47	Z11111	103	34.0	0.0	3934.5202534864493	3934.7471735037034
3934.810573519929	0.5268800172516421	trials	210607TX	p47	Z11111	29	9.0	1.0	3934.9605735199293	3935.1874535371808
3935.240853552646	0.5269200172547244	trials	210607TX	p47	Z11111	9	2.0	2.0	3935.390853552646	3935.6177735699007
3935.6811335861235	0.5269200172542696	trials	210607TX	p47	Z11111	49	16.0	0.0	3935.8311335861235	3936.0580536033776
3936.1414536211246	0.5369200180148255	trials	210607TX	p47	Z11111	110	36.0	1.0	3936.2914536211247	3936.5283736391393
3940.094093921669	0.5069200157336127	trials	210607TX	p47	Z11111	23	7.0	1.0	3940.244093921669	3940.4510139374024
3940.5144139536287	0.5268800172511874	trials	210607TX	p47	Z11111	106	35.0	0.0	3940.664413953629	3940.89129397088
3940.944693986345	0.5269200172547244	trials	210607TX	p47	Z11111	92	30.0	1.0	3941.094693986345	3941.3216140035997
3941.3849740198225	0.5269200172547244	trials	210607TX	p47	Z11111	55	18.0	0.0	3941.5349740198226	3941.761894037077
3941.81525405254	0.5269200172542696	trials	210607TX	p47	Z11111	88	29.0	0.0	3941.96525405254	3942.192174069794
3942.2455740852597	0.5369200180148255	trials	210607TX	p47	Z11111	119	39.0	1.0	3942.39557408526	3942.6324941032744
3942.685854118737	0.5269200172542696	trials	210607TX	p47	Z11111	91	30.0	0.0	3942.835854118737	3943.0627741359913
