onset	duration	nwb_table	ses_ID	pen_ID	sub_ID	cond_ID	stim_ID	rotation	luminance	pdOnTS	pdOffTS
647.5247170717782	0.5071200380214123	trials	210420SL	p11	Z11111	286	0.0	135.0	12	647.6747170717782	647.8818371097997
647.9449971489299	0.5171200398572182	trials	210420SL	p11	Z11111	247	6.0	0.0	12	648.0949971489299	648.3121171887872
648.3652772260817	0.49712003618572	trials	210420SL	p11	Z11111	203	7.0	225.0	8	648.5152772260817	648.7123972622675
648.7755573013977	0.5271200416929105	trials	210420SL	p11	Z11111	293	7.0	135.0	12	648.9255573013977	649.1526773430907
649.2058373803852	0.49712003618572	trials	210420SL	p11	Z11111	166	0.0	135.0	8	649.3558373803852	649.552957416571
649.6061174538655	0.49708003617831764	trials	210420SL	p11	Z11111	357	11.0	315.0	12	649.7561174538655	649.9531974900439
650.036397532853	0.5071200380214123	trials	210420SL	p11	Z11111	83	7.0	225.0	4	650.186397532853	650.3935175708745
653.7388782125256	0.5071200380215259	trials	210420SL	p11	Z11111	341	10.0	270.0	12	653.8888782125256	654.0959982505472
654.1591582896774	0.5271600417001991	trials	210420SL	p11	Z11111	250	9.0	0.0	12	654.3091582896774	654.5363183313776
654.5894383686649	0.49712003618572	trials	210420SL	p11	Z11111	279	8.0	90.0	12	654.7394383686649	654.9365584048506
654.9897184421452	0.49712003618572	trials	210420SL	p11	Z11111	251	10.0	0.0	12	655.1397184421452	655.336838478331
655.4300385229757	0.49708003617843133	trials	210420SL	p11	Z11111	91	0.0	270.0	4	655.5800385229757	655.7771185591541
655.8302785964487	0.5271600417001991	trials	210420SL	p11	Z11111	327	11.0	225.0	12	655.9802785964487	656.2074386381489
656.2605986754435	0.49708003617843133	trials	210420SL	p11	Z11111	70	9.0	180.0	4	656.4105986754435	656.6076787116219
660.0031193624664	0.5071200380214123	trials	210420SL	p11	Z11111	188	7.0	180.0	8	660.1531193624663	660.3602394004878
662.5047998217054	0.5071200380214123	trials	210420SL	p11	Z11111	353	7.0	315.0	12	662.6547998217054	662.8619198597269
662.9150398970141	0.5071600380287009	trials	210420SL	p11	Z11111	342	11.0	270.0	12	663.0650398970141	663.2721999350429
663.3553599778446	0.49712003618572	trials	210420SL	p11	Z11111	231	5.0	315.0	8	663.5053599778446	663.7024800140304
663.7556400513249	0.49712003618572	trials	210420SL	p11	Z11111	278	7.0	90.0	12	663.9056400513249	664.1027600875107
664.1859201303124	0.49712003618572	trials	210420SL	p11	Z11111	309	8.0	180.0	12	664.3359201303124	664.5330401664982
664.5962002056285	0.49712003618572	trials	210420SL	p11	Z11111	9	8.0	0.0	4	664.7462002056285	664.9433202418143
665.0264802846159	0.49712003618572	trials	210420SL	p11	Z11111	160	9.0	90.0	8	665.1764802846159	665.3736003208016
668.4988009220376	0.5071200380214123	trials	210420SL	p11	Z11111	138	2.0	45.0	8	668.6488009220376	668.855920960059
668.9090809973536	0.49712003618572	trials	210420SL	p11	Z11111	181	0.0	180.0	8	669.0590809973536	669.2562010335394
669.3394010763484	0.49708003617843133	trials	210420SL	p11	Z11111	318	2.0	225.0	12	669.4894010763484	669.6864811125268
669.7396411498214	0.5071200380214123	trials	210420SL	p11	Z11111	35	4.0	90.0	4	669.8896411498214	670.0967611878428
670.1799612306519	0.49712003618583367	trials	210420SL	p11	Z11111	176	10.0	135.0	8	670.3299612306519	670.5270812668377
670.5802413041323	0.5271200416927968	trials	210420SL	p11	Z11111	26	10.0	45.0	4	670.7302413041323	670.9573613458251
671.0105213831197	0.5071200380215259	trials	210420SL	p11	Z11111	52	6.0	135.0	4	671.1605213831197	671.3676414211412
674.7630420719784	0.5071200380214123	trials	210420SL	p11	Z11111	126	5.0	0.0	8	674.9130420719783	675.1201621099998
675.18332214913	0.49712003618572	trials	210420SL	p11	Z11111	254	13.0	0.0	12	675.33332214913	675.5304421853158
675.6136022281175	0.49712003618572	trials	210420SL	p11	Z11111	79	3.0	225.0	4	675.7636022281175	675.9607222643033
676.0138823015978	0.49712003618572	trials	210420SL	p11	Z11111	355	9.0	315.0	12	676.1638823015978	676.3610023377836
676.4441623805853	0.5071200380214123	trials	210420SL	p11	Z11111	219	8.0	270.0	8	676.5941623805853	676.8012824186068
676.8544424559013	0.5271200416929105	trials	210420SL	p11	Z11111	147	11.0	45.0	8	677.0044424559013	677.2315624975943
677.2847225348888	0.49712003618572	trials	210420SL	p11	Z11111	150	14.0	45.0	8	677.4347225348888	677.6318425710746
680.837123187011	0.5071200380214123	trials	210420SL	p11	Z11111	29	13.0	45.0	4	680.987123187011	681.1942432250324
681.2574032641627	0.5171200398572182	trials	210420SL	p11	Z11111	88	12.0	225.0	4	681.4074032641627	681.6245233040199
681.6876833431502	0.49712003618572	trials	210420SL	p11	Z11111	289	3.0	135.0	12	681.8376833431502	682.0348033793359
682.118003422145	0.49708003617843133	trials	210420SL	p11	Z11111	50	4.0	135.0	4	682.268003422145	682.4650834583234
682.518243495618	0.49712003618572	trials	210420SL	p11	Z11111	23	7.0	45.0	4	682.668243495618	682.8653635318037
682.928523570934	0.5271600417003128	trials	210420SL	p11	Z11111	81	5.0	225.0	4	683.078523570934	683.3056836126343
683.3588436499289	0.5271200416927968	trials	210420SL	p11	Z11111	268	12.0	45.0	12	683.5088436499288	683.7359636916217
686.8912042983721	0.5071200380214123	trials	210420SL	p11	Z11111	99	8.0	270.0	4	687.0412042983721	687.2483243363936
687.3014843736881	0.49712003618572	trials	210420SL	p11	Z11111	135	14.0	0.0	8	687.4514843736881	687.6486044098739
687.7117644490042	0.5271200416927968	trials	210420SL	p11	Z11111	238	12.0	315.0	8	687.8617644490042	688.0888844906971
688.1420445279917	0.4971200361856063	trials	210420SL	p11	Z11111	96	5.0	270.0	4	688.2920445279917	688.4891645641774
690.45360495233	0.5071200380214123	trials	210420SL	p11	Z11111	51	5.0	135.0	4	690.60360495233	690.8107249903514
690.863885027646	0.49712003618572	trials	210420SL	p11	Z11111	73	12.0	180.0	4	691.013885027646	691.2110050638317
691.274165102962	0.49708003617843133	trials	210420SL	p11	Z11111	345	14.0	270.0	12	691.424165102962	691.6212451391405
691.7044451819495	0.49712003618572	trials	210420SL	p11	Z11111	307	6.0	180.0	12	691.8544451819495	692.0515652181352
692.134725260937	0.5371600435360051	trials	210420SL	p11	Z11111	332	1.0	270.0	12	692.284725260937	692.521885304473
692.5750453417676	0.49708003617831764	trials	210420SL	p11	Z11111	290	4.0	135.0	12	692.7250453417676	692.9221253779459
693.005325420755	0.49712003618572	trials	210420SL	p11	Z11111	153	2.0	90.0	8	693.1553254207549	693.3524454569407
696.6778060949205	0.5071200380215259	trials	210420SL	p11	Z11111	112	6.0	315.0	4	696.8278060949204	697.034926132942
697.0880861702366	0.49708003617831764	trials	210420SL	p11	Z11111	53	7.0	135.0	4	697.2380861702366	697.4351662064149
697.4883262437095	0.49712003618572	trials	210420SL	p11	Z11111	28	12.0	45.0	4	697.6383262437095	697.8354462798952
700.2201667451995	0.5071200380214123	trials	210420SL	p11	Z11111	200	4.0	225.0	8	700.3701667451995	700.577286783221
700.6304468205155	0.5071200380214123	trials	210420SL	p11	Z11111	134	13.0	0.0	8	700.7804468205155	700.987566858537
703.6024473660923	0.5071200380215259	trials	210420SL	p11	Z11111	333	2.0	270.0	12	703.7524473660923	703.9595674041138
704.0127274414084	0.49712003618572	trials	210420SL	p11	Z11111	221	10.0	270.0	8	704.1627274414084	704.3598474775941
704.4130075148887	0.5271200416929105	trials	210420SL	p11	Z11111	14	13.0	0.0	4	704.5630075148887	704.7901275565816
704.8432875938762	0.5071200380214123	trials	210420SL	p11	Z11111	145	9.0	45.0	8	704.9932875938762	705.2004076318976
705.2835676746994	0.49712003618572	trials	210420SL	p11	Z11111	62	1.0	180.0	4	705.4335676746994	705.6306877108851
705.6838477481797	0.49712003618572	trials	210420SL	p11	Z11111	288	2.0	135.0	12	705.8338477481797	706.0309677843654
706.08412782166	0.5271200416927968	trials	210420SL	p11	Z11111	335	4.0	270.0	12	706.23412782166	706.4612478633528
709.5664484609173	0.5171600398646206	trials	210420SL	p11	Z11111	92	1.0	270.0	4	709.7164484609173	709.9336085007819
709.9867285380691	0.5271600417001991	trials	210420SL	p11	Z11111	206	10.0	225.0	8	710.1367285380691	710.3638885797693
710.4170486170639	0.49712003618572	trials	210420SL	p11	Z11111	233	7.0	315.0	8	710.5670486170638	710.7641686532496
710.8473286960514	0.5071200380214123	trials	210420SL	p11	Z11111	204	8.0	225.0	8	710.9973286960513	711.2044487340728
711.2876087768745	0.49712003618572	trials	210420SL	p11	Z11111	354	8.0	315.0	12	711.4376087768745	711.6347288130603
711.6878888503549	0.49712003618572	trials	210420SL	p11	Z11111	170	4.0	135.0	8	711.8378888503548	712.0350088865406
712.1181689293423	0.5071200380214123	trials	210420SL	p11	Z11111	158	7.0	90.0	8	712.2681689293423	712.4752889673638
715.6105295704428	0.5071200380214123	trials	210420SL	p11	Z11111	30	14.0	45.0	4	715.7605295704428	715.9676496084643
716.0208096457588	0.49712003618572	trials	210420SL	p11	Z11111	146	10.0	45.0	8	716.1708096457588	716.3679296819446
716.4210897192391	0.5271200416929105	trials	210420SL	p11	Z11111	68	7.0	180.0	4	716.5710897192391	716.7982097609321
716.8613698000623	0.49712003618572	trials	210420SL	p11	Z11111	312	11.0	180.0	12	717.0113698000623	717.2084898362481
717.2616498735426	0.5271200416929105	trials	210420SL	p11	Z11111	269	13.0	45.0	12	717.4116498735426	717.6387699152356
717.6919299525301	0.49712003618572	trials	210420SL	p11	Z11111	222	11.0	270.0	8	717.8419299525301	718.0390499887159
718.1222100315176	0.5071200380214123	trials	210420SL	p11	Z11111	317	1.0	225.0	12	718.2722100315176	718.4793300695391
721.6746106836397	0.5071200380215259	trials	210420SL	p11	Z11111	190	9.0	180.0	8	721.8246106836397	722.0317307216612
722.0948907607915	0.49712003618572	trials	210420SL	p11	Z11111	89	13.0	225.0	4	722.2448907607915	722.4420107969772
722.4951708342718	0.49712003618572	trials	210420SL	p11	Z11111	63	2.0	180.0	4	722.6451708342718	722.8422908704575
722.9254509132592	0.5271600417003128	trials	210420SL	p11	Z11111	211	0.0	270.0	8	723.0754509132591	723.3026109549595
723.3657709940898	0.49708003617843133	trials	210420SL	p11	Z11111	162	11.0	90.0	8	723.5157709940897	723.7128510302682
723.7660110675628	0.49712003618572	trials	210420SL	p11	Z11111	168	2.0	135.0	8	723.9160110675627	724.1131311037485
724.1963311465576	0.49708003617843133	trials	210420SL	p11	Z11111	131	10.0	0.0	8	724.3463311465575	724.543411182736
727.7687318023511	0.5071200380214123	trials	210420SL	p11	Z11111	194	13.0	180.0	8	727.9187318023511	728.1258518403725
728.1790118776671	0.5271200416929105	trials	210420SL	p11	Z11111	223	12.0	270.0	8	728.3290118776671	728.55613191936
728.6092919566546	0.5071200380214123	trials	210420SL	p11	Z11111	249	8.0	0.0	12	728.7592919566546	728.966411994676
729.0495720374778	0.49712003618572	trials	210420SL	p11	Z11111	58	12.0	135.0	4	729.1995720374778	729.3966920736635
729.4498521109581	0.49712003618572	trials	210420SL	p11	Z11111	358	12.0	315.0	12	729.5998521109581	729.7969721471438
729.8501321844384	0.49708003617843133	trials	210420SL	p11	Z11111	282	11.0	90.0	12	730.0001321844384	730.1972122206168
730.2804122634259	0.5071200380215259	trials	210420SL	p11	Z11111	125	4.0	0.0	8	730.4304122634259	730.6375323014474
733.8528129192194	0.5071200380215259	trials	210420SL	p11	Z11111	129	8.0	0.0	8	734.0028129192194	734.209932957241
734.2730929963712	0.49712003618572	trials	210420SL	p11	Z11111	329	13.0	225.0	12	734.4230929963712	734.620213032557
734.7033730753587	0.49712003618572	trials	210420SL	p11	Z11111	13	12.0	0.0	4	734.8533730753587	735.0504931115445
735.103653148839	0.5271200416927968	trials	210420SL	p11	Z11111	201	5.0	225.0	8	735.253653148839	735.4807731905319
735.5339332278264	0.5071200380215259	trials	210420SL	p11	Z11111	197	1.0	225.0	8	735.6839332278264	735.891053265848
735.974253308657	0.49712003618572	trials	210420SL	p11	Z11111	277	6.0	90.0	12	736.124253308657	736.3213733448428
736.37449338213	0.49712003618572	trials	210420SL	p11	Z11111	47	1.0	135.0	4	736.52449338213	736.7216134183158
739.9669340416024	0.49712003618572	trials	210420SL	p11	Z11111	36	5.0	90.0	4	740.1169340416023	740.3140540777881
740.3772141169184	0.5271200416929105	trials	210420SL	p11	Z11111	32	1.0	90.0	4	740.5272141169183	740.7543341586113
742.6687345375778	0.5071200380215259	trials	210420SL	p11	Z11111	174	8.0	135.0	8	742.8187345375778	743.0258545755994
743.079014612894	0.4971200361856063	trials	210420SL	p11	Z11111	325	9.0	225.0	12	743.2290146128939	743.4261346490796
743.5092946918813	0.5071600380288146	trials	210420SL	p11	Z11111	291	5.0	135.0	12	743.6592946918813	743.8664547299102
743.9195747671973	0.5271600417003128	trials	210420SL	p11	Z11111	284	13.0	90.0	12	744.0695747671973	744.2967348088977
744.3498948461922	0.49708003617831764	trials	210420SL	p11	Z11111	5	4.0	0.0	4	744.4998948461922	744.6969748823706
744.7601749215082	0.5271200416929105	trials	210420SL	p11	Z11111	173	7.0	135.0	8	744.9101749215082	745.1372949632012
745.1904550004957	0.49712003618572	trials	210420SL	p11	Z11111	210	14.0	225.0	8	745.3404550004957	745.5375750366815
749.0030157003761	0.5071200380214123	trials	210420SL	p11	Z11111	323	7.0	225.0	12	749.153015700376	749.3601357383975
749.4232957775278	0.5271200416929105	trials	210420SL	p11	Z11111	0			0	749.5732957775277	749.8004158192207
749.8535758565152	0.49712003618572	trials	210420SL	p11	Z11111	104	13.0	270.0	4	750.0035758565152	750.200695892701
750.2538559299956	0.5271200416929105	trials	210420SL	p11	Z11111	140	4.0	45.0	8	750.4038559299955	750.6309759716885
750.6941360108187	0.5271600417001991	trials	210420SL	p11	Z11111	136	0.0	45.0	8	750.8441360108187	751.071296052519
753.5260565306806	0.5071200380215259	trials	210420SL	p11	Z11111	213	2.0	270.0	8	753.6760565306806	753.8831765687022
753.9363366059968	0.5271200416929105	trials	210420SL	p11	Z11111	287	1.0	135.0	12	754.0863366059967	754.3134566476897
754.3666166849843	0.5371600435358914	trials	210420SL	p11	Z11111	302	1.0	180.0	12	754.5166166849842	754.7537767285202
754.8069367658147	0.49708003617843133	trials	210420SL	p11	Z11111	128	7.0	0.0	8	754.9569367658147	755.1540168019932
755.2372168448022	0.49712003618572	trials	210420SL	p11	Z11111	78	2.0	225.0	4	755.3872168448022	755.584336880988
755.6374969182825	0.49708003617843133	trials	210420SL	p11	Z11111	259	3.0	45.0	12	755.7874969182825	755.984576954461
756.0477769935986	0.5271200416927968	trials	210420SL	p11	Z11111	149	13.0	45.0	8	756.1977769935986	756.4248970352915
759.6101376475491	0.5071200380214123	trials	210420SL	p11	Z11111	102	11.0	270.0	4	759.7601376475491	759.9672576855705
760.0204177228651	0.49712003618572	trials	210420SL	p11	Z11111	0			0	760.1704177228651	760.3675377590508
760.4206977963454	0.5071200380214123	trials	210420SL	p11	Z11111	199	3.0	225.0	8	760.5706977963454	760.7778178343668
760.8309778716614	0.5271200416929105	trials	210420SL	p11	Z11111	216	5.0	270.0	8	760.9809778716614	761.2080979133543
761.2612579506489	0.49712003618572	trials	210420SL	p11	Z11111	167	1.0	135.0	8	761.4112579506489	761.6083779868346
764.1231784760181	0.5071200380214123	trials	210420SL	p11	Z11111	17	1.0	45.0	4	764.2731784760181	764.4802985140395
764.5434585531698	0.5271600417001991	trials	210420SL	p11	Z11111	4	3.0	0.0	4	764.6934585531698	764.92061859487
764.9737786321646	0.49712003618572	trials	210420SL	p11	Z11111	106	0.0	315.0	4	765.1237786321645	765.3208986683503
765.3740187056376	0.49712003618572	trials	210420SL	p11	Z11111	107	1.0	315.0	4	765.5240187056376	765.7211387418233
765.8043387846324	0.5071200380215259	trials	210420SL	p11	Z11111	281	10.0	90.0	12	765.9543387846323	766.1614588226539
766.2146188599485	0.49708003617831764	trials	210420SL	p11	Z11111	264	8.0	45.0	12	766.3646188599485	766.5616988961268
766.6448989389359	0.49712003618583367	trials	210420SL	p11	Z11111	19	3.0	45.0	4	766.7948989389358	766.9920189751217
770.1772595873792	0.5071200380214123	trials	210420SL	p11	Z11111	3	2.0	0.0	4	770.3272595873792	770.5343796254007
770.5975396645309	0.49712003618583367	trials	210420SL	p11	Z11111	339	8.0	270.0	12	770.7475396645309	770.9446597007168
771.0178197416827	0.5071200380214123	trials	210420SL	p11	Z11111	71	10.0	180.0	4	771.1678197416827	771.3749397797042
771.4280998169987	0.49712003618572	trials	210420SL	p11	Z11111	64	3.0	180.0	4	771.5780998169987	771.7752198531845
771.8383798923147	0.5171200398572182	trials	210420SL	p11	Z11111	90	14.0	225.0	4	771.9883798923147	772.205499932172
772.2686599713023	0.4971200361856063	trials	210420SL	p11	Z11111	304	3.0	180.0	12	772.4186599713023	772.615780007488
772.6989800502971	0.49708003617831764	trials	210420SL	p11	Z11111	41	10.0	90.0	4	772.8489800502971	773.0460600864754
776.2713807060907	0.5071200380214123	trials	210420SL	p11	Z11111	15	14.0	0.0	4	776.4213807060906	776.6285007441121
776.6816607814067	0.5271200416929105	trials	210420SL	p11	Z11111	226	0.0	315.0	8	776.8316607814066	777.0587808230996
777.1119408603942	0.49712003618572	trials	210420SL	p11	Z11111	185	4.0	180.0	8	777.2619408603941	777.4590608965799
777.5222209357102	0.5271200416929105	trials	210420SL	p11	Z11111	172	6.0	135.0	8	777.6722209357101	777.8993409774031
777.9525010146976	0.5271200416929105	trials	210420SL	p11	Z11111	275	4.0	90.0	12	778.1025010146976	778.3296210563906
778.3827810936851	0.5071200380214123	trials	210420SL	p11	Z11111	61	0.0	180.0	4	778.5327810936851	778.7399011317066
780.7543815290451	0.5071200380215259	trials	210420SL	p11	Z11111	54	8.0	135.0	4	780.904381529045	781.1115015670666
781.1646616043612	0.49712003618572	trials	210420SL	p11	Z11111	271	0.0	90.0	12	781.3146616043612	781.5117816405469
781.5949416833486	0.49712003618583367	trials	210420SL	p11	Z11111	192	11.0	180.0	8	781.7449416833485	781.9420617195344
782.0052217586647	0.5271600417001991	trials	210420SL	p11	Z11111	114	8.0	315.0	4	782.1552217586647	782.3823818003649
784.6670222472973	0.5071200380214123	trials	210420SL	p11	Z11111	313	12.0	180.0	12	784.8170222472972	785.0241422853187
785.0873023244491	0.5171200398572182	trials	210420SL	p11	Z11111	328	12.0	225.0	12	785.237302324449	785.4544223643063
785.5175824034366	0.5271600417001991	trials	210420SL	p11	Z11111	356	10.0	315.0	12	785.6675824034365	785.8947424451368
785.9479024824313	0.5171200398571045	trials	210420SL	p11	Z11111	77	1.0	225.0	4	786.0979024824313	786.3150225222885
786.3981825650902	0.49712003618583367	trials	210420SL	p11	Z11111	119	13.0	315.0	4	786.5481825650902	786.7453026012761
786.7984626385706	0.5271200416927968	trials	210420SL	p11	Z11111	93	2.0	270.0	4	786.9484626385706	787.1755826802635
787.228742717558	0.5371600435360051	trials	210420SL	p11	Z11111	274	3.0	90.0	12	787.378742717558	787.615902761094
790.8811833880447	0.5271600417001991	trials	210420SL	p11	Z11111	272	1.0	90.0	12	791.0311833880447	791.258343429745
791.3115034670395	0.5371200435286028	trials	210420SL	p11	Z11111	103	12.0	270.0	4	791.4615034670395	791.6986235105682
791.7517835478627	0.49712003618572	trials	210420SL	p11	Z11111	171	5.0	135.0	8	791.9017835478627	792.0989035840485
792.1820636268502	0.49712003618572	trials	210420SL	p11	Z11111	228	2.0	315.0	8	792.3320636268502	792.529183663036
792.5823437003305	0.49712003618572	trials	210420SL	p11	Z11111	215	4.0	270.0	8	792.7323437003305	792.9294637365163
792.9926237756466	0.5271200416927968	trials	210420SL	p11	Z11111	67	6.0	180.0	4	793.1426237756466	793.3697438173394
793.422903854634	0.49712003618572	trials	210420SL	p11	Z11111	261	5.0	45.0	12	793.572903854634	793.7700238908197
796.9853045085919	0.5071200380214123	trials	210420SL	p11	Z11111	184	3.0	180.0	8	797.1353045085918	797.3424245466133
797.4055845857437	0.5271600417001991	trials	210420SL	p11	Z11111	334	3.0	270.0	12	797.5555845857436	797.7827446274439
797.8359046647385	0.49708003617843133	trials	210420SL	p11	Z11111	297	11.0	135.0	12	797.9859046647384	798.1829847009169
798.2361447382115	0.5271600417001991	trials	210420SL	p11	Z11111	242	1.0	0.0	12	798.3861447382114	798.6133047799117
798.6764648190419	0.49712003618572	trials	210420SL	p11	Z11111	344	13.0	270.0	12	798.8264648190419	799.0235848552277
799.076704892515	0.5271600417001991	trials	210420SL	p11	Z11111	343	12.0	270.0	12	799.2267048925149	799.4538649342152
799.5070249715097	0.49712003618572	trials	210420SL	p11	Z11111	305	4.0	180.0	12	799.6570249715097	799.8541450076955
803.0493856217888	0.49712003618572	trials	210420SL	p11	Z11111	330	14.0	225.0	12	803.1993856217888	803.3965056579746
803.4596656971048	0.5271600417001991	trials	210420SL	p11	Z11111	139	3.0	45.0	8	803.6096656971048	803.836825738805
803.8899457760923	0.49712003618572	trials	210420SL	p11	Z11111	267	11.0	45.0	12	804.0399457760923	804.237065812278
804.2902258495726	0.5271600417001991	trials	210420SL	p11	Z11111	142	6.0	45.0	8	804.4402258495726	804.6673858912728
804.7305459304031	0.49708003617843133	trials	210420SL	p11	Z11111	296	10.0	135.0	12	804.8805459304031	805.0776259665815
805.1608260093906	0.49712003618572	trials	210420SL	p11	Z11111	349	3.0	315.0	12	805.3108260093906	805.5079460455763
805.5611060828709	0.5371200435286028	trials	210420SL	p11	Z11111	95	4.0	270.0	4	805.7111060828709	805.9482261263995
809.10346673315	0.5071200380214123	trials	210420SL	p11	Z11111	65	4.0	180.0	4	809.2534667331499	809.4605867711714
809.513746808466	0.5271200416929105	trials	210420SL	p11	Z11111	127	6.0	0.0	8	809.6637468084659	809.8908668501589
809.9440268874534	0.49712003618572	trials	210420SL	p11	Z11111	109	3.0	315.0	4	810.0940268874534	810.2911469236392
810.3543069627696	0.5271600417001991	trials	210420SL	p11	Z11111	7	6.0	0.0	4	810.5043069627695	810.7314670044698
810.7845870417569	0.49712003618583367	trials	210420SL	p11	Z11111	133	12.0	0.0	8	810.9345870417569	811.1317070779428
811.1848671152374	0.4971200361856063	trials	210420SL	p11	Z11111	111	5.0	315.0	4	811.3348671152373	811.531987151423
811.6151471942247	0.49712003618572	trials	210420SL	p11	Z11111	156	5.0	90.0	8	811.7651471942247	811.9622672304105
815.1675478463469	0.5071200380214123	trials	210420SL	p11	Z11111	244	3.0	0.0	12	815.3175478463469	815.5246678843683
815.5778279216629	0.49712003618572	trials	210420SL	p11	Z11111	273	2.0	90.0	12	815.7278279216629	815.9249479578486
815.9881079969789	0.5271200416929105	trials	210420SL	p11	Z11111	193	12.0	180.0	8	816.1381079969789	816.3652280386718
816.4183880759664	0.49712003618572	trials	210420SL	p11	Z11111	331	0.0	270.0	12	816.5683880759664	816.7655081121521
816.8186681494467	0.5271200416929105	trials	210420SL	p11	Z11111	183	2.0	180.0	8	816.9686681494467	817.1957881911396
817.2489482284342	0.5071200380214123	trials	210420SL	p11	Z11111	85	9.0	225.0	4	817.3989482284342	817.6060682664556
817.6592283037502	0.5271200416929105	trials	210420SL	p11	Z11111	0			0	817.8092283037502	818.0363483454431
821.1115489375004	0.5071200380214123	trials	210420SL	p11	Z11111	169	3.0	135.0	8	821.2615489375004	821.4686689755218
821.5218290128165	0.4971200361856063	trials	210420SL	p11	Z11111	132	11.0	0.0	8	821.6718290128165	821.8689490490021
821.9221090862967	0.49712003618583367	trials	210420SL	p11	Z11111	326	10.0	225.0	12	822.0721090862967	822.2692291224826
822.3523891652843	0.4971200361856063	trials	210420SL	p11	Z11111	120	14.0	315.0	4	822.5023891652843	822.6995092014699
822.7626692406003	0.4971200361856063	trials	210420SL	p11	Z11111	33	2.0	90.0	4	822.9126692406003	823.1097892767859
823.1929493195877	0.49712003618583367	trials	210420SL	p11	Z11111	241	0.0	0.0	12	823.3429493195877	823.5400693557735
823.5932293930681	0.5271200416927968	trials	210420SL	p11	Z11111	360	14.0	315.0	12	823.7432293930681	823.9703494347609
827.6659501407065	0.5071200380214123	trials	210420SL	p11	Z11111	66	5.0	180.0	4	827.8159501407065	828.023070178728
828.0762302160225	0.49712003618572	trials	210420SL	p11	Z11111	157	6.0	90.0	8	828.2262302160225	828.4233502522083
828.4765102895028	0.5271200416929105	trials	210420SL	p11	Z11111	189	8.0	180.0	8	828.6265102895028	828.8536303311957
828.9067903684903	0.5071200380214123	trials	210420SL	p11	Z11111	321	5.0	225.0	12	829.0567903684903	829.2639104065117
829.3471104493209	0.4971200361856063	trials	210420SL	p11	Z11111	248	7.0	0.0	12	829.4971104493209	829.6942304855065
829.7473505227938	0.5271600417001991	trials	210420SL	p11	Z11111	175	9.0	135.0	8	829.8973505227938	830.124510564494
830.1776706017886	0.5071200380215259	trials	210420SL	p11	Z11111	43	12.0	90.0	4	830.3276706017886	830.5347906398101
833.6499912392103	0.5071200380214123	trials	210420SL	p11	Z11111	337	6.0	270.0	12	833.7999912392103	834.0071112772317
834.0602713145263	0.49712003618572	trials	210420SL	p11	Z11111	319	3.0	225.0	12	834.2102713145263	834.407391350712
834.4705513898423	0.5271200416929105	trials	210420SL	p11	Z11111	86	10.0	225.0	4	834.6205513898423	834.8476714315352
834.9008314688298	0.49712003618572	trials	210420SL	p11	Z11111	270	14.0	45.0	12	835.0508314688298	835.2479515050155
835.3011115423101	0.5271200416929105	trials	210420SL	p11	Z11111	255	14.0	0.0	12	835.4511115423101	835.678231584003
835.7313916212976	0.5071200380214123	trials	210420SL	p11	Z11111	82	6.0	225.0	4	835.8813916212976	836.088511659319
836.1416716966136	0.5271200416929105	trials	210420SL	p11	Z11111	294	8.0	135.0	12	836.2916716966135	836.5187917383065
839.7741123634288	0.5071200380215259	trials	210420SL	p11	Z11111	258	2.0	45.0	12	839.9241123634288	840.1312324014503
840.1843924387449	0.5271200416929105	trials	210420SL	p11	Z11111	180	14.0	135.0	8	840.3343924387449	840.5615124804378
840.6347125214112	0.49708003617831764	trials	210420SL	p11	Z11111	144	8.0	45.0	8	840.7847125214112	840.9817925575895
841.0349525948841	0.49712003618572	trials	210420SL	p11	Z11111	122	1.0	0.0	8	841.1849525948841	841.3820726310698
841.4752726757147	0.49712003618572	trials	210420SL	p11	Z11111	263	7.0	45.0	12	841.6252726757147	841.8223927119004
841.8755127491876	0.5271600417003128	trials	210420SL	p11	Z11111	24	8.0	45.0	4	842.0255127491876	842.2526727908879
842.3058328281825	0.49712003618572	trials	210420SL	p11	Z11111	230	4.0	315.0	8	842.4558328281825	842.6529528643682
845.8381934766257	0.5071200380214123	trials	210420SL	p11	Z11111	324	8.0	225.0	12	845.9881934766257	846.1953135146472
846.2584735537775	0.49712003618572	trials	210420SL	p11	Z11111	10	9.0	0.0	4	846.4084735537775	846.6055935899633
846.6887936327723	0.49708003617831764	trials	210420SL	p11	Z11111	243	2.0	0.0	12	846.8387936327723	847.0358736689507
847.0890337062452	0.49712003618583367	trials	210420SL	p11	Z11111	108	2.0	315.0	4	847.2390337062452	847.4361537424311
847.4993137815613	0.5271600417001991	trials	210420SL	p11	Z11111	218	7.0	270.0	8	847.6493137815613	847.8764738232616
847.9295938605488	0.4971200361856063	trials	210420SL	p11	Z11111	25	9.0	45.0	4	848.0795938605488	848.2767138967345
848.3599139395436	0.49708003617843133	trials	210420SL	p11	Z11111	310	9.0	180.0	12	848.5099139395436	848.7069939757221
851.9022745898227	0.49712003618572	trials	210420SL	p11	Z11111	220	9.0	270.0	8	852.0522745898227	852.2493946260084
852.3125546651387	0.49712003618572	trials	210420SL	p11	Z11111	295	9.0	135.0	12	852.4625546651387	852.6596747013244
852.7428347441262	0.49712003618572	trials	210420SL	p11	Z11111	237	11.0	315.0	8	852.8928347441262	853.0899547803119
853.1431148176065	0.49712003618572	trials	210420SL	p11	Z11111	205	9.0	225.0	8	853.2931148176065	853.4902348537922
853.5433948910868	0.5071200380214123	trials	210420SL	p11	Z11111	72	11.0	180.0	4	853.6933948910868	853.9005149291082
853.98367497191	0.49712003618572	trials	210420SL	p11	Z11111	42	11.0	90.0	4	854.13367497191	854.3307950080957
854.3839550453903	0.5271200416929105	trials	210420SL	p11	Z11111	11	10.0	0.0	4	854.5339550453903	854.7610750870832
857.9563557011838	0.49712003618572	trials	210420SL	p11	Z11111	137	1.0	45.0	8	858.1063557011838	858.3034757373696
858.3666357765	0.4971200361856063	trials	210420SL	p11	Z11111	48	2.0	135.0	4	858.5166357764999	858.7137558126856
858.7969158554873	0.49712003618572	trials	210420SL	p11	Z11111	224	13.0	270.0	8	858.9469158554873	859.1440358916731
859.1971959289676	0.49712003618572	trials	210420SL	p11	Z11111	59	13.0	135.0	4	859.3471959289676	859.5443159651534
859.6374760097908	0.49712003618572	trials	210420SL	p11	Z11111	283	12.0	90.0	12	859.7874760097908	859.9845960459766
860.0377560832711	0.5271200416929105	trials	210420SL	p11	Z11111	227	1.0	315.0	8	860.1877560832711	860.414876124964
860.4680361622586	0.49712003618572	trials	210420SL	p11	Z11111	198	2.0	225.0	8	860.6180361622586	860.8151561984444
863.8203167776443	0.5071200380214123	trials	210420SL	p11	Z11111	22	6.0	45.0	4	863.9703167776443	864.1774368156657
864.2305968529603	0.49708003617843133	trials	210420SL	p11	Z11111	207	11.0	225.0	8	864.3805968529603	864.5776768891387
864.640836928269	0.5271600417003128	trials	210420SL	p11	Z11111	0			0	864.790836928269	865.0179969699693
865.0711570072639	0.4971200361856063	trials	210420SL	p11	Z11111	208	12.0	225.0	8	865.2211570072639	865.4182770434495
865.5014370862513	0.49712003618572	trials	210420SL	p11	Z11111	165	14.0	90.0	8	865.6514370862512	865.848557122437
865.9117171615673	0.49712003618583367	trials	210420SL	p11	Z11111	154	3.0	90.0	8	866.0617171615672	866.2588371977531
866.3419972405547	0.49712003618572	trials	210420SL	p11	Z11111	18	2.0	45.0	4	866.4919972405547	866.6891172767405
869.8743978890055	0.5071200380214123	trials	210420SL	p11	Z11111	27	11.0	45.0	4	870.0243978890055	870.231517927027
870.2846779643215	0.49708003617831764	trials	210420SL	p11	Z11111	252	11.0	0.0	12	870.4346779643215	870.6317580004999
872.6362383960027	0.5071200380215259	trials	210420SL	p11	Z11111	113	7.0	315.0	4	872.7862383960027	872.9933584340242
873.0465184713187	0.49712003618572	trials	210420SL	p11	Z11111	179	13.0	135.0	8	873.1965184713187	873.3936385075044
873.4567985466348	0.5171200398571045	trials	210420SL	p11	Z11111	101	10.0	270.0	4	873.6067985466348	873.8239185864919
873.8870786256222	0.49712003618583367	trials	210420SL	p11	Z11111	46	0.0	135.0	4	874.0370786256221	874.234198661808
874.2873586991026	0.5271200416927968	trials	210420SL	p11	Z11111	80	4.0	225.0	4	874.4373586991026	874.6644787407954
874.71763877809	0.49712003618583367	trials	210420SL	p11	Z11111	39	8.0	90.0	4	874.8676387780899	875.0647588142758
875.1179188515704	0.5071200380214123	trials	210420SL	p11	Z11111	300	14.0	135.0	12	875.2679188515704	875.4750388895918
878.6602795018493	0.49712003618572	trials	210420SL	p11	Z11111	55	9.0	135.0	4	878.8102795018493	879.0073995380351
879.080559579001	0.5071200380215259	trials	210420SL	p11	Z11111	105	14.0	270.0	4	879.230559579001	879.4376796170226
879.4908396543171	0.5271600417003128	trials	210420SL	p11	Z11111	229	3.0	315.0	8	879.6408396543171	879.8679996960175
879.9211597333119	0.49708003617843133	trials	210420SL	p11	Z11111	316	0.0	225.0	12	880.0711597333119	880.2682397694904
880.3514398122994	0.5071200380214123	trials	210420SL	p11	Z11111	94	3.0	270.0	4	880.5014398122994	880.7085598503209
880.7917198931226	0.49712003618583367	trials	210420SL	p11	Z11111	352	6.0	315.0	12	880.9417198931226	881.1388399293085
881.1919999666029	0.49712003618572	trials	210420SL	p11	Z11111	209	13.0	225.0	8	881.3419999666029	881.5391200027886
884.7444006187251	0.5071200380214123	trials	210420SL	p11	Z11111	239	13.0	315.0	8	884.8944006187251	885.1015206567465
885.1546806940411	0.5271200416929105	trials	210420SL	p11	Z11111	187	6.0	180.0	8	885.304680694041	885.531800735734
885.5949607748643	0.49712003618572	trials	210420SL	p11	Z11111	308	7.0	180.0	12	885.7449607748642	885.94208081105
885.9952408483447	0.5271200416927968	trials	210420SL	p11	Z11111	123	2.0	0.0	8	886.1452408483447	886.3723608900375
886.4255209273321	0.49712003618572	trials	210420SL	p11	Z11111	262	6.0	45.0	12	886.575520927332	886.7726409635178
886.8258010008124	0.5371200435286028	trials	210420SL	p11	Z11111	49	3.0	135.0	4	886.9758010008123	887.212921044341
887.2660810816355	0.49712003618572	trials	210420SL	p11	Z11111	346	0.0	315.0	12	887.4160810816355	887.6132011178213
890.7684417245717	0.5071200380214123	trials	210420SL	p11	Z11111	256	0.0	45.0	12	890.9184417245717	891.1255617625932
891.1787217998877	0.49712003618583367	trials	210420SL	p11	Z11111	116	10.0	315.0	4	891.3287217998877	891.5258418360736
891.579001873368	0.5271200416929105	trials	210420SL	p11	Z11111	20	4.0	45.0	4	891.729001873368	891.956121915061
892.0092819523555	0.5371600435360051	trials	210420SL	p11	Z11111	1	0.0	0.0	4	892.1592819523555	892.3964419958916
892.4495620331787	0.49712003618572	trials	210420SL	p11	Z11111	148	12.0	45.0	8	892.5995620331787	892.7966820693645
892.8498421066591	0.5271600417001991	trials	210420SL	p11	Z11111	212	1.0	270.0	8	892.9998421066591	893.2270021483594
895.3315225622267	0.5071200380214123	trials	210420SL	p11	Z11111	196	0.0	225.0	8	895.4815225622267	895.6886426002482
895.7518026393784	0.5171200398571045	trials	210420SL	p11	Z11111	232	6.0	315.0	8	895.9018026393784	896.1189226792355
896.1820827183659	0.49712003618572	trials	210420SL	p11	Z11111	351	5.0	315.0	12	896.3320827183659	896.5292027545516
896.5823627918462	0.5271200416929105	trials	210420SL	p11	Z11111	124	3.0	0.0	8	896.7323627918462	896.9594828335391
897.0126428708337	0.49712003618572	trials	210420SL	p11	Z11111	6	5.0	0.0	4	897.1626428708337	897.3597629070194
899.9146034035531	0.5071200380214123	trials	210420SL	p11	Z11111	280	9.0	90.0	12	900.0646034035531	900.2717234415745
900.3248834788691	0.5071200380214123	trials	210420SL	p11	Z11111	152	1.0	90.0	8	900.4748834788691	900.6820035168905
900.7551635578565	0.5071200380215259	trials	210420SL	p11	Z11111	202	6.0	225.0	8	900.9051635578564	901.112283595878
901.1954436386798	0.49712003618572	trials	210420SL	p11	Z11111	191	10.0	180.0	8	901.3454436386797	901.5425636748655
901.5957237121601	0.49712003618572	trials	210420SL	p11	Z11111	336	5.0	270.0	12	901.74572371216	901.9428437483458
901.9960037856404	0.5271200416929105	trials	210420SL	p11	Z11111	276	5.0	90.0	12	902.1460037856403	902.3731238273333
902.4362838664636	0.49712003618572	trials	210420SL	p11	Z11111	320	4.0	225.0	12	902.5862838664635	902.7834039026493
905.8986445020568	0.5071200380215259	trials	210420SL	p11	Z11111	69	8.0	180.0	4	906.0486445020567	906.2557645400783
906.3089245773729	0.5071200380215259	trials	210420SL	p11	Z11111	299	13.0	135.0	12	906.4589245773728	906.6660446153944
906.749204658196	0.49712003618572	trials	210420SL	p11	Z11111	45	14.0	90.0	4	906.899204658196	907.0963246943818
907.1494847316764	0.5271200416929105	trials	210420SL	p11	Z11111	87	11.0	225.0	4	907.2994847316763	907.5266047733693
907.5797648106638	0.49712003618572	trials	210420SL	p11	Z11111	117	11.0	315.0	4	907.7297648106638	907.9268848468496
907.99004488598	0.5271200416927968	trials	210420SL	p11	Z11111	182	1.0	180.0	8	908.1400448859799	908.3671649276728
908.4203249649673	0.49712003618572	trials	210420SL	p11	Z11111	347	1.0	315.0	12	908.5703249649673	908.7674450011531
911.9226856079035	0.5071200380214123	trials	210420SL	p11	Z11111	100	9.0	270.0	4	912.0726856079035	912.279805645925
912.3329656832195	0.49712003618572	trials	210420SL	p11	Z11111	186	5.0	180.0	8	912.4829656832195	912.6800857194053
912.7332457566998	0.5271200416929105	trials	210420SL	p11	Z11111	37	6.0	90.0	4	912.8832457566998	913.1103657983928
913.173525837523	0.5071200380214123	trials	210420SL	p11	Z11111	359	13.0	315.0	12	913.323525837523	913.5306458755445
915.8553263298271	0.5071200380215259	trials	210420SL	p11	Z11111	292	6.0	135.0	12	916.0053263298271	916.2124463678487
916.2656064051431	0.5271200416930242	trials	210420SL	p11	Z11111	21	5.0	45.0	4	916.4156064051431	916.6427264468361
916.6958864841306	0.49712003618572	trials	210420SL	p11	Z11111	164	13.0	90.0	8	916.8458864841306	917.0430065203163
917.1061665594467	0.5271600417001991	trials	210420SL	p11	Z11111	143	7.0	45.0	8	917.2561665594467	917.4833266011469
917.5364466384341	0.49712003618583367	trials	210420SL	p11	Z11111	2	1.0	0.0	4	917.6864466384341	917.8835666746199
917.9367267119145	0.5271600417001991	trials	210420SL	p11	Z11111	60	14.0	135.0	4	918.0867267119145	918.3138867536147
918.3670067909019	0.5071600380288146	trials	210420SL	p11	Z11111	178	12.0	135.0	8	918.5170067909019	918.7241668289307
921.8593674320024	0.5071200380214123	trials	210420SL	p11	Z11111	315	14.0	180.0	12	922.0093674320024	922.2164874700238
922.2696475073184	0.5271200416929105	trials	210420SL	p11	Z11111	98	7.0	270.0	4	922.4196475073184	922.6467675490113
922.6999275863059	0.49712003618572	trials	210420SL	p11	Z11111	56	10.0	135.0	4	922.8499275863059	923.0470476224916
923.110207661622	0.5271600417001991	trials	210420SL	p11	Z11111	38	7.0	90.0	4	923.260207661622	923.4873677033222
923.5405277406168	0.49708003617831764	trials	210420SL	p11	Z11111	257	1.0	45.0	12	923.6905277406167	923.8876077767951
923.9407678140897	0.5271600417003128	trials	210420SL	p11	Z11111	110	4.0	315.0	4	924.0907678140896	924.31792785579
924.3710478930772	0.5071600380288146	trials	210420SL	p11	Z11111	159	8.0	90.0	8	924.5210478930771	924.728207931106
927.9134485433636	0.5071200380214123	trials	210420SL	p11	Z11111	260	4.0	45.0	12	928.0634485433636	928.2705685813851
928.3237286186796	0.4971200361856063	trials	210420SL	p11	Z11111	151	0.0	90.0	8	928.4737286186796	928.6708486548653
931.0355691164982	0.5071200380214123	trials	210420SL	p11	Z11111	195	14.0	180.0	8	931.1855691164982	931.3926891545196
931.4558491936499	0.5271200416930242	trials	210420SL	p11	Z11111	240	14.0	315.0	8	931.6058491936499	931.832969235343
931.8861292726374	0.5271200416929105	trials	210420SL	p11	Z11111	311	10.0	180.0	12	932.0361292726374	932.2632493143303
934.8881298237214	0.5071200380214123	trials	210420SL	p11	Z11111	177	11.0	135.0	8	935.0381298237214	935.2452498617429
935.3184499027162	0.5071200380214123	trials	210420SL	p11	Z11111	322	6.0	225.0	12	935.4684499027162	935.6755699407377
935.7487299817036	0.49712003618583367	trials	210420SL	p11	Z11111	115	9.0	315.0	4	935.8987299817036	936.0958500178895
936.149010055184	0.49712003618572	trials	210420SL	p11	Z11111	84	8.0	225.0	4	936.299010055184	936.4961300913698
936.5792901341714	0.5071200380214123	trials	210420SL	p11	Z11111	16	0.0	45.0	4	936.7292901341714	936.9364101721928
937.0195702149946	0.49712003618583367	trials	210420SL	p11	Z11111	217	6.0	270.0	8	937.1695702149946	937.3666902511804
937.419850288475	0.4971200361856063	trials	210420SL	p11	Z11111	57	11.0	135.0	4	937.569850288475	937.7669703246606
941.0122909479472	0.49708003617843133	trials	210420SL	p11	Z11111	234	8.0	315.0	8	941.1622909479472	941.3593709841257
941.422531023256	0.4971200361856063	trials	210420SL	p11	Z11111	303	2.0	180.0	12	941.572531023256	941.7696510594417
941.8528511022508	0.49708003617831764	trials	210420SL	p11	Z11111	8	7.0	0.0	4	942.0028511022508	942.1999311384292
942.2530911757237	0.49712003618572	trials	210420SL	p11	Z11111	141	5.0	45.0	8	942.4030911757237	942.6002112119095
942.6834112547186	0.5071200380214123	trials	210420SL	p11	Z11111	348	2.0	315.0	12	942.8334112547186	943.0405312927401
943.1236913355418	0.4971200361856063	trials	210420SL	p11	Z11111	214	3.0	270.0	8	943.2736913355418	943.4708113717275
943.523971409022	0.49712003618583367	trials	210420SL	p11	Z11111	161	10.0	90.0	8	943.673971409022	943.8710914452079
947.2064520850232	0.5071200380215259	trials	210420SL	p11	Z11111	163	12.0	90.0	8	947.3564520850232	947.5635721230448
947.6167321603392	0.5071200380215259	trials	210420SL	p11	Z11111	97	6.0	270.0	4	947.7667321603392	947.9738521983608
948.026972235648	0.5271600417001991	trials	210420SL	p11	Z11111	338	7.0	270.0	12	948.176972235648	948.4041322773483
948.4572923146428	0.49712003618572	trials	210420SL	p11	Z11111	225	14.0	270.0	8	948.6072923146428	948.8044123508286
948.8675723899588	0.5271200416930242	trials	210420SL	p11	Z11111	75	14.0	180.0	4	949.0175723899588	949.2446924316519
949.2978524689463	0.49712003618572	trials	210420SL	p11	Z11111	155	4.0	90.0	8	949.4478524689463	949.644972505132
949.7281325479338	0.49712003618572	trials	210420SL	p11	Z11111	76	0.0	225.0	4	949.8781325479338	950.0752525841195
953.2504931945415	0.5071200380214123	trials	210420SL	p11	Z11111	298	12.0	135.0	12	953.4004931945415	953.6076132325629
953.6607732698575	0.4971200361856063	trials	210420SL	p11	Z11111	40	9.0	90.0	4	953.8107732698575	954.0078933060431
954.0610533433377	0.5271200416930242	trials	210420SL	p11	Z11111	266	10.0	45.0	12	954.2110533433377	954.4381733850307
954.5013334241609	0.49712003618583367	trials	210420SL	p11	Z11111	31	0.0	90.0	4	954.6513334241608	954.8484534603467
954.9316535031558	0.49712003618572	trials	210420SL	p11	Z11111	34	3.0	90.0	4	955.0816535031557	955.2787735393415
955.3318935766287	0.49712003618583367	trials	210420SL	p11	Z11111	236	10.0	315.0	8	955.4818935766286	955.6790136128145
955.7321736501091	0.5271600417001991	trials	210420SL	p11	Z11111	350	4.0	315.0	12	955.882173650109	956.1093336918093
959.3045743059026	0.5071200380214123	trials	210420SL	p11	Z11111	340	9.0	270.0	12	959.4545743059026	959.6616943439241
959.7148543812186	0.5271600417001991	trials	210420SL	p11	Z11111	301	0.0	180.0	12	959.8648543812186	960.0920144229189
960.1651744638849	0.4971200361856063	trials	210420SL	p11	Z11111	44	13.0	90.0	4	960.3151744638849	960.5122945000705
960.5654145373579	0.4971200361856063	trials	210420SL	p11	Z11111	235	9.0	315.0	8	960.7154145373579	960.9125345735436
960.9756946126739	0.5271600417001991	trials	210420SL	p11	Z11111	314	13.0	180.0	12	961.1256946126739	961.3528546543741
961.4060146916687	0.49708003617843133	trials	210420SL	p11	Z11111	245	4.0	0.0	12	961.5560146916687	961.7530947278472
961.8362947706561	0.49712003618583367	trials	210420SL	p11	Z11111	118	12.0	315.0	4	961.9862947706561	962.1834148068419
965.3586554172638	0.5071200380214123	trials	210420SL	p11	Z11111	306	5.0	180.0	12	965.5086554172638	965.7157754552852
965.7689354925798	0.49712003618583367	trials	210420SL	p11	Z11111	74	13.0	180.0	4	965.9189354925797	966.1160555287656
966.1692155660601	0.5271200416929105	trials	210420SL	p11	Z11111	121	0.0	0.0	8	966.31921556606	966.546335607753
966.6094956468834	0.4971200361856063	trials	210420SL	p11	Z11111	246	5.0	0.0	12	966.7594956468834	966.956615683069
967.0097757203636	0.5271200416930242	trials	210420SL	p11	Z11111	265	9.0	45.0	12	967.1597757203635	967.3868957620566
967.4400557993511	0.49712003618572	trials	210420SL	p11	Z11111	12	11.0	0.0	4	967.590055799351	967.7871758355368
970.1618962990054	0.5071200380214123	trials	210420SL	p11	Z11111	130	9.0	0.0	8	970.3118962990054	970.5190163370269
970.5721763743214	0.5271200416929105	trials	210420SL	p11	Z11111	285	14.0	90.0	12	970.7221763743214	970.9492964160144
971.0024564533089	0.49712003618572	trials	210420SL	p11	Z11111	253	12.0	0.0	12	971.1524564533089	971.3495764894947
971.4027365267892	0.5071200380214123	trials	210420SL	p11	Z11111	342	11.0	270.0	12	971.5527365267892	971.7598565648107
971.8430166076124	0.49712003618572	trials	210420SL	p11	Z11111	132	11.0	0.0	8	971.9930166076124	972.1901366437982
972.2432966810928	0.4971200361856063	trials	210420SL	p11	Z11111	224	13.0	270.0	8	972.3932966810928	972.5904167172785
972.6735767600802	0.5371600435360051	trials	210420SL	p11	Z11111	118	12.0	315.0	4	972.8235767600802	973.0607368036162
976.3260574305742	0.5071200380214123	trials	210420SL	p11	Z11111	281	10.0	90.0	12	976.4760574305742	976.6831774685957
976.7363375058902	0.5071200380214123	trials	210420SL	p11	Z11111	120	14.0	315.0	4	976.8863375058902	977.0934575439117
977.146577581199	0.5271600417001991	trials	210420SL	p11	Z11111	31	0.0	90.0	4	977.296577581199	977.5237376228993
977.5768976601938	0.4971200361856063	trials	210420SL	p11	Z11111	138	2.0	45.0	8	977.7268976601938	977.9240176963795
980.1786181377973	0.5071200380214123	trials	210420SL	p11	Z11111	332	1.0	270.0	12	980.3286181377973	980.5357381758188
980.5888982131135	0.49712003618572	trials	210420SL	p11	Z11111	15	14.0	0.0	4	980.7388982131134	980.9360182492992
980.9891782865938	0.5271200416929105	trials	210420SL	p11	Z11111	233	7.0	315.0	8	981.1391782865937	981.3662983282867
981.4194583655811	0.5071200380216396	trials	210420SL	p11	Z11111	39	8.0	90.0	4	981.5694583655811	981.7765784036028
981.8597784464117	0.49712003618583367	trials	210420SL	p11	Z11111	286	0.0	135.0	12	982.0097784464117	982.2068984825976
982.2600185198847	0.49712003618572	trials	210420SL	p11	Z11111	308	7.0	180.0	12	982.4100185198847	982.6071385560705
985.312099080162	0.5071200380214123	trials	210420SL	p11	Z11111	282	11.0	90.0	12	985.462099080162	985.6692191181835
985.722379155478	0.5271200416927968	trials	210420SL	p11	Z11111	218	7.0	270.0	8	985.872379155478	986.0994991971709
986.1626592363012	0.4971200361856063	trials	210420SL	p11	Z11111	98	7.0	270.0	4	986.3126592363012	986.5097792724869
986.5929393152886	0.49712003618583367	trials	210420SL	p11	Z11111	3	2.0	0.0	4	986.7429393152886	986.9400593514745
986.993219388769	0.4971200361856063	trials	210420SL	p11	Z11111	240	14.0	315.0	8	987.143219388769	987.3403394249547
987.4234994677564	0.49712003618583367	trials	210420SL	p11	Z11111	79	3.0	225.0	4	987.5734994677564	987.7706195039423
987.8337795430725	0.5271600417001991	trials	210420SL	p11	Z11111	357	11.0	315.0	12	987.9837795430725	988.2109395847727
991.2461001694797	0.5071200380215259	trials	210420SL	p11	Z11111	194	13.0	180.0	8	991.3961001694797	991.6032202075013
991.6563802447957	0.49708003617843133	trials	210420SL	p11	Z11111	85	9.0	225.0	4	991.8063802447957	992.0034602809742
992.0566203182688	0.5071200380214123	trials	210420SL	p11	Z11111	229	3.0	315.0	8	992.2066203182687	992.4137403562902
992.4669003935848	0.5271600417003128	trials	210420SL	p11	Z11111	197	1.0	225.0	8	992.6169003935847	992.8440604352851
992.8971804725724	0.4971200361856063	trials	210420SL	p11	Z11111	136	0.0	45.0	8	993.0471804725723	993.244300508758
993.2974605460525	0.49712003618583367	trials	210420SL	p11	Z11111	272	1.0	90.0	12	993.4474605460525	993.6445805822384
993.697740619533	0.5271200416927968	trials	210420SL	p11	Z11111	41	10.0	90.0	4	993.8477406195329	994.0748606612258
997.4202213028769	0.5071600380288146	trials	210420SL	p11	Z11111	225	14.0	270.0	8	997.5702213028769	997.7773813409058
997.830501378193	0.49712003618572	trials	210420SL	p11	Z11111	358	12.0	315.0	12	997.980501378193	998.1776214143788
998.2307814516734	0.5271600417001991	trials	210420SL	p11	Z11111	277	6.0	90.0	12	998.3807814516733	998.6079414933736
998.6711015325039	0.5271200416927968	trials	210420SL	p11	Z11111	196	0.0	225.0	8	998.8211015325039	999.0482215741968
999.1013816114913	0.49712003618583367	trials	210420SL	p11	Z11111	80	4.0	225.0	4	999.2513816114913	999.4485016476772
999.5016616849716	0.5271200416929105	trials	210420SL	p11	Z11111	192	11.0	180.0	8	999.6516616849716	999.8787817266646
999.9419417657949	0.4971200361856063	trials	210420SL	p11	Z11111	248	7.0	0.0	12	1000.0919417657949	1000.2890618019806
1003.4843424160812	0.5171200398572182	trials	210420SL	p11	Z11111	279	8.0	90.0	12	1003.6343424160812	1003.8514624559384
1003.904622493233	0.49708003617843133	trials	210420SL	p11	Z11111	315	14.0	180.0	12	1004.054622493233	1004.2517025294114
1004.3349025722205	0.49712003618572	trials	210420SL	p11	Z11111	36	5.0	90.0	4	1004.4849025722204	1004.6820226084062
1004.7351826457008	0.5071200380214123	trials	210420SL	p11	Z11111	184	3.0	180.0	8	1004.8851826457008	1005.0923026837222
1005.175462726524	0.49712003618572	trials	210420SL	p11	Z11111	175	9.0	135.0	8	1005.3254627265239	1005.5225827627097
1005.5757428000043	0.49712003618572	trials	210420SL	p11	Z11111	351	5.0	315.0	12	1005.7257428000042	1005.92286283619
1005.9759828734772	0.5271600417003128	trials	210420SL	p11	Z11111	327	11.0	225.0	12	1006.1259828734771	1006.3531429151775
1009.508383521928	0.5071200380214123	trials	210420SL	p11	Z11111	126	5.0	0.0	8	1009.6583835219279	1009.8655035599494
1009.918663597244	0.49712003618572	trials	210420SL	p11	Z11111	45	14.0	90.0	4	1010.0686635972439	1010.2657836334297
1010.3289436725601	0.5271200416927968	trials	210420SL	p11	Z11111	337	6.0	270.0	12	1010.47894367256	1010.7060637142529
1010.7592237515474	0.49712003618572	trials	210420SL	p11	Z11111	53	7.0	135.0	4	1010.9092237515474	1011.1063437877332
1011.1595038250279	0.5271200416927968	trials	210420SL	p11	Z11111	89	13.0	225.0	4	1011.3095038250278	1011.5366238667207
1011.5897839040152	0.5071200380214123	trials	210420SL	p11	Z11111	119	13.0	315.0	4	1011.7397839040152	1011.9469039420367
1012.0000639793312	0.5271200416929105	trials	210420SL	p11	Z11111	127	6.0	0.0	8	1012.1500639793312	1012.3771840210242
1015.5324246277745	0.5071200380215259	trials	210420SL	p11	Z11111	110	4.0	315.0	4	1015.6824246277745	1015.889544665796
1015.9427047030906	0.49712003618572	trials	210420SL	p11	Z11111	151	0.0	90.0	8	1016.0927047030906	1016.2898247392764
1016.3729847820781	0.5071200380214123	trials	210420SL	p11	Z11111	37	6.0	90.0	4	1016.5229847820781	1016.7301048200995
1016.7832648573941	0.5271600417001991	trials	210420SL	p11	Z11111	210	14.0	225.0	8	1016.9332648573941	1017.1604248990943
1017.2135849363889	0.49708003617843133	trials	210420SL	p11	Z11111	115	9.0	315.0	4	1017.3635849363889	1017.5606649725673
1017.6138250098619	0.5071200380214123	trials	210420SL	p11	Z11111	298	12.0	135.0	12	1017.7638250098619	1017.9709450478833
1018.0441050888494	0.5071600380287009	trials	210420SL	p11	Z11111	131	10.0	0.0	8	1018.1941050888494	1018.4012651268781
1021.5665057354644	0.5171200398572182	trials	210420SL	p11	Z11111	189	8.0	180.0	8	1021.7165057354644	1021.9336257753216
1022.0167858181233	0.49712003618572	trials	210420SL	p11	Z11111	91	0.0	270.0	4	1022.1667858181232	1022.363905854309
1022.4170658916036	0.5271200416927968	trials	210420SL	p11	Z11111	221	10.0	270.0	8	1022.5670658916035	1022.7941859332964
1022.847345970591	0.49712003618572	trials	210420SL	p11	Z11111	295	9.0	135.0	12	1022.997345970591	1023.1944660067768
1023.2476260440714	0.5071200380214123	trials	210420SL	p11	Z11111	178	12.0	135.0	8	1023.3976260440713	1023.6047460820928
1023.6879061248945	0.49712003618572	trials	210420SL	p11	Z11111	74	13.0	180.0	4	1023.8379061248945	1024.0350261610802
1024.0881861983748	0.49712003618583367	trials	210420SL	p11	Z11111	211	0.0	270.0	8	1024.238186198375	1024.4353062345606
1027.7106268633543	0.5071200380216396	trials	210420SL	p11	Z11111	231	5.0	315.0	8	1027.8606268633544	1028.0677469013758
1028.1209069386703	0.5271200416930242	trials	210420SL	p11	Z11111	148	12.0	45.0	8	1028.2709069386704	1028.4980269803632
1028.5511870176579	0.49712003618583367	trials	210420SL	p11	Z11111	330	14.0	225.0	12	1028.701187017658	1028.8983070538436
1028.951467091138	0.5071200380216396	trials	210420SL	p11	Z11111	55	9.0	135.0	4	1029.1014670911381	1029.3085871291596
1029.3917471719612	0.49712003618583367	trials	210420SL	p11	Z11111	220	9.0	270.0	8	1029.5417471719613	1029.738867208147
1029.7920272454417	0.5271600417004265	trials	210420SL	p11	Z11111	101	10.0	270.0	4	1029.9420272454417	1030.169187287142
1030.222307324429	0.49712003618606104	trials	210420SL	p11	Z11111	232	6.0	315.0	8	1030.3723073244291	1030.569427360615
1033.744707971044	0.507120038021867	trials	210420SL	p11	Z11111	145	9.0	45.0	8	1033.894707971044	1034.1018280090657
1034.15498804636	0.4970800361786587	trials	210420SL	p11	Z11111	21	5.0	45.0	4	1034.30498804636	1034.5020680825385
1034.5652281216687	0.5171600398646206	trials	210420SL	p11	Z11111	165	14.0	90.0	8	1034.7152281216688	1034.9323881615333
1034.9955482006635	0.49712003618606104	trials	210420SL	p11	Z11111	305	4.0	180.0	12	1035.1455482006636	1035.3426682368495
1035.3957882741365	0.49712003618606104	trials	210420SL	p11	Z11111	203	7.0	225.0	8	1035.5457882741366	1035.7429083103225
1035.8261083531313	0.49712003618583367	trials	210420SL	p11	Z11111	114	8.0	315.0	4	1035.9761083531314	1036.173228389317
1036.2363884284473	0.4970800361786587	trials	210420SL	p11	Z11111	109	3.0	315.0	4	1036.3863884284474	1036.5834684646259
1039.7287090695404	0.5071200380216396	trials	210420SL	p11	Z11111	338	7.0	270.0	12	1039.8787090695405	1040.085829107562
1040.1389891448564	0.507120038021867	trials	210420SL	p11	Z11111	324	8.0	225.0	12	1040.2889891448565	1040.4961091828782
1040.5492692201724	0.49712003618606104	trials	210420SL	p11	Z11111	90	14.0	225.0	4	1040.6992692201725	1040.8963892563584
1040.97954929916	0.49712003618583367	trials	210420SL	p11	Z11111	348	2.0	315.0	12	1041.12954929916	1041.3266693353457
1041.3798293726402	0.49712003618606104	trials	210420SL	p11	Z11111	283	12.0	90.0	12	1041.5298293726403	1041.7269494088262
1041.7901094479562	0.5171200398574456	trials	210420SL	p11	Z11111	334	3.0	270.0	12	1041.9401094479563	1042.1572294878135
1042.2203895269438	0.49712003618583367	trials	210420SL	p11	Z11111	275	4.0	90.0	12	1042.3703895269439	1042.5675095631295
1045.7527901753945	0.5071200380216396	trials	210420SL	p11	Z11111	177	11.0	135.0	8	1045.9027901753946	1046.109910213416
1046.1630702507105	0.4970800361786587	trials	210420SL	p11	Z11111	222	11.0	270.0	8	1046.3130702507106	1046.510150286889
1046.5933503296978	0.507120038021867	trials	210420SL	p11	Z11111	256	0.0	45.0	12	1046.743350329698	1046.9504703677196
1047.003630405014	0.5271200416930242	trials	210420SL	p11	Z11111	183	2.0	180.0	8	1047.1536304050142	1047.380750446707
1047.4339104840014	0.49712003618606104	trials	210420SL	p11	Z11111	170	4.0	135.0	8	1047.5839104840015	1047.7810305201874
1047.8641905629888	0.5071200380216396	trials	210420SL	p11	Z11111	16	0.0	45.0	4	1048.014190562989	1048.2213106010104
1048.274470638305	0.49712003618583367	trials	210420SL	p11	Z11111	329	13.0	225.0	12	1048.4244706383051	1048.6215906744908
1052.006991323492	0.507120038021867	trials	210420SL	p11	Z11111	49	3.0	135.0	4	1052.156991323492	1052.3641113615138
1052.4172713988082	0.5271200416930242	trials	210420SL	p11	Z11111	321	5.0	225.0	12	1052.5672713988083	1052.7943914405012
1052.8575514796314	0.49712003618583367	trials	210420SL	p11	Z11111	173	7.0	135.0	8	1053.0075514796315	1053.2046715158172
1053.2878715586262	0.49708003617843133	trials	210420SL	p11	Z11111	274	3.0	90.0	12	1053.4378715586263	1053.6349515948045
1053.6881116320992	0.5071200380216396	trials	210420SL	p11	Z11111	26	10.0	45.0	4	1053.8381116320993	1054.0452316701208
1054.1284317129296	0.4970800361786587	trials	210420SL	p11	Z11111	78	2.0	225.0	4	1054.2784317129297	1054.4755117491081
1056.5600721593114	0.5071200380216396	trials	210420SL	p11	Z11111	265	9.0	45.0	12	1056.7100721593115	1056.917192197333
1056.97031223462	0.5271600417004265	trials	210420SL	p11	Z11111	228	2.0	315.0	8	1057.12031223462	1057.3474722763203
1057.4006323136148	0.5371200435288301	trials	210420SL	p11	Z11111	43	12.0	90.0	4	1057.5506323136149	1057.7877523571435
1057.840912394438	0.49712003618606104	trials	210420SL	p11	Z11111	345	14.0	270.0	12	1057.990912394438	1058.188032430624
1058.2411924679184	0.49712003618583367	trials	210420SL	p11	Z11111	354	8.0	315.0	12	1058.3911924679185	1058.5883125041041
1058.6414725413986	0.4970800361786587	trials	210420SL	p11	Z11111	144	8.0	45.0	8	1058.7914725413987	1058.9885525775771
1059.0717526203862	0.49712003618583367	trials	210420SL	p11	Z11111	71	10.0	180.0	4	1059.2217526203863	1059.418872656572
1062.5641132614865	0.5071200380216396	trials	210420SL	p11	Z11111	190	9.0	180.0	8	1062.7141132614865	1062.921233299508
1062.9743933368027	0.5271200416930242	trials	210420SL	p11	Z11111	260	4.0	45.0	12	1063.1243933368028	1063.3515133784956
1063.40467341579	0.4970800361786587	trials	210420SL	p11	Z11111	252	11.0	0.0	12	1063.5546734157901	1063.7517534519686
1063.814953491106	0.5271200416932516	trials	210420SL	p11	Z11111	93	2.0	270.0	4	1063.9649534911061	1064.1920735327992
1064.2452335700937	0.49712003618583367	trials	210420SL	p11	Z11111	271	0.0	90.0	12	1064.3952335700938	1064.5923536062794
1064.6455136435738	0.4970800361786587	trials	210420SL	p11	Z11111	199	3.0	225.0	8	1064.795513643574	1064.9925936797524
1065.0457537170469	0.5271600417004265	trials	210420SL	p11	Z11111	73	12.0	180.0	4	1065.195753717047	1065.4229137587472
1068.598154369169	0.5071200380216396	trials	210420SL	p11	Z11111	57	11.0	135.0	4	1068.748154369169	1068.9552744071905
1069.008434444485	0.49712003618606104	trials	210420SL	p11	Z11111	326	10.0	225.0	12	1069.158434444485	1069.355554480671
1069.4087145179653	0.5371200435288301	trials	210420SL	p11	Z11111	319	3.0	225.0	12	1069.5587145179654	1069.795834561494
1069.8489945987885	0.49712003618583367	trials	210420SL	p11	Z11111	155	4.0	90.0	8	1069.9989945987886	1070.1961146349743
1070.2492746722687	0.5271200416932516	trials	210420SL	p11	Z11111	52	6.0	135.0	4	1070.3992746722688	1070.6263947139619
1070.6795547512563	0.5071200380216396	trials	210420SL	p11	Z11111	198	2.0	225.0	8	1070.8295547512564	1071.0366747892779
1071.1198348320795	0.49712003618606104	trials	210420SL	p11	Z11111	146	10.0	45.0	8	1071.2698348320796	1071.4669548682655
1074.6822354860374	0.5071200380216396	trials	210420SL	p11	Z11111	58	12.0	135.0	4	1074.8322354860375	1075.039355524059
1075.1025155631892	0.49712003618583367	trials	210420SL	p11	Z11111	335	4.0	270.0	12	1075.2525155631893	1075.449635599375
1075.5328356421837	0.49712003618606104	trials	210420SL	p11	Z11111	269	13.0	45.0	12	1075.6828356421838	1075.8799556783697
1075.9330757156567	0.49712003618606104	trials	210420SL	p11	Z11111	96	5.0	270.0	4	1076.0830757156568	1076.2801957518427
1076.343355790973	0.5271600417004265	trials	210420SL	p11	Z11111	100	9.0	270.0	4	1076.493355790973	1076.7205158326733
1076.7736758699677	0.5271200416930242	trials	210420SL	p11	Z11111	299	13.0	135.0	12	1076.9236758699678	1077.1507959116607
1077.2039559489551	0.49712003618606104	trials	210420SL	p11	Z11111	290	4.0	135.0	12	1077.3539559489552	1077.551075985141
1080.7063165918912	0.507120038021867	trials	210420SL	p11	Z11111	107	1.0	315.0	4	1080.8563165918913	1081.063436629913
1081.1165966672074	0.49712003618583367	trials	210420SL	p11	Z11111	213	2.0	270.0	8	1081.2665966672075	1081.4637167033932
1081.5268767425234	0.5271200416930242	trials	210420SL	p11	Z11111	268	12.0	45.0	12	1081.6768767425235	1081.9039967842164
1081.9571568215108	0.5271200416930242	trials	210420SL	p11	Z11111	320	4.0	225.0	12	1082.107156821511	1082.3342768632037
1082.3874369004984	0.5271200416930242	trials	210420SL	p11	Z11111	316	0.0	225.0	12	1082.5374369004985	1082.7645569421913
1082.8277569813288	0.4970800361786587	trials	210420SL	p11	Z11111	185	4.0	180.0	8	1082.9777569813289	1083.1748370175073
1083.2279970548018	0.5271600417004265	trials	210420SL	p11	Z11111	239	13.0	315.0	8	1083.3779970548019	1083.6051570965021
1086.7303576977379	0.507120038021867	trials	210420SL	p11	Z11111	125	4.0	0.0	8	1086.880357697738	1087.0874777357596
1087.140637773054	0.5271200416930242	trials	210420SL	p11	Z11111	217	6.0	270.0	8	1087.2906377730542	1087.517757814747
1087.5709178520415	0.49712003618606104	trials	210420SL	p11	Z11111	318	2.0	225.0	12	1087.7209178520416	1087.9180378882274
1087.9811979273575	0.5271600417006539	trials	210420SL	p11	Z11111	111	5.0	315.0	4	1088.1311979273576	1088.358357969058
1090.5429183976182	0.5071200380216396	trials	210420SL	p11	Z11111	35	4.0	90.0	4	1090.6929183976183	1090.9000384356398
1090.9531984729342	0.49712003618606104	trials	210420SL	p11	Z11111	82	6.0	225.0	4	1091.1031984729343	1091.3003185091202
1091.3834785519218	0.49712003618583367	trials	210420SL	p11	Z11111	258	2.0	45.0	12	1091.533478551922	1091.7305985881076
1091.7937586272378	0.5271600417004265	trials	210420SL	p11	Z11111	257	1.0	45.0	12	1091.943758627238	1092.1709186689382
1092.2240787062326	0.4970800361786587	trials	210420SL	p11	Z11111	339	8.0	270.0	12	1092.3740787062327	1092.5711587424112
1092.6543587852202	0.5071200380216396	trials	210420SL	p11	Z11111	83	7.0	225.0	4	1092.8043587852203	1093.0114788232418
1093.0646388605362	0.49712003618583367	trials	210420SL	p11	Z11111	195	14.0	180.0	8	1093.2146388605363	1093.411758896722
1096.446919481429	0.5071200380216396	trials	210420SL	p11	Z11111	311	10.0	180.0	12	1096.596919481429	1096.8040395194505
1096.857199556745	0.4970800361786587	trials	210420SL	p11	Z11111	38	7.0	90.0	4	1097.007199556745	1097.2042795929235
1097.257439630218	0.49712003618583367	trials	210420SL	p11	Z11111	325	9.0	225.0	12	1097.407439630218	1097.6045596664037
1097.6877197092053	0.507160038029042	trials	210420SL	p11	Z11111	142	6.0	45.0	8	1097.8377197092054	1098.0448797472343
1098.0979997845213	0.5271600417006539	trials	210420SL	p11	Z11111	99	8.0	270.0	4	1098.2479997845214	1098.475159826222
1098.5283198635161	0.4970800361786587	trials	210420SL	p11	Z11111	0			0	1098.6783198635162	1098.8753998996947
1098.9285599369891	0.5271600417004265	trials	210420SL	p11	Z11111	241	0.0	0.0	12	1099.0785599369892	1099.3057199786895
1102.5610406038118	0.5171200398574456	trials	210420SL	p11	Z11111	303	2.0	180.0	12	1102.7110406038119	1102.9281606436691
1102.9813206809636	0.49708003617843133	trials	210420SL	p11	Z11111	143	7.0	45.0	8	1103.1313206809637	1103.328400717142
1103.411600759951	0.49712003618606104	trials	210420SL	p11	Z11111	29	13.0	45.0	4	1103.561600759951	1103.758720796137
1103.811840833424	0.507160038029042	trials	210420SL	p11	Z11111	9	8.0	0.0	4	1103.961840833424	1104.169000871453
1104.2521609142545	0.49712003618606104	trials	210420SL	p11	Z11111	181	0.0	180.0	8	1104.4021609142546	1104.5992809504405
1104.6524409877347	0.5271200416932516	trials	210420SL	p11	Z11111	117	11.0	315.0	4	1104.8024409877348	1105.029561029428
1105.0827210667223	0.5371200435288301	trials	210420SL	p11	Z11111	150	14.0	45.0	8	1105.2327210667224	1105.469841110251
1108.7652017427235	0.5171200398572182	trials	210420SL	p11	Z11111	343	12.0	270.0	12	1108.9152017427236	1109.1323217825807
1109.1854818198753	0.5271200416930242	trials	210420SL	p11	Z11111	67	6.0	180.0	4	1109.3354818198754	1109.5626018615683
1109.6157618988627	0.49712003618606104	trials	210420SL	p11	Z11111	54	8.0	135.0	4	1109.7657618988628	1109.9628819350487
1110.0260419741787	0.5271200416930242	trials	210420SL	p11	Z11111	105	14.0	270.0	4	1110.1760419741788	1110.4031620158717
1110.4563220531663	0.49712003618583367	trials	210420SL	p11	Z11111	182	1.0	180.0	8	1110.6063220531664	1110.803442089352
1110.8566021266465	0.5271200416932516	trials	210420SL	p11	Z11111	201	5.0	225.0	8	1111.0066021266466	1111.2337221683397
1111.286882205634	0.5371600435362325	trials	210420SL	p11	Z11111	167	1.0	135.0	8	1111.436882205634	1111.67404224917
1114.809282852249	0.5071200380216396	trials	210420SL	p11	Z11111	188	7.0	180.0	8	1114.959282852249	1115.1664028902705
1115.2195229275576	0.49712003618606104	trials	210420SL	p11	Z11111	77	1.0	225.0	4	1115.3695229275577	1115.5666429637436
1115.619803001038	0.49712003618583367	trials	210420SL	p11	Z11111	102	11.0	270.0	4	1115.769803001038	1115.9669230372238
1116.030083076354	0.5271200416930242	trials	210420SL	p11	Z11111	355	9.0	315.0	12	1116.180083076354	1116.407203118047
1116.4603631553414	0.5271600417004265	trials	210420SL	p11	Z11111	323	7.0	225.0	12	1116.6103631553415	1116.8375231970417
1116.8906832343364	0.49708003617843133	trials	210420SL	p11	Z11111	238	12.0	315.0	8	1117.0406832343365	1117.2377632705147
1117.300923309645	0.5271600417004265	trials	210420SL	p11	Z11111	307	6.0	180.0	12	1117.450923309645	1117.6780833513453
1120.8933639691172	0.5071200380216396	trials	210420SL	p11	Z11111	23	7.0	45.0	4	1121.0433639691173	1121.2504840071388
1121.3036440444334	0.5071200380216396	trials	210420SL	p11	Z11111	202	6.0	225.0	8	1121.4536440444335	1121.660764082455
1121.7439241252564	0.49712003618606104	trials	210420SL	p11	Z11111	66	5.0	180.0	4	1121.8939241252565	1122.0910441614424
1122.1442041987368	0.5271200416930242	trials	210420SL	p11	Z11111	309	8.0	180.0	12	1122.294204198737	1122.5213242404297
1122.5744842777244	0.5071200380216396	trials	210420SL	p11	Z11111	212	1.0	270.0	8	1122.7244842777245	1122.931604315746
1123.014804358555	0.49708003617843133	trials	210420SL	p11	Z11111	20	4.0	45.0	4	1123.164804358555	1123.3618843947334
1123.4150444320278	0.49712003618583367	trials	210420SL	p11	Z11111	70	9.0	180.0	4	1123.565044432028	1123.7621644682135
1127.918085258661	0.5071200380216396	trials	210420SL	p11	Z11111	27	11.0	45.0	4	1128.068085258661	1128.2752052966825
1128.3283653339772	0.5071200380216396	trials	210420SL	p11	Z11111	51	5.0	135.0	4	1128.4783653339773	1128.6854853719988
1128.7686454148004	0.49712003618583367	trials	210420SL	p11	Z11111	84	8.0	225.0	4	1128.9186454148005	1129.1157654509861
1129.1689254882808	0.49712003618583367	trials	210420SL	p11	Z11111	179	13.0	135.0	8	1129.318925488281	1129.5160455244666
1129.569205561761	0.5271200416930242	trials	210420SL	p11	Z11111	304	3.0	180.0	12	1129.719205561761	1129.946325603454
1130.0094856425842	0.49712003618583367	trials	210420SL	p11	Z11111	134	13.0	0.0	8	1130.1594856425843	1130.35660567877
1130.439805721579	0.4970800361786587	trials	210420SL	p11	Z11111	13	12.0	0.0	4	1130.589805721579	1130.7868857577575
1134.2623664232951	0.5071200380216396	trials	210420SL	p11	Z11111	250	9.0	0.0	12	1134.4123664232952	1134.6194864613167
1134.672646498611	0.5071200380216396	trials	210420SL	p11	Z11111	108	2.0	315.0	4	1134.822646498611	1135.0297665366325
1135.1029265775985	0.49712003618583367	trials	210420SL	p11	Z11111	171	5.0	135.0	8	1135.2529265775986	1135.4500466137843
1135.5132066529145	0.5271200416932516	trials	210420SL	p11	Z11111	72	11.0	180.0	4	1135.6632066529146	1135.8903266946077
1135.943486731902	0.49712003618583367	trials	210420SL	p11	Z11111	300	14.0	135.0	12	1136.0934867319022	1136.2906067680879
1136.3737668108895	0.49712003618583367	trials	210420SL	p11	Z11111	253	12.0	0.0	12	1136.5237668108896	1136.7208868470752
1136.77404688437	0.5071200380216396	trials	210420SL	p11	Z11111	227	1.0	315.0	8	1136.92404688437	1137.1311669223915
1140.3964875493493	0.5071200380216396	trials	210420SL	p11	Z11111	139	3.0	45.0	8	1140.5464875493494	1140.7536075873709
1140.8067676246653	0.5271200416930242	trials	210420SL	p11	Z11111	69	8.0	180.0	4	1140.9567676246654	1141.1838876663583
1141.2470477054885	0.5271600417004265	trials	210420SL	p11	Z11111	163	12.0	90.0	8	1141.3970477054886	1141.6242077471888
1141.6773677844835	0.49708003617843133	trials	210420SL	p11	Z11111	262	6.0	45.0	12	1141.8273677844836	1142.0244478206619
1142.0776078579563	0.49712003618583367	trials	210420SL	p11	Z11111	6	5.0	0.0	4	1142.2276078579564	1142.424727894142
1142.4878879332723	0.5271600417004265	trials	210420SL	p11	Z11111	209	13.0	225.0	8	1142.6378879332724	1142.8650479749726
1142.9182080122673	0.49708003617843133	trials	210420SL	p11	Z11111	5	4.0	0.0	4	1143.0682080122674	1143.2652880484457
1146.470568664382	0.5171200398572182	trials	210420SL	p11	Z11111	157	6.0	90.0	8	1146.620568664382	1146.837688704239
1146.9108887452126	0.49712003618583367	trials	210420SL	p11	Z11111	267	11.0	45.0	12	1147.0608887452127	1147.2580087813983
1147.3211688205286	0.4970800361786587	trials	210420SL	p11	Z11111	154	3.0	90.0	8	1147.4711688205286	1147.6682488567071
1147.7514488995162	0.4971200361856063	trials	210420SL	p11	Z11111	266	10.0	45.0	12	1147.9014488995163	1148.0985689357017
1148.1517289729964	0.5271200416930242	trials	210420SL	p11	Z11111	28	12.0	45.0	4	1148.3017289729964	1148.5288490146893
1148.5820090519837	0.5071200380216396	trials	210420SL	p11	Z11111	242	1.0	0.0	12	1148.7320090519838	1148.9391290900053
1148.9922891272997	0.5271200416930242	trials	210420SL	p11	Z11111	244	3.0	0.0	12	1149.1422891272998	1149.3694091689927
1152.494649770236	0.49708003617843133	trials	210420SL	p11	Z11111	122	1.0	0.0	8	1152.6446497702361	1152.8417298064144
1152.904929845552	0.5271200416930242	trials	210420SL	p11	Z11111	322	6.0	225.0	12	1153.0549298455521	1153.282049887245
1153.3352099245394	0.49712003618606104	trials	210420SL	p11	Z11111	24	8.0	45.0	4	1153.4852099245395	1153.6823299607254
1153.765490003527	0.5071200380214123	trials	210420SL	p11	Z11111	12	11.0	0.0	4	1153.915490003527	1154.1226100415483
1154.175770078843	0.5271200416930242	trials	210420SL	p11	Z11111	234	8.0	315.0	8	1154.325770078843	1154.552890120536
1154.6060501578304	0.49712003618606104	trials	210420SL	p11	Z11111	359	13.0	315.0	12	1154.7560501578305	1154.9531701940164
1155.0363302368178	0.5071200380216396	trials	210420SL	p11	Z11111	350	4.0	315.0	12	1155.1863302368179	1155.3934502748393
1158.6087308926114	0.507160038029042	trials	210420SL	p11	Z11111	94	3.0	270.0	4	1158.7587308926115	1158.9658909306404
1159.0390509716062	0.49712003618606104	trials	210420SL	p11	Z11111	19	3.0	45.0	4	1159.1890509716063	1159.3861710077922
1159.4392910450792	0.5271600417004265	trials	210420SL	p11	Z11111	160	9.0	90.0	8	1159.5892910450793	1159.8164510867796
1159.8696111240743	0.5071200380216396	trials	210420SL	p11	Z11111	255	14.0	0.0	12	1160.0196111240743	1160.2267311620958
1160.27989119939	0.5271200416932516	trials	210420SL	p11	Z11111	161	10.0	90.0	8	1160.42989119939	1160.6570112410832
1160.7101712783776	0.49712003618583367	trials	210420SL	p11	Z11111	296	10.0	135.0	12	1160.8601712783777	1161.0572913145634
1161.1104513518578	0.507120038021867	trials	210420SL	p11	Z11111	30	14.0	45.0	4	1161.260451351858	1161.4675713898796
1164.6027719929511	0.5071200380216396	trials	210420SL	p11	Z11111	8	7.0	0.0	4	1164.7527719929512	1164.9598920309727
1165.013052068267	0.5271600417004265	trials	210420SL	p11	Z11111	292	6.0	135.0	12	1165.163052068267	1165.3902121099673
1167.3946525054628	0.49712003618583367	trials	210420SL	p11	Z11111	223	12.0	270.0	8	1167.5446525054629	1167.7417725416485
1167.8149325826143	0.49712003618606104	trials	210420SL	p11	Z11111	291	5.0	135.0	12	1167.9649325826144	1168.1620526188003
1168.2252126579306	0.49712003618606104	trials	210420SL	p11	Z11111	56	10.0	135.0	4	1168.3752126579307	1168.5723326941165
1168.6555327369254	0.4970800361786587	trials	210420SL	p11	Z11111	312	11.0	180.0	12	1168.8055327369254	1169.002612773104
1169.0557728103981	0.5271600417006539	trials	210420SL	p11	Z11111	264	8.0	45.0	12	1169.2057728103982	1169.4329328520987
1169.4960928912287	0.5271200416932516	trials	210420SL	p11	Z11111	0			0	1169.6460928912288	1169.873212932922
1169.926372970216	0.49712003618606104	trials	210420SL	p11	Z11111	140	4.0	45.0	8	1170.0763729702162	1170.273493006402
1173.488773624174	0.517120039857673	trials	210420SL	p11	Z11111	243	2.0	0.0	12	1173.638773624174	1173.8558936640316
1173.9090537013258	0.5271200416932516	trials	210420SL	p11	Z11111	205	9.0	225.0	8	1174.0590537013259	1174.286173743019
1174.3393337803132	0.49712003618606104	trials	210420SL	p11	Z11111	237	11.0	315.0	8	1174.4893337803132	1174.6864538164991
1174.7496138556294	0.5271200416932516	trials	210420SL	p11	Z11111	347	1.0	315.0	12	1174.8996138556295	1175.1267338973225
1175.1798939346168	0.49712003618606104	trials	210420SL	p11	Z11111	353	7.0	315.0	12	1175.3298939346168	1175.5270139708027
1175.6102140136118	0.49708003617843133	trials	210420SL	p11	Z11111	4	3.0	0.0	4	1175.7602140136119	1175.95729404979
1176.0204540889204	0.49712003618606104	trials	210420SL	p11	Z11111	349	3.0	315.0	12	1176.1704540889205	1176.3675741251063
1179.5128147300209	0.5071200380216396	trials	210420SL	p11	Z11111	230	4.0	315.0	8	1179.662814730021	1179.8699347680424
1179.9330948071727	0.5271600417001991	trials	210420SL	p11	Z11111	34	3.0	90.0	4	1180.0830948071728	1180.3102548488728
1180.3634148861674	0.49708003617843133	trials	210420SL	p11	Z11111	235	9.0	315.0	8	1180.5134148861675	1180.7104949223458
1180.7636549596405	0.49712003618583367	trials	210420SL	p11	Z11111	87	11.0	225.0	4	1180.9136549596406	1181.1107749958262
1181.193975038635	0.507120038021867	trials	210420SL	p11	Z11111	81	5.0	225.0	4	1181.343975038635	1181.5510950766568
1181.6042151139438	0.49712003618583367	trials	210420SL	p11	Z11111	106	0.0	315.0	4	1181.754215113944	1181.9513351501296
1182.0044951874243	0.5271200416930242	trials	210420SL	p11	Z11111	61	0.0	180.0	4	1182.1544951874243	1182.3816152291172
1185.536895835875	0.5070800380142373	trials	210420SL	p11	Z11111	133	12.0	0.0	8	1185.686895835875	1185.893975873889
1185.9471359111835	0.5271600417004265	trials	210420SL	p11	Z11111	317	1.0	225.0	12	1186.0971359111836	1186.3242959528839
1186.387455992014	0.49712003618606104	trials	210420SL	p11	Z11111	147	11.0	45.0	8	1186.5374559920142	1186.7345760282
1186.8177360710015	0.49712003618606104	trials	210420SL	p11	Z11111	340	9.0	270.0	12	1186.9677360710016	1187.1648561071875
1187.2180161444817	0.49712003618606104	trials	210420SL	p11	Z11111	159	8.0	90.0	8	1187.3680161444818	1187.5651361806677
1187.628296219798	0.5271200416930242	trials	210420SL	p11	Z11111	168	2.0	135.0	8	1187.778296219798	1188.0054162614908
1188.0585762987853	0.49712003618606104	trials	210420SL	p11	Z11111	137	1.0	45.0	8	1188.2085762987854	1188.4056963349713
1191.54093693805	0.5071200380216396	trials	210420SL	p11	Z11111	270	14.0	45.0	12	1191.69093693805	1191.8980569760715
1191.9511770133586	0.49712003618606104	trials	210420SL	p11	Z11111	310	9.0	180.0	12	1192.1011770133587	1192.2982970495445
1192.3514570868392	0.4971200361856063	trials	210420SL	p11	Z11111	7	6.0	0.0	4	1192.5014570868393	1192.6985771230247
1192.761737162155	0.5271200416932516	trials	210420SL	p11	Z11111	162	11.0	90.0	8	1192.911737162155	1193.1388572038481
1193.1920172411426	0.5271600417001991	trials	210420SL	p11	Z11111	60	14.0	135.0	4	1193.3420172411427	1193.5691772828427
1193.6223373201374	0.49708003617843133	trials	210420SL	p11	Z11111	172	6.0	135.0	8	1193.7723373201375	1193.9694173563157
1194.032577395446	0.5271600417004265	trials	210420SL	p11	Z11111	333	2.0	270.0	12	1194.182577395446	1194.4097374371463
1197.5749780457325	0.5071200380216396	trials	210420SL	p11	Z11111	153	2.0	90.0	8	1197.7249780457325	1197.932098083754
1197.9952581228843	0.49712003618583367	trials	210420SL	p11	Z11111	314	13.0	180.0	12	1198.1452581228843	1198.34237815907
1198.3955381963644	0.5271200416930242	trials	210420SL	p11	Z11111	88	12.0	225.0	4	1198.5455381963645	1198.7726582380574
1198.825818275352	0.49712003618606104	trials	210420SL	p11	Z11111	95	4.0	270.0	4	1198.9758182753521	1199.172938311538
1199.2260983488322	0.49712003618606104	trials	210420SL	p11	Z11111	92	1.0	270.0	4	1199.3760983488323	1199.5732183850182
1199.6663784296554	0.49712003618606104	trials	210420SL	p11	Z11111	130	9.0	0.0	8	1199.8163784296555	1200.0134984658414
1202.0079788595085	0.5071200380214123	trials	210420SL	p11	Z11111	206	10.0	225.0	8	1202.1579788595086	1202.3650988975298
1202.4182589348243	0.5071200380216396	trials	210420SL	p11	Z11111	263	7.0	45.0	12	1202.5682589348244	1202.7753789728458
1202.8585390156477	0.4971200361856063	trials	210420SL	p11	Z11111	10	9.0	0.0	4	1203.0085390156478	1203.2056590518332
1203.2588190891279	0.49712003618606104	trials	210420SL	p11	Z11111	164	13.0	90.0	8	1203.408819089128	1203.6059391253139
1203.659059162601	0.5271600417004265	trials	210420SL	p11	Z11111	341	10.0	270.0	12	1203.809059162601	1204.0362192043012
1204.0893792415955	0.507120038021867	trials	210420SL	p11	Z11111	259	3.0	45.0	12	1204.2393792415955	1204.4464992796172
1204.4996593169117	0.5271200416932516	trials	210420SL	p11	Z11111	14	13.0	0.0	4	1204.6496593169118	1204.8767793586048
1207.981979956169	0.507120038021867	trials	210420SL	p11	Z11111	216	5.0	270.0	8	1208.131979956169	1208.3390999941907
1208.392260031485	0.49712003618606104	trials	210420SL	p11	Z11111	63	2.0	180.0	4	1208.542260031485	1208.739380067671
1208.8225401104723	0.507120038021867	trials	210420SL	p11	Z11111	273	2.0	90.0	12	1208.9725401104724	1209.1796601484941
1209.2328201857886	0.5271600417004265	trials	210420SL	p11	Z11111	40	9.0	90.0	4	1209.3828201857887	1209.609980227489
1209.663100264776	0.5271600417004265	trials	210420SL	p11	Z11111	50	4.0	135.0	4	1209.813100264776	1210.0402603064763
1210.093420343771	0.5071200380216396	trials	210420SL	p11	Z11111	11	10.0	0.0	4	1210.243420343771	1210.4505403817925
1210.5037004190867	0.5271200416932516	trials	210420SL	p11	Z11111	219	8.0	270.0	8	1210.6537004190868	1210.88082046078
1214.1061010803878	0.5071200380214123	trials	210420SL	p11	Z11111	128	7.0	0.0	8	1214.256101080388	1214.4632211184091
1214.5464211612182	0.4970800361786587	trials	210420SL	p11	Z11111	156	5.0	90.0	8	1214.6964211612183	1214.8935011973967
1214.9466612346912	0.5071200380214123	trials	210420SL	p11	Z11111	129	8.0	0.0	8	1215.0966612346913	1215.3037812727125
1215.3869813155216	0.49712003618606104	trials	210420SL	p11	Z11111	65	4.0	180.0	4	1215.5369813155216	1215.7341013517075
1215.7872213889946	0.49712003618606104	trials	210420SL	p11	Z11111	193	12.0	180.0	8	1215.9372213889947	1216.1343414251805
1216.2175414679893	0.49712003618606104	trials	210420SL	p11	Z11111	135	14.0	0.0	8	1216.3675414679894	1216.5646615041753
1216.6178215414698	0.5070800380144647	trials	210420SL	p11	Z11111	246	5.0	0.0	12	1216.7678215414699	1216.9749015794841
1220.460382246857	0.5071200380216396	trials	210420SL	p11	Z11111	356	10.0	315.0	12	1220.6103822468572	1220.8175022848786
1220.8706623221733	0.5271200416930242	trials	210420SL	p11	Z11111	64	3.0	180.0	4	1221.0206623221734	1221.2477823638662
1221.3009424011607	0.5071200380216396	trials	210420SL	p11	Z11111	48	2.0	135.0	4	1221.4509424011608	1221.6580624391822
1221.7112224764767	0.49712003618606104	trials	210420SL	p11	Z11111	245	4.0	0.0	12	1221.8612224764768	1222.0583425126626
1222.1415025554643	0.49712003618583367	trials	210420SL	p11	Z11111	289	3.0	135.0	12	1222.2915025554644	1222.48862259165
1222.5417826289445	0.5271600417004265	trials	210420SL	p11	Z11111	346	0.0	315.0	12	1222.6917826289446	1222.9189426706448
1222.9720627079319	0.507120038021867	trials	210420SL	p11	Z11111	22	6.0	45.0	4	1223.122062707932	1223.3291827459536
1226.5845033710757	0.5071200380216396	trials	210420SL	p11	Z11111	287	1.0	135.0	12	1226.7345033710758	1226.9416234090972
1226.994783446392	0.49712003618583367	trials	210420SL	p11	Z11111	174	8.0	135.0	8	1227.144783446392	1227.3419034825777
1227.4250635253793	0.49712003618606104	trials	210420SL	p11	Z11111	293	7.0	135.0	12	1227.5750635253794	1227.7721835615653
1227.8253435988595	0.5071200380216396	trials	210420SL	p11	Z11111	2	1.0	0.0	4	1227.9753435988596	1228.182463636881
1228.265623679683	0.49712003618583367	trials	210420SL	p11	Z11111	313	12.0	180.0	12	1228.415623679683	1228.6127437158686
1228.665903753163	0.5271600417004265	trials	210420SL	p11	Z11111	25	9.0	45.0	4	1228.8159037531632	1229.0430637948634
1229.0962238321579	0.4970800361786587	trials	210420SL	p11	Z11111	116	10.0	315.0	4	1229.246223832158	1229.4433038683364
1232.6986244934587	0.5071200380216396	trials	210420SL	p11	Z11111	336	5.0	270.0	12	1232.8486244934588	1233.0557445314803
1233.1189045706105	0.4971200361856063	trials	210420SL	p11	Z11111	1	0.0	0.0	4	1233.2689045706106	1233.466024606796
1235.9307850867935	0.5071200380216396	trials	210420SL	p11	Z11111	302	1.0	180.0	12	1236.0807850867936	1236.287905124815
1236.3410651621098	0.4971200361856063	trials	210420SL	p11	Z11111	149	13.0	45.0	8	1236.4910651621099	1236.6881851982953
1236.74134523559	0.49712003618606104	trials	210420SL	p11	Z11111	251	10.0	0.0	12	1236.89134523559	1237.088465271776
1237.1416253090702	0.5271200416932516	trials	210420SL	p11	Z11111	284	13.0	90.0	12	1237.2916253090702	1237.5187453507633
1237.5719053880575	0.507120038021867	trials	210420SL	p11	Z11111	294	8.0	135.0	12	1237.7219053880576	1237.9290254260793
1237.9821854633738	0.5271200416930242	trials	210420SL	p11	Z11111	360	14.0	315.0	12	1238.1321854633738	1238.3593055050667
1238.4124655423611	0.49712003618606104	trials	210420SL	p11	Z11111	18	2.0	45.0	4	1238.5624655423612	1238.759585578547
1242.0349062073406	0.507120038021867	trials	210420SL	p11	Z11111	42	11.0	90.0	4	1242.1849062073406	1242.3920262453623
1242.4451862826568	0.49712003618583367	trials	210420SL	p11	Z11111	103	12.0	270.0	4	1242.5951862826569	1242.7923063188425
1242.8754663616442	0.49712003618606104	trials	210420SL	p11	Z11111	152	1.0	90.0	8	1243.0254663616442	1243.2225863978301
1243.2857464369604	0.5271200416930242	trials	210420SL	p11	Z11111	86	10.0	225.0	4	1243.4357464369605	1243.6628664786533
1243.7160265159478	0.49712003618583367	trials	210420SL	p11	Z11111	97	6.0	270.0	4	1243.8660265159479	1244.0631465521335
1244.116306589428	0.49712003618606104	trials	210420SL	p11	Z11111	104	13.0	270.0	4	1244.266306589428	1244.463426625614
1244.5165866629084	0.5271200416930242	trials	210420SL	p11	Z11111	33	2.0	90.0	4	1244.6665866629085	1244.8937067046013
1248.038947309516	0.5071200380216396	trials	210420SL	p11	Z11111	46	0.0	135.0	4	1248.1889473095162	1248.3960673475376
1248.449227384832	0.5271200416930242	trials	210420SL	p11	Z11111	297	11.0	135.0	12	1248.5992273848321	1248.826347426525
1248.8795074638194	0.5071200380216396	trials	210420SL	p11	Z11111	352	6.0	315.0	12	1249.0295074638195	1249.236627501841
1249.31982754465	0.49712003618583367	trials	210420SL	p11	Z11111	123	2.0	0.0	8	1249.4698275446501	1249.6669475808358
1249.7200676181228	0.5271600417004265	trials	210420SL	p11	Z11111	280	9.0	90.0	12	1249.870067618123	1250.0972276598231
1250.1503876971178	0.5071200380216396	trials	210420SL	p11	Z11111	44	13.0	90.0	4	1250.300387697118	1250.5075077351394
1250.5606677724336	0.5271200416932516	trials	210420SL	p11	Z11111	68	7.0	180.0	4	1250.7106677724337	1250.9377878141268
1254.193108439249	0.5071200380216396	trials	210420SL	p11	Z11111	0			0	1254.3431084392491	1254.5502284772706
1254.603388514565	0.4970800361786587	trials	210420SL	p11	Z11111	32	1.0	90.0	4	1254.7533885145651	1254.9504685507436
1255.0336685935526	0.5071200380216396	trials	210420SL	p11	Z11111	328	12.0	225.0	12	1255.1836685935527	1255.3907886315742
1255.4439486688684	0.517120039857673	trials	210420SL	p11	Z11111	200	4.0	225.0	8	1255.5939486688685	1255.811068708726
1255.8942287515274	0.49712003618606104	trials	210420SL	p11	Z11111	226	0.0	315.0	8	1256.0442287515275	1256.2413487877134
1256.2945088250078	0.5271200416930242	trials	210420SL	p11	Z11111	121	0.0	0.0	8	1256.444508825008	1256.6716288667008
1256.7247889039952	0.49712003618606104	trials	210420SL	p11	Z11111	166	0.0	135.0	8	1256.8747889039953	1257.0719089401812
1260.2671895542817	0.5071200380216396	trials	210420SL	p11	Z11111	186	5.0	180.0	8	1260.4171895542818	1260.6243095923032
1260.6774696295977	0.49712003618583367	trials	210420SL	p11	Z11111	59	13.0	135.0	4	1260.8274696295978	1261.0245896657834
1261.1077497085853	0.49712003618583367	trials	210420SL	p11	Z11111	249	8.0	0.0	12	1261.2577497085854	1261.454869744771
1261.5080297820655	0.5071200380216396	trials	210420SL	p11	Z11111	17	1.0	45.0	4	1261.6580297820656	1261.865149820087
1261.9483098628887	0.49712003618583367	trials	210420SL	p11	Z11111	214	3.0	270.0	8	1262.0983098628888	1262.2954298990744
1262.348589936369	0.5271200416927968	trials	210420SL	p11	Z11111	254	13.0	0.0	12	1262.4985899363692	1262.7257099780618
1262.7788700153565	0.49712003618606104	trials	210420SL	p11	Z11111	208	12.0	225.0	8	1262.9288700153566	1263.1259900515424
1266.3412706693143	0.49712003618606104	trials	210420SL	p11	Z11111	141	5.0	45.0	8	1266.4912706693144	1266.6883907055003
1266.7415507427945	0.5071200380216396	trials	210420SL	p11	Z11111	47	1.0	135.0	4	1266.8915507427946	1267.098670780816
1267.1518308181107	0.5271200416930242	trials	210420SL	p11	Z11111	62	1.0	180.0	4	1267.3018308181108	1267.5289508598037
1267.5821108970981	0.49712003618606104	trials	210420SL	p11	Z11111	301	0.0	180.0	12	1267.7321108970982	1267.929230933284
1270.1138313618517	0.5071200380216396	trials	210420SL	p11	Z11111	306	5.0	180.0	12	1270.2638313618518	1270.4709513998732
1270.5240714371603	0.5271600417004265	trials	210420SL	p11	Z11111	113	7.0	315.0	4	1270.6740714371604	1270.9012314788606
1270.9543915161553	0.5071200380216396	trials	210420SL	p11	Z11111	187	6.0	180.0	8	1271.1043915161554	1271.3115115541768
1271.3646715914713	0.5271200416930242	trials	210420SL	p11	Z11111	124	3.0	0.0	8	1271.5146715914714	1271.7417916331642
1271.7949516704587	0.49712003618583367	trials	210420SL	p11	Z11111	207	11.0	225.0	8	1271.9449516704587	1272.1420717066444
1272.195231743939	0.5071200380216396	trials	210420SL	p11	Z11111	285	14.0	90.0	12	1272.3452317439392	1272.5523517819606
1272.635511824762	0.49712003618606104	trials	210420SL	p11	Z11111	112	6.0	315.0	4	1272.7855118247621	1272.982631860948
1276.3079924989277	0.49712003618606104	trials	210420SL	p11	Z11111	276	5.0	90.0	12	1276.4579924989278	1276.6551125351136
1276.7182725742437	0.49712003618606104	trials	210420SL	p11	Z11111	344	13.0	270.0	12	1276.8682725742437	1277.0653926104296
1277.1185126477167	0.5271600417004265	trials	210420SL	p11	Z11111	75	14.0	180.0	4	1277.2685126477168	1277.495672689417
1277.5488327267115	0.4970800361786587	trials	210420SL	p11	Z11111	158	7.0	90.0	8	1277.6988327267115	1277.89591276289
1280.1105531969722	0.5171200398574456	trials	210420SL	p11	Z11111	0			0	1280.2605531969723	1280.4776732368296
1280.5408332759598	0.49712003618583367	trials	210420SL	p11	Z11111	191	10.0	180.0	8	1280.69083327596	1280.8879533121456
1280.9511133512756	0.49712003618606104	trials	210420SL	p11	Z11111	215	4.0	270.0	8	1281.1011133512757	1281.2982333874616
1281.3813934302632	0.49712003618606104	trials	210420SL	p11	Z11111	176	10.0	135.0	8	1281.5313934302633	1281.7285134664492
1281.7816735037436	0.49712003618583367	trials	210420SL	p11	Z11111	180	14.0	135.0	8	1281.9316735037437	1282.1287935399293
1282.211953582731	0.49712003618606104	trials	210420SL	p11	Z11111	204	8.0	225.0	8	1282.361953582731	1282.559073618917
1282.6222336580472	0.5271200416927968	trials	210420SL	p11	Z11111	288	2.0	135.0	12	1282.7722336580473	1282.99935369974
1286.2046343156762	0.5071200380216396	trials	210420SL	p11	Z11111	278	7.0	90.0	12	1286.3546343156763	1286.5617543536978
1286.6149143909925	0.49712003618583367	trials	210420SL	p11	Z11111	169	3.0	135.0	8	1286.7649143909925	1286.9620344271782
1287.0151944644726	0.5271200416930242	trials	210420SL	p11	Z11111	76	0.0	225.0	4	1287.1651944644727	1287.3923145061656
1287.44547454346	0.5071200380216396	trials	210420SL	p11	Z11111	331	0.0	270.0	12	1287.59547454346	1287.8025945814816
1287.8557546187762	0.5271200416927968	trials	210420SL	p11	Z11111	236	10.0	315.0	8	1288.0057546187763	1288.232874660469
1288.2860346977636	0.49712003618606104	trials	210420SL	p11	Z11111	261	5.0	45.0	12	1288.4360346977637	1288.6331547339496
1288.6863147712438	0.5271200416932516	trials	210420SL	p11	Z11111	247	6.0	0.0	12	1288.836314771244	1289.063434812937
1292.4288354582668	0.5071200380216396	trials	210420SL	p11	Z11111	314	13.0	180.0	12	1292.578835458267	1292.7859554962884
1292.8391155335828	0.49712003618606104	trials	210420SL	p11	Z11111	305	4.0	180.0	12	1292.989115533583	1293.1862355697688
1293.2693956125704	0.49712003618583367	trials	210420SL	p11	Z11111	184	3.0	180.0	8	1293.4193956125705	1293.6165156487561
1293.6696756860506	0.49712003618606104	trials	210420SL	p11	Z11111	115	9.0	315.0	4	1293.8196756860507	1294.0167957222366
1294.0799557613668	0.5271200416927968	trials	210420SL	p11	Z11111	329	13.0	225.0	12	1294.229955761367	1294.4570758030595
1294.5102358403542	0.49712003618583367	trials	210420SL	p11	Z11111	344	13.0	270.0	12	1294.6602358403543	1294.85735587654
1294.9105159138344	0.5271200416932516	trials	210420SL	p11	Z11111	7	6.0	0.0	4	1295.0605159138345	1295.2876359555275
1298.5429565806498	0.5071200380216396	trials	210420SL	p11	Z11111	338	7.0	270.0	12	1298.69295658065	1298.9000766186714
1298.9532366559656	0.49712003618606104	trials	210420SL	p11	Z11111	156	5.0	90.0	8	1299.1032366559657	1299.3003566921516
1299.3635167312818	0.49712003618583367	trials	210420SL	p11	Z11111	13	12.0	0.0	4	1299.513516731282	1299.7106367674676
1299.7937968102692	0.49712003618606104	trials	210420SL	p11	Z11111	191	10.0	180.0	8	1299.9437968102693	1300.1409168464552
1300.1940768837494	0.4970800361788861	trials	210420SL	p11	Z11111	215	4.0	270.0	8	1300.3440768837495	1300.5411569199282
1300.5943169572224	0.5071200380216396	trials	210420SL	p11	Z11111	234	8.0	315.0	8	1300.7443169572225	1300.951436995244
1301.034637038053	0.49712003618606104	trials	210420SL	p11	Z11111	237	11.0	315.0	8	1301.184637038053	1301.381757074239
1304.5169576773103	0.507120038021867	trials	210420SL	p11	Z11111	325	9.0	225.0	12	1304.6669576773104	1304.874077715332
1304.9272377526263	0.49712003618606104	trials	210420SL	p11	Z11111	295	9.0	135.0	12	1305.0772377526264	1305.2743577888123
1305.3275178261067	0.5071200380216396	trials	210420SL	p11	Z11111	102	11.0	270.0	4	1305.4775178261068	1305.6846378641283
1305.76779790693	0.49712003618606104	trials	210420SL	p11	Z11111	99	8.0	270.0	4	1305.91779790693	1306.1149179431159
1306.1680779804103	0.5271600417001991	trials	210420SL	p11	Z11111	105	14.0	270.0	4	1306.3180779804104	1306.5452380221104
1306.5983580593977	0.49712003618583367	trials	210420SL	p11	Z11111	147	11.0	45.0	8	1306.7483580593978	1306.9454780955834
1306.998638132878	0.5071200380216396	trials	210420SL	p11	Z11111	253	12.0	0.0	12	1307.1486381328782	1307.3557581708997
1310.691118810715	0.507120038021867	trials	210420SL	p11	Z11111	143	7.0	45.0	8	1310.841118810715	1311.0482388487367
1311.101398886031	0.49712003618606104	trials	210420SL	p11	Z11111	124	3.0	0.0	8	1311.251398886031	1311.4485189222169
1311.5316789650183	0.49712003618606104	trials	210420SL	p11	Z11111	0			0	1311.6816789650184	1311.8787990012042
1311.9419590403345	0.49712003618606104	trials	210420SL	p11	Z11111	100	9.0	270.0	4	1312.0919590403346	1312.2890790765205
1312.3722791193293	0.4970800361786587	trials	210420SL	p11	Z11111	79	3.0	225.0	4	1312.5222791193294	1312.7193591555078
1312.7725191928023	0.49712003618583367	trials	210420SL	p11	Z11111	332	1.0	270.0	12	1312.9225191928024	1313.119639228988
1313.1727992662825	0.49712003618606104	trials	210420SL	p11	Z11111	181	0.0	180.0	8	1313.3227992662826	1313.5199193024685
1316.7051999147334	0.5070800380142373	trials	210420SL	p11	Z11111	227	1.0	315.0	8	1316.8551999147335	1317.0622799527475
1317.115439990042	0.5071200380216396	trials	210420SL	p11	Z11111	109	3.0	315.0	4	1317.265439990042	1317.4725600280635
1317.5557600708726	0.49712003618583367	trials	210420SL	p11	Z11111	194	13.0	180.0	8	1317.7057600708727	1317.9028801070583
1317.9560001443456	0.4971200361856063	trials	210420SL	p11	Z11111	336	5.0	270.0	12	1318.1060001443457	1318.303120180531
1318.3562802178258	0.5271600417004265	trials	210420SL	p11	Z11111	49	3.0	135.0	4	1318.5062802178259	1318.733440259526
1318.7966002986564	0.49708003617843133	trials	210420SL	p11	Z11111	250	9.0	0.0	12	1318.9466002986564	1319.1436803348347
1319.2268803776437	0.49712003618606104	trials	210420SL	p11	Z11111	316	0.0	225.0	12	1319.3768803776438	1319.5740004138297
1322.72924102058	0.5071200380216396	trials	210420SL	p11	Z11111	312	11.0	180.0	12	1322.8792410205801	1323.0863610586016
1323.1395210958958	0.49712003618606104	trials	210420SL	p11	Z11111	192	11.0	180.0	8	1323.289521095896	1323.4866411320818
1323.5798011767192	0.5271200416930242	trials	210420SL	p11	Z11111	98	7.0	270.0	4	1323.7298011767193	1323.9569212184122
1324.0100812557066	0.49712003618606104	trials	210420SL	p11	Z11111	176	10.0	135.0	8	1324.1600812557067	1324.3572012918926
1324.4103613291868	0.49712003618606104	trials	210420SL	p11	Z11111	14	13.0	0.0	4	1324.560361329187	1324.7574813653728
1327.0421218123051	0.5071200380216396	trials	210420SL	p11	Z11111	288	2.0	135.0	12	1327.1921218123052	1327.3992418503267
1327.462401889457	0.5271600417004265	trials	210420SL	p11	Z11111	72	11.0	180.0	4	1327.612401889457	1327.8395619311573
1327.8927219684515	0.4970800361786587	trials	210420SL	p11	Z11111	330	14.0	225.0	12	1328.0427219684516	1328.23980200463
1328.323002047439	0.49712003618583367	trials	210420SL	p11	Z11111	266	10.0	45.0	12	1328.4730020474392	1328.6701220836248
1328.733282122755	0.5271200416932516	trials	210420SL	p11	Z11111	24	8.0	45.0	4	1328.8832821227552	1329.1104021644483
1329.1635622017425	0.49712003618606104	trials	210420SL	p11	Z11111	59	13.0	135.0	4	1329.3135622017426	1329.5106822379284
1329.563842275223	0.5271200416930242	trials	210420SL	p11	Z11111	218	7.0	270.0	8	1329.713842275223	1329.9409623169158
1331.8654026977256	0.5071200380216396	trials	210420SL	p11	Z11111	197	1.0	225.0	8	1332.0154026977257	1332.2225227357471
1332.2756427730342	0.5271600417004265	trials	210420SL	p11	Z11111	276	5.0	90.0	12	1332.4256427730343	1332.6528028147345
1332.705962852029	0.5271200416930242	trials	210420SL	p11	Z11111	324	8.0	225.0	12	1332.855962852029	1333.083082893722
1333.1462429328521	0.49712003618606104	trials	210420SL	p11	Z11111	291	5.0	135.0	12	1333.2962429328522	1333.4933629690381
1333.5465230063323	0.5271200416932516	trials	210420SL	p11	Z11111	300	14.0	135.0	12	1333.6965230063324	1333.9236430480255
1333.9768030853202	0.4971200361856063	trials	210420SL	p11	Z11111	358	12.0	315.0	12	1334.1268030853203	1334.3239231215057
1334.387083160636	0.5271200416932516	trials	210420SL	p11	Z11111	130	9.0	0.0	8	1334.537083160636	1334.764203202329
1337.8494037962218	0.5071200380216396	trials	210420SL	p11	Z11111	212	1.0	270.0	8	1337.999403796222	1338.2065238342434
1338.259683871538	0.5271200416930242	trials	210420SL	p11	Z11111	87	11.0	225.0	4	1338.4096838715382	1338.636803913231
1338.6999639523613	0.49712003618583367	trials	210420SL	p11	Z11111	274	3.0	90.0	12	1338.8499639523613	1339.047083988547
1339.130284031356	0.49712003618606104	trials	210420SL	p11	Z11111	224	13.0	270.0	8	1339.2802840313561	1339.477404067542
1339.530524104829	0.49712003618583367	trials	210420SL	p11	Z11111	61	0.0	180.0	4	1339.6805241048291	1339.8776441410148
1339.9608441838236	0.507120038021867	trials	210420SL	p11	Z11111	170	4.0	135.0	8	1340.1108441838237	1340.3179642218454
1340.401124264647	0.49712003618606104	trials	210420SL	p11	Z11111	195	14.0	180.0	8	1340.5511242646471	1340.748244300833
1343.8834849039117	0.5071200380216396	trials	210420SL	p11	Z11111	117	11.0	315.0	4	1344.0334849039118	1344.2406049419333
1344.3037649810635	0.5271200416930242	trials	210420SL	p11	Z11111	120	14.0	315.0	4	1344.4537649810636	1344.6808850227565
1344.734045060051	0.49712003618606104	trials	210420SL	p11	Z11111	6	5.0	0.0	4	1344.884045060051	1345.0811650962369
1345.134325133531	0.5271200416932516	trials	210420SL	p11	Z11111	339	8.0	270.0	12	1345.2843251335312	1345.5114451752243
1345.5646052125185	0.49712003618606104	trials	210420SL	p11	Z11111	83	7.0	225.0	4	1345.7146052125186	1345.9117252487044
1345.9748852878347	0.49712003618606104	trials	210420SL	p11	Z11111	154	3.0	90.0	8	1346.1248852878348	1346.3220053240207
1346.405165366822	0.5271200416932516	trials	210420SL	p11	Z11111	229	3.0	315.0	8	1346.5551653668222	1346.7822854085152
1350.0576460373163	0.5071200380216396	trials	210420SL	p11	Z11111	327	11.0	225.0	12	1350.2076460373164	1350.4147660753379
1350.467886112625	0.49712003618606104	trials	210420SL	p11	Z11111	313	12.0	180.0	12	1350.617886112625	1350.8150061488109
1350.868166186105	0.49712003618606104	trials	210420SL	p11	Z11111	309	8.0	180.0	12	1351.0181661861052	1351.215286222291
1351.2784462614213	0.5271200416930242	trials	210420SL	p11	Z11111	193	12.0	180.0	8	1351.4284462614214	1351.6555663031143
1351.7087263404087	0.49712003618606104	trials	210420SL	p11	Z11111	35	4.0	90.0	4	1351.8587263404088	1352.0558463765947
1352.1390464194037	0.49708003617843133	trials	210420SL	p11	Z11111	89	13.0	225.0	4	1352.2890464194038	1352.486126455582
1352.5492864947123	0.49712003618583367	trials	210420SL	p11	Z11111	162	11.0	90.0	8	1352.6992864947124	1352.896406530898
1356.4819672166432	0.5071200380216396	trials	210420SL	p11	Z11111	67	6.0	180.0	4	1356.6319672166433	1356.8390872546647
1359.4239277567053	0.5071200380216396	trials	210420SL	p11	Z11111	148	12.0	45.0	8	1359.5739277567054	1359.7810477947269
1359.8342078320215	0.49712003618583367	trials	210420SL	p11	Z11111	146	10.0	45.0	8	1359.9842078320216	1360.1813278682073
1360.2444879073373	0.517120039857673	trials	210420SL	p11	Z11111	19	3.0	45.0	4	1360.3944879073374	1360.611607947195
1360.6747679863252	0.49712003618583367	trials	210420SL	p11	Z11111	9	8.0	0.0	4	1360.8247679863252	1361.021888022511
1361.0750480598053	0.5271200416930242	trials	210420SL	p11	Z11111	310	9.0	180.0	12	1361.2250480598054	1361.4521681014983
1361.5053281387927	0.49712003618606104	trials	210420SL	p11	Z11111	297	11.0	135.0	12	1361.6553281387928	1361.8524481749787
1361.9156082141087	0.5271200416930242	trials	210420SL	p11	Z11111	118	12.0	315.0	4	1362.0656082141088	1362.2927282558016
1365.3779288496949	0.5071200380216396	trials	210420SL	p11	Z11111	258	2.0	45.0	12	1365.527928849695	1365.7350488877164
1365.7882089250106	0.49712003618606104	trials	210420SL	p11	Z11111	168	2.0	135.0	8	1365.9382089250107	1366.1353289611966
1366.1884889984913	0.5271200416927968	trials	210420SL	p11	Z11111	94	3.0	270.0	4	1366.3384889984914	1366.565609040184
1366.6287690793142	0.49712003618606104	trials	210420SL	p11	Z11111	11	10.0	0.0	4	1366.7787690793143	1366.9758891155002
1367.0590891583092	0.49708003617843133	trials	210420SL	p11	Z11111	320	4.0	225.0	12	1367.2090891583093	1367.4061691944876
1367.459329231782	0.49712003618583367	trials	210420SL	p11	Z11111	3	2.0	0.0	4	1367.609329231782	1367.8064492679678
1367.869609307098	0.5271600417004265	trials	210420SL	p11	Z11111	270	14.0	45.0	12	1368.019609307098	1368.2467693487984
1371.3919699537055	0.5271600417006539	trials	210420SL	p11	Z11111	342	11.0	270.0	12	1371.5419699537056	1371.769129995406
1371.832290034536	0.507120038021867	trials	210420SL	p11	Z11111	104	13.0	270.0	4	1371.9822900345362	1372.1894100725578
1372.2425701098523	0.49712003618583367	trials	210420SL	p11	Z11111	280	9.0	90.0	12	1372.3925701098524	1372.589690146038
1372.6528501851683	0.5271200416930242	trials	210420SL	p11	Z11111	182	1.0	180.0	8	1372.8028501851684	1373.0299702268612
1373.083130264156	0.4971200361856063	trials	210420SL	p11	Z11111	110	4.0	315.0	4	1373.233130264156	1373.4302503003414
1373.5134103431433	0.49712003618583367	trials	210420SL	p11	Z11111	357	11.0	315.0	12	1373.6634103431434	1373.860530379329
1373.9136904166235	0.5071200380216396	trials	210420SL	p11	Z11111	4	3.0	0.0	4	1374.0636904166236	1374.270810454645
1377.2459310283302	0.517120039857673	trials	210420SL	p11	Z11111	0			0	1377.3959310283303	1377.6130510681878
1377.666211105482	0.49712003618606104	trials	210420SL	p11	Z11111	348	2.0	315.0	12	1377.8162111054821	1378.013331141668
1378.0664911789625	0.5271200416930242	trials	210420SL	p11	Z11111	317	1.0	225.0	12	1378.2164911789625	1378.4436112206554
1378.49677125795	0.49712003618583367	trials	210420SL	p11	Z11111	347	1.0	315.0	12	1378.6467712579501	1378.8438912941358
1378.9070513332658	0.49712003618606104	trials	210420SL	p11	Z11111	64	3.0	180.0	4	1379.057051333266	1379.2541713694518
1381.1985717539255	0.5071600380288146	trials	210420SL	p11	Z11111	356	10.0	315.0	12	1381.3485717539256	1381.5557317919543
1381.6088518292415	0.5271600417004265	trials	210420SL	p11	Z11111	180	14.0	135.0	8	1381.7588518292416	1381.9860118709419
1382.0491719100721	0.49712003618583367	trials	210420SL	p11	Z11111	177	11.0	135.0	8	1382.1991719100722	1382.3962919462579
1382.449411983545	0.5271600417004265	trials	210420SL	p11	Z11111	354	8.0	315.0	12	1382.599411983545	1382.8265720252452
1382.87973206254	0.49712003618583367	trials	210420SL	p11	Z11111	116	10.0	315.0	4	1383.02973206254	1383.2268520987257
1383.28001213602	0.5371200435288301	trials	210420SL	p11	Z11111	31	0.0	90.0	4	1383.4300121360202	1383.6671321795488
1383.7202922168433	0.49712003618583367	trials	210420SL	p11	Z11111	88	12.0	225.0	4	1383.8702922168434	1384.067412253029
1387.3227328781513	0.5071200380216396	trials	210420SL	p11	Z11111	189	8.0	180.0	8	1387.4727328781514	1387.6798529161729
1387.73297295346	0.49712003618606104	trials	210420SL	p11	Z11111	187	6.0	180.0	8	1387.88297295346	1388.080092989646
1388.163293032455	0.49712003618606104	trials	210420SL	p11	Z11111	264	8.0	45.0	12	1388.313293032455	1388.510413068641
1388.573573107771	0.4970800361786587	trials	210420SL	p11	Z11111	282	11.0	90.0	12	1388.723573107771	1388.9206531439495
1389.0038531867585	0.5271200416930242	trials	210420SL	p11	Z11111	346	0.0	315.0	12	1389.1538531867586	1389.3809732284515
1389.434133265746	0.5071200380216396	trials	210420SL	p11	Z11111	236	10.0	315.0	8	1389.584133265746	1389.7912533037675
1389.844413341062	0.5271200416930242	trials	210420SL	p11	Z11111	268	12.0	45.0	12	1389.994413341062	1390.2215333827548
1393.5068940133917	0.5071200380214123	trials	210420SL	p11	Z11111	223	12.0	270.0	8	1393.6568940133918	1393.864014051413
1393.9171740887077	0.49708003617843133	trials	210420SL	p11	Z11111	125	4.0	0.0	8	1394.0671740887078	1394.264254124886
1394.3274141640163	0.49712003618606104	trials	210420SL	p11	Z11111	257	1.0	45.0	12	1394.4774141640164	1394.6745342002023
1394.757734243011	0.49712003618606104	trials	210420SL	p11	Z11111	203	7.0	225.0	8	1394.9077342430112	1395.104854279197
1395.1579743164841	0.49712003618583367	trials	210420SL	p11	Z11111	341	10.0	270.0	12	1395.3079743164842	1395.5050943526699
1395.5582543899645	0.5271200416930242	trials	210420SL	p11	Z11111	231	5.0	315.0	8	1395.7082543899646	1395.9353744316575
1395.9985344707875	0.49712003618606104	trials	210420SL	p11	Z11111	43	12.0	90.0	4	1396.1485344707876	1396.3456545069735
1399.510935115567	0.5071200380216396	trials	210420SL	p11	Z11111	213	2.0	270.0	8	1399.660935115567	1399.8680551535886
1402.0426155803132	0.5071200380216396	trials	210420SL	p11	Z11111	164	13.0	90.0	8	1402.1926155803133	1402.3997356183347
1402.4528956556292	0.49712003618606104	trials	210420SL	p11	Z11111	37	6.0	90.0	4	1402.6028956556293	1402.8000156918151
1402.8831757346165	0.49712003618606104	trials	210420SL	p11	Z11111	57	11.0	135.0	4	1403.0331757346166	1403.2302957708025
1403.2834558080967	0.49712003618606104	trials	210420SL	p11	Z11111	135	14.0	0.0	8	1403.4334558080968	1403.6305758442827
1403.7237758889273	0.4970800361788861	trials	210420SL	p11	Z11111	261	5.0	45.0	12	1403.8737758889274	1404.0708559251061
1404.1240159624003	0.49712003618606104	trials	210420SL	p11	Z11111	222	11.0	270.0	8	1404.2740159624004	1404.4711359985863
1404.5543360413953	0.49708003617843133	trials	210420SL	p11	Z11111	33	2.0	90.0	4	1404.7043360413954	1404.9014160775737
1408.056656684324	0.5071200380216396	trials	210420SL	p11	Z11111	228	2.0	315.0	8	1408.2066566843241	1408.4137767223456
1408.46693675964	0.507120038021867	trials	210420SL	p11	Z11111	204	8.0	225.0	8	1408.61693675964	1408.8240567976618
1408.877216834956	0.5271600417004265	trials	210420SL	p11	Z11111	230	4.0	315.0	8	1409.027216834956	1409.2543768766564
1409.3074969139434	0.49712003618606104	trials	210420SL	p11	Z11111	22	6.0	45.0	4	1409.4574969139435	1409.6546169501294
1409.7378169929384	0.49712003618606104	trials	210420SL	p11	Z11111	200	4.0	225.0	8	1409.8878169929385	1410.0849370291244
1410.1480970682544	0.4970800361786587	trials	210420SL	p11	Z11111	34	3.0	90.0	4	1410.2980970682545	1410.495177104433
1410.578377147242	0.49712003618606104	trials	210420SL	p11	Z11111	50	4.0	135.0	4	1410.728377147242	1410.925497183428
1414.1107377956853	0.5071200380216396	trials	210420SL	p11	Z11111	86	10.0	225.0	4	1414.2607377956854	1414.4678578337068
1416.3922982145164	0.5071200380216396	trials	210420SL	p11	Z11111	217	6.0	270.0	8	1416.5422982145164	1416.749418252538
1416.8025782898324	0.5271200416930242	trials	210420SL	p11	Z11111	219	8.0	270.0	8	1416.9525782898324	1417.1796983315253
1417.23285836882	0.49712003618583367	trials	210420SL	p11	Z11111	0			0	1417.38285836882	1417.5799784050057
1417.6331384423002	0.4970800361786587	trials	210420SL	p11	Z11111	75	14.0	180.0	4	1417.7831384423002	1417.9802184784787
1418.0734185231236	0.49712003618583367	trials	210420SL	p11	Z11111	269	13.0	45.0	12	1418.2234185231237	1418.4205385593093
1418.4736985966038	0.5271200416930242	trials	210420SL	p11	Z11111	260	4.0	45.0	12	1418.6236985966038	1418.8508186382967
1418.9039786755911	0.49712003618606104	trials	210420SL	p11	Z11111	142	6.0	45.0	8	1419.0539786755912	1419.251098711777
1422.3262993038343	0.5071200380216396	trials	210420SL	p11	Z11111	129	8.0	0.0	8	1422.4762993038344	1422.6834193418558
1422.7365393791429	0.49712003618606104	trials	210420SL	p11	Z11111	84	8.0	225.0	4	1422.886539379143	1423.0836594153288
1423.1668594581379	0.49708003617843133	trials	210420SL	p11	Z11111	133	12.0	0.0	8	1423.316859458138	1423.5139394943162
1423.5771395334536	0.5271200416932516	trials	210420SL	p11	Z11111	65	4.0	180.0	4	1423.7271395334537	1423.9542595751468
1424.0074196124413	0.49712003618583367	trials	210420SL	p11	Z11111	196	0.0	225.0	8	1424.1574196124413	1424.354539648627
1424.4076996859217	0.5271200416927968	trials	210420SL	p11	Z11111	220	9.0	270.0	8	1424.5576996859218	1424.7848197276144
1424.8479797667446	0.5271200416932516	trials	210420SL	p11	Z11111	198	2.0	225.0	8	1424.9979797667447	1425.2250998084378
1428.48042043356	0.5071200380216396	trials	210420SL	p11	Z11111	127	6.0	0.0	8	1428.6304204335602	1428.8375404715816
1428.8907005088759	0.49712003618606104	trials	210420SL	p11	Z11111	128	7.0	0.0	8	1429.040700508876	1429.2378205450618
1429.2909805823563	0.5271200416930242	trials	210420SL	p11	Z11111	46	0.0	135.0	4	1429.4409805823564	1429.6681006240492
1429.7312606631795	0.5271200416932516	trials	210420SL	p11	Z11111	17	1.0	45.0	4	1429.8812606631795	1430.1083807048726
1430.1615407421668	0.49712003618606104	trials	210420SL	p11	Z11111	165	14.0	90.0	8	1430.311540742167	1430.5086607783528
1430.571820817483	0.5171200398572182	trials	210420SL	p11	Z11111	52	6.0	135.0	4	1430.7218208174831	1430.9389408573402
1431.0021008964704	0.49712003618606104	trials	210420SL	p11	Z11111	122	1.0	0.0	8	1431.1521008964705	1431.3492209326564
1434.5044615394067	0.5071200380216396	trials	210420SL	p11	Z11111	28	12.0	45.0	4	1434.6544615394068	1434.8615815774283
1434.9147416147225	0.49712003618606104	trials	210420SL	p11	Z11111	153	2.0	90.0	8	1435.0647416147226	1435.2618616509085
1435.3450616937175	0.49708003617843133	trials	210420SL	p11	Z11111	326	10.0	225.0	12	1435.4950616937176	1435.6921417298959
1435.7453017671905	0.5371600435360051	trials	210420SL	p11	Z11111	225	14.0	270.0	8	1435.8953017671906	1436.1324618107265
1438.5271822778664	0.507120038021867	trials	210420SL	p11	Z11111	97	6.0	270.0	4	1438.6771822778665	1438.8843023158881
1438.9474623550182	0.5171200398574456	trials	210420SL	p11	Z11111	32	1.0	90.0	4	1439.0974623550183	1439.3145823948755
1439.3777424340055	0.49712003618606104	trials	210420SL	p11	Z11111	259	3.0	45.0	12	1439.5277424340056	1439.7248624701915
1439.7780225074862	0.4971200361856063	trials	210420SL	p11	Z11111	333	2.0	270.0	12	1439.9280225074863	1440.1251425436717
1440.188302582802	0.5171200398574456	trials	210420SL	p11	Z11111	131	10.0	0.0	8	1440.338302582802	1440.5554226226593
1440.6185826617896	0.49712003618583367	trials	210420SL	p11	Z11111	208	12.0	225.0	8	1440.7685826617897	1440.9657026979753
1441.0188627352697	0.49712003618606104	trials	210420SL	p11	Z11111	190	9.0	180.0	8	1441.1688627352698	1441.3659827714557
1444.421143359834	0.5071200380216396	trials	210420SL	p11	Z11111	202	6.0	225.0	8	1444.5711433598342	1444.7782633978557
1444.83142343515	0.49712003618606104	trials	210420SL	p11	Z11111	161	10.0	90.0	8	1444.9814234351502	1445.178543471336
1445.2317035086303	0.5271200416932516	trials	210420SL	p11	Z11111	245	4.0	0.0	12	1445.3817035086304	1445.6088235503235
1445.661983587618	0.5071200380216396	trials	210420SL	p11	Z11111	91	0.0	270.0	4	1445.811983587618	1446.0191036256394
1446.072263662934	0.5271200416932516	trials	210420SL	p11	Z11111	323	7.0	225.0	12	1446.222263662934	1446.449383704627
1446.5025437419213	0.49712003618606104	trials	210420SL	p11	Z11111	311	10.0	180.0	12	1446.6525437419214	1446.8496637781072
1446.9028238154017	0.5271200416930242	trials	210420SL	p11	Z11111	158	7.0	90.0	8	1447.0528238154018	1447.2799438570946
1450.4552244675237	0.5071200380216396	trials	210420SL	p11	Z11111	251	10.0	0.0	12	1450.6052244675238	1450.8123445055453
1450.8655045428397	0.4970800361786587	trials	210420SL	p11	Z11111	41	10.0	90.0	4	1451.0155045428398	1451.2125845790183
1451.2657446163128	0.5371600435362325	trials	210420SL	p11	Z11111	351	5.0	315.0	12	1451.4157446163128	1451.652904659849
1451.7060646971433	0.5271200416930242	trials	210420SL	p11	Z11111	112	6.0	315.0	4	1451.8560646971434	1452.0831847388363
1452.136344776131	0.49712003618583367	trials	210420SL	p11	Z11111	167	1.0	135.0	8	1452.286344776131	1452.4834648123167
1452.5366248496111	0.5071200380216396	trials	210420SL	p11	Z11111	284	13.0	90.0	12	1452.6866248496112	1452.8937448876327
1452.976904930434	0.49712003618606104	trials	210420SL	p11	Z11111	172	6.0	135.0	8	1453.1269049304342	1453.32402496662
1456.4892655752062	0.5071200380216396	trials	210420SL	p11	Z11111	12	11.0	0.0	4	1456.6392655752063	1456.8463856132278
1456.9095456523578	0.5271600417004265	trials	210420SL	p11	Z11111	150	14.0	45.0	8	1457.0595456523579	1457.2867056940581
1457.3398657313528	0.49708003617843133	trials	210420SL	p11	Z11111	216	5.0	270.0	8	1457.489865731353	1457.6869457675311
1457.7401058048258	0.5271600417004265	trials	210420SL	p11	Z11111	8	7.0	0.0	4	1457.890105804826	1458.1172658465262
1458.1804258856564	0.49712003618583367	trials	210420SL	p11	Z11111	205	9.0	225.0	8	1458.3304258856565	1458.5275459218421
1458.6107059646438	0.49712003618583367	trials	210420SL	p11	Z11111	199	3.0	225.0	8	1458.7607059646439	1458.9578260008295
1459.010986038124	0.49712003618606104	trials	210420SL	p11	Z11111	272	1.0	90.0	12	1459.160986038124	1459.35810607431
1462.5333466847317	0.507120038021867	trials	210420SL	p11	Z11111	292	6.0	135.0	12	1462.6833466847318	1462.8904667227534
1462.9436267600477	0.5271200416932516	trials	210420SL	p11	Z11111	201	5.0	225.0	8	1463.0936267600478	1463.3207468017408
1463.373906839035	0.49712003618606104	trials	210420SL	p11	Z11111	0			0	1463.5239068390351	1463.721026875221
1463.7841869143513	0.5271200416930242	trials	210420SL	p11	Z11111	132	11.0	0.0	8	1463.9341869143514	1464.1613069560442
1464.2144669933386	0.49712003618606104	trials	210420SL	p11	Z11111	25	9.0	45.0	4	1464.3644669933387	1464.5615870295246
1464.614747066819	0.5271200416930242	trials	210420SL	p11	Z11111	69	8.0	180.0	4	1464.7647470668192	1464.991867108512
1465.0550271476422	0.49712003618583367	trials	210420SL	p11	Z11111	238	12.0	315.0	8	1465.2050271476423	1465.402147183828
1468.637467805279	0.5071200380216396	trials	210420SL	p11	Z11111	106	0.0	315.0	4	1468.787467805279	1468.9945878433005
1469.047747880595	0.4970800361786587	trials	210420SL	p11	Z11111	262	6.0	45.0	12	1469.197747880595	1469.3948279167735
1469.4479879540677	0.5271600417004265	trials	210420SL	p11	Z11111	188	7.0	180.0	8	1469.5979879540678	1469.825147995768
1469.8783080330627	0.5071200380216396	trials	210420SL	p11	Z11111	81	5.0	225.0	4	1470.0283080330628	1470.2354280710842
1470.3185881138857	0.49712003618606104	trials	210420SL	p11	Z11111	303	2.0	180.0	12	1470.4685881138857	1470.6657081500716
1470.7188681873663	0.49708003617843133	trials	210420SL	p11	Z11111	23	7.0	45.0	4	1470.8688681873664	1471.0659482235446
1471.119108260839	0.5071200380216396	trials	210420SL	p11	Z11111	70	9.0	180.0	4	1471.2691082608392	1471.4762282988606
1474.7415489258187	0.5071200380216396	trials	210420SL	p11	Z11111	26	10.0	45.0	4	1474.8915489258188	1475.0986689638403
1475.1518290011345	0.49712003618606104	trials	210420SL	p11	Z11111	359	13.0	315.0	12	1475.3018290011346	1475.4989490373205
1475.552109074615	0.5271200416930242	trials	210420SL	p11	Z11111	360	14.0	315.0	12	1475.702109074615	1475.9292291163079
1475.9823891536025	0.5071200380216396	trials	210420SL	p11	Z11111	242	1.0	0.0	12	1476.1323891536026	1476.339509191624
1476.3926692289185	0.5271200416930242	trials	210420SL	p11	Z11111	174	8.0	135.0	8	1476.5426692289186	1476.7697892706115
1476.822949307906	0.49712003618583367	trials	210420SL	p11	Z11111	221	10.0	270.0	8	1476.972949307906	1477.1700693440916
1477.2232293813863	0.5271200416930242	trials	210420SL	p11	Z11111	214	3.0	270.0	8	1477.3732293813864	1477.6003494230793
1480.8056300390156	0.5071200380214123	trials	210420SL	p11	Z11111	334	3.0	270.0	12	1480.9556300390157	1481.162750077037
1481.2259101161671	0.49712003618606104	trials	210420SL	p11	Z11111	114	8.0	315.0	4	1481.3759101161672	1481.573030152353
1481.6261901896476	0.5271600417004265	trials	210420SL	p11	Z11111	151	0.0	90.0	8	1481.7761901896477	1482.003350231348
1482.0564702686352	0.49712003618583367	trials	210420SL	p11	Z11111	173	7.0	135.0	8	1482.2064702686353	1482.403590304821
1482.4567503421154	0.5071200380216396	trials	210420SL	p11	Z11111	340	9.0	270.0	12	1482.6067503421154	1482.813870380137
1482.897070422946	0.49708003617843133	trials	210420SL	p11	Z11111	210	14.0	225.0	8	1483.047070422946	1483.2441504591243
1483.3273505019333	0.49712003618606104	trials	210420SL	p11	Z11111	283	12.0	90.0	12	1483.4773505019334	1483.6744705381193
1486.65959111364	0.5071200380216396	trials	210420SL	p11	Z11111	103	12.0	270.0	4	1486.8095911136402	1487.0167111516616
1487.079871190792	0.5271200416932516	trials	210420SL	p11	Z11111	244	3.0	0.0	12	1487.229871190792	1487.456991232485
1489.7716716849318	0.5171200398572182	trials	210420SL	p11	Z11111	157	6.0	90.0	8	1489.9216716849319	1490.138791724789
1490.2019917639266	0.5271200416930242	trials	210420SL	p11	Z11111	48	2.0	135.0	4	1490.3519917639267	1490.5791118056195
1490.6422718447498	0.49712003618606104	trials	210420SL	p11	Z11111	183	2.0	180.0	8	1490.7922718447498	1490.9893918809357
1491.0725519237371	0.49712003618606104	trials	210420SL	p11	Z11111	10	9.0	0.0	4	1491.2225519237372	1491.419671959923
1491.4728319972176	0.49712003618583367	trials	210420SL	p11	Z11111	16	0.0	45.0	4	1491.6228319972176	1491.8199520334033
1491.9131120780407	0.5271600417004265	trials	210420SL	p11	Z11111	345	14.0	270.0	12	1492.0631120780408	1492.290272119741
1492.3434321570357	0.49708003617843133	trials	210420SL	p11	Z11111	294	8.0	135.0	12	1492.4934321570358	1492.690512193214
1495.8257527962928	0.5071200380216396	trials	210420SL	p11	Z11111	140	4.0	45.0	8	1495.975752796293	1496.1828728343144
1496.236032871609	0.5071200380216396	trials	210420SL	p11	Z11111	138	2.0	45.0	8	1496.3860328716091	1496.5931529096306
1496.646312946925	0.5271200416930242	trials	210420SL	p11	Z11111	20	4.0	45.0	4	1496.7963129469251	1497.023432988618
1497.0765930259126	0.49712003618583367	trials	210420SL	p11	Z11111	299	13.0	135.0	12	1497.2265930259127	1497.4237130620984
1497.5068731049	0.5071200380216396	trials	210420SL	p11	Z11111	301	0.0	180.0	12	1497.6568731049001	1497.8639931429216
1497.917153180216	0.5271600417004265	trials	210420SL	p11	Z11111	271	0.0	90.0	12	1498.067153180216	1498.2943132219164
1498.3474732592108	0.4970800361786587	trials	210420SL	p11	Z11111	136	0.0	45.0	8	1498.497473259211	1498.6945532953894
1501.8497939021395	0.507120038021867	trials	210420SL	p11	Z11111	352	6.0	315.0	12	1501.9997939021396	1502.2069139401613
1502.2600739774557	0.49712003618583367	trials	210420SL	p11	Z11111	265	9.0	45.0	12	1502.4100739774558	1502.6071940136414
1502.660354050936	0.5071200380216396	trials	210420SL	p11	Z11111	113	7.0	315.0	4	1502.810354050936	1503.0174740889574
1503.1006341317593	0.49712003618583367	trials	210420SL	p11	Z11111	277	6.0	90.0	12	1503.2506341317594	1503.447754167945
1503.5009142052395	0.49712003618606104	trials	210420SL	p11	Z11111	60	14.0	135.0	4	1503.6509142052396	1503.8480342414255
1503.9311942842269	0.49712003618606104	trials	210420SL	p11	Z11111	90	14.0	225.0	4	1504.081194284227	1504.2783143204128
1504.331474357707	0.507120038021867	trials	210420SL	p11	Z11111	2	1.0	0.0	4	1504.4814743577072	1504.6885943957288
1507.9038750135007	0.507120038021867	trials	210420SL	p11	Z11111	42	11.0	90.0	4	1508.0538750135008	1508.2609950515225
1508.3141550888167	0.49712003618606104	trials	210420SL	p11	Z11111	185	4.0	180.0	8	1508.4641550888168	1508.6612751250027
1508.7544751696473	0.4970800361786587	trials	210420SL	p11	Z11111	337	6.0	270.0	12	1508.9044751696474	1509.101555205826
1509.1547152431203	0.5271600417004265	trials	210420SL	p11	Z11111	39	8.0	90.0	4	1509.3047152431204	1509.5318752848207
1509.5850353221153	0.49708003617843133	trials	210420SL	p11	Z11111	240	14.0	315.0	8	1509.7350353221154	1509.9321153582937
1509.995315397431	0.4970800361788861	trials	210420SL	p11	Z11111	85	9.0	225.0	4	1510.1453153974312	1510.34239543361
1510.4255954764187	0.49712003618583367	trials	210420SL	p11	Z11111	241	0.0	0.0	12	1510.5755954764188	1510.7727155126045
1514.007996134048	0.5071200380216396	trials	210420SL	p11	Z11111	281	10.0	90.0	12	1514.157996134048	1514.3651161720695
1514.418276209364	0.49712003618606104	trials	210420SL	p11	Z11111	233	7.0	315.0	8	1514.568276209364	1514.76539624555
1514.82855628468	0.5271200416932516	trials	210420SL	p11	Z11111	159	8.0	90.0	8	1514.97855628468	1515.2056763263731
1515.2588363636673	0.49712003618606104	trials	210420SL	p11	Z11111	273	2.0	90.0	12	1515.4088363636674	1515.6059563998533
1515.689116442655	0.49712003618606104	trials	210420SL	p11	Z11111	55	9.0	135.0	4	1515.839116442655	1516.036236478841
1516.099396517971	0.49712003618606104	trials	210420SL	p11	Z11111	289	3.0	135.0	12	1516.249396517971	1516.446516554157
1516.5296765969583	0.49712003618606104	trials	210420SL	p11	Z11111	95	4.0	270.0	4	1516.6796765969584	1516.8767966331443
1519.9619972270373	0.5071200380216396	trials	210420SL	p11	Z11111	38	7.0	90.0	4	1520.1119972270374	1520.3191172650588
1520.3722773023533	0.49712003618606104	trials	210420SL	p11	Z11111	331	0.0	270.0	12	1520.5222773023534	1520.7193973385392
1520.7725573758335	0.507120038021867	trials	210420SL	p11	Z11111	96	5.0	270.0	4	1520.9225573758335	1521.1296774138552
1521.2128374566569	0.49712003618583367	trials	210420SL	p11	Z11111	178	12.0	135.0	8	1521.362837456657	1521.5599574928426
1521.613117530137	0.49712003618606104	trials	210420SL	p11	Z11111	54	8.0	135.0	4	1521.7631175301372	1521.960237566323
1522.0133976036175	0.49712003618583367	trials	210420SL	p11	Z11111	141	5.0	45.0	8	1522.1633976036176	1522.3605176398032
1522.4436776826049	0.5071200380216396	trials	210420SL	p11	Z11111	278	7.0	90.0	12	1522.593677682605	1522.8007977206264
1525.8359583053334	0.5071200380216396	trials	210420SL	p11	Z11111	68	7.0	180.0	4	1525.9859583053335	1526.193078343355
1526.2462383806494	0.49712003618583367	trials	210420SL	p11	Z11111	349	3.0	315.0	12	1526.3962383806495	1526.5933584168351
1526.6465184541298	0.5271200416930242	trials	210420SL	p11	Z11111	71	10.0	180.0	4	1526.79651845413	1527.0236384958228
1527.0767985331172	0.5071200380216396	trials	210420SL	p11	Z11111	279	8.0	90.0	12	1527.2267985331173	1527.4339185711387
1527.4870786084332	0.49712003618606104	trials	210420SL	p11	Z11111	296	10.0	135.0	12	1527.6370786084333	1527.8341986446192
1527.8873586819136	0.5271200416930242	trials	210420SL	p11	Z11111	30	14.0	45.0	4	1528.0373586819137	1528.2644787236065
1528.317638760901	0.49712003618606104	trials	210420SL	p11	Z11111	121	0.0	0.0	8	1528.467638760901	1528.664758797087
1531.8699994130156	0.5071600380292693	trials	210420SL	p11	Z11111	252	11.0	0.0	12	1532.0199994130157	1532.2271594510448
1532.2802794883319	0.49712003618583367	trials	210420SL	p11	Z11111	58	12.0	135.0	4	1532.430279488332	1532.6273995245176
1532.6905595636479	0.5271600417004265	trials	210420SL	p11	Z11111	343	12.0	270.0	12	1532.840559563648	1533.0677196053482
1533.1208796426426	0.49708003617843133	trials	210420SL	p11	Z11111	322	6.0	225.0	12	1533.2708796426427	1533.467959678821
1533.55115972163	0.49712003618606104	trials	210420SL	p11	Z11111	263	7.0	45.0	12	1533.7011597216301	1533.898279757816
1533.9614397969463	0.49712003618583367	trials	210420SL	p11	Z11111	63	2.0	180.0	4	1534.1114397969463	1534.308559833132
1534.3917198759336	0.49712003618606104	trials	210420SL	p11	Z11111	179	13.0	135.0	8	1534.5417198759337	1534.7388399121196
1538.0441605464202	0.5071200380216396	trials	210420SL	p11	Z11111	108	2.0	315.0	4	1538.1941605464203	1538.4012805844418
1538.4544406217365	0.49712003618583367	trials	210420SL	p11	Z11111	209	13.0	225.0	8	1538.6044406217366	1538.8015606579222
1538.8547206952167	0.5271200416930242	trials	210420SL	p11	Z11111	47	1.0	135.0	4	1539.0047206952167	1539.2318407369096
1539.2950007760398	0.5271600417004265	trials	210420SL	p11	Z11111	66	5.0	180.0	4	1539.44500077604	1539.6721608177402
1539.7253208550346	0.4970800361786587	trials	210420SL	p11	Z11111	235	9.0	315.0	8	1539.8753208550347	1540.0724008912132
1540.1255609285076	0.49712003618606104	trials	210420SL	p11	Z11111	247	6.0	0.0	12	1540.2755609285077	1540.4726809646936
1540.5558810075024	0.507120038021867	trials	210420SL	p11	Z11111	123	2.0	0.0	8	1540.7058810075025	1540.9130010455242
1544.0782416541101	0.5071200380216396	trials	210420SL	p11	Z11111	76	0.0	225.0	4	1544.2282416541102	1544.4353616921317
1544.498521731262	0.5271200416930242	trials	210420SL	p11	Z11111	73	12.0	180.0	4	1544.648521731262	1544.8756417729549
1544.9288018102493	0.49712003618606104	trials	210420SL	p11	Z11111	119	13.0	315.0	4	1545.0788018102494	1545.2759218464353
1547.360442256631	0.5071200380216396	trials	210420SL	p11	Z11111	355	9.0	315.0	12	1547.510442256631	1547.7175622946525
1547.7707223319471	0.49712003618583367	trials	210420SL	p11	Z11111	74	13.0	180.0	4	1547.9207223319472	1548.1178423681329
1548.2010024109345	0.49712003618583367	trials	210420SL	p11	Z11111	101	10.0	270.0	4	1548.3510024109346	1548.5481224471202
1548.6112824862505	0.5271600417004265	trials	210420SL	p11	Z11111	93	2.0	270.0	4	1548.7612824862506	1548.9884425279508
1549.041562565238	0.49712003618583367	trials	210420SL	p11	Z11111	307	6.0	180.0	12	1549.1915625652382	1549.3886826014239
1549.4418426387183	0.5271600417004265	trials	210420SL	p11	Z11111	166	0.0	135.0	8	1549.5918426387184	1549.8190026804186
1549.8721227177057	0.5071200380216396	trials	210420SL	p11	Z11111	29	13.0	45.0	4	1550.0221227177058	1550.2292427557272
1553.4445233734994	0.507160038029042	trials	210420SL	p11	Z11111	328	12.0	225.0	12	1553.5945233734994	1553.8016834115283
1553.8548034488153	0.5071200380216396	trials	210420SL	p11	Z11111	249	8.0	0.0	12	1554.0048034488154	1554.211923486837
1554.295123529646	0.49712003618606104	trials	210420SL	p11	Z11111	206	10.0	225.0	8	1554.445123529646	1554.642243565832
1554.6954036031261	0.5271200416932516	trials	210420SL	p11	Z11111	321	5.0	225.0	12	1554.8454036031262	1555.0725236448193
1555.1256836821135	0.49712003618606104	trials	210420SL	p11	Z11111	350	4.0	315.0	12	1555.2756836821136	1555.4728037182995
1555.5359637574297	0.5271200416930242	trials	210420SL	p11	Z11111	56	10.0	135.0	4	1555.6859637574298	1555.9130837991227
1555.966243836417	0.49712003618606104	trials	210420SL	p11	Z11111	27	11.0	45.0	4	1556.1162438364172	1556.313363872603
1559.9889645748772	0.5071200380216396	trials	210420SL	p11	Z11111	308	7.0	180.0	12	1560.1389645748773	1560.3460846128987
1560.399244650193	0.4970800361786587	trials	210420SL	p11	Z11111	306	5.0	180.0	12	1560.549244650193	1560.7463246863715
1560.799484723666	0.5271600417004265	trials	210420SL	p11	Z11111	149	13.0	45.0	8	1560.949484723666	1561.1766447653663
1561.2298048026607	0.4970800361786587	trials	210420SL	p11	Z11111	44	13.0	90.0	4	1561.3798048026608	1561.5768848388393
1561.6400448779696	0.5271600417004265	trials	210420SL	p11	Z11111	186	5.0	180.0	8	1561.7900448779696	1562.01720491967
1562.0703649569643	0.4970800361786587	trials	210420SL	p11	Z11111	36	5.0	90.0	4	1562.2203649569644	1562.417444993143
1562.4706050304371	0.5271600417006539	trials	210420SL	p11	Z11111	256	0.0	45.0	12	1562.6206050304372	1562.8477650721377
1566.0430056862308	0.507160038029042	trials	210420SL	p11	Z11111	248	7.0	0.0	12	1566.193005686231	1566.4001657242598
1566.4532857615468	0.49712003618606104	trials	210420SL	p11	Z11111	15	14.0	0.0	4	1566.6032857615469	1566.8004057977328
1566.8836058405418	0.49708003617843133	trials	210420SL	p11	Z11111	144	8.0	45.0	8	1567.033605840542	1567.2306858767201
1567.2938859158576	0.5271200416932516	trials	210420SL	p11	Z11111	82	6.0	225.0	4	1567.4438859158577	1567.6710059575507
1567.7241659948452	0.49712003618583367	trials	210420SL	p11	Z11111	287	1.0	135.0	12	1567.8741659948453	1568.071286031031
1568.1544460738328	0.4971200361856063	trials	210420SL	p11	Z11111	293	7.0	135.0	12	1568.3044460738329	1568.5015661100183
1568.5647261491486	0.49712003618606104	trials	210420SL	p11	Z11111	80	4.0	225.0	4	1568.7147261491486	1568.9118461853345
1572.197166815964	0.5071200380216396	trials	210420SL	p11	Z11111	175	9.0	135.0	8	1572.347166815964	1572.5542868539856
1572.60744689128	0.5271200416930242	trials	210420SL	p11	Z11111	285	14.0	90.0	12	1572.75744689128	1572.984566932973
1573.0377269702676	0.4971200361856063	trials	210420SL	p11	Z11111	51	5.0	135.0	4	1573.1877269702677	1573.3848470064531
1573.4480070455834	0.49712003618606104	trials	210420SL	p11	Z11111	255	14.0	0.0	12	1573.5980070455835	1573.7951270817694
1573.878287124571	0.49712003618583367	trials	210420SL	p11	Z11111	137	1.0	45.0	8	1574.028287124571	1574.2254071607567
1574.2785671980512	0.49712003618606104	trials	210420SL	p11	Z11111	77	1.0	225.0	4	1574.4285671980513	1574.6256872342371
1574.6788472715316	0.5271200416932516	trials	210420SL	p11	Z11111	18	2.0	45.0	4	1574.8288472715317	1575.0559673132248
1578.301287936511	0.5071200380216396	trials	210420SL	p11	Z11111	145	9.0	45.0	8	1578.451287936511	1578.6584079745326
1578.7115680118272	0.49708003617843133	trials	210420SL	p11	Z11111	254	13.0	0.0	12	1578.8615680118273	1579.0586480480056
1579.1118080853003	0.5271600417004265	trials	210420SL	p11	Z11111	53	7.0	135.0	4	1579.2618080853003	1579.4889681270006
1579.5421281642948	0.5071200380216396	trials	210420SL	p11	Z11111	111	5.0	315.0	4	1579.692128164295	1579.8992482023164
1579.952408239611	0.5271200416930242	trials	210420SL	p11	Z11111	107	1.0	315.0	4	1580.1024082396111	1580.329528281304
1580.3826883185984	0.49712003618606104	trials	210420SL	p11	Z11111	126	5.0	0.0	8	1580.5326883185985	1580.7298083547844
1580.8129683975858	0.5071200380216396	trials	210420SL	p11	Z11111	40	9.0	90.0	4	1580.9629683975859	1581.1700884356073
1584.5554890846088	0.5071200380216396	trials	210420SL	p11	Z11111	232	6.0	315.0	8	1584.7054890846089	1584.9126091226303
1584.9657691599248	0.49712003618583367	trials	210420SL	p11	Z11111	78	2.0	225.0	4	1585.1157691599249	1585.3128891961105
1585.3660492334052	0.5271200416930242	trials	210420SL	p11	Z11111	335	4.0	270.0	12	1585.5160492334053	1585.7431692750981
1585.8063293142282	0.49712003618606104	trials	210420SL	p11	Z11111	207	11.0	225.0	8	1585.9563293142282	1586.1534493504141
1586.2066093877086	0.5271200416930242	trials	210420SL	p11	Z11111	163	12.0	90.0	8	1586.3566093877087	1586.5837294294015
1586.6368894666962	0.49712003618583367	trials	210420SL	p11	Z11111	62	1.0	180.0	4	1586.7868894666963	1586.984009502882
1587.0371695401764	0.5271200416932516	trials	210420SL	p11	Z11111	275	4.0	90.0	12	1587.1871695401765	1587.4142895818695
1590.5795301904554	0.49712003618606104	trials	210420SL	p11	Z11111	21	5.0	45.0	4	1590.7295301904555	1590.9266502266414
1590.9898102657714	0.5271600417004265	trials	210420SL	p11	Z11111	315	14.0	180.0	12	1591.1398102657715	1591.3669703074718
1591.420090344759	0.49712003618583367	trials	210420SL	p11	Z11111	286	0.0	135.0	12	1591.5700903447591	1591.7672103809448
1591.8203704182392	0.5271600417004265	trials	210420SL	p11	Z11111	290	4.0	135.0	12	1591.9703704182393	1592.1975304599396
1592.2606904990698	0.49708003617843133	trials	210420SL	p11	Z11111	318	2.0	225.0	12	1592.41069049907	1592.6077705352482
1592.6609305725428	0.5271600417004265	trials	210420SL	p11	Z11111	134	13.0	0.0	8	1592.810930572543	1593.0380906142432
1593.0912506515374	0.4970800361788861	trials	210420SL	p11	Z11111	1	0.0	0.0	4	1593.2412506515375	1593.4383306877162
1596.6436113036523	0.507120038021867	trials	210420SL	p11	Z11111	155	4.0	90.0	8	1596.7936113036524	1597.000731341674
1597.063891380804	0.5271600417004265	trials	210420SL	p11	Z11111	45	14.0	90.0	4	1597.2138913808042	1597.4410514225044
1597.4942114597989	0.49712003618606104	trials	210420SL	p11	Z11111	298	12.0	135.0	12	1597.644211459799	1597.8413314959848
1597.9244915387862	0.49712003618606104	trials	210420SL	p11	Z11111	226	0.0	315.0	8	1598.0744915387863	1598.2716115749722
1598.3347716141025	0.5271200416930242	trials	210420SL	p11	Z11111	92	1.0	270.0	4	1598.4847716141026	1598.7118916557954
1598.7650516930898	0.49712003618606104	trials	210420SL	p11	Z11111	353	7.0	315.0	12	1598.91505169309	1599.1121717292758
1599.16533176657	0.5271200416932516	trials	210420SL	p11	Z11111	171	5.0	135.0	8	1599.3153317665701	1599.5424518082632
1602.6676924095063	0.5071200380216396	trials	210420SL	p11	Z11111	239	13.0	315.0	8	1602.8176924095064	1603.024812447528
1603.0779724848223	0.4970800361786587	trials	210420SL	p11	Z11111	169	3.0	135.0	8	1603.2279724848224	1603.425052521001
1603.4782125582954	0.49712003618583367	trials	210420SL	p11	Z11111	302	1.0	180.0	12	1603.6282125582954	1603.825332594481
1603.8884926336113	0.5271600417004265	trials	210420SL	p11	Z11111	319	3.0	225.0	12	1604.0384926336114	1604.2656526753117
1604.3187727125987	0.49712003618606104	trials	210420SL	p11	Z11111	211	0.0	270.0	8	1604.4687727125988	1604.6658927487847
1604.7190527860791	0.5271600417004265	trials	210420SL	p11	Z11111	267	11.0	45.0	12	1604.8690527860792	1605.0962128277795
1605.1493328650668	0.49712003618583367	trials	210420SL	p11	Z11111	139	3.0	45.0	8	1605.2993328650668	1605.4964529012525
1608.5816534951455	0.5171200398572182	trials	210420SL	p11	Z11111	243	2.0	0.0	12	1608.7316534951456	1608.9487735350026
1609.0019335722973	0.4971200361856063	trials	210420SL	p11	Z11111	304	3.0	180.0	12	1609.1519335722974	1609.3490536084828
1609.4322536512918	0.4970800361788861	trials	210420SL	p11	Z11111	246	5.0	0.0	12	1609.582253651292	1609.7793336874706
1609.8324937247648	0.49712003618606104	trials	210420SL	p11	Z11111	160	9.0	90.0	8	1609.982493724765	1610.1796137609508
1610.242773800081	0.5271200416930242	trials	210420SL	p11	Z11111	152	1.0	90.0	8	1610.3927738000812	1610.619893841774
1610.6730538790684	0.49712003618583367	trials	210420SL	p11	Z11111	5	4.0	0.0	4	1610.8230538790685	1611.0201739152542
1613.4549343897445	0.5071200380216396	trials	210420SL	p11	Z11111	93	2.0	270.0	4	1613.6049343897446	1613.812054427766
1613.8652144650605	0.49712003618606104	trials	210420SL	p11	Z11111	213	2.0	270.0	8	1614.0152144650606	1614.2123345012465
1614.2654945385407	0.5071200380216396	trials	210420SL	p11	Z11111	215	4.0	270.0	8	1614.4154945385408	1614.6226145765622
1614.695774617528	0.507120038021867	trials	210420SL	p11	Z11111	38	7.0	90.0	4	1614.8457746175281	1615.0528946555498
1615.1360546983515	0.49712003618606104	trials	210420SL	p11	Z11111	179	13.0	135.0	8	1615.2860546983516	1615.4831747345374
1618.0480152329064	0.5071200380216396	trials	210420SL	p11	Z11111	197	1.0	225.0	8	1618.1980152329065	1618.405135270928
1618.4683353100654	0.4970800361788861	trials	210420SL	p11	Z11111	95	4.0	270.0	4	1618.6183353100655	1618.8154153462442
1618.8986153890532	0.49712003618583367	trials	210420SL	p11	Z11111	120	14.0	315.0	4	1619.0486153890533	1619.245735425239
1619.2988954625334	0.5071200380216396	trials	210420SL	p11	Z11111	202	6.0	225.0	8	1619.4488954625335	1619.656015500555
1619.7391755433566	0.49712003618583367	trials	210420SL	p11	Z11111	187	6.0	180.0	8	1619.8891755433567	1620.0862955795424
1620.139455616837	0.49708003617843133	trials	210420SL	p11	Z11111	258	2.0	45.0	12	1620.2894556168371	1620.4865356530154
1620.5697356958244	0.49712003618606104	trials	210420SL	p11	Z11111	52	6.0	135.0	4	1620.7197356958245	1620.9168557320104
1624.0220563295745	0.507120038021867	trials	210420SL	p11	Z11111	140	4.0	45.0	8	1624.1720563295746	1624.3791763675963
1624.4323364048905	0.507120038021867	trials	210420SL	p11	Z11111	300	14.0	135.0	12	1624.5823364048906	1624.7894564429123
1624.872616485714	0.49712003618583367	trials	210420SL	p11	Z11111	30	14.0	45.0	4	1625.022616485714	1625.2197365218997
1625.2728965591941	0.5271200416932516	trials	210420SL	p11	Z11111	21	5.0	45.0	4	1625.4228965591942	1625.6500166008873
1625.7131766400173	0.5171600398648479	trials	210420SL	p11	Z11111	118	12.0	315.0	4	1625.8631766400174	1626.080336679882
1626.1534967208477	0.507120038021867	trials	210420SL	p11	Z11111	0			0	1626.3034967208478	1626.5106167588694
1626.563776796164	0.5271200416932516	trials	210420SL	p11	Z11111	138	2.0	45.0	8	1626.713776796164	1626.940896837857
1629.9760574225638	0.5071200380216396	trials	210420SL	p11	Z11111	0			0	1630.126057422564	1630.3331774605854
1630.3863374978798	0.49712003618606104	trials	210420SL	p11	Z11111	116	10.0	315.0	4	1630.53633749788	1630.7334575340658
1632.8379779479328	0.507120038021867	trials	210420SL	p11	Z11111	293	7.0	135.0	12	1632.987977947933	1633.1950979859546
1633.248258023249	0.49712003618606104	trials	210420SL	p11	Z11111	312	11.0	180.0	12	1633.3982580232491	1633.595378059435
1633.6485380967292	0.49712003618606104	trials	210420SL	p11	Z11111	28	12.0	45.0	4	1633.7985380967293	1633.9956581329152
1634.0588181720454	0.5271200416930242	trials	210420SL	p11	Z11111	86	10.0	225.0	4	1634.2088181720455	1634.4359382137384
1634.4890982510328	0.49712003618606104	trials	210420SL	p11	Z11111	245	4.0	0.0	12	1634.639098251033	1634.8362182872188
1634.889378324513	0.5271200416932516	trials	210420SL	p11	Z11111	190	9.0	180.0	8	1635.039378324513	1635.2664983662062
1635.3196584035006	0.5071200380216396	trials	210420SL	p11	Z11111	80	4.0	225.0	4	1635.4696584035007	1635.6767784415222
1638.671899018879	0.5071200380214123	trials	210420SL	p11	Z11111	285	14.0	90.0	12	1638.821899018879	1639.0290190569003
1639.0821790941948	0.5071200380216396	trials	210420SL	p11	Z11111	132	11.0	0.0	8	1639.2321790941949	1639.4392991322163
1639.4924591695108	0.5271600417004265	trials	210420SL	p11	Z11111	198	2.0	225.0	8	1639.6424591695109	1639.869619211211
1639.9227792485055	0.4970800361788861	trials	210420SL	p11	Z11111	15	14.0	0.0	4	1640.0727792485056	1640.2698592846843
1640.3230193219788	0.5271600417004265	trials	210420SL	p11	Z11111	188	7.0	180.0	8	1640.4730193219789	1640.7001793636791
1640.7533394009736	0.5070800380142373	trials	210420SL	p11	Z11111	166	0.0	135.0	8	1640.9033394009737	1641.1104194389877
1641.1635794762822	0.5271600417006539	trials	210420SL	p11	Z11111	238	12.0	315.0	8	1641.3135794762823	1641.5407395179827
1644.8861001596335	0.49712003618606104	trials	210420SL	p11	Z11111	110	4.0	315.0	4	1645.0361001596336	1645.2332201958195
1645.2963802349498	0.5271200416930242	trials	210420SL	p11	Z11111	260	4.0	45.0	12	1645.4463802349499	1645.6735002766427
1645.7266603139371	0.49712003618583367	trials	210420SL	p11	Z11111	156	5.0	90.0	8	1645.8766603139372	1646.073780350123
1646.1269403874173	0.49712003618606104	trials	210420SL	p11	Z11111	145	9.0	45.0	8	1646.2769403874174	1646.4740604236033
1648.8587808889076	0.5071200380216396	trials	210420SL	p11	Z11111	50	4.0	135.0	4	1649.0087808889077	1649.2159009269292
1649.2690609642234	0.5371200435288301	trials	210420SL	p11	Z11111	231	5.0	315.0	8	1649.4190609642235	1649.6561810077521
1649.7093410450466	0.49712003618606104	trials	210420SL	p11	Z11111	206	10.0	225.0	8	1649.8593410450467	1650.0564610812326
1650.1396211240342	0.49712003618583367	trials	210420SL	p11	Z11111	286	0.0	135.0	12	1650.2896211240343	1650.48674116022
1650.5399011975146	0.49712003618583367	trials	210420SL	p11	Z11111	246	5.0	0.0	12	1650.6899011975147	1650.8870212337004
1650.9501812728306	0.5271200416927968	trials	210420SL	p11	Z11111	59	13.0	135.0	4	1651.1001812728307	1651.3273013145233
1651.380461351818	0.49712003618583367	trials	210420SL	p11	Z11111	229	3.0	315.0	8	1651.530461351818	1651.7275813880037
1654.832781985568	0.507120038021867	trials	210420SL	p11	Z11111	24	8.0	45.0	4	1654.9827819855682	1655.1899020235899
1655.2430620608843	0.49712003618583367	trials	210420SL	p11	Z11111	223	12.0	270.0	8	1655.3930620608844	1655.59018209707
1655.6733421398717	0.49712003618583367	trials	210420SL	p11	Z11111	316	0.0	225.0	12	1655.8233421398718	1656.0204621760574
1656.0836222151877	0.5271600417006539	trials	210420SL	p11	Z11111	104	13.0	270.0	4	1656.2336222151878	1656.4607822568883
1656.5139422941827	0.49708003617843133	trials	210420SL	p11	Z11111	221	10.0	270.0	8	1656.6639422941828	1656.861022330361
1656.9141823676555	0.5271600417004265	trials	210420SL	p11	Z11111	175	9.0	135.0	8	1657.0641823676556	1657.2913424093558
1657.354502448486	0.49712003618583367	trials	210420SL	p11	Z11111	303	2.0	180.0	12	1657.5045024484862	1657.7016224846718
1660.8868630969293	0.5071200380216396	trials	210420SL	p11	Z11111	149	13.0	45.0	8	1661.0368630969294	1661.243983134951
1661.2971431722453	0.49712003618606104	trials	210420SL	p11	Z11111	79	3.0	225.0	4	1661.4471431722454	1661.6442632084313
1661.6974232457258	0.49712003618583367	trials	210420SL	p11	Z11111	87	11.0	225.0	4	1661.8474232457258	1662.0445432819115
1662.1277033247131	0.507120038021867	trials	210420SL	p11	Z11111	98	7.0	270.0	4	1662.2777033247132	1662.484823362735
1662.5379834000291	0.49712003618583367	trials	210420SL	p11	Z11111	203	7.0	225.0	8	1662.6879834000292	1662.8851034362149
1662.9682634790165	0.49712003618606104	trials	210420SL	p11	Z11111	360	14.0	315.0	12	1663.1182634790166	1663.3153835152025
1663.368543552497	0.49712003618606104	trials	210420SL	p11	Z11111	256	0.0	45.0	12	1663.518543552497	1663.715663588683
1666.9109442027834	0.49708003617843133	trials	210420SL	p11	Z11111	287	1.0	135.0	12	1667.0609442027835	1667.2580242389618
1667.3212242780994	0.4970800361786587	trials	210420SL	p11	Z11111	159	8.0	90.0	8	1667.4712242780995	1667.668304314278
1667.7214643515724	0.5271600417004265	trials	210420SL	p11	Z11111	340	9.0	270.0	12	1667.8714643515725	1668.0986243932728
1668.1517444305598	0.49712003618583367	trials	210420SL	p11	Z11111	0			0	1668.30174443056	1668.4988644667455
1668.55202450404	0.507120038021867	trials	210420SL	p11	Z11111	4	3.0	0.0	4	1668.70202450404	1668.9091445420618
1668.9923445848708	0.49708003617843133	trials	210420SL	p11	Z11111	0			0	1669.142344584871	1669.3394246210491
1669.3925846583436	0.5271600417004265	trials	210420SL	p11	Z11111	262	6.0	45.0	12	1669.5425846583437	1669.769744700044
1672.9750253159802	0.5071200380216396	trials	210420SL	p11	Z11111	266	10.0	45.0	12	1673.1250253159803	1673.3321453540018
1675.3966257605189	0.5071200380216396	trials	210420SL	p11	Z11111	309	8.0	180.0	12	1675.546625760519	1675.7537457985404
1675.8169058376707	0.49712003618583367	trials	210420SL	p11	Z11111	169	3.0	135.0	8	1675.9669058376708	1676.1640258738564
1676.2171859111509	0.5271200416930242	trials	210420SL	p11	Z11111	70	9.0	180.0	4	1676.367185911151	1676.5943059528438
1676.6474659901385	0.49712003618583367	trials	210420SL	p11	Z11111	269	13.0	45.0	12	1676.7974659901386	1676.9945860263242
1677.0577460654545	0.5271600417004265	trials	210420SL	p11	Z11111	315	14.0	180.0	12	1677.2077460654546	1677.4349061071548
1677.4880661444492	0.4970800361786587	trials	210420SL	p11	Z11111	8	7.0	0.0	4	1677.6380661444493	1677.8351461806278
1677.9183462234366	0.49712003618606104	trials	210420SL	p11	Z11111	101	10.0	270.0	4	1678.0683462234367	1678.2654662596226
1681.4607068737157	0.5071200380216396	trials	210420SL	p11	Z11111	331	0.0	270.0	12	1681.6107068737158	1681.8178269117373
1681.8709869490317	0.5271600417006539	trials	210420SL	p11	Z11111	6	5.0	0.0	4	1682.0209869490318	1682.2481469907323
1682.3013070280265	0.4970800361788861	trials	210420SL	p11	Z11111	311	10.0	180.0	12	1682.4513070280266	1682.6483870642053
1682.7115471033353	0.5271600417004265	trials	210420SL	p11	Z11111	235	9.0	315.0	8	1682.8615471033354	1683.0887071450356
1683.14186718233	0.4970800361786587	trials	210420SL	p11	Z11111	342	11.0	270.0	12	1683.2918671823302	1683.4889472185087
1683.5721472613177	0.49712003618583367	trials	210420SL	p11	Z11111	5	4.0	0.0	4	1683.7221472613178	1683.9192672975034
1683.972427334798	0.5071200380214123	trials	210420SL	p11	Z11111	225	14.0	270.0	8	1684.1224273347982	1684.3295473728194
1687.5748279960987	0.5071200380214123	trials	210420SL	p11	Z11111	174	8.0	135.0	8	1687.7248279960988	1687.93194803412
1687.9851080714145	0.507120038021867	trials	210420SL	p11	Z11111	172	6.0	135.0	8	1688.1351080714146	1688.3422281094363
1688.4254281522453	0.49708003617843133	trials	210420SL	p11	Z11111	109	3.0	315.0	4	1688.5754281522454	1688.7725081884237
1688.8256682257181	0.49712003618606104	trials	210420SL	p11	Z11111	230	4.0	315.0	8	1688.9756682257182	1689.172788261904
1689.2259482991985	0.5271200416932516	trials	210420SL	p11	Z11111	348	2.0	315.0	12	1689.3759482991986	1689.6030683408917
1689.6662283800215	0.49712003618606104	trials	210420SL	p11	Z11111	128	7.0	0.0	8	1689.8162283800216	1690.0133484162075
1690.0965484590165	0.4970800361786587	trials	210420SL	p11	Z11111	22	6.0	45.0	4	1690.2465484590166	1690.443628495195
1693.5188290872522	0.5071200380216396	trials	210420SL	p11	Z11111	130	9.0	0.0	8	1693.6688290872523	1693.8759491252738
1693.929109162568	0.49712003618606104	trials	210420SL	p11	Z11111	33	2.0	90.0	4	1694.079109162568	1694.276229198754
1694.3593892415556	0.49712003618606104	trials	210420SL	p11	Z11111	29	13.0	45.0	4	1694.5093892415557	1694.7065092777416
1694.759669315036	0.5371600435360051	trials	210420SL	p11	Z11111	250	9.0	0.0	12	1694.9096693150361	1695.146829358572
1697.1112697467245	0.5071200380216396	trials	210420SL	p11	Z11111	341	10.0	270.0	12	1697.2612697467246	1697.468389784746
1697.5215498220407	0.5271200416930242	trials	210420SL	p11	Z11111	99	8.0	270.0	4	1697.6715498220408	1697.8986698637336
1697.9618299028639	0.49712003618583367	trials	210420SL	p11	Z11111	343	12.0	270.0	12	1698.111829902864	1698.3089499390496
1698.3621099763443	0.5271200416927968	trials	210420SL	p11	Z11111	83	7.0	225.0	4	1698.5121099763444	1698.739230018037
1698.7923900553315	0.49712003618606104	trials	210420SL	p11	Z11111	56	10.0	135.0	4	1698.9423900553315	1699.1395100915174
1699.1926701288119	0.49712003618606104	trials	210420SL	p11	Z11111	228	2.0	315.0	8	1699.342670128812	1699.5397901649978
1699.632950209635	0.49712003618606104	trials	210420SL	p11	Z11111	292	6.0	135.0	12	1699.7829502096351	1699.980070245821
1703.1353108525711	0.507120038021867	trials	210420SL	p11	Z11111	208	12.0	225.0	8	1703.2853108525712	1703.492430890593
1703.5455909278874	0.49712003618583367	trials	210420SL	p11	Z11111	170	4.0	135.0	8	1703.6955909278875	1703.892710964073
1703.9758710068747	0.49712003618606104	trials	210420SL	p11	Z11111	194	13.0	180.0	8	1704.1258710068748	1704.3229910430607
1706.697711506529	0.507120038021867	trials	210420SL	p11	Z11111	232	6.0	315.0	8	1706.847711506529	1707.0548315445508
1707.1079915818452	0.5271200416930242	trials	210420SL	p11	Z11111	351	5.0	315.0	12	1707.2579915818453	1707.4851116235382
1707.5382716608326	0.49712003618583367	trials	210420SL	p11	Z11111	294	8.0	135.0	12	1707.6882716608327	1707.8853916970183
1707.9385517343128	0.5071200380216396	trials	210420SL	p11	Z11111	39	8.0	90.0	4	1708.088551734313	1708.2956717723343
1708.378831815136	0.49712003618606104	trials	210420SL	p11	Z11111	57	11.0	135.0	4	1708.528831815136	1708.725951851322
1708.7791118886164	0.5271200416930242	trials	210420SL	p11	Z11111	210	14.0	225.0	8	1708.9291118886165	1709.1562319303093
1712.631712595847	0.5071200380216396	trials	210420SL	p11	Z11111	154	3.0	90.0	8	1712.781712595847	1712.9888326338685
1713.041992671163	0.49712003618606104	trials	210420SL	p11	Z11111	31	0.0	90.0	4	1713.191992671163	1713.3891127073489
1713.442232744636	0.5071200380216396	trials	210420SL	p11	Z11111	304	3.0	180.0	12	1713.592232744636	1713.7993527826575
1713.8825528254663	0.49712003618606104	trials	210420SL	p11	Z11111	359	13.0	315.0	12	1714.0325528254664	1714.2296728616523
1714.2828328989467	0.5271200416930242	trials	210420SL	p11	Z11111	74	13.0	180.0	4	1714.4328328989468	1714.6599529406396
1714.713112977934	0.49712003618606104	trials	210420SL	p11	Z11111	318	2.0	225.0	12	1714.8631129779342	1715.06023301412
1715.1233930532503	0.5271200416930242	trials	210420SL	p11	Z11111	307	6.0	180.0	12	1715.2733930532504	1715.5005130949432
1718.6757937053724	0.4970800361786587	trials	210420SL	p11	Z11111	66	5.0	180.0	4	1718.8257937053725	1719.022873741551
1719.0760337788454	0.5071200380216396	trials	210420SL	p11	Z11111	1	0.0	0.0	4	1719.2260337788455	1719.433153816867
1719.5163538596757	0.4970800361788861	trials	210420SL	p11	Z11111	298	12.0	135.0	12	1719.6663538596758	1719.8634338958545
1719.9165939331488	0.49712003618583367	trials	210420SL	p11	Z11111	75	14.0	180.0	4	1720.0665939331489	1720.2637139693345
1720.3168740066292	0.5271200416930242	trials	210420SL	p11	Z11111	11	10.0	0.0	4	1720.4668740066293	1720.693994048322
1720.7471540856166	0.5071200380216396	trials	210420SL	p11	Z11111	152	1.0	90.0	8	1720.8971540856166	1721.104274123638
1721.1574341609328	0.5271600417001991	trials	210420SL	p11	Z11111	247	6.0	0.0	12	1721.3074341609329	1721.534594202633
1724.6697948057044	0.507120038021867	trials	210420SL	p11	Z11111	105	14.0	270.0	4	1724.8197948057045	1725.0269148437262
1725.0800748810207	0.5071200380216396	trials	210420SL	p11	Z11111	192	11.0	180.0	8	1725.2300748810208	1725.4371949190422
1725.520394961851	0.4970800361786587	trials	210420SL	p11	Z11111	113	7.0	315.0	4	1725.6703949618511	1725.8674749980296
1727.891995397211	0.4970800361786587	trials	210420SL	p11	Z11111	76	0.0	225.0	4	1728.0419953972112	1728.2390754333896
1728.30223547252	0.5271600417004265	trials	210420SL	p11	Z11111	107	1.0	315.0	4	1728.45223547252	1728.6793955142202
1728.7325555515147	0.49712003618583367	trials	210420SL	p11	Z11111	268	12.0	45.0	12	1728.8825555515148	1729.0796755877004
1729.162835630502	0.49712003618606104	trials	210420SL	p11	Z11111	336	5.0	270.0	12	1729.3128356305021	1729.509955666688
1729.5631157039822	0.5071200380216396	trials	210420SL	p11	Z11111	323	7.0	225.0	12	1729.7131157039823	1729.9202357420038
1729.9733957792982	0.5271200416932516	trials	210420SL	p11	Z11111	199	3.0	225.0	8	1730.1233957792983	1730.3505158209914
1730.4036758582859	0.49712003618606104	trials	210420SL	p11	Z11111	146	10.0	45.0	8	1730.553675858286	1730.7507958944718
1733.906036501222	0.5071200380216396	trials	210420SL	p11	Z11111	182	1.0	180.0	8	1734.056036501222	1734.2631565392435
1734.3163165765382	0.49712003618583367	trials	210420SL	p11	Z11111	279	8.0	90.0	12	1734.4663165765382	1734.663436612724
1734.716556650011	0.5271600417006539	trials	210420SL	p11	Z11111	82	6.0	225.0	4	1734.866556650011	1735.0937166917115
1735.1568767308418	0.5271200416927968	trials	210420SL	p11	Z11111	226	0.0	315.0	8	1735.3068767308419	1735.5339967725345
1735.587156809829	0.49712003618606104	trials	210420SL	p11	Z11111	220	9.0	270.0	8	1735.737156809829	1735.9342768460149
1735.9874368833093	0.5271200416930242	trials	210420SL	p11	Z11111	277	6.0	90.0	12	1736.1374368833094	1736.3645569250023
1736.4277169641325	0.5271600417004265	trials	210420SL	p11	Z11111	168	2.0	135.0	8	1736.5777169641326	1736.8048770058329
1739.9601176125832	0.507120038021867	trials	210420SL	p11	Z11111	321	5.0	225.0	12	1740.1101176125833	1740.317237650605
1742.4817980754935	0.507120038021867	trials	210420SL	p11	Z11111	234	8.0	315.0	8	1742.6317980754936	1742.8389181135153
1742.8920781508098	0.49712003618583367	trials	210420SL	p11	Z11111	338	7.0	270.0	12	1743.0420781508099	1743.2391981869955
1743.3023582261258	0.5271200416932516	trials	210420SL	p11	Z11111	278	7.0	90.0	12	1743.4523582261259	1743.679478267819
1743.7326383051134	0.49712003618583367	trials	210420SL	p11	Z11111	133	12.0	0.0	8	1743.8826383051135	1744.079758341299
1744.1329183785936	0.5271200416930242	trials	210420SL	p11	Z11111	10	9.0	0.0	4	1744.2829183785936	1744.5100384202865
1744.5731984594167	0.5271600417004265	trials	210420SL	p11	Z11111	136	0.0	45.0	8	1744.7231984594168	1744.950358501117
1745.0034785384041	0.49712003618606104	trials	210420SL	p11	Z11111	63	2.0	180.0	4	1745.1534785384042	1745.35059857459
1748.5058391813402	0.507120038021867	trials	210420SL	p11	Z11111	164	13.0	90.0	8	1748.6558391813403	1748.862959219362
1748.9161192566564	0.49712003618583367	trials	210420SL	p11	Z11111	18	2.0	45.0	4	1749.0661192566565	1749.2632392928422
1749.3163993301368	0.5271200416930242	trials	210420SL	p11	Z11111	334	3.0	270.0	12	1749.466399330137	1749.6935193718298
1749.75667941096	0.49712003618583367	trials	210420SL	p11	Z11111	328	12.0	225.0	12	1749.9066794109601	1750.1037994471458
1750.1569594844402	0.5271600417004265	trials	210420SL	p11	Z11111	106	0.0	315.0	4	1750.3069594844403	1750.5341195261406
1750.5872395634276	0.49712003618606104	trials	210420SL	p11	Z11111	92	1.0	270.0	4	1750.7372395634277	1750.9343595996136
1750.9975196387438	0.5271600417001991	trials	210420SL	p11	Z11111	165	14.0	90.0	8	1751.147519638744	1751.374679680444
1754.5799602963802	0.5071200380216396	trials	210420SL	p11	Z11111	161	10.0	90.0	8	1754.7299602963803	1754.9370803344018
1754.9902403716962	0.4970800361788861	trials	210420SL	p11	Z11111	42	11.0	90.0	4	1755.1402403716963	1755.337320407875
1755.3904804451693	0.5271600417006539	trials	210420SL	p11	Z11111	35	4.0	90.0	4	1755.5404804451694	1755.7676404868698
1758.0422809319664	0.5071200380216396	trials	210420SL	p11	Z11111	37	6.0	90.0	4	1758.1922809319665	1758.399400969988
1758.4525610072824	0.49712003618606104	trials	210420SL	p11	Z11111	36	5.0	90.0	4	1758.6025610072825	1758.7996810434684
1758.88284108627	0.4971200361856063	trials	210420SL	p11	Z11111	91	0.0	270.0	4	1759.03284108627	1759.2299611224555
1759.28312115975	0.507120038021867	trials	210420SL	p11	Z11111	60	14.0	135.0	4	1759.43312115975	1759.6402411977717
1759.7234012405734	0.49712003618583367	trials	210420SL	p11	Z11111	295	9.0	135.0	12	1759.8734012405735	1760.070521276759
1762.1850416924622	0.507160038029042	trials	210420SL	p11	Z11111	290	4.0	135.0	12	1762.3350416924623	1762.5422017304911
1762.5953217677782	0.49712003618606104	trials	210420SL	p11	Z11111	326	10.0	225.0	12	1762.7453217677783	1762.9424418039641
1762.9956018412586	0.5071200380216396	trials	210420SL	p11	Z11111	2	1.0	0.0	4	1763.1456018412587	1763.3527218792801
1763.4058819165743	0.5271200416932516	trials	210420SL	p11	Z11111	219	8.0	270.0	8	1763.5558819165744	1763.7830019582675
1763.836161995562	0.49712003618606104	trials	210420SL	p11	Z11111	176	10.0	135.0	8	1763.986161995562	1764.183282031748
1764.2364420690424	0.5271200416930242	trials	210420SL	p11	Z11111	134	13.0	0.0	8	1764.3864420690425	1764.6135621107353
1764.6767221498656	0.49712003618583367	trials	210420SL	p11	Z11111	141	5.0	45.0	8	1764.8267221498656	1765.0238421860513
1768.2091227983162	0.5071200380214123	trials	210420SL	p11	Z11111	227	1.0	315.0	8	1768.3591227983163	1768.5662428363376
1768.619402873632	0.49712003618606104	trials	210420SL	p11	Z11111	117	11.0	315.0	4	1768.769402873632	1768.966522909818
1769.0196829471124	0.5271200416932516	trials	210420SL	p11	Z11111	319	3.0	225.0	12	1769.1696829471125	1769.3968029888056
1769.4599630279356	0.49712003618606104	trials	210420SL	p11	Z11111	96	5.0	270.0	4	1769.6099630279357	1769.8070830641216
1769.860243101416	0.5271200416932516	trials	210420SL	p11	Z11111	240	14.0	315.0	8	1770.010243101416	1770.2373631431092
1770.2905231804034	0.5271200416930242	trials	210420SL	p11	Z11111	126	5.0	0.0	8	1770.4405231804035	1770.6676432220963
1770.7308032612266	0.49712003618606104	trials	210420SL	p11	Z11111	216	5.0	270.0	8	1770.8808032612267	1771.0779232974126
1774.413283937228	0.5071200380214123	trials	210420SL	p11	Z11111	181	0.0	180.0	8	1774.563283937228	1774.7704039752493
1774.8235640125438	0.49712003618606104	trials	210420SL	p11	Z11111	178	12.0	135.0	8	1774.9735640125439	1775.1706840487298
1775.2238440860242	0.5271200416930242	trials	210420SL	p11	Z11111	16	0.0	45.0	4	1775.3738440860243	1775.6009641277171
1775.6541241650116	0.507120038021867	trials	210420SL	p11	Z11111	184	3.0	180.0	8	1775.8041241650117	1776.0112442030334
1776.0644042403278	0.5271200416930242	trials	210420SL	p11	Z11111	254	13.0	0.0	12	1776.214404240328	1776.4415242820207
1776.494684319315	0.49712003618606104	trials	210420SL	p11	Z11111	20	4.0	45.0	4	1776.644684319315	1776.841804355501
1776.8949643927954	0.507120038021867	trials	210420SL	p11	Z11111	17	1.0	45.0	4	1777.0449643927955	1777.2520844308171
1780.367285030217	0.507120038021867	trials	210420SL	p11	Z11111	270	14.0	45.0	12	1780.5172850302172	1780.7244050682389
1780.7775651055333	0.4971200361856063	trials	210420SL	p11	Z11111	211	0.0	270.0	8	1780.9275651055334	1781.1246851417188
1781.1778451790135	0.5271200416930242	trials	210420SL	p11	Z11111	12	11.0	0.0	4	1781.3278451790136	1781.5549652207064
1781.6081252580009	0.5071200380216396	trials	210420SL	p11	Z11111	244	3.0	0.0	12	1781.758125258001	1781.9652452960224
1782.018405333317	0.5271600417001991	trials	210420SL	p11	Z11111	69	8.0	180.0	4	1782.1684053333172	1782.3955653750172
1782.4487254123117	0.4970800361786587	trials	210420SL	p11	Z11111	62	1.0	180.0	4	1782.5987254123118	1782.7958054484902
1782.8489654857847	0.49712003618606104	trials	210420SL	p11	Z11111	339	8.0	270.0	12	1782.9989654857848	1783.1960855219706
1787.942406420799	0.507120038021867	trials	210420SL	p11	Z11111	305	4.0	180.0	12	1788.092406420799	1788.2995264588208
1788.3526864961152	0.49712003618606104	trials	210420SL	p11	Z11111	352	6.0	315.0	12	1788.5026864961153	1788.6998065323012
1788.762966571431	0.5271200416932516	trials	210420SL	p11	Z11111	264	8.0	45.0	12	1788.912966571431	1789.1400866131241
1789.1932466504186	0.49712003618583367	trials	210420SL	p11	Z11111	255	14.0	0.0	12	1789.3432466504187	1789.5403666866043
1789.623526729406	0.49712003618606104	trials	210420SL	p11	Z11111	68	7.0	180.0	4	1789.773526729406	1789.970646765592
1790.0238068028864	0.5071200380216396	trials	210420SL	p11	Z11111	301	0.0	180.0	12	1790.1738068028865	1790.380926840908
1790.4640868837096	0.49712003618606104	trials	210420SL	p11	Z11111	253	12.0	0.0	12	1790.6140868837097	1790.8112069198955
1794.5768876387056	0.5071200380216396	trials	210420SL	p11	Z11111	355	9.0	315.0	12	1794.7268876387056	1794.934007676727
1794.9971677158574	0.5271200416930242	trials	210420SL	p11	Z11111	239	13.0	315.0	8	1795.1471677158574	1795.3742877575503
1795.427447794845	0.49712003618583367	trials	210420SL	p11	Z11111	40	9.0	90.0	4	1795.577447794845	1795.7745678310307
1795.8277278683252	0.5271200416930242	trials	210420SL	p11	Z11111	158	7.0	90.0	8	1795.9777278683252	1796.204847910018
1796.2680079491483	0.5171200398572182	trials	210420SL	p11	Z11111	205	9.0	225.0	8	1796.4180079491484	1796.6351279890055
1796.7183280318147	0.49708003617843133	trials	210420SL	p11	Z11111	43	12.0	90.0	4	1796.8683280318148	1797.065408067993
1797.1486081108021	0.49712003618583367	trials	210420SL	p11	Z11111	90	14.0	225.0	4	1797.2986081108022	1797.4957281469879
1800.6709687574098	0.5071200380216396	trials	210420SL	p11	Z11111	25	9.0	45.0	4	1800.82096875741	1801.0280887954314
1801.0812488327258	0.49712003618583367	trials	210420SL	p11	Z11111	291	5.0	135.0	12	1801.231248832726	1801.4283688689115
1801.5115289117132	0.5071200380216396	trials	210420SL	p11	Z11111	34	3.0	90.0	4	1801.6615289117133	1801.8686489497347
1801.9218089870292	0.49712003618606104	trials	210420SL	p11	Z11111	344	13.0	270.0	12	1802.0718089870293	1802.2689290232152
1802.3520890660168	0.49712003618583367	trials	210420SL	p11	Z11111	142	6.0	45.0	8	1802.5020890660169	1802.6992091022025
1802.752369139497	0.49712003618606104	trials	210420SL	p11	Z11111	325	9.0	225.0	12	1802.902369139497	1803.099489175683
1803.1826492184846	0.5371600435360051	trials	210420SL	p11	Z11111	173	7.0	135.0	8	1803.3326492184847	1803.5698092620205
1806.8751298963214	0.5071200380216396	trials	210420SL	p11	Z11111	280	9.0	90.0	12	1807.0251298963215	1807.232249934343
1807.2854099716376	0.5271600417001991	trials	210420SL	p11	Z11111	249	8.0	0.0	12	1807.4354099716377	1807.6625700133377
1807.725730052468	0.49712003618606104	trials	210420SL	p11	Z11111	44	13.0	90.0	4	1807.875730052468	1808.072850088654
1808.125970125941	0.5271600417004265	trials	210420SL	p11	Z11111	241	0.0	0.0	12	1808.275970125941	1808.5031301676413
1808.5562902049355	0.49712003618606104	trials	210420SL	p11	Z11111	274	3.0	90.0	12	1808.7062902049356	1808.9034102411215
1808.9565302784088	0.5071200380216396	trials	210420SL	p11	Z11111	127	6.0	0.0	8	1809.1065302784089	1809.3136503164303
1809.3668103537245	0.5271600417006539	trials	210420SL	p11	Z11111	335	4.0	270.0	12	1809.5168103537246	1809.743970395425
1812.9492510113614	0.5071200380216396	trials	210420SL	p11	Z11111	337	6.0	270.0	12	1813.0992510113615	1813.306371049383
1813.3595310866774	0.4970800361786587	trials	210420SL	p11	Z11111	195	14.0	180.0	8	1813.5095310866775	1813.706611122856
1813.7898111656648	0.49712003618606104	trials	210420SL	p11	Z11111	97	6.0	270.0	4	1813.9398111656649	1814.1369312018508
1814.1900912391452	0.4970800361786587	trials	210420SL	p11	Z11111	9	8.0	0.0	4	1814.3400912391453	1814.5371712753238
1814.6003313144538	0.5271600417006539	trials	210420SL	p11	Z11111	84	8.0	225.0	4	1814.750331314454	1814.9774913561544
1815.0306513934488	0.49708003617843133	trials	210420SL	p11	Z11111	200	4.0	225.0	8	1815.180651393449	1815.3777314296271
1815.4308914669216	0.49712003618606104	trials	210420SL	p11	Z11111	183	2.0	180.0	8	1815.5808914669217	1815.7780115031076
1819.0533321319012	0.5071200380214123	trials	210420SL	p11	Z11111	67	6.0	180.0	4	1819.2033321319013	1819.4104521699226
1819.463612207217	0.49712003618606104	trials	210420SL	p11	Z11111	151	0.0	90.0	8	1819.613612207217	1819.810732243403
1819.8938922862046	0.49712003618606104	trials	210420SL	p11	Z11111	162	11.0	90.0	8	1820.0438922862047	1820.2410123223906
1820.3041723615206	0.49712003618606104	trials	210420SL	p11	Z11111	147	11.0	45.0	8	1820.4541723615207	1820.6512923977066
1820.7344924405154	0.4970800361788861	trials	210420SL	p11	Z11111	332	1.0	270.0	12	1820.8844924405155	1821.0815724766942
1821.1347325139884	0.5271600417006539	trials	210420SL	p11	Z11111	276	5.0	90.0	12	1821.2847325139885	1821.511892555689
1821.5650525929834	0.5371200435288301	trials	210420SL	p11	Z11111	78	2.0	225.0	4	1821.7150525929835	1821.9521726365122
1825.1574532524482	0.507120038021867	trials	210420SL	p11	Z11111	81	5.0	225.0	4	1825.3074532524483	1825.51457329047
1825.5677333277642	0.49712003618606104	trials	210420SL	p11	Z11111	259	3.0	45.0	12	1825.7177333277643	1825.9148533639502
1825.9680134012447	0.49712003618583367	trials	210420SL	p11	Z11111	196	0.0	225.0	8	1826.1180134012448	1826.3151334374304
1826.3682534747174	0.5271600417006539	trials	210420SL	p11	Z11111	329	13.0	225.0	12	1826.5182534747175	1826.745413516418
1829.230214000094	0.507120038021867	trials	210420SL	p11	Z11111	111	5.0	315.0	4	1829.3802140000942	1829.5873340381158
1829.6504940772456	0.4970800361788861	trials	210420SL	p11	Z11111	265	9.0	45.0	12	1829.8004940772457	1829.9975741134244
1830.0507341507189	0.5271600417004265	trials	210420SL	p11	Z11111	54	8.0	135.0	4	1830.200734150719	1830.4278941924192
1830.4810542297137	0.49708003617843133	trials	210420SL	p11	Z11111	204	8.0	225.0	8	1830.6310542297138	1830.828134265892
1830.8912943050223	0.5271600417006539	trials	210420SL	p11	Z11111	125	4.0	0.0	8	1831.0412943050223	1831.2684543467228
1831.3216143840173	0.4971200361856063	trials	210420SL	p11	Z11111	299	13.0	135.0	12	1831.4716143840174	1831.6687344202028
1831.7518944630044	0.49712003618606104	trials	210420SL	p11	Z11111	49	3.0	135.0	4	1831.9018944630045	1832.0990144991904
1835.2242151004261	0.507120038021867	trials	210420SL	p11	Z11111	139	3.0	45.0	8	1835.3742151004262	1835.581335138448
1835.6344951757424	0.49712003618583367	trials	210420SL	p11	Z11111	218	7.0	270.0	8	1835.7844951757424	1835.981615211928
1836.0347752492228	0.4971200361856063	trials	210420SL	p11	Z11111	115	9.0	315.0	4	1836.1847752492229	1836.3818952854083
1836.4450553245385	0.5171200398574456	trials	210420SL	p11	Z11111	281	10.0	90.0	12	1836.5950553245386	1836.812175364396
1836.8753354035262	0.49712003618583367	trials	210420SL	p11	Z11111	185	4.0	180.0	8	1837.0253354035262	1837.222455439712
1837.2756154770063	0.49712003618606104	trials	210420SL	p11	Z11111	77	1.0	225.0	4	1837.4256154770064	1837.6227355131923
1837.705895555994	0.49712003618583367	trials	210420SL	p11	Z11111	327	11.0	225.0	12	1837.855895555994	1838.0530155921797
1841.20825619893	0.5071200380216396	trials	210420SL	p11	Z11111	284	13.0	90.0	12	1841.3582561989301	1841.5653762369516
1841.6185362742463	0.5071200380214123	trials	210420SL	p11	Z11111	354	8.0	315.0	12	1841.7685362742463	1841.9756563122676
1842.028816349562	0.5271200416930242	trials	210420SL	p11	Z11111	257	1.0	45.0	12	1842.178816349562	1842.405936391255
1842.4590964285496	0.49712003618583367	trials	210420SL	p11	Z11111	346	0.0	315.0	12	1842.6090964285497	1842.8062164647354
1842.8593765020298	0.49712003618606104	trials	210420SL	p11	Z11111	47	1.0	135.0	4	1843.00937650203	1843.2064965382158
1843.2896565810174	0.49712003618606104	trials	210420SL	p11	Z11111	207	11.0	225.0	8	1843.4396565810175	1843.6367766172034
1843.6999366563332	0.5271200416932516	trials	210420SL	p11	Z11111	314	13.0	180.0	12	1843.8499366563333	1844.0770566980264
1847.412457337849	0.5071200380216396	trials	210420SL	p11	Z11111	324	8.0	225.0	12	1847.562457337849	1847.7695773758705
1847.8326974149936	0.4971200361856063	trials	210420SL	p11	Z11111	212	1.0	270.0	8	1847.9826974149937	1848.1798174511791
1848.2630174939884	0.5271200416930242	trials	210420SL	p11	Z11111	88	12.0	225.0	4	1848.4130174939885	1848.6401375356813
1848.6932975729758	0.49712003618606104	trials	210420SL	p11	Z11111	297	11.0	135.0	12	1848.8432975729759	1849.0404176091618
1849.1035776482918	0.5271200416930242	trials	210420SL	p11	Z11111	143	7.0	45.0	8	1849.2535776482919	1849.4806976899847
1849.5338577272792	0.49712003618606104	trials	210420SL	p11	Z11111	261	5.0	45.0	12	1849.6838577272792	1849.8809777634651
1849.9641378062668	0.49712003618606104	trials	210420SL	p11	Z11111	224	13.0	270.0	8	1850.1141378062669	1850.3112578424527
1853.5165384583888	0.507120038021867	trials	210420SL	p11	Z11111	273	2.0	90.0	12	1853.666538458389	1853.8736584964106
1853.926818533705	0.5071200380216396	trials	210420SL	p11	Z11111	103	12.0	270.0	4	1854.0768185337051	1854.2839385717266
1857.0589391086753	0.5171200398574456	trials	210420SL	p11	Z11111	283	12.0	90.0	12	1857.2089391086754	1857.4260591485327
1857.479219185827	0.49712003618583367	trials	210420SL	p11	Z11111	306	5.0	180.0	12	1857.6292191858272	1857.8263392220128
1857.8794992593073	0.4970800361786587	trials	210420SL	p11	Z11111	144	8.0	45.0	8	1858.0294992593074	1858.2265792954859
1858.3097793382947	0.49712003618606104	trials	210420SL	p11	Z11111	26	10.0	45.0	4	1858.4597793382948	1858.6568993744806
1858.710059411775	0.507120038021867	trials	210420SL	p11	Z11111	148	12.0	45.0	8	1858.8600594117752	1859.0671794497969
1859.1503394925983	0.49712003618606104	trials	210420SL	p11	Z11111	55	9.0	135.0	4	1859.3003394925984	1859.4974595287842
1859.5506195660785	0.49712003618606104	trials	210420SL	p11	Z11111	302	1.0	180.0	12	1859.7006195660786	1859.8977396022644
1863.3631802659588	0.49712003618606104	trials	210420SL	p11	Z11111	13	12.0	0.0	4	1863.513180265959	1863.7103003021448
1863.773460341275	0.5171200398574456	trials	210420SL	p11	Z11111	191	10.0	180.0	8	1863.9234603412751	1864.1405803811324
1864.2037404202624	0.5271200416932516	trials	210420SL	p11	Z11111	333	2.0	270.0	12	1864.3537404202625	1864.5808604619556
1864.6340204992498	0.49712003618606104	trials	210420SL	p11	Z11111	222	11.0	270.0	8	1864.78402049925	1864.9811405354358
1865.0643005782372	0.507120038021867	trials	210420SL	p11	Z11111	153	2.0	90.0	8	1865.2143005782373	1865.421420616259
1865.4745806535534	0.5271600417004265	trials	210420SL	p11	Z11111	282	11.0	90.0	12	1865.6245806535535	1865.8517406952537
1865.9049007325482	0.4970800361786587	trials	210420SL	p11	Z11111	102	11.0	270.0	4	1866.0549007325483	1866.2519807687268
1869.4472613828273	0.5171200398574456	trials	210420SL	p11	Z11111	296	10.0	135.0	12	1869.5972613828274	1869.8143814226846
1869.8675414599788	0.5271600417006539	trials	210420SL	p11	Z11111	356	10.0	315.0	12	1870.017541459979	1870.2447015016794
1870.3078615408097	0.49712003618583367	trials	210420SL	p11	Z11111	248	7.0	0.0	12	1870.4578615408097	1870.6549815769954
1870.738141619797	0.49712003618583367	trials	210420SL	p11	Z11111	347	1.0	315.0	12	1870.8881416197971	1871.0852616559828
1871.148421695113	0.5171200398574456	trials	210420SL	p11	Z11111	271	0.0	90.0	12	1871.2984216951131	1871.5155417349704
1871.5787017741004	0.49712003618606104	trials	210420SL	p11	Z11111	129	8.0	0.0	8	1871.7287017741005	1871.9258218102864
1872.008981853088	0.49712003618606104	trials	210420SL	p11	Z11111	251	10.0	0.0	12	1872.158981853088	1872.356101889274
1875.8315825548113	0.5071200380216396	trials	210420SL	p11	Z11111	217	6.0	270.0	8	1875.9815825548114	1876.188702592833
1876.2418626301273	0.4970800361786587	trials	210420SL	p11	Z11111	157	6.0	90.0	8	1876.3918626301274	1876.588942666306
1876.6421027036004	0.5271600417004265	trials	210420SL	p11	Z11111	209	13.0	225.0	8	1876.7921027036004	1877.0192627453007
1877.0724227825951	0.5071200380216396	trials	210420SL	p11	Z11111	89	13.0	225.0	4	1877.2224227825952	1877.4295428206167
1877.482662857904	0.49712003618583367	trials	210420SL	p11	Z11111	313	12.0	180.0	12	1877.632662857904	1877.8297828940897
1877.882942931384	0.5271200416932516	trials	210420SL	p11	Z11111	121	0.0	0.0	8	1878.032942931384	1878.260062973077
1878.3132230103715	0.49712003618606104	trials	210420SL	p11	Z11111	357	11.0	315.0	12	1878.4632230103716	1878.6603430465575
1881.805583651472	0.5071200380216396	trials	210420SL	p11	Z11111	112	6.0	315.0	4	1881.9555836514721	1882.1627036894936
1882.215863726788	0.5271200416930242	trials	210420SL	p11	Z11111	73	12.0	180.0	4	1882.3658637267881	1882.592983768481
1882.6461438057756	0.49712003618583367	trials	210420SL	p11	Z11111	317	1.0	225.0	12	1882.7961438057757	1882.9932638419614
1884.9477042282783	0.4971200361856063	trials	210420SL	p11	Z11111	131	10.0	0.0	8	1885.0977042282784	1885.2948242644638
1885.357984303594	0.49712003618606104	trials	210420SL	p11	Z11111	177	11.0	135.0	8	1885.5079843035942	1885.70510433978
1885.7582643770745	0.5271200416930242	trials	210420SL	p11	Z11111	19	3.0	45.0	4	1885.9082643770746	1886.1353844187674
1886.188544456062	0.507120038021867	trials	210420SL	p11	Z11111	155	4.0	90.0	8	1886.338544456062	1886.5456644940837
1886.6288245368853	0.49712003618583367	trials	210420SL	p11	Z11111	237	11.0	315.0	8	1886.7788245368854	1886.975944573071
1887.0291046103653	0.49712003618606104	trials	210420SL	p11	Z11111	308	7.0	180.0	12	1887.1791046103654	1887.3762246465512
1887.4293846838457	0.5271200416932516	trials	210420SL	p11	Z11111	353	7.0	315.0	12	1887.5793846838458	1887.8065047255388
1891.0017853396394	0.5071200380216396	trials	210420SL	p11	Z11111	100	9.0	270.0	4	1891.1517853396394	1891.358905377661
1891.4120654149554	0.49712003618606104	trials	210420SL	p11	Z11111	7	6.0	0.0	4	1891.5620654149554	1891.7591854511413
1891.842345493943	0.5371200435288301	trials	210420SL	p11	Z11111	214	3.0	270.0	8	1891.992345493943	1892.2294655374717
1892.2826255747661	0.49712003618583367	trials	210420SL	p11	Z11111	65	4.0	180.0	4	1892.4326255747662	1892.6297456109519
1892.6829056482463	0.5271200416930242	trials	210420SL	p11	Z11111	137	1.0	45.0	8	1892.8329056482464	1893.0600256899393
1893.1131857272337	0.49712003618606104	trials	210420SL	p11	Z11111	167	1.0	135.0	8	1893.2631857272338	1893.4603057634197
1893.52346580255	0.5271600417004265	trials	210420SL	p11	Z11111	233	7.0	315.0	8	1893.67346580255	1893.9006258442503
1897.1159064620222	0.5071200380216396	trials	210420SL	p11	Z11111	53	7.0	135.0	4	1897.2659064620223	1897.4730265000437
1897.536186539174	0.49712003618606104	trials	210420SL	p11	Z11111	61	0.0	180.0	4	1897.686186539174	1897.88330657536
1897.9664666181613	0.49712003618606104	trials	210420SL	p11	Z11111	267	11.0	45.0	12	1898.1164666181614	1898.3135866543473
1898.3667466916418	0.49712003618583367	trials	210420SL	p11	Z11111	150	14.0	45.0	8	1898.5167466916419	1898.7138667278275
1898.7770267669578	0.5271200416930242	trials	210420SL	p11	Z11111	94	3.0	270.0	4	1898.9270267669579	1899.1541468086507
1899.2073068459451	0.49712003618606104	trials	210420SL	p11	Z11111	272	1.0	90.0	12	1899.3573068459452	1899.554426882131
1899.6075869194256	0.5271200416930242	trials	210420SL	p11	Z11111	14	13.0	0.0	4	1899.7575869194256	1899.9847069611185
1903.3401076046127	0.5070800380142373	trials	210420SL	p11	Z11111	46	0.0	135.0	4	1903.4901076046128	1903.697187642627
1903.7503476799213	0.5071200380216396	trials	210420SL	p11	Z11111	236	10.0	315.0	8	1903.9003476799214	1904.1074677179429
1904.1606277552373	0.5271600417004265	trials	210420SL	p11	Z11111	160	9.0	90.0	8	1904.3106277552374	1904.5377877969377
1904.590947834232	0.4970800361786587	trials	210420SL	p11	Z11111	23	7.0	45.0	4	1904.7409478342322	1904.9380278704107
1904.9911879077051	0.5271600417006539	trials	210420SL	p11	Z11111	71	10.0	180.0	4	1905.1411879077052	1905.3683479494057
1905.4315079885357	0.4970800361786587	trials	210420SL	p11	Z11111	288	2.0	135.0	12	1905.5815079885358	1905.7785880247143
1905.8517880656873	0.507120038021867	trials	210420SL	p11	Z11111	124	3.0	0.0	8	1906.0017880656874	1906.208908103709
1909.2440686884158	0.507120038021867	trials	210420SL	p11	Z11111	48	2.0	135.0	4	1909.394068688416	1909.6011887264376
1909.654348763732	0.5071200380216396	trials	210420SL	p11	Z11111	45	14.0	90.0	4	1909.8043487637322	1910.0114688017536
1910.0946288445552	0.49712003618606104	trials	210420SL	p11	Z11111	122	1.0	0.0	8	1910.2446288445553	1910.4417488807412
1910.4949089180357	0.5271200416930242	trials	210420SL	p11	Z11111	263	7.0	45.0	12	1910.6449089180358	1910.8720289597286
1910.925188997023	0.49712003618583367	trials	210420SL	p11	Z11111	242	1.0	0.0	12	1911.0751889970231	1911.2723090332088
1911.335469072339	0.49712003618583367	trials	210420SL	p11	Z11111	108	2.0	315.0	4	1911.4854690723391	1911.6825891085248
1911.7657491513264	0.49712003618606104	trials	210420SL	p11	Z11111	252	11.0	0.0	12	1911.9157491513265	1912.1128691875124
1915.33814980712	0.5071200380216396	trials	210420SL	p11	Z11111	58	12.0	135.0	4	1915.4881498071202	1915.6952698451416
1915.748429882436	0.49712003618606104	trials	210420SL	p11	Z11111	320	4.0	225.0	12	1915.8984298824362	1916.095549918622
1916.1487099559163	0.5271200416932516	trials	210420SL	p11	Z11111	41	10.0	90.0	4	1916.2987099559164	1916.5258299976094
1916.5789900349039	0.49712003618583367	trials	210420SL	p11	Z11111	345	14.0	270.0	12	1916.728990034904	1916.9261100710896
1916.9792701083843	0.5071200380216396	trials	210420SL	p11	Z11111	350	4.0	315.0	12	1917.1292701083844	1917.3363901464058
1917.3895501837003	0.5271200416930242	trials	210420SL	p11	Z11111	85	9.0	225.0	4	1917.5395501837004	1917.7666702253932
1917.819830262688	0.4971200361856063	trials	210420SL	p11	Z11111	51	5.0	135.0	4	1917.969830262688	1918.1669502988734
1921.3722309148097	0.5071200380216396	trials	210420SL	p11	Z11111	322	6.0	225.0	12	1921.5222309148098	1921.7293509528313
1921.7825109901257	0.49712003618606104	trials	210420SL	p11	Z11111	163	12.0	90.0	8	1921.9325109901258	1922.1296310263117
1922.1827910636061	0.5271200416932516	trials	210420SL	p11	Z11111	201	5.0	225.0	8	1922.3327910636062	1922.5599111052993
1922.6230711444293	0.49712003618606104	trials	210420SL	p11	Z11111	349	3.0	315.0	12	1922.7730711444294	1922.9701911806153
1923.053351223417	0.49712003618583367	trials	210420SL	p11	Z11111	171	5.0	135.0	8	1923.203351223417	1923.4004712596027
1923.4536312968971	0.49712003618583367	trials	210420SL	p11	Z11111	114	8.0	315.0	4	1923.6036312968972	1923.8007513330829
1923.8939113777203	0.49712003618606104	trials	210420SL	p11	Z11111	135	14.0	0.0	8	1924.0439113777204	1924.2410314139063
1927.3362320096348	0.5171200398574456	trials	210420SL	p11	Z11111	193	12.0	180.0	8	1927.486232009635	1927.7033520494922
1930.1981525350038	0.5071200380216396	trials	210420SL	p11	Z11111	72	11.0	180.0	4	1930.348152535004	1930.5552725730254
1932.8299530181293	0.507120038021867	trials	210420SL	p11	Z11111	27	11.0	45.0	4	1932.9799530181294	1933.1870730561511
1933.2402330934456	0.49708003617843133	trials	210420SL	p11	Z11111	180	14.0	135.0	8	1933.3902330934457	1933.587313129624
1933.6404731669184	0.5271600417004265	trials	210420SL	p11	Z11111	123	2.0	0.0	8	1933.7904731669184	1934.0176332086187
1934.0707932459131	0.5070800380144647	trials	210420SL	p11	Z11111	3	2.0	0.0	4	1934.2207932459132	1934.4278732839275
1934.481033321222	0.5271600417004265	trials	210420SL	p11	Z11111	32	1.0	90.0	4	1934.631033321222	1934.8581933629223
1934.9113534002167	0.4970800361786587	trials	210420SL	p11	Z11111	275	4.0	90.0	12	1935.0613534002168	1935.2584334363953
1935.3115934736898	0.5271600417004265	trials	210420SL	p11	Z11111	119	13.0	315.0	4	1935.4615934736898	1935.68875351539
1939.1141541717343	0.5071200380216396	trials	210420SL	p11	Z11111	289	3.0	135.0	12	1939.2641541717344	1939.4712742097558
1939.5244342470503	0.49712003618583367	trials	210420SL	p11	Z11111	310	9.0	180.0	12	1939.6744342470504	1939.871554283236
1939.9347143223663	0.5271200416930242	trials	210420SL	p11	Z11111	64	3.0	180.0	4	1940.0847143223664	1940.3118343640592
1940.364994401354	0.49712003618583367	trials	210420SL	p11	Z11111	243	2.0	0.0	12	1940.514994401354	1940.7121144375396
1944.0474750773549	0.507120038021867	trials	210420SL	p11	Z11111	186	5.0	180.0	8	1944.197475077355	1944.4045951153767
1944.457755152671	0.49712003618583367	trials	210420SL	p11	Z11111	358	12.0	315.0	12	1944.6077551526712	1944.8048751888568
1944.868035227987	0.49712003618606104	trials	210420SL	p11	Z11111	330	14.0	225.0	12	1945.0180352279872	1945.215155264173
1945.2983153069747	0.4971200361856063	trials	210420SL	p11	Z11111	189	8.0	180.0	8	1945.4483153069748	1945.6454353431602
1945.6985953804547	0.49712003618606104	trials	210420SL	p11	Z11111	63	2.0	180.0	4	1945.8485953804548	1946.0457154166406
1946.098875453935	0.5271200416932516	trials	210420SL	p11	Z11111	312	11.0	180.0	12	1946.2488754539352	1946.4759954956282
1946.5391555347583	0.49712003618606104	trials	210420SL	p11	Z11111	279	8.0	90.0	12	1946.6891555347584	1946.8862755709442
1949.971476164837	0.5071200380216396	trials	210420SL	p11	Z11111	311	10.0	180.0	12	1950.121476164837	1950.3285962028585
1950.3817562401532	0.49712003618583367	trials	210420SL	p11	Z11111	284	13.0	90.0	12	1950.5317562401533	1950.728876276339
1950.7820363136334	0.4970800361786587	trials	210420SL	p11	Z11111	7	6.0	0.0	4	1950.9320363136335	1951.129116349812
1951.1923163889496	0.5271200416930242	trials	210420SL	p11	Z11111	331	0.0	270.0	12	1951.3423163889497	1951.5694364306426
1951.6225964679368	0.5271200416932516	trials	210420SL	p11	Z11111	320	4.0	225.0	12	1951.7725964679369	1951.99971650963
1952.0528765469244	0.49712003618606104	trials	210420SL	p11	Z11111	267	11.0	45.0	12	1952.2028765469245	1952.3999965831104
1952.4531566204048	0.5071200380216396	trials	210420SL	p11	Z11111	318	2.0	225.0	12	1952.603156620405	1952.8102766584263
1956.0955972890558	0.4971200361856063	trials	210420SL	p11	Z11111	29	13.0	45.0	4	1956.245597289056	1956.4427173252413
1956.5158773662074	0.5071200380216396	trials	210420SL	p11	Z11111	261	5.0	45.0	12	1956.6658773662075	1956.872997404229
1956.9561574470306	0.49712003618606104	trials	210420SL	p11	Z11111	91	0.0	270.0	4	1957.1061574470307	1957.3032774832166
1957.356437520511	0.49712003618583367	trials	210420SL	p11	Z11111	101	10.0	270.0	4	1957.506437520511	1957.7035575566968
1957.7567175939914	0.49712003618583367	trials	210420SL	p11	Z11111	57	11.0	135.0	4	1957.9067175939915	1958.1038376301772
1958.1869976729788	0.5071200380214123	trials	210420SL	p11	Z11111	340	9.0	270.0	12	1958.336997672979	1958.5441177110001
1958.5972777482948	0.5271600417004265	trials	210420SL	p11	Z11111	357	11.0	315.0	12	1958.747277748295	1958.9744377899951
1962.0796383875595	0.5071200380216396	trials	210420SL	p11	Z11111	11	10.0	0.0	4	1962.2296383875596	1962.436758425581
1962.4899184628755	0.5271200416930242	trials	210420SL	p11	Z11111	140	4.0	45.0	8	1962.6399184628756	1962.8670385045684
1962.920198541863	0.5071200380216396	trials	210420SL	p11	Z11111	87	11.0	225.0	4	1963.0701985418632	1963.2773185798846
1963.330478617179	0.49712003618606104	trials	210420SL	p11	Z11111	34	3.0	90.0	4	1963.4804786171792	1963.677598653365
1963.7607586961665	0.49712003618583367	trials	210420SL	p11	Z11111	36	5.0	90.0	4	1963.9107586961666	1964.1078787323522
1964.1610387696467	0.4970800361788861	trials	210420SL	p11	Z11111	201	5.0	225.0	8	1964.3110387696468	1964.5081188058255
1964.6013188504699	0.49712003618606104	trials	210420SL	p11	Z11111	161	10.0	90.0	8	1964.75131885047	1964.9484388866558
1968.0536394842202	0.507120038021867	trials	210420SL	p11	Z11111	55	9.0	135.0	4	1968.2036394842203	1968.410759522242
1968.4639195595362	0.49712003618583367	trials	210420SL	p11	Z11111	300	14.0	135.0	12	1968.6139195595363	1968.811039595722
1968.8641996330166	0.49712003618583367	trials	210420SL	p11	Z11111	314	13.0	180.0	12	1969.0141996330167	1969.2113196692023
1969.294479712004	0.49712003618606104	trials	210420SL	p11	Z11111	179	13.0	135.0	8	1969.444479712004	1969.64159974819
1969.6947597854844	0.5071200380216396	trials	210420SL	p11	Z11111	303	2.0	180.0	12	1969.8447597854845	1970.051879823506
1970.1050398608002	0.5271200416932516	trials	210420SL	p11	Z11111	243	2.0	0.0	12	1970.2550398608003	1970.4821599024933
1970.5353199397878	0.49712003618606104	trials	210420SL	p11	Z11111	12	11.0	0.0	4	1970.6853199397879	1970.8824399759737
1974.137760601096	0.49708003617843133	trials	210420SL	p11	Z11111	287	1.0	135.0	12	1974.2877606010961	1974.4848406372744
1974.5680406800834	0.49712003618583367	trials	210420SL	p11	Z11111	127	6.0	0.0	8	1974.7180406800835	1974.9151607162692
1974.9683207535636	0.4970800361786587	trials	210420SL	p11	Z11111	187	6.0	180.0	8	1975.1183207535637	1975.3154007897422
1975.3986008325512	0.49712003618583367	trials	210420SL	p11	Z11111	263	7.0	45.0	12	1975.5486008325513	1975.745720868737
1975.7988809060314	0.5371200435288301	trials	210420SL	p11	Z11111	90	14.0	225.0	4	1975.9488809060315	1976.1860009495601
1976.2391609868548	0.49712003618583367	trials	210420SL	p11	Z11111	353	7.0	315.0	12	1976.389160986855	1976.5862810230406
1976.6694410658422	0.49712003618583367	trials	210420SL	p11	Z11111	42	11.0	90.0	4	1976.8194410658423	1977.016561102028
1982.1131220651507	0.5171200398574456	trials	210420SL	p11	Z11111	111	5.0	315.0	4	1982.2631220651508	1982.480242105008
1982.5334021423025	0.5271200416932516	trials	210420SL	p11	Z11111	77	1.0	225.0	4	1982.6834021423026	1982.9105221839957
1982.9937222268045	0.4970800361786587	trials	210420SL	p11	Z11111	292	6.0	135.0	12	1983.1437222268046	1983.340802262983
1983.3939623002775	0.5071200380216396	trials	210420SL	p11	Z11111	180	14.0	135.0	8	1983.5439623002776	1983.751082338299
1983.834282381108	0.49712003618606104	trials	210420SL	p11	Z11111	146	10.0	45.0	8	1983.9842823811082	1984.181402417294
1984.2345224545809	0.5271600417006539	trials	210420SL	p11	Z11111	262	6.0	45.0	12	1984.384522454581	1984.6116824962814
1984.6648425335757	0.49712003618606104	trials	210420SL	p11	Z11111	177	11.0	135.0	8	1984.8148425335758	1985.0119625697616
1988.1471631728332	0.5171200398574456	trials	210420SL	p11	Z11111	223	12.0	270.0	8	1988.2971631728333	1988.5142832126905
1988.567443249985	0.49712003618606104	trials	210420SL	p11	Z11111	198	2.0	225.0	8	1988.717443249985	1988.914563286171
1988.9977633289798	0.4970800361786587	trials	210420SL	p11	Z11111	336	5.0	270.0	12	1989.1477633289799	1989.3448433651583
1989.3980034024526	0.5371600435364599	trials	210420SL	p11	Z11111	60	14.0	135.0	4	1989.5480034024527	1989.785163445989
1989.8383234832834	0.49712003618583367	trials	210420SL	p11	Z11111	182	1.0	180.0	8	1989.9883234832835	1990.1854435194691
1990.2686035622708	0.49712003618583367	trials	210420SL	p11	Z11111	271	0.0	90.0	12	1990.4186035622708	1990.6157235984565
1990.668883635751	0.5071200380216396	trials	210420SL	p11	Z11111	95	4.0	270.0	4	1990.818883635751	1991.0260036737725
1994.2112442860303	0.5071200380216396	trials	210420SL	p11	Z11111	200	4.0	225.0	8	1994.3612442860303	1994.5683643240518
1994.621524361346	0.49712003618606104	trials	210420SL	p11	Z11111	48	2.0	135.0	4	1994.771524361346	1994.968644397532
1995.0518044403336	0.49712003618583367	trials	210420SL	p11	Z11111	1	0.0	0.0	4	1995.2018044403337	1995.3989244765194
1995.4520845138138	0.49712003618606104	trials	210420SL	p11	Z11111	272	1.0	90.0	12	1995.602084513814	1995.7992045499998
1995.86236458913	0.5271200416930242	trials	210420SL	p11	Z11111	37	6.0	90.0	4	1996.0123645891301	1996.239484630823
1996.2926446681174	0.49712003618583367	trials	210420SL	p11	Z11111	274	3.0	90.0	12	1996.4426446681175	1996.6397647043032
1996.7229647471122	0.4970800361786587	trials	210420SL	p11	Z11111	65	4.0	180.0	4	1996.8729647471123	1997.0700447832908
2000.24532539372	0.5071200380216396	trials	210420SL	p11	Z11111	294	8.0	135.0	12	2000.39532539372	2000.6024454317414
2000.655605469036	0.49712003618606104	trials	210420SL	p11	Z11111	25	9.0	45.0	4	2000.805605469036	2001.0027255052219
2001.055845542509	0.5071600380288146	trials	210420SL	p11	Z11111	158	7.0	90.0	8	2001.205845542509	2001.4130055805376
2001.4961656233393	0.49712003618606104	trials	210420SL	p11	Z11111	295	9.0	135.0	12	2001.6461656233394	2001.8432856595252
2001.8964456968197	0.5271200416930242	trials	210420SL	p11	Z11111	62	1.0	180.0	4	2002.0464456968198	2002.2735657385126
2002.326725775807	0.49712003618606104	trials	210420SL	p11	Z11111	139	3.0	45.0	8	2002.4767257758072	2002.673845811993
2002.7370058511233	0.5271200416930242	trials	210420SL	p11	Z11111	246	5.0	0.0	12	2002.8870058511234	2003.1141258928162
2006.349446514267	0.5071200380216396	trials	210420SL	p11	Z11111	181	0.0	180.0	8	2006.499446514267	2006.7065665522885
2006.759726589583	0.4970800361786587	trials	210420SL	p11	Z11111	0			0	2006.909726589583	2007.1068066257615
2007.159966663056	0.5271600417006539	trials	210420SL	p11	Z11111	329	13.0	225.0	12	2007.309966663056	2007.5371267047565
2007.6002867438865	0.4970800361786587	trials	210420SL	p11	Z11111	22	6.0	45.0	4	2007.7502867438866	2007.947366780065
2008.0005268173595	0.5271600417004265	trials	210420SL	p11	Z11111	235	9.0	315.0	8	2008.1505268173596	2008.3776868590598
2008.4308468963543	0.4970800361786587	trials	210420SL	p11	Z11111	56	10.0	135.0	4	2008.5808468963544	2008.7779269325329
2008.8411269716703	0.4970800361786587	trials	210420SL	p11	Z11111	289	3.0	135.0	12	2008.9911269716704	2009.1882070078489
2012.4835676403213	0.5071200380216396	trials	210420SL	p11	Z11111	53	7.0	135.0	4	2012.6335676403214	2012.8406876783429
2012.903847717473	0.5271200416932516	trials	210420SL	p11	Z11111	350	4.0	315.0	12	2013.053847717473	2013.280967759166
2013.3341277964605	0.49712003618606104	trials	210420SL	p11	Z11111	107	1.0	315.0	4	2013.4841277964606	2013.6812478326465
2013.764407875448	0.49712003618606104	trials	210420SL	p11	Z11111	360	14.0	315.0	12	2013.914407875448	2014.1115279116339
2016.1060083053007	0.49712003618606104	trials	210420SL	p11	Z11111	358	12.0	315.0	12	2016.2560083053008	2016.4531283414867
2016.516288380617	0.49708003617843133	trials	210420SL	p11	Z11111	130	9.0	0.0	8	2016.666288380617	2016.8633684167953
2016.9465684596044	0.49712003618606104	trials	210420SL	p11	Z11111	134	13.0	0.0	8	2017.0965684596044	2017.2936884957903
2017.3468485330845	0.4970800361786587	trials	210420SL	p11	Z11111	211	0.0	270.0	8	2017.4968485330846	2017.693928569263
2017.7571286084005	0.5171200398574456	trials	210420SL	p11	Z11111	92	1.0	270.0	4	2017.9071286084006	2018.124248648258
2018.1874086873881	0.49712003618606104	trials	210420SL	p11	Z11111	236	10.0	315.0	8	2018.3374086873882	2018.534528723574
2018.587648760861	0.5271600417006539	trials	210420SL	p11	Z11111	204	8.0	225.0	8	2018.737648760861	2018.9648088025615
2022.160089416662	0.4970800361786587	trials	210420SL	p11	Z11111	183	2.0	180.0	8	2022.310089416662	2022.5071694528406
2022.5703294919706	0.49712003618606104	trials	210420SL	p11	Z11111	10	9.0	0.0	4	2022.7203294919707	2022.9174495281566
2023.0006495709654	0.49712003618606104	trials	210420SL	p11	Z11111	117	11.0	315.0	4	2023.1506495709655	2023.3477696071513
2023.4008896444384	0.5071200380216396	trials	210420SL	p11	Z11111	102	11.0	270.0	4	2023.5508896444385	2023.75800968246
2023.8111697197544	0.507120038021867	trials	210420SL	p11	Z11111	6	5.0	0.0	4	2023.9611697197545	2024.1682897577762
2024.2514898005852	0.5271200416927968	trials	210420SL	p11	Z11111	81	5.0	225.0	4	2024.4014898005853	2024.628609842278
2026.6730902451236	0.49712003618606104	trials	210420SL	p11	Z11111	47	1.0	135.0	4	2026.8230902451237	2027.0202102813096
2027.073370318604	0.5071200380216396	trials	210420SL	p11	Z11111	45	14.0	90.0	4	2027.223370318604	2027.4304903566256
2027.5136903994344	0.5271200416932516	trials	210420SL	p11	Z11111	346	0.0	315.0	12	2027.6636903994345	2027.8908104411275
2027.9639704820934	0.49712003618606104	trials	210420SL	p11	Z11111	46	0.0	135.0	4	2028.1139704820935	2028.3110905182793
2028.394250561081	0.5471600453718111	trials	210420SL	p11	Z11111	113	7.0	315.0	4	2028.544250561081	2028.7914106064527
2028.8746106492617	0.5171200398574456	trials	210420SL	p11	Z11111	89	13.0	225.0	4	2029.0246106492618	2029.241730689119
2029.314890730085	0.5171200398572182	trials	210420SL	p11	Z11111	196	0.0	225.0	8	2029.464890730085	2029.682010769942
2032.9573313987357	0.5171200398574456	trials	210420SL	p11	Z11111	338	7.0	270.0	12	2033.1073313987358	2033.324451438593
2033.3976514795663	0.4970800361786587	trials	210420SL	p11	Z11111	277	6.0	90.0	12	2033.5476514795664	2033.744731515745
2033.7978915530393	0.5071200380216396	trials	210420SL	p11	Z11111	21	5.0	45.0	4	2033.9478915530394	2034.1550115910609
2034.2081716283556	0.5271600417001991	trials	210420SL	p11	Z11111	228	2.0	315.0	8	2034.3581716283556	2034.5853316700557
2036.920012126174	0.5071200380216396	trials	210420SL	p11	Z11111	124	3.0	0.0	8	2037.070012126174	2037.2771321641956
2037.33029220149	0.5271200416930242	trials	210420SL	p11	Z11111	217	6.0	270.0	8	2037.48029220149	2037.707412243183
2037.7705722823132	0.49712003618583367	trials	210420SL	p11	Z11111	356	10.0	315.0	12	2037.9205722823133	2038.117692318499
2038.2008523613006	0.49712003618606104	trials	210420SL	p11	Z11111	17	1.0	45.0	4	2038.3508523613007	2038.5479723974865
2038.601132434781	0.5271600417004265	trials	210420SL	p11	Z11111	97	6.0	270.0	4	2038.751132434781	2038.9782924764813
2039.0514525174472	0.49712003618606104	trials	210420SL	p11	Z11111	206	10.0	225.0	8	2039.2014525174473	2039.3985725536331
2039.4517325909276	0.5271200416930242	trials	210420SL	p11	Z11111	112	6.0	315.0	4	2039.6017325909277	2039.8288526326205
2043.1642132724357	0.49712003618606104	trials	210420SL	p11	Z11111	323	7.0	225.0	12	2043.3142132724358	2043.5113333086217
2043.5644933459162	0.5071200380216396	trials	210420SL	p11	Z11111	299	13.0	135.0	12	2043.7144933459163	2043.9216133839377
2043.9947734249038	0.5071200380216396	trials	210420SL	p11	Z11111	332	1.0	270.0	12	2044.1447734249039	2044.3518934629253
2044.435053505727	0.49712003618606104	trials	210420SL	p11	Z11111	50	4.0	135.0	4	2044.585053505727	2044.782173541913
2044.8353335792071	0.5371600435362325	trials	210420SL	p11	Z11111	221	10.0	270.0	8	2044.9853335792072	2045.2224936227433
2045.2856536618735	0.5071200380216396	trials	210420SL	p11	Z11111	145	9.0	45.0	8	2045.4356536618736	2045.642773699895
2045.6959337371895	0.5271200416932516	trials	210420SL	p11	Z11111	80	4.0	225.0	4	2045.8459337371896	2046.0730537788827
2049.3583744095117	0.5271600417008813	trials	210420SL	p11	Z11111	18	2.0	45.0	4	2049.508374409512	2049.7355344512125
2049.8086944921783	0.4971200361856063	trials	210420SL	p11	Z11111	170	4.0	135.0	8	2049.9586944921784	2050.155814528364
2050.208934565651	0.5271600417008813	trials	210420SL	p11	Z11111	298	12.0	135.0	12	2050.358934565651	2050.5860946073517
2050.639254644646	0.49712003618606104	trials	210420SL	p11	Z11111	26	10.0	45.0	4	2050.789254644646	2050.986374680832
2051.039494718119	0.5371600435364599	trials	210420SL	p11	Z11111	307	6.0	180.0	12	2051.189494718119	2051.4266547616553
2051.499814802621	0.49712003618606104	trials	210420SL	p11	Z11111	241	0.0	0.0	12	2051.649814802621	2051.846934838807
2051.9000948761013	0.5271200416932516	trials	210420SL	p11	Z11111	326	10.0	225.0	12	2052.0500948761014	2052.2772149177945
2055.4024555190376	0.5171200398572182	trials	210420SL	p11	Z11111	242	1.0	0.0	12	2055.5524555190377	2055.7695755588948
2055.8427355998606	0.49712003618606104	trials	210420SL	p11	Z11111	203	7.0	225.0	8	2055.9927355998607	2056.1898556360466
2058.4644960811434	0.49712003618515155	trials	210420SL	p11	Z11111	234	8.0	315.0	8	2058.6144960811434	2058.8116161173284
2058.8847761582947	0.4971200361856063	trials	210420SL	p11	Z11111	69	8.0	180.0	4	2059.034776158295	2059.23189619448
2059.2950562336105	0.5271600417008813	trials	210420SL	p11	Z11111	355	9.0	315.0	12	2059.4450562336106	2059.6722162753113
2059.745376316277	0.49712003618606104	trials	210420SL	p11	Z11111	8	7.0	0.0	4	2059.895376316277	2060.092496352463
2060.1456563897573	0.5271200416932516	trials	210420SL	p11	Z11111	213	2.0	270.0	8	2060.2956563897574	2060.5227764314504
2060.5959364724163	0.49712003618606104	trials	210420SL	p11	Z11111	59	13.0	135.0	4	2060.7459364724164	2060.9430565086022
2060.996216545897	0.4971200361856063	trials	210420SL	p11	Z11111	222	11.0	270.0	8	2061.146216545897	2061.3433365820824
2064.5085771906683	0.5071200380216396	trials	210420SL	p11	Z11111	104	13.0	270.0	4	2064.6585771906684	2064.86569722869
2064.92885726782	0.5271600417004265	trials	210420SL	p11	Z11111	327	11.0	225.0	12	2065.0788572678202	2065.3060173095205
2065.3791773504863	0.49712003618606104	trials	210420SL	p11	Z11111	278	7.0	90.0	12	2065.5291773504864	2065.7262973866723
2065.7794174239593	0.49712003618606104	trials	210420SL	p11	Z11111	209	13.0	225.0	8	2065.9294174239594	2066.1265374601453
2066.2097375029543	0.4971200361856063	trials	210420SL	p11	Z11111	162	11.0	90.0	8	2066.3597375029544	2066.55685753914
2066.62001757827	0.5271200416937063	trials	210420SL	p11	Z11111	321	5.0	225.0	12	2066.77001757827	2066.9971376199637
2067.070297660929	0.49712003618606104	trials	210420SL	p11	Z11111	184	3.0	180.0	8	2067.220297660929	2067.417417697115
2070.512618292844	0.5271200416927968	trials	210420SL	p11	Z11111	122	1.0	0.0	8	2070.662618292844	2070.8897383345366
2070.9629383755096	0.49712003618606104	trials	210420SL	p11	Z11111	116	10.0	315.0	4	2071.1129383755097	2071.3100584116955
2071.363178448983	0.5271600416999718	trials	210420SL	p11	Z11111	322	6.0	225.0	12	2071.513178448983	2071.740338490683
2071.7934985279776	0.5071200380216396	trials	210420SL	p11	Z11111	273	2.0	90.0	12	2071.9434985279777	2072.150618565999
2072.203778603294	0.5271200416927968	trials	210420SL	p11	Z11111	317	1.0	225.0	12	2072.353778603294	2072.5808986449865
2072.654058685953	0.4971200361856063	trials	210420SL	p11	Z11111	167	1.0	135.0	8	2072.804058685953	2073.0011787221383
2073.054338759433	0.49712003618606104	trials	210420SL	p11	Z11111	16	0.0	45.0	4	2073.204338759433	2073.401458795619
2076.606739411555	0.5071200380216396	trials	210420SL	p11	Z11111	173	7.0	135.0	8	2076.756739411555	2076.9638594495764
2077.0370194905427	0.4971200361856063	trials	210420SL	p11	Z11111	237	11.0	315.0	8	2077.1870194905428	2077.384139526728
2077.46729956953	0.49712003618606104	trials	210420SL	p11	Z11111	315	14.0	180.0	12	2077.61729956953	2077.814419605716
2077.8675796430102	0.49712003618606104	trials	210420SL	p11	Z11111	103	12.0	270.0	4	2078.0175796430103	2078.214699679196
2078.307859723833	0.49712003618606104	trials	210420SL	p11	Z11111	126	5.0	0.0	8	2078.4578597238333	2078.654979760019
2078.7381798028287	0.4970800361779766	trials	210420SL	p11	Z11111	13	12.0	0.0	4	2078.8881798028287	2079.0852598390065
2079.138419876301	0.5371600435364599	trials	210420SL	p11	Z11111	75	14.0	180.0	4	2079.2884198763013	2079.5255799198376
2082.93098057251	0.49712003618606104	trials	210420SL	p11	Z11111	108	2.0	315.0	4	2083.0809805725103	2083.278100608696
2083.3412606478264	0.5271200416927968	trials	210420SL	p11	Z11111	257	1.0	45.0	12	2083.4912606478265	2083.718380689519
2083.7915807304926	0.49708003617843133	trials	210420SL	p11	Z11111	212	1.0	270.0	8	2083.9415807304927	2084.138660766671
2084.1918208039656	0.5271600416999718	trials	210420SL	p11	Z11111	316	0.0	225.0	12	2084.3418208039657	2084.5689808456655
2084.62214088296	0.4970800361788861	trials	210420SL	p11	Z11111	121	0.0	0.0	8	2084.7721408829602	2084.969220919139
2085.0323809582687	0.5271600417004265	trials	210420SL	p11	Z11111	129	8.0	0.0	8	2085.182380958269	2085.409540999969
2085.482701040935	0.49712003618606104	trials	210420SL	p11	Z11111	330	14.0	225.0	12	2085.632701040935	2085.829821077121
2088.9850616838717	0.5171200398572182	trials	210420SL	p11	Z11111	165	14.0	90.0	8	2089.1350616838718	2089.352181723729
2089.4053417610235	0.4971200361856063	trials	210420SL	p11	Z11111	160	9.0	90.0	8	2089.5553417610236	2089.752461797209
2089.8156218363392	0.5271200416927968	trials	210420SL	p11	Z11111	344	13.0	270.0	12	2089.9656218363393	2090.192741878032
2090.2659419190054	0.49708003617843133	trials	210420SL	p11	Z11111	341	10.0	270.0	12	2090.4159419190055	2090.6130219551837
2093.227902462739	0.5271600417004265	trials	210420SL	p11	Z11111	78	2.0	225.0	4	2093.3779024627393	2093.6050625044395
2093.6782225454053	0.49712003618606104	trials	210420SL	p11	Z11111	280	9.0	90.0	12	2093.8282225454054	2094.0253425815913
2094.108502624393	0.4971200361856063	trials	210420SL	p11	Z11111	138	2.0	45.0	8	2094.2585026243933	2094.4556226605787
2094.508782697873	0.49712003618606104	trials	210420SL	p11	Z11111	49	3.0	135.0	4	2094.658782697873	2094.855902734059
2094.9490627786963	0.49712003618606104	trials	210420SL	p11	Z11111	224	13.0	270.0	8	2095.0990627786964	2095.2961828148823
2095.3493428521765	0.5271200416932516	trials	210420SL	p11	Z11111	202	6.0	225.0	8	2095.4993428521766	2095.7264628938697
2095.799662934843	0.49708003617843133	trials	210420SL	p11	Z11111	28	12.0	45.0	4	2095.949662934843	2096.1467429710215
2099.422063599815	0.5171600398648479	trials	210420SL	p11	Z11111	106	0.0	315.0	4	2099.572063599815	2099.7892236396797
2099.8423836769744	0.5371200435288301	trials	210420SL	p11	Z11111	30	14.0	45.0	4	2099.9923836769744	2100.229503720503
2100.2826637577978	0.49712003618515155	trials	210420SL	p11	Z11111	72	11.0	180.0	4	2100.432663757798	2100.629783793983
2100.6829438312775	0.5271200416932516	trials	210420SL	p11	Z11111	9	8.0	0.0	4	2100.8329438312776	2101.0600638729707
2101.113223910265	0.49712003618606104	trials	210420SL	p11	Z11111	248	7.0	0.0	12	2101.263223910265	2101.460343946451
2101.5135039837455	0.5371200435288301	trials	210420SL	p11	Z11111	93	2.0	270.0	4	2101.6635039837456	2101.9006240272743
2101.97378406824	0.49712003618606104	trials	210420SL	p11	Z11111	128	7.0	0.0	8	2102.12378406824	2102.320904104426
2105.5562247258767	0.5071200380216396	trials	210420SL	p11	Z11111	245	4.0	0.0	12	2105.706224725877	2105.9133447638983
2105.986504804864	0.49712003618606104	trials	210420SL	p11	Z11111	135	14.0	0.0	8	2106.136504804864	2106.33362484105
2106.416784883852	0.49712003618606104	trials	210420SL	p11	Z11111	40	9.0	90.0	4	2106.566784883852	2106.763904920038
2106.817064957332	0.5371200435288301	trials	210420SL	p11	Z11111	269	13.0	45.0	12	2106.9670649573322	2107.204185000861
2107.2673850399983	0.5071200380216396	trials	210420SL	p11	Z11111	216	5.0	270.0	8	2107.4173850399984	2107.62450507802
2107.677625115307	0.5271600417004265	trials	210420SL	p11	Z11111	227	1.0	315.0	8	2107.827625115307	2108.0547851570072
2108.107945194302	0.4971200361856063	trials	210420SL	p11	Z11111	190	9.0	180.0	8	2108.257945194302	2108.4550652304874
2111.590265833559	0.5071200380220944	trials	210420SL	p11	Z11111	268	12.0	45.0	12	2111.740265833559	2111.947385871581
2112.020545912547	0.49712003618606104	trials	210420SL	p11	Z11111	301	0.0	180.0	12	2112.170545912547	2112.367665948733
2112.4308259878626	0.49712003618606104	trials	210420SL	p11	Z11111	31	0.0	90.0	4	2112.5808259878627	2112.7779460240486
2112.8611460668576	0.49708003617843133	trials	210420SL	p11	Z11111	71	10.0	180.0	4	2113.0111460668577	2113.208226103036
2113.291426145845	0.49712003618606104	trials	210420SL	p11	Z11111	132	11.0	0.0	8	2113.441426145845	2113.638546182031
2113.6917062193256	0.5371200435283754	trials	210420SL	p11	Z11111	44	13.0	90.0	4	2113.8417062193257	2114.078826262854
2114.141986301984	0.5071200380216396	trials	210420SL	p11	Z11111	166	0.0	135.0	8	2114.2919863019843	2114.4991063400057
2117.6843869522704	0.5171200398572182	trials	210420SL	p11	Z11111	110	4.0	315.0	4	2117.8343869522705	2118.0515069921275
2118.124667033094	0.4971200361856063	trials	210420SL	p11	Z11111	220	9.0	270.0	8	2118.274667033094	2118.4717870692793
2118.5349471084096	0.49712003618606104	trials	210420SL	p11	Z11111	232	6.0	315.0	8	2118.6849471084097	2118.8820671445956
2118.965227187397	0.49712003618606104	trials	210420SL	p11	Z11111	335	4.0	270.0	12	2119.115227187397	2119.312347223583
2119.3655072608776	0.5271200416927968	trials	210420SL	p11	Z11111	169	3.0	135.0	8	2119.5155072608777	2119.7426273025703
2119.795787339865	0.49712003618606104	trials	210420SL	p11	Z11111	15	14.0	0.0	4	2119.945787339865	2120.142907376051
2122.247467789926	0.5071200380216396	trials	210420SL	p11	Z11111	176	10.0	135.0	8	2122.397467789926	2122.6045878279474
2122.677747868913	0.49712003618606104	trials	210420SL	p11	Z11111	159	8.0	90.0	8	2122.827747868913	2123.0248679050987
2123.078027942393	0.5271200416937063	trials	210420SL	p11	Z11111	84	8.0	225.0	4	2123.228027942393	2123.4551479840866
2123.508308021381	0.5071200380216396	trials	210420SL	p11	Z11111	188	7.0	180.0	8	2123.658308021381	2123.8654280594023
2123.9185880966966	0.5271200416937063	trials	210420SL	p11	Z11111	67	6.0	180.0	4	2124.0685880966967	2124.29570813839
2124.3488681756844	0.5271200416932516	trials	210420SL	p11	Z11111	109	3.0	315.0	4	2124.4988681756845	2124.7259882173776
2124.7991882583506	0.49708003617843133	trials	210420SL	p11	Z11111	137	1.0	45.0	8	2124.9491882583507	2125.146268294529
2128.2414688902577	0.49712003618606104	trials	210420SL	p11	Z11111	5	4.0	0.0	4	2128.391468890258	2128.5885889264437
2128.6617489674095	0.49712003618606104	trials	210420SL	p11	Z11111	250	9.0	0.0	12	2128.8117489674096	2129.0088690035955
2129.06202904089	0.5071200380211849	trials	210420SL	p11	Z11111	2	1.0	0.0	4	2129.2120290408902	2129.4191490789112
2129.5023491217203	0.49708003617843133	trials	210420SL	p11	Z11111	14	13.0	0.0	4	2129.6523491217204	2129.8494291578986
2129.9025891951933	0.5271600417004265	trials	210420SL	p11	Z11111	70	9.0	180.0	4	2130.0525891951934	2130.2797492368936
2130.3529092778595	0.49712003618606104	trials	210420SL	p11	Z11111	218	7.0	270.0	8	2130.5029092778595	2130.7000293140454
2130.7531893513396	0.4970800361788861	trials	210420SL	p11	Z11111	337	6.0	270.0	12	2130.9031893513397	2131.1002693875184
2134.3055500034548	0.5071200380216396	trials	210420SL	p11	Z11111	230	4.0	315.0	8	2134.455550003455	2134.6626700414763
2134.7358700824493	0.49712003618606104	trials	210420SL	p11	Z11111	4	3.0	0.0	4	2134.8858700824494	2135.0829901186353
2135.1661501614367	0.49712003618606104	trials	210420SL	p11	Z11111	33	2.0	90.0	4	2135.316150161437	2135.5132701976227
2135.5664302349173	0.5371200435283754	trials	210420SL	p11	Z11111	136	0.0	45.0	8	2135.7164302349174	2135.9535502784456
2136.016710317576	0.5071200380216396	trials	210420SL	p11	Z11111	199	3.0	225.0	8	2136.166710317576	2136.3738303555974
2136.426990392892	0.5271200416927968	trials	210420SL	p11	Z11111	41	10.0	90.0	4	2136.576990392892	2136.804110434585
2136.8572704718795	0.49712003618606104	trials	210420SL	p11	Z11111	52	6.0	135.0	4	2137.0072704718796	2137.2043905080654
2140.4697111350233	0.4971200361856063	trials	210420SL	p11	Z11111	144	8.0	45.0	8	2140.6197111350234	2140.816831171209
2140.889991212175	0.4971200361856063	trials	210420SL	p11	Z11111	286	0.0	135.0	12	2141.039991212175	2141.2371112483606
2141.2902712856553	0.49712003618606104	trials	210420SL	p11	Z11111	313	12.0	180.0	12	2141.4402712856554	2141.6373913218413
2141.690551359136	0.5271200416927968	trials	210420SL	p11	Z11111	266	10.0	45.0	12	2141.840551359136	2142.0676714008287
2142.1408314417945	0.49712003618606104	trials	210420SL	p11	Z11111	133	12.0	0.0	8	2142.2908314417946	2142.4879514779805
2142.5511115171107	0.5271600417004265	trials	210420SL	p11	Z11111	76	0.0	225.0	4	2142.701111517111	2142.928271558811
2142.9913915979337	0.5071600380288146	trials	210420SL	p11	Z11111	152	1.0	90.0	8	2143.1413915979338	2143.3485516359624
2146.5638322537347	0.5071200380216396	trials	210420SL	p11	Z11111	239	13.0	315.0	8	2146.713832253735	2146.9209522917563
2146.974112329051	0.5371200435283754	trials	210420SL	p11	Z11111	207	11.0	225.0	8	2147.124112329051	2147.3612323725793
2147.4243924117095	0.49712003618606104	trials	210420SL	p11	Z11111	297	11.0	135.0	12	2147.5743924117096	2147.7715124478955
2147.8346724870257	0.5271200416932516	trials	210420SL	p11	Z11111	143	7.0	45.0	8	2147.984672487026	2148.211792528719
2148.284992569692	0.4970800361788861	trials	210420SL	p11	Z11111	96	5.0	270.0	4	2148.434992569692	2148.6320726058707
2148.685232643165	0.5271600417008813	trials	210420SL	p11	Z11111	155	4.0	90.0	8	2148.835232643165	2149.0623926848657
2149.1355527258315	0.49712003618606104	trials	210420SL	p11	Z11111	214	3.0	270.0	8	2149.2855527258316	2149.4826727620175
2152.7079533816245	0.49712003618606104	trials	210420SL	p11	Z11111	305	4.0	180.0	12	2152.8579533816246	2153.0550734178105
2153.108233455105	0.5071200380216396	trials	210420SL	p11	Z11111	94	3.0	270.0	4	2153.2582334551053	2153.4653534931267
2153.548513535928	0.49712003618606104	trials	210420SL	p11	Z11111	156	5.0	90.0	8	2153.698513535928	2153.895633572114
2153.9487936094088	0.5271200416927968	trials	210420SL	p11	Z11111	210	14.0	225.0	8	2154.098793609409	2154.3259136511015
2154.379073688396	0.49712003618606104	trials	210420SL	p11	Z11111	23	7.0	45.0	4	2154.5290736883962	2154.726193724582
2154.7893537637124	0.5271200416927968	trials	210420SL	p11	Z11111	0			0	2154.9393537637125	2155.166473805405
2157.27103421928	0.5071200380216396	trials	210420SL	p11	Z11111	79	3.0	225.0	4	2157.42103421928	2157.6281542573015
2157.6913142964318	0.5171200398572182	trials	210420SL	p11	Z11111	194	13.0	180.0	8	2157.841314296432	2158.058434336289
2158.1315943772547	0.49712003618606104	trials	210420SL	p11	Z11111	347	1.0	315.0	12	2158.281594377255	2158.4787144134407
2158.5318744507354	0.49712003618515155	trials	210420SL	p11	Z11111	240	14.0	315.0	8	2158.6818744507354	2158.8789944869204
2158.9421545260507	0.517120039857673	trials	210420SL	p11	Z11111	147	11.0	45.0	8	2159.0921545260508	2159.3092745659083
2159.3624346032025	0.5071200380216396	trials	210420SL	p11	Z11111	172	6.0	135.0	8	2159.5124346032026	2159.719554641224
2159.802714684026	0.49712003618606104	trials	210420SL	p11	Z11111	324	8.0	225.0	12	2159.952714684026	2160.149834720212
2163.315115328805	0.517120039857673	trials	210420SL	p11	Z11111	123	2.0	0.0	8	2163.465115328805	2163.6822353686625
2163.755395409629	0.49712003618515155	trials	210420SL	p11	Z11111	229	3.0	315.0	8	2163.905395409629	2164.102515445814
2164.1556754831086	0.5271200416932516	trials	210420SL	p11	Z11111	66	5.0	180.0	4	2164.3056754831086	2164.5327955248017
2164.6059555657675	0.49712003618606104	trials	210420SL	p11	Z11111	270	14.0	45.0	12	2164.7559555657676	2164.9530756019535
2165.0062356392477	0.49712003618606104	trials	210420SL	p11	Z11111	205	9.0	225.0	8	2165.156235639248	2165.3533556754337
2165.4365157182356	0.4971200361856063	trials	210420SL	p11	Z11111	142	6.0	45.0	8	2165.5865157182357	2165.783635754421
2165.8367957917158	0.5071200380216396	trials	210420SL	p11	Z11111	114	8.0	315.0	4	2165.986795791716	2166.1939158297373
2169.409196447509	0.5071200380216396	trials	210420SL	p11	Z11111	309	8.0	180.0	12	2169.5591964475093	2169.7663164855308
2169.819476522825	0.49712003618606104	trials	210420SL	p11	Z11111	285	14.0	90.0	12	2169.969476522825	2170.166596559011
2170.259756603649	0.4971200361856063	trials	210420SL	p11	Z11111	99	8.0	270.0	4	2170.409756603649	2170.6068766398344
2170.6600366771286	0.5271200416937063	trials	210420SL	p11	Z11111	54	8.0	135.0	4	2170.8100366771287	2171.037156718822
2171.1303567634664	0.49712003618606104	trials	210420SL	p11	Z11111	43	12.0	90.0	4	2171.2803567634664	2171.4774767996523
2171.530636836947	0.5271200416927968	trials	210420SL	p11	Z11111	343	12.0	270.0	12	2171.680636836947	2171.9077568786397
2171.9809169196055	0.49712003618606104	trials	210420SL	p11	Z11111	302	1.0	180.0	12	2172.1309169196056	2172.3280369557915
2175.613357586421	0.5271600417004265	trials	210420SL	p11	Z11111	148	12.0	45.0	8	2175.763357586421	2175.9905176281213
2176.043677665416	0.5271200416932516	trials	210420SL	p11	Z11111	319	3.0	225.0	12	2176.193677665416	2176.420797707109
2176.493957748075	0.4971200361856063	trials	210420SL	p11	Z11111	118	12.0	315.0	4	2176.643957748075	2176.8410777842605
2176.8942378215547	0.5071200380216396	trials	210420SL	p11	Z11111	174	8.0	135.0	8	2177.044237821555	2177.2513578595763
2177.304517896871	0.5171200398572182	trials	210420SL	p11	Z11111	125	4.0	0.0	8	2177.454517896871	2177.671637936728
2177.7347979758583	0.49712003618606104	trials	210420SL	p11	Z11111	98	7.0	270.0	4	2177.8847979758584	2178.0819180120443
2178.135078049339	0.5271200416927968	trials	210420SL	p11	Z11111	119	13.0	315.0	4	2178.285078049339	2178.5121980910317
2181.6574386959464	0.5071200380220944	trials	210420SL	p11	Z11111	149	13.0	45.0	8	2181.8074386959465	2182.0145587339684
2182.0677187712627	0.5271200416932516	trials	210420SL	p11	Z11111	88	12.0	225.0	4	2182.2177187712628	2182.444838812956
2184.9496793003104	0.5071200380216396	trials	210420SL	p11	Z11111	352	6.0	315.0	12	2185.0996793003105	2185.306799338332
2185.359919375619	0.49712003618606104	trials	210420SL	p11	Z11111	178	12.0	135.0	8	2185.509919375619	2185.707039411805
2185.760199449099	0.49712003618606104	trials	210420SL	p11	Z11111	276	5.0	90.0	12	2185.9101994490993	2186.107319485285
2186.190479528087	0.4971200361856063	trials	210420SL	p11	Z11111	193	12.0	180.0	8	2186.340479528087	2186.5375995642726
2186.600759603403	0.5271600417008813	trials	210420SL	p11	Z11111	154	3.0	90.0	8	2186.750759603403	2186.9779196451036
2187.0510796860694	0.49712003618606104	trials	210420SL	p11	Z11111	153	2.0	90.0	8	2187.2010796860695	2187.3981997222554
2187.4513597595496	0.49708003617843133	trials	210420SL	p11	Z11111	339	8.0	270.0	12	2187.6013597595497	2187.798439795728
2192.374640663327	0.5271600417004265	trials	210420SL	p11	Z11111	150	14.0	45.0	8	2192.5246406633273	2192.7518007050276
2192.814960744158	0.5071200380216396	trials	210420SL	p11	Z11111	281	10.0	90.0	12	2192.964960744158	2193.1720807821794
2193.225240819474	0.5271200416927968	trials	210420SL	p11	Z11111	291	5.0	135.0	12	2193.375240819474	2193.6023608611667
2193.6555208984614	0.5271200416927968	trials	210420SL	p11	Z11111	308	7.0	180.0	12	2193.8055208984615	2194.032640940154
2194.1058409811276	0.49708003617843133	trials	210420SL	p11	Z11111	141	5.0	45.0	8	2194.2558409811277	2194.452921017306
2194.5060810546006	0.5071200380216396	trials	210420SL	p11	Z11111	231	5.0	315.0	8	2194.6560810546007	2194.863201092622
2194.936401133595	0.4970800361788861	trials	210420SL	p11	Z11111	86	10.0	225.0	4	2195.0864011335952	2195.283481169774
2198.4287217746883	0.5071200380216396	trials	210420SL	p11	Z11111	354	8.0	315.0	12	2198.5787217746883	2198.78584181271
2198.859041853683	0.4970800361788861	trials	210420SL	p11	Z11111	255	14.0	0.0	12	2199.009041853683	2199.2061218898616
2199.2592819271563	0.49712003618606104	trials	210420SL	p11	Z11111	296	10.0	135.0	12	2199.4092819271564	2199.6064019633423
2199.6895620061437	0.49712003618606104	trials	210420SL	p11	Z11111	252	11.0	0.0	12	2199.8395620061438	2200.0366820423296
2200.089842079624	0.5371600435360051	trials	210420SL	p11	Z11111	345	14.0	270.0	12	2200.239842079624	2200.4770021231598
2200.5301621604544	0.4970800361788861	trials	210420SL	p11	Z11111	51	5.0	135.0	4	2200.6801621604545	2200.8772421966332
2200.9304022339275	0.49712003618606104	trials	210420SL	p11	Z11111	186	5.0	180.0	8	2201.0804022339275	2201.2775222701134
2204.502842889728	0.517120039857673	trials	210420SL	p11	Z11111	328	12.0	225.0	12	2204.652842889728	2204.8699629295857
2204.9431229705515	0.5271200416932516	trials	210420SL	p11	Z11111	105	14.0	270.0	4	2205.0931229705516	2205.3202430122446
2205.3734030495393	0.4971200361856063	trials	210420SL	p11	Z11111	288	2.0	135.0	12	2205.5234030495394	2205.720523085725
2205.783683124855	0.5271200416932516	trials	210420SL	p11	Z11111	258	2.0	45.0	12	2205.933683124855	2206.1608031665482
2206.2139632038425	0.4971200361856063	trials	210420SL	p11	Z11111	256	0.0	45.0	12	2206.3639632038426	2206.561083240028
2206.6442832828375	0.49708003617843133	trials	210420SL	p11	Z11111	85	9.0	225.0	4	2206.7942832828376	2206.991363319016
2207.0545633581532	0.5271200416932516	trials	210420SL	p11	Z11111	74	13.0	180.0	4	2207.2045633581533	2207.4316833998464
2210.6569640194543	0.5171200398572182	trials	210420SL	p11	Z11111	215	4.0	270.0	8	2210.8069640194544	2211.0240840593115
2211.0772440966057	0.49712003618606104	trials	210420SL	p11	Z11111	61	0.0	180.0	4	2211.227244096606	2211.4243641327917
2211.5175641774363	0.4970800361788861	trials	210420SL	p11	Z11111	0			0	2211.6675641774364	2211.864644213615
2211.9178042509093	0.5071200380220944	trials	210420SL	p11	Z11111	64	3.0	180.0	4	2212.0678042509094	2212.2749242889313
2212.3481243299043	0.4970800361788861	trials	210420SL	p11	Z11111	249	8.0	0.0	12	2212.4981243299044	2212.695204366083
2212.7884044107273	0.49712003618606104	trials	210420SL	p11	Z11111	163	12.0	90.0	8	2212.9384044107273	2213.135524446913
2213.188684484208	0.4970800361779766	trials	210420SL	p11	Z11111	131	10.0	0.0	8	2213.338684484208	2213.535764520386
2216.821125151023	0.4971200361856063	trials	210420SL	p11	Z11111	168	2.0	135.0	8	2216.971125151023	2217.1682451872084
2217.2514052300103	0.49712003618606104	trials	210420SL	p11	Z11111	264	8.0	45.0	12	2217.4014052300104	2217.5985252661962
2217.6516853034905	0.5371200435292849	trials	210420SL	p11	Z11111	185	4.0	180.0	8	2217.8016853034906	2218.0388053470197
2218.10196538615	0.5071200380216396	trials	210420SL	p11	Z11111	83	7.0	225.0	4	2218.25196538615	2218.4590854241715
2218.5122454614657	0.5271600417004265	trials	210420SL	p11	Z11111	226	0.0	315.0	8	2218.662245461466	2218.889405503166
2218.942525540453	0.5271600417004265	trials	210420SL	p11	Z11111	238	12.0	315.0	8	2219.092525540453	2219.3196855821534
2219.3928456231192	0.49712003618606104	trials	210420SL	p11	Z11111	175	9.0	135.0	8	2219.5428456231193	2219.739965659305
2222.8852062642195	0.517120039857673	trials	210420SL	p11	Z11111	157	6.0	90.0	8	2223.0352062642196	2223.252326304077
2223.3254863450434	0.4971200361856063	trials	210420SL	p11	Z11111	310	9.0	180.0	12	2223.4754863450435	2223.672606381229
2223.725766418523	0.49712003618606104	trials	210420SL	p11	Z11111	334	3.0	270.0	12	2223.875766418523	2224.072886454709
2224.1360464938393	0.5171200398572182	trials	210420SL	p11	Z11111	351	5.0	315.0	12	2224.2860464938394	2224.5031665336965
2224.5763265746623	0.49712003618606104	trials	210420SL	p11	Z11111	100	9.0	270.0	4	2224.7263265746624	2224.9234466108483
2224.976606648143	0.5371200435288301	trials	210420SL	p11	Z11111	333	2.0	270.0	12	2225.126606648143	2225.3637266916717
2225.426926730809	0.5071200380216396	trials	210420SL	p11	Z11111	3	2.0	0.0	4	2225.576926730809	2225.7840467688306
2228.9492873774166	0.5071200380216396	trials	210420SL	p11	Z11111	293	7.0	135.0	12	2229.0992873774167	2229.306407415438
2229.379567456404	0.49712003618606104	trials	210420SL	p11	Z11111	342	11.0	270.0	12	2229.529567456404	2229.72668749259
2229.7798475298846	0.49712003618606104	trials	210420SL	p11	Z11111	290	4.0	135.0	12	2229.9298475298847	2230.1269675660706
2230.190127605201	0.5171200398572182	trials	210420SL	p11	Z11111	58	12.0	135.0	4	2230.340127605201	2230.557247645058
2230.620407684188	0.4971200361856063	trials	210420SL	p11	Z11111	120	14.0	315.0	4	2230.7704076841883	2230.9675277203737
2231.020687757668	0.5271200416937063	trials	210420SL	p11	Z11111	254	13.0	0.0	12	2231.170687757668	2231.3978077993615
2231.4709678403274	0.49712003618606104	trials	210420SL	p11	Z11111	259	3.0	45.0	12	2231.6209678403275	2231.8180878765133
2235.103408507143	0.5071200380216396	trials	210420SL	p11	Z11111	35	4.0	90.0	4	2235.253408507143	2235.4605285451644
2235.5236885842946	0.5171600398643932	trials	210420SL	p11	Z11111	192	11.0	180.0	8	2235.6736885842947	2235.890848624159
2235.954008663289	0.5271200416927968	trials	210420SL	p11	Z11111	275	4.0	90.0	12	2236.1040086632893	2236.331128704982
2236.4042887459477	0.49712003618606104	trials	210420SL	p11	Z11111	164	13.0	90.0	8	2236.554288745948	2236.7514087821337
2236.8045688194284	0.49712003618606104	trials	210420SL	p11	Z11111	247	6.0	0.0	12	2236.9545688194285	2237.1516888556143
2237.2348488984157	0.5071200380216396	trials	210420SL	p11	Z11111	20	4.0	45.0	4	2237.384848898416	2237.5919689364373
2237.645128973732	0.49712003618606104	trials	210420SL	p11	Z11111	191	10.0	180.0	8	2237.795128973732	2237.992249009918
2241.0774496038107	0.5171200398572182	trials	210420SL	p11	Z11111	197	1.0	225.0	8	2241.227449603811	2241.444569643668
2241.4977296809625	0.5071200380216396	trials	210420SL	p11	Z11111	68	7.0	180.0	4	2241.6477296809626	2241.854849718984
2244.249570186124	0.5271600416999718	trials	210420SL	p11	Z11111	359	13.0	315.0	12	2244.399570186124	2244.626730227824
2244.69989026879	0.5071200380216396	trials	210420SL	p11	Z11111	349	3.0	315.0	12	2244.84989026879	2245.0570103068117
2245.110170344106	0.5071200380216396	trials	210420SL	p11	Z11111	189	8.0	180.0	8	2245.260170344106	2245.4672903821274
2245.5504504249293	0.49712003618606104	trials	210420SL	p11	Z11111	225	14.0	270.0	8	2245.7004504249294	2245.8975704611153
2245.9507304984095	0.5071200380216396	trials	210420SL	p11	Z11111	253	12.0	0.0	12	2246.1007304984096	2246.307850536431
2246.3910105792324	0.49712003618606104	trials	210420SL	p11	Z11111	82	6.0	225.0	4	2246.5410105792325	2246.7381306154184
2246.791290652713	0.49712003618606104	trials	210420SL	p11	Z11111	19	3.0	45.0	4	2246.941290652713	2247.138410688899
2250.303651297485	0.5071200380216396	trials	210420SL	p11	Z11111	151	0.0	90.0	8	2250.453651297485	2250.6607713355065
2250.7339313764724	0.5371600435364599	trials	210420SL	p11	Z11111	39	8.0	90.0	4	2250.8839313764724	2251.1210914200087
2251.1842514591385	0.49712003618606104	trials	210420SL	p11	Z11111	325	9.0	225.0	12	2251.3342514591386	2251.5313714953245
2253.8360519459357	0.517120039857673	trials	210420SL	p11	Z11111	27	11.0	45.0	4	2253.9860519459357	2254.2031719857932
2254.266332024923	0.5271200416932516	trials	210420SL	p11	Z11111	233	7.0	315.0	8	2254.416332024923	2254.643452066616
2254.716612107582	0.49712003618606104	trials	210420SL	p11	Z11111	304	3.0	180.0	12	2254.866612107582	2255.063732143768
2255.116892181062	0.5071200380216396	trials	210420SL	p11	Z11111	265	9.0	45.0	12	2255.2668921810623	2255.4740122190838
2255.54717226005	0.4971200361856063	trials	210420SL	p11	Z11111	73	12.0	180.0	4	2255.69717226005	2255.8942922962356
2255.957452335366	0.5271600417004265	trials	210420SL	p11	Z11111	208	12.0	225.0	8	2256.107452335366	2256.334612377066
2258.7193328423705	0.5071200380216396	trials	210420SL	p11	Z11111	219	8.0	270.0	8	2258.8693328423706	2259.076452880392
2259.1296129176867	0.5371200435283754	trials	210420SL	p11	Z11111	115	9.0	315.0	4	2259.279612917687	2259.516732961215
2259.5798930003452	0.49712003618606104	trials	210420SL	p11	Z11111	0			0	2259.7298930003453	2259.927013036531
2259.9901730756615	0.5271200416927968	trials	210420SL	p11	Z11111	24	8.0	45.0	4	2260.1401730756616	2260.367293117354
2260.4404931583276	0.49708003617843133	trials	210420SL	p11	Z11111	306	5.0	180.0	12	2260.5904931583277	2260.787573194506
2260.8407332318006	0.5271600417004265	trials	210420SL	p11	Z11111	251	10.0	0.0	12	2260.9907332318007	2261.217893273501
2261.291053314467	0.5271200416932516	trials	210420SL	p11	Z11111	195	14.0	180.0	8	2261.441053314467	2261.66817335616
2264.8534539684247	0.5271200416927968	trials	210420SL	p11	Z11111	348	2.0	315.0	12	2265.0034539684248	2265.2305740101174
2265.283734047412	0.49712003618606104	trials	210420SL	p11	Z11111	32	1.0	90.0	4	2265.433734047412	2265.630854083598
2265.7240541282426	0.49708003617843133	trials	210420SL	p11	Z11111	260	4.0	45.0	12	2265.8740541282427	2266.071134164421
2266.1242942017157	0.5271600417004265	trials	210420SL	p11	Z11111	283	12.0	90.0	12	2266.2742942017157	2266.501454243416
2266.55461428071	0.4970800361788861	trials	210420SL	p11	Z11111	171	5.0	135.0	8	2266.7046142807103	2266.901694316889
2266.9548543541837	0.5371600435360051	trials	210420SL	p11	Z11111	282	11.0	90.0	12	2267.1048543541838	2267.3420143977196
2267.415174438686	0.49712003618515155	trials	210420SL	p11	Z11111	244	3.0	0.0	12	2267.565174438686	2267.762294474871
2271.1476951238724	0.5071200380216396	trials	210420SL	p11	Z11111	38	7.0	90.0	4	2271.2976951238725	2271.504815161894
