onset	duration	nwb_table	ses_ID	pen_ID	sub_ID	cond_ID	stim_ID	rotation	luminance	pdOnTS	pdOffTS
1573.7319880951416	0.5158794864896663	trials	191031SL	p15	Z08115	137	1.0	45.0	8	1573.8819880951417	1574.0978675816311
1574.162267071641	0.525919462607817	trials	191031SL	p15	Z08115	239	13.0	315.0	8	1574.3122670716411	1574.5381865342488
1574.602546024354	0.5159194863945231	trials	191031SL	p15	Z08115	79	3.0	225.0	4	1574.7525460243542	1574.9684655107485
1575.0428649769717	0.5158794864898937	trials	191031SL	p15	Z08115	36	5.0	90.0	4	1575.1928649769718	1575.4087444634615
1575.4631439772584	0.5258794627029602	trials	191031SL	p15	Z08115	141	5.0	45.0	8	1575.6131439772585	1575.8390234399612
1575.9034229299712	0.5258794627029602	trials	191031SL	p15	Z08115	147	11.0	45.0	8	1576.0534229299712	1576.279302392674
1576.3337019064709	0.525919462607817	trials	191031SL	p15	Z08115	35	4.0	90.0	4	1576.483701906471	1576.7096213690786
1579.8860534565279	0.5058795102765998	trials	191031SL	p15	Z08115	332	1.0	270.0	12	1580.036053456528	1580.2419329668044
1580.3163324330276	0.49587953406353336	trials	191031SL	p15	Z08115	48	2.0	135.0	4	1580.4663324330277	1580.662211967091
1580.7466114095273	0.525919462607817	trials	191031SL	p15	Z08115	315	14.0	180.0	12	1580.8966114095274	1581.122530872135
1581.18689036224	0.525919462607817	trials	191031SL	p15	Z08115	158	7.0	90.0	8	1581.3368903622402	1581.5628098248478
1581.6272093148577	0.5158794864898937	trials	191031SL	p15	Z08115	328	12.0	225.0	12	1581.7772093148578	1581.9930888013475
1582.0574882913575	0.5258794627029602	trials	191031SL	p15	Z08115	38	7.0	90.0	4	1582.2074882913575	1582.4333677540603
1582.4877672678572	0.525919462607817	trials	191031SL	p15	Z08115	116	10.0	315.0	4	1582.6377672678573	1582.863686730465
1586.1901984609212	0.525919462607817	trials	191031SL	p15	Z08115	211	0.0	270.0	8	1586.3401984609213	1586.566117923529
1586.6405173897522	0.49587953406353336	trials	191031SL	p15	Z08115	88	12.0	225.0	4	1586.7905173897523	1586.9863969238156
1587.070796366252	0.5058795102765998	trials	191031SL	p15	Z08115	106	0.0	315.0	4	1587.220796366252	1587.4266758765284
1587.5010753427516	0.5058795102765998	trials	191031SL	p15	Z08115	13	12.0	0.0	4	1587.6510753427517	1587.8569548530281
1587.911354366825	0.525919462607817	trials	191031SL	p15	Z08115	262	6.0	45.0	12	1588.061354366825	1588.2872738294327
1588.3516333195378	0.5159194863947505	trials	191031SL	p15	Z08115	94	3.0	270.0	4	1588.5016333195379	1588.7175528059324
1588.7819122960375	0.525919462607817	trials	191031SL	p15	Z08115	6	5.0	0.0	4	1588.9319122960376	1589.1578317586452
1592.3843037270651	0.5158794864898937	trials	191031SL	p15	Z08115	357	11.0	315.0	12	1592.5343037270652	1592.750183213555
1592.8145827035648	0.5159194863947505	trials	191031SL	p15	Z08115	278	7.0	90.0	12	1592.964582703565	1593.1805021899595
1593.2449016799694	0.5258794627029602	trials	191031SL	p15	Z08115	152	1.0	90.0	8	1593.3949016799695	1593.6207811426723
1593.6751806564691	0.5258794627029602	trials	191031SL	p15	Z08115	202	6.0	225.0	8	1593.8251806564692	1594.051060119172
1594.115459609182	0.5258794627029602	trials	191031SL	p15	Z08115	97	6.0	270.0	4	1594.265459609182	1594.4913390718848
1594.5457385856816	0.525919462607817	trials	191031SL	p15	Z08115	159	8.0	90.0	8	1594.6957385856817	1594.9216580482894
1594.9860175383947	0.525919462607817	trials	191031SL	p15	Z08115	32	1.0	90.0	4	1595.1360175383948	1595.3619370010024
1603.201477996361	0.5158794864898937	trials	191031SL	p15	Z08115	115	9.0	315.0	4	1603.3514779963612	1603.5673574828509
1603.6317569728608	0.5258794627029602	trials	191031SL	p15	Z08115	67	6.0	180.0	4	1603.7817569728609	1604.0076364355637
1604.0620359493605	0.5258794627029602	trials	191031SL	p15	Z08115	236	10.0	315.0	8	1604.2120359493606	1604.4379154120634
1604.5023149020733	0.525919462607817	trials	191031SL	p15	Z08115	351	5.0	315.0	12	1604.6523149020734	1604.878234364681
1607.3942280231086	0.525919462607817	trials	191031SL	p15	Z08115	324	8.0	225.0	12	1607.5442280231086	1607.7701474857163
1607.8345069758213	0.5159194863947505	trials	191031SL	p15	Z08115	98	7.0	270.0	4	1607.9845069758214	1608.200426462216
1608.264825952226	0.5258794627029602	trials	191031SL	p15	Z08115	213	2.0	270.0	8	1608.414825952226	1608.6407054149288
1608.6951049287256	0.5258794627029602	trials	191031SL	p15	Z08115	181	0.0	180.0	8	1608.8451049287257	1609.0709843914285
1609.1353838814387	0.525919462607817	trials	191031SL	p15	Z08115	242	1.0	0.0	12	1609.2853838814387	1609.5113033440464
1609.5656628579384	0.525919462607817	trials	191031SL	p15	Z08115	56	10.0	135.0	4	1609.7156628579385	1609.941582320546
1610.0059418106512	0.525919462607817	trials	191031SL	p15	Z08115	57	11.0	135.0	4	1610.1559418106513	1610.381861273259
1613.6183332178919	0.525919462607817	trials	191031SL	p15	Z08115	199	3.0	225.0	8	1613.768333217892	1613.9942526804996
1614.0486521942964	0.5258794627029602	trials	191031SL	p15	Z08115	294	8.0	135.0	12	1614.1986521942965	1614.4245316569993
1614.4889311470092	0.5258794627031875	trials	191031SL	p15	Z08115	74	13.0	180.0	4	1614.6389311470093	1614.8648106097123
1614.919210123509	0.5258794627029602	trials	191031SL	p15	Z08115	62	1.0	180.0	4	1615.069210123509	1615.2950895862118
1615.359489076222	0.5159194863945231	trials	191031SL	p15	Z08115	282	11.0	90.0	12	1615.509489076222	1615.7254085626164
1615.7897680527217	0.525919462607817	trials	191031SL	p15	Z08115	295	9.0	135.0	12	1615.9397680527218	1616.1656875153294
1616.2200870291263	0.5258794627029602	trials	191031SL	p15	Z08115	281	10.0	90.0	12	1616.3700870291264	1616.5959664918291
1619.6623588410287	0.5158794864898937	trials	191031SL	p15	Z08115	255	14.0	0.0	12	1619.8123588410288	1620.0282383275185
1620.1026377937417	0.5058795102765998	trials	191031SL	p15	Z08115	41	10.0	90.0	4	1620.2526377937418	1620.4585173040182
1620.522916794028	0.5258794627029602	trials	191031SL	p15	Z08115	349	3.0	315.0	12	1620.6729167940282	1620.898796256731
1620.963195746741	0.5158794864898937	trials	191031SL	p15	Z08115	215	4.0	270.0	8	1621.113195746741	1621.3290752332307
1621.3934747232406	0.525919462607817	trials	191031SL	p15	Z08115	154	3.0	90.0	8	1621.5434747232407	1621.7693941858483
1621.8237536997403	0.525919462607817	trials	191031SL	p15	Z08115	85	9.0	225.0	4	1621.9737536997404	1622.199673162348
1622.2640726523582	0.5258794627029602	trials	191031SL	p15	Z08115	178	12.0	135.0	8	1622.4140726523583	1622.639952115061
1625.8464241310546	0.5158794864896663	trials	191031SL	p15	Z08115	177	11.0	135.0	8	1625.9964241310547	1626.2123036175442
1626.2767031075543	0.525919462607817	trials	191031SL	p15	Z08115	172	6.0	135.0	8	1626.4267031075544	1626.652622570162
1626.707022083959	0.5258794627029602	trials	191031SL	p15	Z08115	55	9.0	135.0	4	1626.857022083959	1627.0829015466618
1627.1473010366717	0.5258794627029602	trials	191031SL	p15	Z08115	91	0.0	270.0	4	1627.2973010366718	1627.5231804993746
1627.5775800131714	0.5258794627029602	trials	191031SL	p15	Z08115	14	13.0	0.0	4	1627.7275800131715	1627.9534594758743
1628.0178589658842	0.525919462607817	trials	191031SL	p15	Z08115	40	9.0	90.0	4	1628.1678589658843	1628.393778428492
1628.448137942384	0.525919462607817	trials	191031SL	p15	Z08115	314	13.0	180.0	12	1628.598137942384	1628.8240574049917
1632.1806090639923	0.525919462607817	trials	191031SL	p15	Z08115	119	13.0	315.0	4	1632.3306090639924	1632.5565285266
1632.610888040492	0.525919462607817	trials	191031SL	p15	Z08115	184	3.0	180.0	8	1632.760888040492	1632.9868075030997
1633.0511669932048	0.49591953396839017	trials	191031SL	p15	Z08115	360	14.0	315.0	12	1633.2011669932049	1633.397086527173
1633.4814859696094	0.5258794627029602	trials	191031SL	p15	Z08115	140	4.0	45.0	8	1633.6314859696095	1633.8573654323122
1633.9217649223224	0.525919462607817	trials	191031SL	p15	Z08115	169	3.0	135.0	8	1634.0717649223225	1634.29768438493
1634.352043898822	0.525919462607817	trials	191031SL	p15	Z08115	289	3.0	135.0	12	1634.5020438988222	1634.7279633614298
1634.7923628514397	0.5258794627029602	trials	191031SL	p15	Z08115	81	5.0	225.0	4	1634.9423628514398	1635.1682423141426
1638.6949135684815	0.5158794864896663	trials	191031SL	p15	Z08115	226	0.0	315.0	8	1638.8449135684816	1639.060793054971
1639.1251925449812	0.5159194863945231	trials	191031SL	p15	Z08115	49	3.0	135.0	4	1639.2751925449813	1639.4911120313757
1639.555471521481	0.525919462607817	trials	191031SL	p15	Z08115	223	12.0	270.0	8	1639.705471521481	1639.9313909840887
1639.9957904740986	0.5158794864898937	trials	191031SL	p15	Z08115	317	1.0	225.0	12	1640.1457904740987	1640.3616699605884
1640.4260694505983	0.5258794627029602	trials	191031SL	p15	Z08115	185	4.0	180.0	8	1640.5760694505984	1640.8019489133012
1640.856348427098	0.525919462607817	trials	191031SL	p15	Z08115	108	2.0	315.0	4	1641.0063484270981	1641.2322678897058
1641.2966273798108	0.525919462607817	trials	191031SL	p15	Z08115	160	9.0	90.0	8	1641.446627379811	1641.6725468424186
1644.9290587393828	0.5158794864898937	trials	191031SL	p15	Z08115	179	13.0	135.0	8	1645.0790587393828	1645.2949382258726
1645.3593377158825	0.5258794627029602	trials	191031SL	p15	Z08115	341	10.0	270.0	12	1645.5093377158826	1645.7352171785853
1645.7896166923822	0.5258794627029602	trials	191031SL	p15	Z08115	238	12.0	315.0	8	1645.9396166923823	1646.165496155085
1646.229895645095	0.525919462607817	trials	191031SL	p15	Z08115	182	1.0	180.0	8	1646.379895645095	1646.6058151077027
1646.6601746215947	0.525919462607817	trials	191031SL	p15	Z08115	171	5.0	135.0	8	1646.8101746215948	1647.0360940842024
1647.1004935742126	0.5258794627029602	trials	191031SL	p15	Z08115	316	0.0	225.0	12	1647.2504935742127	1647.4763730369154
1649.2819283852555	0.5158794864896663	trials	191031SL	p15	Z08115	174	8.0	135.0	8	1649.4319283852556	1649.647807871745
1649.7122073617552	0.5158794864896663	trials	191031SL	p15	Z08115	128	7.0	0.0	8	1649.8622073617553	1650.0780868482448
1650.142486338255	0.525919462607817	trials	191031SL	p15	Z08115	76	0.0	225.0	4	1650.292486338255	1650.5184058008626
1650.5727653147546	0.5259194626075896	trials	191031SL	p15	Z08115	330	14.0	225.0	12	1650.7227653147547	1650.9486847773621
1651.0130842673723	0.5258794627029602	trials	191031SL	p15	Z08115	327	11.0	225.0	12	1651.1630842673724	1651.3889637300751
1651.443363243872	0.5258794627029602	trials	191031SL	p15	Z08115	285	14.0	90.0	12	1651.593363243872	1651.8192427065749
1651.8836421965848	0.49587953406353336	trials	191031SL	p15	Z08115	187	6.0	180.0	8	1652.0336421965849	1652.2295217306482
1655.5660734372225	0.5158794864898937	trials	191031SL	p15	Z08115	157	6.0	90.0	8	1655.7160734372226	1655.9319529237123
1655.9963524137222	0.525919462607817	trials	191031SL	p15	Z08115	111	5.0	315.0	4	1656.1463524137223	1656.37227187633
1656.426631390222	0.525919462607817	trials	191031SL	p15	Z08115	347	1.0	315.0	12	1656.576631390222	1656.8025508528297
1656.8669103429347	0.525919462607817	trials	191031SL	p15	Z08115	114	8.0	315.0	4	1657.0169103429348	1657.2428298055424
1657.2972293193393	0.5258794627029602	trials	191031SL	p15	Z08115	218	7.0	270.0	8	1657.4472293193394	1657.6731087820422
1657.7375082720523	0.525919462607817	trials	191031SL	p15	Z08115	280	9.0	90.0	12	1657.8875082720524	1658.11342773466
1658.167787248552	0.5158794864896663	trials	191031SL	p15	Z08115	93	2.0	270.0	4	1658.3177872485521	1658.5336667350416
1662.0403380369542	0.5159194863947505	trials	191031SL	p15	Z08115	222	11.0	270.0	8	1662.1903380369542	1662.4062575233488
1662.5006569419982	0.525919462607817	trials	191031SL	p15	Z08115	232	6.0	315.0	8	1662.6506569419982	1662.8765764046059
1664.8021714674087	0.5158794864896663	trials	191031SL	p15	Z08115	241	0.0	0.0	12	1664.9521714674088	1665.1680509538983
1665.2224504676951	0.525919462607817	trials	191031SL	p15	Z08115	50	4.0	135.0	4	1665.3724504676952	1665.5983699303029
1665.6627294204081	0.525919462607817	trials	191031SL	p15	Z08115	266	10.0	45.0	12	1665.8127294204082	1666.0386488830159
1666.1030483730258	0.5158794864898937	trials	191031SL	p15	Z08115	331	0.0	270.0	12	1666.2530483730259	1666.4689278595156
1666.5333273495255	0.5258794627029602	trials	191031SL	p15	Z08115	305	4.0	180.0	12	1666.6833273495256	1666.9092068122284
1666.9636063260252	0.525919462607817	trials	191031SL	p15	Z08115	173	7.0	135.0	8	1667.1136063260253	1667.339525788633
1667.403885278738	0.525919462607817	trials	191031SL	p15	Z08115	155	4.0	90.0	8	1667.553885278738	1667.7798047413457
1672.3371535440224	0.525919462607817	trials	191031SL	p15	Z08115	318	2.0	225.0	12	1672.4871535440225	1672.71307300663
1672.787472472853	0.5258794627029602	trials	191031SL	p15	Z08115	217	6.0	270.0	8	1672.9374724728532	1673.163351935556
1673.227751425566	0.5158794864896663	trials	191031SL	p15	Z08115	252	11.0	0.0	12	1673.3777514255662	1673.5936309120557
1673.6580304020658	0.525919462607817	trials	191031SL	p15	Z08115	90	14.0	225.0	4	1673.808030402066	1674.0339498646736
1674.0883093785656	0.525919462607817	trials	191031SL	p15	Z08115	23	7.0	45.0	4	1674.2383093785656	1674.4642288411733
1674.5285883312783	0.525919462607817	trials	191031SL	p15	Z08115	293	7.0	135.0	12	1674.6785883312784	1674.904507793886
1677.0102224282402	0.5159194863945231	trials	191031SL	p15	Z08115	145	9.0	45.0	8	1677.1602224282403	1677.3761419146347
1677.4405414046446	0.5258794627029602	trials	191031SL	p15	Z08115	45	14.0	90.0	4	1677.5905414046447	1677.8164208673475
1677.8708203811443	0.5258794627029602	trials	191031SL	p15	Z08115	52	6.0	135.0	4	1678.0208203811444	1678.2466998438472
1678.301099357644	0.5258794627029602	trials	191031SL	p15	Z08115	322	6.0	225.0	12	1678.4510993576441	1678.676978820347
1678.741378310357	0.525919462607817	trials	191031SL	p15	Z08115	59	13.0	135.0	4	1678.8913783103571	1679.1172977729648
1679.1716972867616	0.5258794627029602	trials	191031SL	p15	Z08115	104	13.0	270.0	4	1679.3216972867617	1679.5475767494645
1679.6119762394744	0.5258794627029602	trials	191031SL	p15	Z08115	130	9.0	0.0	8	1679.7619762394745	1679.9878557021773
1683.2343676229284	0.5158794864896663	trials	191031SL	p15	Z08115	0			0	1683.3843676229285	1683.600247109418
1687.7673568403522	0.5158794864898937	trials	191031SL	p15	Z08115	109	3.0	315.0	4	1687.9173568403523	1688.133236326842
1688.187635840639	0.5258794627029602	trials	191031SL	p15	Z08115	29	13.0	45.0	4	1688.337635840639	1688.5635153033418
1688.6279147933517	0.525919462607817	trials	191031SL	p15	Z08115	110	4.0	315.0	4	1688.7779147933518	1689.0038342559594
1689.0581937698514	0.525919462607817	trials	191031SL	p15	Z08115	287	1.0	135.0	12	1689.2081937698515	1689.4341132324591
1689.498512722469	0.5258794627029602	trials	191031SL	p15	Z08115	107	1.0	315.0	4	1689.6485127224691	1689.874392185172
1689.9287916989688	0.5258794627029602	trials	191031SL	p15	Z08115	344	13.0	270.0	12	1690.0787916989689	1690.3046711616716
1690.3690706516818	0.5158794864896663	trials	191031SL	p15	Z08115	259	3.0	45.0	12	1690.519070651682	1690.7349501381714
1696.0228172031714	0.5258794627029602	trials	191031SL	p15	Z08115	82	6.0	225.0	4	1696.1728172031715	1696.3986966658742
1696.453096179671	0.5258794627029602	trials	191031SL	p15	Z08115	163	12.0	90.0	8	1696.6030961796712	1696.828975642374
1696.8933751323839	0.5159194863947505	trials	191031SL	p15	Z08115	192	11.0	180.0	8	1697.043375132384	1697.2592946187785
1697.3236541088836	0.525919462607817	trials	191031SL	p15	Z08115	150	14.0	45.0	8	1697.4736541088837	1697.6995735714913
1697.7539730852882	0.5058795102768272	trials	191031SL	p15	Z08115	39	8.0	90.0	4	1697.9039730852883	1698.109852595565
1698.184252061788	0.5058795102768272	trials	191031SL	p15	Z08115	221	10.0	270.0	8	1698.334252061788	1698.5401315720646
1698.624531014501	0.49587953406353336	trials	191031SL	p15	Z08115	203	7.0	225.0	8	1698.774531014501	1698.9704105485644
1702.877360898337	0.5258794627029602	trials	191031SL	p15	Z08115	208	12.0	225.0	8	1703.027360898337	1703.2532403610398
1703.3076398748367	0.5158794864898937	trials	191031SL	p15	Z08115	1	0.0	0.0	4	1703.4576398748368	1703.6735193613265
1703.7579188037628	0.49587953406353336	trials	191031SL	p15	Z08115	4	3.0	0.0	4	1703.9079188037629	1704.1037983378262
1704.1881977802625	0.5058795102765998	trials	191031SL	p15	Z08115	269	13.0	45.0	12	1704.3381977802626	1704.544077290539
1704.6284767329753	0.49587953406353336	trials	191031SL	p15	Z08115	191	10.0	180.0	8	1704.7784767329754	1704.9743562670387
1705.0587957093799	0.5058795102765998	trials	191031SL	p15	Z08115	120	14.0	315.0	4	1705.20879570938	1705.4146752196564
1705.4990746620929	0.495879534063306	trials	191031SL	p15	Z08115	313	12.0	180.0	12	1705.649074662093	1705.844954196156
1709.13146602176	0.525919462607817	trials	191031SL	p15	Z08115	193	12.0	180.0	8	1709.28146602176	1709.5073854843677
1709.5717449744727	0.5159194863947505	trials	191031SL	p15	Z08115	307	6.0	180.0	12	1709.7217449744728	1709.9376644608674
1710.0020639508773	0.5258794627029602	trials	191031SL	p15	Z08115	0			0	1710.1520639508774	1710.3779434135802
1710.432342927377	0.5258794627029602	trials	191031SL	p15	Z08115	272	1.0	90.0	12	1710.582342927377	1710.80822239008
1710.8726218800898	0.525919462607817	trials	191031SL	p15	Z08115	149	13.0	45.0	8	1711.02262188009	1711.2485413426975
1711.3029008565895	0.525919462607817	trials	191031SL	p15	Z08115	231	5.0	315.0	8	1711.4529008565896	1711.6788203191973
1711.7431798093023	0.5159194863947505	trials	191031SL	p15	Z08115	339	8.0	270.0	12	1711.8931798093024	1712.109099295697
1715.5557307404256	0.5258794627029602	trials	191031SL	p15	Z08115	350	4.0	315.0	12	1715.7057307404257	1715.9316102031285
1715.9860097169253	0.5258794627029602	trials	191031SL	p15	Z08115	335	4.0	270.0	12	1716.1360097169254	1716.3618891796282
1716.4262886696383	0.5158794864896663	trials	191031SL	p15	Z08115	84	8.0	225.0	4	1716.5762886696384	1716.792168156128
1716.856567646138	0.525919462607817	trials	191031SL	p15	Z08115	319	3.0	225.0	12	1717.0065676461381	1717.2324871087458
1717.2868866225426	0.5258794627029602	trials	191031SL	p15	Z08115	42	11.0	90.0	4	1717.4368866225427	1717.6627660852455
1717.7271655752554	0.5258794627029602	trials	191031SL	p15	Z08115	123	2.0	0.0	8	1717.8771655752555	1718.1030450379583
1718.1674445279682	0.5158794864898937	trials	191031SL	p15	Z08115	258	2.0	45.0	12	1718.3174445279683	1718.533324014458
1723.9612707462518	0.5158794864898937	trials	191031SL	p15	Z08115	78	2.0	225.0	4	1724.1112707462519	1724.3271502327416
1724.3815497465384	0.525919462607817	trials	191031SL	p15	Z08115	342	11.0	270.0	12	1724.5315497465385	1724.7574692091462
1724.8218286992512	0.5159194863947505	trials	191031SL	p15	Z08115	10	9.0	0.0	4	1724.9718286992513	1725.187748185646
1725.2521476756558	0.5158794864898937	trials	191031SL	p15	Z08115	37	6.0	90.0	4	1725.402147675656	1725.6180271621456
1725.702426604582	0.49587953406353336	trials	191031SL	p15	Z08115	129	8.0	0.0	8	1725.852426604582	1726.0483061386453
1726.1227056048685	0.5058795102765998	trials	191031SL	p15	Z08115	219	8.0	270.0	8	1726.2727056048686	1726.478585115145
1726.542984605155	0.5258794627029602	trials	191031SL	p15	Z08115	290	4.0	135.0	12	1726.692984605155	1726.9188640678578
1730.2254158457927	0.5158794864898937	trials	191031SL	p15	Z08115	257	1.0	45.0	12	1730.3754158457928	1730.5912953322825
1730.6556948222924	0.525919462607817	trials	191031SL	p15	Z08115	190	9.0	180.0	8	1730.8056948222925	1731.0316142849001
1731.085973798792	0.525919462607817	trials	191031SL	p15	Z08115	100	9.0	270.0	4	1731.2359737987922	1731.4618932613998
1731.526252751505	0.525919462607817	trials	191031SL	p15	Z08115	325	9.0	225.0	12	1731.676252751505	1731.9021722141126
1731.9565717279095	0.5258794627029602	trials	191031SL	p15	Z08115	229	3.0	315.0	8	1732.1065717279096	1732.3324511906123
1732.3968506806225	0.5258794627029602	trials	191031SL	p15	Z08115	69	8.0	180.0	4	1732.5468506806226	1732.7727301433254
1732.827129657122	0.5259194626080443	trials	191031SL	p15	Z08115	264	8.0	45.0	12	1732.977129657122	1733.20304911973
1736.519560873973	0.5159194863947505	trials	191031SL	p15	Z08115	165	14.0	90.0	8	1736.669560873973	1736.8854803603676
1736.9398398742596	0.5159194863945231	trials	191031SL	p15	Z08115	17	1.0	45.0	4	1737.0898398742597	1737.305759360654
1737.360118874546	0.525919462607817	trials	191031SL	p15	Z08115	121	0.0	0.0	8	1737.5101188745462	1737.7360383371538
1737.800397827259	0.525919462607817	trials	191031SL	p15	Z08115	105	14.0	270.0	4	1737.9503978272592	1738.1763172898668
1738.2307168036634	0.5258794627029602	trials	191031SL	p15	Z08115	75	14.0	180.0	4	1738.3807168036635	1738.6065962663663
1738.6709957563764	0.5158794864896663	trials	191031SL	p15	Z08115	352	6.0	315.0	12	1738.8209957563765	1739.036875242866
1739.1012747328762	0.525919462607817	trials	191031SL	p15	Z08115	310	9.0	180.0	12	1739.2512747328763	1739.477194195484
1742.9037856878813	0.5158794864898937	trials	191031SL	p15	Z08115	136	0.0	45.0	8	1743.0537856878814	1743.269665174371
1743.334064664381	0.525919462607817	trials	191031SL	p15	Z08115	271	0.0	90.0	12	1743.484064664381	1743.7099841269887
1745.9958183328943	0.5159194863947505	trials	191031SL	p15	Z08115	132	11.0	0.0	8	1746.1458183328944	1746.361737819289
1746.4261373092988	0.5258794627029602	trials	191031SL	p15	Z08115	235	9.0	315.0	8	1746.576137309299	1746.8020167720017
1746.8564162857986	0.5258794627029602	trials	191031SL	p15	Z08115	248	7.0	0.0	12	1747.0064162857987	1747.2322957485014
1747.2966952385113	0.525919462607817	trials	191031SL	p15	Z08115	34	3.0	90.0	4	1747.4466952385114	1747.672614701119
1747.726974215011	0.525919462607817	trials	191031SL	p15	Z08115	168	2.0	135.0	8	1747.8769742150112	1748.1028936776188
1748.167253167724	0.525919462607817	trials	191031SL	p15	Z08115	63	2.0	180.0	4	1748.3172531677242	1748.5431726303318
1748.5975721441287	0.5258794627029602	trials	191031SL	p15	Z08115	101	10.0	270.0	4	1748.7475721441288	1748.9734516068315
1752.2900033609794	0.5158794864898937	trials	191031SL	p15	Z08115	245	4.0	0.0	12	1752.4400033609795	1752.6558828474692
1752.710282361266	0.5258794627029602	trials	191031SL	p15	Z08115	167	1.0	135.0	8	1752.8602823612662	1753.086161823969
1753.1505613139789	0.525919462607817	trials	191031SL	p15	Z08115	274	3.0	90.0	12	1753.300561313979	1753.5264807765866
1753.5808402904786	0.525919462607817	trials	191031SL	p15	Z08115	348	2.0	315.0	12	1753.7308402904787	1753.9567597530863
1754.0211592430962	0.5258794627029602	trials	191031SL	p15	Z08115	346	0.0	315.0	12	1754.1711592430963	1754.397038705799
1754.451438219596	0.5258794627029602	trials	191031SL	p15	Z08115	143	7.0	45.0	8	1754.601438219596	1754.8273176822988
1754.8917171723087	0.5258794627029602	trials	191031SL	p15	Z08115	9	8.0	0.0	4	1755.0417171723088	1755.2675966350116
1758.544148484307	0.5158794864898937	trials	191031SL	p15	Z08115	230	4.0	315.0	8	1758.694148484307	1758.9100279707968
1758.9744274608067	0.5158794864898937	trials	191031SL	p15	Z08115	135	14.0	0.0	8	1759.1244274608068	1759.3403069472965
1759.4047064373065	0.5258794627029602	trials	191031SL	p15	Z08115	27	11.0	45.0	4	1759.5547064373065	1759.7805859000093
1759.8449853900192	0.5158794864898937	trials	191031SL	p15	Z08115	148	12.0	45.0	8	1759.9949853900193	1760.210864876509
1760.275264366519	0.5159194863947505	trials	191031SL	p15	Z08115	146	10.0	45.0	8	1760.425264366519	1760.6411838529136
1760.7155833191368	0.5058795102765998	trials	191031SL	p15	Z08115	253	12.0	0.0	12	1760.865583319137	1761.0714628294133
1761.1258223433053	0.525919462607817	trials	191031SL	p15	Z08115	234	8.0	315.0	8	1761.2758223433054	1761.501741805913
1765.0784529412226	0.5258794627029602	trials	191031SL	p15	Z08115	204	8.0	225.0	8	1765.2284529412227	1765.4543324039255
1765.5087319177223	0.5258794627029602	trials	191031SL	p15	Z08115	189	8.0	180.0	8	1765.6587319177224	1765.8846113804252
1765.9490108704351	0.5159194863947505	trials	191031SL	p15	Z08115	156	5.0	90.0	8	1766.0990108704352	1766.3149303568298
1766.3792898469349	0.525919462607817	trials	191031SL	p15	Z08115	299	13.0	135.0	12	1766.529289846935	1766.7552093095426
1766.8096088233394	0.5258794627029602	trials	191031SL	p15	Z08115	92	1.0	270.0	4	1766.9596088233395	1767.1854882860423
1767.2498877760522	0.5258794627029602	trials	191031SL	p15	Z08115	224	13.0	270.0	8	1767.3998877760523	1767.625767238755
1767.680166752552	0.5258794627029602	trials	191031SL	p15	Z08115	333	2.0	270.0	12	1767.830166752552	1768.0560462152548
1771.3225580884323	0.5159194863945231	trials	191031SL	p15	Z08115	256	0.0	45.0	12	1771.4725580884324	1771.6884775748267
1771.7528770648369	0.5158794864896663	trials	191031SL	p15	Z08115	326	10.0	225.0	12	1771.902877064837	1772.1187565513264
1772.1831560413364	0.5258794627031875	trials	191031SL	p15	Z08115	24	8.0	45.0	4	1772.3331560413365	1772.5590355040395
1772.613435017836	0.5258794627029602	trials	191031SL	p15	Z08115	296	10.0	135.0	12	1772.7634350178362	1772.989314480539
1773.053713970549	0.525919462607817	trials	191031SL	p15	Z08115	117	11.0	315.0	4	1773.2037139705492	1773.4296334331568
1773.4839929470488	0.525919462607817	trials	191031SL	p15	Z08115	58	12.0	135.0	4	1773.633992947049	1773.8599124096565
1773.9243118996665	0.5258794627029602	trials	191031SL	p15	Z08115	320	4.0	225.0	12	1774.0743118996666	1774.3001913623693
1777.8068626642819	0.5158794864898937	trials	191031SL	p15	Z08115	227	1.0	315.0	8	1777.956862664282	1778.1727421507717
1778.2371416407816	0.525919462607817	trials	191031SL	p15	Z08115	321	5.0	225.0	12	1778.3871416407817	1778.6130611033893
1778.6774205934944	0.5159194863947505	trials	191031SL	p15	Z08115	95	4.0	270.0	4	1778.8274205934945	1779.043340079889
1779.107699569994	0.5159194863947505	trials	191031SL	p15	Z08115	162	11.0	90.0	8	1779.2576995699942	1779.4736190563888
1779.558018498825	0.49587953406353336	trials	191031SL	p15	Z08115	250	9.0	0.0	12	1779.7080184988251	1779.9038980328885
1779.9882974753248	0.5058795102765998	trials	191031SL	p15	Z08115	277	6.0	90.0	12	1780.1382974753249	1780.3441769856013
1780.4285764280376	0.49587953406353336	trials	191031SL	p15	Z08115	298	12.0	135.0	12	1780.5785764280376	1780.774455962101
1784.3612070735285	0.5258794627029602	trials	191031SL	p15	Z08115	103	12.0	270.0	4	1784.5112070735286	1784.7370865362313
1784.7914860500282	0.5258794627029602	trials	191031SL	p15	Z08115	7	6.0	0.0	4	1784.9414860500283	1785.167365512731
1785.231765002741	0.525919462607817	trials	191031SL	p15	Z08115	0			0	1785.381765002741	1785.6076844653487
1785.6620439792407	0.525919462607817	trials	191031SL	p15	Z08115	138	2.0	45.0	8	1785.8120439792408	1786.0379634418484
1786.1023629318584	0.5158794864898937	trials	191031SL	p15	Z08115	53	7.0	135.0	4	1786.2523629318584	1786.4682424183482
1786.5326019084532	0.525919462607817	trials	191031SL	p15	Z08115	205	9.0	225.0	8	1786.6826019084533	1786.908521371061
1786.972920861071	0.5158794864896663	trials	191031SL	p15	Z08115	206	10.0	225.0	8	1787.1229208610712	1787.3388003475607
1791.0656311257821	0.5258794627029602	trials	191031SL	p15	Z08115	340	9.0	270.0	12	1791.2156311257822	1791.441510588485
1791.505910078495	0.5158794864898937	trials	191031SL	p15	Z08115	73	12.0	180.0	4	1791.655910078495	1791.8717895649847
1791.9361890549947	0.525919462607817	trials	191031SL	p15	Z08115	72	11.0	180.0	4	1792.0861890549947	1792.3121085176024
1792.3664680314944	0.525919462607817	trials	191031SL	p15	Z08115	268	12.0	45.0	12	1792.5164680314945	1792.742387494102
1792.806786984112	0.5258794627029602	trials	191031SL	p15	Z08115	61	0.0	180.0	4	1792.9567869841121	1793.182666446815
1793.2370659606117	0.5258794627029602	trials	191031SL	p15	Z08115	89	13.0	225.0	4	1793.3870659606118	1793.6129454233146
1793.6773449133248	0.525919462607817	trials	191031SL	p15	Z08115	183	2.0	180.0	8	1793.8273449133249	1794.0532643759325
1797.47985586833	0.5158794864896663	trials	191031SL	p15	Z08115	18	2.0	45.0	4	1797.6298558683302	1797.8457353548197
1797.9101348448298	0.5159194863945231	trials	191031SL	p15	Z08115	355	9.0	315.0	12	1798.06013484483	1798.2760543312243
1798.3404138213295	0.525919462607817	trials	191031SL	p15	Z08115	302	1.0	180.0	12	1798.4904138213296	1798.7163332839373
1798.7807327739472	0.5158794864898937	trials	191031SL	p15	Z08115	260	4.0	45.0	12	1798.9307327739473	1799.146612260437
1799.211011750447	0.5258794627029602	trials	191031SL	p15	Z08115	125	4.0	0.0	8	1799.361011750447	1799.5868912131498
1799.6412907269466	0.5258794627029602	trials	191031SL	p15	Z08115	198	2.0	225.0	8	1799.7912907269467	1800.0171701896495
1800.0815696796594	0.525919462607817	trials	191031SL	p15	Z08115	306	5.0	180.0	12	1800.2315696796595	1800.4574891422671
1806.5258343507517	0.5158794864896663	trials	191031SL	p15	Z08115	308	7.0	180.0	12	1806.6758343507518	1806.8917138372412
1806.9561133272514	0.525919462607817	trials	191031SL	p15	Z08115	71	10.0	180.0	4	1807.1061133272515	1807.332032789859
1807.386392303751	0.525919462607817	trials	191031SL	p15	Z08115	297	11.0	135.0	12	1807.5363923037512	1807.7623117663588
1807.8267112563688	0.5258794627029602	trials	191031SL	p15	Z08115	345	14.0	270.0	12	1807.9767112563688	1808.2025907190716
1808.2569902328685	0.5258794627029602	trials	191031SL	p15	Z08115	244	3.0	0.0	12	1808.4069902328686	1808.6328696955713
1808.6972691855813	0.5158794864898937	trials	191031SL	p15	Z08115	220	9.0	270.0	8	1808.8472691855814	1809.063148672071
1809.127548162081	0.525919462607817	trials	191031SL	p15	Z08115	304	3.0	180.0	12	1809.277548162081	1809.5034676246887
1812.9300591170863	0.5158794864898937	trials	191031SL	p15	Z08115	194	13.0	180.0	8	1813.0800591170864	1813.2959386035761
1813.360338093586	0.525919462607817	trials	191031SL	p15	Z08115	131	10.0	0.0	8	1813.5103380935861	1813.7362575561938
1813.7906570699906	0.5258794627029602	trials	191031SL	p15	Z08115	323	7.0	225.0	12	1813.9406570699907	1814.1665365326935
1814.2309360227034	0.5258794627029602	trials	191031SL	p15	Z08115	216	5.0	270.0	8	1814.3809360227035	1814.6068154854063
1814.6612149992031	0.5258794627029602	trials	191031SL	p15	Z08115	170	4.0	135.0	8	1814.8112149992032	1815.037094461906
1815.101493951916	0.525919462607817	trials	191031SL	p15	Z08115	166	0.0	135.0	8	1815.251493951916	1815.4774134145237
1815.5317729284156	0.525919462607817	trials	191031SL	p15	Z08115	16	0.0	45.0	4	1815.6817729284157	1815.9076923910234
1822.1461571948462	0.5158794864898937	trials	191031SL	p15	Z08115	47	1.0	135.0	4	1822.2961571948463	1822.512036681336
1822.576436171346	0.525919462607817	trials	191031SL	p15	Z08115	311	10.0	180.0	12	1822.726436171346	1822.9523556339536
1823.0067151478456	0.525919462607817	trials	191031SL	p15	Z08115	133	12.0	0.0	8	1823.1567151478457	1823.3826346104534
1823.4369941243453	0.5359194388208834	trials	191031SL	p15	Z08115	336	5.0	270.0	12	1823.5869941243454	1823.8229135631661
1823.877313076963	0.49587953406353336	trials	191031SL	p15	Z08115	2	1.0	0.0	4	1824.027313076963	1824.2231926110264
1824.3075920534627	0.5058795102765998	trials	191031SL	p15	Z08115	68	7.0	180.0	4	1824.4575920534628	1824.6634715637392
1824.7478710061755	0.49587953406353336	trials	191031SL	p15	Z08115	283	12.0	90.0	12	1824.8978710061756	1825.093750540239
1828.3502624372031	0.5158794864898937	trials	191031SL	p15	Z08115	303	2.0	180.0	12	1828.5002624372032	1828.716141923693
1828.7805414137028	0.525919462607817	trials	191031SL	p15	Z08115	21	5.0	45.0	4	1828.930541413703	1829.1564608763106
1829.2108203902026	0.525919462607817	trials	191031SL	p15	Z08115	102	11.0	270.0	4	1829.3608203902027	1829.5867398528103
1829.6510993429156	0.525919462607817	trials	191031SL	p15	Z08115	353	7.0	315.0	12	1829.8010993429157	1830.0270188055233
1830.0914182955332	0.5158794864898937	trials	191031SL	p15	Z08115	249	8.0	0.0	12	1830.2414182955333	1830.457297782023
1830.521697272033	0.5258794627029602	trials	191031SL	p15	Z08115	113	7.0	315.0	4	1830.671697272033	1830.8975767347358
1830.9519762485327	0.525919462607817	trials	191031SL	p15	Z08115	153	2.0	90.0	8	1831.1019762485328	1831.3278957111404
1842.4495888992765	0.5158794864898937	trials	191031SL	p15	Z08115	124	3.0	0.0	8	1842.5995888992766	1842.8154683857663
1842.8798678757762	0.5258794627029602	trials	191031SL	p15	Z08115	200	4.0	225.0	8	1843.0298678757763	1843.255747338479
1843.310146852276	0.49587953406353336	trials	191031SL	p15	Z08115	12	11.0	0.0	4	1843.460146852276	1843.6560263863394
1843.7404258287756	0.5359194388211108	trials	191031SL	p15	Z08115	0			0	1843.8904258287757	1844.1263452675967
1844.1807047814887	0.525919462607817	trials	191031SL	p15	Z08115	188	7.0	180.0	8	1844.3307047814887	1844.5566242440964
1844.6210237341063	0.5258794627029602	trials	191031SL	p15	Z08115	210	14.0	225.0	8	1844.7710237341064	1844.9969031968092
1845.051302710606	0.5258794627029602	trials	191031SL	p15	Z08115	263	7.0	45.0	12	1845.2013027106061	1845.427182173309
1848.603654260663	0.5158794864896663	trials	191031SL	p15	Z08115	337	6.0	270.0	12	1848.753654260663	1848.9695337471526
1849.0339332371627	0.5258794627029602	trials	191031SL	p15	Z08115	195	14.0	180.0	8	1849.1839332371628	1849.4098126998656
1852.8064042636236	0.5159194863947505	trials	191031SL	p15	Z08115	312	11.0	180.0	12	1852.9564042636237	1853.1723237500182
1853.2266832639102	0.5059195101814566	trials	191031SL	p15	Z08115	151	0.0	90.0	8	1853.3766832639103	1853.5826027740916
1855.6082775988357	0.5258794627029602	trials	191031SL	p15	Z08115	309	8.0	180.0	12	1855.7582775988358	1855.9841570615386
1856.0385565753354	0.525919462607817	trials	191031SL	p15	Z08115	161	10.0	90.0	8	1856.1885565753355	1856.4144760379431
1856.4788355280482	0.5159194863947505	trials	191031SL	p15	Z08115	20	4.0	45.0	4	1856.6288355280483	1856.8447550144429
1856.909114504548	0.525919462607817	trials	191031SL	p15	Z08115	212	1.0	270.0	8	1857.059114504548	1857.2850339671556
1857.3394334809525	0.5258794627029602	trials	191031SL	p15	Z08115	80	4.0	225.0	4	1857.4894334809526	1857.7153129436554
1857.7797124336653	0.49587953406353336	trials	191031SL	p15	Z08115	176	10.0	135.0	8	1857.9297124336654	1858.1255919677287
1858.209991410165	0.525919462607817	trials	191031SL	p15	Z08115	275	4.0	90.0	12	1858.359991410165	1858.5859108727727
1861.9524625079866	0.5158794864896663	trials	191031SL	p15	Z08115	86	10.0	225.0	4	1862.1024625079867	1862.3183419944762
1862.3827414844861	0.5159194863947505	trials	191031SL	p15	Z08115	8	7.0	0.0	4	1862.5327414844862	1862.7486609708808
1862.813020460986	0.5259194626075896	trials	191031SL	p15	Z08115	54	8.0	135.0	4	1862.9630204609862	1863.1889399235936
1870.6782417520628	0.5158794864898937	trials	191031SL	p15	Z08115	5	4.0	0.0	4	1870.828241752063	1871.0441212385526
1871.1085207285626	0.5258794627029602	trials	191031SL	p15	Z08115	300	14.0	135.0	12	1871.2585207285626	1871.4844001912654
1871.5387997050623	0.525919462607817	trials	191031SL	p15	Z08115	33	2.0	90.0	4	1871.6887997050624	1871.91471916767
1871.979078657775	0.525919462607817	trials	191031SL	p15	Z08115	354	8.0	315.0	12	1872.1290786577752	1872.3549981203828
1872.4093576342748	0.525919462607817	trials	191031SL	p15	Z08115	127	6.0	0.0	8	1872.5593576342749	1872.7852770968825
1872.8496765868927	0.5258794627029602	trials	191031SL	p15	Z08115	77	1.0	225.0	4	1872.9996765868927	1873.2255560495955
1873.2799555633924	0.5258794627029602	trials	191031SL	p15	Z08115	301	0.0	180.0	12	1873.4299555633925	1873.6558350260952
1876.9023469468461	0.5158794864898937	trials	191031SL	p15	Z08115	142	6.0	45.0	8	1877.0523469468462	1877.268226433336
1877.3326259233459	0.49587953406353336	trials	191031SL	p15	Z08115	30	14.0	45.0	4	1877.482625923346	1877.6785054574093
1877.7629048998456	0.5058795102768272	trials	191031SL	p15	Z08115	207	11.0	225.0	8	1877.9129048998457	1878.1187844101223
1878.1931838763453	0.5359194388208834	trials	191031SL	p15	Z08115	19	3.0	45.0	4	1878.3431838763454	1878.579103315166
1878.633502828963	0.5258794627031875	trials	191031SL	p15	Z08115	209	13.0	225.0	8	1878.783502828963	1879.009382291666
1879.0737817816757	0.5258794627031875	trials	191031SL	p15	Z08115	286	0.0	135.0	12	1879.2237817816758	1879.4496612443788
1881.5354159262115	0.5158794864896663	trials	191031SL	p15	Z08115	126	5.0	0.0	8	1881.6854159262116	1881.901295412701
1881.9656949027112	0.5258794627029602	trials	191031SL	p15	Z08115	292	6.0	135.0	12	1882.1156949027113	1882.341574365414
1882.395973879211	0.525919462607817	trials	191031SL	p15	Z08115	46	0.0	135.0	4	1882.545973879211	1882.7718933418187
1882.8362528319237	0.525919462607817	trials	191031SL	p15	Z08115	64	3.0	180.0	4	1882.9862528319238	1883.2121722945315
1885.7181659767457	0.5158794864898937	trials	191031SL	p15	Z08115	291	5.0	135.0	12	1885.8681659767458	1886.0840454632355
1886.1484449532454	0.5159194863947505	trials	191031SL	p15	Z08115	122	1.0	0.0	8	1886.2984449532455	1886.51436443964
1886.5787239297451	0.525919462607817	trials	191031SL	p15	Z08115	251	10.0	0.0	12	1886.7287239297452	1886.9546433923529
1887.0090429061497	0.5058795102765998	trials	191031SL	p15	Z08115	43	12.0	90.0	4	1887.1590429061498	1887.3649224164262
1887.4493218588627	0.5258794627029602	trials	191031SL	p15	Z08115	284	13.0	90.0	12	1887.5993218588628	1887.8252013215656
1887.8796008353625	0.5258794627029602	trials	191031SL	p15	Z08115	196	0.0	225.0	8	1888.0296008353625	1888.2554802980653
1888.3198797880752	0.525919462607817	trials	191031SL	p15	Z08115	3	2.0	0.0	4	1888.4698797880753	1888.695799250683
1892.1023907906542	0.5158794864896663	trials	191031SL	p15	Z08115	265	9.0	45.0	12	1892.2523907906543	1892.4682702771438
1892.532669767154	0.525919462607817	trials	191031SL	p15	Z08115	51	5.0	135.0	4	1892.682669767154	1892.9085892297617
1894.9142641020794	0.5158794864896663	trials	191031SL	p15	Z08115	26	10.0	45.0	4	1895.0642641020795	1895.280143588569
1895.344543078579	0.5258794627031875	trials	191031SL	p15	Z08115	243	2.0	0.0	12	1895.494543078579	1895.720422541282
1895.784822031292	0.5158794864896663	trials	191031SL	p15	Z08115	118	12.0	315.0	4	1895.934822031292	1896.1507015177815
1898.3965358188345	0.5159194863945231	trials	191031SL	p15	Z08115	83	7.0	225.0	4	1898.5465358188346	1898.762455305229
1900.9682497015244	0.5158794864898937	trials	191031SL	p15	Z08115	276	5.0	90.0	12	1901.1182497015245	1901.3341291880142
1905.471198990404	0.505919510181684	trials	191031SL	p15	Z08115	237	11.0	315.0	8	1905.621198990404	1905.8271185005856
1905.9115179430219	0.5258794627029602	trials	191031SL	p15	Z08115	28	12.0	45.0	4	1906.061517943022	1906.2873974057247
1906.3517968957347	0.5158794864898937	trials	191031SL	p15	Z08115	44	13.0	90.0	4	1906.5017968957347	1906.7176763822245
1906.7820758722344	0.525919462607817	trials	191031SL	p15	Z08115	261	5.0	45.0	12	1906.9320758722345	1907.157995334842
1907.212354848734	0.525919462607817	trials	191031SL	p15	Z08115	112	6.0	315.0	4	1907.3623548487342	1907.5882743113418
1907.6526738013517	0.5258794627029602	trials	191031SL	p15	Z08115	214	3.0	270.0	8	1907.8026738013518	1908.0285532640546
1908.0829527778515	0.5258794627029602	trials	191031SL	p15	Z08115	99	8.0	270.0	4	1908.2329527778516	1908.4588322405543
1911.6353043279084	0.5258794627029602	trials	191031SL	p15	Z08115	139	3.0	45.0	8	1911.7853043279085	1912.0111837906113
1912.0655833044082	0.5258794627029602	trials	191031SL	p15	Z08115	359	13.0	315.0	12	1912.2155833044083	1912.441462767111
1912.4958622809079	0.5359194388208834	trials	191031SL	p15	Z08115	228	2.0	315.0	8	1912.645862280908	1912.8817817197287
1912.9361412336207	0.525919462607817	trials	191031SL	p15	Z08115	31	0.0	90.0	4	1913.0861412336208	1913.3120606962284
1913.3664202101204	0.525919462607817	trials	191031SL	p15	Z08115	144	8.0	45.0	8	1913.5164202101205	1913.7423396727281
1913.8067391627383	0.5258794627029602	trials	191031SL	p15	Z08115	87	11.0	225.0	4	1913.9567391627384	1914.1826186254411
1914.2370181392378	0.5258794627031875	trials	191031SL	p15	Z08115	201	5.0	225.0	8	1914.3870181392379	1914.6128976019409
1917.9094494036624	0.5158794864898937	trials	191031SL	p15	Z08115	60	14.0	135.0	4	1918.0594494036625	1918.2753288901522
1920.591203024602	0.5159194863945231	trials	191031SL	p15	Z08115	343	12.0	270.0	12	1920.741203024602	1920.9571225109964
1921.0114820248884	0.525919462607817	trials	191031SL	p15	Z08115	66	5.0	180.0	4	1921.1614820248885	1921.3874014874962
1921.4517609776012	0.5259194626080443	trials	191031SL	p15	Z08115	338	7.0	270.0	12	1921.6017609776013	1921.8276804402092
1921.8820799540058	0.5258794627029602	trials	191031SL	p15	Z08115	288	2.0	135.0	12	1922.032079954006	1922.2579594167087
1922.3223589067188	0.5258794627029602	trials	191031SL	p15	Z08115	70	9.0	180.0	4	1922.472358906719	1922.6982383694217
1922.7526378832185	0.525919462607817	trials	191031SL	p15	Z08115	197	1.0	225.0	8	1922.9026378832186	1923.1285573458263
1923.1929168359313	0.525919462607817	trials	191031SL	p15	Z08115	358	12.0	315.0	12	1923.3429168359314	1923.568836298539
1926.7452683859883	0.5159194863947505	trials	191031SL	p15	Z08115	225	14.0	270.0	8	1926.8952683859884	1927.111187872383
1927.175547362488	0.5159194863945231	trials	191031SL	p15	Z08115	267	11.0	45.0	12	1927.3255473624881	1927.5414668488825
1927.6058663388926	0.5258794627029602	trials	191031SL	p15	Z08115	233	7.0	315.0	8	1927.7558663388927	1927.9817458015955
1928.0361453153923	0.5258794627029602	trials	191031SL	p15	Z08115	356	10.0	315.0	12	1928.1861453153924	1928.4120247780952
1928.4764242681051	0.525919462607817	trials	191031SL	p15	Z08115	329	13.0	225.0	12	1928.6264242681052	1928.8523437307128
1928.9067032446048	0.525919462607817	trials	191031SL	p15	Z08115	22	6.0	45.0	4	1929.056703244605	1929.2826227072126
1929.3469821973176	0.525919462607817	trials	191031SL	p15	Z08115	254	13.0	0.0	12	1929.4969821973177	1929.7229016599254
1933.209533009507	0.5259194626075896	trials	191031SL	p15	Z08115	65	4.0	180.0	4	1933.359533009507	1933.5854524721144
1933.6498119622197	0.5159194863945231	trials	191031SL	p15	Z08115	240	14.0	315.0	8	1933.7998119622198	1934.0157314486141
1934.0801309386243	0.5258794627029602	trials	191031SL	p15	Z08115	15	14.0	0.0	4	1934.2301309386244	1934.4560104013271
1934.510409915124	0.525919462607817	trials	191031SL	p15	Z08115	25	9.0	45.0	4	1934.660409915124	1934.8863293777317
1934.9506888678368	0.525919462607817	trials	191031SL	p15	Z08115	247	6.0	0.0	12	1935.1006888678369	1935.3266083304445
1935.3809678443365	0.525919462607817	trials	191031SL	p15	Z08115	186	5.0	180.0	8	1935.5309678443366	1935.7568873069442
1935.8212867969542	0.5158794864898937	trials	191031SL	p15	Z08115	246	5.0	0.0	12	1935.9712867969542	1936.187166283444
1939.883957133121	0.525919462607817	trials	191031SL	p15	Z08115	164	13.0	90.0	8	1940.033957133121	1940.2598765957287
1940.3142361096207	0.525919462607817	trials	191031SL	p15	Z08115	96	5.0	270.0	4	1940.4642361096207	1940.6901555722284
1940.7545550622385	0.5158794864896663	trials	191031SL	p15	Z08115	334	3.0	270.0	12	1940.9045550622386	1941.120434548728
1941.1848340387382	0.5258794627029602	trials	191031SL	p15	Z08115	134	13.0	0.0	8	1941.3348340387383	1941.5607135014411
1941.615113015238	0.5258794627029602	trials	191031SL	p15	Z08115	270	14.0	45.0	12	1941.765113015238	1941.9909924779408
1942.0553919679508	0.525919462607817	trials	191031SL	p15	Z08115	279	8.0	90.0	12	1942.2053919679508	1942.4313114305585
1942.4856709444505	0.525919462607817	trials	191031SL	p15	Z08115	180	14.0	135.0	8	1942.6356709444506	1942.8615904070582
1946.2281420422719	0.5159194863947505	trials	191031SL	p15	Z08115	11	10.0	0.0	4	1946.378142042272	1946.5940615286665
1946.6584210187716	0.5159194863947505	trials	191031SL	p15	Z08115	273	2.0	90.0	12	1946.8084210187717	1947.0243405051663
1947.0887399951762	0.5258794627029602	trials	191031SL	p15	Z08115	175	9.0	135.0	8	1947.2387399951763	1947.464619457879
1947.529018947889	0.5158794864898937	trials	191031SL	p15	Z08115	139	3.0	45.0	8	1947.679018947889	1947.8948984343788
1947.959297924389	0.5258794627027328	trials	191031SL	p15	Z08115	229	3.0	315.0	8	1948.109297924389	1948.3351773870916
1948.3895769008884	0.5259194626080443	trials	191031SL	p15	Z08115	69	8.0	180.0	4	1948.5395769008885	1948.7654963634964
1948.8298558536014	0.525919462607817	trials	191031SL	p15	Z08115	100	9.0	270.0	4	1948.9798558536015	1949.2057753162092
1952.4422472608421	0.525919462607817	trials	191031SL	p15	Z08115	311	10.0	180.0	12	1952.5922472608422	1952.8181667234498
1952.8825662134598	0.5158794864898937	trials	191031SL	p15	Z08115	261	5.0	45.0	12	1953.0325662134599	1953.2484456999496
1953.3128451899595	0.5258794627029602	trials	191031SL	p15	Z08115	128	7.0	0.0	8	1953.4628451899596	1953.6887246526624
1953.7431241664592	0.5258794627029602	trials	191031SL	p15	Z08115	158	7.0	90.0	8	1953.8931241664593	1954.119003629162
1954.183403119172	0.525919462607817	trials	191031SL	p15	Z08115	326	10.0	225.0	12	1954.333403119172	1954.5593225817797
1954.6136820956717	0.525919462607817	trials	191031SL	p15	Z08115	88	12.0	225.0	4	1954.7636820956718	1954.9896015582794
1955.0540010482896	0.5258794627029602	trials	191031SL	p15	Z08115	26	10.0	45.0	4	1955.2040010482897	1955.4298805109925
1958.6863924079566	0.5158794864896663	trials	191031SL	p15	Z08115	181	0.0	180.0	8	1958.8363924079567	1959.0522718944462
1959.1166713844564	0.5258794627029602	trials	191031SL	p15	Z08115	122	1.0	0.0	8	1959.2666713844565	1959.4925508471592
1959.546950360956	0.525919462607817	trials	191031SL	p15	Z08115	251	10.0	0.0	12	1959.6969503609562	1959.9228698235638
1959.9872293136689	0.525919462607817	trials	191031SL	p15	Z08115	317	1.0	225.0	12	1960.137229313669	1960.3631487762766
1960.4175482900735	0.5258794627029602	trials	191031SL	p15	Z08115	93	2.0	270.0	4	1960.5675482900735	1960.7934277527763
1960.8578272427862	0.5158794864898937	trials	191031SL	p15	Z08115	352	6.0	315.0	12	1961.0078272427863	1961.223706729276
1961.288106219286	0.5258794627029602	trials	191031SL	p15	Z08115	108	2.0	315.0	4	1961.438106219286	1961.6639856819888
1965.360776531666	0.5159194863945231	trials	191031SL	p15	Z08115	27	11.0	45.0	4	1965.5107765316661	1965.7266960180605
1965.8010954842837	0.5158794864898937	trials	191031SL	p15	Z08115	299	13.0	135.0	12	1965.9510954842838	1966.1669749707735
1966.2213744845703	0.5258794627029602	trials	191031SL	p15	Z08115	265	9.0	45.0	12	1966.3713744845704	1966.5972539472732
1966.6616534372831	0.5158794864898937	trials	191031SL	p15	Z08115	65	4.0	180.0	4	1966.8116534372832	1967.027532923773
1969.4034469154064	0.525919462607817	trials	191031SL	p15	Z08115	271	0.0	90.0	12	1969.5534469154065	1969.7793663780142
1969.833765891811	0.5258794627029602	trials	191031SL	p15	Z08115	106	0.0	315.0	4	1969.9837658918111	1970.209645354514
1970.2740448445238	0.5158794864898937	trials	191031SL	p15	Z08115	264	8.0	45.0	12	1970.424044844524	1970.6399243310136
1970.7043238210235	0.525919462607817	trials	191031SL	p15	Z08115	296	10.0	135.0	12	1970.8543238210236	1971.0802432836313
1971.1346027975233	0.525919462607817	trials	191031SL	p15	Z08115	250	9.0	0.0	12	1971.2846027975233	1971.510522260131
1971.5749217501411	0.5258794627029602	trials	191031SL	p15	Z08115	71	10.0	180.0	4	1971.7249217501412	1971.950801212844
1972.0052007266406	0.5258794627029602	trials	191031SL	p15	Z08115	52	6.0	135.0	4	1972.1552007266407	1972.3810801893435
1976.2479906343588	0.5158794864898937	trials	191031SL	p15	Z08115	33	2.0	90.0	4	1976.3979906343588	1976.6138701208486
1976.6782696108585	0.525919462607817	trials	191031SL	p15	Z08115	254	13.0	0.0	12	1976.8282696108586	1977.0541890734662
1977.1085485873582	0.525919462607817	trials	191031SL	p15	Z08115	284	13.0	90.0	12	1977.2585485873583	1977.484468049966
1977.548867539976	0.5158794864896663	trials	191031SL	p15	Z08115	300	14.0	135.0	12	1977.6988675399762	1977.9147470264656
1977.9791465164758	0.5258794627029602	trials	191031SL	p15	Z08115	336	5.0	270.0	12	1978.1291465164759	1978.3550259791787
1978.4094254929755	0.5258794627029602	trials	191031SL	p15	Z08115	333	2.0	270.0	12	1978.5594254929756	1978.7853049556784
1978.8497044456883	0.525919462607817	trials	191031SL	p15	Z08115	353	7.0	315.0	12	1978.9997044456884	1979.225623908296
1983.3927336392303	0.5158794864896663	trials	191031SL	p15	Z08115	153	2.0	90.0	8	1983.5427336392304	1983.7586131257199
1983.8129726396119	0.525919462607817	trials	191031SL	p15	Z08115	97	6.0	270.0	4	1983.962972639612	1984.1888921022196
1984.2532915922297	0.49587953406353336	trials	191031SL	p15	Z08115	234	8.0	315.0	8	1984.4032915922298	1984.5991711262932
1987.085164856081	0.5158794864898937	trials	191031SL	p15	Z08115	325	9.0	225.0	12	1987.2351648560812	1987.4510443425709
1987.5154438325808	0.5258794627029602	trials	191031SL	p15	Z08115	42	11.0	90.0	4	1987.6654438325809	1987.8913232952837
1987.9457228090805	0.5258794627029602	trials	191031SL	p15	Z08115	202	6.0	225.0	8	1988.0957228090806	1988.3216022717834
1988.3760017855802	0.525919462607817	trials	191031SL	p15	Z08115	161	10.0	90.0	8	1988.5260017855803	1988.751921248188
1988.816280738293	0.525919462607817	trials	191031SL	p15	Z08115	46	0.0	135.0	4	1988.966280738293	1989.1922002009007
1989.2465597147927	0.525919462607817	trials	191031SL	p15	Z08115	308	7.0	180.0	12	1989.3965597147928	1989.6224791774005
1989.6868786674104	0.5258794627029602	trials	191031SL	p15	Z08115	140	4.0	45.0	8	1989.8368786674105	1990.0627581301133
1993.659509217754	0.5158794864898937	trials	191031SL	p15	Z08115	180	14.0	135.0	8	1993.809509217754	1994.0253887042438
1996.601422219855	0.5159194863945231	trials	191031SL	p15	Z08115	197	1.0	225.0	8	1996.7514222198552	1996.9673417062495
1997.0417411724727	0.5058795102765998	trials	191031SL	p15	Z08115	125	4.0	0.0	8	1997.1917411724728	1997.3976206827492
1997.4720201489724	0.5359194388211108	trials	191031SL	p15	Z08115	211	0.0	270.0	8	1997.6220201489725	1997.8579395877935
1997.9122991016852	0.525919462607817	trials	191031SL	p15	Z08115	20	4.0	45.0	4	1998.0622991016853	1998.288218564293
1998.352618054303	0.49583953415867654	trials	191031SL	p15	Z08115	298	12.0	135.0	12	1998.5026180543032	1998.6984575884617
1998.7828970308028	0.49583953415867654	trials	191031SL	p15	Z08115	58	12.0	135.0	4	1998.932897030803	1999.1287365649614
1999.2131760073025	0.5058795102765998	trials	191031SL	p15	Z08115	289	3.0	135.0	12	1999.3631760073026	1999.569055517579
2002.9256071765797	0.5159194863947505	trials	191031SL	p15	Z08115	243	2.0	0.0	12	2003.0756071765798	2003.2915266629743
2003.3458861768663	0.525919462607817	trials	191031SL	p15	Z08115	23	7.0	45.0	4	2003.4958861768664	2003.721805639474
2003.786205129484	0.5258794627029602	trials	191031SL	p15	Z08115	203	7.0	225.0	8	2003.936205129484	2004.1620845921868
2004.2164841059837	0.5258794627029602	trials	191031SL	p15	Z08115	215	4.0	270.0	8	2004.3664841059838	2004.5923635686866
2004.6567630586965	0.5258794627029602	trials	191031SL	p15	Z08115	142	6.0	45.0	8	2004.8067630586966	2005.0326425213993
2005.0870420351962	0.5158794864896663	trials	191031SL	p15	Z08115	133	12.0	0.0	8	2005.2370420351963	2005.4529215216858
2005.5373609640271	0.495879534063306	trials	191031SL	p15	Z08115	123	2.0	0.0	8	2005.6873609640272	2005.8832404980903
2009.6300312288333	0.5159194863947505	trials	191031SL	p15	Z08115	329	13.0	225.0	12	2009.7800312288334	2009.995950715228
2010.060350205238	0.5258794627029602	trials	191031SL	p15	Z08115	191	10.0	180.0	8	2010.210350205238	2010.4362296679408
2010.520629110377	0.49587953406353336	trials	191031SL	p15	Z08115	13	12.0	0.0	4	2010.6706291103771	2010.8665086444405
2010.9609480629947	0.49583953415867654	trials	191031SL	p15	Z08115	258	2.0	45.0	12	2011.1109480629948	2011.3067875971533
2011.3912270394944	0.5058795102768272	trials	191031SL	p15	Z08115	205	9.0	225.0	8	2011.5412270394945	2011.7471065497712
2011.8215060159941	0.5058795102768272	trials	191031SL	p15	Z08115	60	14.0	135.0	4	2011.9715060159942	2012.1773855262709
2012.2617849687072	0.525919462607817	trials	191031SL	p15	Z08115	292	6.0	135.0	12	2012.4117849687073	2012.637704431315
2016.18437563808	0.5158794864898937	trials	191031SL	p15	Z08115	301	0.0	180.0	12	2016.33437563808	2016.5502551245697
2022.7287200711135	0.5158794864896663	trials	191031SL	p15	Z08115	99	8.0	270.0	4	2022.8787200711135	2023.094599557603
2023.1489990713999	0.5058795102768272	trials	191031SL	p15	Z08115	177	11.0	135.0	8	2023.2989990714	2023.5048785816766
2023.5792780478996	0.5058795102768272	trials	191031SL	p15	Z08115	24	8.0	45.0	4	2023.7292780478997	2023.9351575581763
2024.0195570006126	0.5058795102765998	trials	191031SL	p15	Z08115	227	1.0	315.0	8	2024.1695570006127	2024.3754365108891
2024.439836000899	0.49587953406353336	trials	191031SL	p15	Z08115	175	9.0	135.0	8	2024.5898360008991	2024.7857155349625
2024.8701149773988	0.525919462607817	trials	191031SL	p15	Z08115	269	13.0	45.0	12	2025.0201149773989	2025.2460344400065
2025.3103939301116	0.5259194626080443	trials	191031SL	p15	Z08115	9	8.0	0.0	4	2025.4603939301116	2025.6863133927195
2028.9528252658968	0.5158794864898937	trials	191031SL	p15	Z08115	45	14.0	90.0	4	2029.1028252658969	2029.3187047523866
2029.3731042661834	0.5258794627029602	trials	191031SL	p15	Z08115	279	8.0	90.0	12	2029.5231042661835	2029.7489837288863
2029.8133832188962	0.5158794864898937	trials	191031SL	p15	Z08115	338	7.0	270.0	12	2029.9633832188963	2030.179262705386
2030.243662195396	0.525919462607817	trials	191031SL	p15	Z08115	166	0.0	135.0	8	2030.393662195396	2030.6195816580037
2030.6839811480136	0.5158794864898937	trials	191031SL	p15	Z08115	2	1.0	0.0	4	2030.8339811480137	2031.0498606345034
2031.1142601245133	0.5258794627029602	trials	191031SL	p15	Z08115	38	7.0	90.0	4	2031.2642601245134	2031.4901395872162
2031.544539101013	0.5258794627029602	trials	191031SL	p15	Z08115	87	11.0	225.0	4	2031.694539101013	2031.9204185637159
2037.358365271723	0.5158794864896663	trials	191031SL	p15	Z08115	206	10.0	225.0	8	2037.508365271723	2037.7242447582125
2037.7886442482227	0.49587953406353336	trials	191031SL	p15	Z08115	61	0.0	180.0	4	2037.9386442482228	2038.1345237822861
2041.2509560124563	0.5158794864898937	trials	191031SL	p15	Z08115	8	7.0	0.0	4	2041.4009560124564	2041.616835498946
2041.681234988956	0.5158794864898937	trials	191031SL	p15	Z08115	67	6.0	180.0	4	2041.831234988956	2042.0471144754458
2042.1015139892424	0.5258794627031875	trials	191031SL	p15	Z08115	81	5.0	225.0	4	2042.2515139892425	2042.4773934519455
2042.5417929419555	0.5158794864896663	trials	191031SL	p15	Z08115	216	5.0	270.0	8	2042.6917929419556	2042.907672428445
2042.9720719184552	0.525919462607817	trials	191031SL	p15	Z08115	47	1.0	135.0	4	2043.1220719184553	2043.347991381063
2043.402350894955	0.525919462607817	trials	191031SL	p15	Z08115	136	0.0	45.0	8	2043.552350894955	2043.7782703575626
2043.8426698475726	0.5258794627029602	trials	191031SL	p15	Z08115	37	6.0	90.0	4	2043.9926698475726	2044.2185493102754
2049.5964561610986	0.525919462607817	trials	191031SL	p15	Z08115	219	8.0	270.0	8	2049.7464561610986	2049.9723756237063
2050.0267351375983	0.5159194863949779	trials	191031SL	p15	Z08115	19	3.0	45.0	4	2050.1767351375984	2050.392654623993
2050.4770540664294	0.49587953406353336	trials	191031SL	p15	Z08115	343	12.0	270.0	12	2050.6270540664295	2050.822933600493
2050.907333042929	0.5058795102763725	trials	191031SL	p15	Z08115	117	11.0	315.0	4	2051.0573330429293	2051.2632125532054
2051.337612019429	0.5058795102763725	trials	191031SL	p15	Z08115	77	1.0	225.0	4	2051.487612019429	2051.693491529705
2051.747891043502	0.5258794627029602	trials	191031SL	p15	Z08115	274	3.0	90.0	12	2051.897891043502	2052.123770506205
2052.188169996215	0.525919462607817	trials	191031SL	p15	Z08115	223	12.0	270.0	8	2052.338169996215	2052.5640894588228
2055.800561403456	0.5258794627025054	trials	191031SL	p15	Z08115	3	2.0	0.0	4	2055.950561403456	2056.1764408661584
2056.2408403561685	0.515879486490121	trials	191031SL	p15	Z08115	199	3.0	225.0	8	2056.3908403561686	2056.6067198426585
2056.6711193326682	0.525919462607817	trials	191031SL	p15	Z08115	78	2.0	225.0	4	2056.8211193326683	2057.047038795276
2059.0527136675937	0.5158794864896663	trials	191031SL	p15	Z08115	110	4.0	315.0	4	2059.202713667594	2059.4185931540833
2059.47299266788	0.5258794627029602	trials	191031SL	p15	Z08115	293	7.0	135.0	12	2059.62299266788	2059.848872130583
2059.913271620593	0.525919462607817	trials	191031SL	p15	Z08115	72	11.0	180.0	4	2060.0632716205932	2060.289191083201
2060.353550573306	0.5159194863945231	trials	191031SL	p15	Z08115	12	11.0	0.0	4	2060.5035505733063	2060.7194700597006
2060.7838695497107	0.5258794627029602	trials	191031SL	p15	Z08115	0			0	2060.933869549711	2061.1597490124136
2061.2141485262105	0.5258794627029602	trials	191031SL	p15	Z08115	40	9.0	90.0	4	2061.3641485262106	2061.5900279889133
2061.654427478923	0.5258794627029602	trials	191031SL	p15	Z08115	267	11.0	45.0	12	2061.804427478923	2062.030306941626
2065.256778910046	0.5159194863949779	trials	191031SL	p15	Z08115	231	5.0	315.0	8	2065.406778910046	2065.6226983964407
2065.6870978864504	0.5258794627029602	trials	191031SL	p15	Z08115	193	12.0	180.0	8	2065.8370978864505	2066.0629773491532
2066.11737686295	0.5258794627029602	trials	191031SL	p15	Z08115	257	1.0	45.0	12	2066.26737686295	2066.493256325653
2066.557655815663	0.5159194863945231	trials	191031SL	p15	Z08115	176	10.0	135.0	8	2066.707655815663	2066.9235753020575
2066.987934792163	0.525919462607817	trials	191031SL	p15	Z08115	48	2.0	135.0	4	2067.137934792163	2067.3638542547706
2067.4182137686626	0.525919462607817	trials	191031SL	p15	Z08115	126	5.0	0.0	8	2067.5682137686626	2067.7941332312703
2067.85853272128	0.5258794627034149	trials	191031SL	p15	Z08115	95	4.0	270.0	4	2068.00853272128	2068.2344121839833
2071.550963938131	0.5158794864896663	trials	191031SL	p15	Z08115	358	12.0	315.0	12	2071.7009639381313	2071.9168434246208
2071.9712429384176	0.525919462607817	trials	191031SL	p15	Z08115	253	12.0	0.0	12	2072.1212429384177	2072.3471624010253
2072.4115218911306	0.5159194863945231	trials	191031SL	p15	Z08115	244	3.0	0.0	12	2072.5615218911307	2072.777441377525
2072.8418408675348	0.5258794627034149	trials	191031SL	p15	Z08115	236	10.0	315.0	8	2072.991840867535	2073.217720330238
2073.272119844035	0.5258794627029602	trials	191031SL	p15	Z08115	288	2.0	135.0	12	2073.422119844035	2073.647999306738
2073.7123987967475	0.5258794627029602	trials	191031SL	p15	Z08115	210	14.0	225.0	8	2073.8623987967476	2074.0882782594504
2076.624311870209	0.5258794627029602	trials	191031SL	p15	Z08115	183	2.0	180.0	8	2076.774311870209	2077.000191332912
2077.054590846709	0.525919462607817	trials	191031SL	p15	Z08115	283	12.0	90.0	12	2077.204590846709	2077.4305103093166
2077.4949097993267	0.5158794864896663	trials	191031SL	p15	Z08115	90	14.0	225.0	4	2077.644909799327	2077.8607892858163
2077.925188775826	0.5258794627034149	trials	191031SL	p15	Z08115	237	11.0	315.0	8	2078.075188775826	2078.3010682385293
2078.365467728539	0.515879486490121	trials	191031SL	p15	Z08115	260	4.0	45.0	12	2078.515467728539	2078.731347215029
2078.7957467050387	0.525919462607817	trials	191031SL	p15	Z08115	307	6.0	180.0	12	2078.945746705039	2079.1716661676464
2079.2260256815384	0.525919462607817	trials	191031SL	p15	Z08115	320	4.0	225.0	12	2079.3760256815385	2079.601945144146
2085.5602106144765	0.5159194863945231	trials	191031SL	p15	Z08115	53	7.0	135.0	4	2085.7102106144766	2085.926130100871
2085.9904895909763	0.525919462607817	trials	191031SL	p15	Z08115	7	6.0	0.0	4	2086.1404895909764	2086.366409053584
2086.4208085673804	0.5258794627034149	trials	191031SL	p15	Z08115	5	4.0	0.0	4	2086.5708085673805	2086.7966880300837
2086.8610875200934	0.5158794864896663	trials	191031SL	p15	Z08115	309	8.0	180.0	12	2087.0110875200935	2087.226967006583
2087.291366496593	0.525919462607817	trials	191031SL	p15	Z08115	44	13.0	90.0	4	2087.441366496593	2087.667285959201
2087.731645449306	0.5159194863945231	trials	191031SL	p15	Z08115	101	10.0	270.0	4	2087.8816454493062	2088.0975649357006
2088.161924425806	0.525919462607817	trials	191031SL	p15	Z08115	91	0.0	270.0	4	2088.311924425806	2088.5378438884136
2092.044515190326	0.5258794627029602	trials	191031SL	p15	Z08115	32	1.0	90.0	4	2092.194515190326	2092.420394653029
2092.4747941668256	0.5058795102768272	trials	191031SL	p15	Z08115	351	5.0	315.0	12	2092.6247941668257	2092.8306736771024
2092.9050731433254	0.5058795102768272	trials	191031SL	p15	Z08115	171	5.0	135.0	8	2093.0550731433254	2093.260952653602
2093.315352167399	0.5258794627029602	trials	191031SL	p15	Z08115	105	14.0	270.0	4	2093.465352167399	2093.691231630102
2093.7456311438987	0.525919462607817	trials	191031SL	p15	Z08115	196	0.0	225.0	8	2093.8956311438988	2094.1215506065064
2094.185910096611	0.525919462607817	trials	191031SL	p15	Z08115	212	1.0	270.0	8	2094.3359100966113	2094.561829559219
2094.616229073016	0.5258794627029602	trials	191031SL	p15	Z08115	256	0.0	45.0	12	2094.766229073016	2094.9921085357187
2100.900374124983	0.515879486490121	trials	191031SL	p15	Z08115	303	2.0	180.0	12	2101.050374124983	2101.266253611473
2101.3206131253646	0.525919462607817	trials	191031SL	p15	Z08115	79	3.0	225.0	4	2101.4706131253647	2101.6965325879723
2101.7609320779825	0.5258794627029602	trials	191031SL	p15	Z08115	103	12.0	270.0	4	2101.9109320779826	2102.1368115406854
2102.191211054482	0.515879486490121	trials	191031SL	p15	Z08115	127	6.0	0.0	8	2102.3412110544823	2102.5570905409722
2102.641489983408	0.525919462607817	trials	191031SL	p15	Z08115	209	13.0	225.0	8	2102.791489983408	2103.017409446016
2103.081808936026	0.5258794627029602	trials	191031SL	p15	Z08115	194	13.0	180.0	8	2103.231808936026	2103.457688398729
2105.87364229512	0.525919462607817	trials	191031SL	p15	Z08115	63	2.0	180.0	4	2106.02364229512	2106.249561757728
2106.30392127162	0.525919462607817	trials	191031SL	p15	Z08115	94	3.0	270.0	4	2106.45392127162	2106.6798407342276
2106.7442402242373	0.5258794627029602	trials	191031SL	p15	Z08115	195	14.0	180.0	8	2106.8942402242374	2107.12011968694
2107.174519200737	0.5158794864896663	trials	191031SL	p15	Z08115	172	6.0	135.0	8	2107.324519200737	2107.5403986872266
2107.6247981296633	0.49587953406353336	trials	191031SL	p15	Z08115	242	1.0	0.0	12	2107.7747981296634	2107.9706776637267
2108.0550771061626	0.5058795102768272	trials	191031SL	p15	Z08115	339	8.0	270.0	12	2108.2050771061627	2108.4109566164393
2108.4953560588756	0.525919462607817	trials	191031SL	p15	Z08115	115	9.0	315.0	4	2108.6453560588757	2108.8712755214833
2111.9676677993225	0.5158794864896663	trials	191031SL	p15	Z08115	34	3.0	90.0	4	2112.1176677993226	2112.333547285812
2112.397946775822	0.525919462607817	trials	191031SL	p15	Z08115	174	8.0	135.0	8	2112.5479467758223	2112.77386623843
2112.828265752227	0.5258794627029602	trials	191031SL	p15	Z08115	208	12.0	225.0	8	2112.978265752227	2113.2041452149297
2113.2685447049394	0.5258794627034149	trials	191031SL	p15	Z08115	147	11.0	45.0	8	2113.4185447049394	2113.6444241676427
2113.698823681439	0.5258794627034149	trials	191031SL	p15	Z08115	68	7.0	180.0	4	2113.848823681439	2114.0747031441424
2114.139102634152	0.515879486490121	trials	191031SL	p15	Z08115	282	11.0	90.0	12	2114.289102634152	2114.504982120642
2116.8208962549966	0.5158794864896663	trials	191031SL	p15	Z08115	149	13.0	45.0	8	2116.9708962549967	2117.186775741486
2117.241175255283	0.5258794627029602	trials	191031SL	p15	Z08115	230	4.0	315.0	8	2117.391175255283	2117.617054717986
2117.681454207996	0.5258794627029602	trials	191031SL	p15	Z08115	83	7.0	225.0	4	2117.831454207996	2118.057333670699
2118.1117331844957	0.5058795102768272	trials	191031SL	p15	Z08115	55	9.0	135.0	4	2118.261733184496	2118.4676126947725
2118.5420121609955	0.5058795102768272	trials	191031SL	p15	Z08115	235	9.0	315.0	8	2118.6920121609955	2118.897891671272
2118.9822911137085	0.5059195101812293	trials	191031SL	p15	Z08115	270	14.0	45.0	12	2119.1322911137086	2119.3382106238896
2119.4126100901126	0.5058795102768272	trials	191031SL	p15	Z08115	75	14.0	180.0	4	2119.5626100901127	2119.7684896003893
2123.3151608071544	0.5058795102768272	trials	191031SL	p15	Z08115	337	6.0	270.0	12	2123.4651608071545	2123.671040317431
2123.7354398074413	0.49587953406353336	trials	191031SL	p15	Z08115	111	5.0	315.0	4	2123.8854398074413	2124.0813193415047
2124.1657187839405	0.49587953406353336	trials	191031SL	p15	Z08115	327	11.0	225.0	12	2124.3157187839406	2124.511598318004
2124.5960377603456	0.5358794389157993	trials	191031SL	p15	Z08115	204	8.0	225.0	8	2124.7460377603456	2124.9819171992613
2125.036316713058	0.5258794627029602	trials	191031SL	p15	Z08115	207	11.0	225.0	8	2125.186316713058	2125.412196175761
2125.476595665771	0.525919462607817	trials	191031SL	p15	Z08115	25	9.0	45.0	4	2125.626595665771	2125.852515128379
2125.906874642271	0.525919462607817	trials	191031SL	p15	Z08115	35	4.0	90.0	4	2126.056874642271	2126.2827941048786
2129.5993058591216	0.5159194863945231	trials	191031SL	p15	Z08115	192	11.0	180.0	8	2129.7493058591217	2129.965225345516
2130.019584859408	0.525919462607817	trials	191031SL	p15	Z08115	170	4.0	135.0	8	2130.169584859408	2130.3955043220158
2130.459903812026	0.5258794627029602	trials	191031SL	p15	Z08115	232	6.0	315.0	8	2130.609903812026	2130.835783274729
2130.8901827885256	0.5258794627029602	trials	191031SL	p15	Z08115	357	11.0	315.0	12	2131.0401827885257	2131.2660622512285
2131.330461741238	0.5259194626082717	trials	191031SL	p15	Z08115	218	7.0	270.0	8	2131.4804617412383	2131.7063812038464
2131.7607407177384	0.525919462607817	trials	191031SL	p15	Z08115	182	1.0	180.0	8	2131.9107407177385	2132.136660180346
2132.2010596703562	0.5258794627025054	trials	191031SL	p15	Z08115	80	4.0	225.0	4	2132.3510596703563	2132.5769391330587
2135.913490839633	0.5258794627029602	trials	191031SL	p15	Z08115	355	9.0	315.0	12	2136.0634908396332	2136.289370302336
2136.343769816133	0.525919462607817	trials	191031SL	p15	Z08115	11	10.0	0.0	4	2136.493769816133	2136.7196892787406
2136.7740487926326	0.5159194863945231	trials	191031SL	p15	Z08115	222	11.0	270.0	8	2136.9240487926327	2137.139968279027
2137.2243677214633	0.535879438916254	trials	191031SL	p15	Z08115	314	13.0	180.0	12	2137.3743677214634	2137.6102471603795
2137.6646466741763	0.525919462607817	trials	191031SL	p15	Z08115	190	9.0	180.0	8	2137.8146466741764	2138.040566136784
2138.1049256268893	0.525919462607817	trials	191031SL	p15	Z08115	151	0.0	90.0	8	2138.2549256268894	2138.480845089497
2138.535244603294	0.5258794627029602	trials	191031SL	p15	Z08115	86	10.0	225.0	4	2138.685244603294	2138.911124065997
2142.0675562010197	0.525919462607817	trials	191031SL	p15	Z08115	297	11.0	135.0	12	2142.2175562010198	2142.4434756636274
2142.4978351775194	0.525919462607817	trials	191031SL	p15	Z08115	144	8.0	45.0	8	2142.6478351775195	2142.873754640127
2142.938154130137	0.5258794627029602	trials	191031SL	p15	Z08115	66	5.0	180.0	4	2143.088154130137	2143.3140335928397
2143.3684331066365	0.5258794627029602	trials	191031SL	p15	Z08115	152	1.0	90.0	8	2143.5184331066366	2143.7443125693394
2143.8087120593495	0.5158794864896663	trials	191031SL	p15	Z08115	57	11.0	135.0	4	2143.9587120593496	2144.174591545839
2144.2389910358493	0.525919462607817	trials	191031SL	p15	Z08115	360	14.0	315.0	12	2144.3889910358494	2144.614910498457
2144.6792699885623	0.5159194863945231	trials	191031SL	p15	Z08115	22	6.0	45.0	4	2144.8292699885624	2145.0451894749567
2148.7419803246335	0.515879486490121	trials	191031SL	p15	Z08115	169	3.0	135.0	8	2148.8919803246336	2149.1078598111235
2149.172259301133	0.5258794627034149	trials	191031SL	p15	Z08115	249	8.0	0.0	12	2149.3222593011333	2149.5481387638365
2149.612538253846	0.5159194863945231	trials	191031SL	p15	Z08115	28	12.0	45.0	4	2149.7625382538463	2149.9784577402406
2152.0541724459554	0.5158794864896663	trials	191031SL	p15	Z08115	165	14.0	90.0	8	2152.2041724459555	2152.420051932445
2152.484451422455	0.5058795102768272	trials	191031SL	p15	Z08115	233	7.0	315.0	8	2152.634451422455	2152.840330932732
2152.8947304465287	0.5058795102768272	trials	191031SL	p15	Z08115	15	14.0	0.0	4	2153.044730446529	2153.2506099568054
2153.3350093992417	0.5058795102763725	trials	191031SL	p15	Z08115	56	10.0	135.0	4	2153.485009399242	2153.690888909518
2153.7652883757414	0.5359194388206561	trials	191031SL	p15	Z08115	163	12.0	90.0	8	2153.9152883757415	2154.151207814562
2154.205567328454	0.525919462607817	trials	191031SL	p15	Z08115	121	0.0	0.0	8	2154.355567328454	2154.5814867910617
2154.645886281072	0.5158794864896663	trials	191031SL	p15	Z08115	179	13.0	135.0	8	2154.795886281072	2155.0117657675614
2158.3082775693783	0.525919462607817	trials	191031SL	p15	Z08115	341	10.0	270.0	12	2158.4582775693784	2158.684197031986
2158.738596545783	0.5258794627029602	trials	191031SL	p15	Z08115	346	0.0	315.0	12	2158.888596545783	2159.114476008486
2159.178875498496	0.5158794864896663	trials	191031SL	p15	Z08115	131	10.0	0.0	8	2159.328875498496	2159.5447549849855
2159.6091544749956	0.5258794627025054	trials	191031SL	p15	Z08115	31	0.0	90.0	4	2159.7591544749957	2159.985033937698
2160.0394334514954	0.525919462607817	trials	191031SL	p15	Z08115	132	11.0	0.0	8	2160.1894334514955	2160.415352914103
2160.479712404208	0.525919462607817	trials	191031SL	p15	Z08115	255	14.0	0.0	12	2160.629712404208	2160.8556318668157
2160.9100313806125	0.5258794627029602	trials	191031SL	p15	Z08115	239	13.0	315.0	8	2161.0600313806126	2161.2859108433154
2164.6324625261027	0.515879486490121	trials	191031SL	p15	Z08115	262	6.0	45.0	12	2164.782462526103	2164.9983420125927
2165.0627815025077	0.5258794627025054	trials	191031SL	p15	Z08115	155	4.0	90.0	8	2165.212781502508	2165.43866096521
2165.493060479007	0.5258794627029602	trials	191031SL	p15	Z08115	302	1.0	180.0	12	2165.643060479007	2165.86893994171
2165.93333943172	0.5258794627029602	trials	191031SL	p15	Z08115	252	11.0	0.0	12	2166.08333943172	2166.309218894423
2166.3636184082197	0.5258794627029602	trials	191031SL	p15	Z08115	148	12.0	45.0	8	2166.51361840822	2166.7394978709226
2166.8038973609323	0.5259194626082717	trials	191031SL	p15	Z08115	6	5.0	0.0	4	2166.9538973609324	2167.1798168235405
2167.2341763374325	0.5259194626073622	trials	191031SL	p15	Z08115	189	8.0	180.0	8	2167.3841763374326	2167.6100958000397
2170.8666076970044	0.5258794627029602	trials	191031SL	p15	Z08115	263	7.0	45.0	12	2171.0166076970045	2171.2424871597073
2171.296886673504	0.5058795102763725	trials	191031SL	p15	Z08115	173	7.0	135.0	8	2171.446886673504	2171.6527661837804
2171.727165650004	0.5058795102763725	trials	191031SL	p15	Z08115	84	8.0	225.0	4	2171.877165650004	2172.08304516028
2172.1674446027164	0.49587953406353336	trials	191031SL	p15	Z08115	268	12.0	45.0	12	2172.3174446027165	2172.51332413678
2172.597723579216	0.5058795102768272	trials	191031SL	p15	Z08115	224	13.0	270.0	8	2172.747723579216	2172.953603089493
2173.038042531834	0.49587953406353336	trials	191031SL	p15	Z08115	278	7.0	90.0	12	2173.188042531834	2173.3839220658974
2173.4683215083337	0.5058795102768272	trials	191031SL	p15	Z08115	50	4.0	135.0	4	2173.618321508334	2173.8242010186104
2177.290832415765	0.5158794864896663	trials	191031SL	p15	Z08115	135	14.0	0.0	8	2177.4408324157653	2177.6567119022548
2177.721111392265	0.525919462607817	trials	191031SL	p15	Z08115	64	3.0	180.0	4	2177.871111392265	2178.0970308548726
2178.161430344883	0.5158794864896663	trials	191031SL	p15	Z08115	130	9.0	0.0	8	2178.311430344883	2178.5273098313723
2178.5917093213825	0.5258794627029602	trials	191031SL	p15	Z08115	14	13.0	0.0	4	2178.7417093213826	2178.9675887840854
2179.021988297882	0.5258794627029602	trials	191031SL	p15	Z08115	259	3.0	45.0	12	2179.1719882978823	2179.397867760585
2179.4622672505952	0.5259194626073622	trials	191031SL	p15	Z08115	162	11.0	90.0	8	2179.6122672505953	2179.8381867132025
2179.892546227095	0.525919462607817	trials	191031SL	p15	Z08115	141	5.0	45.0	8	2180.042546227095	2180.2684656897027
2183.5549775153063	0.4958795340630786	trials	191031SL	p15	Z08115	185	4.0	180.0	8	2183.7049775153064	2183.9008570493693
2183.985256491806	0.5058795102763725	trials	191031SL	p15	Z08115	354	8.0	315.0	12	2184.135256491806	2184.3411360020823
2184.4255354445186	0.49587953406353336	trials	191031SL	p15	Z08115	245	4.0	0.0	12	2184.5755354445187	2184.771414978582
2184.855854420923	0.5058795102768272	trials	191031SL	p15	Z08115	74	13.0	180.0	4	2185.0058544209232	2185.2117339312
2185.296133373636	0.49587953406353336	trials	191031SL	p15	Z08115	30	14.0	45.0	4	2185.4461333736363	2185.6420129076996
2185.726412350136	0.5058795102768272	trials	191031SL	p15	Z08115	295	9.0	135.0	12	2185.876412350136	2186.0822918604126
2186.1666913028484	0.49587953406353336	trials	191031SL	p15	Z08115	246	5.0	0.0	12	2186.3166913028485	2186.512570836912
2190.569600829692	0.525919462607817	trials	191031SL	p15	Z08115	82	6.0	225.0	4	2190.719600829692	2190.9455202922995
2191.009879782405	0.5159194863945231	trials	191031SL	p15	Z08115	305	4.0	180.0	12	2191.159879782405	2191.3757992687993
2191.4401987588094	0.5158794864896663	trials	191031SL	p15	Z08115	0			0	2191.5901987588095	2191.806078245299
2191.870477735309	0.5258794627029602	trials	191031SL	p15	Z08115	96	5.0	270.0	4	2192.020477735309	2192.246357198012
2194.502191475278	0.5159194863949779	trials	191031SL	p15	Z08115	319	3.0	225.0	12	2194.652191475278	2194.8681109616728
2194.9325104516824	0.5258794627029602	trials	191031SL	p15	Z08115	273	2.0	90.0	12	2195.0825104516825	2195.3083899143853
2195.362789428182	0.5258794627029602	trials	191031SL	p15	Z08115	347	1.0	315.0	12	2195.5127894281823	2195.738668890885
2195.803068380895	0.525919462607817	trials	191031SL	p15	Z08115	306	5.0	180.0	12	2195.9530683808953	2196.178987843503
2196.233347357395	0.525919462607817	trials	191031SL	p15	Z08115	285	14.0	90.0	12	2196.383347357395	2196.6092668200026
2196.6736263101075	0.525919462607817	trials	191031SL	p15	Z08115	328	12.0	225.0	12	2196.8236263101076	2197.049545772715
2197.103945286512	0.5258794627029602	trials	191031SL	p15	Z08115	277	6.0	90.0	12	2197.253945286512	2197.479824749215
2200.5862170032674	0.525919462607817	trials	191031SL	p15	Z08115	312	11.0	180.0	12	2200.7362170032675	2200.962136465875
2201.016535979672	0.5258794627029602	trials	191031SL	p15	Z08115	318	2.0	225.0	12	2201.166535979672	2201.392415442375
2201.4568149323845	0.5258794627034149	trials	191031SL	p15	Z08115	1	0.0	0.0	4	2201.6068149323846	2201.832694395088
2201.8870939088843	0.5258794627034149	trials	191031SL	p15	Z08115	36	5.0	90.0	4	2202.0370939088843	2202.2629733715876
2202.3273728615973	0.5058795102768272	trials	191031SL	p15	Z08115	4	3.0	0.0	4	2202.4773728615974	2202.683252371874
2202.7676518143103	0.5359194388211108	trials	191031SL	p15	Z08115	310	9.0	180.0	12	2202.9176518143104	2203.1535712531313
2203.2079707669277	0.5258794627034149	trials	191031SL	p15	Z08115	104	13.0	270.0	4	2203.357970766928	2203.583850229631
2206.860402078926	0.5158394865848095	trials	191031SL	p15	Z08115	198	2.0	225.0	8	2207.0104020789263	2207.226241565511
2207.290681055426	0.5158794864896663	trials	191031SL	p15	Z08115	10	9.0	0.0	4	2207.440681055426	2207.6565605419155
2207.740959984352	0.49587953406353336	trials	191031SL	p15	Z08115	334	3.0	270.0	12	2207.890959984352	2208.086839518415
2212.363988987599	0.5159194863945231	trials	191031SL	p15	Z08115	143	7.0	45.0	8	2212.513988987599	2212.7299084739934
2212.7943079640036	0.5258794627029602	trials	191031SL	p15	Z08115	41	10.0	90.0	4	2212.9443079640037	2213.1701874267064
2213.2245869405033	0.5258794627029602	trials	191031SL	p15	Z08115	335	4.0	270.0	12	2213.3745869405034	2213.600466403206
2213.6648658932163	0.525919462607817	trials	191031SL	p15	Z08115	156	5.0	90.0	8	2213.8148658932164	2214.040785355824
2214.095144869716	0.525919462607817	trials	191031SL	p15	Z08115	51	5.0	135.0	4	2214.245144869716	2214.4710643323237
2214.535463822334	0.5258794627025054	trials	191031SL	p15	Z08115	98	7.0	270.0	4	2214.685463822334	2214.9113432850363
2214.9657427988336	0.5258794627025054	trials	191031SL	p15	Z08115	134	13.0	0.0	8	2215.1157427988337	2215.341622261536
2218.638174063258	0.5158794864896663	trials	191031SL	p15	Z08115	294	8.0	135.0	12	2218.788174063258	2219.0040535497474
2219.0684530397575	0.5258794627029602	trials	191031SL	p15	Z08115	164	13.0	90.0	8	2219.2184530397576	2219.4443325024604
2219.4987320162572	0.5258794627029602	trials	191031SL	p15	Z08115	359	13.0	315.0	12	2219.6487320162573	2219.87461147896
2219.9390109689703	0.49587953406353336	trials	191031SL	p15	Z08115	200	4.0	225.0	8	2220.0890109689703	2220.2848905030337
2220.36928994547	0.49587953406353336	trials	191031SL	p15	Z08115	287	1.0	135.0	12	2220.51928994547	2220.7151694795334
2220.7996089218746	0.5058795102768272	trials	191031SL	p15	Z08115	62	1.0	180.0	4	2220.9496089218746	2221.1554884321513
2221.2398878745876	0.49587953406353336	trials	191031SL	p15	Z08115	154	3.0	90.0	8	2221.3898878745877	2221.585767408651
2225.1124386629895	0.515879486490121	trials	191031SL	p15	Z08115	17	1.0	45.0	4	2225.2624386629896	2225.4783181494795
2225.532717663276	0.5258794627034149	trials	191031SL	p15	Z08115	113	7.0	315.0	4	2225.682717663276	2225.908597125979
2225.972996615989	0.525919462607817	trials	191031SL	p15	Z08115	280	9.0	90.0	12	2226.122996615989	2226.3489160785966
2226.4033155923935	0.5258794627029602	trials	191031SL	p15	Z08115	321	5.0	225.0	12	2226.5533155923936	2226.7791950550964
2226.8435545452016	0.525919462607817	trials	191031SL	p15	Z08115	276	5.0	90.0	12	2226.9935545452017	2227.2194740078094
2227.273873521606	0.5258794627029602	trials	191031SL	p15	Z08115	240	14.0	315.0	8	2227.4238735216063	2227.649752984309
2227.714152474319	0.49587953406353336	trials	191031SL	p15	Z08115	272	1.0	90.0	12	2227.864152474319	2228.060032008382
2231.5467033578684	0.5058795102768272	trials	191031SL	p15	Z08115	76	0.0	225.0	4	2231.6967033578685	2231.902582868145
2231.956982381942	0.5258794627029602	trials	191031SL	p15	Z08115	286	0.0	135.0	12	2232.106982381942	2232.332861844645
2232.397261334655	0.5258794627029602	trials	191031SL	p15	Z08115	356	10.0	315.0	12	2232.547261334655	2232.773140797358
2232.8275403111547	0.5258794627029602	trials	191031SL	p15	Z08115	291	5.0	135.0	12	2232.977540311155	2233.2034197738576
2233.2678192638673	0.525919462607817	trials	191031SL	p15	Z08115	73	12.0	180.0	4	2233.4178192638674	2233.643738726475
2233.698098240367	0.525919462607817	trials	191031SL	p15	Z08115	157	6.0	90.0	8	2233.848098240367	2234.0740177029747
2234.138417192985	0.5158794864896663	trials	191031SL	p15	Z08115	247	6.0	0.0	12	2234.288417192985	2234.5042966794745
2238.391207076916	0.515879486490121	trials	191031SL	p15	Z08115	228	2.0	315.0	8	2238.541207076916	2238.757086563406
2238.821486053416	0.5159194863945231	trials	191031SL	p15	Z08115	316	0.0	225.0	12	2238.971486053416	2239.1874055398102
2239.2517650299155	0.505919510181684	trials	191031SL	p15	Z08115	39	8.0	90.0	4	2239.4017650299156	2239.607684540097
2239.68208400632	0.49583953415867654	trials	191031SL	p15	Z08115	266	10.0	45.0	12	2239.83208400632	2240.0279235404787
2240.11236298282	0.5058795102768272	trials	191031SL	p15	Z08115	345	14.0	270.0	12	2240.26236298282	2240.4682424930966
2240.552641935533	0.5258794627029602	trials	191031SL	p15	Z08115	201	5.0	225.0	8	2240.702641935533	2240.9285213982357
2240.9929208882454	0.525919462607817	trials	191031SL	p15	Z08115	168	2.0	135.0	8	2241.1429208882455	2241.368840350853
2245.3658304864493	0.5158794864896663	trials	191031SL	p15	Z08115	184	3.0	180.0	8	2245.5158304864494	2245.731709972939
2245.7861094867358	0.5258794627029602	trials	191031SL	p15	Z08115	315	14.0	180.0	12	2245.936109486736	2246.1619889494386
2246.226388439449	0.525919462607817	trials	191031SL	p15	Z08115	225	14.0	270.0	8	2246.376388439449	2246.6023079020565
2246.6566674159485	0.525919462607817	trials	191031SL	p15	Z08115	290	4.0	135.0	12	2246.8066674159486	2247.0325868785562
2247.0969463686615	0.525919462607817	trials	191031SL	p15	Z08115	167	1.0	135.0	8	2247.2469463686616	2247.4728658312692
2247.527265345066	0.5258794627025054	trials	191031SL	p15	Z08115	241	0.0	0.0	12	2247.677265345066	2247.9031448077685
2247.9675442977787	0.5258794627029602	trials	191031SL	p15	Z08115	331	0.0	270.0	12	2248.1175442977787	2248.3434237604815
2252.4705335865633	0.5158794864896663	trials	191031SL	p15	Z08115	129	8.0	0.0	8	2252.6205335865634	2252.836413073053
2252.900812563063	0.5258794627029602	trials	191031SL	p15	Z08115	124	3.0	0.0	8	2253.050812563063	2253.276692025766
2253.3310915395627	0.5258794627029602	trials	191031SL	p15	Z08115	188	7.0	180.0	8	2253.481091539563	2253.7069710022656
2253.7713704922758	0.525919462607817	trials	191031SL	p15	Z08115	119	13.0	315.0	4	2253.921370492276	2254.1472899548835
2254.2016494687755	0.525919462607817	trials	191031SL	p15	Z08115	16	0.0	45.0	4	2254.3516494687756	2254.577568931383
2254.641968421393	0.5258794627029602	trials	191031SL	p15	Z08115	160	9.0	90.0	8	2254.791968421393	2255.0178478840958
2255.0722473978926	0.5258794627029602	trials	191031SL	p15	Z08115	220	9.0	270.0	8	2255.2222473978927	2255.4481268605955
2262.6372294031457	0.5158794864896663	trials	191031SL	p15	Z08115	0			0	2262.787229403146	2263.0031088896353
2263.0675083796455	0.49587953406353336	trials	191031SL	p15	Z08115	221	10.0	270.0	8	2263.2175083796456	2263.413387913709
2263.497787356145	0.5059195101812293	trials	191031SL	p15	Z08115	324	8.0	225.0	12	2263.6477873561453	2263.8537068663263
2263.9180663564316	0.49587953406353336	trials	191031SL	p15	Z08115	248	7.0	0.0	12	2264.0680663564317	2264.263945890495
2264.348385332836	0.5058795102768272	trials	191031SL	p15	Z08115	304	3.0	180.0	12	2264.4983853328363	2264.704264843113
2264.788664285549	0.49587953406353336	trials	191031SL	p15	Z08115	323	7.0	225.0	12	2264.9386642855493	2265.1345438196126
2265.218943262049	0.5058795102763725	trials	191031SL	p15	Z08115	187	6.0	180.0	8	2265.368943262049	2265.574822772325
2268.7412548835614	0.525919462607817	trials	191031SL	p15	Z08115	21	5.0	45.0	4	2268.8912548835615	2269.117174346169
2269.171573859966	0.5258794627029602	trials	191031SL	p15	Z08115	313	12.0	180.0	12	2269.321573859966	2269.547453322669
2269.611852812679	0.5158794864896663	trials	191031SL	p15	Z08115	118	12.0	315.0	4	2269.761852812679	2269.9777322991686
2270.0421317891787	0.5258794627029602	trials	191031SL	p15	Z08115	85	9.0	225.0	4	2270.192131789179	2270.4180112518816
2270.4824107418913	0.515879486490121	trials	191031SL	p15	Z08115	49	3.0	135.0	4	2270.6324107418914	2270.8482902283813
2270.912689718391	0.525919462607817	trials	191031SL	p15	Z08115	178	12.0	135.0	8	2271.062689718391	2271.2886091809987
2271.342968694891	0.5259194626073622	trials	191031SL	p15	Z08115	120	14.0	315.0	4	2271.4929686948913	2271.7188881574984
2274.985400030676	0.5158794864896663	trials	191031SL	p15	Z08115	145	9.0	45.0	8	2275.135400030676	2275.3512795171655
2275.4356789596022	0.5058795102763725	trials	191031SL	p15	Z08115	350	4.0	315.0	12	2275.5856789596023	2275.7915584698785
2275.8759979122196	0.49587953406353336	trials	191031SL	p15	Z08115	281	10.0	90.0	12	2276.0259979122197	2276.221877446283
2276.2862769362932	0.5158794864896663	trials	191031SL	p15	Z08115	109	3.0	315.0	4	2276.4362769362933	2276.652156422783
2276.716515912888	0.525919462607817	trials	191031SL	p15	Z08115	349	3.0	315.0	12	2276.866515912888	2277.092435375496
2277.1468348892927	0.5258794627029602	trials	191031SL	p15	Z08115	89	13.0	225.0	4	2277.2968348892928	2277.5227143519955
2277.5871138420057	0.525919462607817	trials	191031SL	p15	Z08115	322	6.0	225.0	12	2277.737113842006	2277.9630333046134
2281.2195052016727	0.5058795102763725	trials	191031SL	p15	Z08115	186	5.0	180.0	8	2281.369505201673	2281.575384711949
2281.629784225746	0.525919462607817	trials	191031SL	p15	Z08115	348	2.0	315.0	12	2281.779784225746	2282.0057036883536
2282.0600632022456	0.5058795102768272	trials	191031SL	p15	Z08115	29	13.0	45.0	4	2282.2100632022457	2282.4159427125223
2282.5003421549586	0.49587953406353336	trials	191031SL	p15	Z08115	275	4.0	90.0	12	2282.6503421549587	2282.846221689022
2282.930661131363	0.5058795102763725	trials	191031SL	p15	Z08115	342	11.0	270.0	12	2283.0806611313633	2283.2865406416395
2283.3709400840758	0.49587953406353336	trials	191031SL	p15	Z08115	43	12.0	90.0	4	2283.520940084076	2283.716819618139
2283.8012190605755	0.49587953406353336	trials	191031SL	p15	Z08115	116	10.0	315.0	4	2283.9512190605756	2284.147098594639
2289.585045302646	0.5158794864896663	trials	191031SL	p15	Z08115	214	3.0	270.0	8	2289.735045302646	2289.9509247891356
2290.0153242791457	0.5158794864896663	trials	191031SL	p15	Z08115	107	1.0	315.0	4	2290.165324279146	2290.3812037656353
2290.4456032556454	0.5158794864896663	trials	191031SL	p15	Z08115	92	1.0	270.0	4	2290.5956032556455	2290.811482742135
2290.8959221844766	0.49587953406353336	trials	191031SL	p15	Z08115	137	1.0	45.0	8	2291.0459221844767	2291.24180171854
2291.3262011609763	0.5258794627025054	trials	191031SL	p15	Z08115	332	1.0	270.0	12	2291.4762011609764	2291.7020806236787
2291.766480113689	0.525919462607817	trials	191031SL	p15	Z08115	112	6.0	315.0	4	2291.916480113689	2292.1423995762966
2292.206759066402	0.5159194863945231	trials	191031SL	p15	Z08115	340	9.0	270.0	12	2292.356759066402	2292.5726785527963
2295.909230259371	0.5158794864896663	trials	191031SL	p15	Z08115	102	11.0	270.0	4	2296.059230259371	2296.2751097458604
2296.3295092596572	0.5158794864896663	trials	191031SL	p15	Z08115	54	8.0	135.0	4	2296.4795092596573	2296.695388746147
2296.779788188583	0.5058795102768272	trials	191031SL	p15	Z08115	344	13.0	270.0	12	2296.929788188583	2297.13566769886
2297.220067141296	0.49587953406353336	trials	191031SL	p15	Z08115	330	14.0	225.0	12	2297.370067141296	2297.5659466753596
2297.6503861177007	0.5058795102763725	trials	191031SL	p15	Z08115	226	0.0	315.0	8	2297.800386117701	2298.006265627977
2298.0806650942004	0.5058795102763725	trials	191031SL	p15	Z08115	238	12.0	315.0	8	2298.2306650942005	2298.4365446044767
2298.520944046913	0.4958795340639881	trials	191031SL	p15	Z08115	18	2.0	45.0	4	2298.670944046913	2298.866823580977
2302.3234550019183	0.525919462607817	trials	191031SL	p15	Z08115	70	9.0	180.0	4	2302.4734550019184	2302.699374464526
2302.753733978418	0.525919462607817	trials	191031SL	p15	Z08115	114	8.0	315.0	4	2302.903733978418	2303.1296534410258
2303.194052931036	0.5258794627029602	trials	191031SL	p15	Z08115	0			0	2303.344052931036	2303.569932393739
2303.6243319075356	0.5258794627029602	trials	191031SL	p15	Z08115	59	13.0	135.0	4	2303.7743319075357	2304.0002113702385
2304.0646108602486	0.5158794864896663	trials	191031SL	p15	Z08115	146	10.0	45.0	8	2304.2146108602487	2304.430490346738
2304.4948898367484	0.525919462607817	trials	191031SL	p15	Z08115	217	6.0	270.0	8	2304.6448898367485	2304.870809299356
2304.925168813248	0.525919462607817	trials	191031SL	p15	Z08115	138	2.0	45.0	8	2305.075168813248	2305.301088275856
2311.039234269782	0.5058795102763725	trials	191031SL	p15	Z08115	83	7.0	225.0	4	2311.189234269782	2311.395113780058
2311.44947329395	0.525919462607817	trials	191031SL	p15	Z08115	354	8.0	315.0	12	2311.5994732939503	2311.825392756558
2311.889792246568	0.5258794627029602	trials	191031SL	p15	Z08115	213	2.0	270.0	8	2312.039792246568	2312.265671709271
2312.3200712230678	0.5258794627029602	trials	191031SL	p15	Z08115	150	14.0	45.0	8	2312.470071223068	2312.6959506857706
2312.760350175781	0.525919462607817	trials	191031SL	p15	Z08115	78	2.0	225.0	4	2312.910350175781	2313.1362696383885
2313.1906291522805	0.525919462607817	trials	191031SL	p15	Z08115	159	8.0	90.0	8	2313.3406291522806	2313.5665486148882
2313.6209081287802	0.5259194626073622	trials	191031SL	p15	Z08115	75	14.0	180.0	4	2313.7709081287803	2313.9968275913875
2319.4047343708503	0.5159194863949779	trials	191031SL	p15	Z08115	151	0.0	90.0	8	2319.5547343708504	2319.770653857245
2319.8250133711367	0.5159194863949779	trials	191031SL	p15	Z08115	11	10.0	0.0	4	2319.975013371137	2320.1909328575316
2320.275332299968	0.5058795102763725	trials	191031SL	p15	Z08115	342	11.0	270.0	12	2320.425332299968	2320.631211810244
2320.715611252681	0.4958795340630786	trials	191031SL	p15	Z08115	318	2.0	225.0	12	2320.865611252681	2321.061490786744
2321.14589022918	0.5058795102768272	trials	191031SL	p15	Z08115	134	13.0	0.0	8	2321.2958902291803	2321.501769739457
2321.586169181893	0.49587953406353336	trials	191031SL	p15	Z08115	18	2.0	45.0	4	2321.7361691818933	2321.9320487159566
2322.0164881582978	0.5258794627029602	trials	191031SL	p15	Z08115	266	10.0	45.0	12	2322.166488158298	2322.3923676210006
2325.728919327575	0.5158794864896663	trials	191031SL	p15	Z08115	30	14.0	45.0	4	2325.878919327575	2326.0947988140647
2328.2505933292946	0.5158794864896663	trials	191031SL	p15	Z08115	209	13.0	225.0	8	2328.4005933292947	2328.616472815784
2330.922346974021	0.525919462607817	trials	191031SL	p15	Z08115	273	2.0	90.0	12	2331.072346974021	2331.2982664366286
2331.35262595052	0.525919462607817	trials	191031SL	p15	Z08115	235	9.0	315.0	8	2331.5026259505203	2331.728545413128
2331.792904903233	0.525919462607817	trials	191031SL	p15	Z08115	284	13.0	90.0	12	2331.9429049032333	2332.168824365841
2334.3546188097102	0.5158794864896663	trials	191031SL	p15	Z08115	255	14.0	0.0	12	2334.5046188097103	2334.7204982962
2334.78489778621	0.525919462607817	trials	191031SL	p15	Z08115	200	4.0	225.0	8	2334.93489778621	2335.1608172488177
2335.2152167626145	0.5258794627029602	trials	191031SL	p15	Z08115	324	8.0	225.0	12	2335.3652167626146	2335.5910962253174
2335.655495715327	0.5258794627029602	trials	191031SL	p15	Z08115	323	7.0	225.0	12	2335.805495715327	2336.03137517803
2336.085774691827	0.5258794627034149	trials	191031SL	p15	Z08115	253	12.0	0.0	12	2336.235774691827	2336.46165415453
2336.52605364454	0.5158794864896663	trials	191031SL	p15	Z08115	225	14.0	270.0	8	2336.67605364454	2336.8919331310294
2336.9563326210396	0.525919462607817	trials	191031SL	p15	Z08115	87	11.0	225.0	4	2337.1063326210397	2337.3322520836473
2340.558724052067	0.5158794864896663	trials	191031SL	p15	Z08115	169	3.0	135.0	8	2340.7087240520673	2340.9246035385568
2340.989003028567	0.525919462607817	trials	191031SL	p15	Z08115	219	8.0	270.0	8	2341.139003028567	2341.3649224911746
2341.4192820050666	0.525919462607817	trials	191031SL	p15	Z08115	86	10.0	225.0	4	2341.5692820050667	2341.7952014676744
2341.8596009576845	0.5258794627025054	trials	191031SL	p15	Z08115	120	14.0	315.0	4	2342.0096009576846	2342.235480420387
2344.4913146976533	0.5158794864896663	trials	191031SL	p15	Z08115	29	13.0	45.0	4	2344.6413146976533	2344.857194184143
2344.921593674153	0.525919462607817	trials	191031SL	p15	Z08115	67	6.0	180.0	4	2345.071593674153	2345.2975131367607
2345.3518726506527	0.525919462607817	trials	191031SL	p15	Z08115	137	1.0	45.0	8	2345.501872650653	2345.7277921132604
2345.7921916032706	0.5158794864896663	trials	191031SL	p15	Z08115	191	10.0	180.0	8	2345.9421916032707	2346.15807108976
2346.22247057977	0.5258794627029602	trials	191031SL	p15	Z08115	73	12.0	180.0	4	2346.37247057977	2346.5983500424727
2346.6527495562696	0.525919462607817	trials	191031SL	p15	Z08115	152	1.0	90.0	8	2346.8027495562696	2347.0286690188773
2347.0930285089826	0.525919462607817	trials	191031SL	p15	Z08115	125	4.0	0.0	8	2347.2430285089827	2347.4689479715903
2350.77545974962	0.525919462607817	trials	191031SL	p15	Z08115	346	0.0	315.0	12	2350.92545974962	2351.1513792122278
2351.205778726025	0.5258794627025054	trials	191031SL	p15	Z08115	123	2.0	0.0	8	2351.355778726025	2351.5816581887275
2351.6460576787376	0.5158794864896663	trials	191031SL	p15	Z08115	232	6.0	315.0	8	2351.7960576787377	2352.011937165227
2352.0763366552374	0.5258794627029602	trials	191031SL	p15	Z08115	174	8.0	135.0	8	2352.2263366552374	2352.45221611794
2352.506615631737	0.525919462607817	trials	191031SL	p15	Z08115	257	1.0	45.0	12	2352.656615631737	2352.882535094345
2352.946934584355	0.5258794627029602	trials	191031SL	p15	Z08115	41	10.0	90.0	4	2353.096934584355	2353.322814047058
2353.3772135608547	0.5258794627029602	trials	191031SL	p15	Z08115	186	5.0	180.0	8	2353.5272135608548	2353.7530930235575
2356.9795649919774	0.525919462607817	trials	191031SL	p15	Z08115	299	13.0	135.0	12	2357.1295649919775	2357.355484454585
2357.41984394469	0.505919510181684	trials	191031SL	p15	Z08115	351	5.0	315.0	12	2357.56984394469	2357.7757634548716
2357.860162897308	0.49587953406353336	trials	191031SL	p15	Z08115	79	3.0	225.0	4	2358.010162897308	2358.2060424313713
2358.2904418738076	0.5058795102768272	trials	191031SL	p15	Z08115	149	13.0	45.0	8	2358.4404418738077	2358.6463213840843
2358.7307208265206	0.49587953406353336	trials	191031SL	p15	Z08115	175	9.0	135.0	8	2358.8807208265207	2359.076600360584
2359.1609998030203	0.5059195101812293	trials	191031SL	p15	Z08115	327	11.0	225.0	12	2359.3109998030204	2359.5169193132015
2359.6013187556377	0.5258794627029602	trials	191031SL	p15	Z08115	251	10.0	0.0	12	2359.751318755638	2359.9771982183406
2363.39382973443	0.515879486490121	trials	191031SL	p15	Z08115	82	6.0	225.0	4	2363.54382973443	2363.75970922092
2363.814068734812	0.525919462607817	trials	191031SL	p15	Z08115	196	0.0	225.0	8	2363.964068734812	2364.1899881974196
2364.2543876874292	0.5258794627034149	trials	191031SL	p15	Z08115	293	7.0	135.0	12	2364.4043876874293	2364.6302671501326
2364.684666663929	0.5258794627029602	trials	191031SL	p15	Z08115	80	4.0	225.0	4	2364.834666663929	2365.060546126632
2365.124945616642	0.525919462607817	trials	191031SL	p15	Z08115	193	12.0	180.0	8	2365.274945616642	2365.5008650792497
2365.5552245931417	0.525919462607817	trials	191031SL	p15	Z08115	213	2.0	270.0	8	2365.705224593142	2365.9311440557494
2365.9955435457596	0.5158794864896663	trials	191031SL	p15	Z08115	356	10.0	315.0	12	2366.1455435457597	2366.361423032249
2369.6479348578528	0.5159194863945231	trials	191031SL	p15	Z08115	96	5.0	270.0	4	2369.797934857853	2370.013854344247
2370.068213858139	0.5159194863949779	trials	191031SL	p15	Z08115	38	7.0	90.0	4	2370.2182138581393	2370.434133344534
2370.5185327869704	0.5058795102763725	trials	191031SL	p15	Z08115	190	9.0	180.0	8	2370.6685327869704	2370.8744122972466
2373.0201668363584	0.5158794864896663	trials	191031SL	p15	Z08115	95	4.0	270.0	4	2373.1701668363585	2373.386046322848
2373.450445812858	0.5159194863945231	trials	191031SL	p15	Z08115	99	8.0	270.0	4	2373.600445812858	2373.8163652992525
2373.900764741689	0.49587953406353336	trials	191031SL	p15	Z08115	272	1.0	90.0	12	2374.050764741689	2374.2466442757523
2374.3310437181885	0.5258794627029602	trials	191031SL	p15	Z08115	245	4.0	0.0	12	2374.4810437181886	2374.7069231808914
2374.7713226709016	0.525919462607817	trials	191031SL	p15	Z08115	106	0.0	315.0	4	2374.9213226709016	2375.1472421335093
2375.2116416235194	0.5158794864896663	trials	191031SL	p15	Z08115	163	12.0	90.0	8	2375.3616416235195	2375.577521110009
2375.6419206000187	0.5258794627034149	trials	191031SL	p15	Z08115	49	3.0	135.0	4	2375.791920600019	2376.017800062722
2379.5244713646343	0.5258794627029602	trials	191031SL	p15	Z08115	353	7.0	315.0	12	2379.6744713646344	2379.900350827337
2379.954750341134	0.525919462607817	trials	191031SL	p15	Z08115	223	12.0	270.0	8	2380.104750341134	2380.330669803742
2382.9567432003237	0.515879486490121	trials	191031SL	p15	Z08115	250	9.0	0.0	12	2383.1067432003238	2383.3226226868137
2385.54845703544	0.5158794864896663	trials	191031SL	p15	Z08115	84	8.0	225.0	4	2385.6984570354402	2385.9143365219297
2385.97873601194	0.5258794627029602	trials	191031SL	p15	Z08115	339	8.0	270.0	12	2386.12873601194	2386.3546154746427
2386.409014988439	0.5058795102768272	trials	191031SL	p15	Z08115	239	13.0	315.0	8	2386.5590149884392	2386.764894498716
2386.839293964939	0.5058795102768272	trials	191031SL	p15	Z08115	13	12.0	0.0	4	2386.989293964939	2387.1951734752156
2387.2796129175567	0.49587953406353336	trials	191031SL	p15	Z08115	62	1.0	180.0	4	2387.429612917557	2387.62549245162
2387.7098918940565	0.5058795102768272	trials	191031SL	p15	Z08115	331	0.0	270.0	12	2387.8598918940565	2388.065771404333
2388.1501708467695	0.49587953406353336	trials	191031SL	p15	Z08115	312	11.0	180.0	12	2388.3001708467696	2388.496050380833
2391.7325623253705	0.5258794627034149	trials	191031SL	p15	Z08115	21	5.0	45.0	4	2391.8825623253706	2392.108441788074
2392.1628413018702	0.5258794627034149	trials	191031SL	p15	Z08115	88	12.0	225.0	4	2392.3128413018703	2392.5387207645736
2392.6031202545832	0.5258794627029602	trials	191031SL	p15	Z08115	160	9.0	90.0	8	2392.7531202545833	2392.978999717286
2393.033399231083	0.5258794627029602	trials	191031SL	p15	Z08115	340	9.0	270.0	12	2393.183399231083	2393.409278693786
2393.473678183796	0.5159194863945231	trials	191031SL	p15	Z08115	287	1.0	135.0	12	2393.623678183796	2393.8395976701904
2393.9039971602006	0.5258794627029602	trials	191031SL	p15	Z08115	304	3.0	180.0	12	2394.0539971602007	2394.2798766229034
2394.344276112913	0.515879486490121	trials	191031SL	p15	Z08115	81	5.0	225.0	4	2394.494276112913	2394.710155599403
2397.796547901029	0.5158794864896663	trials	191031SL	p15	Z08115	173	7.0	135.0	8	2397.946547901029	2398.1624273875186
2398.2168269013155	0.5258794627029602	trials	191031SL	p15	Z08115	60	14.0	135.0	4	2398.3668269013156	2398.5927063640183
2398.6571058540285	0.525919462607817	trials	191031SL	p15	Z08115	143	7.0	45.0	8	2398.8071058540286	2399.033025316636
2399.087424830433	0.5058395103715156	trials	191031SL	p15	Z08115	263	7.0	45.0	12	2399.237424830433	2399.4432643408045
2399.517663807028	0.5059195101812293	trials	191031SL	p15	Z08115	26	10.0	45.0	4	2399.667663807028	2399.873583317209
2399.957982759646	0.5258794627025054	trials	191031SL	p15	Z08115	359	13.0	315.0	12	2400.107982759646	2400.333862222348
2400.3982617123584	0.5158794864896663	trials	191031SL	p15	Z08115	298	12.0	135.0	12	2400.5482617123585	2400.764141198848
2404.450932072312	0.5158794864896663	trials	191031SL	p15	Z08115	91	0.0	270.0	4	2404.600932072312	2404.8168115588014
2404.881211048812	0.4958795340630786	trials	191031SL	p15	Z08115	0			0	2405.031211048812	2405.227090582875
2405.3014900490984	0.5359194388211108	trials	191031SL	p15	Z08115	348	2.0	315.0	12	2405.4514900490985	2405.6874094879195
2405.741809001716	0.5258794627029602	trials	191031SL	p15	Z08115	126	5.0	0.0	8	2405.891809001716	2406.1176884644187
2406.182087954429	0.5258794627029602	trials	191031SL	p15	Z08115	310	9.0	180.0	12	2406.332087954429	2406.5579674171317
2406.6123669309286	0.525919462607817	trials	191031SL	p15	Z08115	277	6.0	90.0	12	2406.7623669309287	2406.9882863935363
2407.0526458836416	0.525919462607817	trials	191031SL	p15	Z08115	132	11.0	0.0	8	2407.2026458836417	2407.4285653462493
2412.09599388708	0.5158794864896663	trials	191031SL	p15	Z08115	159	8.0	90.0	8	2412.24599388708	2412.4618733735697
2412.5162728873665	0.5258794627029602	trials	191031SL	p15	Z08115	76	0.0	225.0	4	2412.6662728873666	2412.8921523500694
2412.9565518400796	0.525919462607817	trials	191031SL	p15	Z08115	216	5.0	270.0	8	2413.1065518400796	2413.3324713026873
2413.386870816484	0.5258794627029602	trials	191031SL	p15	Z08115	264	8.0	45.0	12	2413.536870816484	2413.762750279187
2413.827149769197	0.5258794627025054	trials	191031SL	p15	Z08115	118	12.0	315.0	4	2413.9771497691972	2414.2030292318996
2414.2574287456964	0.5258794627029602	trials	191031SL	p15	Z08115	247	6.0	0.0	12	2414.4074287456965	2414.6333082083993
2414.6977076984094	0.5158794864896663	trials	191031SL	p15	Z08115	265	9.0	45.0	12	2414.8477076984095	2415.063587184899
2418.510218629628	0.525919462607817	trials	191031SL	p15	Z08115	238	12.0	315.0	8	2418.660218629628	2418.886138092236
2418.9405376060326	0.5258794627025054	trials	191031SL	p15	Z08115	237	11.0	315.0	8	2419.0905376060327	2419.316417068735
2419.3808165587457	0.5158794864896663	trials	191031SL	p15	Z08115	71	10.0	180.0	4	2419.5308165587458	2419.7466960452352
2419.8110955352454	0.5258794627025054	trials	191031SL	p15	Z08115	202	6.0	225.0	8	2419.9610955352455	2420.186974997948
2420.2413745117447	0.5058795102768272	trials	191031SL	p15	Z08115	112	6.0	315.0	4	2420.3913745117447	2420.5972540220214
2420.6716534882444	0.5058795102768272	trials	191031SL	p15	Z08115	349	3.0	315.0	12	2420.8216534882445	2421.027532998521
2421.1119724408622	0.49583953415867654	trials	191031SL	p15	Z08115	334	3.0	270.0	12	2421.2619724408623	2421.457811975021
2424.6843239433456	0.5158794864896663	trials	191031SL	p15	Z08115	208	12.0	225.0	8	2424.8343239433457	2425.050203429835
2425.1146029198453	0.5258794627029602	trials	191031SL	p15	Z08115	243	2.0	0.0	12	2425.2646029198454	2425.490482382548
2425.544881896345	0.5258794627029602	trials	191031SL	p15	Z08115	236	10.0	315.0	8	2425.694881896345	2425.920761359048
2428.726994327086	0.515879486490121	trials	191031SL	p15	Z08115	322	6.0	225.0	12	2428.876994327086	2429.092873813576
2429.1572733035855	0.5258794627029602	trials	191031SL	p15	Z08115	115	9.0	315.0	4	2429.3072733035856	2429.5331527662884
2429.5975522562985	0.525919462607817	trials	191031SL	p15	Z08115	228	2.0	315.0	8	2429.7475522562986	2429.9734717189062
2430.0278312327982	0.525919462607817	trials	191031SL	p15	Z08115	195	14.0	180.0	8	2430.1778312327983	2430.403750695406
2430.468150185416	0.5258794627025054	trials	191031SL	p15	Z08115	280	9.0	90.0	12	2430.618150185416	2430.8440296481185
2430.898429161916	0.5258794627029602	trials	191031SL	p15	Z08115	300	14.0	135.0	12	2431.048429161916	2431.2743086246187
2431.3387081146284	0.515879486490121	trials	191031SL	p15	Z08115	203	7.0	225.0	8	2431.4887081146285	2431.7045876011184
2434.871059712259	0.5158794864896663	trials	191031SL	p15	Z08115	355	9.0	315.0	12	2435.021059712259	2435.2369391987486
2435.301338688759	0.5258794627025054	trials	191031SL	p15	Z08115	260	4.0	45.0	12	2435.4513386887593	2435.6772181514616
2435.7316176652585	0.5258794627029602	trials	191031SL	p15	Z08115	336	5.0	270.0	12	2435.8816176652585	2436.1074971279613
2436.1718966179715	0.5158794864896663	trials	191031SL	p15	Z08115	215	4.0	270.0	8	2436.3218966179716	2436.537776104461
2436.602175594471	0.525919462607817	trials	191031SL	p15	Z08115	6	5.0	0.0	4	2436.7521755944713	2436.978095057079
2437.032454570971	0.525919462607817	trials	191031SL	p15	Z08115	259	3.0	45.0	12	2437.182454570971	2437.4083740335786
2437.472773523589	0.5258794627025054	trials	191031SL	p15	Z08115	179	13.0	135.0	8	2437.622773523589	2437.848652986291
2441.3253243595645	0.5158794864896663	trials	191031SL	p15	Z08115	170	4.0	135.0	8	2441.4753243595646	2441.691203846054
2441.7556033360643	0.5258794627029602	trials	191031SL	p15	Z08115	220	9.0	270.0	8	2441.9056033360644	2442.131482798767
2442.185882312564	0.5258794627029602	trials	191031SL	p15	Z08115	53	7.0	135.0	4	2442.335882312564	2442.561761775267
2442.6261612652766	0.525919462607817	trials	191031SL	p15	Z08115	234	8.0	315.0	8	2442.7761612652766	2443.0020807278843
2443.0564402417763	0.525919462607817	trials	191031SL	p15	Z08115	357	11.0	315.0	12	2443.2064402417764	2443.432359704384
2443.496759194394	0.5258794627029602	trials	191031SL	p15	Z08115	271	0.0	90.0	12	2443.6467591943942	2443.872638657097
2443.927038170894	0.5258794627029602	trials	191031SL	p15	Z08115	291	5.0	135.0	12	2444.077038170894	2444.3029176335967
2447.499389673377	0.5158794864896663	trials	191031SL	p15	Z08115	131	10.0	0.0	8	2447.6493896733773	2447.865269159867
2447.929668649877	0.515879486490121	trials	191031SL	p15	Z08115	146	10.0	45.0	8	2448.079668649877	2448.295548136367
2448.3599476263767	0.525919462607817	trials	191031SL	p15	Z08115	297	11.0	135.0	12	2448.5099476263767	2448.7358670889844
2448.7902266028764	0.525919462607817	trials	191031SL	p15	Z08115	70	9.0	180.0	4	2448.9402266028765	2449.166146065484
2449.230545555494	0.5258794627034149	trials	191031SL	p15	Z08115	147	11.0	45.0	8	2449.380545555494	2449.606425018197
2449.6608245319935	0.5258794627034149	trials	191031SL	p15	Z08115	104	13.0	270.0	4	2449.8108245319936	2450.036703994697
2450.1011034847065	0.525919462607817	trials	191031SL	p15	Z08115	58	12.0	135.0	4	2450.2511034847066	2450.4770229473143
2454.1838137732047	0.5258794627029602	trials	191031SL	p15	Z08115	148	12.0	45.0	8	2454.333813773205	2454.5596932359076
2454.614092749704	0.5258794627034149	trials	191031SL	p15	Z08115	270	14.0	45.0	12	2454.764092749704	2454.9899722124073
2455.054371702417	0.515879486490121	trials	191031SL	p15	Z08115	358	12.0	315.0	12	2455.204371702417	2455.420251188907
2455.4846506789168	0.525919462607817	trials	191031SL	p15	Z08115	72	11.0	180.0	4	2455.634650678917	2455.8605701415245
2455.9249296316298	0.5159194863945231	trials	191031SL	p15	Z08115	61	0.0	180.0	4	2456.07492963163	2456.290849118024
2458.7168029906284	0.5058795102768272	trials	191031SL	p15	Z08115	207	11.0	225.0	8	2458.8668029906285	2459.072682500905
2459.147081967128	0.525919462607817	trials	191031SL	p15	Z08115	286	0.0	135.0	12	2459.297081967128	2459.523001429736
2459.577360943628	0.525919462607817	trials	191031SL	p15	Z08115	145	9.0	45.0	8	2459.727360943628	2459.9532804062355
2462.1791147548624	0.5158794864896663	trials	191031SL	p15	Z08115	311	10.0	180.0	12	2462.3291147548625	2462.544994241352
2462.6093537314573	0.5259194626073622	trials	191031SL	p15	Z08115	205	9.0	225.0	8	2462.7593537314574	2462.9852731940646
2463.0496726840747	0.5158794864896663	trials	191031SL	p15	Z08115	44	13.0	90.0	4	2463.199672684075	2463.4155521705643
2463.4799516605744	0.5258794627029602	trials	191031SL	p15	Z08115	133	12.0	0.0	8	2463.6299516605745	2463.8558311232773
2463.910230637074	0.525919462607817	trials	191031SL	p15	Z08115	281	10.0	90.0	12	2464.0602306370743	2464.286150099682
2464.350509589787	0.525919462607817	trials	191031SL	p15	Z08115	176	10.0	135.0	8	2464.5005095897873	2464.726429052395
2464.7808285661918	0.5258794627029602	trials	191031SL	p15	Z08115	121	0.0	0.0	8	2464.930828566192	2465.1567080288946
2468.4031799497407	0.5159194863945231	trials	191031SL	p15	Z08115	77	1.0	225.0	4	2468.5531799497408	2468.769099436135
2468.8334989261452	0.5258794627029602	trials	191031SL	p15	Z08115	325	9.0	225.0	12	2468.9834989261453	2469.209378388848
2469.263777902645	0.5258794627029602	trials	191031SL	p15	Z08115	105	14.0	270.0	4	2469.413777902645	2469.639657365348
2469.704056855358	0.525919462607817	trials	191031SL	p15	Z08115	66	5.0	180.0	4	2469.854056855358	2470.0799763179657
2470.1343358318577	0.525919462607817	trials	191031SL	p15	Z08115	252	11.0	0.0	12	2470.284335831858	2470.5102552944654
2470.574654784475	0.515879486490121	trials	191031SL	p15	Z08115	64	3.0	180.0	4	2470.724654784475	2470.940534270965
2471.00489376107	0.525919462607817	trials	191031SL	p15	Z08115	94	3.0	270.0	4	2471.15489376107	2471.3808132236777
2474.4572055490908	0.5158794864896663	trials	191031SL	p15	Z08115	0			0	2474.607205549091	2474.8230850355803
2474.8874845255905	0.5258794627029602	trials	191031SL	p15	Z08115	25	9.0	45.0	4	2475.0374845255906	2475.2633639882933
2475.31776350209	0.525919462607817	trials	191031SL	p15	Z08115	335	4.0	270.0	12	2475.4677635020903	2475.693682964698
2475.7580424548028	0.525919462607817	trials	191031SL	p15	Z08115	45	14.0	90.0	4	2475.908042454803	2476.1339619174105
2476.188361431208	0.5258794627025054	trials	191031SL	p15	Z08115	136	0.0	45.0	8	2476.338361431208	2476.56424089391
2476.6286403839204	0.5158794864896663	trials	191031SL	p15	Z08115	32	1.0	90.0	4	2476.7786403839204	2476.99451987041
2477.05891936042	0.525919462607817	trials	191031SL	p15	Z08115	22	6.0	45.0	4	2477.20891936042	2477.434838823028
2481.0415498869766	0.5258794627034149	trials	191031SL	p15	Z08115	227	1.0	315.0	8	2481.1915498869766	2481.41742934968
2481.4718288634763	0.5058795102768272	trials	191031SL	p15	Z08115	177	11.0	135.0	8	2481.6218288634764	2481.827708373753
2481.902107839976	0.5058795102768272	trials	191031SL	p15	Z08115	289	3.0	135.0	12	2482.052107839976	2482.2579873502527
2482.342386792689	0.525919462607817	trials	191031SL	p15	Z08115	345	14.0	270.0	12	2482.492386792689	2482.7183062552967
2482.7827057453064	0.5258794627034149	trials	191031SL	p15	Z08115	230	4.0	315.0	8	2482.9327057453065	2483.1585852080098
2483.2129847218066	0.5259194626073622	trials	191031SL	p15	Z08115	319	3.0	225.0	12	2483.3629847218067	2483.588904184414
2483.653263674519	0.5159194863949779	trials	191031SL	p15	Z08115	343	12.0	270.0	12	2483.8032636745193	2484.019183160914
2487.886093605929	0.5158794864896663	trials	191031SL	p15	Z08115	127	6.0	0.0	8	2488.036093605929	2488.2519730924187
2488.316372582429	0.5258794627029602	trials	191031SL	p15	Z08115	182	1.0	180.0	8	2488.466372582429	2488.6922520451317
2488.7466515589285	0.5258794627029602	trials	191031SL	p15	Z08115	248	7.0	0.0	12	2488.8966515589286	2489.1225310216314
2489.1869305116415	0.525919462607817	trials	191031SL	p15	Z08115	65	4.0	180.0	4	2489.3369305116416	2489.5628499742493
2489.6172094881413	0.525919462607817	trials	191031SL	p15	Z08115	268	12.0	45.0	12	2489.7672094881414	2489.993128950749
2490.057528440759	0.5258794627025054	trials	191031SL	p15	Z08115	283	12.0	90.0	12	2490.2075284407592	2490.4334079034616
2490.487807417259	0.5258794627025054	trials	191031SL	p15	Z08115	119	13.0	315.0	4	2490.637807417259	2490.8636868799613
2494.510437848668	0.5159194863945231	trials	191031SL	p15	Z08115	43	12.0	90.0	4	2494.660437848668	2494.8763573350625
2496.8319923264094	0.515879486490121	trials	191031SL	p15	Z08115	50	4.0	135.0	4	2496.9819923264095	2497.1978718128994
2504.757213474765	0.5259194626082717	trials	191031SL	p15	Z08115	269	13.0	45.0	12	2504.9072134747653	2505.1331329373734
2505.187492451265	0.525919462607817	trials	191031SL	p15	Z08115	295	9.0	135.0	12	2505.337492451265	2505.5634119138726
2505.627771403978	0.525919462607817	trials	191031SL	p15	Z08115	142	6.0	45.0	8	2505.777771403978	2506.0036908665857
2506.0580903803825	0.5258794627029602	trials	191031SL	p15	Z08115	201	5.0	225.0	8	2506.2080903803826	2506.4339698430854
2506.4983693330955	0.525919462607817	trials	191031SL	p15	Z08115	107	1.0	315.0	4	2506.6483693330956	2506.8742887957033
2506.9286483095952	0.525919462607817	trials	191031SL	p15	Z08115	93	2.0	270.0	4	2507.0786483095953	2507.304567772203
2507.3689672622127	0.515879486490121	trials	191031SL	p15	Z08115	69	8.0	180.0	4	2507.5189672622128	2507.7348467487027
2512.90259409943	0.525919462607817	trials	191031SL	p15	Z08115	109	3.0	315.0	4	2513.0525940994303	2513.278513562038
2513.3329130758348	0.5258794627029602	trials	191031SL	p15	Z08115	316	0.0	225.0	12	2513.482913075835	2513.7087925385376
2513.7731920285473	0.5258794627034149	trials	191031SL	p15	Z08115	258	2.0	45.0	12	2513.9231920285474	2514.1490714912507
2514.203471005047	0.5058795102768272	trials	191031SL	p15	Z08115	24	8.0	45.0	4	2514.353471005047	2514.559350515324
2514.6337499815468	0.5058795102768272	trials	191031SL	p15	Z08115	114	8.0	315.0	4	2514.783749981547	2514.9896294918235
2515.07402893426	0.49587953406353336	trials	191031SL	p15	Z08115	184	3.0	180.0	8	2515.22402893426	2515.4199084683232
2515.5043079107595	0.49587953406353336	trials	191031SL	p15	Z08115	102	11.0	270.0	4	2515.6543079107596	2515.850187444823
2519.326858818096	0.515879486490121	trials	191031SL	p15	Z08115	139	3.0	45.0	8	2519.476858818096	2519.692738304586
2519.7571377945956	0.5258794627029602	trials	191031SL	p15	Z08115	206	10.0	225.0	8	2519.9071377945957	2520.1330172572984
2520.1974167473086	0.5159194863945231	trials	191031SL	p15	Z08115	33	2.0	90.0	4	2520.3474167473087	2520.563336233703
2520.6276957238083	0.49587953406353336	trials	191031SL	p15	Z08115	52	6.0	135.0	4	2520.7776957238084	2520.9735752578717
2521.058014700213	0.49583953415867654	trials	191031SL	p15	Z08115	288	2.0	135.0	12	2521.208014700213	2521.4038542343715
2521.4882936767126	0.5058795102763725	trials	191031SL	p15	Z08115	140	4.0	45.0	8	2521.6382936767127	2521.844173186989
2521.928572629425	0.49587953406353336	trials	191031SL	p15	Z08115	168	2.0	135.0	8	2522.0785726294253	2522.2744521634886
2525.751083536857	0.5159194863945231	trials	191031SL	p15	Z08115	153	2.0	90.0	8	2525.901083536857	2526.1170030232515
2526.1814025132617	0.5258794627029602	trials	191031SL	p15	Z08115	98	7.0	270.0	4	2526.3314025132618	2526.5572819759645
2526.6116814897614	0.5258794627029602	trials	191031SL	p15	Z08115	63	2.0	180.0	4	2526.7616814897615	2526.9875609524643
2527.051960442474	0.5258794627034149	trials	191031SL	p15	Z08115	100	9.0	270.0	4	2527.201960442474	2527.4278399051773
2527.4822394189737	0.525919462607817	trials	191031SL	p15	Z08115	183	2.0	180.0	8	2527.6322394189738	2527.8581588815814
2527.9125183954734	0.5359194388211108	trials	191031SL	p15	Z08115	39	8.0	90.0	4	2528.0625183954735	2528.2984378342944
2528.3527973481864	0.525919462607817	trials	191031SL	p15	Z08115	314	13.0	180.0	12	2528.5027973481865	2528.728716810794
2536.3180984012047	0.5258794627029602	trials	191031SL	p15	Z08115	5	4.0	0.0	4	2536.4680984012048	2536.6939778639075
2536.7483773777044	0.5258794627029602	trials	191031SL	p15	Z08115	9	8.0	0.0	4	2536.8983773777045	2537.1242568404073
2537.1886563304174	0.5158794864896663	trials	191031SL	p15	Z08115	308	7.0	180.0	12	2537.3386563304175	2537.554535816907
2537.6189353069167	0.5259194626082717	trials	191031SL	p15	Z08115	306	5.0	180.0	12	2537.768935306917	2537.994854769525
2538.0592142596297	0.5159194863945231	trials	191031SL	p15	Z08115	261	5.0	45.0	12	2538.20921425963	2538.425133746024
2538.4895332360343	0.5258794627029602	trials	191031SL	p15	Z08115	7	6.0	0.0	4	2538.6395332360344	2538.865412698737
2538.919812212534	0.5258794627029602	trials	191031SL	p15	Z08115	290	4.0	135.0	12	2539.069812212534	2539.295691675237
2542.412083905502	0.5159194863949779	trials	191031SL	p15	Z08115	274	3.0	90.0	12	2542.5620839055023	2542.778003391897
2542.8324029056935	0.5258794627034149	trials	191031SL	p15	Z08115	320	4.0	225.0	12	2542.9824029056936	2543.208282368397
2543.2726818584065	0.5258794627029602	trials	191031SL	p15	Z08115	150	14.0	45.0	8	2543.4226818584066	2543.6485613211094
2543.702960834906	0.5258794627029602	trials	191031SL	p15	Z08115	46	0.0	135.0	4	2543.8529608349063	2544.078840297609
2544.143239787619	0.525919462607817	trials	191031SL	p15	Z08115	51	5.0	135.0	4	2544.2932397876193	2544.519159250227
2544.573518764119	0.525919462607817	trials	191031SL	p15	Z08115	231	5.0	315.0	8	2544.723518764119	2544.9494382267267
2545.0138377167364	0.49587953406353336	trials	191031SL	p15	Z08115	338	7.0	270.0	12	2545.1638377167365	2545.3597172508
2548.7162689098004	0.515879486490121	trials	191031SL	p15	Z08115	117	11.0	315.0	4	2548.8662689098005	2549.0821483962904
2549.1465478863006	0.5158794864896663	trials	191031SL	p15	Z08115	242	1.0	0.0	12	2549.2965478863007	2549.51242737279
2549.5768268628003	0.525919462607817	trials	191031SL	p15	Z08115	48	2.0	135.0	4	2549.7268268628004	2549.952746325408
2550.0071458392044	0.5258794627034149	trials	191031SL	p15	Z08115	36	5.0	90.0	4	2550.1571458392045	2550.3830253019078
2550.4474247919175	0.5258794627029602	trials	191031SL	p15	Z08115	262	6.0	45.0	12	2550.5974247919175	2550.8233042546203
2550.877703768417	0.5258794627029602	trials	191031SL	p15	Z08115	301	0.0	180.0	12	2551.0277037684173	2551.25358323112
2551.31798272113	0.525919462607817	trials	191031SL	p15	Z08115	74	13.0	180.0	4	2551.4679827211303	2551.693902183738
2555.020413914194	0.5159194863949779	trials	191031SL	p15	Z08115	31	0.0	90.0	4	2555.170413914194	2555.3863334005887
2555.450732890599	0.5258794627025054	trials	191031SL	p15	Z08115	55	9.0	135.0	4	2555.600732890599	2555.8266123533012
2555.8810118670986	0.5258794627025054	trials	191031SL	p15	Z08115	211	0.0	270.0	8	2556.0310118670986	2556.256891329801
2556.321290819811	0.5158794864896663	trials	191031SL	p15	Z08115	130	9.0	0.0	8	2556.471290819811	2556.6871703063007
2556.751569796311	0.525919462607817	trials	191031SL	p15	Z08115	226	0.0	315.0	8	2556.901569796311	2557.1274892589186
2557.1818487728106	0.525919462607817	trials	191031SL	p15	Z08115	85	9.0	225.0	4	2557.3318487728106	2557.5577682354183
2557.6221677254284	0.5258794627029602	trials	191031SL	p15	Z08115	97	6.0	270.0	4	2557.7721677254285	2557.9980471881313
2565.077069992527	0.5159194863945231	trials	191031SL	p15	Z08115	164	13.0	90.0	8	2565.227069992527	2565.4429894789214
2565.4973889927182	0.5258794627034149	trials	191031SL	p15	Z08115	246	5.0	0.0	12	2565.6473889927183	2565.8732684554216
2565.9376679454313	0.5058795102768272	trials	191031SL	p15	Z08115	254	13.0	0.0	12	2566.0876679454313	2566.293547455708
2566.3779468981443	0.5359194388206561	trials	191031SL	p15	Z08115	224	13.0	270.0	8	2566.5279468981444	2566.763866336965
2566.8182258508573	0.525919462607817	trials	191031SL	p15	Z08115	157	6.0	90.0	8	2566.9682258508574	2567.194145313465
2567.25850480357	0.49587953406353336	trials	191031SL	p15	Z08115	34	3.0	90.0	4	2567.40850480357	2567.6043843376333
2567.6888237799744	0.49587953406353336	trials	191031SL	p15	Z08115	23	7.0	45.0	4	2567.8388237799745	2568.034703314038
2571.4112549254646	0.5159194863945231	trials	191031SL	p15	Z08115	110	4.0	315.0	4	2571.5612549254647	2571.777174411859
2571.841573901869	0.5258794627029602	trials	191031SL	p15	Z08115	218	7.0	270.0	8	2571.9915739018693	2572.217453364572
2572.271852878369	0.5258794627029602	trials	191031SL	p15	Z08115	360	14.0	315.0	12	2572.421852878369	2572.647732341072
2574.683447141934	0.5258794627029602	trials	191031SL	p15	Z08115	4	3.0	0.0	4	2574.833447141934	2575.0593266046367
2575.1137261184335	0.5258794627029602	trials	191031SL	p15	Z08115	28	12.0	45.0	4	2575.2637261184336	2575.4896055811364
2575.5540050711465	0.525919462607817	trials	191031SL	p15	Z08115	40	9.0	90.0	4	2575.7040050711466	2575.9299245337543
2575.9842840476463	0.525919462607817	trials	191031SL	p15	Z08115	296	10.0	135.0	12	2576.1342840476464	2576.360203510254
2576.4246030002637	0.515879486490121	trials	191031SL	p15	Z08115	47	1.0	135.0	4	2576.574603000264	2576.7904824867537
2576.8548819767634	0.5258794627034149	trials	191031SL	p15	Z08115	214	3.0	270.0	8	2577.0048819767635	2577.2307614394667
2577.2951609294764	0.515879486490121	trials	191031SL	p15	Z08115	302	1.0	180.0	12	2577.4451609294765	2577.6610404159665
2581.2477915273935	0.515879486490121	trials	191031SL	p15	Z08115	278	7.0	90.0	12	2581.3977915273936	2581.6136710138835
2581.6680705276804	0.5258794627029602	trials	191031SL	p15	Z08115	222	11.0	270.0	8	2581.8180705276804	2582.043949990383
2582.108349480393	0.5258794627034149	trials	191031SL	p15	Z08115	0			0	2582.258349480393	2582.4842289430962
2582.5386284568926	0.5258794627034149	trials	191031SL	p15	Z08115	178	12.0	135.0	8	2582.6886284568927	2582.914507919596
2582.9789074096057	0.525919462607817	trials	191031SL	p15	Z08115	267	11.0	45.0	12	2583.1289074096057	2583.3548268722134
2583.4091863861054	0.525919462607817	trials	191031SL	p15	Z08115	217	6.0	270.0	8	2583.5591863861055	2583.785105848713
2583.8495053387232	0.5258794627029602	trials	191031SL	p15	Z08115	233	7.0	315.0	8	2583.9995053387233	2584.225384801426
2587.5018966508164	0.515879486490121	trials	191031SL	p15	Z08115	122	1.0	0.0	8	2587.6518966508165	2587.8677761373065
2587.9221756511033	0.5259194626073622	trials	191031SL	p15	Z08115	292	6.0	135.0	12	2588.0721756511034	2588.2980951137106
2588.362454603816	0.525919462607817	trials	191031SL	p15	Z08115	135	14.0	0.0	8	2588.512454603816	2588.7383740664236
2588.792773580221	0.5258794627025054	trials	191031SL	p15	Z08115	103	12.0	270.0	4	2588.942773580221	2589.1686530429233
2589.2330525329335	0.5258794627029602	trials	191031SL	p15	Z08115	241	0.0	0.0	12	2589.3830525329336	2589.6089319956363
2589.6633315094327	0.5259194626082717	trials	191031SL	p15	Z08115	155	4.0	90.0	8	2589.813331509433	2590.039250972041
2590.1036104621458	0.525919462607817	trials	191031SL	p15	Z08115	14	13.0	0.0	4	2590.253610462146	2590.4795299247535
2593.8060816551147	0.515879486490121	trials	191031SL	p15	Z08115	221	10.0	270.0	8	2593.9560816551148	2594.1719611416047
2594.226360655401	0.5258794627034149	trials	191031SL	p15	Z08115	37	6.0	90.0	4	2594.376360655401	2594.6022401181044
2594.666639608114	0.525919462607817	trials	191031SL	p15	Z08115	197	1.0	225.0	8	2594.816639608114	2595.042559070722
2595.096918584614	0.525919462607817	trials	191031SL	p15	Z08115	116	10.0	315.0	4	2595.246918584614	2595.4728380472216
2595.537197537327	0.525919462607817	trials	191031SL	p15	Z08115	275	4.0	90.0	12	2595.687197537327	2595.9131169999346
2595.9675165137314	0.5258794627029602	trials	191031SL	p15	Z08115	352	6.0	315.0	12	2596.1175165137315	2596.3433959764343
2596.407795466444	0.5258794627034149	trials	191031SL	p15	Z08115	68	7.0	180.0	4	2596.557795466444	2596.7836749291473
2600.6605853503756	0.5159194863945231	trials	191031SL	p15	Z08115	330	14.0	225.0	12	2600.8105853503757	2601.02650483677
2601.0908643268754	0.525919462607817	trials	191031SL	p15	Z08115	347	1.0	315.0	12	2601.2408643268755	2601.466783789483
2601.5211833032795	0.5058795102768272	trials	191031SL	p15	Z08115	128	7.0	0.0	8	2601.6711833032796	2601.877062813556
2601.9514622797797	0.535879438916254	trials	191031SL	p15	Z08115	307	6.0	180.0	12	2602.1014622797798	2602.337341718696
2602.391741232492	0.525919462607817	trials	191031SL	p15	Z08115	154	3.0	90.0	8	2602.5417412324923	2602.7676606951
2602.8320201852052	0.525919462607817	trials	191031SL	p15	Z08115	185	4.0	180.0	8	2602.9820201852053	2603.207939647813
2603.26233916161	0.5258794627029602	trials	191031SL	p15	Z08115	172	6.0	135.0	8	2603.41233916161	2603.6382186243127
2607.0448101642837	0.525919462607817	trials	191031SL	p15	Z08115	192	11.0	180.0	8	2607.194810164284	2607.4207296268914
2612.048118262965	0.515879486490121	trials	191031SL	p15	Z08115	2	1.0	0.0	4	2612.198118262965	2612.413997749455
2612.478397239465	0.525919462607817	trials	191031SL	p15	Z08115	12	11.0	0.0	4	2612.628397239465	2612.8543167020725
2612.9086762159645	0.525919462607817	trials	191031SL	p15	Z08115	341	10.0	270.0	12	2613.0586762159646	2613.2845956785723
2613.3489951685824	0.5258794627029602	trials	191031SL	p15	Z08115	313	12.0	180.0	12	2613.4989951685825	2613.7248746312853
2613.789274121295	0.515879486490121	trials	191031SL	p15	Z08115	321	5.0	225.0	12	2613.939274121295	2614.155153607785
2614.2195530977947	0.525919462607817	trials	191031SL	p15	Z08115	210	14.0	225.0	8	2614.369553097795	2614.5954725604024
2614.6498320742944	0.525919462607817	trials	191031SL	p15	Z08115	194	13.0	180.0	8	2614.7998320742945	2615.025751536902
2623.0353721276947	0.525919462607817	trials	191031SL	p15	Z08115	0			0	2623.185372127695	2623.4112915903024
2623.465691104099	0.5258794627034149	trials	191031SL	p15	Z08115	101	10.0	270.0	4	2623.615691104099	2623.841570566802
2623.905970056812	0.515879486490121	trials	191031SL	p15	Z08115	54	8.0	135.0	4	2624.055970056812	2624.271849543302
2624.3362490333116	0.5258794627034149	trials	191031SL	p15	Z08115	27	11.0	45.0	4	2624.4862490333117	2624.712128496015
2624.7665280098113	0.525919462607817	trials	191031SL	p15	Z08115	161	10.0	90.0	8	2624.9165280098114	2625.142447472419
2625.2068069625243	0.525919462607817	trials	191031SL	p15	Z08115	189	8.0	180.0	8	2625.3568069625244	2625.582726425132
2625.6371259389284	0.5258794627034149	trials	191031SL	p15	Z08115	20	4.0	45.0	4	2625.7871259389285	2626.0130054016317
2629.189437489081	0.525919462607817	trials	191031SL	p15	Z08115	212	1.0	270.0	8	2629.339437489081	2629.5653569516885
2629.6197564654854	0.5258794627029602	trials	191031SL	p15	Z08115	326	10.0	225.0	12	2629.7697564654854	2629.995635928188
2630.0600354181984	0.5258794627029602	trials	191031SL	p15	Z08115	229	3.0	315.0	8	2630.2100354181985	2630.4359148809012
2634.492944873681	0.5158794864896663	trials	191031SL	p15	Z08115	337	6.0	270.0	12	2634.6429448736812	2634.8588243601707
2634.9232638500857	0.5258794627025054	trials	191031SL	p15	Z08115	89	13.0	225.0	4	2635.073263850086	2635.299143312788
2635.3635428027987	0.5158794864892116	trials	191031SL	p15	Z08115	92	1.0	270.0	4	2635.513542802799	2635.729422289288
2635.7938217792985	0.5258794627025054	trials	191031SL	p15	Z08115	187	6.0	180.0	8	2635.9438217792986	2636.169701242001
2636.2241007557977	0.525919462607817	trials	191031SL	p15	Z08115	332	1.0	270.0	12	2636.374100755798	2636.6000202184055
2636.6643797085103	0.5259194626082717	trials	191031SL	p15	Z08115	204	8.0	225.0	8	2636.8143797085104	2637.0402991711185
2637.0946986849153	0.5258794627029602	trials	191031SL	p15	Z08115	108	2.0	315.0	4	2637.2446986849154	2637.470578147618
2640.717090068369	0.515879486490121	trials	191031SL	p15	Z08115	180	14.0	135.0	8	2640.867090068369	2641.082969554859
2641.147369044869	0.5258794627029602	trials	191031SL	p15	Z08115	17	1.0	45.0	4	2641.297369044869	2641.5232485075717
2641.5776480213685	0.5258794627034149	trials	191031SL	p15	Z08115	171	5.0	135.0	8	2641.7276480213686	2641.953527484072
2644.259401642308	0.5158794864896663	trials	191031SL	p15	Z08115	249	8.0	0.0	12	2644.4094016423082	2644.6252811287977
2644.689680618808	0.525919462607817	trials	191031SL	p15	Z08115	282	11.0	90.0	12	2644.839680618808	2645.0656000814156
2645.119959595307	0.5259194626082717	trials	191031SL	p15	Z08115	303	2.0	180.0	12	2645.2699595953072	2645.4958790579153
2645.5602785479255	0.5258794627025054	trials	191031SL	p15	Z08115	10	9.0	0.0	4	2645.7102785479256	2645.936158010628
2645.9905575244247	0.505879510277282	trials	191031SL	p15	Z08115	56	10.0	135.0	4	2646.140557524425	2646.346437034702
2646.420836500925	0.5058795102763725	trials	191031SL	p15	Z08115	244	3.0	0.0	12	2646.570836500925	2646.776716011201
2646.8611154536375	0.49587953406353336	trials	191031SL	p15	Z08115	19	3.0	45.0	4	2647.0111154536376	2647.206994987701
2650.563586646607	0.5158794864892116	trials	191031SL	p15	Z08115	165	14.0	90.0	8	2650.713586646607	2650.929466133096
2651.003865599319	0.5058795102768272	trials	191031SL	p15	Z08115	113	7.0	315.0	4	2651.153865599319	2651.3597451095957
2651.444144552032	0.49587953406353336	trials	191031SL	p15	Z08115	129	8.0	0.0	8	2651.594144552032	2651.7900240860954
2651.874463528437	0.5058795102763725	trials	191031SL	p15	Z08115	156	5.0	90.0	8	2652.024463528437	2652.2303430387133
2652.3147424811496	0.4958795340630786	trials	191031SL	p15	Z08115	3	2.0	0.0	4	2652.4647424811496	2652.6606220152125
2652.7450214576493	0.5359194388206561	trials	191031SL	p15	Z08115	329	13.0	225.0	12	2652.8950214576494	2653.13094089647
2653.185300410362	0.5259194626082717	trials	191031SL	p15	Z08115	333	2.0	270.0	12	2653.335300410362	2653.56121987297
2656.8277317461475	0.5358794389157993	trials	191031SL	p15	Z08115	90	14.0	225.0	4	2656.9777317461476	2657.213611185063
2657.288010651286	0.5058795102768272	trials	191031SL	p15	Z08115	279	8.0	90.0	12	2657.4380106512863	2657.643890161563
2657.728289603999	0.5059195101812293	trials	191031SL	p15	Z08115	188	7.0	180.0	8	2657.8782896039993	2658.0842091141803
2658.168608556617	0.4958795340630786	trials	191031SL	p15	Z08115	57	11.0	135.0	4	2658.318608556617	2658.51448809068
2658.5788875806907	0.5158794864896663	trials	191031SL	p15	Z08115	111	5.0	315.0	4	2658.7288875806908	2658.9447670671802
2659.00916655719	0.515879486490121	trials	191031SL	p15	Z08115	138	2.0	45.0	8	2659.15916655719	2659.37504604368
2659.449445509903	0.5359194388206561	trials	191031SL	p15	Z08115	276	5.0	90.0	12	2659.599445509903	2659.8353649487235
2663.4120760840333	0.5158794864896663	trials	191031SL	p15	Z08115	199	3.0	225.0	8	2663.5620760840334	2663.777955570523
2663.842355060533	0.5258794627029602	trials	191031SL	p15	Z08115	35	4.0	90.0	4	2663.992355060533	2664.218234523236
2664.2726340370327	0.525919462607817	trials	191031SL	p15	Z08115	256	0.0	45.0	12	2664.422634037033	2664.6485534996405
2664.7129129897453	0.5259194626082717	trials	191031SL	p15	Z08115	162	11.0	90.0	8	2664.8629129897454	2665.0888324523535
2665.1432319661503	0.49587953406353336	trials	191031SL	p15	Z08115	350	4.0	315.0	12	2665.2932319661504	2665.4891115002138
2665.57351094265	0.5258794627025054	trials	191031SL	p15	Z08115	16	0.0	45.0	4	2665.72351094265	2665.9493904053525
2666.0137898953626	0.5258794627029602	trials	191031SL	p15	Z08115	294	8.0	135.0	12	2666.1637898953627	2666.3896693580655
2669.636181278817	0.5158794864892116	trials	191031SL	p15	Z08115	141	5.0	45.0	8	2669.786181278817	2670.002060765306
2670.0664602553165	0.5158794864896663	trials	191031SL	p15	Z08115	305	4.0	180.0	12	2670.2164602553166	2670.432339741806
2672.558134328396	0.515879486490121	trials	191031SL	p15	Z08115	181	0.0	180.0	8	2672.708134328396	2672.924013814886
2672.998413281109	0.5358794389157993	trials	191031SL	p15	Z08115	344	13.0	270.0	12	2673.1484132811092	2673.384292720025
2673.438692233822	0.525919462607817	trials	191031SL	p15	Z08115	315	14.0	180.0	12	2673.5886922338223	2673.81461169643
2673.8789711865347	0.5159194863949779	trials	191031SL	p15	Z08115	144	8.0	45.0	8	2674.028971186535	2674.2448906729296
2674.3092901629393	0.5258794627034149	trials	191031SL	p15	Z08115	328	12.0	225.0	12	2674.4592901629394	2674.6851696256426
2674.7495691156523	0.5158794864896663	trials	191031SL	p15	Z08115	59	13.0	135.0	4	2674.8995691156524	2675.115448602142
2675.179848092152	0.5258794627025054	trials	191031SL	p15	Z08115	8	7.0	0.0	4	2675.329848092152	2675.5557275548545
2678.8622793327895	0.5258794627029602	trials	191031SL	p15	Z08115	285	14.0	90.0	12	2679.0122793327896	2679.2381587954924
2681.544032953729	0.5159194863945231	trials	191031SL	p15	Z08115	240	14.0	315.0	8	2681.694032953729	2681.9099524401236
2681.9743519301333	0.515879486490121	trials	191031SL	p15	Z08115	15	14.0	0.0	4	2682.1243519301333	2682.3402314166233
2682.4046309066334	0.5258794627029602	trials	191031SL	p15	Z08115	309	8.0	180.0	12	2682.5546309066335	2682.7805103693363
2682.834909883133	0.5258794627029602	trials	191031SL	p15	Z08115	1	0.0	0.0	4	2682.9849098831332	2683.210789345836
2683.2751888358457	0.5259194626082717	trials	191031SL	p15	Z08115	167	1.0	135.0	8	2683.425188835846	2683.651108298454
2683.7054678123454	0.525919462607817	trials	191031SL	p15	Z08115	158	7.0	90.0	8	2683.8554678123455	2684.081387274953
2686.287181671249	0.525919462607817	trials	191031SL	p15	Z08115	198	2.0	225.0	8	2686.437181671249	2686.663101133857
2686.717460647749	0.525919462607817	trials	191031SL	p15	Z08115	42	11.0	90.0	4	2686.867460647749	2687.0933801103565
2687.157779600366	0.5258794627034149	trials	191031SL	p15	Z08115	317	1.0	225.0	12	2687.3077796003663	2687.5336590630695
2687.588058576866	0.5258794627029602	trials	191031SL	p15	Z08115	166	0.0	135.0	8	2687.738058576866	2687.963938039569
2688.028337529579	0.5158794864896663	trials	191031SL	p15	Z08115	124	3.0	0.0	8	2688.178337529579	2688.3942170160685
2688.4586165060787	0.525919462607817	trials	191031SL	p15	Z08115	261	5.0	45.0	12	2688.6086165060788	2688.8345359686864
2688.898935458696	0.515879486490121	trials	191031SL	p15	Z08115	311	10.0	180.0	12	2689.048935458696	2689.264814945186
2694.9429210819285	0.5158794864892116	trials	191031SL	p15	Z08115	202	6.0	225.0	8	2695.0929210819286	2695.3088005684176
2695.363200082215	0.5258794627025054	trials	191031SL	p15	Z08115	87	11.0	225.0	4	2695.513200082215	2695.7390795449173
2695.8034790349275	0.5258794627029602	trials	191031SL	p15	Z08115	138	2.0	45.0	8	2695.9534790349276	2696.1793584976303
2696.233758011427	0.5259194626082717	trials	191031SL	p15	Z08115	295	9.0	135.0	12	2696.3837580114273	2696.6096774740354
2696.67403696414	0.525919462607817	trials	191031SL	p15	Z08115	219	8.0	270.0	8	2696.8240369641403	2697.049956426748
2697.104355940545	0.5258794627029602	trials	191031SL	p15	Z08115	179	13.0	135.0	8	2697.254355940545	2697.4802354032477
2697.544634893258	0.5158794864892116	trials	191031SL	p15	Z08115	321	5.0	225.0	12	2697.694634893258	2697.910514379747
2701.287105991079	0.5258794627034149	trials	191031SL	p15	Z08115	191	10.0	180.0	8	2701.437105991079	2701.6629854537823
2701.727384943792	0.515879486490121	trials	191031SL	p15	Z08115	185	4.0	180.0	8	2701.877384943792	2702.093264430282
2702.1576639202917	0.525919462607817	trials	191031SL	p15	Z08115	257	1.0	45.0	12	2702.307663920292	2702.5335833828995
2702.5879828966963	0.5258794627029602	trials	191031SL	p15	Z08115	56	10.0	135.0	4	2702.7379828966964	2702.963862359399
2703.028261849409	0.5258794627034149	trials	191031SL	p15	Z08115	304	3.0	180.0	12	2703.178261849409	2703.404141312112
2703.4585408259086	0.5258794627034149	trials	191031SL	p15	Z08115	120	14.0	315.0	4	2703.6085408259087	2703.834420288612
2703.8988197786216	0.525919462607817	trials	191031SL	p15	Z08115	151	0.0	90.0	8	2704.0488197786217	2704.2747392412293
2707.5512510906196	0.515879486490121	trials	191031SL	p15	Z08115	49	3.0	135.0	4	2707.7012510906197	2707.9171305771097
2707.9815300671194	0.49587953406353336	trials	191031SL	p15	Z08115	200	4.0	225.0	8	2708.1315300671195	2708.327409601183
2710.8234033071844	0.5258794627025054	trials	191031SL	p15	Z08115	360	14.0	315.0	12	2710.9734033071845	2711.199282769887
2711.253682283684	0.525919462607817	trials	191031SL	p15	Z08115	228	2.0	315.0	8	2711.4036822836842	2711.629601746292
2711.693961236397	0.5159194863945231	trials	191031SL	p15	Z08115	39	8.0	90.0	4	2711.8439612363973	2712.0598807227916
2712.124240212897	0.5259194626073622	trials	191031SL	p15	Z08115	194	13.0	180.0	8	2712.274240212897	2712.500159675504
2712.554559189301	0.5258794627029602	trials	191031SL	p15	Z08115	353	7.0	315.0	12	2712.704559189301	2712.930438652004
2712.994838142014	0.5258794627029602	trials	191031SL	p15	Z08115	282	11.0	90.0	12	2713.144838142014	2713.370717604717
2713.4251171185138	0.525919462607817	trials	191031SL	p15	Z08115	327	11.0	225.0	12	2713.575117118514	2713.8010365811215
2716.947468739931	0.515879486490121	trials	191031SL	p15	Z08115	264	8.0	45.0	12	2717.097468739931	2717.313348226421
2717.377747716431	0.5258794627029602	trials	191031SL	p15	Z08115	245	4.0	0.0	12	2717.527747716431	2717.7536271791337
2717.8080266929305	0.5258794627029602	trials	191031SL	p15	Z08115	51	5.0	135.0	4	2717.9580266929306	2718.1839061556334
2718.2483056456435	0.525919462607817	trials	191031SL	p15	Z08115	182	1.0	180.0	8	2718.3983056456436	2718.6242251082513
2718.6785846221433	0.5058795102763725	trials	191031SL	p15	Z08115	16	0.0	45.0	4	2718.8285846221434	2719.0344641324195
2719.108863598643	0.5058795102763725	trials	191031SL	p15	Z08115	159	8.0	90.0	8	2719.258863598643	2719.4647431089193
2719.5491825512604	0.515879486490121	trials	191031SL	p15	Z08115	60	14.0	135.0	4	2719.6991825512605	2719.9150620377504
2728.985400105424	0.5258794627034149	trials	191031SL	p15	Z08115	100	9.0	270.0	4	2729.135400105424	2729.3612795681274
2729.415679081924	0.515879486490121	trials	191031SL	p15	Z08115	89	13.0	225.0	4	2729.565679081924	2729.781558568414
2729.865998010755	0.49587953406353336	trials	191031SL	p15	Z08115	0			0	2730.015998010755	2730.2118775448184
2730.2962769872543	0.5358794389167088	trials	191031SL	p15	Z08115	289	3.0	135.0	12	2730.4462769872544	2730.682156426171
2730.7365559399673	0.49587953406353336	trials	191031SL	p15	Z08115	244	3.0	0.0	12	2730.8865559399674	2731.0824354740307
2731.166834916467	0.5359194388211108	trials	191031SL	p15	Z08115	296	10.0	135.0	12	2731.316834916467	2731.552754355288
2731.607153869085	0.5258794627029602	trials	191031SL	p15	Z08115	36	5.0	90.0	4	2731.757153869085	2731.9830333317877
2739.8125743509336	0.5158794864896663	trials	191031SL	p15	Z08115	52	6.0	135.0	4	2739.9625743509337	2740.178453837423
2742.5043279480865	0.5158794864892116	trials	191031SL	p15	Z08115	30	14.0	45.0	4	2742.6543279480866	2742.8702074345756
2742.934606924586	0.5259194626073622	trials	191031SL	p15	Z08115	117	11.0	315.0	4	2743.0846069245863	2743.3105263871935
2743.3649259009903	0.5058795102768272	trials	191031SL	p15	Z08115	271	0.0	90.0	12	2743.5149259009904	2743.720805411267
2743.79520487749	0.5258794627029602	trials	191031SL	p15	Z08115	107	1.0	315.0	4	2743.94520487749	2744.171084340193
2744.235483830203	0.5258794627029602	trials	191031SL	p15	Z08115	94	3.0	270.0	4	2744.385483830203	2744.611363292906
2744.665762806703	0.525919462607817	trials	191031SL	p15	Z08115	88	12.0	225.0	4	2744.815762806703	2745.0416822693105
2745.106041759416	0.525919462607817	trials	191031SL	p15	Z08115	95	4.0	270.0	4	2745.256041759416	2745.4819612220235
2748.7284331428696	0.5159194863945231	trials	191031SL	p15	Z08115	12	11.0	0.0	4	2748.8784331428697	2749.094352629264
2751.180067311192	0.5158794864896663	trials	191031SL	p15	Z08115	298	12.0	135.0	12	2751.330067311192	2751.5459467976816
2751.6103462876913	0.525919462607817	trials	191031SL	p15	Z08115	55	9.0	135.0	4	2751.7603462876914	2751.986265750299
2752.0506252404043	0.5159194863945231	trials	191031SL	p15	Z08115	294	8.0	135.0	12	2752.2006252404044	2752.4165447267987
2752.4809442168093	0.5258794627025054	trials	191031SL	p15	Z08115	65	4.0	180.0	4	2752.6309442168094	2752.8568236795118
2752.9112231933086	0.5058795102763725	trials	191031SL	p15	Z08115	223	12.0	270.0	8	2753.0612231933087	2753.267102703585
2753.3415021698083	0.5058795102763725	trials	191031SL	p15	Z08115	330	14.0	225.0	12	2753.4915021698084	2753.6973816800846
2753.7817811225214	0.4958795340630786	trials	191031SL	p15	Z08115	31	0.0	90.0	4	2753.9317811225214	2754.1276606565843
2757.334132672578	0.525919462607817	trials	191031SL	p15	Z08115	113	7.0	315.0	4	2757.484132672578	2757.710052135186
2757.764411649078	0.525919462607817	trials	191031SL	p15	Z08115	74	13.0	180.0	4	2757.914411649078	2758.1403311116856
2758.2047306016957	0.5158794864896663	trials	191031SL	p15	Z08115	249	8.0	0.0	12	2758.354730601696	2758.5706100881853
2758.635009578195	0.5258794627034149	trials	191031SL	p15	Z08115	96	5.0	270.0	4	2758.785009578195	2759.0108890408983
2759.075288530908	0.515879486490121	trials	191031SL	p15	Z08115	15	14.0	0.0	4	2759.225288530908	2759.441168017398
2759.5055675074077	0.525919462607817	trials	191031SL	p15	Z08115	210	14.0	225.0	8	2759.655567507408	2759.8814869700154
2759.9358464839074	0.525919462607817	trials	191031SL	p15	Z08115	37	6.0	90.0	4	2760.0858464839075	2760.311765946515
2763.4781980577513	0.515879486490121	trials	191031SL	p15	Z08115	345	14.0	270.0	12	2763.6281980577514	2763.8440775442414
2763.908477034251	0.515879486490121	trials	191031SL	p15	Z08115	186	5.0	180.0	8	2764.058477034251	2764.274356520741
2764.338756010751	0.525919462607817	trials	191031SL	p15	Z08115	47	1.0	135.0	4	2764.488756010751	2764.7146754733585
2764.779034963464	0.5159194863945231	trials	191031SL	p15	Z08115	281	10.0	90.0	12	2764.929034963464	2765.1449544498582
2765.2093539398684	0.5258794627029602	trials	191031SL	p15	Z08115	224	13.0	270.0	8	2765.3593539398685	2765.5852334025712
2765.639632916368	0.5258794627029602	trials	191031SL	p15	Z08115	326	10.0	225.0	12	2765.789632916368	2766.015512379071
2766.0799118690807	0.525919462607817	trials	191031SL	p15	Z08115	265	9.0	45.0	12	2766.2299118690808	2766.4558313316884
2769.9124627526303	0.515879486490121	trials	191031SL	p15	Z08115	134	13.0	0.0	8	2770.0624627526304	2770.2783422391203
2770.3527417053433	0.515879486490121	trials	191031SL	p15	Z08115	181	0.0	180.0	8	2770.5027417053434	2770.7186211918333
2770.7730207056297	0.5258794627029602	trials	191031SL	p15	Z08115	150	14.0	45.0	8	2770.92302070563	2771.1489001683326
2771.2132996583427	0.525919462607817	trials	191031SL	p15	Z08115	152	1.0	90.0	8	2771.363299658343	2771.5892191209505
2771.6435786348425	0.525919462607817	trials	191031SL	p15	Z08115	188	7.0	180.0	8	2771.7935786348426	2772.01949809745
2772.08389758746	0.5258794627034149	trials	191031SL	p15	Z08115	280	9.0	90.0	12	2772.23389758746	2772.459777050163
2772.5141765639596	0.5258794627034149	trials	191031SL	p15	Z08115	290	4.0	135.0	12	2772.6641765639597	2772.890056026663
2780.5694774028966	0.5159194863945231	trials	191031SL	p15	Z08115	337	6.0	270.0	12	2780.7194774028967	2780.935396889291
2780.989756403183	0.5359194388211108	trials	191031SL	p15	Z08115	168	2.0	135.0	8	2781.139756403183	2781.375675842004
2781.4300753558005	0.5258794627034149	trials	191031SL	p15	Z08115	307	6.0	180.0	12	2781.5800753558005	2781.805954818504
2781.8703543085135	0.515879486490121	trials	191031SL	p15	Z08115	131	10.0	0.0	8	2782.0203543085136	2782.2362337950035
2782.300633285013	0.525919462607817	trials	191031SL	p15	Z08115	2	1.0	0.0	4	2782.4506332850133	2782.676552747621
2782.730912261513	0.525919462607817	trials	191031SL	p15	Z08115	178	12.0	135.0	8	2782.880912261513	2783.1068317241206
2783.171191214226	0.525919462607817	trials	191031SL	p15	Z08115	342	11.0	270.0	12	2783.321191214226	2783.5471106768337
2787.5341008362166	0.5258794627029602	trials	191031SL	p15	Z08115	54	8.0	135.0	4	2787.6841008362167	2787.9099802989194
2787.9743797889296	0.5158794864896663	trials	191031SL	p15	Z08115	279	8.0	90.0	12	2788.1243797889297	2788.340259275419
2788.404658765429	0.525919462607817	trials	191031SL	p15	Z08115	142	6.0	45.0	8	2788.554658765429	2788.7805782280366
2788.844977718047	0.5158794864892116	trials	191031SL	p15	Z08115	22	6.0	45.0	4	2788.9949777180473	2789.2108572045363
2789.275256694547	0.5258794627025054	trials	191031SL	p15	Z08115	183	2.0	180.0	8	2789.425256694547	2789.6511361572493
2789.705535671046	0.5258794627029602	trials	191031SL	p15	Z08115	75	14.0	180.0	4	2789.8555356710463	2790.081415133749
2790.1458146237587	0.49587953406353336	trials	191031SL	p15	Z08115	236	10.0	315.0	8	2790.295814623759	2790.491694157822
2794.5787640791464	0.5258794627034149	trials	191031SL	p15	Z08115	78	2.0	225.0	4	2794.7287640791465	2794.9546435418497
2795.0090430556465	0.5258794627029602	trials	191031SL	p15	Z08115	105	14.0	270.0	4	2795.1590430556466	2795.3849225183494
2795.449322008359	0.5058795102768272	trials	191031SL	p15	Z08115	119	13.0	315.0	4	2795.599322008359	2795.805201518636
2795.889600961072	0.5058795102768272	trials	191031SL	p15	Z08115	359	13.0	315.0	12	2796.039600961072	2796.245480471349
2796.3199199374767	0.5058795102763725	trials	191031SL	p15	Z08115	163	12.0	90.0	8	2796.469919937477	2796.675799447753
2796.730158961645	0.525919462607817	trials	191031SL	p15	Z08115	165	14.0	90.0	8	2796.880158961645	2797.1060784242527
2797.170437914358	0.525919462607817	trials	191031SL	p15	Z08115	310	9.0	180.0	12	2797.320437914358	2797.5463573769657
2804.345180847869	0.525919462607817	trials	191031SL	p15	Z08115	278	7.0	90.0	12	2804.495180847869	2804.7211003104767
2804.7754998242735	0.5258794627029602	trials	191031SL	p15	Z08115	226	0.0	315.0	8	2804.9254998242736	2805.1513792869764
2805.2157787769866	0.5258794627029602	trials	191031SL	p15	Z08115	217	6.0	270.0	8	2805.3657787769866	2805.5916582396894
2805.646057753486	0.525919462607817	trials	191031SL	p15	Z08115	269	13.0	45.0	12	2805.796057753486	2806.0219772160935
2808.367851279183	0.5158794864896663	trials	191031SL	p15	Z08115	48	2.0	135.0	4	2808.517851279183	2808.7337307656726
2808.78813027947	0.525919462607817	trials	191031SL	p15	Z08115	297	11.0	135.0	12	2808.93813027947	2809.1640497420776
2809.2284092321825	0.5259194626082717	trials	191031SL	p15	Z08115	71	10.0	180.0	4	2809.3784092321825	2809.6043286947906
2809.658728208587	0.5258794627029602	trials	191031SL	p15	Z08115	303	2.0	180.0	12	2809.808728208587	2810.03460767129
2810.0990071613	0.5258794627025054	trials	191031SL	p15	Z08115	239	13.0	315.0	8	2810.2490071613	2810.4748866240025
2810.5292861377998	0.525919462607817	trials	191031SL	p15	Z08115	199	3.0	225.0	8	2810.6792861378	2810.9052056004075
2810.969565090513	0.5259194626073622	trials	191031SL	p15	Z08115	147	11.0	45.0	8	2811.119565090513	2811.34548455312
2814.8321159027014	0.525919462607817	trials	191031SL	p15	Z08115	247	6.0	0.0	12	2814.9821159027015	2815.208035365309
2815.2624348791064	0.5258794627025054	trials	191031SL	p15	Z08115	0			0	2815.4124348791065	2815.638314341809
2815.702713831819	0.5258794627029602	trials	191031SL	p15	Z08115	121	0.0	0.0	8	2815.852713831819	2816.078593294522
2818.344467547906	0.5258794627029602	trials	191031SL	p15	Z08115	32	1.0	90.0	4	2818.494467547906	2818.7203470106087
2818.7747465244056	0.5258794627029602	trials	191031SL	p15	Z08115	291	5.0	135.0	12	2818.9247465244057	2819.1506259871085
2819.2150254771186	0.5259194626073622	trials	191031SL	p15	Z08115	46	0.0	135.0	4	2819.3650254771187	2819.590944939726
2819.645304453618	0.525919462607817	trials	191031SL	p15	Z08115	302	1.0	180.0	12	2819.795304453618	2820.0212239162256
2820.085623406236	0.5158794864896663	trials	191031SL	p15	Z08115	141	5.0	45.0	8	2820.2356234062363	2820.451502892726
2820.515902382736	0.49587953406353336	trials	191031SL	p15	Z08115	357	11.0	315.0	12	2820.665902382736	2820.8617819167994
2820.946181359235	0.5058795102763725	trials	191031SL	p15	Z08115	336	5.0	270.0	12	2821.0961813592353	2821.3020608695115
2825.4091307432623	0.515879486490121	trials	191031SL	p15	Z08115	166	0.0	135.0	8	2825.5591307432624	2825.7750102297523
2825.839409719762	0.515879486490121	trials	191031SL	p15	Z08115	240	14.0	315.0	8	2825.989409719762	2826.205289206252
2828.4711634596356	0.515879486490121	trials	191031SL	p15	Z08115	318	2.0	225.0	12	2828.6211634596357	2828.8370429461256
2828.8914024600176	0.525919462607817	trials	191031SL	p15	Z08115	347	1.0	315.0	12	2829.0414024600177	2829.2673219226253
2829.331721412635	0.5258794627034149	trials	191031SL	p15	Z08115	104	13.0	270.0	4	2829.481721412635	2829.7076008753384
2829.7620003891348	0.5258794627034149	trials	191031SL	p15	Z08115	230	4.0	315.0	8	2829.912000389135	2830.137879851838
2830.2022793418478	0.525919462607817	trials	191031SL	p15	Z08115	118	12.0	315.0	4	2830.352279341848	2830.5781988044555
2830.6325983182523	0.5258794627029602	trials	191031SL	p15	Z08115	135	14.0	0.0	8	2830.7825983182524	2831.008477780955
2831.072877270965	0.5258794627034149	trials	191031SL	p15	Z08115	198	2.0	225.0	8	2831.222877270965	2831.4487567336682
2835.8560258933376	0.5058795102763725	trials	191031SL	p15	Z08115	354	8.0	315.0	12	2836.0060258933377	2836.211905403614
2836.2963048460506	0.5058795102763725	trials	191031SL	p15	Z08115	212	1.0	270.0	8	2836.4463048460507	2836.652184356327
2836.736583798763	0.525919462607817	trials	191031SL	p15	Z08115	103	12.0	270.0	4	2836.8865837987632	2837.112503261371
2837.176902751381	0.5258794627029602	trials	191031SL	p15	Z08115	1	0.0	0.0	4	2837.326902751381	2837.552782214084
2837.6071817278807	0.5258794627029602	trials	191031SL	p15	Z08115	243	2.0	0.0	12	2837.757181727881	2837.9830611905836
2838.0474606805933	0.5058795102768272	trials	191031SL	p15	Z08115	154	3.0	90.0	8	2838.1974606805934	2838.40334019087
2838.4877796332116	0.5058795102763725	trials	191031SL	p15	Z08115	19	3.0	45.0	4	2838.6377796332117	2838.843659143488
2844.7719246851784	0.5158794864896663	trials	191031SL	p15	Z08115	331	0.0	270.0	12	2844.9219246851785	2845.137804171668
2845.202203661678	0.5258794627029602	trials	191031SL	p15	Z08115	98	7.0	270.0	4	2845.3522036616782	2845.578083124381
2845.632482638178	0.5259194626073622	trials	191031SL	p15	Z08115	82	6.0	225.0	4	2845.782482638178	2846.008402100785
2846.072761590891	0.5259194626073622	trials	191031SL	p15	Z08115	314	13.0	180.0	12	2846.222761590891	2846.448681053498
2846.5030805672955	0.5258794627025054	trials	191031SL	p15	Z08115	133	12.0	0.0	8	2846.6530805672955	2846.878960029998
2846.9433595200085	0.5258794627025054	trials	191031SL	p15	Z08115	187	6.0	180.0	8	2847.0933595200086	2847.319238982711
2847.373638496508	0.5058795102763725	trials	191031SL	p15	Z08115	38	7.0	90.0	4	2847.5236384965083	2847.7295180067845
2850.9159900703517	0.5158794864896663	trials	191031SL	p15	Z08115	35	4.0	90.0	4	2851.0659900703517	2851.2818695568412
2851.3462690468514	0.5158794864896663	trials	191031SL	p15	Z08115	173	7.0	135.0	8	2851.4962690468515	2851.712148533341
2851.776548023351	0.5258794627029602	trials	191031SL	p15	Z08115	24	8.0	45.0	4	2851.926548023351	2852.152427486054
2852.2068269998504	0.5259194626082717	trials	191031SL	p15	Z08115	99	8.0	270.0	4	2852.3568269998505	2852.5827464624585
2852.6471059525634	0.525919462607817	trials	191031SL	p15	Z08115	170	4.0	135.0	8	2852.7971059525635	2853.023025415171
2853.0774249289684	0.5258794627025054	trials	191031SL	p15	Z08115	8	7.0	0.0	4	2853.2274249289685	2853.453304391671
2853.5077039054677	0.535879438916254	trials	191031SL	p15	Z08115	18	2.0	45.0	4	2853.6577039054678	2853.893583344384
2859.5516895286996	0.5258794627034149	trials	191031SL	p15	Z08115	176	10.0	135.0	8	2859.7016895286997	2859.927568991403
2859.9819685051993	0.5058795102768272	trials	191031SL	p15	Z08115	306	5.0	180.0	12	2860.1319685051994	2860.337848015476
2860.4022475054862	0.49587953406353336	trials	191031SL	p15	Z08115	193	12.0	180.0	8	2860.5522475054863	2860.7481270395497
2860.8125265295594	0.5158794864896663	trials	191031SL	p15	Z08115	177	11.0	135.0	8	2860.9625265295595	2861.178406016049
2861.242805506059	0.5258794627029602	trials	191031SL	p15	Z08115	263	7.0	45.0	12	2861.392805506059	2861.618684968762
2861.673084482559	0.5258794627029602	trials	191031SL	p15	Z08115	209	13.0	225.0	8	2861.823084482559	2862.0489639452617
2862.113363435272	0.5259194626073622	trials	191031SL	p15	Z08115	288	2.0	135.0	12	2862.263363435272	2862.489282897879
2865.475595437564	0.5258794627029602	trials	191031SL	p15	Z08115	272	1.0	90.0	12	2865.6255954375642	2865.851474900267
2865.905874414064	0.5259194626082717	trials	191031SL	p15	Z08115	283	12.0	90.0	12	2866.055874414064	2866.281793876672
2866.346153366777	0.5159194863945231	trials	191031SL	p15	Z08115	351	5.0	315.0	12	2866.496153366777	2866.7120728531713
2866.7764723431815	0.5258794627025054	trials	191031SL	p15	Z08115	72	11.0	180.0	4	2866.9264723431816	2867.152351805884
2869.5583057260624	0.5158794864896663	trials	191031SL	p15	Z08115	309	8.0	180.0	12	2869.7083057260625	2869.924185212552
2869.988584702562	0.5258794627025054	trials	191031SL	p15	Z08115	90	14.0	225.0	4	2870.138584702562	2870.3644641652645
2870.4188636790614	0.5258794627029602	trials	191031SL	p15	Z08115	340	9.0	270.0	12	2870.5688636790615	2870.7947431417642
2870.8591426317744	0.525919462607817	trials	191031SL	p15	Z08115	85	9.0	225.0	4	2871.0091426317745	2871.235062094382
2871.289421608274	0.525919462607817	trials	191031SL	p15	Z08115	276	5.0	90.0	12	2871.439421608274	2871.665341070882
2871.729740560892	0.5258794627029602	trials	191031SL	p15	Z08115	161	10.0	90.0	8	2871.879740560892	2872.105620023595
2872.1600195373917	0.5258794627025054	trials	191031SL	p15	Z08115	136	0.0	45.0	8	2872.310019537392	2872.535899000094
2876.502889207051	0.515879486490121	trials	191031SL	p15	Z08115	6	5.0	0.0	4	2876.652889207051	2876.868768693541
2876.9331681835506	0.515879486490121	trials	191031SL	p15	Z08115	211	0.0	270.0	8	2877.0831681835507	2877.2990476700406
2877.3634471600503	0.525919462607817	trials	191031SL	p15	Z08115	124	3.0	0.0	8	2877.5134471600504	2877.739366622658
2877.79372613655	0.525919462607817	trials	191031SL	p15	Z08115	254	13.0	0.0	12	2877.94372613655	2878.169645599158
2878.234005089263	0.525919462607817	trials	191031SL	p15	Z08115	252	11.0	0.0	12	2878.384005089263	2878.609924551871
2878.664324065667	0.5258794627034149	trials	191031SL	p15	Z08115	207	11.0	225.0	8	2878.8143240656673	2879.0402035283705
2879.10460301838	0.5258794627034149	trials	191031SL	p15	Z08115	328	12.0	225.0	12	2879.2546030183803	2879.4804824810835
2883.4274727356137	0.5158794864892116	trials	191031SL	p15	Z08115	204	8.0	225.0	8	2883.577472735614	2883.793352222103
2883.8577517121134	0.5158794864892116	trials	191031SL	p15	Z08115	227	1.0	315.0	8	2884.0077517121135	2884.2236311986026
2886.9097844522735	0.5058395103719704	trials	191031SL	p15	Z08115	203	7.0	225.0	8	2887.0597844522736	2887.2656239626453
2887.330023452655	0.5259194626082717	trials	191031SL	p15	Z08115	13	12.0	0.0	4	2887.480023452655	2887.705942915263
2887.770302405368	0.5159194863949779	trials	191031SL	p15	Z08115	114	8.0	315.0	4	2887.920302405368	2888.136221891763
2888.2006213817726	0.5258794627029602	trials	191031SL	p15	Z08115	189	8.0	180.0	8	2888.3506213817727	2888.5765008444755
2890.562175764367	0.5258794627025054	trials	191031SL	p15	Z08115	0			0	2890.712175764367	2890.9380552270695
2890.992454740867	0.525919462607817	trials	191031SL	p15	Z08115	197	1.0	225.0	8	2891.142454740867	2891.3683742034746
2891.4327336935794	0.5259194626082717	trials	191031SL	p15	Z08115	137	1.0	45.0	8	2891.5827336935795	2891.8086531561876
2891.863052669984	0.515879486490121	trials	191031SL	p15	Z08115	97	6.0	270.0	4	2892.013052669984	2892.228932156474
2892.3133315989103	0.5258794627025054	trials	191031SL	p15	Z08115	81	5.0	225.0	4	2892.4633315989104	2892.6892110616127
2892.753610551623	0.5259194626082717	trials	191031SL	p15	Z08115	341	10.0	270.0	12	2892.903610551623	2893.129530014231
2893.1839295280274	0.5258794627029602	trials	191031SL	p15	Z08115	3	2.0	0.0	4	2893.3339295280275	2893.5598089907303
2898.7075563890317	0.5258794627029602	trials	191031SL	p15	Z08115	115	9.0	315.0	4	2898.8575563890317	2899.0834358517345
2899.1378353655314	0.49587953406353336	trials	191031SL	p15	Z08115	73	12.0	180.0	4	2899.2878353655315	2899.483714899595
2899.568114342031	0.5058795102763725	trials	191031SL	p15	Z08115	146	10.0	45.0	8	2899.718114342031	2899.9239938523074
2900.008393294744	0.49587953406353336	trials	191031SL	p15	Z08115	80	4.0	225.0	4	2900.158393294744	2900.3542728288076
2900.4387122711482	0.5258794627034149	trials	191031SL	p15	Z08115	241	0.0	0.0	12	2900.5887122711483	2900.8145917338516
2900.8789912238612	0.5258794627034149	trials	191031SL	p15	Z08115	0			0	2901.0289912238613	2901.2548706865646
2901.3192701765743	0.5158794864896663	trials	191031SL	p15	Z08115	251	10.0	0.0	12	2901.4692701765744	2901.685149663064
2905.021741369543	0.5158794864896663	trials	191031SL	p15	Z08115	123	2.0	0.0	8	2905.1717413695433	2905.3876208560328
2905.4420203698296	0.5258794627029602	trials	191031SL	p15	Z08115	325	9.0	225.0	12	2905.5920203698297	2905.8178998325325
2905.8822993225426	0.5258794627025054	trials	191031SL	p15	Z08115	110	4.0	315.0	4	2906.0322993225427	2906.258178785245
2906.3125782990423	0.5258794627025054	trials	191031SL	p15	Z08115	208	12.0	225.0	8	2906.4625782990424	2906.6884577617448
2906.7528572517554	0.5058795102763725	trials	191031SL	p15	Z08115	106	0.0	315.0	4	2906.9028572517554	2907.1087367620316
2907.193176204373	0.5058795102768272	trials	191031SL	p15	Z08115	284	13.0	90.0	12	2907.343176204373	2907.5490557146495
2907.633455157086	0.49587953406353336	trials	191031SL	p15	Z08115	10	9.0	0.0	4	2907.783455157086	2907.9793346911492
2911.185806707143	0.5158794864892116	trials	191031SL	p15	Z08115	64	3.0	180.0	4	2911.335806707143	2911.551686193632
2911.6160856836423	0.5258794627029602	trials	191031SL	p15	Z08115	225	14.0	270.0	8	2911.7660856836424	2911.991965146345
2912.046364660142	0.525919462607817	trials	191031SL	p15	Z08115	308	7.0	180.0	12	2912.196364660142	2912.4222841227497
2912.4866436128546	0.49587953406353336	trials	191031SL	p15	Z08115	129	8.0	0.0	8	2912.6366436128546	2912.832523146918
2912.9169625892596	0.5258794627029602	trials	191031SL	p15	Z08115	242	1.0	0.0	12	2913.0669625892597	2913.2928420519625
2913.357241541972	0.5258794627029602	trials	191031SL	p15	Z08115	250	9.0	0.0	12	2913.5072415419722	2913.733121004675
2913.7875205184723	0.5258794627025054	trials	191031SL	p15	Z08115	332	1.0	270.0	12	2913.9375205184724	2914.1633999811747
2917.3198721161025	0.5258794627029602	trials	191031SL	p15	Z08115	9	8.0	0.0	4	2917.4698721161026	2917.6957515788054
2917.7601510688155	0.5158794864896663	trials	191031SL	p15	Z08115	196	0.0	225.0	8	2917.9101510688156	2918.126030555305
2918.190430045315	0.5058795102763725	trials	191031SL	p15	Z08115	220	9.0	270.0	8	2918.3404300453153	2918.5463095555915
2918.600709069389	0.5058795102768272	trials	191031SL	p15	Z08115	300	14.0	135.0	12	2918.750709069389	2918.9565885796655
2919.040988022102	0.49587953406353336	trials	191031SL	p15	Z08115	164	13.0	90.0	8	2919.190988022102	2919.3868675561653
2921.422542357122	0.5159194863945231	trials	191031SL	p15	Z08115	237	11.0	315.0	8	2921.572542357122	2921.7884618435164
2921.8528613335266	0.49587953406353336	trials	191031SL	p15	Z08115	11	10.0	0.0	4	2922.0028613335267	2922.19874086759
2922.2831403100267	0.4958795340630786	trials	191031SL	p15	Z08115	329	13.0	225.0	12	2922.433140310027	2922.6290198440897
2922.713419286526	0.5058795102768272	trials	191031SL	p15	Z08115	144	8.0	45.0	8	2922.863419286526	2923.0692987968027
2923.1536982392386	0.49587953406353336	trials	191031SL	p15	Z08115	4	3.0	0.0	4	2923.3036982392387	2923.499577773302
2923.5839772157383	0.5359194388211108	trials	191031SL	p15	Z08115	25	9.0	45.0	4	2923.7339772157384	2923.9698966545593
2924.024296168356	0.5258794627029602	trials	191031SL	p15	Z08115	335	4.0	270.0	12	2924.1742961683562	2924.400175631059
2927.696727432781	0.5158794864896663	trials	191031SL	p15	Z08115	246	5.0	0.0	12	2927.846727432781	2928.0626069192704
2928.1270064092805	0.5058795102763725	trials	191031SL	p15	Z08115	287	1.0	135.0	12	2928.2770064092806	2928.482885919557
2928.5672853619935	0.5058795102763725	trials	191031SL	p15	Z08115	215	4.0	270.0	8	2928.7172853619936	2928.92316487227
2929.007564314706	0.49587953406353336	trials	191031SL	p15	Z08115	322	6.0	225.0	12	2929.157564314706	2929.3534438487695
2929.437883291111	0.5058795102763725	trials	191031SL	p15	Z08115	167	1.0	135.0	8	2929.587883291111	2929.7937628013874
2929.8781622438237	0.49587953406353336	trials	191031SL	p15	Z08115	334	3.0	270.0	12	2930.0281622438238	2930.224041777887
2930.3084412203234	0.535879438916254	trials	191031SL	p15	Z08115	205	9.0	225.0	8	2930.4584412203235	2930.6943206592396
2934.6212709614388	0.5159194863945231	trials	191031SL	p15	Z08115	162	11.0	90.0	8	2934.771270961439	2934.987190447833
2935.041549961725	0.525919462607817	trials	191031SL	p15	Z08115	17	1.0	45.0	4	2935.1915499617253	2935.417469424333
2935.4818689143426	0.5258794627034149	trials	191031SL	p15	Z08115	238	12.0	315.0	8	2935.6318689143427	2935.857748377046
2935.9121478908423	0.5258794627034149	trials	191031SL	p15	Z08115	83	7.0	225.0	4	2936.0621478908424	2936.2880273535457
2936.3524268435553	0.525919462607817	trials	191031SL	p15	Z08115	158	7.0	90.0	8	2936.5024268435554	2936.728346306163
2936.782705820055	0.525919462607817	trials	191031SL	p15	Z08115	301	0.0	180.0	12	2936.932705820055	2937.158625282663
2937.2230247726725	0.5258794627034149	trials	191031SL	p15	Z08115	76	0.0	225.0	4	2937.3730247726726	2937.598904235376
2941.826053823494	0.5158794864896663	trials	191031SL	p15	Z08115	145	9.0	45.0	8	2941.976053823494	2942.1919333099836
2942.2563327999933	0.5258794627029602	trials	191031SL	p15	Z08115	23	7.0	45.0	4	2942.4063327999934	2942.632212262696
2942.686611776493	0.5259194626082717	trials	191031SL	p15	Z08115	160	9.0	90.0	8	2942.836611776493	2943.062531239101
2943.126890729206	0.525919462607817	trials	191031SL	p15	Z08115	293	7.0	135.0	12	2943.276890729206	2943.5028101918138
2943.5572097056106	0.5258794627029602	trials	191031SL	p15	Z08115	86	10.0	225.0	4	2943.7072097056107	2943.9330891683135
2943.9974886583236	0.5258794627025054	trials	191031SL	p15	Z08115	195	14.0	180.0	8	2944.1474886583237	2944.373368121026
2948.3803582328355	0.5159194863945231	trials	191031SL	p15	Z08115	63	2.0	180.0	4	2948.5303582328356	2948.74627771923
2948.81067720924	0.5258794627029602	trials	191031SL	p15	Z08115	130	9.0	0.0	8	2948.96067720924	2949.186556671943
2949.250956161953	0.5158794864896663	trials	191031SL	p15	Z08115	233	7.0	315.0	8	2949.400956161953	2949.6168356484427
2949.681235138453	0.5258794627025054	trials	191031SL	p15	Z08115	44	13.0	90.0	4	2949.831235138453	2950.0571146011553
2950.1115141149526	0.5058795102768272	trials	191031SL	p15	Z08115	7	6.0	0.0	4	2950.2615141149527	2950.4673936252293
2950.5417930914523	0.5058795102768272	trials	191031SL	p15	Z08115	350	4.0	315.0	12	2950.6917930914524	2950.897672601729
2950.9821120440697	0.49587953406353336	trials	191031SL	p15	Z08115	109	3.0	315.0	4	2951.13211204407	2951.327991578133
2954.6045034275235	0.515879486490121	trials	191031SL	p15	Z08115	348	2.0	315.0	12	2954.7545034275236	2954.9703829140135
2955.034782404023	0.5258794627034149	trials	191031SL	p15	Z08115	28	12.0	45.0	4	2955.1847824040233	2955.4106618667265
2955.465061380523	0.5258794627034149	trials	191031SL	p15	Z08115	201	5.0	225.0	8	2955.615061380523	2955.8409408432262
2955.905340333236	0.525919462607817	trials	191031SL	p15	Z08115	43	12.0	90.0	4	2956.055340333236	2956.2812597958437
2956.3356193097356	0.525919462607817	trials	191031SL	p15	Z08115	346	0.0	315.0	12	2956.4856193097357	2956.7115387723434
2956.7759382623535	0.5258794627029602	trials	191031SL	p15	Z08115	45	14.0	90.0	4	2956.9259382623536	2957.1518177250564
2957.206217238853	0.5258794627034149	trials	191031SL	p15	Z08115	349	3.0	315.0	12	2957.356217238853	2957.582096701556
2960.8085686699756	0.5159194863949779	trials	191031SL	p15	Z08115	259	3.0	45.0	12	2960.9585686699756	2961.1744881563704
2961.2388876463806	0.5258794627025054	trials	191031SL	p15	Z08115	172	6.0	135.0	8	2961.3888876463807	2961.614767109083
2961.6691666228803	0.5258794627025054	trials	191031SL	p15	Z08115	315	14.0	180.0	12	2961.8191666228804	2962.0450460855827
2962.1094455755933	0.525919462607817	trials	191031SL	p15	Z08115	352	6.0	315.0	12	2962.2594455755934	2962.485365038201
2962.539724552093	0.5259194626073622	trials	191031SL	p15	Z08115	143	7.0	45.0	8	2962.689724552093	2962.9156440147003
2962.9800435047105	0.5258794627029602	trials	191031SL	p15	Z08115	93	2.0	270.0	4	2963.1300435047106	2963.3559229674133
2963.410282481305	0.5259194626082717	trials	191031SL	p15	Z08115	216	5.0	270.0	8	2963.560282481305	2963.786201943913
2966.982673983693	0.515879486490121	trials	191031SL	p15	Z08115	139	3.0	45.0	8	2967.132673983693	2967.348553470183
2967.412952960193	0.5258794627034149	trials	191031SL	p15	Z08115	256	0.0	45.0	12	2967.562952960193	2967.788832422896
2973.496978488183	0.5258794627025054	trials	191031SL	p15	Z08115	184	3.0	180.0	8	2973.646978488183	2973.872857950885
2975.778453061262	0.5159194863945231	trials	191031SL	p15	Z08115	61	0.0	180.0	4	2975.928453061262	2976.1443725476565
2978.1900473248265	0.5159194863945231	trials	191031SL	p15	Z08115	213	2.0	270.0	8	2978.3400473248266	2978.555966811221
2978.6103663250183	0.5258794627029602	trials	191031SL	p15	Z08115	149	13.0	45.0	8	2978.7603663250184	2978.986245787721
2979.0506452777313	0.5258794627025054	trials	191031SL	p15	Z08115	344	13.0	270.0	12	2979.2006452777314	2979.4265247404337
2979.4809242542306	0.5258794627029602	trials	191031SL	p15	Z08115	333	2.0	270.0	12	2979.6309242542306	2979.8568037169334
2979.9212032069436	0.525919462607817	trials	191031SL	p15	Z08115	218	7.0	270.0	8	2980.0712032069437	2980.2971226695513
2980.351522183348	0.5258794627029602	trials	191031SL	p15	Z08115	53	7.0	135.0	4	2980.5015221833482	2980.727401646051
2980.791801136061	0.5258794627029602	trials	191031SL	p15	Z08115	102	11.0	270.0	4	2980.9418011360613	2981.167680598764
2984.4942323291248	0.515879486490121	trials	191031SL	p15	Z08115	108	2.0	315.0	4	2984.644232329125	2984.860111815615
2984.9245113056245	0.5159194863949779	trials	191031SL	p15	Z08115	153	2.0	90.0	8	2985.0745113056246	2985.2904307920194
2985.354790282124	0.525919462607817	trials	191031SL	p15	Z08115	112	6.0	315.0	4	2985.5047902821243	2985.730709744732
2985.795109234742	0.5158794864896663	trials	191031SL	p15	Z08115	111	5.0	315.0	4	2985.945109234742	2986.1609887212317
2986.225388211242	0.5258794627029602	trials	191031SL	p15	Z08115	316	0.0	225.0	12	2986.375388211242	2986.6012676739447
2986.6556671877415	0.5258794627029602	trials	191031SL	p15	Z08115	77	1.0	225.0	4	2986.8056671877416	2987.0315466504444
2987.0959461404545	0.5259194626073622	trials	191031SL	p15	Z08115	21	5.0	45.0	4	2987.2459461404546	2987.471865603062
2990.628297738085	0.5158794864896663	trials	191031SL	p15	Z08115	343	12.0	270.0	12	2990.7782977380853	2990.9941772245747
2991.058576714585	0.5258794627029602	trials	191031SL	p15	Z08115	206	10.0	225.0	8	2991.208576714585	2991.4344561772878
2991.4888556910846	0.5259194626073622	trials	191031SL	p15	Z08115	126	5.0	0.0	8	2991.6388556910847	2991.864775153692
2991.9291746437025	0.5258794627025054	trials	191031SL	p15	Z08115	40	9.0	90.0	4	2992.0791746437026	2992.305054106405
2992.359453620202	0.5258794627025054	trials	191031SL	p15	Z08115	248	7.0	0.0	12	2992.5094536202023	2992.7353330829046
2992.7997325729148	0.5258794627029602	trials	191031SL	p15	Z08115	262	6.0	45.0	12	2992.949732572915	2993.1756120356176
2993.2300115494145	0.5258794627029602	trials	191031SL	p15	Z08115	101	10.0	270.0	4	2993.3800115494146	2993.6058910121174
2996.9524826948095	0.515879486490121	trials	191031SL	p15	Z08115	175	9.0	135.0	8	2997.1024826948096	2997.3183621812996
2997.3827616713093	0.5258794627034149	trials	191031SL	p15	Z08115	258	2.0	45.0	12	2997.5327616713093	2997.7586411340126
2997.813040647809	0.5258794627034149	trials	191031SL	p15	Z08115	84	8.0	225.0	4	2997.963040647809	2998.1889201105123
2998.253319600522	0.5159194863945231	trials	191031SL	p15	Z08115	92	1.0	270.0	4	2998.403319600522	2998.6192390869164
2998.6835985770217	0.525919462607817	trials	191031SL	p15	Z08115	299	13.0	135.0	12	2998.833598577022	2999.0595180396294
2999.1239175296396	0.5158794864896663	trials	191031SL	p15	Z08115	234	8.0	315.0	8	2999.2739175296397	2999.489797016129
2999.554196506139	0.5258794627034149	trials	191031SL	p15	Z08115	174	8.0	135.0	8	2999.704196506139	2999.930075968842
3003.2866676277476	0.5258794627025054	trials	191031SL	p15	Z08115	29	13.0	45.0	4	3003.4366676277477	3003.66254709045
3003.7169466042474	0.5258794627025054	trials	191031SL	p15	Z08115	59	13.0	135.0	4	3003.8669466042475	3004.09282606695
3004.1572255569604	0.5158794864892116	trials	191031SL	p15	Z08115	286	0.0	135.0	12	3004.3072255569605	3004.5231050434495
3004.5875045334597	0.525919462607817	trials	191031SL	p15	Z08115	229	3.0	315.0	8	3004.7375045334597	3004.9634239960674
3005.0278234860775	0.5058795102768272	trials	191031SL	p15	Z08115	50	4.0	135.0	4	3005.1778234860776	3005.3837029963543
3005.4681024387905	0.5058795102763725	trials	191031SL	p15	Z08115	268	12.0	45.0	12	3005.6181024387906	3005.823981949067
3005.9083813915036	0.49587953406353336	trials	191031SL	p15	Z08115	14	13.0	0.0	4	3006.0583813915036	3006.254260925567
3010.5114504422286	0.5258794627034149	trials	191031SL	p15	Z08115	319	3.0	225.0	12	3010.6614504422287	3010.887329904932
3010.9417294187288	0.5258794627029602	trials	191031SL	p15	Z08115	41	10.0	90.0	4	3011.091729418729	3011.3176088814316
3015.464718659939	0.515879486490121	trials	191031SL	p15	Z08115	231	5.0	315.0	8	3015.614718659939	3015.830598146429
3015.894997636439	0.5258794627034149	trials	191031SL	p15	Z08115	320	4.0	225.0	12	3016.044997636439	3016.270877099142
3016.325276612939	0.5158794864896663	trials	191031SL	p15	Z08115	169	3.0	135.0	8	3016.475276612939	3016.6911560994286
3016.775555541865	0.525919462607817	trials	191031SL	p15	Z08115	57	11.0	135.0	4	3016.925555541865	3017.1514750044726
3017.2158744944823	0.5258794627034149	trials	191031SL	p15	Z08115	356	10.0	315.0	12	3017.3658744944823	3017.5917539571856
3017.6461534709824	0.5258794627029602	trials	191031SL	p15	Z08115	338	7.0	270.0	12	3017.7961534709825	3018.0220329336853
3018.086432423695	0.49587953406353336	trials	191031SL	p15	Z08115	355	9.0	315.0	12	3018.236432423695	3018.4323119577584
3023.6601391655745	0.515879486490121	trials	191031SL	p15	Z08115	171	5.0	135.0	8	3023.8101391655746	3024.0260186520645
3024.09037814217	0.525919462607817	trials	191031SL	p15	Z08115	292	6.0	135.0	12	3024.24037814217	3024.4662976047775
3024.520697118574	0.5258794627034149	trials	191031SL	p15	Z08115	148	12.0	45.0	8	3024.670697118574	3024.8965765812773
3024.960976071287	0.525919462607817	trials	191031SL	p15	Z08115	214	3.0	270.0	8	3025.110976071287	3025.3368955338947
3025.3912550477867	0.525919462607817	trials	191031SL	p15	Z08115	156	5.0	90.0	8	3025.5412550477868	3025.7671745103944
3025.8315740004045	0.5258794627029602	trials	191031SL	p15	Z08115	232	6.0	315.0	8	3025.9815740004046	3026.2074534631074
3026.2618529769043	0.5258794627029602	trials	191031SL	p15	Z08115	27	11.0	45.0	4	3026.4118529769044	3026.637732439607
3029.9442842175417	0.5258794627034149	trials	191031SL	p15	Z08115	235	9.0	315.0	8	3030.094284217542	3030.320163680245
3030.3745631940415	0.5258794627034149	trials	191031SL	p15	Z08115	317	1.0	225.0	12	3030.5245631940415	3030.750442656745
3033.2964762437164	0.515879486490121	trials	191031SL	p15	Z08115	221	10.0	270.0	8	3033.4464762437165	3033.6623557302064
3033.726755220216	0.5159194863945231	trials	191031SL	p15	Z08115	305	4.0	180.0	12	3033.876755220216	3034.0926747066105
3034.1570741966207	0.5258794627029602	trials	191031SL	p15	Z08115	277	6.0	90.0	12	3034.3070741966208	3034.5329536593235
3034.5973531493332	0.515879486490121	trials	191031SL	p15	Z08115	285	14.0	90.0	12	3034.7473531493333	3034.9632326358233
3035.027632125833	0.5258794627034149	trials	191031SL	p15	Z08115	20	4.0	45.0	4	3035.177632125833	3035.4035115885363
3035.4579111023327	0.525919462607817	trials	191031SL	p15	Z08115	267	11.0	45.0	12	3035.6079111023328	3035.8338305649404
3035.8981900550457	0.525919462607817	trials	191031SL	p15	Z08115	190	9.0	180.0	8	3036.048190055046	3036.2741095176534
3039.400541724037	0.5158794864896663	trials	191031SL	p15	Z08115	273	2.0	90.0	12	3039.550541724037	3039.7664212105265
3039.8308207005366	0.5158794864896663	trials	191031SL	p15	Z08115	255	14.0	0.0	12	3039.9808207005367	3040.196700187026
3040.2610996770363	0.5258794627029602	trials	191031SL	p15	Z08115	140	4.0	45.0	8	3040.4110996770364	3040.636979139739
3040.7013786297493	0.5158794864896663	trials	191031SL	p15	Z08115	66	5.0	180.0	4	3040.8513786297494	3041.067258116239
3041.131657606249	0.5259194626073622	trials	191031SL	p15	Z08115	91	0.0	270.0	4	3041.281657606249	3041.5075770688563
3041.561936582749	0.5259194626073622	trials	191031SL	p15	Z08115	128	7.0	0.0	8	3041.711936582749	3041.937856045356
3042.0022555353667	0.5258794627025054	trials	191031SL	p15	Z08115	26	10.0	45.0	4	3042.1522555353667	3042.378134998069
3046.1049257763857	0.5159194863945231	trials	191031SL	p15	Z08115	313	12.0	180.0	12	3046.254925776386	3046.47084526278
3046.5352447527903	0.5258794627029602	trials	191031SL	p15	Z08115	275	4.0	90.0	12	3046.6852447527904	3046.911124215493
3046.96552372929	0.5258794627029602	trials	191031SL	p15	Z08115	358	12.0	315.0	12	3047.11552372929	3047.341403191993
3047.4058026820026	0.5259194626082717	trials	191031SL	p15	Z08115	122	1.0	0.0	8	3047.5558026820026	3047.7817221446107
3047.8360816585027	0.5259194626073622	trials	191031SL	p15	Z08115	312	11.0	180.0	12	3047.986081658503	3048.21200112111
3048.2764006111206	0.5258794627025054	trials	191031SL	p15	Z08115	260	4.0	45.0	12	3048.4264006111207	3048.652280073823
3048.7066795876203	0.5258794627025054	trials	191031SL	p15	Z08115	274	3.0	90.0	12	3048.8566795876204	3049.0825590503227
3054.8507449727936	0.5158794864892116	trials	191031SL	p15	Z08115	266	10.0	45.0	12	3055.0007449727937	3055.2166244592827
3055.2810239492933	0.5258794627025054	trials	191031SL	p15	Z08115	5	4.0	0.0	4	3055.4310239492934	3055.6569034119957
3055.7113029257926	0.515879486490121	trials	191031SL	p15	Z08115	323	7.0	225.0	12	3055.8613029257926	3056.0771824122826
3056.1615818547184	0.49587953406353336	trials	191031SL	p15	Z08115	33	2.0	90.0	4	3056.3115818547185	3056.507461388782
3059.613893642739	0.5258794627029602	trials	191031SL	p15	Z08115	157	6.0	90.0	8	3059.7638936427393	3059.989773105442
3060.044172619239	0.5258794627029602	trials	191031SL	p15	Z08115	180	14.0	135.0	8	3060.194172619239	3060.420052081942
3060.484451571952	0.5258794627029602	trials	191031SL	p15	Z08115	155	4.0	90.0	8	3060.634451571952	3060.860331034655
3063.076165407068	0.5258794627029602	trials	191031SL	p15	Z08115	42	11.0	90.0	4	3063.226165407068	3063.452044869771
3063.5064443835677	0.525919462607817	trials	191031SL	p15	Z08115	58	12.0	135.0	4	3063.6564443835678	3063.8823638461754
3063.9467633361855	0.5258794627029602	trials	191031SL	p15	Z08115	62	1.0	180.0	4	3064.0967633361856	3064.3226427988884
3064.3770423126853	0.5258794627029602	trials	191031SL	p15	Z08115	125	4.0	0.0	8	3064.5270423126854	3064.752921775388
3064.817321265398	0.5258794627034149	trials	191031SL	p15	Z08115	69	8.0	180.0	4	3064.967321265398	3065.193200728101
3065.2476002418975	0.5258794627034149	trials	191031SL	p15	Z08115	222	11.0	270.0	8	3065.3976002418976	3065.623479704601
3065.6878791946106	0.515879486490121	trials	191031SL	p15	Z08115	67	6.0	180.0	4	3065.8378791946107	3066.0537586811006
3071.591785151049	0.5158794864896663	trials	191031SL	p15	Z08115	270	14.0	45.0	12	3071.741785151049	3071.9576646375385
3072.0220641275487	0.525919462607817	trials	191031SL	p15	Z08115	116	10.0	315.0	4	3072.1720641275488	3072.3979835901564
3072.452343104048	0.5259194626082717	trials	191031SL	p15	Z08115	68	7.0	180.0	4	3072.602343104048	3072.828262566656
3072.892662056666	0.5258794627029602	trials	191031SL	p15	Z08115	253	12.0	0.0	12	3073.042662056666	3073.2685415193687
3073.3229410331655	0.5258794627029602	trials	191031SL	p15	Z08115	34	3.0	90.0	4	3073.4729410331656	3073.6988204958684
3073.7632199858785	0.5258794627029602	trials	191031SL	p15	Z08115	324	8.0	225.0	12	3073.9132199858786	3074.1390994485814
3074.1934989623783	0.525919462607817	trials	191031SL	p15	Z08115	132	11.0	0.0	8	3074.3434989623784	3074.569418424986
3077.9459700364127	0.5159194863945231	trials	191031SL	p15	Z08115	79	3.0	225.0	4	3078.095970036413	3078.311889522807
3078.3762890128173	0.5258794627029602	trials	191031SL	p15	Z08115	339	8.0	270.0	12	3078.5262890128174	3078.75216847552
3078.81656796553	0.515879486490121	trials	191031SL	p15	Z08115	70	9.0	180.0	4	3078.96656796553	3079.18244745202
3079.24684694203	0.5258794627029602	trials	191031SL	p15	Z08115	192	11.0	180.0	8	3079.39684694203	3079.622726404733
3079.67712591853	0.5259194626073622	trials	191031SL	p15	Z08115	127	6.0	0.0	8	3079.82712591853	3080.053045381137
3080.1174048712423	0.525919462607817	trials	191031SL	p15	Z08115	311	10.0	180.0	12	3080.2674048712424	3080.49332433385
3080.5477238476474	0.5258794627025054	trials	191031SL	p15	Z08115	7	6.0	0.0	4	3080.6977238476475	3080.92360331035
3084.1901151835273	0.5158794864896663	trials	191031SL	p15	Z08115	322	6.0	225.0	12	3084.3401151835274	3084.555994670017
3084.610394183814	0.5058795102763725	trials	191031SL	p15	Z08115	165	14.0	90.0	8	3084.7603941838142	3084.9662736940904
3085.040673160314	0.5058795102763725	trials	191031SL	p15	Z08115	74	13.0	180.0	4	3085.190673160314	3085.39655267059
3085.480952113026	0.49587953406353336	trials	191031SL	p15	Z08115	223	12.0	270.0	8	3085.630952113026	3085.8268316470894
3085.911231089526	0.505919510181684	trials	191031SL	p15	Z08115	99	8.0	270.0	4	3086.0612310895262	3086.2671505997077
3086.351550042144	0.5258794627025054	trials	191031SL	p15	Z08115	279	8.0	90.0	12	3086.501550042144	3086.7274295048464
3086.7918289948566	0.525919462607817	trials	191031SL	p15	Z08115	239	13.0	315.0	8	3086.9418289948567	3087.1677484574643
3090.394220425884	0.515879486490121	trials	191031SL	p15	Z08115	164	13.0	90.0	8	3090.5442204258843	3090.7600999123742
3090.824499402384	0.5158794864896663	trials	191031SL	p15	Z08115	25	9.0	45.0	4	3090.974499402384	3091.1903788888735
3091.2547783788837	0.525919462607817	trials	191031SL	p15	Z08115	340	9.0	270.0	12	3091.4047783788837	3091.6306978414914
3091.6850573553834	0.525919462607817	trials	191031SL	p15	Z08115	341	10.0	270.0	12	3091.8350573553835	3092.060976817991
3092.125376308001	0.5258794627034149	trials	191031SL	p15	Z08115	50	4.0	135.0	4	3092.275376308001	3092.501255770704
3092.5556552845005	0.5258794627034149	trials	191031SL	p15	Z08115	41	10.0	90.0	4	3092.7056552845006	3092.931534747204
3092.9959342372135	0.5258794627034149	trials	191031SL	p15	Z08115	175	9.0	135.0	8	3093.1459342372136	3093.371813699917
3096.658365525425	0.5258794627034149	trials	191031SL	p15	Z08115	29	13.0	45.0	4	3096.808365525425	3097.034244988128
3097.0886445019246	0.5258794627034149	trials	191031SL	p15	Z08115	149	13.0	45.0	8	3097.2386445019247	3097.464523964628
3100.1706771707245	0.5258794627034149	trials	191031SL	p15	Z08115	338	7.0	270.0	12	3100.3206771707246	3100.546556633428
3102.872470743995	0.5158794864896663	trials	191031SL	p15	Z08115	46	0.0	135.0	4	3103.022470743995	3103.2383502304847
3103.292749744282	0.5258794627025054	trials	191031SL	p15	Z08115	10	9.0	0.0	4	3103.442749744282	3103.6686292069844
3103.733028696995	0.5258794627025054	trials	191031SL	p15	Z08115	43	12.0	90.0	4	3103.883028696995	3104.1089081596974
3106.5949018894858	0.525919462607817	trials	191031SL	p15	Z08115	270	14.0	45.0	12	3106.744901889486	3106.9708213520935
3111.0478512972995	0.5158794864896663	trials	191031SL	p15	Z08115	217	6.0	270.0	8	3111.1978512972996	3111.413730783789
3113.3994057036807	0.5259194626073622	trials	191031SL	p15	Z08115	298	12.0	135.0	12	3113.549405703681	3113.775325166288
3113.8296846801804	0.5259194626073622	trials	191031SL	p15	Z08115	302	1.0	180.0	12	3113.9796846801805	3114.2056041427877
3114.269963632893	0.525919462607817	trials	191031SL	p15	Z08115	66	5.0	180.0	4	3114.419963632893	3114.6458830955007
3114.700282609298	0.5258794627025054	trials	191031SL	p15	Z08115	193	12.0	180.0	8	3114.850282609298	3115.0761620720004
3115.1405615620106	0.525919462607817	trials	191031SL	p15	Z08115	294	8.0	135.0	12	3115.2905615620107	3115.5164810246183
3115.57084053851	0.5259194626082717	trials	191031SL	p15	Z08115	15	14.0	0.0	4	3115.72084053851	3115.946760001118
3116.011159491128	0.5258794627025054	trials	191031SL	p15	Z08115	82	6.0	225.0	4	3116.1611594911283	3116.3870389538306
3119.623510898464	0.525919462607817	trials	191031SL	p15	Z08115	324	8.0	225.0	12	3119.773510898464	3119.9994303610715
3120.0538298748684	0.5258794627034149	trials	191031SL	p15	Z08115	90	14.0	225.0	4	3120.2038298748685	3120.4297093375717
3120.4941088275814	0.515879486490121	trials	191031SL	p15	Z08115	355	9.0	315.0	12	3120.6441088275815	3120.8599883140714
3120.924387804081	0.5258794627025054	trials	191031SL	p15	Z08115	273	2.0	90.0	12	3121.074387804081	3121.3002672667835
3121.354666780581	0.525919462607817	trials	191031SL	p15	Z08115	34	3.0	90.0	4	3121.504666780581	3121.7305862431886
3121.794945733294	0.525919462607817	trials	191031SL	p15	Z08115	127	6.0	0.0	8	3121.944945733294	3122.1708651959016
3122.2252247097936	0.5259194626073622	trials	191031SL	p15	Z08115	214	3.0	270.0	8	3122.3752247097937	3122.601144172401
3125.9677358075196	0.5158794864896663	trials	191031SL	p15	Z08115	323	7.0	225.0	12	3126.1177358075197	3126.333615294009
3126.39801478402	0.5158794864892116	trials	191031SL	p15	Z08115	247	6.0	0.0	12	3126.54801478402	3126.763894270509
3126.828293760519	0.5258794627029602	trials	191031SL	p15	Z08115	147	11.0	45.0	8	3126.978293760519	3127.204173223222
3127.2685727132316	0.515879486490121	trials	191031SL	p15	Z08115	110	4.0	315.0	4	3127.4185727132317	3127.6344521997216
3127.6988516897313	0.5259194626082717	trials	191031SL	p15	Z08115	305	4.0	180.0	12	3127.8488516897314	3128.0747711523395
3128.129130666231	0.5259194626082717	trials	191031SL	p15	Z08115	222	11.0	270.0	8	3128.279130666231	3128.5050501288392
3128.569449618849	0.5258794627029602	trials	191031SL	p15	Z08115	4	3.0	0.0	4	3128.719449618849	3128.945329081552
3135.083754123338	0.5158794864896663	trials	191031SL	p15	Z08115	216	5.0	270.0	8	3135.2337541233383	3135.4496336098277
3135.5040331236246	0.5258794627034149	trials	191031SL	p15	Z08115	123	2.0	0.0	8	3135.6540331236247	3135.879912586328
3135.9443120763376	0.5258794627029602	trials	191031SL	p15	Z08115	306	5.0	180.0	12	3136.0943120763377	3136.3201915390405
3136.3745910528373	0.5258794627029602	trials	191031SL	p15	Z08115	172	6.0	135.0	8	3136.5245910528374	3136.75047051554
3136.8148700055503	0.525919462607817	trials	191031SL	p15	Z08115	108	2.0	315.0	4	3136.9648700055504	3137.190789468158
3137.24514898205	0.525919462607817	trials	191031SL	p15	Z08115	344	13.0	270.0	12	3137.39514898205	3137.621068444658
3137.6854679346675	0.5258794627034149	trials	191031SL	p15	Z08115	318	2.0	225.0	12	3137.8354679346676	3138.061347397371
3141.3678991753054	0.515879486490121	trials	191031SL	p15	Z08115	198	2.0	225.0	8	3141.5178991753055	3141.7337786617954
3141.798178151805	0.5258794627029602	trials	191031SL	p15	Z08115	109	3.0	315.0	4	3141.948178151805	3142.174057614508
3142.228457128305	0.525919462607817	trials	191031SL	p15	Z08115	295	9.0	135.0	12	3142.378457128305	3142.6043765909126
3142.6687760809223	0.5258794627034149	trials	191031SL	p15	Z08115	208	12.0	225.0	8	3142.8187760809224	3143.0446555436256
3143.099055057422	0.5258794627034149	trials	191031SL	p15	Z08115	317	1.0	225.0	12	3143.249055057422	3143.4749345201253
3143.539334010135	0.5158794864896663	trials	191031SL	p15	Z08115	65	4.0	180.0	4	3143.689334010135	3143.9052134966246
3143.9696129866347	0.5258794627029602	trials	191031SL	p15	Z08115	32	1.0	90.0	4	3144.119612986635	3144.3454924493376
3147.5920043700885	0.515879486490121	trials	191031SL	p15	Z08115	185	4.0	180.0	8	3147.7420043700886	3147.9578838565785
3148.022283346588	0.525919462607817	trials	191031SL	p15	Z08115	23	7.0	45.0	4	3148.1722833465883	3148.398202809196
3148.452562323088	0.525919462607817	trials	191031SL	p15	Z08115	290	4.0	135.0	12	3148.602562323088	3148.8284817856957
3148.8828412995877	0.525919462607817	trials	191031SL	p15	Z08115	263	7.0	45.0	12	3149.0328412995877	3149.2587607621954
3149.3231602522055	0.5258794627029602	trials	191031SL	p15	Z08115	351	5.0	315.0	12	3149.4731602522056	3149.6990397149084
3149.7534392287052	0.5258794627029602	trials	191031SL	p15	Z08115	67	6.0	180.0	4	3149.9034392287053	3150.129318691408
3150.1937181814183	0.5259194626073622	trials	191031SL	p15	Z08115	98	7.0	270.0	4	3150.3437181814184	3150.5696376440255
3154.5165878986513	0.5158794864896663	trials	191031SL	p15	Z08115	277	6.0	90.0	12	3154.6665878986514	3154.882467385141
3154.9368668989378	0.5258794627029602	trials	191031SL	p15	Z08115	21	5.0	45.0	4	3155.086866898938	3155.3127463616406
3155.3771458516508	0.525919462607817	trials	191031SL	p15	Z08115	199	3.0	225.0	8	3155.527145851651	3155.7530653142585
3160.700653188677	0.525919462607817	trials	191031SL	p15	Z08115	72	11.0	180.0	4	3160.850653188677	3161.0765726512846
3163.212327214183	0.515879486490121	trials	191031SL	p15	Z08115	230	4.0	315.0	8	3163.362327214183	3163.578206700673
3163.6426061906827	0.525919462607817	trials	191031SL	p15	Z08115	51	5.0	135.0	4	3163.792606190683	3164.0185256532905
3166.504479383174	0.5159194863945231	trials	191031SL	p15	Z08115	13	12.0	0.0	4	3166.654479383174	3166.8703988695684
3166.9347983595785	0.5258794627025054	trials	191031SL	p15	Z08115	158	7.0	90.0	8	3167.0847983595786	3167.310677822281
3167.3650773360782	0.5258794627025054	trials	191031SL	p15	Z08115	80	4.0	225.0	4	3167.5150773360783	3167.7409567987806
3167.8053562887912	0.5259194626073622	trials	191031SL	p15	Z08115	352	6.0	315.0	12	3167.9553562887913	3168.1812757513985
3168.235635265291	0.5259194626073622	trials	191031SL	p15	Z08115	167	1.0	135.0	8	3168.385635265291	3168.6115547278982
3168.6759542179084	0.5258794627029602	trials	191031SL	p15	Z08115	336	5.0	270.0	12	3168.8259542179085	3169.0518336806113
3169.106233194408	0.5258794627029602	trials	191031SL	p15	Z08115	349	3.0	315.0	12	3169.256233194408	3169.482112657111
3172.628544815921	0.5158794864896663	trials	191031SL	p15	Z08115	27	11.0	45.0	4	3172.778544815921	3172.9944243024106
3173.0588237924203	0.5259194626082717	trials	191031SL	p15	Z08115	114	8.0	315.0	4	3173.2088237924204	3173.4347432550285
3173.48910276892	0.5259194626082717	trials	191031SL	p15	Z08115	119	13.0	315.0	4	3173.63910276892	3173.865022231528
3176.250936199375	0.5258794627025054	trials	191031SL	p15	Z08115	137	1.0	45.0	8	3176.400936199375	3176.626815662077
3176.6812151758745	0.525919462607817	trials	191031SL	p15	Z08115	261	5.0	45.0	12	3176.8312151758746	3177.0571346384822
3177.121534128492	0.5258794627034149	trials	191031SL	p15	Z08115	39	8.0	90.0	4	3177.271534128492	3177.4974135911953
3177.5518131049917	0.5258794627034149	trials	191031SL	p15	Z08115	135	14.0	0.0	8	3177.7018131049917	3177.927692567695
3177.9920920577047	0.5258794627029602	trials	191031SL	p15	Z08115	48	2.0	135.0	4	3178.1420920577048	3178.3679715204075
3178.4223710342044	0.525919462607817	trials	191031SL	p15	Z08115	131	10.0	0.0	8	3178.5723710342045	3178.798290496812
3178.8626499869174	0.5159194863945231	trials	191031SL	p15	Z08115	345	14.0	270.0	12	3179.0126499869175	3179.228569473312
3182.27492187018	0.5158794864896663	trials	191031SL	p15	Z08115	335	4.0	270.0	12	3182.4249218701802	3182.6408013566697
3182.70520084668	0.5259194626082717	trials	191031SL	p15	Z08115	68	7.0	180.0	4	3182.85520084668	3183.081120309288
3183.145479799393	0.5159194863949779	trials	191031SL	p15	Z08115	307	6.0	180.0	12	3183.295479799393	3183.511399285788
3183.5757987757975	0.49583953415867654	trials	191031SL	p15	Z08115	258	2.0	45.0	12	3183.7257987757976	3183.921638309956
3184.006077752297	0.49587953406353336	trials	191031SL	p15	Z08115	170	4.0	135.0	8	3184.1560777522973	3184.3519572863606
3184.436356728797	0.5058795102768272	trials	191031SL	p15	Z08115	293	7.0	135.0	12	3184.586356728797	3184.7922362390736
3184.87663568151	0.5058795102763725	trials	191031SL	p15	Z08115	154	3.0	90.0	8	3185.02663568151	3185.232515191786
3188.298907540986	0.5158794864896663	trials	191031SL	p15	Z08115	86	10.0	225.0	4	3188.448907540986	3188.6647870274755
3188.7291865174857	0.5258794627029602	trials	191031SL	p15	Z08115	326	10.0	225.0	12	3188.879186517486	3189.1050659801886
3189.159465493985	0.5058795102768272	trials	191031SL	p15	Z08115	37	6.0	90.0	4	3189.309465493985	3189.5153450042617
3189.5897444704847	0.5058795102768272	trials	191031SL	p15	Z08115	159	8.0	90.0	8	3189.7397444704848	3189.9456239807614
3190.030063423103	0.4958395341582218	trials	191031SL	p15	Z08115	358	12.0	315.0	12	3190.180063423103	3190.375902957261
3190.4603423996027	0.5258794627025054	trials	191031SL	p15	Z08115	228	2.0	315.0	8	3190.610342399603	3190.836221862305
3190.9006213523153	0.5258794627029602	trials	191031SL	p15	Z08115	18	2.0	45.0	4	3191.0506213523154	3191.276500815018
3194.5830525929528	0.5258794627034149	trials	191031SL	p15	Z08115	107	1.0	315.0	4	3194.733052592953	3194.958932055656
3195.0133315694525	0.525919462607817	trials	191031SL	p15	Z08115	315	14.0	180.0	12	3195.1633315694526	3195.38925103206
3195.4536105221655	0.5159194863945231	trials	191031SL	p15	Z08115	346	0.0	315.0	12	3195.6036105221656	3195.81953000856
3195.88392949857	0.5258794627029602	trials	191031SL	p15	Z08115	54	8.0	135.0	4	3196.03392949857	3196.259808961273
3196.324208451283	0.5158794864896663	trials	191031SL	p15	Z08115	300	14.0	135.0	12	3196.474208451283	3196.6900879377727
3196.754487427783	0.5258794627029602	trials	191031SL	p15	Z08115	8	7.0	0.0	4	3196.904487427783	3197.1303668904857
3197.1847664042825	0.525919462607817	trials	191031SL	p15	Z08115	177	11.0	135.0	8	3197.3347664042826	3197.5606858668903
3201.1073570736553	0.5158794864896663	trials	191031SL	p15	Z08115	2	1.0	0.0	4	3201.2573570736554	3201.473236560145
3201.537636050155	0.5259194626082717	trials	191031SL	p15	Z08115	301	0.0	180.0	12	3201.687636050155	3201.913555512763
3201.977955002773	0.5158794864896663	trials	191031SL	p15	Z08115	207	11.0	225.0	8	3202.127955002773	3202.3438344892625
3202.4082339792726	0.5258794627025054	trials	191031SL	p15	Z08115	146	10.0	45.0	8	3202.5582339792727	3202.784113441975
3202.8385129557723	0.5258794627025054	trials	191031SL	p15	Z08115	203	7.0	225.0	8	3202.9885129557724	3203.2143924184747
3203.2787919084853	0.5259194626073622	trials	191031SL	p15	Z08115	30	14.0	45.0	4	3203.4287919084854	3203.6547113710926
3203.709070884985	0.5259194626073622	trials	191031SL	p15	Z08115	232	6.0	315.0	8	3203.859070884985	3204.0849903475923
3207.8418210544537	0.5058795102763725	trials	191031SL	p15	Z08115	234	8.0	315.0	8	3207.991821054454	3208.19770056473
3208.26210005474	0.5258794627025054	trials	191031SL	p15	Z08115	44	13.0	90.0	4	3208.41210005474	3208.6379795174425
3212.134650843142	0.515879486490121	trials	191031SL	p15	Z08115	0			0	3212.284650843142	3212.500530329632
3212.5549298434285	0.5258794627034149	trials	191031SL	p15	Z08115	166	0.0	135.0	8	3212.7049298434285	3212.930809306132
3212.9952087961415	0.525919462607817	trials	191031SL	p15	Z08115	47	1.0	135.0	4	3213.1452087961416	3213.371128258749
3213.425527772546	0.5258794627029602	trials	191031SL	p15	Z08115	321	5.0	225.0	12	3213.575527772546	3213.801407235249
3213.8658067252586	0.5258794627034149	trials	191031SL	p15	Z08115	171	5.0	135.0	8	3214.0158067252587	3214.241686187962
3216.227361107853	0.5058795102768272	trials	191031SL	p15	Z08115	224	13.0	270.0	8	3216.377361107853	3216.58324061813
3216.667640060566	0.5058795102768272	trials	191031SL	p15	Z08115	269	13.0	45.0	12	3216.817640060566	3217.023519570843
3217.107919013279	0.49587953406353336	trials	191031SL	p15	Z08115	81	5.0	225.0	4	3217.257919013279	3217.4537985473426
3217.5382379896832	0.5258794627034149	trials	191031SL	p15	Z08115	200	4.0	225.0	8	3217.6882379896833	3217.9141174523866
3217.9785169423963	0.5258794627029602	trials	191031SL	p15	Z08115	211	0.0	270.0	8	3218.1285169423963	3218.354396405099
3218.408795918896	0.525919462607817	trials	191031SL	p15	Z08115	70	9.0	180.0	4	3218.558795918896	3218.7847153815037
3218.849074871609	0.525919462607817	trials	191031SL	p15	Z08115	87	11.0	225.0	4	3218.999074871609	3219.2249943342167
3222.4314663502105	0.5158794864896663	trials	191031SL	p15	Z08115	12	11.0	0.0	4	3222.5814663502106	3222.7973458367
3222.8617453267098	0.5258794627029602	trials	191031SL	p15	Z08115	287	1.0	135.0	12	3223.01174532671	3223.2376247894126
3223.3020242794228	0.5158794864896663	trials	191031SL	p15	Z08115	319	3.0	225.0	12	3223.452024279423	3223.6679037659123
3223.7323032559225	0.49587953406353336	trials	191031SL	p15	Z08115	296	10.0	135.0	12	3223.8823032559226	3224.078182789986
3224.162622232327	0.5058795102768272	trials	191031SL	p15	Z08115	157	6.0	90.0	8	3224.312622232327	3224.518501742604
3224.592901208827	0.5358794389157993	trials	191031SL	p15	Z08115	278	7.0	90.0	12	3224.742901208827	3224.9787806477425
3225.03318016154	0.5258794627025054	trials	191031SL	p15	Z08115	202	6.0	225.0	8	3225.18318016154	3225.409059624242
3228.7056114259644	0.5158794864896663	trials	191031SL	p15	Z08115	262	6.0	45.0	12	3228.8556114259645	3229.071490912454
3229.135890402464	0.5258794627025054	trials	191031SL	p15	Z08115	360	14.0	315.0	12	3229.2858904024642	3229.5117698651666
3229.5661693789634	0.5058795102768272	trials	191031SL	p15	Z08115	125	4.0	0.0	8	3229.7161693789635	3229.92204888924
3229.996448355463	0.5158794864896663	trials	191031SL	p15	Z08115	205	9.0	225.0	8	3230.1464483554632	3230.3623278419527
3230.4467672842943	0.5358794389157993	trials	191031SL	p15	Z08115	26	10.0	45.0	4	3230.5967672842944	3230.83264672321
3230.8870462370073	0.5258794627025054	trials	191031SL	p15	Z08115	257	1.0	45.0	12	3231.0370462370074	3231.2629256997097
3231.32732518972	0.525919462607817	trials	191031SL	p15	Z08115	139	3.0	45.0	8	3231.47732518972	3231.7032446523276
3234.7395970729826	0.5258794627034149	trials	191031SL	p15	Z08115	243	2.0	0.0	12	3234.8895970729827	3235.115476535686
3235.1698760494824	0.5258794627034149	trials	191031SL	p15	Z08115	144	8.0	45.0	8	3235.3198760494824	3235.5457555121857
3235.600155025982	0.5259194626082717	trials	191031SL	p15	Z08115	233	7.0	315.0	8	3235.750155025982	3235.9760744885903
3236.040433978695	0.525919462607817	trials	191031SL	p15	Z08115	115	9.0	315.0	4	3236.190433978695	3236.416353441303
3236.470712955195	0.525919462607817	trials	191031SL	p15	Z08115	62	1.0	180.0	4	3236.620712955195	3236.8466324178025
3236.9110319078127	0.5258794627029602	trials	191031SL	p15	Z08115	276	5.0	90.0	12	3237.061031907813	3237.2869113705156
3237.3413108843124	0.5258794627029602	trials	191031SL	p15	Z08115	101	10.0	270.0	4	3237.4913108843125	3237.7171903470153
3240.9837022201923	0.515879486490121	trials	191031SL	p15	Z08115	256	0.0	45.0	12	3241.1337022201924	3241.3495817066823
3241.403981220479	0.525919462607817	trials	191031SL	p15	Z08115	183	2.0	180.0	8	3241.5539812204793	3241.779900683087
3241.844260173192	0.5259194626073622	trials	191031SL	p15	Z08115	313	12.0	180.0	12	3241.9942601731923	3242.2201796357995
3242.274579149597	0.5258794627025054	trials	191031SL	p15	Z08115	16	0.0	45.0	4	3242.424579149597	3242.650458612299
3242.71485810231	0.5258794627025054	trials	191031SL	p15	Z08115	33	2.0	90.0	4	3242.86485810231	3243.090737565012
3243.1451370788095	0.5259194626073622	trials	191031SL	p15	Z08115	357	11.0	315.0	12	3243.2951370788096	3243.521056541417
3243.585456031427	0.5258794627029602	trials	191031SL	p15	Z08115	282	11.0	90.0	12	3243.735456031427	3243.96133549413
3247.518046677013	0.515879486490121	trials	191031SL	p15	Z08115	22	6.0	45.0	4	3247.668046677013	3247.883926163503
3247.9483256535127	0.5258794627029602	trials	191031SL	p15	Z08115	85	9.0	225.0	4	3248.098325653513	3248.3242051162156
3248.3786046300124	0.5258794627025054	trials	191031SL	p15	Z08115	235	9.0	315.0	8	3248.5286046300125	3248.754484092715
3248.8188835827254	0.525919462607817	trials	191031SL	p15	Z08115	0			0	3248.9688835827255	3249.194803045333
3249.249162559225	0.525919462607817	trials	191031SL	p15	Z08115	353	7.0	315.0	12	3249.3991625592253	3249.625082021833
3249.6894815118426	0.5258794627029602	trials	191031SL	p15	Z08115	97	6.0	270.0	4	3249.8394815118427	3250.0653609745455
3250.1197604883423	0.5258794627029602	trials	191031SL	p15	Z08115	184	3.0	180.0	8	3250.2697604883424	3250.495639951045
3254.2625106340242	0.5158794864896663	trials	191031SL	p15	Z08115	17	1.0	45.0	4	3254.4125106340243	3254.628390120514
3257.804822207963	0.515879486490121	trials	191031SL	p15	Z08115	268	12.0	45.0	12	3257.954822207963	3258.170701694453
3258.2351011844626	0.525919462607817	trials	191031SL	p15	Z08115	84	8.0	225.0	4	3258.3851011844627	3258.6110206470703
3260.4465759240497	0.515879486490121	trials	191031SL	p15	Z08115	64	3.0	180.0	4	3260.59657592405	3260.8124554105398
3260.8768549005495	0.525919462607817	trials	191031SL	p15	Z08115	284	13.0	90.0	12	3261.0268549005496	3261.252774363157
3261.307133877049	0.525919462607817	trials	191031SL	p15	Z08115	143	7.0	45.0	8	3261.4571338770493	3261.683053339657
3261.747452829667	0.5258794627029602	trials	191031SL	p15	Z08115	140	4.0	45.0	8	3261.897452829667	3262.12333229237
3262.177731806167	0.5258794627029602	trials	191031SL	p15	Z08115	240	14.0	315.0	8	3262.327731806167	3262.5536112688696
3262.6180107588793	0.5258794627034149	trials	191031SL	p15	Z08115	136	0.0	45.0	8	3262.7680107588794	3262.9938902215827
3263.0482897353795	0.5158794864896663	trials	191031SL	p15	Z08115	141	5.0	45.0	8	3263.1982897353796	3263.414169221869
3266.550601404466	0.5259194626073622	trials	191031SL	p15	Z08115	151	0.0	90.0	8	3266.700601404466	3266.926520867073
3266.980880380965	0.525919462607817	trials	191031SL	p15	Z08115	28	12.0	45.0	4	3267.130880380965	3267.356799843573
3267.4211993335834	0.5158794864892116	trials	191031SL	p15	Z08115	176	10.0	135.0	8	3267.5711993335835	3267.7870788200726
3267.851478310083	0.5258794627025054	trials	191031SL	p15	Z08115	57	11.0	135.0	4	3268.0014783100833	3268.2273577727856
3268.2817572865824	0.5258794627029602	trials	191031SL	p15	Z08115	286	0.0	135.0	12	3268.4317572865825	3268.6576367492853
3268.7220362392954	0.525919462607817	trials	191031SL	p15	Z08115	168	2.0	135.0	8	3268.8720362392955	3269.097955701903
3269.1523552157	0.5258794627029602	trials	191031SL	p15	Z08115	196	0.0	225.0	8	3269.3023552157	3269.528234678403
3272.764706623036	0.5058795102763725	trials	191031SL	p15	Z08115	104	13.0	270.0	4	3272.914706623036	3273.1205861333124
3280.920087223914	0.5159194863945231	trials	191031SL	p15	Z08115	163	12.0	90.0	8	3281.070087223914	3281.2860067103084
3285.883395417742	0.515879486490121	trials	191031SL	p15	Z08115	134	13.0	0.0	8	3286.033395417742	3286.249274904232
3286.313674394242	0.5258794627029602	trials	191031SL	p15	Z08115	75	14.0	180.0	4	3286.463674394242	3286.6895538569447
3286.7439533707416	0.5258794627029602	trials	191031SL	p15	Z08115	218	7.0	270.0	8	3286.8939533707417	3287.1198328334444
3287.1842323234546	0.525919462607817	trials	191031SL	p15	Z08115	186	5.0	180.0	8	3287.3342323234547	3287.5601517860623
3287.6145112999543	0.525919462607817	trials	191031SL	p15	Z08115	281	10.0	90.0	12	3287.7645112999544	3287.990430762562
3288.0548302525717	0.5258794627034149	trials	191031SL	p15	Z08115	124	3.0	0.0	8	3288.204830252572	3288.430709715275
3288.4851092290714	0.5258794627034149	trials	191031SL	p15	Z08115	327	11.0	225.0	12	3288.6351092290715	3288.8609886917748
3292.0875006600995	0.5258794627025054	trials	191031SL	p15	Z08115	350	4.0	315.0	12	3292.2375006600996	3292.463380122802
3292.5177796365992	0.5058795102763725	trials	191031SL	p15	Z08115	116	10.0	315.0	4	3292.6677796365993	3292.8736591468755
3292.948058613099	0.5058795102763725	trials	191031SL	p15	Z08115	118	12.0	315.0	4	3293.098058613099	3293.3039381233752
3298.0614464499345	0.5158794864896663	trials	191031SL	p15	Z08115	155	4.0	90.0	8	3298.2114464499346	3298.427325936424
3298.491725426434	0.5258794627025054	trials	191031SL	p15	Z08115	78	2.0	225.0	4	3298.6417254264343	3298.8676048891366
3298.922004402934	0.5258794627025054	trials	191031SL	p15	Z08115	153	2.0	90.0	8	3299.072004402934	3299.2978838656363
3299.3622833556465	0.525919462607817	trials	191031SL	p15	Z08115	250	9.0	0.0	12	3299.5122833556466	3299.738202818254
3299.792562332146	0.5259194626082717	trials	191031SL	p15	Z08115	38	7.0	90.0	4	3299.9425623321463	3300.1684817947544
3300.232841284859	0.525919462607817	trials	191031SL	p15	Z08115	148	12.0	45.0	8	3300.3828412848593	3300.608760747467
3300.663160261264	0.5258794627029602	trials	191031SL	p15	Z08115	31	0.0	90.0	4	3300.813160261264	3301.0390397239667
3304.135432001806	0.5158794864896663	trials	191031SL	p15	Z08115	106	0.0	315.0	4	3304.285432001806	3304.5013114882954
3304.5657109783056	0.5159194863945231	trials	191031SL	p15	Z08115	161	10.0	90.0	8	3304.7157109783057	3304.9316304647
3304.9959899548053	0.5159194863945231	trials	191031SL	p15	Z08115	304	3.0	180.0	12	3305.1459899548054	3305.3619094411997
3305.446308883636	0.49587953406353336	trials	191031SL	p15	Z08115	150	14.0	45.0	8	3305.596308883636	3305.7921884176994
3305.8765878601357	0.5058795102768272	trials	191031SL	p15	Z08115	229	3.0	315.0	8	3306.026587860136	3306.2324673704125
3306.3168668128487	0.49587953406353336	trials	191031SL	p15	Z08115	329	13.0	225.0	12	3306.466866812849	3306.662746346912
3306.7471857892533	0.5158794864896663	trials	191031SL	p15	Z08115	212	1.0	270.0	8	3306.8971857892534	3307.113065275743
3314.2521279373227	0.5158794864896663	trials	191031SL	p15	Z08115	188	7.0	180.0	8	3314.402127937323	3314.6180074238123
3314.682406913822	0.5259194626082717	trials	191031SL	p15	Z08115	169	3.0	135.0	8	3314.832406913822	3315.05832637643
3315.1126858903217	0.5259194626082717	trials	191031SL	p15	Z08115	255	14.0	0.0	12	3315.262685890322	3315.48860535293
3315.5430048667263	0.535879438916254	trials	191031SL	p15	Z08115	180	14.0	135.0	8	3315.6930048667264	3315.9288843056424
3315.9832838194393	0.5258794627029602	trials	191031SL	p15	Z08115	342	11.0	270.0	12	3316.1332838194394	3316.359163282142
3316.4235627721523	0.5158794864892116	trials	191031SL	p15	Z08115	291	5.0	135.0	12	3316.5735627721524	3316.7894422586414
3316.853841748652	0.525919462607817	trials	191031SL	p15	Z08115	130	9.0	0.0	8	3317.003841748652	3317.2297612112598
3320.336153465312	0.5258794627029602	trials	191031SL	p15	Z08115	356	10.0	315.0	12	3320.486153465312	3320.7120329280147
3320.7664324418115	0.5258794627029602	trials	191031SL	p15	Z08115	49	3.0	135.0	4	3320.9164324418116	3321.1423119045144
3321.2067113945245	0.5159194863945231	trials	191031SL	p15	Z08115	333	2.0	270.0	12	3321.3567113945246	3321.572630880919
3321.6369903710242	0.525919462607817	trials	191031SL	p15	Z08115	11	10.0	0.0	4	3321.7869903710243	3322.012909833632
3322.067309347429	0.5258794627029602	trials	191031SL	p15	Z08115	128	7.0	0.0	8	3322.217309347429	3322.4431888101317
3322.5075883001414	0.5258794627034149	trials	191031SL	p15	Z08115	280	9.0	90.0	12	3322.6575883001415	3322.8834677628447
3322.937867276641	0.5258794627029602	trials	191031SL	p15	Z08115	5	4.0	0.0	4	3323.087867276641	3323.313746739344
3327.320776851058	0.5058795102768272	trials	191031SL	p15	Z08115	156	5.0	90.0	8	3327.470776851058	3327.6766563613346
3327.74101585144	0.525919462607817	trials	191031SL	p15	Z08115	76	0.0	225.0	4	3327.89101585144	3328.1169353140476
3328.1813348040573	0.515879486490121	trials	191031SL	p15	Z08115	113	7.0	315.0	4	3328.3313348040574	3328.5472142905473
3330.903128329755	0.5258794627025054	trials	191031SL	p15	Z08115	24	8.0	45.0	4	3331.053128329755	3331.2790077924574
3331.3334073062547	0.5259194626073622	trials	191031SL	p15	Z08115	0			0	3331.483407306255	3331.709326768862
3331.773686258967	0.5259194626082717	trials	191031SL	p15	Z08115	42	11.0	90.0	4	3331.923686258967	3332.149605721575
3332.204005235372	0.5258794627029602	trials	191031SL	p15	Z08115	73	12.0	180.0	4	3332.354005235372	3332.5798846980747
3332.644284188085	0.5258794627025054	trials	191031SL	p15	Z08115	237	11.0	315.0	8	3332.794284188085	3333.0201636507873
3333.0745631645846	0.525919462607817	trials	191031SL	p15	Z08115	359	13.0	315.0	12	3333.2245631645847	3333.4504826271923
3333.514842117297	0.525919462607817	trials	191031SL	p15	Z08115	271	0.0	90.0	12	3333.664842117297	3333.890761579905
3337.077233643472	0.5258794627029602	trials	191031SL	p15	Z08115	328	12.0	225.0	12	3337.227233643472	3337.453113106175
3337.5075126199717	0.5258794627029602	trials	191031SL	p15	Z08115	225	14.0	270.0	8	3337.657512619972	3337.8833920826746
3337.9477915726848	0.5158794864896663	trials	191031SL	p15	Z08115	194	13.0	180.0	8	3338.097791572685	3338.3136710591743
3338.3780705491845	0.5258794627029602	trials	191031SL	p15	Z08115	310	9.0	180.0	12	3338.5280705491846	3338.7539500118874
3338.808349525684	0.525919462607817	trials	191031SL	p15	Z08115	187	6.0	180.0	8	3338.9583495256843	3339.184268988292
3339.2486284783968	0.525919462607817	trials	191031SL	p15	Z08115	117	11.0	315.0	4	3339.398628478397	3339.6245479410045
3339.678947454802	0.5258794627025054	trials	191031SL	p15	Z08115	325	9.0	225.0	12	3339.828947454802	3340.054826917504
3343.881697457762	0.5259194626082717	trials	191031SL	p15	Z08115	264	8.0	45.0	12	3344.031697457762	3344.2576169203703
3344.32201641038	0.515879486490121	trials	191031SL	p15	Z08115	253	12.0	0.0	12	3344.47201641038	3344.68789589687
3344.7522953868797	0.5258794627025054	trials	191031SL	p15	Z08115	55	9.0	135.0	4	3344.90229538688	3345.128174849582
3345.1825743633794	0.5258794627029602	trials	191031SL	p15	Z08115	259	3.0	45.0	12	3345.3325743633795	3345.5584538260823
3345.6228533160925	0.525919462607817	trials	191031SL	p15	Z08115	52	6.0	135.0	4	3345.7728533160926	3345.9987727787
3346.053132292592	0.525919462607817	trials	191031SL	p15	Z08115	36	5.0	90.0	4	3346.2031322925923	3346.4290517552
3346.4934512452096	0.5258794627029602	trials	191031SL	p15	Z08115	265	9.0	45.0	12	3346.6434512452097	3346.8693307079125
3350.0257628429354	0.5158794864896663	trials	191031SL	p15	Z08115	195	14.0	180.0	8	3350.1757628429355	3350.391642329425
3355.4393499656903	0.5258794627025054	trials	191031SL	p15	Z08115	100	9.0	270.0	4	3355.5893499656904	3355.8152294283927
3360.732857374077	0.5158794864896663	trials	191031SL	p15	Z08115	1	0.0	0.0	4	3360.882857374077	3361.0987368605665
3361.1631363505767	0.5158794864896663	trials	191031SL	p15	Z08115	189	8.0	180.0	8	3361.3131363505768	3361.5290158370663
3361.5934153270764	0.5258794627029602	trials	191031SL	p15	Z08115	244	3.0	0.0	12	3361.7434153270765	3361.9692947897793
3362.023694303576	0.525919462607817	trials	191031SL	p15	Z08115	334	3.0	270.0	12	3362.173694303576	3362.399613766184
3362.4639732562887	0.525919462607817	trials	191031SL	p15	Z08115	267	11.0	45.0	12	3362.613973256289	3362.8398927188964
3362.8942922326937	0.5258794627029602	trials	191031SL	p15	Z08115	95	4.0	270.0	4	3363.044292232694	3363.2701716953966
3363.3345711854063	0.5058795102763725	trials	191031SL	p15	Z08115	226	0.0	315.0	8	3363.4845711854064	3363.6904506956826
3366.8368828544926	0.5158794864896663	trials	191031SL	p15	Z08115	0			0	3366.9868828544927	3367.202762340982
3367.2671618309923	0.5158794864896663	trials	191031SL	p15	Z08115	58	12.0	135.0	4	3367.4171618309924	3367.633041317482
3367.6974408074925	0.5259194626073622	trials	191031SL	p15	Z08115	94	3.0	270.0	4	3367.8474408074926	3368.0733602701
3368.1277197839922	0.5259194626073622	trials	191031SL	p15	Z08115	89	13.0	225.0	4	3368.2777197839923	3368.5036392465995
3368.5680387366097	0.5258794627029602	trials	191031SL	p15	Z08115	56	10.0	135.0	4	3368.7180387366097	3368.9439181993125
3368.9983177131094	0.5258794627029602	trials	191031SL	p15	Z08115	45	14.0	90.0	4	3369.1483177131095	3369.3741971758122
3369.4385966658224	0.5258794627025054	trials	191031SL	p15	Z08115	289	3.0	135.0	12	3369.5885966658225	3369.814476128525
3373.12102790646	0.5158794864896663	trials	191031SL	p15	Z08115	210	14.0	225.0	8	3373.27102790646	3373.4869073929494
3373.5513068829596	0.525919462607817	trials	191031SL	p15	Z08115	220	9.0	270.0	8	3373.7013068829597	3373.9272263455673
3373.9815858594593	0.525919462607817	trials	191031SL	p15	Z08115	61	0.0	180.0	4	3374.1315858594594	3374.357505322067
3374.421904812077	0.5258794627029602	trials	191031SL	p15	Z08115	238	12.0	315.0	8	3374.5719048120773	3374.79778427478
3374.852183788577	0.5258794627025054	trials	191031SL	p15	Z08115	245	4.0	0.0	12	3375.002183788577	3375.2280632512793
3375.2924627412895	0.5259194626082717	trials	191031SL	p15	Z08115	174	8.0	135.0	8	3375.4424627412895	3375.6683822038976
3375.722741717789	0.5259194626082717	trials	191031SL	p15	Z08115	254	13.0	0.0	12	3375.8727417177893	3376.0986611803974
3379.3651730535744	0.515879486490121	trials	191031SL	p15	Z08115	173	7.0	135.0	8	3379.5151730535745	3379.7310525400644
3379.785452053861	0.5058795102768272	trials	191031SL	p15	Z08115	60	14.0	135.0	4	3379.935452053861	3380.1413315641375
3380.2157310303605	0.5058795102768272	trials	191031SL	p15	Z08115	40	9.0	90.0	4	3380.3657310303606	3380.5716105406373
3380.6560099830735	0.49587953406353336	trials	191031SL	p15	Z08115	63	2.0	180.0	4	3380.8060099830736	3381.001889517137
3381.0862889595733	0.5058795102768272	trials	191031SL	p15	Z08115	132	11.0	0.0	8	3381.2362889595734	3381.44216846985
3381.5265679122863	0.525919462607817	trials	191031SL	p15	Z08115	272	1.0	90.0	12	3381.6765679122864	3381.902487374894
3381.9668868649037	0.515879486490121	trials	191031SL	p15	Z08115	231	5.0	315.0	8	3382.116886864904	3382.3327663513937
3388.481191369393	0.5158794864896663	trials	191031SL	p15	Z08115	79	3.0	225.0	4	3388.631191369393	3388.8470708558825
3388.9014703696794	0.5258794627029602	trials	191031SL	p15	Z08115	316	0.0	225.0	12	3389.0514703696795	3389.2773498323822
3389.3417493223924	0.5258794627029602	trials	191031SL	p15	Z08115	179	13.0	135.0	8	3389.4917493223925	3389.7176287850953
3389.772028298892	0.5158794864896663	trials	191031SL	p15	Z08115	120	14.0	315.0	4	3389.922028298892	3390.1379077853817
3390.222347227723	0.49583953415867654	trials	191031SL	p15	Z08115	227	1.0	315.0	8	3390.372347227723	3390.5681867618814
3390.652626204223	0.5058795102763725	trials	191031SL	p15	Z08115	332	1.0	270.0	12	3390.802626204223	3391.0085057144993
3391.0929051569356	0.49587953406353336	trials	191031SL	p15	Z08115	197	1.0	225.0	8	3391.2429051569356	3391.438784690999
3394.825376278544	0.5258794627025054	trials	191031SL	p15	Z08115	354	8.0	315.0	12	3394.975376278544	3395.2012557412463
3395.2556552550436	0.5258794627029602	trials	191031SL	p15	Z08115	19	3.0	45.0	4	3395.4056552550437	3395.6315347177465
3395.6959342077566	0.525919462607817	trials	191031SL	p15	Z08115	331	0.0	270.0	12	3395.8459342077567	3396.0718536703644
3396.1262531841608	0.5258794627034149	trials	191031SL	p15	Z08115	162	11.0	90.0	8	3396.276253184161	3396.502132646864
3396.566532136874	0.5258794627029602	trials	191031SL	p15	Z08115	337	6.0	270.0	12	3396.716532136874	3396.9424115995766
3396.9968111133735	0.5258794627029602	trials	191031SL	p15	Z08115	191	10.0	180.0	8	3397.1468111133736	3397.3726905760764
3397.427090089873	0.525919462607817	trials	191031SL	p15	Z08115	112	6.0	315.0	4	3397.5770900898733	3397.803009552481
3401.4397605449744	0.5158794864896663	trials	191031SL	p15	Z08115	181	0.0	180.0	8	3401.5897605449745	3401.805640031464
3401.859999545356	0.5259194626073622	trials	191031SL	p15	Z08115	138	2.0	45.0	8	3402.009999545356	3402.2359190079633
3402.300318497974	0.5258794627025054	trials	191031SL	p15	Z08115	190	9.0	180.0	8	3402.450318497974	3402.6761979606763
3402.7405974506864	0.5158794864896663	trials	191031SL	p15	Z08115	121	0.0	0.0	8	3402.8905974506865	3403.106476937176
3403.170916427091	0.5258794627029602	trials	191031SL	p15	Z08115	145	9.0	45.0	8	3403.320916427091	3403.546795889794
3403.6011554036863	0.5259194626073622	trials	191031SL	p15	Z08115	348	2.0	315.0	12	3403.7511554036864	3403.9770748662936
3404.0414743563038	0.5258794627029602	trials	191031SL	p15	Z08115	133	12.0	0.0	8	3404.191474356304	3404.4173538190066
3407.9440250733455	0.5159194863945231	trials	191031SL	p15	Z08115	252	11.0	0.0	12	3408.0940250733456	3408.30994455974
3408.364304073632	0.5359194388211108	trials	191031SL	p15	Z08115	297	11.0	135.0	12	3408.514304073632	3408.750223512453
3408.8046230262494	0.5258794627034149	trials	191031SL	p15	Z08115	126	5.0	0.0	8	3408.9546230262495	3409.1805024889527
3409.2449019789624	0.5258794627029602	trials	191031SL	p15	Z08115	91	0.0	270.0	4	3409.3949019789625	3409.6207814416653
3409.675180955462	0.525919462607817	trials	191031SL	p15	Z08115	236	10.0	315.0	8	3409.825180955462	3410.05110041807
3410.11549990808	0.5058795102763725	trials	191031SL	p15	Z08115	219	8.0	270.0	8	3410.26549990808	3410.4713794183563
3410.5557788607925	0.5058795102768272	trials	191031SL	p15	Z08115	204	8.0	225.0	8	3410.7057788607926	3410.9116583710693
3414.3982897206506	0.5159194863949779	trials	191031SL	p15	Z08115	192	11.0	180.0	8	3414.5482897206507	3414.7642092070455
3414.8285686971503	0.5259194626082717	trials	191031SL	p15	Z08115	221	10.0	270.0	8	3414.9785686971504	3415.2044881597585
3415.258887673555	0.5258794627034149	trials	191031SL	p15	Z08115	314	13.0	180.0	12	3415.408887673555	3415.6347671362582
3415.699166626268	0.5258794627025054	trials	191031SL	p15	Z08115	96	5.0	270.0	4	3415.849166626268	3416.0750460889703
3416.1294456027676	0.525919462607817	trials	191031SL	p15	Z08115	285	14.0	90.0	12	3416.2794456027677	3416.5053650653754
3416.5597245792674	0.525919462607817	trials	191031SL	p15	Z08115	246	5.0	0.0	12	3416.7097245792675	3416.935644041875
3417.0000035319804	0.525919462607817	trials	191031SL	p15	Z08115	312	11.0	180.0	12	3417.1500035319805	3417.375922994588
3421.322873249213	0.49587953406353336	trials	191031SL	p15	Z08115	343	12.0	270.0	12	3421.472873249213	3421.6687527832764
3424.2047863940356	0.5158794864892116	trials	191031SL	p15	Z08115	206	10.0	225.0	8	3424.3547863940357	3424.5706658805248
3424.625065394322	0.5258794627025054	trials	191031SL	p15	Z08115	283	12.0	90.0	12	3424.775065394322	3425.0009448570245
3425.065344347035	0.5259194626073622	trials	191031SL	p15	Z08115	182	1.0	180.0	8	3425.215344347035	3425.4412638096424
3425.495663323439	0.5258794627034149	trials	191031SL	p15	Z08115	347	1.0	315.0	12	3425.6456633234393	3425.8715427861425
3425.935942276152	0.515879486490121	trials	191031SL	p15	Z08115	266	10.0	45.0	12	3426.0859422761523	3426.3018217626422
3426.366221252652	0.5258794627029602	trials	191031SL	p15	Z08115	105	14.0	270.0	4	3426.516221252652	3426.742100715355
3426.7965002291517	0.5258794627025054	trials	191031SL	p15	Z08115	309	8.0	180.0	12	3426.9465002291518	3427.172379691854
3431.369529351333	0.5258794627029602	trials	191031SL	p15	Z08115	330	14.0	225.0	12	3431.519529351333	3431.7454088140357
3431.799808327833	0.5258794627025054	trials	191031SL	p15	Z08115	275	4.0	90.0	12	3431.949808327833	3432.1756877905354
3432.2400872805456	0.525919462607817	trials	191031SL	p15	Z08115	3	2.0	0.0	4	3432.3900872805457	3432.6160067431533
3432.67040625695	0.5258794627029602	trials	191031SL	p15	Z08115	103	12.0	270.0	4	3432.8204062569503	3433.046285719653
3433.110685209663	0.5158794864896663	trials	191031SL	p15	Z08115	142	6.0	45.0	8	3433.2606852096633	3433.4765646961528
3433.540964186163	0.5258794627025054	trials	191031SL	p15	Z08115	14	13.0	0.0	4	3433.690964186163	3433.9168436488653
3433.9712431626626	0.5058795102768272	trials	191031SL	p15	Z08115	292	6.0	135.0	12	3434.1212431626627	3434.3271226729394
3438.9945512137697	0.525919462607817	trials	191031SL	p15	Z08115	53	7.0	135.0	4	3439.14455121377	3439.3704706763774
3439.4248701901747	0.5258794627025054	trials	191031SL	p15	Z08115	249	8.0	0.0	12	3439.574870190175	3439.800749652877
3439.8651491428873	0.5258794627029602	trials	191031SL	p15	Z08115	35	4.0	90.0	4	3440.0151491428874	3440.24102860559
3440.295428119387	0.5258794627029602	trials	191031SL	p15	Z08115	213	2.0	270.0	8	3440.445428119387	3440.67130758209
3440.7357070721	0.5259194626073622	trials	191031SL	p15	Z08115	320	4.0	225.0	12	3440.8857070721	3441.1116265347073
3443.2673810500323	0.515879486490121	trials	191031SL	p15	Z08115	88	12.0	225.0	4	3443.4173810500324	3443.6332605365224
3443.7076600027453	0.5059195101812293	trials	191031SL	p15	Z08115	93	2.0	270.0	4	3443.8576600027454	3444.0635795129265
3444.1279390030318	0.525919462607817	trials	191031SL	p15	Z08115	299	13.0	135.0	12	3444.277939003032	3444.5038584656395
3444.568217955745	0.5159194863945231	trials	191031SL	p15	Z08115	59	13.0	135.0	4	3444.718217955745	3444.934137442139
3444.998536932149	0.5258794627034149	trials	191031SL	p15	Z08115	111	5.0	315.0	4	3445.148536932149	3445.3744163948522
3445.4288159086486	0.5258794627034149	trials	191031SL	p15	Z08115	201	5.0	225.0	8	3445.5788159086487	3445.804695371352
3445.8690948613616	0.525919462607817	trials	191031SL	p15	Z08115	178	12.0	135.0	8	3446.0190948613617	3446.2450143239694
3449.4914862448154	0.515879486490121	trials	191031SL	p15	Z08115	6	5.0	0.0	4	3449.6414862448155	3449.8573657313054
3449.9117652451023	0.5058795102763725	trials	191031SL	p15	Z08115	209	13.0	225.0	8	3450.0617652451024	3450.2676447553786
3450.342044221602	0.5058795102763725	trials	191031SL	p15	Z08115	303	2.0	180.0	12	3450.492044221602	3450.6979237318783
3450.78236317422	0.49587953406353336	trials	191031SL	p15	Z08115	251	10.0	0.0	12	3450.93236317422	3451.1282427082833
3451.2126421507196	0.5058795102768272	trials	191031SL	p15	Z08115	288	2.0	135.0	12	3451.3626421507197	3451.5685216609963
3451.6529211034326	0.5259194626073622	trials	191031SL	p15	Z08115	152	1.0	90.0	8	3451.8029211034327	3452.02884056604
3452.093200056145	0.525919462607817	trials	191031SL	p15	Z08115	77	1.0	225.0	4	3452.2432000561453	3452.469119518753
3455.705591463386	0.5058795102768272	trials	191031SL	p15	Z08115	69	8.0	180.0	4	3455.855591463386	3456.061470973663
3456.1158704874592	0.525919462607817	trials	191031SL	p15	Z08115	248	7.0	0.0	12	3456.2658704874593	3456.491789950067
3456.556189440077	0.5258794627029602	trials	191031SL	p15	Z08115	260	4.0	45.0	12	3456.706189440077	3456.93206890278
3456.986468416577	0.5258794627029602	trials	191031SL	p15	Z08115	241	0.0	0.0	12	3457.136468416577	3457.3623478792797
3457.4267473692894	0.49587953406353336	trials	191031SL	p15	Z08115	129	8.0	0.0	8	3457.5767473692895	3457.772626903353
3457.837026393363	0.5058795102763725	trials	191031SL	p15	Z08115	339	8.0	270.0	12	3457.987026393363	3458.1929059036393
3458.2773053460755	0.49587953406353336	trials	191031SL	p15	Z08115	83	7.0	225.0	4	3458.4273053460756	3458.623184880139
3462.4800953489416	0.5158794864892116	trials	191031SL	p15	Z08115	20	4.0	45.0	4	3462.6300953489417	3462.8459748354308
3462.920374301654	0.5158794864896663	trials	191031SL	p15	Z08115	71	10.0	180.0	4	3463.0703743016543	3463.2862537881438
3463.340653301941	0.5258794627025054	trials	191031SL	p15	Z08115	274	3.0	90.0	12	3463.490653301941	3463.7165327646435
3463.7809322546536	0.525919462607817	trials	191031SL	p15	Z08115	308	7.0	180.0	12	3463.9309322546537	3464.1568517172614
3464.2112112311534	0.525919462607817	trials	191031SL	p15	Z08115	242	1.0	0.0	12	3464.3612112311534	3464.587130693761
3464.6515301837712	0.5258794627029602	trials	191031SL	p15	Z08115	160	9.0	90.0	8	3464.8015301837713	3465.027409646474
3465.081809160271	0.5158794864896663	trials	191031SL	p15	Z08115	102	11.0	270.0	4	3465.231809160271	3465.4476886467605
3469.0043998296437	0.5158794864896663	trials	191031SL	p15	Z08115	215	4.0	270.0	8	3469.154399829644	3469.3702793161333
3471.5760737124288	0.525919462607817	trials	191031SL	p15	Z08115	92	1.0	270.0	4	3471.726073712429	3471.9519931750365
3472.0063926888333	0.5258794627029602	trials	191031SL	p15	Z08115	313	12.0	180.0	12	3472.1563926888334	3472.382272151536
3474.5080267382214	0.515879486490121	trials	191031SL	p15	Z08115	9	8.0	0.0	4	3474.6580267382215	3474.8739062247114
3477.3699399306174	0.5158794864896663	trials	191031SL	p15	Z08115	199	3.0	225.0	8	3477.5199399306175	3477.735819417107
3477.7901789309985	0.5259194626082717	trials	191031SL	p15	Z08115	356	10.0	315.0	12	3477.9401789309986	3478.1660983936067
3478.230497883617	0.5258794627025054	trials	191031SL	p15	Z08115	242	1.0	0.0	12	3478.380497883617	3478.6063773463193
3478.6607768601166	0.5258794627025054	trials	191031SL	p15	Z08115	122	1.0	0.0	8	3478.8107768601167	3479.036656322819
3479.101055812829	0.525919462607817	trials	191031SL	p15	Z08115	300	14.0	135.0	12	3479.2510558128292	3479.476975275437
3479.531334789329	0.525919462607817	trials	191031SL	p15	Z08115	350	4.0	315.0	12	3479.681334789329	3479.9072542519366
3479.9716537419467	0.5258794627029602	trials	191031SL	p15	Z08115	137	1.0	45.0	8	3480.121653741947	3480.3475332046496
3483.473965411033	0.515879486490121	trials	191031SL	p15	Z08115	270	14.0	45.0	12	3483.623965411033	3483.839844897523
3483.904244387533	0.5158794864896663	trials	191031SL	p15	Z08115	7	6.0	0.0	4	3484.054244387533	3484.2701238740224
3484.3345233640325	0.5258794627025054	trials	191031SL	p15	Z08115	330	14.0	225.0	12	3484.4845233640326	3484.710402826735
3484.7648023405322	0.525919462607817	trials	191031SL	p15	Z08115	296	10.0	135.0	12	3484.9148023405323	3485.14072180314
3485.2050812932453	0.5259194626073622	trials	191031SL	p15	Z08115	337	6.0	270.0	12	3485.3550812932453	3485.5810007558525
3485.635360269745	0.525919462607817	trials	191031SL	p15	Z08115	200	4.0	225.0	8	3485.785360269745	3486.0112797323527
3486.0756792223624	0.5258794627029602	trials	191031SL	p15	Z08115	119	13.0	315.0	4	3486.2256792223625	3486.4515586850653
3489.5779908914487	0.515879486490121	trials	191031SL	p15	Z08115	38	7.0	90.0	4	3489.727990891449	3489.9438703779388
3489.998269891735	0.5258794627034149	trials	191031SL	p15	Z08115	34	3.0	90.0	4	3490.1482698917353	3490.3741493544385
3490.438548844448	0.525919462607817	trials	191031SL	p15	Z08115	159	8.0	90.0	8	3490.5885488444483	3490.814468307056
3490.868827820948	0.525919462607817	trials	191031SL	p15	Z08115	193	12.0	180.0	8	3491.018827820948	3491.2447472835556
3491.3091467735653	0.5258794627034149	trials	191031SL	p15	Z08115	85	9.0	225.0	4	3491.4591467735654	3491.6850262362686
3491.739425750065	0.5258794627034149	trials	191031SL	p15	Z08115	28	12.0	45.0	4	3491.889425750065	3492.1153052127684
3492.179704702778	0.525919462607817	trials	191031SL	p15	Z08115	182	1.0	180.0	8	3492.329704702778	3492.555624165386
3496.0122555863277	0.515879486490121	trials	191031SL	p15	Z08115	173	7.0	135.0	8	3496.162255586328	3496.3781350728177
3496.4425345628274	0.5058795102768272	trials	191031SL	p15	Z08115	117	11.0	315.0	4	3496.5925345628275	3496.798414073104
3496.872813539327	0.5058795102768272	trials	191031SL	p15	Z08115	86	10.0	225.0	4	3497.022813539327	3497.228693049604
3497.31309249204	0.525919462607817	trials	191031SL	p15	Z08115	150	14.0	45.0	8	3497.4630924920402	3497.689011954648
3497.753371444753	0.5159194863945231	trials	191031SL	p15	Z08115	90	14.0	225.0	4	3497.9033714447532	3498.1192909311476
3498.1836904211573	0.5258794627034149	trials	191031SL	p15	Z08115	23	7.0	45.0	4	3498.3336904211574	3498.5595698838606
3498.613969397657	0.5258794627034149	trials	191031SL	p15	Z08115	56	10.0	135.0	4	3498.763969397657	3498.9898488603603
3502.0662411857725	0.515879486490121	trials	191031SL	p15	Z08115	234	8.0	315.0	8	3502.2162411857726	3502.4321206722625
3502.496520162272	0.5259194626082717	trials	191031SL	p15	Z08115	331	0.0	270.0	12	3502.6465201622723	3502.8724396248804
3502.926799138772	0.5259194626082717	trials	191031SL	p15	Z08115	65	4.0	180.0	4	3503.076799138772	3503.30271860138
3503.367078091485	0.525919462607817	trials	191031SL	p15	Z08115	123	2.0	0.0	8	3503.517078091485	3503.7429975540927
3503.79739706789	0.5258794627025054	trials	191031SL	p15	Z08115	284	13.0	90.0	12	3503.94739706789	3504.1732765305924
3504.2376760206025	0.5258794627029602	trials	191031SL	p15	Z08115	341	10.0	270.0	12	3504.3876760206026	3504.6135554833054
3504.6679549971022	0.5259194626082717	trials	191031SL	p15	Z08115	153	2.0	90.0	8	3504.8179549971023	3505.0438744597104
3511.7226182162453	0.515879486490121	trials	191031SL	p15	Z08115	237	11.0	315.0	8	3511.8726182162454	3512.0884977027354
3512.152897192745	0.515879486490121	trials	191031SL	p15	Z08115	255	14.0	0.0	12	3512.302897192745	3512.518776679235
3512.583176169245	0.525919462607817	trials	191031SL	p15	Z08115	133	12.0	0.0	8	3512.733176169245	3512.9590956318525
3513.0134551457445	0.525919462607817	trials	191031SL	p15	Z08115	266	10.0	45.0	12	3513.1634551457446	3513.389374608352
3513.4537740983624	0.5258794627029602	trials	191031SL	p15	Z08115	63	2.0	180.0	4	3513.6037740983625	3513.8296535610652
3513.884053074862	0.5258794627029602	trials	191031SL	p15	Z08115	39	8.0	90.0	4	3514.034053074862	3514.259932537565
3514.324332027575	0.5259194626073622	trials	191031SL	p15	Z08115	179	13.0	135.0	8	3514.474332027575	3514.7002514901824
3518.206922792095	0.515879486490121	trials	191031SL	p15	Z08115	105	14.0	270.0	4	3518.3569227920952	3518.572802278585
3518.637201768595	0.5258794627029602	trials	191031SL	p15	Z08115	147	11.0	45.0	8	3518.787201768595	3519.0130812312977
3519.0674807450946	0.5258794627029602	trials	191031SL	p15	Z08115	250	9.0	0.0	12	3519.2174807450947	3519.4433602077975
3519.5077596978076	0.525919462607817	trials	191031SL	p15	Z08115	143	7.0	45.0	8	3519.6577596978077	3519.8836791604153
3519.9380386743073	0.525919462607817	trials	191031SL	p15	Z08115	345	14.0	270.0	12	3520.0880386743074	3520.313958136915
3522.4697126522397	0.525919462607817	trials	191031SL	p15	Z08115	170	4.0	135.0	8	3522.6197126522397	3522.8456321148474
3522.9099916049527	0.505919510181684	trials	191031SL	p15	Z08115	281	10.0	90.0	12	3523.0599916049528	3523.2659111151343
3523.3503105575705	0.4958795340630786	trials	191031SL	p15	Z08115	15	14.0	0.0	4	3523.5003105575706	3523.6961900916335
3523.7805895340703	0.5359194388206561	trials	191031SL	p15	Z08115	22	6.0	45.0	4	3523.9305895340704	3524.166508972891
3524.220868486783	0.5058795102763725	trials	191031SL	p15	Z08115	267	11.0	45.0	12	3524.370868486783	3524.576747997059
3524.6511474632825	0.5259194626082717	trials	191031SL	p15	Z08115	207	11.0	225.0	8	3524.8011474632826	3525.0270669258907
3525.0914664159004	0.49587953406353336	trials	191031SL	p15	Z08115	309	8.0	180.0	12	3525.2414664159005	3525.437345949964
3529.0440570139126	0.5058795102763725	trials	191031SL	p15	Z08115	197	1.0	225.0	8	3529.1940570139127	3529.399936524189
3532.226169444654	0.5158794864896663	trials	191031SL	p15	Z08115	235	9.0	315.0	8	3532.376169444654	3532.5920489311434
3532.6464484449402	0.5058795102768272	trials	191031SL	p15	Z08115	82	6.0	225.0	4	3532.7964484449403	3533.002327955217
3533.0867273976532	0.525919462607817	trials	191031SL	p15	Z08115	263	7.0	45.0	12	3533.2367273976533	3533.462646860261
3533.5270463502707	0.515879486490121	trials	191031SL	p15	Z08115	125	4.0	0.0	8	3533.6770463502708	3533.8929258367607
3533.9573253267704	0.5258794627034149	trials	191031SL	p15	Z08115	360	14.0	315.0	12	3534.1073253267705	3534.3332047894737
3534.38760430327	0.5258794627034149	trials	191031SL	p15	Z08115	20	4.0	45.0	4	3534.53760430327	3534.7634837659734
3534.827883255983	0.525919462607817	trials	191031SL	p15	Z08115	310	9.0	180.0	12	3534.977883255983	3535.203802718591
3538.7805138539	0.515879486490121	trials	191031SL	p15	Z08115	120	14.0	315.0	4	3538.9305138539003	3539.14639334039
3539.2107928304	0.5258794627034149	trials	191031SL	p15	Z08115	164	13.0	90.0	8	3539.3607928304	3539.586672293103
3539.6410718068996	0.5258794627034149	trials	191031SL	p15	Z08115	35	4.0	90.0	4	3539.7910718068997	3540.016951269603
3540.0713507833993	0.5258794627029602	trials	191031SL	p15	Z08115	318	2.0	225.0	12	3540.2213507833994	3540.447230246102
3540.5116297361124	0.5059195101812293	trials	191031SL	p15	Z08115	325	9.0	225.0	12	3540.6616297361124	3540.8675492462935
3540.9419487125165	0.4958395341591313	trials	191031SL	p15	Z08115	299	13.0	135.0	12	3541.0919487125166	3541.2877882466755
3541.3822276652295	0.5258794627034149	trials	191031SL	p15	Z08115	160	9.0	90.0	8	3541.5322276652296	3541.758107127933
3548.546970622527	0.515879486490121	trials	191031SL	p15	Z08115	233	7.0	315.0	8	3548.6969706225273	3548.912850109017
3548.9772495990273	0.5258794627029602	trials	191031SL	p15	Z08115	97	6.0	270.0	4	3549.1272495990274	3549.35312906173
3549.4075285755266	0.5258794627034149	trials	191031SL	p15	Z08115	323	7.0	225.0	12	3549.5575285755267	3549.78340803823
3551.689043148511	0.515879486490121	trials	191031SL	p15	Z08115	291	5.0	135.0	12	3551.839043148511	3552.054922635001
3552.119322125011	0.5258794627025054	trials	191031SL	p15	Z08115	347	1.0	315.0	12	3552.269322125011	3552.4952015877134
3552.5496011015107	0.5058795102763725	trials	191031SL	p15	Z08115	29	13.0	45.0	4	3552.699601101511	3552.905480611787
3552.9798800780104	0.5058795102763725	trials	191031SL	p15	Z08115	84	8.0	225.0	4	3553.1298800780105	3553.3357595882867
3553.41015905451	0.5058795102763725	trials	191031SL	p15	Z08115	110	4.0	315.0	4	3553.56015905451	3553.7660385647864
3553.8204380785833	0.49587953406353336	trials	191031SL	p15	Z08115	18	2.0	45.0	4	3553.9704380785834	3554.1663176126467
3554.250717055083	0.5058795102768272	trials	191031SL	p15	Z08115	335	4.0	270.0	12	3554.400717055083	3554.6065965653597
3557.8431085098973	0.5158794864896663	trials	191031SL	p15	Z08115	140	4.0	45.0	8	3557.9931085098974	3558.208987996387
3560.274702725889	0.5158794864896663	trials	191031SL	p15	Z08115	121	0.0	0.0	8	3560.424702725889	3560.6405822123784
3560.6949817261752	0.5258794627029602	trials	191031SL	p15	Z08115	279	8.0	90.0	12	3560.8449817261753	3561.070861188878
3563.7970143474013	0.5159194863945231	trials	191031SL	p15	Z08115	210	14.0	225.0	8	3563.9470143474014	3564.1629338337957
3564.227333323806	0.5258794627029602	trials	191031SL	p15	Z08115	66	5.0	180.0	4	3564.377333323806	3564.6032127865087
3564.667612276519	0.5158794864896663	trials	191031SL	p15	Z08115	219	8.0	270.0	8	3564.817612276519	3565.0334917630084
3565.0978912530186	0.5258794627025054	trials	191031SL	p15	Z08115	293	7.0	135.0	12	3565.2478912530187	3565.473770715721
3565.528170229518	0.505879510277282	trials	191031SL	p15	Z08115	17	1.0	45.0	4	3565.678170229518	3565.884049739795
3565.958449206018	0.5058795102763725	trials	191031SL	p15	Z08115	328	12.0	225.0	12	3566.108449206018	3566.3143287162943
3566.3987681586354	0.5058795102768272	trials	191031SL	p15	Z08115	100	9.0	270.0	4	3566.5487681586355	3566.754647668912
3570.351358756648	0.5258794627025054	trials	191031SL	p15	Z08115	83	7.0	225.0	4	3570.501358756648	3570.7272382193505
3570.781637733148	0.525919462607817	trials	191031SL	p15	Z08115	221	10.0	270.0	8	3570.931637733148	3571.1575571957555
3571.2219166858604	0.5259194626082717	trials	191031SL	p15	Z08115	191	10.0	180.0	8	3571.3719166858605	3571.5978361484686
3573.8636704019473	0.525919462607817	trials	191031SL	p15	Z08115	272	1.0	90.0	12	3574.0136704019474	3574.239589864555
3574.293949378447	0.525919462607817	trials	191031SL	p15	Z08115	74	13.0	180.0	4	3574.443949378447	3574.6698688410547
3574.734268331065	0.5258794627025054	trials	191031SL	p15	Z08115	336	5.0	270.0	12	3574.884268331065	3575.1101477937673
3575.1645473075646	0.5258794627025054	trials	191031SL	p15	Z08115	282	11.0	90.0	12	3575.3145473075647	3575.540426770267
3575.6048262602776	0.5158794864892116	trials	191031SL	p15	Z08115	111	5.0	315.0	4	3575.7548262602777	3575.9707057467667
3576.0351052367773	0.5259194626073622	trials	191031SL	p15	Z08115	0			0	3576.1851052367774	3576.4110246993846
3576.4654242131814	0.5258794627029602	trials	191031SL	p15	Z08115	194	13.0	180.0	8	3576.6154242131815	3576.8413036758843
3580.0077357871205	0.5158794864896663	trials	191031SL	p15	Z08115	43	12.0	90.0	4	3580.1577357871206	3580.37361527361
3580.4380147636202	0.5159194863945231	trials	191031SL	p15	Z08115	55	9.0	135.0	4	3580.5880147636203	3580.8039342500147
3580.86829374012	0.525919462607817	trials	191031SL	p15	Z08115	178	12.0	135.0	8	3581.01829374012	3581.2442132027277
3581.308612692738	0.5158794864896663	trials	191031SL	p15	Z08115	326	10.0	225.0	12	3581.458612692738	3581.6744921792274
3581.7388916692375	0.5258794627025054	trials	191031SL	p15	Z08115	198	2.0	225.0	8	3581.8888916692376	3582.11477113194
3582.1691706457373	0.5258794627025054	trials	191031SL	p15	Z08115	60	14.0	135.0	4	3582.3191706457374	3582.5450501084397
3582.60944959845	0.525919462607817	trials	191031SL	p15	Z08115	247	6.0	0.0	12	3582.75944959845	3582.9853690610576
3586.141801196081	0.5158794864892116	trials	191031SL	p15	Z08115	283	12.0	90.0	12	3586.291801196081	3586.50768068257
3586.5720801725806	0.5258794627025054	trials	191031SL	p15	Z08115	230	4.0	315.0	8	3586.7220801725807	3586.947959635283
3587.00235914908	0.525919462607817	trials	191031SL	p15	Z08115	358	12.0	315.0	12	3587.15235914908	3587.3782786116876
3587.4426781016978	0.5258794627029602	trials	191031SL	p15	Z08115	339	8.0	270.0	12	3587.592678101698	3587.8185575644006
3587.8729570781975	0.5258794627029602	trials	191031SL	p15	Z08115	225	14.0	270.0	8	3588.0229570781976	3588.2488365409004
3588.3132360309105	0.5258794627029602	trials	191031SL	p15	Z08115	258	2.0	45.0	12	3588.4632360309106	3588.6891154936134
3588.74351500741	0.5258794627025054	trials	191031SL	p15	Z08115	26	10.0	45.0	4	3588.8935150074103	3589.1193944701126
3592.986304915128	0.5159194863949779	trials	191031SL	p15	Z08115	297	11.0	135.0	12	3593.136304915128	3593.352224401523
3593.416583891628	0.5159194863949779	trials	191031SL	p15	Z08115	271	0.0	90.0	12	3593.566583891628	3593.7825033780227
3593.8469028680324	0.5258794627029602	trials	191031SL	p15	Z08115	37	6.0	90.0	4	3593.9969028680325	3594.2227823307353
3598.3198522282723	0.515879486490121	trials	191031SL	p15	Z08115	211	0.0	270.0	8	3598.4698522282724	3598.6857317147624
3598.750131204772	0.5258794627034149	trials	191031SL	p15	Z08115	10	9.0	0.0	4	3598.900131204772	3599.1260106674754
3599.210450109816	0.5058795102768272	trials	191031SL	p15	Z08115	188	7.0	180.0	8	3599.360450109816	3599.566329620093
3599.650729062529	0.49587953406353336	trials	191031SL	p15	Z08115	180	14.0	135.0	8	3599.800729062529	3599.9966085965925
3600.081008039029	0.49587953406353336	trials	191031SL	p15	Z08115	16	0.0	45.0	4	3600.231008039029	3600.4268875730922
3600.5112870155285	0.5058795102768272	trials	191031SL	p15	Z08115	220	9.0	270.0	8	3600.6612870155286	3600.8671665258053
3600.9515659682415	0.49587953406353336	trials	191031SL	p15	Z08115	189	8.0	180.0	8	3601.1015659682416	3601.297445502305
3604.533957446843	0.5258794627025054	trials	191031SL	p15	Z08115	19	3.0	45.0	4	3604.683957446843	3604.9098369095454
3604.974236399556	0.5158794864892116	trials	191031SL	p15	Z08115	276	5.0	90.0	12	3605.124236399556	3605.340115886045
3607.4358705440914	0.5158794864892116	trials	191031SL	p15	Z08115	262	6.0	45.0	12	3607.5858705440914	3607.8017500305805
3607.8561495443773	0.5058795102768272	trials	191031SL	p15	Z08115	13	12.0	0.0	4	3608.0061495443774	3608.212029054654
3608.2964284970903	0.49587953406353336	trials	191031SL	p15	Z08115	214	3.0	270.0	8	3608.4464284970904	3608.642308031154
3608.72670747359	0.5058795102768272	trials	191031SL	p15	Z08115	106	0.0	315.0	4	3608.87670747359	3609.082586983867
3609.1670264262075	0.4958795340639881	trials	191031SL	p15	Z08115	92	1.0	270.0	4	3609.3170264262076	3609.5129059602714
3609.597305402707	0.4958795340639881	trials	191031SL	p15	Z08115	320	4.0	225.0	12	3609.7473054027073	3609.943184936771
3610.0275843792074	0.535879438916254	trials	191031SL	p15	Z08115	302	1.0	180.0	12	3610.1775843792075	3610.4134638181235
3613.6900156674187	0.5158794864896663	trials	191031SL	p15	Z08115	109	3.0	315.0	4	3613.840015667419	3614.0558951539083
3614.1202946439184	0.5258794627029602	trials	191031SL	p15	Z08115	4	3.0	0.0	4	3614.2702946439185	3614.4961741066213
3614.550573620418	0.5258794627029602	trials	191031SL	p15	Z08115	30	14.0	45.0	4	3614.7005736204183	3614.926453083121
3614.980852596918	0.5359194388206561	trials	191031SL	p15	Z08115	259	3.0	45.0	12	3615.130852596918	3615.3667720357384
3615.4211315496304	0.525919462607817	trials	191031SL	p15	Z08115	162	11.0	90.0	8	3615.5711315496305	3615.797051012238
3615.8614505022483	0.5158794864896663	trials	191031SL	p15	Z08115	218	7.0	270.0	8	3616.0114505022484	3616.227329988738
3616.291729478748	0.5258794627029602	trials	191031SL	p15	Z08115	175	9.0	135.0	8	3616.441729478748	3616.667608941451
3620.0942404337534	0.5158794864896663	trials	191031SL	p15	Z08115	290	4.0	135.0	12	3620.2442404337535	3620.460119920243
3620.524519410253	0.5258794627029602	trials	191031SL	p15	Z08115	228	2.0	315.0	8	3620.674519410253	3620.900398872956
3620.954798386753	0.5259194626073622	trials	191031SL	p15	Z08115	103	12.0	270.0	4	3621.104798386753	3621.33071784936
3621.395077339466	0.525919462607817	trials	191031SL	p15	Z08115	135	14.0	0.0	8	3621.545077339466	3621.7709968020736
3621.8253963158704	0.5258794627029602	trials	191031SL	p15	Z08115	102	11.0	270.0	4	3621.9753963158705	3622.2012757785733
3622.265675268583	0.5258794627029602	trials	191031SL	p15	Z08115	249	8.0	0.0	12	3622.415675268583	3622.641554731286
3622.6959542450827	0.5258794627029602	trials	191031SL	p15	Z08115	93	2.0	270.0	4	3622.845954245083	3623.0718337077856
3627.048823890955	0.5258794627029602	trials	191031SL	p15	Z08115	131	10.0	0.0	8	3627.1988238909553	3627.424703353658
3627.479102867455	0.525919462607817	trials	191031SL	p15	Z08115	277	6.0	90.0	12	3627.629102867455	3627.8550223300626
3630.3910559408214	0.5258794627029602	trials	191031SL	p15	Z08115	11	10.0	0.0	4	3630.5410559408215	3630.7669354035243
3630.821334917321	0.5258794627029602	trials	191031SL	p15	Z08115	115	9.0	315.0	4	3630.971334917321	3631.197214380024
3631.261613870034	0.5258794627029602	trials	191031SL	p15	Z08115	287	1.0	135.0	12	3631.411613870034	3631.637493332737
3631.691892846534	0.5258794627029602	trials	191031SL	p15	Z08115	87	11.0	225.0	4	3631.841892846534	3632.0677723092367
3632.1321717992464	0.525919462607817	trials	191031SL	p15	Z08115	278	7.0	90.0	12	3632.2821717992465	3632.508091261854
3632.562490775651	0.5258794627029602	trials	191031SL	p15	Z08115	116	10.0	315.0	4	3632.712490775651	3632.938370238354
3633.002769728364	0.5258794627029602	trials	191031SL	p15	Z08115	1	0.0	0.0	4	3633.152769728364	3633.378649191067
3638.006077827045	0.515879486490121	trials	191031SL	p15	Z08115	128	7.0	0.0	8	3638.156077827045	3638.371957313535
3640.5977916621614	0.515879486490121	trials	191031SL	p15	Z08115	241	0.0	0.0	12	3640.7477916621615	3640.9636711486514
3641.028070638661	0.5258794627029602	trials	191031SL	p15	Z08115	295	9.0	135.0	12	3641.178070638661	3641.403950101364
3641.458349615161	0.5258794627029602	trials	191031SL	p15	Z08115	201	5.0	225.0	8	3641.608349615161	3641.8342290778637
3641.898628567874	0.525919462607817	trials	191031SL	p15	Z08115	190	9.0	180.0	8	3642.048628567874	3642.2745480304816
3642.3289475442784	0.5258794627029602	trials	191031SL	p15	Z08115	319	3.0	225.0	12	3642.4789475442785	3642.7048270069813
3642.769226496991	0.5258794627029602	trials	191031SL	p15	Z08115	152	1.0	90.0	8	3642.919226496991	3643.145105959694
3643.1995054734907	0.5258794627029602	trials	191031SL	p15	Z08115	308	7.0	180.0	12	3643.349505473491	3643.5753849361936
3646.791896928305	0.515879486490121	trials	191031SL	p15	Z08115	343	12.0	270.0	12	3646.941896928305	3647.157776414795
3647.212135928687	0.5259194626073622	trials	191031SL	p15	Z08115	168	2.0	135.0	8	3647.362135928687	3647.5880553912943
3647.652454881305	0.5258794627029602	trials	191031SL	p15	Z08115	48	2.0	135.0	4	3647.802454881305	3648.028334344008
3648.0827338578047	0.5058795102763725	trials	191031SL	p15	Z08115	95	4.0	270.0	4	3648.2327338578048	3648.438613368081
3648.5130128343044	0.5058795102763725	trials	191031SL	p15	Z08115	355	9.0	315.0	12	3648.6630128343045	3648.8688923445807
3648.953291787017	0.5159194863945231	trials	191031SL	p15	Z08115	64	3.0	180.0	4	3649.103291787017	3649.3192112734114
3649.4036107158477	0.4958795340639881	trials	191031SL	p15	Z08115	305	4.0	180.0	12	3649.5536107158478	3649.7494902499116
3653.256161551824	0.5258794627029602	trials	191031SL	p15	Z08115	77	1.0	225.0	4	3653.406161551824	3653.6320410145267
3653.6864405283236	0.5258794627029602	trials	191031SL	p15	Z08115	41	10.0	90.0	4	3653.8364405283237	3654.0623199910265
3654.126719481036	0.525919462607817	trials	191031SL	p15	Z08115	344	13.0	270.0	12	3654.2767194810363	3654.502638943644
3654.556998457536	0.525919462607817	trials	191031SL	p15	Z08115	359	13.0	315.0	12	3654.706998457536	3654.9329179201436
3654.997277410249	0.5159194863945231	trials	191031SL	p15	Z08115	251	10.0	0.0	12	3655.147277410249	3655.3631968966433
3655.4275963866535	0.5258794627029602	trials	191031SL	p15	Z08115	69	8.0	180.0	4	3655.5775963866536	3655.8034758493563
3655.857875363153	0.5258794627029602	trials	191031SL	p15	Z08115	167	1.0	135.0	8	3656.0078753631533	3656.233754825856
3663.2127378682158	0.5158794864892116	trials	191031SL	p15	Z08115	288	2.0	135.0	12	3663.362737868216	3663.578617354705
3663.6430168447155	0.5058795102763725	trials	191031SL	p15	Z08115	240	14.0	315.0	8	3663.7930168447156	3663.9988963549918
3664.083295797428	0.5058795102763725	trials	191031SL	p15	Z08115	52	6.0	135.0	4	3664.233295797428	3664.4391753077043
3664.523574750141	0.49587953406353336	trials	191031SL	p15	Z08115	239	13.0	315.0	8	3664.673574750141	3664.8694542842045
3664.9538937265456	0.5358794389157993	trials	191031SL	p15	Z08115	236	10.0	315.0	8	3665.1038937265457	3665.3397731654613
3665.394172679258	0.5258794627029602	trials	191031SL	p15	Z08115	329	13.0	225.0	12	3665.5441726792583	3665.770052141961
3665.824451655758	0.515879486490121	trials	191031SL	p15	Z08115	204	8.0	225.0	8	3665.974451655758	3666.190331142248
3670.3874808017263	0.515879486490121	trials	191031SL	p15	Z08115	54	8.0	135.0	4	3670.5374808017264	3670.7533602882163
3670.817759778226	0.5258794627029602	trials	191031SL	p15	Z08115	184	3.0	180.0	8	3670.967759778226	3671.193639240929
3671.2480387547257	0.5258794627029602	trials	191031SL	p15	Z08115	126	5.0	0.0	8	3671.398038754726	3671.6239182174286
3671.6883177074383	0.515879486490121	trials	191031SL	p15	Z08115	5	4.0	0.0	4	3671.8383177074384	3672.0541971939283
3672.118596683938	0.525919462607817	trials	191031SL	p15	Z08115	238	12.0	315.0	8	3672.268596683938	3672.4945161465457
3672.5489156603426	0.5258794627029602	trials	191031SL	p15	Z08115	14	13.0	0.0	4	3672.6989156603427	3672.9247951230454
3672.989194613056	0.5258794627025054	trials	191031SL	p15	Z08115	129	8.0	0.0	8	3673.139194613056	3673.3650740757585
3677.01186504437	0.5158794864896663	trials	191031SL	p15	Z08115	342	11.0	270.0	12	3677.16186504437	3677.3777445308597
3677.4321040447517	0.525919462607817	trials	191031SL	p15	Z08115	154	3.0	90.0	8	3677.5821040447518	3677.8080235073594
3677.872422997369	0.5258794627034149	trials	191031SL	p15	Z08115	349	3.0	315.0	12	3678.022422997369	3678.2483024600724
3678.302701973869	0.515879486490121	trials	191031SL	p15	Z08115	9	8.0	0.0	4	3678.452701973869	3678.668581460359
3678.7529809027947	0.5058795102768272	trials	191031SL	p15	Z08115	357	11.0	315.0	12	3678.9029809027948	3679.1088604130714
3679.1932998554125	0.5258794627029602	trials	191031SL	p15	Z08115	88	12.0	225.0	4	3679.3432998554126	3679.5691793181154
3679.6335788081255	0.5158794864896663	trials	191031SL	p15	Z08115	104	13.0	270.0	4	3679.7835788081256	3679.999458294615
3686.8883615512464	0.525919462607817	trials	191031SL	p15	Z08115	351	5.0	315.0	12	3687.0383615512465	3687.264281013854
3689.3299957433555	0.5258794627029602	trials	191031SL	p15	Z08115	195	14.0	180.0	8	3689.4799957433556	3689.7058752060584
3689.7602747198557	0.5258794627025054	trials	191031SL	p15	Z08115	25	9.0	45.0	4	3689.910274719856	3690.136154182558
3690.2005536725683	0.525919462607817	trials	191031SL	p15	Z08115	321	5.0	225.0	12	3690.3505536725684	3690.576473135176
3690.630832649068	0.5259194626082717	trials	191031SL	p15	Z08115	72	11.0	180.0	4	3690.780832649068	3691.006752111676
3691.071151601686	0.5258794627029602	trials	191031SL	p15	Z08115	298	12.0	135.0	12	3691.221151601686	3691.4470310643887
3691.5014305781856	0.5258794627029602	trials	191031SL	p15	Z08115	306	5.0	180.0	12	3691.6514305781857	3691.8773100408885
3691.941709530898	0.515879486490121	trials	191031SL	p15	Z08115	273	2.0	90.0	12	3692.0917095308982	3692.307589017388
3695.5841408666834	0.5258794627029602	trials	191031SL	p15	Z08115	181	0.0	180.0	8	3695.7341408666834	3695.960020329386
3696.014379843278	0.525919462607817	trials	191031SL	p15	Z08115	165	14.0	90.0	8	3696.1643798432783	3696.390299305886
3696.454698795896	0.5258794627029602	trials	191031SL	p15	Z08115	70	9.0	180.0	4	3696.604698795896	3696.830578258599
3696.8849777723954	0.5258794627034149	trials	191031SL	p15	Z08115	185	4.0	180.0	8	3697.0349777723955	3697.2608572350987
3697.325256725109	0.5259194626073622	trials	191031SL	p15	Z08115	161	10.0	90.0	8	3697.475256725109	3697.701176187716
3699.8068908220703	0.5159194863949779	trials	191031SL	p15	Z08115	246	5.0	0.0	12	3699.9568908220704	3700.172810308465
3700.2271698223567	0.5259194626082717	trials	191031SL	p15	Z08115	338	7.0	270.0	12	3700.377169822357	3700.603089284965
3700.6674887749746	0.5258794627029602	trials	191031SL	p15	Z08115	169	3.0	135.0	8	3700.8174887749747	3701.0433682376774
3701.0977677514743	0.5058795102768272	trials	191031SL	p15	Z08115	163	12.0	90.0	8	3701.2477677514744	3701.453647261751
3701.528046727974	0.5058795102768272	trials	191031SL	p15	Z08115	148	12.0	45.0	8	3701.678046727974	3701.8839262382508
3701.968325680687	0.49587953406353336	trials	191031SL	p15	Z08115	269	13.0	45.0	12	3702.118325680687	3702.3142052147505
3702.398644657091	0.5058395103719704	trials	191031SL	p15	Z08115	36	5.0	90.0	4	3702.5486446570912	3702.754484167463
3705.8909163500603	0.5158794864892116	trials	191031SL	p15	Z08115	27	11.0	45.0	4	3706.0409163500603	3706.2567958365494
3706.3211953265595	0.525919462607817	trials	191031SL	p15	Z08115	205	9.0	225.0	8	3706.4711953265596	3706.6971147891672
3706.751514302964	0.5258794627029602	trials	191031SL	p15	Z08115	51	5.0	135.0	4	3706.901514302964	3707.127393765667
3707.191793255677	0.5258794627029602	trials	191031SL	p15	Z08115	145	9.0	45.0	8	3707.341793255677	3707.56767271838
3707.622072232177	0.5058795102763725	trials	191031SL	p15	Z08115	42	11.0	90.0	4	3707.772072232177	3707.977951742453
3708.0423512324633	0.49587953406353336	trials	191031SL	p15	Z08115	151	0.0	90.0	8	3708.1923512324634	3708.3882307665267
3708.4426302803236	0.5258794627029602	trials	191031SL	p15	Z08115	149	13.0	45.0	8	3708.5926302803236	3708.8185097430264
3712.0850216162034	0.515879486490121	trials	191031SL	p15	Z08115	317	1.0	225.0	12	3712.2350216162035	3712.4509011026935
3712.5053006164903	0.5258794627029602	trials	191031SL	p15	Z08115	99	8.0	270.0	4	3712.6553006164904	3712.881180079193
3712.945579569203	0.525919462607817	trials	191031SL	p15	Z08115	58	12.0	135.0	4	3713.095579569203	3713.3214990318106
3713.3758985456075	0.5258794627029602	trials	191031SL	p15	Z08115	203	7.0	225.0	8	3713.5258985456076	3713.7517780083103
3713.8161774983205	0.5258794627029602	trials	191031SL	p15	Z08115	47	1.0	135.0	4	3713.9661774983206	3714.1920569610234
3714.2464564748207	0.5258794627025054	trials	191031SL	p15	Z08115	217	6.0	270.0	8	3714.3964564748208	3714.622335937523
3714.686735427533	0.515879486490121	trials	191031SL	p15	Z08115	285	14.0	90.0	12	3714.8367354275333	3715.0526149140233
3718.539286263509	0.5158794864896663	trials	191031SL	p15	Z08115	301	0.0	180.0	12	3718.689286263509	3718.9051657499986
3718.9695652400087	0.5058795102763725	trials	191031SL	p15	Z08115	81	5.0	225.0	4	3719.119565240009	3719.325444750285
3719.4098441927217	0.5059195101812293	trials	191031SL	p15	Z08115	212	1.0	270.0	8	3719.559844192722	3719.765763702903
3719.850163145339	0.49587953406353336	trials	191031SL	p15	Z08115	80	4.0	225.0	4	3720.0001631453392	3720.1960426794026
3720.280442121839	0.5058795102768272	trials	191031SL	p15	Z08115	183	2.0	180.0	8	3720.430442121839	3720.6363216321156
3720.720721074552	0.49587953406353336	trials	191031SL	p15	Z08115	113	7.0	315.0	4	3720.870721074552	3721.0666006086153
3723.0622755047198	0.5258794627029602	trials	191031SL	p15	Z08115	274	3.0	90.0	12	3723.21227550472	3723.4381549674226
3723.4925544812195	0.525919462607817	trials	191031SL	p15	Z08115	122	1.0	0.0	8	3723.6425544812196	3723.868473943827
3723.932833433932	0.5259194626082717	trials	191031SL	p15	Z08115	286	0.0	135.0	12	3724.082833433932	3724.30875289654
3724.37315238655	0.515879486490121	trials	191031SL	p15	Z08115	348	2.0	315.0	12	3724.52315238655	3724.73903187304
3724.8034313630496	0.5258794627029602	trials	191031SL	p15	Z08115	114	8.0	315.0	4	3724.9534313630497	3725.1793108257525
3725.2337103395494	0.5258794627029602	trials	191031SL	p15	Z08115	244	3.0	0.0	12	3725.3837103395495	3725.6095898022522
3725.6739892922624	0.525919462607817	trials	191031SL	p15	Z08115	40	9.0	90.0	4	3725.8239892922625	3726.04990875487
3729.3064206518343	0.5158794864896663	trials	191031SL	p15	Z08115	71	10.0	180.0	4	3729.4564206518344	3729.672300138324
3733.7693300359565	0.5159194863949779	trials	191031SL	p15	Z08115	107	1.0	315.0	4	3733.9193300359566	3734.1352495223514
3734.199649012361	0.5258794627029602	trials	191031SL	p15	Z08115	327	11.0	225.0	12	3734.349649012361	3734.575528475064
3734.6399279650736	0.515879486490121	trials	191031SL	p15	Z08115	3	2.0	0.0	4	3734.7899279650737	3735.0058074515637
3735.0702069415734	0.5258794627029602	trials	191031SL	p15	Z08115	187	6.0	180.0	8	3735.2202069415735	3735.4460864042762
3735.500485918073	0.5259194626082717	trials	191031SL	p15	Z08115	45	14.0	90.0	4	3735.650485918073	3735.8764053806813
3735.9407648707866	0.5259194626073622	trials	191031SL	p15	Z08115	322	6.0	225.0	12	3736.0907648707866	3736.316684333394
3736.3710838471907	0.5258794627029602	trials	191031SL	p15	Z08115	252	11.0	0.0	12	3736.5210838471908	3736.7469633098935
3739.9734352783134	0.525919462607817	trials	191031SL	p15	Z08115	192	11.0	180.0	8	3740.1234352783135	3740.349354740921
3740.403714254813	0.525919462607817	trials	191031SL	p15	Z08115	307	6.0	180.0	12	3740.5537142548133	3740.779633717421
3740.844033207431	0.5158794864896663	trials	191031SL	p15	Z08115	8	7.0	0.0	4	3740.994033207431	3741.2099126939206
3741.2743121839308	0.5258794627029602	trials	191031SL	p15	Z08115	49	3.0	135.0	4	3741.424312183931	3741.6501916466336
3741.7145911366433	0.515879486490121	trials	191031SL	p15	Z08115	245	4.0	0.0	12	3741.8645911366434	3742.0804706231334
3742.144870113143	0.525919462607817	trials	191031SL	p15	Z08115	209	13.0	225.0	8	3742.294870113143	3742.5207895757508
3742.575149089643	0.5259194626073622	trials	191031SL	p15	Z08115	314	13.0	180.0	12	3742.7251490896433	3742.9510685522505
3746.4677398303766	0.5158794864896663	trials	191031SL	p15	Z08115	0			0	3746.6177398303766	3746.833619316866
3746.8980188068763	0.525919462607817	trials	191031SL	p15	Z08115	101	10.0	270.0	4	3747.0480188068764	3747.273938269484
3747.3282977833755	0.5259194626082717	trials	191031SL	p15	Z08115	177	11.0	135.0	8	3747.4782977833756	3747.7042172459837
3747.7685767360886	0.5159194863949779	trials	191031SL	p15	Z08115	94	3.0	270.0	4	3747.9185767360887	3748.1344962224834
3748.198895712493	0.5258794627029602	trials	191031SL	p15	Z08115	108	2.0	315.0	4	3748.3488957124932	3748.574775175196
3748.6391746652057	0.515879486490121	trials	191031SL	p15	Z08115	139	3.0	45.0	8	3748.789174665206	3749.0050541516957
3749.0694536417054	0.5259194626082717	trials	191031SL	p15	Z08115	166	0.0	135.0	8	3749.2194536417055	3749.4453731043136
3752.6218051917626	0.515879486490121	trials	191031SL	p15	Z08115	136	0.0	45.0	8	3752.7718051917627	3752.9876846782527
3753.0520841682624	0.525919462607817	trials	191031SL	p15	Z08115	21	5.0	45.0	4	3753.2020841682624	3753.42800363087
3753.482363144762	0.525919462607817	trials	191031SL	p15	Z08115	292	6.0	135.0	12	3753.632363144762	3753.85828260737
3753.92268209738	0.5258794627029602	trials	191031SL	p15	Z08115	75	14.0	180.0	4	3754.07268209738	3754.298561560083
3754.352961073879	0.5258794627034149	trials	191031SL	p15	Z08115	53	7.0	135.0	4	3754.5029610738793	3754.7288405365825
3754.7932400265927	0.5158794864892116	trials	191031SL	p15	Z08115	78	2.0	225.0	4	3754.943240026593	3755.159119513082
3755.2235190030924	0.5259194626073622	trials	191031SL	p15	Z08115	352	6.0	315.0	12	3755.3735190030925	3755.5994384656997
3760.0167076015828	0.5158794864892116	trials	191031SL	p15	Z08115	68	7.0	180.0	4	3760.166707601583	3760.382587088072
3760.436986601869	0.5258794627029602	trials	191031SL	p15	Z08115	206	10.0	225.0	8	3760.5869866018693	3760.812866064572
3760.8772655545818	0.49587953406353336	trials	191031SL	p15	Z08115	226	0.0	315.0	8	3761.027265554582	3761.223145088645
3761.3075445310815	0.49587953406353336	trials	191031SL	p15	Z08115	303	2.0	180.0	12	3761.4575445310816	3761.653424065145
3761.737823507581	0.5058795102768272	trials	191031SL	p15	Z08115	354	8.0	315.0	12	3761.8878235075813	3762.093703017858
3762.178102460294	0.525919462607817	trials	191031SL	p15	Z08115	213	2.0	270.0	8	3762.3281024602943	3762.554021922902
3764.8498961049254	0.5158794864896663	trials	191031SL	p15	Z08115	46	0.0	135.0	4	3764.9998961049255	3765.215775591415
3765.2801750814247	0.515879486490121	trials	191031SL	p15	Z08115	346	0.0	315.0	12	3765.4301750814247	3765.6460545679147
3765.710454057925	0.5258794627025054	trials	191031SL	p15	Z08115	186	5.0	180.0	8	3765.860454057925	3766.0863335206272
3766.1407330344246	0.525919462607817	trials	191031SL	p15	Z08115	196	0.0	225.0	8	3766.2907330344246	3766.5166524970323
3768.8625265601218	0.5158794864896663	trials	191031SL	p15	Z08115	223	12.0	270.0	8	3769.012526560122	3769.2284060466113
3772.1847186576565	0.525919462607817	trials	191031SL	p15	Z08115	2	1.0	0.0	4	3772.3347186576566	3772.5606381202642
3772.614997634156	0.525919462607817	trials	191031SL	p15	Z08115	132	11.0	0.0	8	3772.7649976341563	3772.990917096764
3775.316791207427	0.5158794864896663	trials	191031SL	p15	Z08115	231	5.0	315.0	8	3775.466791207427	3775.6826706939164
3775.7470701839266	0.525919462607817	trials	191031SL	p15	Z08115	61	0.0	180.0	4	3775.8970701839266	3776.1229896465343
3776.177389160331	0.5258794627029602	trials	191031SL	p15	Z08115	171	5.0	135.0	8	3776.327389160331	3776.553268623034
3776.6176681130437	0.5258794627029602	trials	191031SL	p15	Z08115	44	13.0	90.0	4	3776.767668113044	3776.9935475757466
3777.0479470895434	0.5258794627029602	trials	191031SL	p15	Z08115	33	2.0	90.0	4	3777.1979470895435	3777.4238265522463
3777.488226042257	0.5158794864892116	trials	191031SL	p15	Z08115	174	8.0	135.0	8	3777.638226042257	3777.854105528746
3777.9185050187566	0.5259194626073622	trials	191031SL	p15	Z08115	59	13.0	135.0	4	3778.0685050187567	3778.294424481364
3781.520896449784	0.515879486490121	trials	191031SL	p15	Z08115	73	12.0	180.0	4	3781.670896449784	3781.886775936274
3781.9511754262835	0.525919462607817	trials	191031SL	p15	Z08115	333	2.0	270.0	12	3782.1011754262836	3782.327094888891
3782.381494402688	0.5258794627029602	trials	191031SL	p15	Z08115	134	13.0	0.0	8	3782.531494402688	3782.757373865391
3782.821773355401	0.5258794627029602	trials	191031SL	p15	Z08115	98	7.0	270.0	4	3782.971773355401	3783.197652818104
3783.252052331901	0.5258794627029602	trials	191031SL	p15	Z08115	257	1.0	45.0	12	3783.402052331901	3783.6279317946037
3783.6923312846134	0.5258794627029602	trials	191031SL	p15	Z08115	142	6.0	45.0	8	3783.8423312846135	3784.0682107473162
3784.1226102611136	0.5259194626073622	trials	191031SL	p15	Z08115	265	9.0	45.0	12	3784.2726102611136	3784.498529723721
3787.825081454082	0.515879486490121	trials	191031SL	p15	Z08115	268	12.0	45.0	12	3787.975081454082	3788.190960940572
3791.7076322186977	0.515879486490121	trials	191031SL	p15	Z08115	127	6.0	0.0	8	3791.8576322186977	3792.0735117051877
3792.127911218984	0.5359194388211108	trials	191031SL	p15	Z08115	260	4.0	45.0	12	3792.277911218984	3792.513830657805
3792.568190171697	0.525919462607817	trials	191031SL	p15	Z08115	141	5.0	45.0	8	3792.718190171697	3792.944109634305
3793.0084691244097	0.5159194863949779	trials	191031SL	p15	Z08115	227	1.0	315.0	8	3793.1584691244097	3793.3743886108045
3793.4387881008142	0.5258794627034149	trials	191031SL	p15	Z08115	232	6.0	315.0	8	3793.5887881008143	3793.8146675635176
3793.8790670535273	0.5158794864896663	trials	191031SL	p15	Z08115	215	4.0	270.0	8	3794.0290670535273	3794.244946540017
3794.309346030027	0.5158794864896663	trials	191031SL	p15	Z08115	155	4.0	90.0	8	3794.459346030027	3794.6752255165165
3797.941737389694	0.525919462607817	trials	191031SL	p15	Z08115	89	13.0	225.0	4	3798.091737389694	3798.3176568523018
3798.3720563660986	0.5258794627029602	trials	191031SL	p15	Z08115	216	5.0	270.0	8	3798.5220563660987	3798.7479358288015
3798.812335318811	0.515879486490121	trials	191031SL	p15	Z08115	208	12.0	225.0	8	3798.9623353188113	3799.178214805301
3799.242614295311	0.515879486490121	trials	191031SL	p15	Z08115	202	6.0	225.0	8	3799.392614295311	3799.608493781801
3799.692893224237	0.525919462607817	trials	191031SL	p15	Z08115	289	3.0	135.0	12	3799.8428932242373	3800.068812686845
3800.133212176855	0.5158794864896663	trials	191031SL	p15	Z08115	67	6.0	180.0	4	3800.283212176855	3800.4990916633446
3800.563491153355	0.5258794627029602	trials	191031SL	p15	Z08115	261	5.0	45.0	12	3800.713491153355	3800.9393706160577
3804.1858825368085	0.5158794864896663	trials	191031SL	p15	Z08115	264	8.0	45.0	12	3804.3358825368086	3804.551762023298
3804.6161615133083	0.5158794864896663	trials	191031SL	p15	Z08115	353	7.0	315.0	12	3804.7661615133084	3804.982040999798
3805.046440489808	0.5158794864896663	trials	191031SL	p15	Z08115	62	1.0	180.0	4	3805.196440489808	3805.4123199762976
3805.466719490095	0.5259194626073622	trials	191031SL	p15	Z08115	31	0.0	90.0	4	3805.616719490095	3805.842638952702
3805.8969984665946	0.5259194626073622	trials	191031SL	p15	Z08115	156	5.0	90.0	8	3806.0469984665947	3806.272917929202
3806.337317419212	0.5258794627029602	trials	191031SL	p15	Z08115	311	10.0	180.0	12	3806.487317419212	3806.713196881915
3806.7675963957117	0.5258794627029602	trials	191031SL	p15	Z08115	280	9.0	90.0	12	3806.917596395712	3807.1434758584146
3810.490027541202	0.5159194863945231	trials	191031SL	p15	Z08115	158	7.0	90.0	8	3810.640027541202	3810.8559470275964
3810.9203465176065	0.5258794627029602	trials	191031SL	p15	Z08115	316	0.0	225.0	12	3811.0703465176066	3811.2962259803094
3811.350625494106	0.5258794627029602	trials	191031SL	p15	Z08115	176	10.0	135.0	8	3811.5006254941063	3811.726504956809
3811.780904470606	0.5258794627029602	trials	191031SL	p15	Z08115	275	4.0	90.0	12	3811.930904470606	3812.156783933309
3812.221183423319	0.525919462607817	trials	191031SL	p15	Z08115	79	3.0	225.0	4	3812.371183423319	3812.5971028859267
3812.6514623998182	0.505879510277282	trials	191031SL	p15	Z08115	130	9.0	0.0	8	3812.8014623998183	3813.0073419100954
3813.081741376318	0.5359194388211108	trials	191031SL	p15	Z08115	224	13.0	270.0	8	3813.231741376318	3813.467660815139
3816.87425235511	0.5259194626082717	trials	191031SL	p15	Z08115	172	6.0	135.0	8	3817.02425235511	3817.250171817718
3817.3045313316097	0.5259194626082717	trials	191031SL	p15	Z08115	315	14.0	180.0	12	3817.45453133161	3817.680450794218
3817.7348103081094	0.5259194626082717	trials	191031SL	p15	Z08115	340	9.0	270.0	12	3817.8848103081095	3818.1107297707176
3818.1751292607278	0.5258794627025054	trials	191031SL	p15	Z08115	24	8.0	45.0	4	3818.325129260728	3818.55100872343
3818.6054082372275	0.5258794627025054	trials	191031SL	p15	Z08115	312	11.0	180.0	12	3818.7554082372276	3818.98128769993
3819.04568718994	0.525919462607817	trials	191031SL	p15	Z08115	304	3.0	180.0	12	3819.19568718994	3819.421606652548
3819.47596616644	0.5259194626082717	trials	191031SL	p15	Z08115	32	1.0	90.0	4	3819.62596616644	3819.851885629048
3823.198437311835	0.515879486490121	trials	191031SL	p15	Z08115	0			0	3823.348437311835	3823.564316798325
3823.6287162883345	0.5259194626082717	trials	191031SL	p15	Z08115	138	2.0	45.0	8	3823.7787162883346	3824.0046357509427
3824.0589952648343	0.5259194626082717	trials	191031SL	p15	Z08115	157	6.0	90.0	8	3824.2089952648344	3824.4349147274424
3826.930908433443	0.515879486490121	trials	191031SL	p15	Z08115	248	7.0	0.0	12	3827.0809084334433	3827.296787919933
3827.361187409943	0.4958795340639881	trials	191031SL	p15	Z08115	222	11.0	270.0	8	3827.511187409943	3827.707066944007
3827.7914663864426	0.525919462607817	trials	191031SL	p15	Z08115	6	5.0	0.0	4	3827.9414663864427	3828.1673858490503
3828.2317453391556	0.5159194863945231	trials	191031SL	p15	Z08115	324	8.0	225.0	12	3828.3817453391557	3828.59766482555
3830.6433796026254	0.5158794864896663	trials	191031SL	p15	Z08115	253	12.0	0.0	12	3830.7933796026255	3831.009259089115
3833.365173128322	0.515879486490121	trials	191031SL	p15	Z08115	96	5.0	270.0	4	3833.515173128322	3833.731052614812
3835.676687629946	0.5058795102763725	trials	191031SL	p15	Z08115	146	10.0	45.0	8	3835.8266876299463	3836.0325671402225
3836.1169665826587	0.5058795102768272	trials	191031SL	p15	Z08115	50	4.0	135.0	4	3836.266966582659	3836.4728460929355
3836.5472455591585	0.5058795102768272	trials	191031SL	p15	Z08115	334	3.0	270.0	12	3836.6972455591585	3836.903125069435
3836.9875645117763	0.5258794627029602	trials	191031SL	p15	Z08115	124	3.0	0.0	8	3837.1375645117764	3837.363443974479
3837.427843464489	0.5258794627029602	trials	191031SL	p15	Z08115	243	2.0	0.0	12	3837.577843464489	3837.8037229271918
3837.8581224409886	0.5258794627029602	trials	191031SL	p15	Z08115	112	6.0	315.0	4	3838.0081224409887	3838.2340019036915
3838.298401393702	0.5159194863940684	trials	191031SL	p15	Z08115	57	11.0	135.0	4	3838.448401393702	3838.664320880096
3841.9107928009425	0.525919462607817	trials	191031SL	p15	Z08115	76	0.0	225.0	4	3842.0607928009426	3842.2867122635503
3842.3410717774423	0.525919462607817	trials	191031SL	p15	Z08115	12	11.0	0.0	4	3842.4910717774424	3842.71699124005
3842.7813907300597	0.515879486490121	trials	191031SL	p15	Z08115	144	8.0	45.0	8	3842.93139073006	3843.1472702165497
3843.2116697065594	0.5258794627029602	trials	191031SL	p15	Z08115	332	1.0	270.0	12	3843.3616697065595	3843.5875491692623
3843.641948683059	0.5258794627029602	trials	191031SL	p15	Z08115	118	12.0	315.0	4	3843.791948683059	3844.017828145762
3844.0822276357726	0.5259194626073622	trials	191031SL	p15	Z08115	91	0.0	270.0	4	3844.2322276357727	3844.45814709838
3844.512506612272	0.525919462607817	trials	191031SL	p15	Z08115	256	0.0	45.0	12	3844.662506612272	3844.8884260748796
3848.2349777576674	0.5158794864892116	trials	191031SL	p15	Z08115	0			0	3848.3849777576675	3848.6008572441565
3848.665256734167	0.5259194626073622	trials	191031SL	p15	Z08115	294	8.0	135.0	12	3848.815256734167	3849.0411761967744
3849.0955357106664	0.5259194626082717	trials	191031SL	p15	Z08115	254	13.0	0.0	12	3849.2455357106664	3849.4714551732745
3849.535854663284	0.5258794627029602	trials	191031SL	p15	Z08115	229	3.0	315.0	8	3849.6858546632843	3849.911734125987
3849.966133639784	0.5258794627029602	trials	191031SL	p15	Z08115	40	9.0	90.0	4	3850.116133639784	3850.342013102487
3850.4064125924965	0.5259194626082717	trials	191031SL	p15	Z08115	220	9.0	270.0	8	3850.5564125924966	3850.7823320551047
3850.8366915689962	0.5259194626082717	trials	191031SL	p15	Z08115	346	0.0	315.0	12	3850.9866915689963	3851.2126110316044
3854.4690829286633	0.5259194626082717	trials	191031SL	p15	Z08115	177	11.0	135.0	8	3854.6190829286634	3854.8450023912715
3854.8994019050683	0.5258794627029602	trials	191031SL	p15	Z08115	79	3.0	225.0	4	3855.0494019050684	3855.275281367771
3855.339680857781	0.5258794627029602	trials	191031SL	p15	Z08115	31	0.0	90.0	4	3855.489680857781	3855.7155603204837
3855.7699598342806	0.5258794627029602	trials	191031SL	p15	Z08115	265	9.0	45.0	12	3855.9199598342807	3856.1458392969835
3856.210238786993	0.515879486490121	trials	191031SL	p15	Z08115	347	1.0	315.0	12	3856.3602387869932	3856.576118273483
3856.6405177634933	0.525919462607817	trials	191031SL	p15	Z08115	222	11.0	270.0	8	3856.7905177634934	3857.016437226101
3857.080836716111	0.5158794864896663	trials	191031SL	p15	Z08115	19	3.0	45.0	4	3857.2308367161113	3857.446716202601
3860.563108432866	0.5159194863945231	trials	191031SL	p15	Z08115	150	14.0	45.0	8	3860.713108432866	3860.9290279192605
3860.9934274092707	0.5258794627029602	trials	191031SL	p15	Z08115	156	5.0	90.0	8	3861.1434274092708	3861.3693068719735
3861.4237063857704	0.5258794627029602	trials	191031SL	p15	Z08115	251	10.0	0.0	12	3861.5737063857705	3861.7995858484733
3861.85398536227	0.5258794627029602	trials	191031SL	p15	Z08115	329	13.0	225.0	12	3862.00398536227	3862.229864824973
3862.294264314983	0.5259194626073622	trials	191031SL	p15	Z08115	282	11.0	90.0	12	3862.4442643149832	3862.6701837775904
3862.724543291483	0.5259194626073622	trials	191031SL	p15	Z08115	121	0.0	0.0	8	3862.874543291483	3863.10046275409
3863.1648222441954	0.5259194626082717	trials	191031SL	p15	Z08115	134	13.0	0.0	8	3863.3148222441955	3863.5407417068036
3867.0374130325026	0.515879486490121	trials	191031SL	p15	Z08115	327	11.0	225.0	12	3867.1874130325027	3867.4032925189927
3867.4676920090023	0.4958795340630786	trials	191031SL	p15	Z08115	48	2.0	135.0	4	3867.6176920090024	3867.8135715430653
3867.887971009289	0.5058795102768272	trials	191031SL	p15	Z08115	236	10.0	315.0	8	3868.037971009289	3868.2438505195655
3868.328249962002	0.5058795102768272	trials	191031SL	p15	Z08115	162	11.0	90.0	8	3868.478249962002	3868.6841294722785
3868.7585689384064	0.5058395103719704	trials	191031SL	p15	Z08115	315	14.0	180.0	12	3868.9085689384065	3869.1144084487782
3869.168807962575	0.525919462607817	trials	191031SL	p15	Z08115	172	6.0	135.0	8	3869.318807962575	3869.544727425183
3869.5990869390744	0.5259194626082717	trials	191031SL	p15	Z08115	296	10.0	135.0	12	3869.7490869390745	3869.9750064016825
3873.1714384415577	0.5159194863949779	trials	191031SL	p15	Z08115	3	2.0	0.0	4	3873.321438441558	3873.5373579279526
3873.6017574179623	0.5258794627029602	trials	191031SL	p15	Z08115	164	13.0	90.0	8	3873.7517574179624	3873.977636880665
3874.032036394462	0.5258794627029602	trials	191031SL	p15	Z08115	84	8.0	225.0	4	3874.182036394462	3874.407915857165
3874.472315347175	0.525919462607817	trials	191031SL	p15	Z08115	166	0.0	135.0	8	3874.622315347175	3874.8482348097828
3874.9025943236747	0.525919462607817	trials	191031SL	p15	Z08115	231	5.0	315.0	8	3875.052594323675	3875.2785137862825
3875.3428732763878	0.5259194626073622	trials	191031SL	p15	Z08115	141	5.0	45.0	8	3875.492873276388	3875.718792738995
3875.773192252792	0.5258794627029602	trials	191031SL	p15	Z08115	92	1.0	270.0	4	3875.923192252792	3876.1490717154948
3879.385543660128	0.525919462607817	trials	191031SL	p15	Z08115	224	13.0	270.0	8	3879.535543660128	3879.7614631227357
3879.825862612746	0.5158794864896663	trials	191031SL	p15	Z08115	336	5.0	270.0	12	3879.975862612746	3880.1917420992354
3880.2561415892455	0.5258794627029602	trials	191031SL	p15	Z08115	108	2.0	315.0	4	3880.4061415892456	3880.6320210519484
3880.696420541958	0.515879486490121	trials	191031SL	p15	Z08115	344	13.0	270.0	12	3880.846420541958	3881.062300028448
3881.1266995184583	0.5259194626073622	trials	191031SL	p15	Z08115	285	14.0	90.0	12	3881.2766995184584	3881.5026189810656
3881.5570184948624	0.5258794627029602	trials	191031SL	p15	Z08115	130	9.0	0.0	8	3881.7070184948625	3881.9328979575653
3881.9972974475754	0.5258794627034149	trials	191031SL	p15	Z08115	295	9.0	135.0	12	3882.1472974475755	3882.3731769102787
3885.679728688213	0.515879486490121	trials	191031SL	p15	Z08115	18	2.0	45.0	4	3885.829728688213	3886.045608174703
3886.1100076647126	0.5258794627029602	trials	191031SL	p15	Z08115	260	4.0	45.0	12	3886.2600076647127	3886.4858871274155
3886.5402866412123	0.5259194626082717	trials	191031SL	p15	Z08115	210	14.0	225.0	8	3886.6902866412124	3886.9162061038205
3886.980565593926	0.5259194626073622	trials	191031SL	p15	Z08115	342	11.0	270.0	12	3887.130565593926	3887.356485056533
3887.41088457033	0.5258794627029602	trials	191031SL	p15	Z08115	299	13.0	135.0	12	3887.56088457033	3887.786764033033
3887.851163523043	0.5258794627029602	trials	191031SL	p15	Z08115	276	5.0	90.0	12	3888.001163523043	3888.227042985746
3888.2814424995427	0.5258794627029602	trials	191031SL	p15	Z08115	118	12.0	315.0	4	3888.4314424995428	3888.6573219622455
3891.8838339305703	0.5258794627029602	trials	191031SL	p15	Z08115	102	11.0	270.0	4	3892.0338339305704	3892.259713393273
3892.31411290707	0.5258794627029602	trials	191031SL	p15	Z08115	155	4.0	90.0	8	3892.46411290707	3892.689992369773
3892.7543918597826	0.515879486490121	trials	191031SL	p15	Z08115	81	5.0	225.0	4	3892.9043918597827	3893.1202713462726
3893.1846708362823	0.525919462607817	trials	191031SL	p15	Z08115	317	1.0	225.0	12	3893.3346708362824	3893.56059029889
3893.614989812687	0.5258794627029602	trials	191031SL	p15	Z08115	339	8.0	270.0	12	3893.764989812687	3893.9908692753897
3894.0552687654003	0.5258794627025054	trials	191031SL	p15	Z08115	120	14.0	315.0	4	3894.2052687654004	3894.4311482281028
3894.4855477418996	0.5258794627034149	trials	191031SL	p15	Z08115	248	7.0	0.0	12	3894.6355477418997	3894.861427204603
3898.2780587206917	0.5158794864896663	trials	191031SL	p15	Z08115	313	12.0	180.0	12	3898.4280587206918	3898.6439382071812
3898.7083376971914	0.5158794864896663	trials	191031SL	p15	Z08115	343	12.0	270.0	12	3898.8583376971915	3899.074217183681
3899.138616673691	0.5258794627029602	trials	191031SL	p15	Z08115	32	1.0	90.0	4	3899.288616673691	3899.514496136394
3899.568895650191	0.5259194626082717	trials	191031SL	p15	Z08115	77	1.0	225.0	4	3899.718895650191	3899.944815112799
3900.009174602904	0.525919462607817	trials	191031SL	p15	Z08115	316	0.0	225.0	12	3900.159174602904	3900.3850940655116
3900.4394935793084	0.5258794627029602	trials	191031SL	p15	Z08115	69	8.0	180.0	4	3900.5894935793085	3900.8153730420113
3900.879772532021	0.5258794627029602	trials	191031SL	p15	Z08115	304	3.0	180.0	12	3901.029772532021	3901.255651994724
3904.4521240345043	0.515879486490121	trials	191031SL	p15	Z08115	197	1.0	225.0	8	3904.6021240345044	3904.8180035209944
3904.8724030347908	0.5258794627029602	trials	191031SL	p15	Z08115	160	9.0	90.0	8	3905.022403034791	3905.2482824974936
3905.3126819875038	0.525919462607817	trials	191031SL	p15	Z08115	97	6.0	270.0	4	3905.462681987504	3905.6886014501115
3905.7430009639083	0.5258794627029602	trials	191031SL	p15	Z08115	104	13.0	270.0	4	3905.8930009639084	3906.118880426611
3906.183279916621	0.5258794627029602	trials	191031SL	p15	Z08115	352	6.0	315.0	12	3906.333279916621	3906.559159379324
3906.613558893121	0.5258794627025054	trials	191031SL	p15	Z08115	117	11.0	315.0	4	3906.763558893121	3906.9894383558235
3907.053837845834	0.5158794864892116	trials	191031SL	p15	Z08115	30	14.0	45.0	4	3907.203837845834	3907.419717332323
3910.8063089198686	0.5159194863945231	trials	191031SL	p15	Z08115	191	10.0	180.0	8	3910.9563089198687	3911.172228406263
3911.226587920155	0.525919462607817	trials	191031SL	p15	Z08115	178	12.0	135.0	8	3911.376587920155	3911.6025073827627
3911.666906872773	0.5258794627029602	trials	191031SL	p15	Z08115	234	8.0	315.0	8	3911.816906872773	3912.0427863354757
3912.097185849272	0.5258794627034149	trials	191031SL	p15	Z08115	311	10.0	180.0	12	3912.2471858492722	3912.4730653119755
3912.5374648019856	0.5259194626073622	trials	191031SL	p15	Z08115	268	12.0	45.0	12	3912.6874648019857	3912.913384264593
3912.9677437784853	0.5259194626073622	trials	191031SL	p15	Z08115	45	14.0	90.0	4	3913.1177437784854	3913.3436632410926
3913.408022731198	0.5259194626082717	trials	191031SL	p15	Z08115	145	9.0	45.0	8	3913.558022731198	3913.783942193806
3916.8703344954315	0.5258794627029602	trials	191031SL	p15	Z08115	4	3.0	0.0	4	3917.0203344954316	3917.2462139581344
3917.3006134719312	0.5258794627029602	trials	191031SL	p15	Z08115	142	6.0	45.0	8	3917.4506134719313	3917.676492934634
3917.740892424644	0.5159194863949779	trials	191031SL	p15	Z08115	115	9.0	315.0	4	3917.890892424644	3918.1068119110387
3918.171211401049	0.5258794627029602	trials	191031SL	p15	Z08115	106	0.0	315.0	4	3918.321211401049	3918.5470908637517
3918.601490377548	0.5258794627034149	trials	191031SL	p15	Z08115	241	0.0	0.0	12	3918.751490377548	3918.9773698402514
3919.0417693302616	0.5258794627029602	trials	191031SL	p15	Z08115	112	6.0	315.0	4	3919.1917693302616	3919.4176487929644
3919.4720483067613	0.5058795102763725	trials	191031SL	p15	Z08115	320	4.0	225.0	12	3919.6220483067614	3919.8279278170376
3923.0143998806047	0.515879486490121	trials	191031SL	p15	Z08115	158	7.0	90.0	8	3923.164399880605	3923.3802793670948
3923.4446788571045	0.5158794864896663	trials	191031SL	p15	Z08115	272	1.0	90.0	12	3923.5946788571046	3923.810558343594
3923.874957833604	0.525919462607817	trials	191031SL	p15	Z08115	274	3.0	90.0	12	3924.0249578336043	3924.250877296212
3924.305236810104	0.525919462607817	trials	191031SL	p15	Z08115	278	7.0	90.0	12	3924.455236810104	3924.6811562727116
3924.7455557627213	0.4958395341591313	trials	191031SL	p15	Z08115	88	12.0	225.0	4	3924.8955557627214	3925.0913952968804
3925.175834739221	0.5058795102768272	trials	191031SL	p15	Z08115	137	1.0	45.0	8	3925.325834739221	3925.531714249498
3925.596113739508	0.5058795102768272	trials	191031SL	p15	Z08115	353	7.0	315.0	12	3925.746113739508	3925.9519932497847
3929.2185051229617	0.515879486490121	trials	191031SL	p15	Z08115	46	0.0	135.0	4	3929.368505122962	3929.5843846094517
3929.6487840994614	0.515879486490121	trials	191031SL	p15	Z08115	123	2.0	0.0	8	3929.7987840994615	3930.0146635859514
3930.079063075961	0.5258794627029602	trials	191031SL	p15	Z08115	165	14.0	90.0	8	3930.229063075961	3930.454942538664
3933.3011754115546	0.5159194863949779	trials	191031SL	p15	Z08115	252	11.0	0.0	12	3933.4511754115547	3933.6670948979495
3933.7214544118415	0.525919462607817	trials	191031SL	p15	Z08115	24	8.0	45.0	4	3933.8714544118416	3934.097373874449
3934.161773364459	0.5258794627029602	trials	191031SL	p15	Z08115	20	4.0	45.0	4	3934.311773364459	3934.5376528271618
3934.5920523409586	0.5258794627029602	trials	191031SL	p15	Z08115	49	3.0	135.0	4	3934.7420523409587	3934.9679318036615
3935.032331293672	0.5259194626073622	trials	191031SL	p15	Z08115	350	4.0	315.0	12	3935.182331293672	3935.4082507562794
3935.462610270172	0.5259194626073622	trials	191031SL	p15	Z08115	87	11.0	225.0	4	3935.612610270172	3935.838529732779
3935.9028892228844	0.525919462607817	trials	191031SL	p15	Z08115	42	11.0	90.0	4	3936.0528892228845	3936.278808685492
3939.7854799874044	0.515879486490121	trials	191031SL	p15	Z08115	287	1.0	135.0	12	3939.9354799874045	3940.1513594738944
3940.215758963904	0.5258794627029602	trials	191031SL	p15	Z08115	26	10.0	45.0	4	3940.365758963904	3940.591638426607
3940.646037940404	0.525919462607817	trials	191031SL	p15	Z08115	113	7.0	315.0	4	3940.796037940404	3941.0219574030116
3941.0863168931173	0.5159194863940684	trials	191031SL	p15	Z08115	6	5.0	0.0	4	3941.2363168931174	3941.4522363795113
3941.5166358695215	0.5058795102768272	trials	191031SL	p15	Z08115	208	12.0	225.0	8	3941.6666358695215	3941.872515379798
3941.936874869903	0.525919462607817	trials	191031SL	p15	Z08115	91	0.0	270.0	4	3942.086874869903	3942.3127943325107
3942.3671938463076	0.5258794627029602	trials	191031SL	p15	Z08115	94	3.0	270.0	4	3942.5171938463077	3942.7430733090105
3948.7714186126423	0.5058795102768272	trials	191031SL	p15	Z08115	205	9.0	225.0	8	3948.9214186126424	3949.127298122919
3949.2116975653553	0.525919462607817	trials	191031SL	p15	Z08115	332	1.0	270.0	12	3949.3616975653554	3949.587617027963
3949.641976541855	0.525919462607817	trials	191031SL	p15	Z08115	324	8.0	225.0	12	3949.791976541855	3950.0178960044627
3950.0822954944724	0.515879486490121	trials	191031SL	p15	Z08115	321	5.0	225.0	12	3950.2322954944725	3950.4481749809624
3950.5325744233987	0.49587953406353336	trials	191031SL	p15	Z08115	300	14.0	135.0	12	3950.682574423399	3950.878453957462
3950.9628533998984	0.5058795102763725	trials	191031SL	p15	Z08115	345	14.0	270.0	12	3951.1128533998985	3951.3187329101747
3951.4031723525163	0.4958395341582218	trials	191031SL	p15	Z08115	71	10.0	180.0	4	3951.5531723525164	3951.7490118866745
3955.375762902955	0.5158794864892116	trials	191031SL	p15	Z08115	58	12.0	135.0	4	3955.525762902955	3955.741642389444
3955.806041879455	0.5159194863940684	trials	191031SL	p15	Z08115	333	2.0	270.0	12	3955.956041879455	3956.171961365849
3956.2363608558594	0.5258794627029602	trials	191031SL	p15	Z08115	312	11.0	180.0	12	3956.3863608558595	3956.6122403185623
3956.676639808572	0.515879486490121	trials	191031SL	p15	Z08115	74	13.0	180.0	4	3956.826639808572	3957.042519295062
3957.1069187850717	0.5258794627029602	trials	191031SL	p15	Z08115	240	14.0	315.0	8	3957.256918785072	3957.4827982477746
3957.5371977615714	0.525919462607817	trials	191031SL	p15	Z08115	0			0	3957.6871977615715	3957.913117224179
3957.977476714284	0.5259194626082717	trials	191031SL	p15	Z08115	161	10.0	90.0	8	3958.127476714284	3958.353396176892
3961.6399080024953	0.5259194626082717	trials	191031SL	p15	Z08115	301	0.0	180.0	12	3961.7899080024954	3962.0158274651035
3962.0701869789955	0.525919462607817	trials	191031SL	p15	Z08115	360	14.0	315.0	12	3962.2201869789956	3962.446106441603
3962.5105059316134	0.5258794627025054	trials	191031SL	p15	Z08115	227	1.0	315.0	8	3962.6605059316134	3962.8863853943158
3962.940784908113	0.5258794627025054	trials	191031SL	p15	Z08115	277	6.0	90.0	12	3963.090784908113	3963.3166643708155
3963.3810638608256	0.5258794627029602	trials	191031SL	p15	Z08115	13	12.0	0.0	4	3963.5310638608257	3963.7569433235285
3963.8113428373254	0.525919462607817	trials	191031SL	p15	Z08115	181	0.0	180.0	8	3963.9613428373254	3964.187262299933
3964.2516617899432	0.5158794864896663	trials	191031SL	p15	Z08115	90	14.0	225.0	4	3964.4016617899433	3964.617541276433
3968.5344916024187	0.515879486490121	trials	191031SL	p15	Z08115	61	0.0	180.0	4	3968.684491602419	3968.9003710889087
3968.9647705789184	0.5258794627029602	trials	191031SL	p15	Z08115	215	4.0	270.0	8	3969.1147705789185	3969.3406500416213
3969.395049555418	0.5258794627029602	trials	191031SL	p15	Z08115	182	1.0	180.0	8	3969.5450495554182	3969.770929018121
3969.8353285081307	0.5258794627029602	trials	191031SL	p15	Z08115	151	0.0	90.0	8	3969.985328508131	3970.2112079708336
3970.2656074846304	0.5259194626082717	trials	191031SL	p15	Z08115	100	9.0	270.0	4	3970.4156074846305	3970.6415269472386
3970.705886437344	0.5259194626073622	trials	191031SL	p15	Z08115	284	13.0	90.0	12	3970.855886437344	3971.081805899951
3971.136205413748	0.5258794627029602	trials	191031SL	p15	Z08115	270	14.0	45.0	12	3971.286205413748	3971.512084876451
3974.95871632118	0.5158794864896663	trials	191031SL	p15	Z08115	288	2.0	135.0	12	3975.10871632118	3975.3245958076695
3975.3889952976792	0.5258794627034149	trials	191031SL	p15	Z08115	72	11.0	180.0	4	3975.5389952976793	3975.7648747603826
3975.819274274179	0.5259194626082717	trials	191031SL	p15	Z08115	39	8.0	90.0	4	3975.969274274179	3976.195193736787
3976.259553226892	0.525919462607817	trials	191031SL	p15	Z08115	340	9.0	270.0	12	3976.409553226892	3976.6354726894997
3976.6898722032965	0.5258794627029602	trials	191031SL	p15	Z08115	246	5.0	0.0	12	3976.8398722032966	3977.0657516659994
3977.130151156009	0.515879486490121	trials	191031SL	p15	Z08115	328	12.0	225.0	12	3977.280151156009	3977.496030642499
3977.560430132509	0.5259194626082717	trials	191031SL	p15	Z08115	27	11.0	45.0	4	3977.710430132509	3977.936349595117
3981.4630208494555	0.515879486490121	trials	191031SL	p15	Z08115	310	9.0	180.0	12	3981.6130208494556	3981.8289003359455
3981.893299825955	0.5258794627029602	trials	191031SL	p15	Z08115	34	3.0	90.0	4	3982.0432998259553	3982.269179288658
3982.323578802455	0.5258794627029602	trials	191031SL	p15	Z08115	341	10.0	270.0	12	3982.473578802455	3982.699458265158
3985.095412209123	0.5158794864896663	trials	191031SL	p15	Z08115	103	12.0	270.0	4	3985.245412209123	3985.4612916956125
3988.467644187628	0.5258794627029602	trials	191031SL	p15	Z08115	44	13.0	90.0	4	3988.6176441876282	3988.843523650331
3988.897923164128	0.5258794627029602	trials	191031SL	p15	Z08115	307	6.0	180.0	12	3989.047923164128	3989.2738026268307
3989.3382021168413	0.5259194626073622	trials	191031SL	p15	Z08115	286	0.0	135.0	12	3989.4882021168414	3989.7141215794486
3989.768481093341	0.5259194626073622	trials	191031SL	p15	Z08115	55	9.0	135.0	4	3989.918481093341	3990.1444005559483
3990.2088000459585	0.5158794864896663	trials	191031SL	p15	Z08115	258	2.0	45.0	12	3990.3588000459586	3990.574679532448
3990.639079022458	0.5258794627029602	trials	191031SL	p15	Z08115	148	12.0	45.0	8	3990.7890790224583	3991.014958485161
3991.069357998958	0.5258794627029602	trials	191031SL	p15	Z08115	303	2.0	180.0	12	3991.219357998958	3991.445237461661
3994.7317892871692	0.5158794864896663	trials	191031SL	p15	Z08115	110	4.0	315.0	4	3994.8817892871693	3995.097668773659
3995.1520682874557	0.5258794627029602	trials	191031SL	p15	Z08115	157	6.0	90.0	8	3995.3020682874558	3995.5279477501585
3995.5923472401687	0.5258794627029602	trials	191031SL	p15	Z08115	10	9.0	0.0	4	3995.742347240169	3995.9682267028716
3996.0226262166684	0.525919462607817	trials	191031SL	p15	Z08115	80	4.0	225.0	4	3996.1726262166685	3996.398545679276
3996.452905193168	0.5359194388206561	trials	191031SL	p15	Z08115	85	9.0	225.0	4	3996.602905193168	3996.8388246319887
3996.8932241457856	0.5258794627029602	trials	191031SL	p15	Z08115	126	5.0	0.0	8	3997.0432241457856	3997.2691036084884
3997.3335030984986	0.5158794864896663	trials	191031SL	p15	Z08115	5	4.0	0.0	4	3997.4835030984987	3997.699382584988
4000.9258945533134	0.5258794627029602	trials	191031SL	p15	Z08115	183	2.0	180.0	8	4001.0758945533134	4001.301774016016
4001.356173529813	0.5258794627029602	trials	191031SL	p15	Z08115	204	8.0	225.0	8	4001.506173529813	4001.732052992516
4001.7964524825256	0.5258794627029602	trials	191031SL	p15	Z08115	187	6.0	180.0	8	4001.9464524825257	4002.1723319452285
4002.2267314590254	0.5258794627029602	trials	191031SL	p15	Z08115	218	7.0	270.0	8	4002.3767314590255	4002.6026109217282
4002.667010411738	0.5259194626082717	trials	191031SL	p15	Z08115	0			0	4002.817010411738	4003.042929874346
4003.0972893882376	0.5259194626082717	trials	191031SL	p15	Z08115	233	7.0	315.0	8	4003.2472893882377	4003.473208850846
4003.5376083408555	0.5258794627029602	trials	191031SL	p15	Z08115	17	1.0	45.0	4	4003.6876083408556	4003.9134878035584
4010.232032416896	0.515879486490121	trials	191031SL	p15	Z08115	209	13.0	225.0	8	4010.382032416896	4010.597911903386
4010.652311417183	0.5358794389157993	trials	191031SL	p15	Z08115	185	4.0	180.0	8	4010.802311417183	4011.0381908560985
4011.0925903698953	0.5258794627029602	trials	191031SL	p15	Z08115	56	10.0	135.0	4	4011.2425903698954	4011.468469832598
4011.5328693226083	0.5158794864896663	trials	191031SL	p15	Z08115	125	4.0	0.0	8	4011.6828693226084	4011.898748809098
4011.9631482991085	0.5259194626073622	trials	191031SL	p15	Z08115	273	2.0	90.0	12	4012.1131482991086	4012.339067761716
4012.3934672755126	0.5258794627029602	trials	191031SL	p15	Z08115	323	7.0	225.0	12	4012.5434672755127	4012.7693467382155
4012.8337462282257	0.49587953406353336	trials	191031SL	p15	Z08115	193	12.0	180.0	8	4012.9837462282258	4013.179625762289
4016.416097706922	0.515879486490121	trials	191031SL	p15	Z08115	60	14.0	135.0	4	4016.566097706922	4016.781977193412
4016.8463766834216	0.5259194626082717	trials	191031SL	p15	Z08115	37	6.0	90.0	4	4016.9963766834217	4017.2222961460297
4017.276695659826	0.5258794627034149	trials	191031SL	p15	Z08115	335	4.0	270.0	12	4017.4266956598262	4017.6525751225295
4017.716974612539	0.5258794627029602	trials	191031SL	p15	Z08115	29	13.0	45.0	4	4017.8669746125393	4018.092854075242
4018.147253589039	0.5258794627029602	trials	191031SL	p15	Z08115	263	7.0	45.0	12	4018.297253589039	4018.5231330517418
4018.5875325417514	0.5259194626082717	trials	191031SL	p15	Z08115	195	14.0	180.0	8	4018.7375325417515	4018.9634520043596
4019.017811518251	0.525919462607817	trials	191031SL	p15	Z08115	66	5.0	180.0	4	4019.1678115182513	4019.393730980859
4023.6308805451904	0.515879486490121	trials	191031SL	p15	Z08115	314	13.0	180.0	12	4023.7808805451905	4023.9967600316804
4024.051159545477	0.5158794864896663	trials	191031SL	p15	Z08115	28	12.0	45.0	4	4024.201159545477	4024.4170390319664
4024.5014384744027	0.5058795102768272	trials	191031SL	p15	Z08115	235	9.0	315.0	8	4024.6514384744028	4024.8573179846794
4024.9417574270205	0.49583953415867654	trials	191031SL	p15	Z08115	294	8.0	135.0	12	4025.0917574270206	4025.287596961179
4025.3519964511893	0.5159194863945231	trials	191031SL	p15	Z08115	105	14.0	270.0	4	4025.5019964511894	4025.7179159375837
4027.903710381453	0.5258794627029602	trials	191031SL	p15	Z08115	184	3.0	180.0	8	4028.053710381453	4028.279589844156
4028.3339893579528	0.5258794627029602	trials	191031SL	p15	Z08115	237	11.0	315.0	8	4028.483989357953	4028.7098688206556
4028.7742683106653	0.525919462607817	trials	191031SL	p15	Z08115	65	4.0	180.0	4	4028.9242683106654	4029.150187773273
4031.4360219791783	0.515879486490121	trials	191031SL	p15	Z08115	308	7.0	180.0	12	4031.5860219791784	4031.8019014656684
4031.866300955678	0.525919462607817	trials	191031SL	p15	Z08115	334	3.0	270.0	12	4032.016300955678	4032.242220418286
4032.2966199320826	0.5258794627029602	trials	191031SL	p15	Z08115	43	12.0	90.0	4	4032.4466199320827	4032.6724993947855
4032.7368988847957	0.5258794627029602	trials	191031SL	p15	Z08115	291	5.0	135.0	12	4032.8868988847958	4033.1127783474985
4033.1671778612954	0.5258794627029602	trials	191031SL	p15	Z08115	198	2.0	225.0	8	4033.3171778612955	4033.5430573239983
4035.778891648838	0.5158794864896663	trials	191031SL	p15	Z08115	230	4.0	315.0	8	4035.928891648838	4036.1447711353276
4038.2605257458	0.5159194863945231	trials	191031SL	p15	Z08115	8	7.0	0.0	4	4038.4105257458	4038.6264452321943
4038.6908047222996	0.525919462607817	trials	191031SL	p15	Z08115	202	6.0	225.0	8	4038.8408047222997	4039.0667241849073
4041.272518581203	0.5158794864896663	trials	191031SL	p15	Z08115	171	5.0	135.0	8	4041.422518581203	4041.6383980676924
4041.6927975814892	0.5359194388211108	trials	191031SL	p15	Z08115	306	5.0	180.0	12	4041.8427975814893	4042.0787170203103
4042.133076534202	0.5159194863949779	trials	191031SL	p15	Z08115	356	10.0	315.0	12	4042.283076534202	4042.4989960205967
4042.583395463033	0.5058795102768272	trials	191031SL	p15	Z08115	243	2.0	0.0	12	4042.733395463033	4042.9392749733097
4043.0136744395327	0.5058795102768272	trials	191031SL	p15	Z08115	322	6.0	225.0	12	4043.1636744395328	4043.3695539498094
4043.4439534160324	0.5058795102768272	trials	191031SL	p15	Z08115	83	7.0	225.0	4	4043.5939534160325	4043.799832926309
4048.1470622287943	0.515879486490121	trials	191031SL	p15	Z08115	275	4.0	90.0	12	4048.2970622287944	4048.5129417152843
4048.567341229081	0.525919462607817	trials	191031SL	p15	Z08115	194	13.0	180.0	8	4048.7173412290813	4048.943260691689
4049.007620181794	0.5259194626073622	trials	191031SL	p15	Z08115	47	1.0	135.0	4	4049.1576201817943	4049.3835396444015
4049.447939134412	0.5158794864892116	trials	191031SL	p15	Z08115	75	14.0	180.0	4	4049.597939134412	4049.813818620901
4049.878218110912	0.5258794627025054	trials	191031SL	p15	Z08115	63	2.0	180.0	4	4050.028218110912	4050.254097573614
4050.308497087411	0.525919462607817	trials	191031SL	p15	Z08115	330	14.0	225.0	12	4050.458497087411	4050.684416550019
4050.748776040124	0.525919462607817	trials	191031SL	p15	Z08115	25	9.0	45.0	4	4050.898776040124	4051.124695502732
4054.2310877567843	0.5158794864892116	trials	191031SL	p15	Z08115	38	7.0	90.0	4	4054.3810877567844	4054.5969672432734
4054.661366733284	0.5259194626073622	trials	191031SL	p15	Z08115	21	5.0	45.0	4	4054.811366733284	4055.0372861958913
4055.0916457097837	0.5159194863940684	trials	191031SL	p15	Z08115	14	13.0	0.0	4	4055.241645709784	4055.4575651961777
4055.5419646386144	0.5258794627029602	trials	191031SL	p15	Z08115	244	3.0	0.0	12	4055.6919646386145	4055.9178441013173
4055.982243591327	0.5259194626082717	trials	191031SL	p15	Z08115	82	6.0	225.0	4	4056.132243591327	4056.358163053935
4056.4125225678267	0.525919462607817	trials	191031SL	p15	Z08115	206	10.0	225.0	8	4056.562522567827	4056.7884420304345
4056.8528415204446	0.5258794627029602	trials	191031SL	p15	Z08115	266	10.0	45.0	12	4057.0028415204447	4057.2287209831475
4060.6053125944795	0.5158794864896663	trials	191031SL	p15	Z08115	192	11.0	180.0	8	4060.7553125944796	4060.971192080969
4061.035591570979	0.5258794627034149	trials	191031SL	p15	Z08115	50	4.0	135.0	4	4061.185591570979	4061.411471033682
4061.4658705474785	0.5258794627029602	trials	191031SL	p15	Z08115	253	12.0	0.0	12	4061.6158705474786	4061.8417500101814
4061.9061495001915	0.5058795102768272	trials	191031SL	p15	Z08115	267	11.0	45.0	12	4062.0561495001916	4062.2620290104683
4062.346428452904	0.5059195101821388	trials	191031SL	p15	Z08115	51	5.0	135.0	4	4062.496428452904	4062.702347963086
4062.786747405522	0.49587953406353336	trials	191031SL	p15	Z08115	9	8.0	0.0	4	4062.936747405522	4063.1326269395854
4063.2170263820217	0.5258794627029602	trials	191031SL	p15	Z08115	331	0.0	270.0	12	4063.367026382022	4063.5929058447246
4066.8494177416887	0.49587953406353336	trials	191031SL	p15	Z08115	52	6.0	135.0	4	4066.999417741689	4067.195297275752
4067.2797367180933	0.5058795102768272	trials	191031SL	p15	Z08115	15	14.0	0.0	4	4067.4297367180934	4067.63561622837
4067.720015670806	0.515879486490121	trials	191031SL	p15	Z08115	99	8.0	270.0	4	4067.870015670806	4068.085895157296
4068.170294599732	0.5259194626082717	trials	191031SL	p15	Z08115	256	0.0	45.0	12	4068.3202945997323	4068.5462140623404
4068.610573552445	0.525919462607817	trials	191031SL	p15	Z08115	140	4.0	45.0	8	4068.7605735524453	4068.986493015053
4069.04089252885	0.5258794627029602	trials	191031SL	p15	Z08115	229	3.0	315.0	8	4069.19089252885	4069.4167719915527
4069.4811714815623	0.5258794627034149	trials	191031SL	p15	Z08115	216	5.0	270.0	8	4069.6311714815624	4069.8570509442657
4073.423762103362	0.5259194626073622	trials	191031SL	p15	Z08115	57	11.0	135.0	4	4073.5737621033622	4073.7996815659694
4073.8640410560747	0.49587953406353336	trials	191031SL	p15	Z08115	239	13.0	315.0	8	4074.014041056075	4074.209920590138
4074.2943600324793	0.49587953406353336	trials	191031SL	p15	Z08115	200	4.0	225.0	8	4074.4443600324794	4074.6402395665427
4074.724639008979	0.5258794627029602	trials	191031SL	p15	Z08115	175	9.0	135.0	8	4074.874639008979	4075.100518471682
4075.164917961692	0.525919462607817	trials	191031SL	p15	Z08115	153	2.0	90.0	8	4075.314917961692	4075.5408374242998
4075.5951969381917	0.525919462607817	trials	191031SL	p15	Z08115	271	0.0	90.0	12	4075.745196938192	4075.9711164007995
4076.035515890809	0.5258794627029602	trials	191031SL	p15	Z08115	283	12.0	90.0	12	4076.1855158908093	4076.411395353512
4079.938066607851	0.515879486490121	trials	191031SL	p15	Z08115	269	13.0	45.0	12	4080.088066607851	4080.303946094341
4080.3683455843507	0.525919462607817	trials	191031SL	p15	Z08115	12	11.0	0.0	4	4080.5183455843508	4080.7442650469584
4080.7986645607552	0.5258794627029602	trials	191031SL	p15	Z08115	188	7.0	180.0	8	4080.9486645607553	4081.174544023458
4081.2389435134683	0.5258794627029602	trials	191031SL	p15	Z08115	2	1.0	0.0	4	4081.3889435134683	4081.614822976171
4081.669222489968	0.5258794627029602	trials	191031SL	p15	Z08115	132	11.0	0.0	8	4081.819222489968	4082.045101952671
4082.1095014426805	0.525919462607817	trials	191031SL	p15	Z08115	159	8.0	90.0	8	4082.2595014426806	4082.4854209052883
4082.539820419085	0.5258794627029602	trials	191031SL	p15	Z08115	180	14.0	135.0	8	4082.689820419085	4082.915699881788
4088.7739255900815	0.515879486490121	trials	191031SL	p15	Z08115	298	12.0	135.0	12	4088.9239255900816	4089.1398050765715
4089.194204590368	0.5258794627034149	trials	191031SL	p15	Z08115	292	6.0	135.0	12	4089.344204590368	4089.5700840530712
4089.6344835430814	0.5258794627025054	trials	191031SL	p15	Z08115	109	3.0	315.0	4	4089.7844835430815	4090.010363005784
4090.064762519581	0.5259194626073622	trials	191031SL	p15	Z08115	101	10.0	270.0	4	4090.214762519581	4090.4406819821884
4090.5050814721985	0.5258794627034149	trials	191031SL	p15	Z08115	135	14.0	0.0	8	4090.6550814721986	4090.880960934902
4090.9353604486982	0.5258794627029602	trials	191031SL	p15	Z08115	189	8.0	180.0	8	4091.0853604486983	4091.311239911401
4091.3756394014113	0.5158794864896663	trials	191031SL	p15	Z08115	338	7.0	270.0	12	4091.5256394014114	4091.741518887901
4095.0780705944753	0.5158794864896663	trials	191031SL	p15	Z08115	176	10.0	135.0	8	4095.2280705944754	4095.443950080965
4095.4983495947617	0.5259194626069075	trials	191031SL	p15	Z08115	127	6.0	0.0	8	4095.648349594762	4095.874269057369
4095.938628547475	0.5259194626073622	trials	191031SL	p15	Z08115	107	1.0	315.0	4	4096.088628547475	4096.314548010083
4096.36894752388	0.5258794627015959	trials	191031SL	p15	Z08115	139	3.0	45.0	8	4096.518947523879	4096.744826986582
4096.809226476593	0.5258794627015959	trials	191031SL	p15	Z08115	281	10.0	90.0	12	4096.959226476592	4097.185105939295
4097.239505453092	0.5158794864892116	trials	191031SL	p15	Z08115	1	0.0	0.0	4	4097.389505453091	4097.605384939581
4097.689824381923	0.4958395341582218	trials	191031SL	p15	Z08115	214	3.0	270.0	8	4097.839824381923	4098.035663916082
4101.652414956148	0.5158794864892116	trials	191031SL	p15	Z08115	290	4.0	135.0	12	4101.802414956148	4102.018294442638
4102.072693956436	0.5259194626069075	trials	191031SL	p15	Z08115	73	12.0	180.0	4	4102.222693956435	4102.448613419043
4102.513012909053	0.5258794627015959	trials	191031SL	p15	Z08115	355	9.0	315.0	12	4102.663012909053	4102.888892371755
4102.943291885553	0.5258794627025054	trials	191031SL	p15	Z08115	207	11.0	225.0	8	4103.093291885552	4103.319171348256
4103.383570838265	0.5258794627025054	trials	191031SL	p15	Z08115	168	2.0	135.0	8	4103.5335708382645	4103.759450300968
4103.8138498147655	0.5259194626069075	trials	191031SL	p15	Z08115	147	11.0	45.0	8	4103.963849814765	4104.189769277373
4104.254128767478	0.5159194863936136	trials	191031SL	p15	Z08115	354	8.0	315.0	12	4104.404128767477	4104.620048253872
4107.906560079477	0.5158794864883021	trials	191031SL	p15	Z08115	16	0.0	45.0	4	4108.056560079476	4108.272439565965
4108.326839079762	0.5258794627025054	trials	191031SL	p15	Z08115	67	6.0	180.0	4	4108.476839079762	4108.702718542465
4108.767118032476	0.5259194626069075	trials	191031SL	p15	Z08115	0			0	4108.917118032476	4109.143037495083
4109.197397008975	0.5259194626069075	trials	191031SL	p15	Z08115	133	12.0	0.0	8	4109.347397008974	4109.573316471582
4109.637715961593	0.49587953406262386	trials	191031SL	p15	Z08115	309	8.0	180.0	12	4109.787715961593	4109.983595495656
4110.067994938093	0.49587953406262386	trials	191031SL	p15	Z08115	242	1.0	0.0	12	4110.2179949380925	4110.413874472156
4110.478233962262	0.5159194863936136	trials	191031SL	p15	Z08115	211	0.0	270.0	8	4110.628233962261	4110.844153448656
4116.512259609185	0.5258794627015959	trials	191031SL	p15	Z08115	221	10.0	270.0	8	4116.662259609185	4116.888139071887
4119.564252349441	0.5158794864892116	trials	191031SL	p15	Z08115	302	1.0	180.0	12	4119.71425234944	4119.93013183593
4124.30740106696	0.5258794627015959	trials	191031SL	p15	Z08115	68	7.0	180.0	4	4124.457401066959	4124.683280529662
4124.7376800434595	0.5258794627025054	trials	191031SL	p15	Z08115	93	2.0	270.0	4	4124.887680043459	4125.113559506162
4127.099234426054	0.5258794627025054	trials	191031SL	p15	Z08115	305	4.0	180.0	12	4127.249234426054	4127.475113888757
4127.529513402554	0.5259194626069075	trials	191031SL	p15	Z08115	357	11.0	315.0	12	4127.679513402553	4127.905432865161
4127.969832355171	0.5158794864892116	trials	191031SL	p15	Z08115	86	10.0	225.0	4	4128.119832355171	4128.335711841661
4130.451466452133	0.5158794864892116	trials	191031SL	p15	Z08115	98	7.0	270.0	4	4130.601466452133	4130.817345938623
4130.871745452419	0.5258794627025054	trials	191031SL	p15	Z08115	255	14.0	0.0	12	4131.021745452419	4131.247624915122
4131.312024405132	0.5258794627015959	trials	191031SL	p15	Z08115	70	9.0	180.0	4	4131.462024405132	4131.687903867834
4131.742303381632	0.5258794627025054	trials	191031SL	p15	Z08115	279	8.0	90.0	12	4131.892303381632	4132.118182844335
4132.182582334345	0.5259194626069075	trials	191031SL	p15	Z08115	247	6.0	0.0	12	4132.332582334345	4132.558501796952
4132.61290131075	0.5258794627015959	trials	191031SL	p15	Z08115	54	8.0	135.0	4	4132.76290131075	4132.988780773452
4133.053180263463	0.5258794627015959	trials	191031SL	p15	Z08115	351	5.0	315.0	12	4133.203180263463	4133.429059726165
4136.515452027792	0.5259194626069075	trials	191031SL	p15	Z08115	0			0	4136.665452027792	4136.891371490399
4136.945731004291	0.5259194626069075	trials	191031SL	p15	Z08115	111	5.0	315.0	4	4137.09573100429	4137.321650466898
4137.3760099807905	0.525919462607817	trials	191031SL	p15	Z08115	348	2.0	315.0	12	4137.52600998079	4137.751929443399
4137.816328933408	0.5258794627025054	trials	191031SL	p15	Z08115	116	10.0	315.0	4	4137.966328933408	4138.192208396111
4138.246607909909	0.5258794627015959	trials	191031SL	p15	Z08115	78	2.0	225.0	4	4138.396607909908	4138.6224873726105
4138.686886862621	0.5259194626069075	trials	191031SL	p15	Z08115	259	3.0	45.0	12	4138.83688686262	4139.062806325228
4139.117165839121	0.5259194626069075	trials	191031SL	p15	Z08115	143	7.0	45.0	8	4139.267165839121	4139.493085301729
4142.759597174906	0.5058795102750082	trials	191031SL	p15	Z08115	318	2.0	225.0	12	4142.909597174906	4143.115476685181
4143.199876127619	0.49587953406262386	trials	191031SL	p15	Z08115	169	3.0	135.0	8	4143.349876127619	4143.545755661682
4143.630155104119	0.5058795102759177	trials	191031SL	p15	Z08115	59	13.0	135.0	4	4143.780155104118	4143.986034614395
4144.070434056832	0.49587953406262386	trials	191031SL	p15	Z08115	213	2.0	270.0	8	4144.220434056831	4144.416313590895
4144.500753033236	0.4958395341573123	trials	191031SL	p15	Z08115	261	5.0	45.0	12	4144.650753033236	4144.846592567394
4144.941031985949	0.49587953406262386	trials	191031SL	p15	Z08115	349	3.0	315.0	12	4145.091031985949	4145.286911520012
4145.371310962448	0.5258794627025054	trials	191031SL	p15	Z08115	22	6.0	45.0	4	4145.521310962447	4145.747190425151
4149.964340037057	0.5158794864892116	trials	191031SL	p15	Z08115	262	6.0	45.0	12	4150.1143400370565	4150.3302195235465
4150.394619013556	0.5259194626069075	trials	191031SL	p15	Z08115	201	5.0	225.0	8	4150.544619013555	4150.770538476163
4150.824897990056	0.5259194626069075	trials	191031SL	p15	Z08115	232	6.0	315.0	8	4150.974897990056	4151.200817452664
4151.265216942674	0.5258794627015959	trials	191031SL	p15	Z08115	217	6.0	270.0	8	4151.415216942673	4151.641096405376
4151.6954959191735	0.5258794627025054	trials	191031SL	p15	Z08115	62	1.0	180.0	4	4151.845495919173	4152.071375381876
4152.135774871886	0.5259194626069075	trials	191031SL	p15	Z08115	319	3.0	225.0	12	4152.285774871885	4152.511694334493
4152.566053848386	0.5259194626069075	trials	191031SL	p15	Z08115	179	13.0	135.0	8	4152.716053848386	4152.9419733109935
4156.398604731936	0.5258794627015959	trials	191031SL	p15	Z08115	138	2.0	45.0	8	4156.5486047319355	4156.774484194638
4165.134383952225	0.5158794864892116	trials	191031SL	p15	Z08115	64	3.0	180.0	4	4165.284383952225	4165.500263438715
4165.564662928724	0.5258794627025054	trials	191031SL	p15	Z08115	119	13.0	315.0	4	4165.714662928724	4165.940542391427
4167.806137596952	0.5258794627015959	trials	191031SL	p15	Z08115	250	9.0	0.0	12	4167.9561375969515	4168.182017059654
4168.236416573451	0.5258794627025054	trials	191031SL	p15	Z08115	129	8.0	0.0	8	4168.38641657345	4168.612296036154
4168.676695526164	0.525919462607817	trials	191031SL	p15	Z08115	249	8.0	0.0	12	4168.826695526163	4169.052614988772
4169.107014502568	0.5258794627025054	trials	191031SL	p15	Z08115	173	7.0	135.0	8	4169.2570145025675	4169.482893965271
4169.547293455282	0.5158794864883021	trials	191031SL	p15	Z08115	154	3.0	90.0	8	4169.697293455281	4169.91317294177
4169.977572431781	0.5258794627025054	trials	191031SL	p15	Z08115	122	1.0	0.0	8	4170.12757243178	4170.353451894483
4170.407851408281	0.5258794627015959	trials	191031SL	p15	Z08115	149	13.0	45.0	8	4170.557851408281	4170.783730870983
4174.530561601631	0.5259194626069075	trials	191031SL	p15	Z08115	136	0.0	45.0	8	4174.680561601631	4174.9064810642385
4177.292395032086	0.5158794864892116	trials	191031SL	p15	Z08115	35	4.0	90.0	4	4177.442395032085	4177.658274518575
4177.722674008586	0.525919462605998	trials	191031SL	p15	Z08115	264	8.0	45.0	12	4177.872674008586	4178.0985934711925
4178.152952985085	0.5259194626069075	trials	191031SL	p15	Z08115	297	11.0	135.0	12	4178.302952985085	4178.528872447692
4178.593271937703	0.5258794627015959	trials	191031SL	p15	Z08115	254	13.0	0.0	12	4178.743271937703	4178.969151400405
4179.023550914202	0.5258794627025054	trials	191031SL	p15	Z08115	131	10.0	0.0	8	4179.173550914202	4179.399430376905
4179.463829866916	0.5259194626069075	trials	191031SL	p15	Z08115	7	6.0	0.0	4	4179.613829866916	4179.839749329523
4179.894108843415	0.5259194626069075	trials	191031SL	p15	Z08115	359	13.0	315.0	12	4180.0441088434145	4180.270028306022
4183.546540155414	0.5158794864883021	trials	191031SL	p15	Z08115	96	5.0	270.0	4	4183.6965401554135	4183.9124196419025
4183.976819131913	0.5258794627025054	trials	191031SL	p15	Z08115	146	10.0	45.0	8	4184.126819131912	4184.3526985946155
4184.407098108413	0.5259194626069075	trials	191031SL	p15	Z08115	293	7.0	135.0	12	4184.557098108413	4184.7830175710205
4184.847377061125	0.5259194626069075	trials	191031SL	p15	Z08115	280	9.0	90.0	12	4184.997377061125	4185.223296523733
4185.27769603753	0.5258794627015959	trials	191031SL	p15	Z08115	257	1.0	45.0	12	4185.42769603753	4185.653575500232
4185.717974990243	0.5258794627015959	trials	191031SL	p15	Z08115	190	9.0	180.0	8	4185.867974990243	4186.093854452945
4186.148253966743	0.5258794627025054	trials	191031SL	p15	Z08115	76	0.0	225.0	4	4186.298253966743	4186.524133429446
4189.970764874174	0.5159194863945231	trials	191031SL	p15	Z08115	124	3.0	0.0	8	4190.120764874174	4190.336684360569
4190.401043850674	0.5259194626069075	trials	191031SL	p15	Z08115	199	3.0	225.0	8	4190.5510438506735	4190.776963313281
4193.112837400158	0.5058795102759177	trials	191031SL	p15	Z08115	238	12.0	315.0	8	4193.262837400158	4193.4687169104345
4195.374352020715	0.5158794864892116	trials	191031SL	p15	Z08115	152	1.0	90.0	8	4195.524352020715	4195.740231507205
4200.607819571918	0.5158794864892116	trials	191031SL	p15	Z08115	53	7.0	135.0	4	4200.757819571918	4200.973699058408
4202.979373930726	0.5158794864892116	trials	191031SL	p15	Z08115	11	10.0	0.0	4	4203.129373930726	4203.345253417216
4203.409652907227	0.525919462605998	trials	191031SL	p15	Z08115	219	8.0	270.0	8	4203.559652907226	4203.785572369833
4203.8399318837255	0.5259194626069075	trials	191031SL	p15	Z08115	41	10.0	90.0	4	4203.989931883725	4204.215851346333
4204.2802108364385	0.525919462607817	trials	191031SL	p15	Z08115	23	7.0	45.0	4	4204.430210836438	4204.656130299047
4204.710529812844	0.5258794627015959	trials	191031SL	p15	Z08115	95	4.0	270.0	4	4204.860529812843	4205.0864092755455
4205.150808765557	0.5258794627015959	trials	191031SL	p15	Z08115	225	14.0	270.0	8	4205.300808765556	4205.5266882282585
4205.581087742055	0.5259194626069075	trials	191031SL	p15	Z08115	174	8.0	135.0	8	4205.731087742055	4205.957007204663
4209.133439292113	0.5158794864892116	trials	191031SL	p15	Z08115	128	7.0	0.0	8	4209.283439292112	4209.499318778602
4209.563718268613	0.525919462605998	trials	191031SL	p15	Z08115	163	12.0	90.0	8	4209.713718268613	4209.93963773122
4210.003997221325	0.5159194863936136	trials	191031SL	p15	Z08115	203	7.0	225.0	8	4210.153997221325	4210.369916707719
4210.434276197825	0.5259194626069075	trials	191031SL	p15	Z08115	226	0.0	315.0	8	4210.584276197825	4210.810195660432
4210.864595174229	0.5258794627025054	trials	191031SL	p15	Z08115	33	2.0	90.0	4	4211.014595174229	4211.240474636932
4211.304874126943	0.5258794627015959	trials	191031SL	p15	Z08115	114	8.0	315.0	4	4211.454874126943	4211.680753589645
4211.735153103442	0.5259194626069075	trials	191031SL	p15	Z08115	170	4.0	135.0	8	4211.885153103442	4212.111072566049
4215.167424939131	0.5258794627025054	trials	191031SL	p15	Z08115	186	5.0	180.0	8	4215.31742493913	4215.543304401834
4215.597703915631	0.5259194626069075	trials	191031SL	p15	Z08115	223	12.0	270.0	8	4215.747703915631	4215.973623378239
4216.037982868344	0.525919462605998	trials	191031SL	p15	Z08115	245	4.0	0.0	12	4216.187982868344	4216.413902330951
4216.468301844749	0.5258794627025054	trials	191031SL	p15	Z08115	325	9.0	225.0	12	4216.618301844748	4216.844181307451
4216.908580797462	0.5258794627015959	trials	191031SL	p15	Z08115	337	6.0	270.0	12	4217.058580797461	4217.2844602601635
4217.338859773961	0.5258794627025054	trials	191031SL	p15	Z08115	326	10.0	225.0	12	4217.488859773961	4217.714739236664
4217.779138726674	0.5259194626069075	trials	191031SL	p15	Z08115	358	12.0	315.0	12	4217.929138726674	4218.155058189282
4221.291490371878	0.5258794627015959	trials	191031SL	p15	Z08115	167	1.0	135.0	8	4221.441490371878	4221.66736983458
4221.721769348378	0.5258794627025054	trials	191031SL	p15	Z08115	144	8.0	45.0	8	4221.871769348378	4222.097648811081
4222.162048301091	0.5158794864883021	trials	191031SL	p15	Z08115	228	2.0	315.0	8	4222.312048301091	4222.52792778758
4222.592327277591	0.5259194626069075	trials	191031SL	p15	Z08115	89	13.0	225.0	4	4222.74232727759	4222.968246740198
4223.032646230208	0.5158794864892116	trials	191031SL	p15	Z08115	289	3.0	135.0	12	4223.182646230208	4223.398525716698
4223.462925206708	0.5258794627025054	trials	191031SL	p15	Z08115	196	0.0	225.0	8	4223.612925206708	4223.838804669411
4223.893204183208	0.5258794627015959	trials	191031SL	p15	Z08115	212	1.0	270.0	8	4224.043204183207	4224.26908364591
4227.395515852294	0.5258794627015959	trials	191031SL	p15	Z08115	36	5.0	90.0	4	4227.545515852294	4227.771395314996
