onset	duration	nwb_table	ses_ID	pen_ID	sub_ID	cond_ID	stim_ID	rotation	luminance	pdOnTS	pdOffTS
24.062758618519894	0.524881482579989	trials	200318SL	p33	Z08115	47	1.0	135.0	4	24.212758618519892	24.437640101099884
24.493041455252897	0.5048413504610672	trials	200318SL	p33	Z08115	353	7.0	315.0	12	24.643041455252895	24.847882805713965
24.90332416013069	0.5048413504610636	trials	200318SL	p33	Z08115	195	14.0	180.0	8	25.05332416013069	25.258165510591756
25.323606930936087	0.5048413504610672	trials	200318SL	p33	Z08115	340	9.0	270.0	12	25.473606930936086	25.678448281397156
27.795263225866737	0.5148414163886699	trials	200318SL	p33	Z08115	249	8.0	0.0	12	27.945263225866736	28.16010464225541
28.22554606259974	0.4948412845334573	trials	200318SL	p33	Z08115	79	3.0	225.0	4	28.37554606259974	28.5703873471332
28.655828899332743	0.4948412845334573	trials	200318SL	p33	Z08115	135	14.0	0.0	8	28.80582889933274	29.0006701838662
29.066111604210533	0.4948412845334573	trials	200318SL	p33	Z08115	274	3.0	90.0	12	29.216111604210532	29.410952888743992
32.5684546941676	0.5048413504610707	trials	200318SL	p33	Z08115	101	10.0	270.0	4	32.7184546941676	32.92329604462867
32.988737464973	0.49484128453346443	trials	200318SL	p33	Z08115	60	14.0	135.0	4	33.138737464973	33.333578749506465
33.39902016985079	0.494801284269748	trials	200318SL	p33	Z08115	336	5.0	270.0	12	33.54902016985079	33.74382145412054
33.81930294065619	0.5048413504610636	trials	200318SL	p33	Z08115	200	4.0	225.0	8	33.96930294065619	34.17414429111726
36.451040290955945	0.5048413504610636	trials	200318SL	p33	Z08115	21	5.0	45.0	4	36.60104029095594	36.80588164141701
36.871323061761345	0.4948412845334573	trials	200318SL	p33	Z08115	67	6.0	180.0	4	37.02132306176134	37.2161643462948
37.28160576663914	0.5148414163886628	trials	200318SL	p33	Z08115	335	4.0	270.0	12	37.43160576663914	37.6464471830278
37.70188853744453	0.5048413504610636	trials	200318SL	p33	Z08115	279	8.0	90.0	12	37.85188853744453	38.0567298879056
40.183544898302785	0.5248414823162761	trials	200318SL	p33	Z08115	344	13.0	270.0	12	40.33354489830278	40.55838638061906
40.61382773503579	0.5048413504610565	trials	200318SL	p33	Z08115	261	5.0	45.0	12	40.76382773503579	40.96866908549685
41.02411043991358	0.5148414163886699	trials	200318SL	p33	Z08115	221	10.0	270.0	8	41.174110439913576	41.38895185630225
41.45439327664658	0.49484128453346443	trials	200318SL	p33	Z08115	206	10.0	225.0	8	41.604393276646576	41.79923456118004
44.19621135267741	0.5048413504610707	trials	200318SL	p33	Z08115	152	1.0	90.0	8	44.34621135267741	44.55105270313848
44.616494123482816	0.4948412845334573	trials	200318SL	p33	Z08115	52	6.0	135.0	4	44.766494123482815	44.961335408016275
45.016776762433	0.5048413504610707	trials	200318SL	p33	Z08115	110	4.0	315.0	4	45.166776762432995	45.37161811289407
45.447059599166	0.5148414163886699	trials	200318SL	p33	Z08115	24	8.0	45.0	4	45.597059599166	45.811901015554675
48.308998467119224	0.5048013501973543	trials	200318SL	p33	Z08115	207	11.0	225.0	8	48.45899846711922	48.66379981731658
48.729241237660915	0.5048413504610707	trials	200318SL	p33	Z08115	208	12.0	225.0	8	48.879241237660914	49.08408258812199
49.13952394253871	0.5148414163886699	trials	200318SL	p33	Z08115	120	14.0	315.0	4	49.28952394253871	49.50436535892738
49.55980671334411	0.5048413504610636	trials	200318SL	p33	Z08115	122	1.0	0.0	8	49.70980671334411	49.914648063805174
52.13154366807823	0.5148414163886628	trials	200318SL	p33	Z08115	80	4.0	225.0	4	52.28154366807823	52.496385084466894
52.551786438619914	0.5048813507247729	trials	200318SL	p33	Z08115	356	10.0	315.0	12	52.70178643861991	52.90666778934469
52.96210914376142	0.5248414823162761	trials	200318SL	p33	Z08115	323	7.0	225.0	12	53.112109143761415	53.336950626077694
53.39235198023071	0.5048413504610707	trials	200318SL	p33	Z08115	68	7.0	180.0	4	53.542351980230706	53.74719333069178
53.8026346851085	0.5148414163886699	trials	200318SL	p33	Z08115	314	13.0	180.0	12	53.9526346851085	54.16747610149717
54.23291752184151	0.4948412845334573	trials	200318SL	p33	Z08115	97	6.0	270.0	4	54.382917521841506	54.577758806374966
54.6432002267193	0.5148414163886628	trials	200318SL	p33	Z08115	179	13.0	135.0	8	54.7932002267193	55.008041643107966
55.063482997524694	0.5048413504610636	trials	200318SL	p33	Z08115	155	4.0	90.0	8	55.21348299752469	55.41832434798576
57.585179622357074	0.5148414163886699	trials	200318SL	p33	Z08115	350	4.0	315.0	12	57.73517962235707	57.950021038745746
58.005462393162475	0.5048413504610636	trials	200318SL	p33	Z08115	148	12.0	45.0	8	58.15546239316247	58.36030374362354
58.435745229895474	0.5048413504610707	trials	200318SL	p33	Z08115	92	1.0	270.0	4	58.58574522989547	58.790586580356546
58.84602793477327	0.5048413504610707	trials	200318SL	p33	Z08115	199	3.0	225.0	8	58.99602793477327	59.20086928523434
59.25631063965106	0.5148414163886699	trials	200318SL	p33	Z08115	104	13.0	270.0	4	59.40631063965106	59.62115205603973
59.676553410192746	0.50488135072478	trials	200318SL	p33	Z08115	204	8.0	225.0	8	59.826553410192744	60.03143476091753
61.4377650213626	0.5048413504610636	trials	200318SL	p33	Z08115	18	2.0	45.0	4	61.5877650213626	61.792606371823666
61.858047792168	0.584881878145616	trials	200318SL	p33	Z08115	26	10.0	45.0	4	62.008047792168	62.29292967031362
62.358371090657954	0.4948412845334573	trials	200318SL	p33	Z08115	225	14.0	270.0	8	62.50837109065795	62.70321237519141
62.76865379553574	0.4948012842697551	trials	200318SL	p33	Z08115	295	9.0	135.0	12	62.91865379553574	63.1134550798055
63.18889656607743	0.5048813507247729	trials	200318SL	p33	Z08115	6	5.0	0.0	4	63.33889656607743	63.543777916802206
63.599179270955226	0.5248814825799784	trials	200318SL	p33	Z08115	247	6.0	0.0	12	63.749179270955224	63.9740607535352
64.02946210768823	0.5048413504610636	trials	200318SL	p33	Z08115	267	11.0	45.0	12	64.17946210768824	64.38430345814929
64.43974481256602	0.514841416388677	trials	200318SL	p33	Z08115	107	1.0	315.0	4	64.58974481256602	64.80458622895469
67.06152209720187	0.5048413504610778	trials	200318SL	p33	Z08115	240	14.0	315.0	8	67.21152209720188	67.41636344766295
67.47176480181595	0.504841350461092	trials	200318SL	p33	Z08115	141	5.0	45.0	8	67.62176480181596	67.82660615227704
67.88204750669375	0.514841416388677	trials	200318SL	p33	Z08115	147	11.0	45.0	8	68.03204750669376	68.24688892308242
68.31233034342675	0.49484128453346443	trials	200318SL	p33	Z08115	22	6.0	45.0	4	68.46233034342676	68.65717162796021
68.72261304830454	0.514841416388677	trials	200318SL	p33	Z08115	270	14.0	45.0	12	68.87261304830454	69.08745446469321
69.15289588503754	0.49484128453347864	trials	200318SL	p33	Z08115	277	6.0	90.0	12	69.30289588503754	69.49773716957101
69.55317852398774	0.5048413504610636	trials	200318SL	p33	Z08115	309	8.0	180.0	12	69.70317852398775	69.9080198744488
69.98346136072074	0.49484128453346443	trials	200318SL	p33	Z08115	215	4.0	270.0	8	70.13346136072074	70.3283026452542
73.29568319726218	0.5048413504610778	trials	200318SL	p33	Z08115	128	7.0	0.0	8	73.44568319726218	73.65052454772325
73.71592596780386	0.5048813507248013	trials	200318SL	p33	Z08115	25	9.0	45.0	4	73.86592596780386	74.07080731852865
74.14624880480058	0.49484128453347864	trials	200318SL	p33	Z08115	181	0.0	180.0	8	74.29624880480058	74.49109008933405
74.55649150941467	0.49484128453346443	trials	200318SL	p33	Z08115	333	2.0	270.0	12	74.70649150941468	74.90133279394813
74.96677421429244	0.504841350461092	trials	200318SL	p33	Z08115	290	4.0	135.0	12	75.11677421429245	75.32161556475353
75.38705698509784	0.49484128453347864	trials	200318SL	p33	Z08115	12	11.0	0.0	4	75.53705698509785	75.73189826963132
75.79733968997564	0.49484128453346443	trials	200318SL	p33	Z08115	285	14.0	90.0	12	75.94733968997565	76.1421809745091
76.21762246078104	0.5048413504610636	trials	200318SL	p33	Z08115	0			0	76.36762246078105	76.5724638112421
78.37907671063736	0.5048413504610778	trials	200318SL	p33	Z08115	0			0	78.52907671063737	78.73391806109844
78.79931948117905	0.49484128453346443	trials	200318SL	p33	Z08115	1	0.0	0.0	4	78.94931948117906	79.14416076571251
79.20964218632055	0.5148414163886912	trials	200318SL	p33	Z08115	304	3.0	180.0	12	79.35964218632056	79.57448360270924
79.63992502305356	0.4948012842697693	trials	200318SL	p33	Z08115	89	13.0	225.0	4	79.78992502305357	79.98472630732333
80.04016766174004	0.514841416388677	trials	200318SL	p33	Z08115	293	7.0	135.0	12	80.19016766174005	80.40500907812871
80.47045049847304	0.49484128453346443	trials	200318SL	p33	Z08115	212	1.0	270.0	8	80.62045049847305	80.8152917830065
80.88073320335083	0.5148414163886912	trials	200318SL	p33	Z08115	57	11.0	135.0	4	81.03073320335083	81.24557461973951
81.31101604008383	0.49484128453347864	trials	200318SL	p33	Z08115	288	2.0	135.0	12	81.46101604008383	81.6558573246173
83.75267213723167	0.5048413504610778	trials	200318SL	p33	Z08115	53	7.0	135.0	4	83.90267213723168	84.10751348769274
84.17291490777335	0.49484128453347864	trials	200318SL	p33	Z08115	59	13.0	135.0	4	84.32291490777335	84.51775619230682
84.59319767857875	0.5048813507247871	trials	200318SL	p33	Z08115	159	8.0	90.0	8	84.74319767857875	84.94807902930353
85.00348038345653	0.504841350461092	trials	200318SL	p33	Z08115	337	6.0	270.0	12	85.15348038345654	85.35832173391762
85.41376308833433	0.514841416388677	trials	200318SL	p33	Z08115	124	3.0	0.0	8	85.56376308833434	85.778604504723
85.83404585913974	0.5048413504610636	trials	200318SL	p33	Z08115	95	4.0	270.0	4	85.98404585913974	86.1888872096008
86.24432856401752	0.5048413504610778	trials	200318SL	p33	Z08115	316	0.0	225.0	12	86.39432856401753	86.5991699144786
86.67461140075052	0.49484128453347864	trials	200318SL	p33	Z08115	239	13.0	315.0	8	86.82461140075053	87.019452685284
88.77602525477751	0.514841416388677	trials	200318SL	p33	Z08115	334	3.0	270.0	12	88.92602525477751	89.14086667116618
89.19630802558291	0.5048413504610778	trials	200318SL	p33	Z08115	253	12.0	0.0	12	89.34630802558291	89.55114937604398
89.6165507961246	0.5048813507247871	trials	200318SL	p33	Z08115	167	1.0	135.0	8	89.7665507961246	89.97143214684938
90.03683356693	0.5048813507247871	trials	200318SL	p33	Z08115	313	12.0	180.0	12	90.18683356693	90.39171491765478
90.4471562720715	0.514841416388677	trials	200318SL	p33	Z08115	184	3.0	180.0	8	90.5971562720715	90.81199768846017
90.87739910854079	0.49484128453347864	trials	200318SL	p33	Z08115	182	1.0	180.0	8	91.02739910854079	91.22224039307426
91.27768174749097	0.5048413504610778	trials	200318SL	p33	Z08115	354	8.0	315.0	12	91.42768174749098	91.63252309795205
91.70796458422399	0.5048413504610636	trials	200318SL	p33	Z08115	90	14.0	225.0	4	91.85796458422399	92.06280593468504
93.92945922990965	0.514841416388677	trials	200318SL	p33	Z08115	230	4.0	315.0	8	94.07945922990966	94.29430064629832
94.34974200071504	0.504841350461092	trials	200318SL	p33	Z08115	237	11.0	315.0	8	94.49974200071505	94.70458335117613
94.76002470559284	0.5048413504610778	trials	200318SL	p33	Z08115	156	5.0	90.0	8	94.91002470559285	95.11486605605391
95.18026747613453	0.5048813507247871	trials	200318SL	p33	Z08115	84	8.0	225.0	4	95.33026747613454	95.53514882685931
95.60059024720364	0.4948012842697693	trials	200318SL	p33	Z08115	17	1.0	45.0	4	95.75059024720365	95.9453915314734
96.02083301774532	0.49484128453347864	trials	200318SL	p33	Z08115	183	2.0	180.0	8	96.17083301774532	96.36567430227879
96.43115572288681	0.4948012842697693	trials	200318SL	p33	Z08115	233	7.0	315.0	8	96.58115572288682	96.77595700715658
96.8413984275009	0.514841416388677	trials	200318SL	p33	Z08115	187	6.0	180.0	8	96.99139842750091	97.20623984388958
99.04289294133137	0.514841416388677	trials	200318SL	p33	Z08115	8	7.0	0.0	4	99.19289294133138	99.40773435772005
99.47317577806437	0.4948012842697551	trials	200318SL	p33	Z08115	269	13.0	45.0	12	99.62317577806438	99.81797706233412
99.88345848294216	0.4948012842697693	trials	200318SL	p33	Z08115	272	1.0	90.0	12	100.03345848294217	100.22825976721192
100.30370125348385	0.49484128453347864	trials	200318SL	p33	Z08115	273	2.0	90.0	12	100.45370125348386	100.64854253801732
100.71398395836165	0.49484128453346443	trials	200318SL	p33	Z08115	121	0.0	0.0	8	100.86398395836166	101.05882524289511
101.12426666323944	0.5048413504610636	trials	200318SL	p33	Z08115	111	5.0	315.0	4	101.27426666323944	101.4791080137005
101.54454943404482	0.49484128453347864	trials	200318SL	p33	Z08115	236	10.0	315.0	8	101.69454943404483	101.8893907185783
101.95483213892263	0.49484128453346443	trials	200318SL	p33	Z08115	14	13.0	0.0	4	102.10483213892263	102.29967342345608
105.06689265585712	0.514841416388677	trials	200318SL	p33	Z08115	71	10.0	180.0	4	105.21689265585712	105.43173407224579
105.4871754266625	0.504841350461092	trials	200318SL	p33	Z08115	38	7.0	90.0	4	105.63717542666251	105.84201677712359
105.90745819746792	0.5048413504610778	trials	200318SL	p33	Z08115	357	11.0	315.0	12	106.05745819746792	106.26229954792899
106.32774096827332	0.5048413504610636	trials	200318SL	p33	Z08115	20	4.0	45.0	4	106.47774096827332	106.68258231873438
106.7380236731511	0.514841416388677	trials	200318SL	p33	Z08115	36	5.0	90.0	4	106.88802367315111	107.10286508953978
107.15830644395649	0.504841350461092	trials	200318SL	p33	Z08115	192	11.0	180.0	8	107.3083064439565	107.51314779441758
107.57858921476189	0.5148414163886912	trials	200318SL	p33	Z08115	66	5.0	180.0	4	107.7285892147619	107.94343063115058
107.99887198556729	0.49484128453346443	trials	200318SL	p33	Z08115	74	13.0	180.0	4	108.1488719855673	108.34371327010075
110.24036676310818	0.5048413504610636	trials	200318SL	p33	Z08115	329	13.0	225.0	12	110.39036676310819	110.59520811356924
110.66064953391357	0.4948012842697551	trials	200318SL	p33	Z08115	355	9.0	315.0	12	110.81064953391358	111.00545081818332
111.07093223879136	0.5148414163886912	trials	200318SL	p33	Z08115	28	12.0	45.0	4	111.22093223879136	111.43577365518004
111.49121500959676	0.504841350461092	trials	200318SL	p33	Z08115	145	9.0	45.0	8	111.64121500959676	111.84605636005784
111.90145771421085	0.5048413504610778	trials	200318SL	p33	Z08115	113	7.0	315.0	4	112.05145771421085	112.25629906467192
112.32174048501624	0.5048413504610778	trials	200318SL	p33	Z08115	69	8.0	180.0	4	112.47174048501624	112.67658183547731
112.74202325582164	0.514841416388677	trials	200318SL	p33	Z08115	300	14.0	135.0	12	112.89202325582164	113.1068646722103
113.16230602662704	0.5048413504610778	trials	200318SL	p33	Z08115	82	6.0	225.0	4	113.31230602662704	113.51714737708811
115.34376040833857	0.504841350461092	trials	200318SL	p33	Z08115	96	5.0	270.0	4	115.49376040833857	115.69860175879965
115.75404311321637	0.5048413504610778	trials	200318SL	p33	Z08115	175	9.0	135.0	8	115.90404311321637	116.10888446367744
116.16432581809416	0.504841350461092	trials	200318SL	p33	Z08115	297	11.0	135.0	12	116.31432581809416	116.51916716855524
116.59460865482716	0.49484128453347864	trials	200318SL	p33	Z08115	2	1.0	0.0	4	116.74460865482716	116.93944993936063
117.00489135970496	0.49484128453346443	trials	200318SL	p33	Z08115	351	5.0	315.0	12	117.15489135970496	117.34973264423841
117.41517406458274	0.5048413504610778	trials	200318SL	p33	Z08115	345	14.0	270.0	12	117.56517406458275	117.77001541504382
117.83541683512443	0.49484128453347864	trials	200318SL	p33	Z08115	39	8.0	90.0	4	117.98541683512444	118.1802581196579
118.24569954000222	0.5148414163886912	trials	200318SL	p33	Z08115	186	5.0	180.0	8	118.39569954000223	118.6105409563909
120.26703286608095	0.5148814166523863	trials	200318SL	p33	Z08115	284	13.0	90.0	12	120.41703286608096	120.63191428273333
120.69735570307766	0.49484128453347864	trials	200318SL	p33	Z08115	7	6.0	0.0	4	120.84735570307767	121.04219698761113
121.10759840769174	0.5148814166524005	trials	200318SL	p33	Z08115	227	1.0	315.0	8	121.25759840769175	121.47247982434413
121.52788117849714	0.5048813507247871	trials	200318SL	p33	Z08115	238	12.0	315.0	8	121.67788117849715	121.88276252922192
121.93820388363865	0.514841416388677	trials	200318SL	p33	Z08115	211	0.0	270.0	8	122.08820388363866	122.30304530002732
122.36844672010794	0.49484128453347864	trials	200318SL	p33	Z08115	133	12.0	0.0	8	122.51844672010795	122.71328800464141
122.77872942498573	0.49484128453347864	trials	200318SL	p33	Z08115	117	11.0	315.0	4	122.92872942498573	123.1235707095192
123.19901219579113	0.49484128453346443	trials	200318SL	p33	Z08115	338	7.0	270.0	12	123.34901219579113	123.54385348032459
125.2804259179629	0.5048413504610778	trials	200318SL	p33	Z08115	19	3.0	45.0	4	125.4304259179629	125.63526726842397
125.69070862284069	0.5048013501973827	trials	200318SL	p33	Z08115	180	14.0	135.0	8	125.8407086228407	126.04550997303807
126.12099145957369	0.504841350461092	trials	200318SL	p33	Z08115	255	14.0	0.0	12	126.2709914595737	126.47583281003477
126.53123416418778	0.5048413504610778	trials	200318SL	p33	Z08115	220	9.0	270.0	8	126.68123416418779	126.88607551464885
126.96155700118449	0.5048013501973685	trials	200318SL	p33	Z08115	142	6.0	45.0	8	127.1115570011845	127.31635835138185
127.37179970579858	0.5048413504610636	trials	200318SL	p33	Z08115	320	4.0	225.0	12	127.52179970579859	127.72664105625964
127.80208254253156	0.49484128453346443	trials	200318SL	p33	Z08115	105	14.0	270.0	4	127.95208254253157	128.14692382706502
128.21236524740937	0.5148414163886912	trials	200318SL	p33	Z08115	160	9.0	90.0	8	128.36236524740937	128.57720666379805
130.3638194313381	0.5048413504610494	trials	200318SL	p33	Z08115	127	6.0	0.0	8	130.5138194313381	130.71866078179914
130.77410213621587	0.5048013501973685	trials	200318SL	p33	Z08115	85	9.0	225.0	4	130.92410213621588	131.12890348641324
131.18434484082997	0.5048413504610778	trials	200318SL	p33	Z08115	83	7.0	225.0	4	131.33434484082997	131.53918619129104
131.61462767756296	0.49484128453346443	trials	200318SL	p33	Z08115	205	9.0	225.0	8	131.76462767756297	131.95946896209642
132.02491038244077	0.49484128453346443	trials	200318SL	p33	Z08115	9	8.0	0.0	4	132.17491038244077	132.36975166697422
132.44519315324615	0.5048413504610778	trials	200318SL	p33	Z08115	118	12.0	315.0	4	132.59519315324616	132.80003450370722
132.85547585812392	0.5248414823163046	trials	200318SL	p33	Z08115	203	7.0	225.0	8	133.00547585812393	133.23031734044022
133.28575869485695	0.5048413504610778	trials	200318SL	p33	Z08115	349	3.0	315.0	12	133.43575869485696	133.64060004531802
135.47721314249608	0.5048413504610778	trials	200318SL	p33	Z08115	31	0.0	90.0	4	135.6272131424961	135.83205449295716
135.89749591330147	0.49484128453349285	trials	200318SL	p33	Z08115	307	6.0	180.0	12	136.04749591330147	136.24233719783496
136.30777861817927	0.5148414163886912	trials	200318SL	p33	Z08115	298	12.0	135.0	12	136.45777861817928	136.67262003456796
136.72806138898468	0.5048413504610778	trials	200318SL	p33	Z08115	264	8.0	45.0	12	136.8780613889847	137.08290273944576
137.1383440938625	0.5048413504610778	trials	200318SL	p33	Z08115	289	3.0	135.0	12	137.2883440938625	137.49318544432356
137.56862693059546	0.49484128453349285	trials	200318SL	p33	Z08115	251	10.0	0.0	12	137.71862693059546	137.91346821512894
137.96886956928194	0.5048813507247871	trials	200318SL	p33	Z08115	15	14.0	0.0	4	138.11886956928194	138.32375092000672
138.37915227415974	0.5148414163886912	trials	200318SL	p33	Z08115	37	6.0	90.0	4	138.52915227415974	138.74399369054842
140.80076823918864	0.5048413504610778	trials	200318SL	p33	Z08115	358	12.0	315.0	12	140.95076823918865	141.1556095896497
141.21105094406644	0.5048413504610778	trials	200318SL	p33	Z08115	191	10.0	180.0	8	141.36105094406645	141.56589229452752
141.62133364894424	0.5148414163886912	trials	200318SL	p33	Z08115	339	8.0	270.0	12	141.77133364894425	141.98617506533293
142.05161648567724	0.49484128453349285	trials	200318SL	p33	Z08115	196	0.0	225.0	8	142.20161648567725	142.39645777021073
142.46189919055504	0.5148414163886628	trials	200318SL	p33	Z08115	153	2.0	90.0	8	142.61189919055505	142.8267406069437
142.89218202728804	0.49484128453346443	trials	200318SL	p33	Z08115	248	7.0	0.0	12	143.04218202728805	143.2370233118215
143.29246466623823	0.5248414823162761	trials	200318SL	p33	Z08115	48	2.0	135.0	4	143.44246466623824	143.6673061485545
143.72274750297123	0.4948012842697551	trials	200318SL	p33	Z08115	315	14.0	180.0	12	143.87274750297124	144.06754878724098
145.9642422805121	0.5048413504610778	trials	200318SL	p33	Z08115	219	8.0	270.0	8	146.11424228051212	146.31908363097318
146.3845250513175	0.49480128426978354	trials	200318SL	p33	Z08115	224	13.0	270.0	8	146.5345250513175	146.72932633558727
146.7948077561953	0.5148414163886912	trials	200318SL	p33	Z08115	157	6.0	90.0	8	146.9448077561953	147.15964917258398
147.215050526737	0.5048413504610494	trials	200318SL	p33	Z08115	123	2.0	0.0	8	147.365050526737	147.56989187719805
147.62533323161477	0.5048413504610778	trials	200318SL	p33	Z08115	193	12.0	180.0	8	147.77533323161478	147.98017458207585
148.05561606834777	0.49484128453346443	trials	200318SL	p33	Z08115	140	4.0	45.0	8	148.20561606834778	148.40045735288123
148.46589877322558	0.49484128453346443	trials	200318SL	p33	Z08115	325	9.0	225.0	12	148.61589877322558	148.81074005775903
148.886181544031	0.49484128453346443	trials	200318SL	p33	Z08115	34	3.0	90.0	4	149.036181544031	149.23102282856445
151.0376357279597	0.5048413504610778	trials	200318SL	p33	Z08115	216	5.0	270.0	8	151.1876357279597	151.39247707842077
151.4478784325738	0.5048413504610494	trials	200318SL	p33	Z08115	241	0.0	0.0	12	151.5978784325738	151.80271978303483
151.85816113745156	0.49484128453349285	trials	200318SL	p33	Z08115	218	7.0	270.0	8	152.00816113745157	152.20300242198505
152.27844390825697	0.5048413504610778	trials	200318SL	p33	Z08115	332	1.0	270.0	12	152.42844390825698	152.63328525871805
152.6987266790624	0.5148414163886628	trials	200318SL	p33	Z08115	222	11.0	270.0	8	152.8487266790624	153.06356809545105
153.11900944986778	0.5048413504610494	trials	200318SL	p33	Z08115	65	4.0	180.0	4	153.26900944986778	153.47385080032882
153.52929215474555	0.5048413504610778	trials	200318SL	p33	Z08115	275	4.0	90.0	12	153.67929215474555	153.88413350520662
153.95957499147855	0.49484128453346443	trials	200318SL	p33	Z08115	169	3.0	135.0	8	154.10957499147855	154.304416276012
156.97159484887328	0.5148414163886912	trials	200318SL	p33	Z08115	228	2.0	315.0	8	157.1215948488733	157.33643626526197
157.3918776196787	0.5048413504610778	trials	200318SL	p33	Z08115	223	12.0	270.0	8	157.5418776196787	157.74671897013977
157.82216045641167	0.49484128453349285	trials	200318SL	p33	Z08115	258	2.0	45.0	12	157.97216045641167	158.16700174094515
158.23244316128947	0.49480128426978354	trials	200318SL	p33	Z08115	114	8.0	315.0	4	158.38244316128947	158.57724444555924
158.66272599802247	0.49484128453349285	trials	200318SL	p33	Z08115	244	3.0	0.0	12	158.81272599802247	159.00756728255595
160.28381668541473	0.5048013501973685	trials	200318SL	p33	Z08115	328	12.0	225.0	12	160.43381668541474	160.6386180356121
160.70409945622012	0.49480128426978354	trials	200318SL	p33	Z08115	43	12.0	90.0	4	160.85409945622013	161.0489007404899
161.1143421608342	0.5148414163886628	trials	200318SL	p33	Z08115	16	0.0	45.0	4	161.26434216083422	161.47918357722287
161.5346249316396	0.49484128453349285	trials	200318SL	p33	Z08115	56	10.0	135.0	4	161.6846249316396	161.87946621617309
161.9449076365174	0.5148414163886912	trials	200318SL	p33	Z08115	185	4.0	180.0	8	162.0949076365174	162.30974905290608
162.3751904732504	0.49484128453349285	trials	200318SL	p33	Z08115	190	9.0	180.0	8	162.5251904732504	162.7200317577839
162.78547317812817	0.5148414163886912	trials	200318SL	p33	Z08115	45	14.0	90.0	4	162.93547317812818	163.15031459451686
163.2057559489336	0.5048413504610778	trials	200318SL	p33	Z08115	322	6.0	225.0	12	163.3557559489336	163.56059729939466
165.56733151813316	0.5048413504610778	trials	200318SL	p33	Z08115	30	14.0	45.0	4	165.71733151813316	165.92217286859423
165.98761428893854	0.5048413504611062	trials	200318SL	p33	Z08115	189	8.0	180.0	8	166.13761428893855	166.34245563939965
166.39789699381635	0.5148414163886912	trials	200318SL	p33	Z08115	246	5.0	0.0	12	166.54789699381635	166.76273841020503
166.81817976462176	0.5048413504610778	trials	200318SL	p33	Z08115	149	13.0	45.0	8	166.96817976462177	167.17302111508283
167.22846246949956	0.5148414163886628	trials	200318SL	p33	Z08115	292	6.0	135.0	12	167.37846246949957	167.59330388588822
167.65870530596885	0.49484128453346443	trials	200318SL	p33	Z08115	317	1.0	225.0	12	167.80870530596886	168.0035465905023
168.058987944919	0.5048413504611062	trials	200318SL	p33	Z08115	234	8.0	315.0	8	168.20898794491902	168.4138292953801
168.489270781652	0.49484128453349285	trials	200318SL	p33	Z08115	286	0.0	135.0	12	168.63927078165202	168.8341120661855
170.75080569131183	0.5048413504610778	trials	200318SL	p33	Z08115	278	7.0	90.0	12	170.90080569131183	171.1056470417729
171.1710484618535	0.5048813507247871	trials	200318SL	p33	Z08115	93	2.0	270.0	4	171.3210484618535	171.52592981257828
171.5813311667313	0.5148814166523721	trials	200318SL	p33	Z08115	299	13.0	135.0	12	171.7313311667313	171.94621258338367
172.0016139375367	0.5048413504611062	trials	200318SL	p33	Z08115	321	5.0	225.0	12	172.1516139375367	172.3564552879978
172.4118966424145	0.5148414163886912	trials	200318SL	p33	Z08115	44	13.0	90.0	4	172.5618966424145	172.77673805880318
172.8421794791475	0.49484128453346443	trials	200318SL	p33	Z08115	41	10.0	90.0	4	172.9921794791475	173.18702076368095
173.2524621840253	0.5148414163886912	trials	200318SL	p33	Z08115	170	4.0	135.0	8	173.4024621840253	173.61730360041398
173.6827450207583	0.49484128453349285	trials	200318SL	p33	Z08115	197	1.0	225.0	8	173.8327450207583	174.02758630529178
174.80351240966058	0.5048413504610778	trials	200318SL	p33	Z08115	305	4.0	180.0	12	174.9535124096606	175.15835376012166
175.21379511453839	0.5048013501973685	trials	200318SL	p33	Z08115	306	5.0	180.0	12	175.3637951145384	175.56859646473575
175.62403781915245	0.5048413504611062	trials	200318SL	p33	Z08115	32	1.0	90.0	4	175.77403781915245	175.97887916961355
176.04432058995786	0.5048413504610778	trials	200318SL	p33	Z08115	0			0	176.19432058995787	176.39916194041894
176.45460329483566	0.5248414823162761	trials	200318SL	p33	Z08115	294	8.0	135.0	12	176.60460329483567	176.82944477715193
176.88488613156863	0.5048413504611062	trials	200318SL	p33	Z08115	343	12.0	270.0	12	177.03488613156864	177.23972748202974
177.29516883644644	0.5148414163886912	trials	200318SL	p33	Z08115	154	3.0	90.0	8	177.44516883644644	177.66001025283512
177.72545167317944	0.5048413504610778	trials	200318SL	p33	Z08115	359	13.0	315.0	12	177.87545167317944	178.0802930236405
179.72678486740296	0.5148414163886912	trials	200318SL	p33	Z08115	138	2.0	45.0	8	179.87678486740296	180.09162628379164
180.14706763820834	0.5048413504611062	trials	200318SL	p33	Z08115	217	6.0	270.0	8	180.29706763820835	180.50190898866944
180.55735034308614	0.5048413504610778	trials	200318SL	p33	Z08115	177	11.0	135.0	8	180.70735034308615	180.91219169354721
180.97763311389156	0.5048413504610494	trials	200318SL	p33	Z08115	360	14.0	315.0	12	181.12763311389156	181.3324744643526
181.38791581876933	0.5048413504610778	trials	200318SL	p33	Z08115	70	9.0	180.0	4	181.53791581876933	181.7427571692304
181.81819865550233	0.5048413504611062	trials	200318SL	p33	Z08115	0			0	181.96819865550233	182.17304000596343
182.22844136011642	0.49484128453346443	trials	200318SL	p33	Z08115	259	3.0	45.0	12	182.37844136011643	182.57328264464988
182.65876419711313	0.49480128426978354	trials	200318SL	p33	Z08115	296	10.0	135.0	12	182.80876419711313	183.0035654813829
184.70009765504707	0.5048413504610778	trials	200318SL	p33	Z08115	214	3.0	270.0	8	184.85009765504708	185.05493900550815
185.12038042585246	0.49484128453349285	trials	200318SL	p33	Z08115	27	11.0	45.0	4	185.27038042585247	185.46522171038595
185.53066313073026	0.5148414163886912	trials	200318SL	p33	Z08115	352	6.0	315.0	12	185.68066313073027	185.89550454711895
185.95094590153565	0.5048413504611062	trials	200318SL	p33	Z08115	303	2.0	180.0	12	186.10094590153565	186.30578725199675
186.36122860641345	0.5148414163886912	trials	200318SL	p33	Z08115	134	13.0	0.0	8	186.51122860641345	186.72607002280213
186.79151144314645	0.49484128453349285	trials	200318SL	p33	Z08115	265	9.0	45.0	12	186.94151144314645	187.13635272767993
187.20179414802425	0.5148414163886628	trials	200318SL	p33	Z08115	257	1.0	45.0	12	187.35179414802425	187.5666355644129
187.62207691882963	0.5048413504610778	trials	200318SL	p33	Z08115	235	9.0	315.0	8	187.77207691882964	187.9769182692907
189.6734504429549	0.5048413504610778	trials	200318SL	p33	Z08115	348	2.0	315.0	12	189.8234504429549	190.02829179341597
190.08369314756897	0.5048413504610778	trials	200318SL	p33	Z08115	61	0.0	180.0	4	190.23369314756897	190.43853449803004
190.49397585244677	0.5148414163886912	trials	200318SL	p33	Z08115	115	9.0	315.0	4	190.64397585244677	190.85881726883545
190.92425868917977	0.49484128453349285	trials	200318SL	p33	Z08115	252	11.0	0.0	12	191.07425868917977	191.26909997371325
191.32454132812995	0.5048413504610778	trials	200318SL	p33	Z08115	174	8.0	135.0	8	191.47454132812996	191.67938267859103
193.00567241135155	0.5148414163886628	trials	200318SL	p33	Z08115	76	0.0	225.0	4	193.15567241135156	193.3705138277402
193.42595518215694	0.5048413504610778	trials	200318SL	p33	Z08115	262	6.0	45.0	12	193.57595518215695	193.780796532618
193.836197886771	0.5148814166524005	trials	200318SL	p33	Z08115	209	13.0	225.0	8	193.986197886771	194.2010793034234
194.2665207237677	0.49480128426978354	trials	200318SL	p33	Z08115	54	8.0	135.0	4	194.41652072376772	194.6113220080375
194.6767634283818	0.5148814166524005	trials	200318SL	p33	Z08115	144	8.0	45.0	8	194.8267634283818	195.0416448450342
195.1070862653785	0.49480128426978354	trials	200318SL	p33	Z08115	5	4.0	0.0	4	195.25708626537852	195.4518875496483
195.507328904065	0.5048413504611062	trials	200318SL	p33	Z08115	346	0.0	315.0	12	195.657328904065	195.8621702545261
195.93761174079802	0.49484128453346443	trials	200318SL	p33	Z08115	94	3.0	270.0	4	196.08761174079802	196.28245302533148
198.14910632055606	0.5248414823163046	trials	200318SL	p33	Z08115	51	5.0	135.0	4	198.29910632055606	198.52394780287236
198.57938915728909	0.5048413504610778	trials	200318SL	p33	Z08115	55	9.0	135.0	4	198.7293891572891	198.93423050775016
198.9896718621669	0.5148414163886628	trials	200318SL	p33	Z08115	263	7.0	45.0	12	199.1396718621669	199.35451327855554
199.41995469889986	0.49484128453346443	trials	200318SL	p33	Z08115	242	1.0	0.0	12	199.56995469889986	199.76479598343332
199.85023753563289	0.49484128453346443	trials	200318SL	p33	Z08115	143	7.0	45.0	8	200.0002375356329	200.19507882016634
200.25048017431934	0.5048813507248155	trials	200318SL	p33	Z08115	176	10.0	135.0	8	200.40048017431934	200.60536152504415
200.66080287946087	0.5148414163886628	trials	200318SL	p33	Z08115	164	13.0	90.0	8	200.81080287946088	201.02564429584953
201.09104571593016	0.49484128453346443	trials	200318SL	p33	Z08115	23	7.0	45.0	4	201.24104571593017	201.43588700046362
202.3118937646359	0.5048413504611062	trials	200318SL	p33	Z08115	226	0.0	315.0	8	202.4618937646359	202.666735115097
202.7321365351776	0.49484128453346443	trials	200318SL	p33	Z08115	161	10.0	90.0	8	202.8821365351776	203.07697781971106
203.1424592403191	0.5148414163886628	trials	200318SL	p33	Z08115	188	7.0	180.0	8	203.29245924031912	203.50730065670777
203.5627020108608	0.5048413504610778	trials	200318SL	p33	Z08115	137	1.0	45.0	8	203.7127020108608	203.91754336132186
204.70346953161828	0.5048413504611062	trials	200318SL	p33	Z08115	308	7.0	180.0	12	204.8534695316183	205.05831088207938
205.1237523024237	0.49484128453349285	trials	200318SL	p33	Z08115	254	13.0	0.0	12	205.2737523024237	205.46859358695718
205.5340350073015	0.5148414163886628	trials	200318SL	p33	Z08115	75	14.0	180.0	4	205.6840350073015	205.89887642369015
205.95431777810688	0.5248414823163046	trials	200318SL	p33	Z08115	91	0.0	270.0	4	206.1043177781069	206.32915926042318
206.3946006807675	0.49484128453346443	trials	200318SL	p33	Z08115	29	13.0	45.0	4	206.5446006807675	206.73944196530095
206.8048833856453	0.5148414163886912	trials	200318SL	p33	Z08115	103	12.0	270.0	4	206.9548833856453	207.16972480203398
207.22516615645068	0.5048413504610778	trials	200318SL	p33	Z08115	11	10.0	0.0	4	207.3751661564507	207.58000750691176
207.63544886132846	0.49484128453349285	trials	200318SL	p33	Z08115	35	4.0	90.0	4	207.78544886132846	207.98029014586194
209.6767823192624	0.5148414163886912	trials	200318SL	p33	Z08115	198	2.0	225.0	8	209.8267823192624	210.0416237356511
210.1070651559954	0.49484128453346443	trials	200318SL	p33	Z08115	324	8.0	225.0	12	210.2570651559954	210.45190644052886
210.5173478608732	0.5148414163886912	trials	200318SL	p33	Z08115	130	9.0	0.0	8	210.6673478608732	210.8821892772619
210.93763063167862	0.5048413504610494	trials	200318SL	p33	Z08115	347	1.0	315.0	12	211.08763063167862	211.29247198213966
211.3479133365564	0.5148414163886912	trials	200318SL	p33	Z08115	10	9.0	0.0	4	211.4979133365564	211.71275475294507
211.7781961732894	0.5048413504611062	trials	200318SL	p33	Z08115	232	6.0	315.0	8	211.9281961732894	212.1330375237505
212.1884788781672	0.5148414163886912	trials	200318SL	p33	Z08115	151	0.0	90.0	8	212.3384788781672	212.55332029455587
212.6087616489726	0.5048413504610494	trials	200318SL	p33	Z08115	168	2.0	135.0	8	212.7587616489726	212.96360299943365
214.74017570078237	0.5048413504611062	trials	200318SL	p33	Z08115	165	14.0	90.0	8	214.89017570078238	215.09501705124347
215.1604584715878	0.49484128453349285	trials	200318SL	p33	Z08115	291	5.0	135.0	12	215.3104584715878	215.50529975612127
215.56074111053798	0.5148414163886912	trials	200318SL	p33	Z08115	46	0.0	135.0	4	215.71074111053798	215.92558252692666
215.99102394727097	0.49484128453349285	trials	200318SL	p33	Z08115	81	5.0	225.0	4	216.14102394727098	216.33586523180446
216.40126665188504	0.5148814166524005	trials	200318SL	p33	Z08115	281	10.0	90.0	12	216.55126665188504	216.76614806853743
216.83158948888175	0.49480128426978354	trials	200318SL	p33	Z08115	33	2.0	90.0	4	216.98158948888175	217.17639077315152
217.23183212756825	0.5048413504610778	trials	200318SL	p33	Z08115	342	11.0	270.0	12	217.38183212756826	217.58667347802933
218.97300360661916	0.5048413504611062	trials	200318SL	p33	Z08115	166	0.0	135.0	8	219.12300360661916	219.32784495708026
219.38328631149696	0.5048413504611062	trials	200318SL	p33	Z08115	42	11.0	90.0	4	219.53328631149697	219.73812766195806
219.81356914823	0.5048413504610494	trials	200318SL	p33	Z08115	250	9.0	0.0	12	219.96356914823	220.16841049869103
220.22385185310776	0.5048413504610778	trials	200318SL	p33	Z08115	62	1.0	180.0	4	220.37385185310777	220.57869320356883
220.6541346898408	0.49484128453346443	trials	200318SL	p33	Z08115	327	11.0	225.0	12	220.8041346898408	220.99897597437425
221.06441739471856	0.49484128453349285	trials	200318SL	p33	Z08115	49	3.0	135.0	4	221.21441739471857	221.40925867925205
221.48470016552398	0.5048413504610494	trials	200318SL	p33	Z08115	139	3.0	45.0	8	221.63470016552398	221.83954151598502
221.90494293606565	0.49484128453346443	trials	200318SL	p33	Z08115	78	2.0	225.0	4	222.05494293606566	222.2497842205991
224.0964373839685	0.5148414163886912	trials	200318SL	p33	Z08115	100	9.0	270.0	4	224.2464373839685	224.46127880035718
224.52672022070152	0.49484128453346443	trials	200318SL	p33	Z08115	231	5.0	315.0	8	224.67672022070153	224.87156150523498
224.92700285965168	0.5248414823162761	trials	200318SL	p33	Z08115	283	12.0	90.0	12	225.07700285965169	225.30184434196795
225.38728589416752	0.5048413504610494	trials	200318SL	p33	Z08115	150	14.0	45.0	8	225.53728589416752	225.74212724462856
225.7975685990453	0.49484128453349285	trials	200318SL	p33	Z08115	3	2.0	0.0	4	225.9475685990453	226.14240988357878
226.21785136985068	0.5048413504611062	trials	200318SL	p33	Z08115	102	11.0	270.0	4	226.36785136985068	226.57269272031178
226.62813407472848	0.5048413504611062	trials	200318SL	p33	Z08115	13	12.0	0.0	4	226.77813407472848	226.98297542518958
227.03841677960628	0.5148414163886912	trials	200318SL	p33	Z08115	131	10.0	0.0	8	227.18841677960629	227.40325819599497
229.0397499738298	0.5248414823163046	trials	200318SL	p33	Z08115	213	2.0	270.0	8	229.1897499738298	229.4145914561461
230.4806794734703	0.5048413504610778	trials	200318SL	p33	Z08115	126	5.0	0.0	8	230.6306794734703	230.83552082393138
230.8910021786118	0.5048013501973685	trials	200318SL	p33	Z08115	326	10.0	225.0	12	231.04100217861182	231.24580352880918
231.3212850153448	0.5048013501973401	trials	200318SL	p33	Z08115	87	11.0	225.0	4	231.47128501534482	231.67608636554215
231.7315677202226	0.4948012842697551	trials	200318SL	p33	Z08115	172	6.0	135.0	8	231.88156772022262	232.07636900449236
232.14181042483668	0.5148414163886912	trials	200318SL	p33	Z08115	301	0.0	180.0	12	232.29181042483668	232.50665184122536
232.56209319564206	0.5048413504611062	trials	200318SL	p33	Z08115	40	9.0	90.0	4	232.71209319564207	232.91693454610316
232.97237590051986	0.5148414163886912	trials	200318SL	p33	Z08115	129	8.0	0.0	8	233.12237590051987	233.33721731690855
233.40265873725286	0.49484128453349285	trials	200318SL	p33	Z08115	171	5.0	135.0	8	233.55265873725287	233.74750002178635
235.51407265720746	0.5048413504610778	trials	200318SL	p33	Z08115	106	0.0	315.0	4	235.66407265720747	235.86891400766854
235.92435536208527	0.5048413504610778	trials	200318SL	p33	Z08115	163	12.0	90.0	8	236.07435536208527	236.27919671254634
236.33459806669933	0.5148814166524005	trials	200318SL	p33	Z08115	112	6.0	315.0	4	236.48459806669933	236.69947948335172
236.76492090369604	0.49480128426978354	trials	200318SL	p33	Z08115	201	5.0	225.0	8	236.91492090369604	237.10972218796582
237.17516360831013	0.49484128453349285	trials	200318SL	p33	Z08115	311	10.0	180.0	12	237.32516360831013	237.52000489284362
237.59544637911551	0.5048413504611062	trials	200318SL	p33	Z08115	268	12.0	45.0	12	237.74544637911552	237.95028772957662
238.85629469153173	0.5048413504610494	trials	200318SL	p33	Z08115	256	0.0	45.0	12	239.00629469153174	239.21113604199277
239.2665773964095	0.5048413504610778	trials	200318SL	p33	Z08115	282	11.0	90.0	12	239.4165773964095	239.62141874687057
239.67682010102362	0.5048813507247587	trials	200318SL	p33	Z08115	243	2.0	0.0	12	239.82682010102363	240.03170145174838
240.10714293802033	0.49484128453346443	trials	200318SL	p33	Z08115	271	0.0	90.0	12	240.25714293802034	240.4519842225538
240.5174256428981	0.4948012842697551	trials	200318SL	p33	Z08115	194	13.0	180.0	8	240.6674256428981	240.86222692716785
240.9376684134398	0.5048413504610778	trials	200318SL	p33	Z08115	58	12.0	135.0	4	241.08766841343981	241.29250976390088
241.3479511183176	0.5048413504610494	trials	200318SL	p33	Z08115	276	5.0	90.0	12	241.49795111831762	241.70279246877865
241.77823395505058	0.5048413504610778	trials	200318SL	p33	Z08115	302	1.0	180.0	12	241.9282339550506	242.13307530551165
243.94968827083454	0.5148414163886628	trials	200318SL	p33	Z08115	287	1.0	135.0	12	244.09968827083455	244.3145296872232
244.36997104163993	0.5048413504610778	trials	200318SL	p33	Z08115	331	0.0	270.0	12	244.51997104163993	244.724812392101
244.78025374651773	0.5148414163886628	trials	200318SL	p33	Z08115	4	3.0	0.0	4	244.93025374651774	245.1450951629064
245.2105365832507	0.5048413504611062	trials	200318SL	p33	Z08115	229	3.0	315.0	8	245.3605365832507	245.5653779337118
245.6208192881285	0.5148414163886912	trials	200318SL	p33	Z08115	202	6.0	225.0	8	245.7708192881285	245.9856607045172
246.04110205893392	0.5048413504610494	trials	200318SL	p33	Z08115	266	10.0	45.0	12	246.19110205893392	246.39594340939496
246.4513847638117	0.5248414823163046	trials	200318SL	p33	Z08115	173	7.0	135.0	8	246.6013847638117	246.826226246128
246.8816676005447	0.49484128453346443	trials	200318SL	p33	Z08115	88	12.0	225.0	4	247.0316676005447	247.22650888507815
249.06312198225623	0.49484128453346443	trials	200318SL	p33	Z08115	98	7.0	270.0	4	249.21312198225624	249.4079632667897
249.48340475306162	0.5048413504611062	trials	200318SL	p33	Z08115	116	10.0	315.0	4	249.63340475306163	249.83824610352272
249.89368745793942	0.5048413504611062	trials	200318SL	p33	Z08115	280	9.0	90.0	12	250.04368745793943	250.24852880840052
250.32397029467242	0.5048413504610778	trials	200318SL	p33	Z08115	341	10.0	270.0	12	250.47397029467243	250.6788116451335
250.73425299955022	0.5148414163886912	trials	200318SL	p33	Z08115	99	8.0	270.0	4	250.88425299955023	251.0990944159389
251.1644958360195	0.5048813507247871	trials	200318SL	p33	Z08115	178	12.0	135.0	8	251.31449583601952	251.5193771867443
251.57481854116102	0.5148414163886628	trials	200318SL	p33	Z08115	260	4.0	45.0	12	251.72481854116103	251.93965995754968
252.0050613776303	0.49484128453346443	trials	200318SL	p33	Z08115	72	11.0	180.0	4	252.15506137763032	252.34990266216377
254.1165152978486	0.5148414163887196	trials	200318SL	p33	Z08115	245	4.0	0.0	12	254.2665152978486	254.4813567142373
254.5367580683903	0.5048413504610778	trials	200318SL	p33	Z08115	109	3.0	315.0	4	254.6867580683903	254.89159941885137
254.9470407732681	0.5048413504610494	trials	200318SL	p33	Z08115	64	3.0	180.0	4	255.0970407732681	255.30188212372914
255.3773236100011	0.49484128453349285	trials	200318SL	p33	Z08115	73	12.0	180.0	4	255.5273236100011	255.7221648945346
255.78760631487887	0.494841284533436	trials	200318SL	p33	Z08115	63	2.0	180.0	4	255.93760631487888	256.13244759941233
256.20788908568426	0.5048413504610494	trials	200318SL	p33	Z08115	330	14.0	225.0	12	256.35788908568423	256.56273043614533
256.61817179056203	0.5048413504611062	trials	200318SL	p33	Z08115	210	14.0	225.0	8	256.768171790562	256.97301314102316
257.0484546272951	0.494841284533436	trials	200318SL	p33	Z08115	136	0.0	45.0	8	257.19845462729506	257.39329591182855
259.28994940483597	0.5048413504609925	trials	200318SL	p33	Z08115	319	3.0	225.0	12	259.43994940483594	259.644790755297
259.71023217564135	0.49484128453337917	trials	200318SL	p33	Z08115	312	11.0	180.0	12	259.86023217564133	260.05507346017475
260.1205148805191	0.5148414163886628	trials	200318SL	p33	Z08115	158	7.0	90.0	8	260.2705148805191	260.4853562969078
260.5507977172522	0.49484128453337917	trials	200318SL	p33	Z08115	108	2.0	315.0	4	260.70079771725216	260.8956390017856
260.96104042186624	0.5148814166523152	trials	200318SL	p33	Z08115	132	11.0	0.0	8	261.1110404218662	261.3259218385186
261.38136319293534	0.4948012842697267	trials	200318SL	p33	Z08115	86	10.0	225.0	4	261.5313631929353	261.7261644772051
261.7916058975494	0.494841284533436	trials	200318SL	p33	Z08115	119	13.0	315.0	4	261.9416058975494	262.13644718208286
262.2118886683548	0.5048413504610494	trials	200318SL	p33	Z08115	77	1.0	225.0	4	262.36188866835477	262.56673001881586
264.4433833799681	0.5048413504609925	trials	200318SL	p33	Z08115	162	11.0	90.0	8	264.5933833799681	264.7982247304291
264.8636661507735	0.5048413504609925	trials	200318SL	p33	Z08115	310	9.0	180.0	12	265.0136661507735	265.2185075012345
265.27394885565127	0.5148414163886059	trials	200318SL	p33	Z08115	318	2.0	225.0	12	265.42394885565125	265.6387902720399
265.69423162645666	0.5048413504610494	trials	200318SL	p33	Z08115	146	10.0	45.0	8	265.84423162645663	266.0490729769177
266.1045143313345	0.5048413504609925	trials	200318SL	p33	Z08115	50	4.0	135.0	4	266.25451433133446	266.4593556817955
266.52479710213987	0.5048413504609925	trials	200318SL	p33	Z08115	125	4.0	0.0	8	266.67479710213985	266.8796384526009
266.93503980675393	0.5048413504610494	trials	200318SL	p33	Z08115	230	4.0	315.0	8	267.0850398067539	267.289881157215
267.3453225116317	0.5148414163886628	trials	200318SL	p33	Z08115	64	3.0	180.0	4	267.4953225116317	267.7101639280204
269.4567364315863	0.5148414163886628	trials	200318SL	p33	Z08115	130	9.0	0.0	8	269.6067364315863	269.821577847975
269.8770192023917	0.49484128453349285	trials	200318SL	p33	Z08115	48	2.0	135.0	4	270.02701920239167	270.2218604869252
270.2873019072695	0.49484128453337917	trials	200318SL	p33	Z08115	169	3.0	135.0	8	270.4373019072695	270.6321431918029
270.70758467807497	0.5048413504609925	trials	200318SL	p33	Z08115	111	5.0	315.0	4	270.85758467807494	271.062426028536
271.11786738295274	0.49480128426966985	trials	200318SL	p33	Z08115	294	8.0	135.0	12	271.2678673829527	271.46266866722243
271.5281100875668	0.5148414163886059	trials	200318SL	p33	Z08115	13	12.0	0.0	4	271.6781100875668	271.89295150395543
271.9483928583722	0.5048413504610494	trials	200318SL	p33	Z08115	293	7.0	135.0	12	272.09839285837216	272.30323420883326
272.35867556325	0.5048413504609925	trials	200318SL	p33	Z08115	10	9.0	0.0	4	272.50867556325	272.71351691371103
274.4900896150598	0.5148414163886628	trials	200318SL	p33	Z08115	264	8.0	45.0	12	274.64008961505976	274.8549310314485
274.9103723858652	0.5048413504610494	trials	200318SL	p33	Z08115	313	12.0	180.0	12	275.06037238586515	275.26521373632625
275.32065509074295	0.5148414163886628	trials	200318SL	p33	Z08115	281	10.0	90.0	12	275.4706550907429	275.68549650713163
275.750937927476	0.494841284533436	trials	200318SL	p33	Z08115	128	7.0	0.0	8	275.900937927476	276.09577921200946
276.1612206323538	0.5148414163886059	trials	200318SL	p33	Z08115	248	7.0	0.0	12	276.31122063235375	276.5260620487424
276.58150340315916	0.5048413504610494	trials	200318SL	p33	Z08115	76	0.0	225.0	4	276.73150340315914	276.93634475362023
277.00178617396455	0.5048413504610494	trials	200318SL	p33	Z08115	47	1.0	135.0	4	277.1517861739645	277.3566275244256
277.42206894476993	0.5048413504610494	trials	200318SL	p33	Z08115	32	1.0	90.0	4	277.5720689447699	277.776910295231
279.6135233924091	0.5048413504610494	trials	200318SL	p33	Z08115	96	5.0	270.0	4	279.76352339240907	279.96836474287016
280.0338061632145	0.494841284533436	trials	200318SL	p33	Z08115	243	2.0	0.0	12	280.18380616321446	280.37864744774794
280.434048801901	0.5248814825799855	trials	200318SL	p33	Z08115	348	2.0	315.0	12	280.58404880190096	280.808930284481
280.86437163889775	0.5048413504609925	trials	200318SL	p33	Z08115	82	6.0	225.0	4	281.0143716388977	281.21921298935877
281.2746543437755	0.49480128426966985	trials	200318SL	p33	Z08115	118	12.0	315.0	4	281.4246543437755	281.6194556280452
281.6948971143172	0.5048413504609925	trials	200318SL	p33	Z08115	86	10.0	225.0	4	281.8448971143172	282.0497384647782
283.51614912131635	0.5148414163886059	trials	200318SL	p33	Z08115	77	1.0	225.0	4	283.6661491213163	283.880990537705
283.94643195804935	0.494841284533436	trials	200318SL	p33	Z08115	255	14.0	0.0	12	284.0964319580493	284.2912732425828
284.35667466266347	0.494841284533436	trials	200318SL	p33	Z08115	6	5.0	0.0	4	284.50667466266344	284.7015159471969
284.77695743346885	0.5048413504610494	trials	200318SL	p33	Z08115	173	7.0	135.0	8	284.92695743346883	285.1317987839299
285.1872401383467	0.49484128453337917	trials	200318SL	p33	Z08115	92	1.0	270.0	4	285.33724013834666	285.5320814228801
285.6175229750796	0.494841284533436	trials	200318SL	p33	Z08115	74	13.0	180.0	4	285.7675229750796	285.9623642596131
286.0578058777403	0.5248814825799286	trials	200318SL	p33	Z08115	87	11.0	225.0	4	286.20780587774027	286.43268736032024
286.4981287806646	0.5148414163886059	trials	200318SL	p33	Z08115	33	2.0	90.0	4	286.6481287806646	286.86297019705324
288.57950250257267	0.5048413504609925	trials	200318SL	p33	Z08115	322	6.0	225.0	12	288.72950250257264	288.9343438530337
288.98982520771415	0.5048013501973401	trials	200318SL	p33	Z08115	63	2.0	180.0	4	289.1398252077141	289.3446265579115
289.40006791232827	0.5048413504609925	trials	200318SL	p33	Z08115	195	14.0	180.0	8	289.55006791232825	289.7549092627893
289.83035074906127	0.49484128453337917	trials	200318SL	p33	Z08115	284	13.0	90.0	12	289.98035074906124	290.17519203359467
290.24063345393904	0.494841284533436	trials	200318SL	p33	Z08115	149	13.0	45.0	8	290.390633453939	290.5854747384725
290.6609162247444	0.5048413504609925	trials	200318SL	p33	Z08115	279	8.0	90.0	12	290.8109162247444	291.01575757520544
291.0711989296222	0.5048413504610494	trials	200318SL	p33	Z08115	269	13.0	45.0	12	291.2211989296222	291.42604028008327
291.48144163423626	0.5148814166523721	trials	200318SL	p33	Z08115	174	8.0	135.0	8	291.63144163423624	291.84632305088866
293.55281529021676	0.5148814166523721	trials	200318SL	p33	Z08115	144	8.0	45.0	8	293.70281529021673	293.91769670686915
293.98313812721346	0.4948012842697267	trials	200318SL	p33	Z08115	133	12.0	0.0	8	294.13313812721344	294.3279394114832
294.3833807659	0.5248814825799286	trials	200318SL	p33	Z08115	347	1.0	315.0	12	294.53338076589995	294.7582622484799
294.8136636026329	0.5048413504610494	trials	200318SL	p33	Z08115	212	1.0	270.0	8	294.9636636026329	295.168504953094
295.22394630751074	0.5148414163886628	trials	200318SL	p33	Z08115	81	5.0	225.0	4	295.3739463075107	295.58878772389943
295.65426914450745	0.4948012842697267	trials	200318SL	p33	Z08115	258	2.0	45.0	12	295.80426914450743	295.9990704287772
296.0545117831939	0.5048413504610494	trials	200318SL	p33	Z08115	203	7.0	225.0	8	296.2045117831939	296.409353133655
296.48479461992696	0.494841284533436	trials	200318SL	p33	Z08115	123	2.0	0.0	8	296.63479461992694	296.8296359044604
298.6762490675661	0.5048413504609925	trials	200318SL	p33	Z08115	88	12.0	225.0	4	298.8262490675661	299.03109041802713
299.0965318383715	0.49484128453337917	trials	200318SL	p33	Z08115	12	11.0	0.0	4	299.2465318383715	299.4413731229049
299.5068145432493	0.5148414163886059	trials	200318SL	p33	Z08115	211	0.0	270.0	8	299.65681454324925	299.8716559596379
299.9370973799823	0.49484128453337917	trials	200318SL	p33	Z08115	120	14.0	315.0	4	300.08709737998225	300.2819386645157
300.33738001893244	0.5248414823162193	trials	200318SL	p33	Z08115	352	6.0	315.0	12	300.4873800189324	300.7122215012487
300.76766285566544	0.5048413504609925	trials	200318SL	p33	Z08115	154	3.0	90.0	8	300.9176628556654	301.12250420612645
301.1779455605432	0.494841284533436	trials	200318SL	p33	Z08115	16	0.0	45.0	4	301.3279455605432	301.52278684507667
301.59822833134865	0.5048413504610494	trials	200318SL	p33	Z08115	164	13.0	90.0	8	301.7482283313486	301.9530696818097
303.7996828449154	0.5048413504609925	trials	200318SL	p33	Z08115	252	11.0	0.0	12	303.9496828449154	304.15452419537644
304.2099655497932	0.5048413504610494	trials	200318SL	p33	Z08115	292	6.0	135.0	12	304.3599655497932	304.56480690025427
304.620248254671	0.5048413504609925	trials	200318SL	p33	Z08115	306	5.0	180.0	12	304.770248254671	304.97508960513204
305.05053109140397	0.494841284533436	trials	200318SL	p33	Z08115	270	14.0	45.0	12	305.20053109140395	305.3953723759374
305.4508137303542	0.5048013501972832	trials	200318SL	p33	Z08115	341	10.0	270.0	12	305.60081373035416	305.8056150805515
305.8810965670872	0.5048013501972832	trials	200318SL	p33	Z08115	1	0.0	0.0	4	306.03109656708716	306.2358979172845
306.29133927170125	0.5048413504609925	trials	200318SL	p33	Z08115	160	9.0	90.0	8	306.4413392717012	306.64618062216226
306.7216221084343	0.49484128453337917	trials	200318SL	p33	Z08115	104	13.0	270.0	4	306.8716221084343	307.0664633929677
308.7629955666319	0.5048413504610494	trials	200318SL	p33	Z08115	210	14.0	225.0	8	308.9129955666319	309.117836917093
309.1832783374373	0.494841284533436	trials	200318SL	p33	Z08115	266	10.0	45.0	12	309.33327833743726	309.52811962197075
309.5935610423151	0.5148414163886059	trials	200318SL	p33	Z08115	93	2.0	270.0	4	309.7435610423151	309.95840245870374
310.0138438131205	0.5048413504609925	trials	200318SL	p33	Z08115	227	1.0	315.0	8	310.1638438131205	310.3686851635815
310.4241265179983	0.5248414823162193	trials	200318SL	p33	Z08115	97	6.0	270.0	4	310.57412651799825	310.7989680003145
310.8544093547313	0.5048413504609925	trials	200318SL	p33	Z08115	70	9.0	180.0	4	311.00440935473125	311.2092507051923
311.26469205960905	0.5148414163886628	trials	200318SL	p33	Z08115	354	8.0	315.0	12	311.414692059609	311.62953347599773
312.61558096563743	0.5048413504609925	trials	200318SL	p33	Z08115	138	2.0	45.0	8	312.7655809656374	312.97042231609845
313.04586380237043	0.49484128453337917	trials	200318SL	p33	Z08115	36	5.0	90.0	4	313.1958638023704	313.39070508690384
313.4461464413206	0.5048413504610494	trials	200318SL	p33	Z08115	29	13.0	45.0	4	313.59614644132057	313.80098779178167
313.85638914593466	0.5148814166523721	trials	200318SL	p33	Z08115	310	9.0	180.0	12	314.00638914593463	314.22127056258705
314.28671198293137	0.49480128426978354	trials	200318SL	p33	Z08115	233	7.0	315.0	8	314.43671198293134	314.63151326720117
314.69695468754554	0.49484128453337917	trials	200318SL	p33	Z08115	162	11.0	90.0	8	314.8469546875455	315.04179597207894
315.1172374583509	0.49484128453337917	trials	200318SL	p33	Z08115	267	11.0	45.0	12	315.2672374583509	315.46207874288433
315.5275201632287	0.494841284533436	trials	200318SL	p33	Z08115	323	7.0	225.0	12	315.6775201632287	315.87236144776216
317.65893421503847	0.5048413504610494	trials	200318SL	p33	Z08115	338	7.0	270.0	12	317.80893421503845	318.01377556549954
318.07921698584386	0.5048413504610494	trials	200318SL	p33	Z08115	283	12.0	90.0	12	318.22921698584383	318.43405833630493
318.4894996907217	0.5148414163886628	trials	200318SL	p33	Z08115	289	3.0	135.0	12	318.63949969072166	318.8543411071104
318.9097824615271	0.5048413504610494	trials	200318SL	p33	Z08115	156	5.0	90.0	8	319.05978246152705	319.26462381198814
319.32006516640485	0.5048413504610494	trials	200318SL	p33	Z08115	43	12.0	90.0	4	319.4700651664048	319.6749065168659
319.7503480031379	0.49484128453337917	trials	200318SL	p33	Z08115	52	6.0	135.0	4	319.9003480031379	320.0951892876713
320.16059070775196	0.494841284533436	trials	200318SL	p33	Z08115	134	13.0	0.0	8	320.31059070775194	320.5054319922854
320.58091347882106	0.5048413504610494	trials	200318SL	p33	Z08115	22	6.0	45.0	4	320.73091347882104	320.93575482928213
322.55220647499806	0.5048413504609925	trials	200318SL	p33	Z08115	91	0.0	270.0	4	322.70220647499804	322.9070478254591
322.96248917987583	0.5048413504609925	trials	200318SL	p33	Z08115	223	12.0	270.0	8	323.1124891798758	323.31733053033685
323.3727718847536	0.5148414163886628	trials	200318SL	p33	Z08115	171	5.0	135.0	8	323.5227718847536	323.7376133011423
323.8030547214866	0.49484128453349285	trials	200318SL	p33	Z08115	121	0.0	0.0	8	323.9530547214866	324.1478960060201
324.2032973601731	0.5048813507247587	trials	200318SL	p33	Z08115	38	7.0	90.0	4	324.3532973601731	324.5581787108979
324.6336201971698	0.4948012842697267	trials	200318SL	p33	Z08115	122	1.0	0.0	8	324.7836201971698	324.97842148143957
325.0438629017839	0.494841284533436	trials	200318SL	p33	Z08115	125	4.0	0.0	8	325.19386290178386	325.38870418631734
325.4541456066617	0.5048413504609925	trials	200318SL	p33	Z08115	320	4.0	225.0	12	325.6041456066617	325.8089869571227
327.7356806481767	0.494841284533436	trials	200318SL	p33	Z08115	175	9.0	135.0	8	327.8856806481767	328.08052193271016
328.1559634189821	0.5048413504610494	trials	200318SL	p33	Z08115	21	5.0	45.0	4	328.30596341898206	328.51080476944315
328.57624618978747	0.5148414163886628	trials	200318SL	p33	Z08115	328	12.0	225.0	12	328.72624618978745	328.94108760617615
328.99652896059285	0.5048413504610494	trials	200318SL	p33	Z08115	298	12.0	135.0	12	329.14652896059283	329.3513703110539
329.4068116654707	0.5248414823162761	trials	200318SL	p33	Z08115	249	8.0	0.0	12	329.55681166547066	329.781653147787
329.83709450220374	0.5048413504609925	trials	200318SL	p33	Z08115	240	14.0	315.0	8	329.9870945022037	330.19193585266476
330.2473772070815	0.5148414163886059	trials	200318SL	p33	Z08115	62	1.0	180.0	4	330.3973772070815	330.61221862347014
330.6776600438145	0.49480128426966985	trials	200318SL	p33	Z08115	95	4.0	270.0	4	330.8276600438145	331.0224613280842
333.109276074771	0.5148414163886059	trials	200318SL	p33	Z08115	145	9.0	45.0	8	333.259276074771	333.47411749115963
333.5295588455764	0.5048413504610494	trials	200318SL	p33	Z08115	176	10.0	135.0	8	333.67955884557637	333.88440019603746
333.9398415504542	0.5048413504609925	trials	200318SL	p33	Z08115	116	10.0	315.0	4	334.0898415504542	334.29468290091523
334.3601243212596	0.5048013501973401	trials	200318SL	p33	Z08115	208	12.0	225.0	8	334.5101243212596	334.71492567145697
334.7803670918013	0.494841284533436	trials	200318SL	p33	Z08115	84	8.0	225.0	4	334.93036709180126	335.12520837633474
335.20064986260667	0.494841284533436	trials	200318SL	p33	Z08115	37	6.0	90.0	4	335.35064986260664	335.5454911471401
335.6109325674845	0.49484128453337917	trials	200318SL	p33	Z08115	150	14.0	45.0	8	335.7609325674845	335.9557738520179
336.02121527236227	0.5148414163886059	trials	200318SL	p33	Z08115	25	9.0	45.0	4	336.17121527236225	336.3860566887509
337.97250813668404	0.5048413504609925	trials	200318SL	p33	Z08115	75	14.0	180.0	4	338.122508136684	338.32734948714506
338.3827908415618	0.5048413504610494	trials	200318SL	p33	Z08115	98	7.0	270.0	4	338.5327908415618	338.7376321920229
338.8130736782948	0.494841284533436	trials	200318SL	p33	Z08115	285	14.0	90.0	12	338.9630736782948	339.1579149628283
339.22335638317264	0.49484128453337917	trials	200318SL	p33	Z08115	80	4.0	225.0	4	339.3733563831726	339.56819766770604
339.6336390880504	0.5148414163886059	trials	200318SL	p33	Z08115	251	10.0	0.0	12	339.7836390880504	339.99848050443904
340.0538818585921	0.5048813507247019	trials	200318SL	p33	Z08115	152	1.0	90.0	8	340.20388185859207	340.4087632093168
340.4642045637336	0.5148414163886628	trials	200318SL	p33	Z08115	78	2.0	225.0	4	340.61420456373355	340.82904598012226
340.8944474002029	0.49484128453337917	trials	200318SL	p33	Z08115	353	7.0	315.0	12	341.0444474002029	341.2392886847363
343.67630574020785	0.5248814825799286	trials	200318SL	p33	Z08115	135	14.0	0.0	8	343.82630574020783	344.0511872227878
344.10662857720456	0.5048413504610494	trials	200318SL	p33	Z08115	343	12.0	270.0	12	344.25662857720454	344.46146992766563
344.53691141393756	0.5048413504610494	trials	200318SL	p33	Z08115	166	0.0	135.0	8	344.68691141393754	344.89175276439863
344.94719411881533	0.5148414163886628	trials	200318SL	p33	Z08115	197	1.0	225.0	8	345.0971941188153	345.312035535204
345.3774369552847	0.49484128453337917	trials	200318SL	p33	Z08115	132	11.0	0.0	8	345.52743695528466	345.7222782398181
345.77771959423484	0.5248814825799286	trials	200318SL	p33	Z08115	236	10.0	315.0	8	345.9277195942348	346.1526010768148
346.20804243123155	0.5048013501973401	trials	200318SL	p33	Z08115	66	5.0	180.0	4	346.3580424312315	346.5628437814289
348.2593759550931	0.5148414163886628	trials	200318SL	p33	Z08115	151	0.0	90.0	8	348.4093759550931	348.6242173714818
348.6896587918261	0.494841284533436	trials	200318SL	p33	Z08115	159	8.0	90.0	8	348.8396587918261	349.03450007635956
349.09994149670393	0.5148414163886059	trials	200318SL	p33	Z08115	205	9.0	225.0	8	349.2499414967039	349.46478291309256
349.5202242675093	0.5048413504609925	trials	200318SL	p33	Z08115	140	4.0	45.0	8	349.6702242675093	349.87506561797034
349.9305069723871	0.494841284533436	trials	200318SL	p33	Z08115	192	11.0	180.0	8	350.08050697238707	350.27534825692055
350.3507897431925	0.5048413504610494	trials	200318SL	p33	Z08115	224	13.0	270.0	8	350.50078974319246	350.70563109365355
350.7610724480703	0.5248414823161625	trials	200318SL	p33	Z08115	49	3.0	135.0	4	350.9110724480703	351.1359139303865
351.19135528480325	0.5048413504610494	trials	200318SL	p33	Z08115	27	11.0	45.0	4	351.3413552848032	351.5461966352643
353.282729072639	0.5148414163886059	trials	200318SL	p33	Z08115	226	0.0	315.0	8	353.43272907263895	353.6475704890276
353.70301184344436	0.5048413504609925	trials	200318SL	p33	Z08115	50	4.0	135.0	4	353.85301184344434	354.0578531939054
354.11329454832213	0.5148414163886628	trials	200318SL	p33	Z08115	71	10.0	180.0	4	354.2632945483221	354.4781359647108
354.5435773850552	0.49484128453337917	trials	200318SL	p33	Z08115	330	14.0	225.0	12	354.69357738505516	354.8884186695886
354.95386008993296	0.5148414163886059	trials	200318SL	p33	Z08115	83	7.0	225.0	4	355.10386008993294	355.3187015063216
355.37414286073835	0.5048413504609925	trials	200318SL	p33	Z08115	339	8.0	270.0	12	355.5241428607383	355.72898421119936
355.7844255656161	0.5148414163886059	trials	200318SL	p33	Z08115	209	13.0	225.0	8	355.9344255656161	356.14926698200475
356.2147084023491	0.494841284533436	trials	200318SL	p33	Z08115	136	0.0	45.0	8	356.3647084023491	356.5595496868826
358.3761626522055	0.5148414163886059	trials	200318SL	p33	Z08115	53	7.0	135.0	4	358.52616265220547	358.7410040685941
358.8064454889385	0.49484128453337917	trials	200318SL	p33	Z08115	94	3.0	270.0	4	358.95644548893847	359.1512867734719
359.21672819381627	0.5148414163886059	trials	200318SL	p33	Z08115	19	3.0	45.0	4	359.36672819381624	359.5815696102049
359.63697096435794	0.5048413504609925	trials	200318SL	p33	Z08115	119	13.0	315.0	4	359.7869709643579	359.99181231481896
360.0472536692357	0.5048413504609925	trials	200318SL	p33	Z08115	229	3.0	315.0	8	360.1972536692357	360.40209501969673
360.4775765062324	0.4948012842697267	trials	200318SL	p33	Z08115	278	7.0	90.0	12	360.6275765062324	360.8223777905022
360.8778191449189	0.5048413504611062	trials	200318SL	p33	Z08115	321	5.0	225.0	12	361.02781914491885	361.23266049538
361.30810198165193	0.494841284533436	trials	200318SL	p33	Z08115	68	7.0	180.0	4	361.4581019816519	361.6529432661854
363.55963682538413	0.5048013501973401	trials	200318SL	p33	Z08115	147	11.0	45.0	8	363.7096368253841	363.9144381755815
363.9698795299982	0.5048413504610494	trials	200318SL	p33	Z08115	346	0.0	315.0	12	364.1198795299982	364.32472088045927
364.38016223487597	0.494841284533436	trials	200318SL	p33	Z08115	274	3.0	90.0	12	364.53016223487595	364.7250035194094
364.8004450056814	0.5048413504609925	trials	200318SL	p33	Z08115	51	5.0	135.0	4	364.9504450056814	365.1552863561424
365.2207277764868	0.5148414163886059	trials	200318SL	p33	Z08115	107	1.0	315.0	4	365.3707277764868	365.5855691928754
365.6410105472922	0.5048413504610494	trials	200318SL	p33	Z08115	314	13.0	180.0	12	365.79101054729216	365.99585189775325
366.05129325217	0.5048413504609925	trials	200318SL	p33	Z08115	196	0.0	225.0	8	366.20129325217	366.406134602631
366.48157608890295	0.4948012842697267	trials	200318SL	p33	Z08115	221	10.0	270.0	8	366.63157608890293	366.8263773731727
368.97323251568884	0.5048413504610494	trials	200318SL	p33	Z08115	168	2.0	135.0	8	369.1232325156888	369.3280738661499
369.3935152864942	0.494841284533436	trials	200318SL	p33	Z08115	188	7.0	180.0	8	369.5435152864942	369.7383565710277
369.80379799137205	0.49480128426966985	trials	200318SL	p33	Z08115	355	9.0	315.0	12	369.953797991372	370.14859927564174
370.22408076217744	0.49480128426966985	trials	200318SL	p33	Z08115	59	13.0	135.0	4	370.3740807621774	370.56888204644713
370.6343234667915	0.49484128453337917	trials	200318SL	p33	Z08115	304	3.0	180.0	12	370.7843234667915	370.9791647513249
371.05460623759694	0.5048413504609925	trials	200318SL	p33	Z08115	163	12.0	90.0	8	371.2046062375969	371.40944758805796
371.4648889424747	0.5048413504609925	trials	200318SL	p33	Z08115	358	12.0	315.0	12	371.6148889424747	371.81973029293573
371.8951717792077	0.49484128453337917	trials	200318SL	p33	Z08115	206	10.0	225.0	8	372.0451717792077	372.2400130637411
377.21872687590024	0.5048413504610494	trials	200318SL	p33	Z08115	170	4.0	135.0	8	377.3687268759002	377.5735682263613
377.6390096467057	0.494841284533436	trials	200318SL	p33	Z08115	46	0.0	135.0	4	377.78900964670567	377.98385093123915
378.0693324837024	0.49480128426966985	trials	200318SL	p33	Z08115	232	6.0	315.0	8	378.2193324837024	378.4141337679721
378.47957518831646	0.494841284533436	trials	200318SL	p33	Z08115	198	2.0	225.0	8	378.62957518831644	378.8244164728499
378.8798578272667	0.5148414163886059	trials	200318SL	p33	Z08115	312	11.0	180.0	12	379.02985782726665	379.2446992436553
379.3101406639996	0.494841284533436	trials	200318SL	p33	Z08115	300	14.0	135.0	12	379.4601406639996	379.6549819485331
379.72038336861374	0.49484128453337917	trials	200318SL	p33	Z08115	215	4.0	270.0	8	379.8703833686137	380.06522465314714
380.1406661394191	0.5048813507247019	trials	200318SL	p33	Z08115	23	7.0	45.0	4	380.2906661394191	380.49554749014385
382.2721201914926	0.5248414823162761	trials	200318SL	p33	Z08115	277	6.0	90.0	12	382.4221201914926	382.6469616738089
382.70240302822566	0.494841284533436	trials	200318SL	p33	Z08115	5	4.0	0.0	4	382.85240302822564	383.0472443127591
383.11268573310343	0.4948012842697267	trials	200318SL	p33	Z08115	146	10.0	45.0	8	383.2626857331034	383.4574870173732
383.5329685039088	0.5048413504610494	trials	200318SL	p33	Z08115	167	1.0	135.0	8	383.6829685039088	383.8878098543699
383.94325120878665	0.5048013501972832	trials	200318SL	p33	Z08115	336	5.0	270.0	12	384.0932512087866	384.29805255898395
384.3735340455196	0.5048413504610494	trials	200318SL	p33	Z08115	112	6.0	315.0	4	384.52353404551957	384.72837539598066
384.78377675013365	0.5148414163886628	trials	200318SL	p33	Z08115	41	10.0	90.0	4	384.93377675013363	385.14861816652234
385.22409965305803	0.5148414163886059	trials	200318SL	p33	Z08115	109	3.0	315.0	4	385.374099653058	385.58894106944666
387.3555137048678	0.5048413504610494	trials	200318SL	p33	Z08115	245	4.0	0.0	12	387.5055137048678	387.7103550553289
387.7757964756732	0.494841284533436	trials	200318SL	p33	Z08115	148	12.0	45.0	8	387.92579647567317	388.12063776020665
388.186079180551	0.5148414163886059	trials	200318SL	p33	Z08115	26	10.0	45.0	4	388.336079180551	388.55092059693965
388.6063219510927	0.5048413504610494	trials	200318SL	p33	Z08115	218	7.0	270.0	8	388.7563219510927	388.96116330155377
389.0166446562342	0.4948012842697267	trials	200318SL	p33	Z08115	309	8.0	180.0	12	389.16664465623415	389.3614459405039
389.4368874267759	0.5048413504609925	trials	200318SL	p33	Z08115	276	5.0	90.0	12	389.5868874267759	389.7917287772369
389.8471701316537	0.5048413504610494	trials	200318SL	p33	Z08115	35	4.0	90.0	4	389.99717013165366	390.20201148211476
390.2774529683867	0.494841284533436	trials	200318SL	p33	Z08115	61	0.0	180.0	4	390.42745296838666	390.62229425292014
392.3988669542689	0.5148414163886059	trials	200318SL	p33	Z08115	324	8.0	225.0	12	392.5488669542689	392.7637083706575
392.8191497250743	0.5048413504609925	trials	200318SL	p33	Z08115	260	4.0	45.0	12	392.96914972507426	393.1739910755353
393.23943249587967	0.5048413504609925	trials	200318SL	p33	Z08115	262	6.0	45.0	12	393.38943249587965	393.5942738463407
393.65971526668505	0.494841284533436	trials	200318SL	p33	Z08115	56	10.0	135.0	4	393.80971526668503	394.0045565512185
394.0699979715628	0.5148414163886628	trials	200318SL	p33	Z08115	165	14.0	90.0	8	394.2199979715628	394.4348393879515
394.49028074236827	0.5048413504610494	trials	200318SL	p33	Z08115	271	0.0	90.0	12	394.64028074236825	394.84512209282934
394.9005634472461	0.5048413504609925	trials	200318SL	p33	Z08115	137	1.0	45.0	8	395.0505634472461	395.2554047977071
395.33084628397904	0.494841284533436	trials	200318SL	p33	Z08115	299	13.0	135.0	12	395.480846283979	395.6756875685125
397.4322601380061	0.49480128426966985	trials	200318SL	p33	Z08115	216	5.0	270.0	8	397.58226013800606	397.7770614222758
397.84250284262015	0.49484128453337917	trials	200318SL	p33	Z08115	311	10.0	180.0	12	397.9925028426201	398.18734412715355
398.2527855474979	0.5148414163886059	trials	200318SL	p33	Z08115	142	6.0	45.0	8	398.4027855474979	398.61762696388655
398.6730683183033	0.5048413504609925	trials	200318SL	p33	Z08115	39	8.0	90.0	4	398.8230683183033	399.0279096687643
399.0833510231811	0.5148414163886059	trials	200318SL	p33	Z08115	239	13.0	315.0	8	399.23335102318106	399.4481924395697
399.5136338599141	0.494841284533436	trials	200318SL	p33	Z08115	189	8.0	180.0	8	399.66363385991406	399.85847514444754
399.92391656479185	0.494841284533436	trials	200318SL	p33	Z08115	254	13.0	0.0	12	400.07391656479183	400.2687578493253
400.34419933559735	0.49480128426966985	trials	200318SL	p33	Z08115	305	4.0	180.0	12	400.49419933559733	400.68900061986704
402.4055729256502	0.5048413504609925	trials	200318SL	p33	Z08115	115	9.0	315.0	4	402.55557292565015	402.7604142761112
402.82585569645556	0.5048413504609925	trials	200318SL	p33	Z08115	315	14.0	180.0	12	402.97585569645554	403.1806970469166
403.23613840133333	0.5148414163886059	trials	200318SL	p33	Z08115	194	13.0	180.0	8	403.3861384013333	403.60097981772196
403.656381171875	0.5048413504610494	trials	200318SL	p33	Z08115	28	12.0	45.0	4	403.806381171875	404.0112225223361
404.0666638767528	0.5048413504611062	trials	200318SL	p33	Z08115	0			0	404.21666387675276	404.4215052272139
404.49694671348584	0.494841284533436	trials	200318SL	p33	Z08115	44	13.0	90.0	4	404.6469467134858	404.8417879980193
404.89722935243606	0.5048413504609925	trials	200318SL	p33	Z08115	263	7.0	45.0	12	405.04722935243603	405.2520707028971
405.327512189169	0.494841284533436	trials	200318SL	p33	Z08115	219	8.0	270.0	8	405.477512189169	405.67235347370246
408.5996937617363	0.5048413504609925	trials	200318SL	p33	Z08115	180	14.0	135.0	8	408.7496937617363	408.95453511219733
409.0099764666141	0.5048413504610494	trials	200318SL	p33	Z08115	317	1.0	225.0	12	409.15997646661407	409.36481781707516
409.4202591714919	0.5148414163886628	trials	200318SL	p33	Z08115	89	13.0	225.0	4	409.5702591714919	409.7851005878806
409.85054200822486	0.49480128426978354	trials	200318SL	p33	Z08115	268	12.0	45.0	12	410.00054200822484	410.19534329249467
410.2608247131027	0.4948012842697267	trials	200318SL	p33	Z08115	20	4.0	45.0	4	410.41082471310267	410.60562599737244
410.68110748390814	0.5048413504609925	trials	200318SL	p33	Z08115	326	10.0	225.0	12	410.8311074839081	411.03594883436915
411.0913901887859	0.4948012842697267	trials	200318SL	p33	Z08115	307	6.0	180.0	12	411.2413901887859	411.43619147305566
411.5216730255189	0.49480128426966985	trials	200318SL	p33	Z08115	106	0.0	315.0	4	411.6716730255189	411.8664743097886
413.79316800084257	0.5148414163886059	trials	200318SL	p33	Z08115	57	11.0	135.0	4	413.94316800084255	414.1580094172312
414.22345083757557	0.494841284533436	trials	200318SL	p33	Z08115	288	2.0	135.0	12	414.37345083757555	414.568292122109
414.64373360838096	0.5048413504611062	trials	200318SL	p33	Z08115	7	6.0	0.0	4	414.79373360838093	414.9985749588421
415.0540163132588	0.5148414163886628	trials	200318SL	p33	Z08115	34	3.0	90.0	4	415.20401631325876	415.41885772964747
415.4842991499918	0.494841284533436	trials	200318SL	p33	Z08115	244	3.0	0.0	12	415.63429914999176	415.82914043452524
415.8945818548696	0.49484128453337917	trials	200318SL	p33	Z08115	273	2.0	90.0	12	416.0445818548696	416.239423139403
417.37559161874793	0.5048013501972832	trials	200318SL	p33	Z08115	332	1.0	270.0	12	417.5255916187479	417.73039296894524
417.7958343892896	0.494841284533436	trials	200318SL	p33	Z08115	344	13.0	270.0	12	417.9458343892896	418.14067567382307
418.1961170282398	0.5048413504609925	trials	200318SL	p33	Z08115	238	12.0	315.0	8	418.3461170282398	418.55095837870084
418.62639986497277	0.494841284533436	trials	200318SL	p33	Z08115	8	7.0	0.0	4	418.77639986497275	418.9712411495062
419.0366825698506	0.49484128453337917	trials	200318SL	p33	Z08115	181	0.0	180.0	8	419.1866825698506	419.381523854384
419.44696527472837	0.5048413504610494	trials	200318SL	p33	Z08115	24	8.0	45.0	4	419.59696527472835	419.80180662518944
419.8672080452701	0.49484128453337917	trials	200318SL	p33	Z08115	79	3.0	225.0	4	420.0172080452701	420.2120493298035
420.2774907501479	0.494841284533436	trials	200318SL	p33	Z08115	334	3.0	270.0	12	420.42749075014785	420.62233203468134
423.34955100337197	0.5248414823162193	trials	200318SL	p33	Z08115	187	6.0	180.0	8	423.49955100337195	423.7243924856882
423.77983384010497	0.49484128453337917	trials	200318SL	p33	Z08115	217	6.0	270.0	8	423.92983384010495	424.1246751246384
424.19011654498274	0.5148414163886059	trials	200318SL	p33	Z08115	275	4.0	90.0	12	424.3401165449827	424.5549579613714
424.62039938171574	0.494841284533436	trials	200318SL	p33	Z08115	351	5.0	315.0	12	424.7703993817157	424.9652406662492
425.0306820865935	0.494841284533436	trials	200318SL	p33	Z08115	129	8.0	0.0	8	425.1806820865935	425.375523371127
425.4509648573989	0.494841284533436	trials	200318SL	p33	Z08115	247	6.0	0.0	12	425.6009648573989	425.79580614193236
425.86124756227673	0.4948012842697267	trials	200318SL	p33	Z08115	103	12.0	270.0	4	426.0112475622767	426.2060488465465
426.2815303330821	0.5048413504610494	trials	200318SL	p33	Z08115	256	0.0	45.0	12	426.4315303330821	426.6363716835432
429.0533886071595	0.5048013501972832	trials	200318SL	p33	Z08115	58	12.0	135.0	4	429.20338860715947	429.4081899573568
429.46367131203726	0.5048013501973401	trials	200318SL	p33	Z08115	161	10.0	90.0	8	429.61367131203724	429.8184726622346
429.8739140166514	0.5048413504609925	trials	200318SL	p33	Z08115	185	4.0	180.0	8	430.02391401665136	430.2287553671124
430.29419678745677	0.5048413504609925	trials	200318SL	p33	Z08115	286	0.0	135.0	12	430.44419678745675	430.6490381379178
430.70447949233454	0.5048413504610494	trials	200318SL	p33	Z08115	265	9.0	45.0	12	430.8544794923345	431.0593208427956
431.13476232906754	0.494841284533436	trials	200318SL	p33	Z08115	141	5.0	45.0	8	431.2847623290675	431.479603613601
431.5450450339453	0.5048413504610494	trials	200318SL	p33	Z08115	18	2.0	45.0	4	431.6950450339453	431.8998863844064
431.97532787067837	0.5048413504609925	trials	200318SL	p33	Z08115	296	10.0	135.0	12	432.12532787067835	432.3301692211394
435.1474287834422	0.5148414163886059	trials	200318SL	p33	Z08115	316	0.0	225.0	12	435.2974287834422	435.5122701998308
435.5677115542476	0.5048413504609925	trials	200318SL	p33	Z08115	253	12.0	0.0	12	435.71771155424756	435.9225529047086
435.97799425912535	0.5048413504610494	trials	200318SL	p33	Z08115	126	5.0	0.0	8	436.12799425912533	436.3328356095864
436.3982770299308	0.5048413504609925	trials	200318SL	p33	Z08115	222	11.0	270.0	8	436.5482770299308	436.7531183803918
436.80855973480857	0.5048413504609925	trials	200318SL	p33	Z08115	345	14.0	270.0	12	436.95855973480855	437.1634010852696
437.21884243968634	0.5148414163886059	trials	200318SL	p33	Z08115	65	4.0	180.0	4	437.3688424396863	437.58368385607497
437.64912527641934	0.49480128426966985	trials	200318SL	p33	Z08115	0			0	437.7991252764193	437.99392656068903
438.0493679151058	0.5048413504610494	trials	200318SL	p33	Z08115	67	6.0	180.0	4	438.19936791510577	438.40420926556686
440.801226057328	0.5148414163886059	trials	200318SL	p33	Z08115	318	2.0	225.0	12	440.951226057328	441.1660674737166
441.2215088281334	0.49480128426966985	trials	200318SL	p33	Z08115	325	9.0	225.0	12	441.37150882813336	441.5663101124031
441.6517916648663	0.5048413504611062	trials	200318SL	p33	Z08115	17	1.0	45.0	4	441.8017916648663	442.00663301532745
442.0720744356718	0.49484128453337917	trials	200318SL	p33	Z08115	356	10.0	315.0	12	442.2220744356718	442.4169157202052
442.4923572064772	0.49480128426966985	trials	200318SL	p33	Z08115	272	1.0	90.0	12	442.6423572064772	442.8371584907469
442.902639911355	0.5148414163886059	trials	200318SL	p33	Z08115	110	4.0	315.0	4	443.05263991135496	443.2674813277436
443.3328827478242	0.494841284533436	trials	200318SL	p33	Z08115	55	9.0	135.0	4	443.4828827478242	443.6777240323577
443.76316558455727	0.494841284533436	trials	200318SL	p33	Z08115	242	1.0	0.0	12	443.91316558455725	444.10800686909073
445.8946196366308	0.5248414823161625	trials	200318SL	p33	Z08115	72	11.0	180.0	4	446.0446196366308	446.269461118947
446.32490247336375	0.494841284533436	trials	200318SL	p33	Z08115	333	2.0	270.0	12	446.4749024733637	446.6697437578972
446.7351851782416	0.5148414163886059	trials	200318SL	p33	Z08115	335	4.0	270.0	12	446.88518517824156	447.1000265946302
447.1654680149746	0.49484128453337917	trials	200318SL	p33	Z08115	54	8.0	135.0	4	447.31546801497456	447.510309299508
447.57575071985235	0.5148414163886628	trials	200318SL	p33	Z08115	200	4.0	225.0	8	447.72575071985233	447.94059213624104
447.99603349065774	0.5048413504610494	trials	200318SL	p33	Z08115	102	11.0	270.0	4	448.1460334906577	448.3508748411188
448.40627619527186	0.5148814166523152	trials	200318SL	p33	Z08115	131	10.0	0.0	8	448.55627619527183	448.7711576119242
448.83659903226857	0.49480128426966985	trials	200318SL	p33	Z08115	30	14.0	45.0	4	448.98659903226854	449.18140031653826
450.9580130181508	0.5248414823161625	trials	200318SL	p33	Z08115	261	5.0	45.0	12	451.10801301815076	451.33285450046696
451.3882958548837	0.5048413504610494	trials	200318SL	p33	Z08115	327	11.0	225.0	12	451.5382958548837	451.7431372053448
451.80853862542546	0.5048813507247587	trials	200318SL	p33	Z08115	69	8.0	180.0	4	451.95853862542543	452.16341997615024
452.22886139649455	0.4948012842697267	trials	200318SL	p33	Z08115	105	14.0	270.0	4	452.37886139649453	452.5736626807643
452.63910410110867	0.49484128453337917	trials	200318SL	p33	Z08115	220	9.0	270.0	8	452.78910410110865	452.9839453856421
453.05938687191406	0.49484128453337917	trials	200318SL	p33	Z08115	4	3.0	0.0	4	453.20938687191403	453.40422815644746
453.46966957679183	0.494841284533436	trials	200318SL	p33	Z08115	302	1.0	180.0	12	453.6196695767918	453.8145108613253
453.8799522816696	0.5148414163886059	trials	200318SL	p33	Z08115	295	9.0	135.0	12	454.0299522816696	454.24479369805823
455.9012856077483	0.494841284533436	trials	200318SL	p33	Z08115	237	11.0	315.0	8	456.0512856077483	456.2461268922818
456.31156831262615	0.49484128453337917	trials	200318SL	p33	Z08115	157	6.0	90.0	8	456.4615683126261	456.65640959715955
456.7218510175039	0.494841284533436	trials	200318SL	p33	Z08115	250	9.0	0.0	12	456.8718510175039	457.0666923020374
457.1421337883093	0.494841284533436	trials	200318SL	p33	Z08115	193	12.0	180.0	8	457.2921337883093	457.48697507284277
457.55241649318714	0.49484128453337917	trials	200318SL	p33	Z08115	191	10.0	180.0	8	457.7024164931871	457.89725777772054
457.9626591978012	0.5148814166523152	trials	200318SL	p33	Z08115	257	1.0	45.0	12	458.1126591978012	458.32754061445354
458.3829419686066	0.49484128453337917	trials	200318SL	p33	Z08115	0			0	458.53294196860656	458.72778325314
458.79322467348436	0.494841284533436	trials	200318SL	p33	Z08115	207	11.0	225.0	8	458.94322467348434	459.1380659580178
461.86528492670845	0.5048413504609925	trials	200318SL	p33	Z08115	246	5.0	0.0	12	462.01528492670843	462.22012627716947
462.28556769751384	0.494841284533436	trials	200318SL	p33	Z08115	3	2.0	0.0	4	462.4355676975138	462.6304089820473
462.68585033646406	0.5248414823162193	trials	200318SL	p33	Z08115	290	4.0	135.0	12	462.83585033646403	463.0606918187803
463.116133173197	0.494841284533436	trials	200318SL	p33	Z08115	15	14.0	0.0	4	463.266133173197	463.46097445773046
463.5263758778111	0.5148814166523721	trials	200318SL	p33	Z08115	11	10.0	0.0	4	463.6763758778111	463.8912572944635
463.9466586486165	0.5048413504610494	trials	200318SL	p33	Z08115	153	2.0	90.0	8	464.0966586486165	464.3014999990776
464.35694135349434	0.5048413504609925	trials	200318SL	p33	Z08115	201	5.0	225.0	8	464.5069413534943	464.71178270395535
464.78722419022733	0.49484128453337917	trials	200318SL	p33	Z08115	186	5.0	180.0	8	464.9372241902273	465.13206547476074
466.8786379783267	0.5048413504609925	trials	200318SL	p33	Z08115	225	14.0	270.0	8	467.0286379783267	467.2334793287877
467.2989207491321	0.494841284533436	trials	200318SL	p33	Z08115	73	12.0	180.0	4	467.44892074913207	467.64376203366555
467.70920345400987	0.5148414163886059	trials	200318SL	p33	Z08115	199	3.0	225.0	8	467.85920345400984	468.0740448703985
468.12948622481525	0.5048413504610494	trials	200318SL	p33	Z08115	45	14.0	90.0	4	468.27948622481523	468.4843275752763
468.54972899535693	0.5148814166524289	trials	200318SL	p33	Z08115	319	3.0	225.0	12	468.6997289953569	468.9146104120094
468.9700117661624	0.494841284533436	trials	200318SL	p33	Z08115	124	3.0	0.0	8	469.12001176616235	469.31485305069583
469.3802944710402	0.49484128453337917	trials	200318SL	p33	Z08115	113	7.0	315.0	4	469.5302944710402	469.7251357555736
469.8005772418456	0.5048413504609925	trials	200318SL	p33	Z08115	108	2.0	315.0	4	469.95057724184556	470.1554185923066
471.92199122772774	0.5148414163886059	trials	200318SL	p33	Z08115	214	3.0	270.0	8	472.0719912277277	472.2868326441164
472.35231406472445	0.4948012842697267	trials	200318SL	p33	Z08115	40	9.0	90.0	4	472.50231406472443	472.6971153489942
472.75255670341096	0.5048413504609925	trials	200318SL	p33	Z08115	2	1.0	0.0	4	472.90255670341094	473.107398053872
473.1828395401439	0.494841284533436	trials	200318SL	p33	Z08115	340	9.0	270.0	12	473.3328395401439	473.52768082467736
473.59312224502173	0.49484128453337917	trials	200318SL	p33	Z08115	349	3.0	315.0	12	473.7431222450217	473.93796352955513
474.0134050158271	0.5048413504610494	trials	200318SL	p33	Z08115	350	4.0	315.0	12	474.1634050158271	474.3682463662882
474.4236877207049	0.5048413504611062	trials	200318SL	p33	Z08115	31	0.0	90.0	4	474.57368772070487	474.778529071166
474.833930425319	0.5148814166523721	trials	200318SL	p33	Z08115	297	11.0	135.0	12	474.983930425319	475.1988118419714
478.0060713383466	0.5148414163886059	trials	200318SL	p33	Z08115	158	7.0	90.0	8	478.1560713383466	478.37091275473523
478.43635417507954	0.5048413504610494	trials	200318SL	p33	Z08115	179	13.0	135.0	8	478.5863541750795	478.7911955255406
478.8466368799574	0.5148414163886059	trials	200318SL	p33	Z08115	308	7.0	180.0	12	478.99663687995735	479.211478296346
479.26691965076276	0.5048413504609925	trials	200318SL	p33	Z08115	90	14.0	225.0	4	479.41691965076274	479.6217610012238
479.6771623553768	0.5048813507247019	trials	200318SL	p33	Z08115	101	10.0	270.0	4	479.8271623553768	480.03204370610155
480.10748519237353	0.494841284533436	trials	200318SL	p33	Z08115	259	3.0	45.0	12	480.2574851923735	480.452326476907
480.51772789698765	0.494841284533436	trials	200318SL	p33	Z08115	301	0.0	180.0	12	480.6677278969876	480.8625691815211
480.9180105359378	0.5148414163886628	trials	200318SL	p33	Z08115	85	9.0	225.0	4	481.0680105359378	481.2828519523265
483.1695053794063	0.5048413504609925	trials	200318SL	p33	Z08115	190	9.0	180.0	8	483.3195053794063	483.5243467298673
483.5897881502117	0.494841284533436	trials	200318SL	p33	Z08115	42	11.0	90.0	4	483.73978815021167	483.93462943474515
483.99007078916185	0.5048413504610494	trials	200318SL	p33	Z08115	213	2.0	270.0	8	484.1400707891618	484.3449121396229
484.42035362589485	0.5048413504611062	trials	200318SL	p33	Z08115	143	7.0	45.0	8	484.5703536258948	484.775194976356
484.8306363307727	0.5048413504610494	trials	200318SL	p33	Z08115	178	12.0	135.0	8	484.98063633077265	485.18547768123375
485.2509191015781	0.5048413504609925	trials	200318SL	p33	Z08115	280	9.0	90.0	12	485.4009191015781	485.60576045203914
485.67116187211974	0.5148814166523721	trials	200318SL	p33	Z08115	241	0.0	0.0	12	485.8211618721197	486.03604328877213
486.0914446429251	0.5048813507247587	trials	200318SL	p33	Z08115	139	3.0	45.0	8	486.2414446429251	486.4463259936499
488.6231813339489	0.5048013501972832	trials	200318SL	p33	Z08115	60	14.0	135.0	4	488.77318133394886	488.9779826841462
489.0434241044905	0.494841284533436	trials	200318SL	p33	Z08115	127	6.0	0.0	8	489.1934241044905	489.38826538902396
489.4537068093683	0.5148414163886628	trials	200318SL	p33	Z08115	231	5.0	315.0	8	489.6037068093683	489.818548225757
489.87398958017377	0.5048413504609925	trials	200318SL	p33	Z08115	177	11.0	135.0	8	490.02398958017375	490.2288309306348
490.28427228505154	0.5148414163886059	trials	200318SL	p33	Z08115	331	0.0	270.0	12	490.4342722850515	490.64911370144017
490.71455512178454	0.494841284533436	trials	200318SL	p33	Z08115	100	9.0	270.0	4	490.8645551217845	491.059396406318
491.11483776073476	0.5048413504609925	trials	200318SL	p33	Z08115	114	8.0	315.0	4	491.26483776073474	491.4696791111958
491.5451205974677	0.494841284533436	trials	200318SL	p33	Z08115	182	1.0	180.0	8	491.6951205974677	491.88996188200116
493.6665345833499	0.5148414163886059	trials	200318SL	p33	Z08115	183	2.0	180.0	8	493.8165345833499	494.03137599973854
494.0868173541553	0.5048413504609925	trials	200318SL	p33	Z08115	359	13.0	315.0	12	494.2368173541553	494.4416587046163
494.4971000590331	0.5148414163886628	trials	200318SL	p33	Z08115	0			0	494.64710005903305	494.86194147542176
494.92738289576613	0.5048413504609925	trials	200318SL	p33	Z08115	204	8.0	225.0	8	495.0773828957661	495.28222424622714
495.3376656006439	0.5148414163886059	trials	200318SL	p33	Z08115	14	13.0	0.0	4	495.4876656006439	495.70250701703253
495.7579083711856	0.5048813507247587	trials	200318SL	p33	Z08115	337	6.0	270.0	12	495.90790837118556	496.11278972191036
496.1681910760634	0.5048413504609925	trials	200318SL	p33	Z08115	291	5.0	135.0	12	496.3181910760634	496.5230324265244
497.6692009717969	0.5048413504611062	trials	200318SL	p33	Z08115	202	6.0	225.0	8	497.8192009717969	498.024042322258
498.0894837426023	0.49484128453349285	trials	200318SL	p33	Z08115	172	6.0	135.0	8	498.23948374260226	498.4343250271358
498.4997664474801	0.5148414163886628	trials	200318SL	p33	Z08115	155	4.0	90.0	8	498.6497664474801	498.8646078638688
498.92004921828556	0.5048413504609925	trials	200318SL	p33	Z08115	234	8.0	315.0	8	499.07004921828553	499.27489056874657
499.3303319231633	0.5148414163886059	trials	200318SL	p33	Z08115	184	3.0	180.0	8	499.4803319231633	499.69517333955196
499.7606147598963	0.49480128426966985	trials	200318SL	p33	Z08115	228	2.0	315.0	8	499.9106147598963	500.105416044166
500.1708574645104	0.5148814166523152	trials	200318SL	p33	Z08115	329	13.0	225.0	12	500.32085746451037	500.53573888116273
500.5911802355795	0.5048013501973401	trials	200318SL	p33	Z08115	287	1.0	135.0	12	500.74118023557946	500.94598158577685
502.6725539574876	0.5048413504609925	trials	200318SL	p33	Z08115	235	9.0	315.0	8	502.82255395748757	503.0273953079486
503.092836728293	0.494841284533436	trials	200318SL	p33	Z08115	357	11.0	315.0	12	503.24283672829296	503.43767801282644
503.49307936697943	0.5048813507247587	trials	200318SL	p33	Z08115	117	11.0	315.0	4	503.6430793669794	503.8479607177042
503.92336220371243	0.5048413504609925	trials	200318SL	p33	Z08115	360	14.0	315.0	12	504.0733622037124	504.27820355417344
504.3336449085902	0.494841284533436	trials	200318SL	p33	Z08115	342	11.0	270.0	12	504.4836449085902	504.67848619312366
504.75392767939564	0.5048413504610494	trials	200318SL	p33	Z08115	9	8.0	0.0	4	504.9039276793956	505.1087690298567
505.1642103842734	0.5048413504610494	trials	200318SL	p33	Z08115	99	8.0	270.0	4	505.3142103842734	505.5190517347345
505.5744930891512	0.5148414163886628	trials	200318SL	p33	Z08115	303	2.0	180.0	12	505.72449308915117	505.9393345055399
507.775947602718	0.5248814825799286	trials	200318SL	p33	Z08115	282	11.0	90.0	12	507.925947602718	508.15082908529797
508.20623043945096	0.5048413504610494	trials	200318SL	p33	Z08115	31	0.0	90.0	4	508.35623043945094	508.56107178991203
508.6165131443288	0.5148414163886059	trials	200318SL	p33	Z08115	231	5.0	315.0	8	508.76651314432877	508.9813545607174
509.04679598106173	0.494841284533436	trials	200318SL	p33	Z08115	319	3.0	225.0	12	509.1967959810617	509.3916372655952
509.45707868593956	0.5148414163886628	trials	200318SL	p33	Z08115	316	0.0	225.0	12	509.60707868593954	509.82192010232825
509.87736145674495	0.5048413504610494	trials	200318SL	p33	Z08115	204	8.0	225.0	8	510.0273614567449	510.232202807206
510.2876441616227	0.5148414163886628	trials	200318SL	p33	Z08115	139	3.0	45.0	8	510.4376441616227	510.6524855780114
510.7179269983558	0.494841284533436	trials	200318SL	p33	Z08115	35	4.0	90.0	4	510.86792699835576	511.06276828288924
513.3797045467021	0.5148414163885491	trials	200318SL	p33	Z08115	254	13.0	0.0	12	513.5297045467021	513.7445459630907
513.8099873834351	0.494841284533436	trials	200318SL	p33	Z08115	307	6.0	180.0	12	513.9599873834351	514.1548286679686
514.2202700883129	0.5148414163886628	trials	200318SL	p33	Z08115	119	13.0	315.0	4	514.3702700883129	514.5851115047016
514.6405528591183	0.5048413504609925	trials	200318SL	p33	Z08115	86	10.0	225.0	4	514.7905528591183	514.9953942095793
515.06079562966	0.5148814166523152	trials	200318SL	p33	Z08115	315	14.0	180.0	12	515.21079562966	515.4256770463123
515.4811184007291	0.49480128426966985	trials	200318SL	p33	Z08115	120	14.0	315.0	4	515.6311184007291	515.8259196849988
515.8913611053432	0.494841284533436	trials	200318SL	p33	Z08115	335	4.0	270.0	12	516.0413611053432	516.2362023898767
516.3116838764123	0.5048013501972264	trials	200318SL	p33	Z08115	29	13.0	45.0	4	516.4616838764123	516.6664852266096
519.0535019524431	0.5148414163886628	trials	200318SL	p33	Z08115	181	0.0	180.0	8	519.203501952443	519.4183433688318
519.4737847232485	0.5048413504609925	trials	200318SL	p33	Z08115	103	12.0	270.0	4	519.6237847232485	519.8286260737095
519.8840674281263	0.5048013501972264	trials	200318SL	p33	Z08115	112	6.0	315.0	4	520.0340674281263	520.2388687783235
520.3143502648593	0.5048013501973401	trials	200318SL	p33	Z08115	88	12.0	225.0	4	520.4643502648593	520.6691516150566
520.7246329697371	0.5148014161250103	trials	200318SL	p33	Z08115	124	3.0	0.0	8	520.874632969737	521.0894343858621
521.1548758062064	0.494841284533436	trials	200318SL	p33	Z08115	109	3.0	315.0	4	521.3048758062064	521.4997170907399
521.5651585110842	0.5148414163886628	trials	200318SL	p33	Z08115	136	0.0	45.0	8	521.7151585110842	521.9299999274729
521.9854412818895	0.5048413504611062	trials	200318SL	p33	Z08115	163	12.0	90.0	8	522.1354412818895	522.3402826323506
525.1175419309429	0.5048413504609925	trials	200318SL	p33	Z08115	156	5.0	90.0	8	525.2675419309429	525.472383281404
526.5585114308471	0.5048413504609925	trials	200318SL	p33	Z08115	33	2.0	90.0	4	526.7085114308471	526.9133527813082
526.968794135725	0.5048013501973401	trials	200318SL	p33	Z08115	336	5.0	270.0	12	527.118794135725	527.3235954859224
527.3990769724579	0.5048413504611062	trials	200318SL	p33	Z08115	176	10.0	135.0	8	527.5490769724579	527.753918322919
527.8093596773358	0.5048013501973401	trials	200318SL	p33	Z08115	43	12.0	90.0	4	527.9593596773358	528.1641610275332
528.2396025138052	0.494841284533436	trials	200318SL	p33	Z08115	351	5.0	315.0	12	528.3896025138051	528.5844437983386
528.6498852186828	0.494841284533436	trials	200318SL	p33	Z08115	289	3.0	135.0	12	528.7998852186828	528.9947265032163
529.0701679894883	0.5048413504611062	trials	200318SL	p33	Z08115	115	9.0	315.0	4	529.2201679894882	529.4250093399494
529.4904507602936	0.5148414163886628	trials	200318SL	p33	Z08115	252	11.0	0.0	12	529.6404507602936	529.8552921766823
531.6919452741241	0.5048413504609925	trials	200318SL	p33	Z08115	202	6.0	225.0	8	531.8419452741241	532.0467866245851
532.1122280449295	0.49480128426978354	trials	200318SL	p33	Z08115	186	5.0	180.0	8	532.2622280449294	532.4570293291993
532.512470683616	0.5148414163886628	trials	200318SL	p33	Z08115	83	7.0	225.0	4	532.662470683616	532.8773121000047
532.942753520349	0.494841284533436	trials	200318SL	p33	Z08115	54	8.0	135.0	4	533.092753520349	533.2875948048825
533.3530362252268	0.494841284533436	trials	200318SL	p33	Z08115	100	9.0	270.0	4	533.5030362252268	533.6978775097602
533.7733189960322	0.5048413504609925	trials	200318SL	p33	Z08115	267	11.0	45.0	12	533.9233189960322	534.1281603464932
534.18360170091	0.5248414823162193	trials	200318SL	p33	Z08115	265	9.0	45.0	12	534.33360170091	534.5584431832262
534.613884537643	0.5048413504609925	trials	200318SL	p33	Z08115	144	8.0	45.0	8	534.763884537643	534.968725888104
537.0755407666461	0.5048413504609925	trials	200318SL	p33	Z08115	64	3.0	180.0	4	537.2255407666461	537.4303821171071
537.4858234715238	0.5048013501974538	trials	200318SL	p33	Z08115	148	12.0	45.0	8	537.6358234715237	537.8406248217212
537.8960661761379	0.5048413504609925	trials	200318SL	p33	Z08115	257	1.0	45.0	12	538.0460661761379	538.2509075265989
538.326349012871	0.4948412845333223	trials	200318SL	p33	Z08115	346	0.0	315.0	12	538.476349012871	538.6711902974043
538.7366317177487	0.494841284533436	trials	200318SL	p33	Z08115	268	12.0	45.0	12	538.8866317177486	539.0814730022821
539.136914356699	0.5148414163885491	trials	200318SL	p33	Z08115	87	11.0	225.0	4	539.286914356699	539.5017557730876
539.5671971934319	0.494841284533436	trials	200318SL	p33	Z08115	288	2.0	135.0	12	539.7171971934318	539.9120384779653
539.9774798983098	0.5148414163885491	trials	200318SL	p33	Z08115	246	5.0	0.0	12	540.1274798983097	540.3423213146983
543.389742394391	0.5148414163885491	trials	200318SL	p33	Z08115	36	5.0	90.0	4	543.5397423943909	543.7545838107795
543.8100251651963	0.5048413504609925	trials	200318SL	p33	Z08115	218	7.0	270.0	8	543.9600251651963	544.1648665156573
544.2203078700741	0.494841284533436	trials	200318SL	p33	Z08115	177	11.0	135.0	8	544.370307870074	544.5651491546075
544.6505907068071	0.494841284533436	trials	200318SL	p33	Z08115	339	8.0	270.0	12	544.800590706807	544.9954319913405
545.0508733457573	0.5048413504609925	trials	200318SL	p33	Z08115	262	6.0	45.0	12	545.2008733457573	545.4057146962183
545.4811561824903	0.5048413504611062	trials	200318SL	p33	Z08115	269	13.0	45.0	12	545.6311561824903	545.8359975329514
545.891438887368	0.5048413504609925	trials	200318SL	p33	Z08115	212	1.0	270.0	8	546.041438887368	546.2462802378291
546.321721724101	0.49480128426978354	trials	200318SL	p33	Z08115	253	12.0	0.0	12	546.471721724101	546.6665230083709
548.3530551161074	0.494841284533436	trials	200318SL	p33	Z08115	290	4.0	135.0	12	548.5030551161074	548.6978964006408
548.7733378869128	0.5048413504609925	trials	200318SL	p33	Z08115	15	14.0	0.0	4	548.9233378869128	549.1281792373738
549.1836205917906	0.5048413504609925	trials	200318SL	p33	Z08115	232	6.0	315.0	8	549.3336205917906	549.5384619422516
549.5939032966684	0.5148414163886628	trials	200318SL	p33	Z08115	61	0.0	180.0	4	549.7439032966683	549.9587447130571
550.0141860674737	0.5048413504611062	trials	200318SL	p33	Z08115	142	6.0	45.0	8	550.1641860674737	550.3690274179348
550.4244687723516	0.5248414823162193	trials	200318SL	p33	Z08115	308	7.0	180.0	12	550.5744687723516	550.7993102546678
550.8547116088209	0.504881350724645	trials	200318SL	p33	Z08115	294	8.0	135.0	12	551.0047116088209	551.2095929595456
551.2650343139624	0.5148414163885491	trials	200318SL	p33	Z08115	271	0.0	90.0	12	551.4150343139623	551.6298757303509
553.3864082995808	0.5048413504609925	trials	200318SL	p33	Z08115	99	8.0	270.0	4	553.5364082995808	553.7412496500418
553.7966910044587	0.5048413504609925	trials	200318SL	p33	Z08115	327	11.0	225.0	12	553.9466910044587	554.1515323549197
554.2069737093364	0.5148414163886628	trials	200318SL	p33	Z08115	309	8.0	180.0	12	554.3569737093363	554.571815125725
554.6372565460695	0.494841284533436	trials	200318SL	p33	Z08115	302	1.0	180.0	12	554.7872565460694	554.9820978306029
555.0475392509472	0.5148414163886628	trials	200318SL	p33	Z08115	286	0.0	135.0	12	555.1975392509472	555.4123806673359
555.4678220217527	0.5048413504609925	trials	200318SL	p33	Z08115	67	6.0	180.0	4	555.6178220217527	555.8226633722137
555.8781047266303	0.5048413504611062	trials	200318SL	p33	Z08115	73	12.0	180.0	4	556.0281047266303	556.2329460770915
556.2983874974358	0.5048413504609925	trials	200318SL	p33	Z08115	53	7.0	135.0	4	556.4483874974358	556.6532288478968
559.9007712469327	0.5048413504609925	trials	200318SL	p33	Z08115	149	13.0	45.0	8	560.0507712469326	560.2556125973937
560.3210540177381	0.494841284533436	trials	200318SL	p33	Z08115	66	5.0	180.0	4	560.4710540177381	560.6658953022716
560.7313367226158	0.494841284533436	trials	200318SL	p33	Z08115	353	7.0	315.0	12	560.8813367226157	561.0761780071492
561.1516194934212	0.5048413504611062	trials	200318SL	p33	Z08115	227	1.0	315.0	8	561.3016194934212	561.5064608438823
561.561902198299	0.49480128426978354	trials	200318SL	p33	Z08115	213	2.0	270.0	8	561.711902198299	561.9067034825688
561.9721849031769	0.5148414163885491	trials	200318SL	p33	Z08115	266	10.0	45.0	12	562.1221849031768	562.3370263195654
562.3924276737185	0.5048413504609925	trials	200318SL	p33	Z08115	91	0.0	270.0	4	562.5424276737185	562.7472690241796
562.8027103785963	0.494841284533436	trials	200318SL	p33	Z08115	272	1.0	90.0	12	562.9527103785963	563.1475516631298
566.2850533366981	0.5148414163887765	trials	200318SL	p33	Z08115	224	13.0	270.0	8	566.435053336698	566.6498947530869
566.7053361075035	0.5048413504611062	trials	200318SL	p33	Z08115	133	12.0	0.0	8	566.8553361075035	567.0601774579646
567.1156188123814	0.5148414163886628	trials	200318SL	p33	Z08115	0			0	567.2656188123814	567.4804602287701
567.5458616488506	0.5048813507247587	trials	200318SL	p33	Z08115	354	8.0	315.0	12	567.6958616488506	567.9007429995754
567.9561843539922	0.5148414163886628	trials	200318SL	p33	Z08115	14	13.0	0.0	4	568.1061843539921	568.3210257703809
568.3864271904614	0.494841284533436	trials	200318SL	p33	Z08115	312	11.0	180.0	12	568.5364271904614	568.7312684749949
568.7967098953393	0.5148414163885491	trials	200318SL	p33	Z08115	168	2.0	135.0	8	568.9467098953393	569.1615513117279
569.2169926661447	0.5048413504609925	trials	200318SL	p33	Z08115	122	1.0	0.0	8	569.3669926661447	569.5718340166057
571.0982450687095	0.4948412845333223	trials	200318SL	p33	Z08115	221	10.0	270.0	8	571.2482450687095	571.4430863532428
571.518527839515	0.5048413504609925	trials	200318SL	p33	Z08115	208	12.0	225.0	8	571.6685278395149	571.873369189976
571.9288105443926	0.5048413504609925	trials	200318SL	p33	Z08115	154	3.0	90.0	8	572.0788105443926	572.2836518948536
572.3590933811257	0.5048413504609925	trials	200318SL	p33	Z08115	161	10.0	90.0	8	572.5090933811257	572.7139347315867
572.7693760860034	0.5048413504609925	trials	200318SL	p33	Z08115	313	12.0	180.0	12	572.9193760860034	573.1242174364644
573.1996589227365	0.4948412845333223	trials	200318SL	p33	Z08115	196	0.0	225.0	8	573.3496589227365	573.5445002072698
573.6099416276143	0.494841284533436	trials	200318SL	p33	Z08115	233	7.0	315.0	8	573.7599416276142	573.9547829121477
574.0302243984196	0.5048413504611062	trials	200318SL	p33	Z08115	45	14.0	90.0	4	574.1802243984196	574.3850657488807
578.6032545471136	0.5248814825798718	trials	200318SL	p33	Z08115	283	12.0	90.0	12	578.7532545471136	578.9781360296935
579.0335773841103	0.5048013501972264	trials	200318SL	p33	Z08115	98	7.0	270.0	4	579.1835773841103	579.3883787343076
579.443860088988	0.5148014161250103	trials	200318SL	p33	Z08115	24	8.0	45.0	4	579.593860088988	579.808661505113
579.8741429257211	0.49480128426966985	trials	200318SL	p33	Z08115	0			0	580.0241429257211	580.2189442099908
580.2843856303352	0.4948412845333223	trials	200318SL	p33	Z08115	282	11.0	90.0	12	580.4343856303352	580.6292269148686
580.7046684011406	0.494841284533436	trials	200318SL	p33	Z08115	329	13.0	225.0	12	580.8546684011405	581.049509685674
581.1149511060183	0.5048413504611062	trials	200318SL	p33	Z08115	206	10.0	225.0	8	581.2649511060183	581.4697924564795
582.5659206718502	0.5248414823162193	trials	200318SL	p33	Z08115	325	9.0	225.0	12	582.7159206718502	582.9407621541665
582.9962035085831	0.5048413504609925	trials	200318SL	p33	Z08115	200	4.0	225.0	8	583.1462035085831	583.3510448590441
583.406486213461	0.5148414163886628	trials	200318SL	p33	Z08115	240	14.0	315.0	8	583.556486213461	583.7713276298497
583.8367690501939	0.5048413504611062	trials	200318SL	p33	Z08115	0			0	583.9867690501939	584.191610400655
584.2470517550718	0.5148414163886628	trials	200318SL	p33	Z08115	229	3.0	315.0	8	584.3970517550717	584.6118931714605
584.6773345918048	0.494841284533436	trials	200318SL	p33	Z08115	40	9.0	90.0	4	584.8273345918047	585.0221758763382
585.0775772304912	0.5248814825799855	trials	200318SL	p33	Z08115	16	0.0	45.0	4	585.2275772304912	585.4524587130712
585.507900067488	0.49480128426966985	trials	200318SL	p33	Z08115	298	12.0	135.0	12	585.657900067488	585.8527013517577
587.5992738553236	0.5048413504609925	trials	200318SL	p33	Z08115	50	4.0	135.0	4	587.7492738553236	587.9541152057847
588.019556626129	0.494841284533436	trials	200318SL	p33	Z08115	44	13.0	90.0	4	588.169556626129	588.3643979106624
588.4298393310069	0.5148414163885491	trials	200318SL	p33	Z08115	333	2.0	270.0	12	588.5798393310068	588.7946807473954
588.8501221018122	0.5048413504609925	trials	200318SL	p33	Z08115	303	2.0	180.0	12	589.0001221018122	589.2049634522732
589.2604048066901	0.49480128426966985	trials	200318SL	p33	Z08115	159	8.0	90.0	8	589.41040480669	589.6052060909598
590.981536153622	0.524841482316333	trials	200318SL	p33	Z08115	279	8.0	90.0	12	591.1315361536219	591.3563776359383
591.411818990355	0.494841284533436	trials	200318SL	p33	Z08115	146	10.0	45.0	8	591.5618189903549	591.7566602748884
591.8221016952328	0.494841284533436	trials	200318SL	p33	Z08115	357	11.0	315.0	12	591.9721016952328	592.1669429797663
593.2530711292094	0.524841482316333	trials	200318SL	p33	Z08115	280	9.0	90.0	12	593.4030711292094	593.6279126115257
593.6833539659424	0.5048413504611062	trials	200318SL	p33	Z08115	191	10.0	180.0	8	593.8333539659424	594.0381953164035
594.0936366708202	0.5148414163887765	trials	200318SL	p33	Z08115	215	4.0	270.0	8	594.2436366708201	594.458478087209
594.5239195075532	0.49480128426978354	trials	200318SL	p33	Z08115	10	9.0	0.0	4	594.6739195075531	594.868720791823
594.934202212431	0.49480128426966985	trials	200318SL	p33	Z08115	21	5.0	45.0	4	595.084202212431	595.2790034967007
595.3544449829727	0.5048413504609925	trials	200318SL	p33	Z08115	209	13.0	225.0	8	595.5044449829727	595.7092863334337
595.7647276878505	0.494841284533436	trials	200318SL	p33	Z08115	207	11.0	225.0	8	595.9147276878505	596.109568972384
596.1950105245835	0.4948412845333223	trials	200318SL	p33	Z08115	101	10.0	270.0	4	596.3450105245835	596.5398518091168
598.2063837849984	0.5048013501972264	trials	200318SL	p33	Z08115	243	2.0	0.0	12	598.3563837849983	598.5611851351956
598.6166664898761	0.5048013501972264	trials	200318SL	p33	Z08115	259	3.0	45.0	12	598.7666664898761	598.9714678400734
599.0269091944903	0.5148414163885491	trials	200318SL	p33	Z08115	318	2.0	225.0	12	599.1769091944902	599.3917506108788
599.4571920312231	0.494841284533436	trials	200318SL	p33	Z08115	57	11.0	135.0	4	599.6071920312231	599.8020333157566
599.867474736101	0.5148414163885491	trials	200318SL	p33	Z08115	239	13.0	315.0	8	600.017474736101	600.2323161524896
600.2877575069065	0.5048413504609925	trials	200318SL	p33	Z08115	39	8.0	90.0	4	600.4377575069065	600.6425988573675
600.6980402117841	0.5048413504611062	trials	200318SL	p33	Z08115	230	4.0	315.0	8	600.8480402117841	601.0528815622453
601.1283230485172	0.494841284533436	trials	200318SL	p33	Z08115	51	5.0	135.0	4	601.2783230485172	601.4731643330507
603.18969663857	0.5048413504609925	trials	200318SL	p33	Z08115	178	12.0	135.0	8	603.33969663857	603.544537989031
603.619979475303	0.494841284533436	trials	200318SL	p33	Z08115	331	0.0	270.0	12	603.769979475303	603.9648207598365
604.0302621801809	0.494841284533436	trials	200318SL	p33	Z08115	81	5.0	225.0	4	604.1802621801809	604.3751034647144
604.4405448850587	0.5048413504609925	trials	200318SL	p33	Z08115	238	12.0	315.0	8	604.5905448850586	604.7953862355197
604.8607876556003	0.494841284533436	trials	200318SL	p33	Z08115	147	11.0	45.0	8	605.0107876556003	605.2056289401338
605.2710703604781	0.4948412845333223	trials	200318SL	p33	Z08115	203	7.0	225.0	8	605.4210703604781	605.6159116450115
605.6913531312836	0.4948412845333223	trials	200318SL	p33	Z08115	358	12.0	315.0	12	605.8413531312835	606.0361944158169
606.1016358361612	0.494841284533436	trials	200318SL	p33	Z08115	80	4.0	225.0	4	606.2516358361612	606.4464771206947
608.7033729886782	0.5148414163885491	trials	200318SL	p33	Z08115	13	12.0	0.0	4	608.8533729886782	609.0682144050668
609.1236557594837	0.494841284533436	trials	200318SL	p33	Z08115	270	14.0	45.0	12	609.2736557594836	609.4684970440171
609.5339384643614	0.5148414163886628	trials	200318SL	p33	Z08115	199	3.0	225.0	8	609.6839384643614	609.8987798807501
609.9642213010944	0.494841284533436	trials	200318SL	p33	Z08115	311	10.0	180.0	12	610.1142213010944	610.3090625856279
610.3645039400445	0.524841482316333	trials	200318SL	p33	Z08115	151	0.0	90.0	8	610.5145039400445	610.7393454223609
610.7947867767776	0.5048413504609925	trials	200318SL	p33	Z08115	324	8.0	225.0	12	610.9447867767776	611.1496281272387
611.2050694816554	0.5148414163886628	trials	200318SL	p33	Z08115	348	2.0	315.0	12	611.3550694816554	611.5699108980441
611.6353523183884	0.49480128426966985	trials	200318SL	p33	Z08115	185	4.0	180.0	8	611.7853523183884	611.9801536026581
613.7267261062241	0.5048413504609925	trials	200318SL	p33	Z08115	125	4.0	0.0	8	613.876726106224	614.0815674566851
614.1470088770295	0.494841284533436	trials	200318SL	p33	Z08115	281	10.0	90.0	12	614.2970088770295	614.491850161563
614.5472915159796	0.5148414163886628	trials	200318SL	p33	Z08115	326	10.0	225.0	12	614.6972915159796	614.9121329323683
614.9775743527127	0.4948412845333223	trials	200318SL	p33	Z08115	95	4.0	270.0	4	615.1275743527127	615.3224156372461
615.3878570575904	0.5148414163887765	trials	200318SL	p33	Z08115	251	10.0	0.0	12	615.5378570575904	615.7526984739792
615.8181398943235	0.4948412845333223	trials	200318SL	p33	Z08115	2	1.0	0.0	4	615.9681398943235	616.1629811788569
616.21838253301	0.5248814825799855	trials	200318SL	p33	Z08115	160	9.0	90.0	8	616.3683825330099	616.59326401559
616.6487053700066	0.5048013501973401	trials	200318SL	p33	Z08115	94	3.0	270.0	4	616.7987053700066	617.003506720204
618.7700793556251	0.5148814166524289	trials	200318SL	p33	Z08115	334	3.0	270.0	12	618.920079355625	619.1349607722775
620.4512104388468	0.5148414163885491	trials	200318SL	p33	Z08115	27	11.0	45.0	4	620.6012104388468	620.8160518552354
620.8814932755797	0.494841284533436	trials	200318SL	p33	Z08115	226	0.0	315.0	8	621.0314932755797	621.2263345601132
621.2917759804576	0.5148414163885491	trials	200318SL	p33	Z08115	328	12.0	225.0	12	621.4417759804576	621.6566173968462
621.7120587512629	0.5048413504609925	trials	200318SL	p33	Z08115	182	1.0	180.0	8	621.8620587512629	622.066900101724
622.1223414561407	0.5248414823162193	trials	200318SL	p33	Z08115	55	9.0	135.0	4	622.2723414561407	622.497182938457
622.5526242928737	0.5048413504611062	trials	200318SL	p33	Z08115	157	6.0	90.0	8	622.7026242928737	622.9074656433348
622.9629069977515	0.5148414163886628	trials	200318SL	p33	Z08115	321	5.0	225.0	12	623.1129069977515	623.3277484141402
623.3931898344846	0.4948412845333223	trials	200318SL	p33	Z08115	264	8.0	45.0	12	623.5431898344846	623.7380311190179
625.6046844142426	0.49480128426966985	trials	200318SL	p33	Z08115	275	4.0	90.0	12	625.7546844142425	625.9494856985123
626.024967185048	0.5048013501972264	trials	200318SL	p33	Z08115	107	1.0	315.0	4	626.174967185048	626.3797685352453
626.4452099555896	0.5148814166523152	trials	200318SL	p33	Z08115	234	8.0	315.0	8	626.5952099555896	626.8100913722419
626.865492726395	0.5048413504609925	trials	200318SL	p33	Z08115	273	2.0	90.0	12	627.015492726395	627.220334076856
627.2757754312728	0.5048413504611062	trials	200318SL	p33	Z08115	130	9.0	0.0	8	627.4257754312728	627.6306167817339
627.6960582020782	0.5048413504609925	trials	200318SL	p33	Z08115	9	8.0	0.0	4	627.8460582020782	628.0508995525392
628.1063409069561	0.5048413504609925	trials	200318SL	p33	Z08115	337	6.0	270.0	12	628.2563409069561	628.4611822574171
628.5166236118338	0.5148414163886628	trials	200318SL	p33	Z08115	219	8.0	270.0	8	628.6666236118338	628.8814650282225
630.6480376636437	0.5048413504609925	trials	200318SL	p33	Z08115	127	6.0	0.0	8	630.7980376636436	631.0028790141047
631.0683204344491	0.5048413504609925	trials	200318SL	p33	Z08115	162	11.0	90.0	8	631.2183204344491	631.4231617849101
631.4786031393268	0.5148414163886628	trials	200318SL	p33	Z08115	169	3.0	135.0	8	631.6286031393267	631.8434445557155
631.8988859101322	0.5048413504609925	trials	200318SL	p33	Z08115	134	13.0	0.0	8	632.0488859101322	632.2537272605932
632.3091286147462	0.5048413504611062	trials	200318SL	p33	Z08115	350	4.0	315.0	12	632.4591286147462	632.6639699652073
632.739451451743	0.49480128426966985	trials	200318SL	p33	Z08115	18	2.0	45.0	4	632.889451451743	633.0842527360127
633.1496941563571	0.5148414163886628	trials	200318SL	p33	Z08115	110	4.0	315.0	4	633.2996941563571	633.5145355727458
633.5699769271624	0.5048413504611062	trials	200318SL	p33	Z08115	78	2.0	225.0	4	633.7199769271624	633.9248182776236
635.6913909130446	0.5148414163886628	trials	200318SL	p33	Z08115	242	1.0	0.0	12	635.8413909130446	636.0562323294333
636.1217137500414	0.49480128426966985	trials	200318SL	p33	Z08115	150	14.0	45.0	8	636.2717137500414	636.4665150343111
638.3431683954634	0.5048413504609925	trials	200318SL	p33	Z08115	96	5.0	270.0	4	638.4931683954634	638.6980097459244
638.7634511662687	0.494841284533436	trials	200318SL	p33	Z08115	11	10.0	0.0	4	638.9134511662687	639.1082924508022
639.1737338711466	0.5148414163885491	trials	200318SL	p33	Z08115	291	5.0	135.0	12	639.3237338711466	639.5385752875352
639.594016641952	0.5048413504609925	trials	200318SL	p33	Z08115	34	3.0	90.0	4	639.7440166419519	639.948857992413
640.0042993468297	0.5148414163886628	trials	200318SL	p33	Z08115	153	2.0	90.0	8	640.1542993468297	640.3691407632184
640.4345821835627	0.494841284533436	trials	200318SL	p33	Z08115	92	1.0	270.0	4	640.5845821835627	640.7794234680962
640.8448648884405	0.5148414163886628	trials	200318SL	p33	Z08115	295	9.0	135.0	12	640.9948648884405	641.2097063048292
641.2651476592459	0.5048413504611062	trials	200318SL	p33	Z08115	320	4.0	225.0	12	641.4151476592459	641.6199890097071
646.3685413044764	0.5048413504609925	trials	200318SL	p33	Z08115	292	6.0	135.0	12	646.5185413044763	646.7233826549374
646.7888240752817	0.494841284533436	trials	200318SL	p33	Z08115	114	8.0	315.0	4	646.9388240752817	647.1336653598152
647.1991067801596	0.5148414163885491	trials	200318SL	p33	Z08115	223	12.0	270.0	8	647.3491067801596	647.5639481965482
647.6293896168926	0.494841284533436	trials	200318SL	p33	Z08115	19	3.0	45.0	4	647.7793896168926	647.974230901426
648.0596724536255	0.494841284533436	trials	200318SL	p33	Z08115	104	13.0	270.0	4	648.2096724536254	648.4045137381589
648.4699551585034	0.49480128426966985	trials	200318SL	p33	Z08115	72	11.0	180.0	4	648.6199551585033	648.814756442773
648.8902379293087	0.5048413504609925	trials	200318SL	p33	Z08115	8	7.0	0.0	4	649.0402379293087	649.2450792797697
649.3004806339228	0.5248814825799855	trials	200318SL	p33	Z08115	187	6.0	180.0	8	649.4504806339228	649.6753621165028
651.4319346859963	0.5148414163885491	trials	200318SL	p33	Z08115	25	9.0	45.0	4	651.5819346859963	651.7967761023849
651.8522174568018	0.5048413504609925	trials	200318SL	p33	Z08115	48	2.0	135.0	4	652.0022174568018	652.2070588072628
652.2624601614158	0.5148814166523152	trials	200318SL	p33	Z08115	90	14.0	225.0	4	652.4124601614158	652.6273415780681
652.6927429981488	0.494841284533436	trials	200318SL	p33	Z08115	85	9.0	225.0	4	652.8427429981488	653.0375842826822
653.1030257030266	0.5148414163885491	trials	200318SL	p33	Z08115	301	0.0	180.0	12	653.2530257030265	653.4678671194151
653.5333085397596	0.494841284533436	trials	200318SL	p33	Z08115	84	8.0	225.0	4	653.6833085397595	653.878149824293
653.9435912446373	0.5148414163887765	trials	200318SL	p33	Z08115	30	14.0	45.0	4	654.0935912446373	654.3084326610261
654.3638740154428	0.494841284533436	trials	200318SL	p33	Z08115	260	4.0	45.0	12	654.5138740154428	654.7087152999762
674.7074881351349	0.5148414163885491	trials	200318SL	p33	Z08115	58	12.0	135.0	4	674.8574881351349	675.0723295515235
675.9582963813598	0.5248414823162193	trials	200318SL	p33	Z08115	68	7.0	180.0	4	676.1082963813598	676.333137863676
676.3886192183564	0.5048013501973401	trials	200318SL	p33	Z08115	1	0.0	0.0	4	676.5386192183564	676.7434205685538
676.7988619229706	0.5148414163885491	trials	200318SL	p33	Z08115	0			0	676.9488619229705	677.1637033393591
677.2291447597036	0.494841284533436	trials	200318SL	p33	Z08115	195	14.0	180.0	8	677.3791447597035	677.573986044237
678.89027571107	0.5048413504609925	trials	200318SL	p33	Z08115	217	6.0	270.0	8	679.04027571107	679.245117061531
679.3005584159476	0.49480128426966985	trials	200318SL	p33	Z08115	235	9.0	315.0	8	679.4505584159476	679.6453597002173
679.7108011205618	0.494841284533436	trials	200318SL	p33	Z08115	140	4.0	45.0	8	679.8608011205617	680.0556424050952
680.1310838913671	0.5048413504611062	trials	200318SL	p33	Z08115	258	2.0	45.0	12	680.2810838913671	680.4859252418282
680.5513666621725	0.5148414163886628	trials	200318SL	p33	Z08115	123	2.0	0.0	8	680.7013666621725	680.9162080785612
680.971649432978	0.5048413504609925	trials	200318SL	p33	Z08115	249	8.0	0.0	12	681.121649432978	681.326490783439
681.3819321378558	0.5148414163886628	trials	200318SL	p33	Z08115	65	4.0	180.0	4	681.5319321378557	681.7467735542444
681.8122149745888	0.494841284533436	trials	200318SL	p33	Z08115	20	4.0	45.0	4	681.9622149745887	682.1570562591222
684.0737098839849	0.5048413504609925	trials	200318SL	p33	Z08115	62	1.0	180.0	4	684.2237098839848	684.4285512344459
684.4839925888626	0.494841284533436	trials	200318SL	p33	Z08115	310	9.0	180.0	12	684.6339925888626	684.8288338733961
684.8942752937405	0.4948412845333223	trials	200318SL	p33	Z08115	121	0.0	0.0	8	685.0442752937405	685.2391165782739
685.3145580645458	0.5048413504609925	trials	200318SL	p33	Z08115	250	9.0	0.0	12	685.4645580645458	685.6693994150069
685.7248407694236	0.5048413504611062	trials	200318SL	p33	Z08115	145	9.0	45.0	8	685.8748407694236	686.0796821198848
686.1351234743014	0.5148414163886628	trials	200318SL	p33	Z08115	171	5.0	135.0	8	686.2851234743014	686.4999648906901
686.5554062451068	0.5048013501973401	trials	200318SL	p33	Z08115	26	10.0	45.0	4	686.7054062451068	686.9102075953042
686.9656489497208	0.5148414163887765	trials	200318SL	p33	Z08115	276	5.0	90.0	12	687.1156489497208	687.3304903661096
689.1471033314325	0.5148414163885491	trials	200318SL	p33	Z08115	106	0.0	315.0	4	689.2971033314325	689.5119447478211
689.5673861022378	0.5048413504611062	trials	200318SL	p33	Z08115	332	1.0	270.0	12	689.7173861022378	689.922227452699
689.9776688071156	0.5148414163886628	trials	200318SL	p33	Z08115	141	5.0	45.0	8	690.1276688071156	690.3425102235043
690.4079516438487	0.494841284533436	trials	200318SL	p33	Z08115	128	7.0	0.0	8	690.5579516438487	690.7527929283822
690.8182343487264	0.494841284533436	trials	200318SL	p33	Z08115	93	2.0	270.0	4	690.9682343487264	691.1630756332598
691.2385171195318	0.5048413504611062	trials	200318SL	p33	Z08115	263	7.0	45.0	12	691.3885171195318	691.593358469993
691.6487998244096	0.5148414163886628	trials	200318SL	p33	Z08115	38	7.0	90.0	4	691.7987998244096	692.0136412407983
692.0790826611426	0.5048413504611062	trials	200318SL	p33	Z08115	300	14.0	135.0	12	692.2290826611426	692.4339240116037
694.1104560534126	0.5148014161250103	trials	200318SL	p33	Z08115	74	13.0	180.0	4	694.2604560534126	694.4752574695376
694.5406988898819	0.494841284533436	trials	200318SL	p33	Z08115	236	10.0	315.0	8	694.6906988898819	694.8855401744154
694.9409815288321	0.5048413504611062	trials	200318SL	p33	Z08115	97	6.0	270.0	4	695.0909815288321	695.2958228792933
695.3712643655651	0.494841284533436	trials	200318SL	p33	Z08115	70	9.0	180.0	4	695.5212643655651	695.7161056500986
695.781547070443	0.4948412845333223	trials	200318SL	p33	Z08115	60	14.0	135.0	4	695.931547070443	696.1263883549764
696.2018298412484	0.5048413504609925	trials	200318SL	p33	Z08115	75	14.0	180.0	4	696.3518298412483	696.5566711917094
696.6121125461261	0.5048413504609925	trials	200318SL	p33	Z08115	77	1.0	225.0	4	696.7621125461261	696.9669538965871
697.0223952510039	0.5148414163885491	trials	200318SL	p33	Z08115	210	14.0	225.0	8	697.1723952510039	697.3872366673925
699.3939708861311	0.5048413504609925	trials	200318SL	p33	Z08115	241	0.0	0.0	12	699.5439708861311	699.7488122365921
699.8042535910089	0.5048413504609925	trials	200318SL	p33	Z08115	102	11.0	270.0	4	699.9542535910089	700.1590949414699
700.214496295623	0.5148814166523152	trials	200318SL	p33	Z08115	170	4.0	135.0	8	700.364496295623	700.5793777122753
700.6448191326197	0.49480128426978354	trials	200318SL	p33	Z08115	317	1.0	225.0	12	700.7948191326196	700.9896204168895
701.0450617713061	0.5048413504611062	trials	200318SL	p33	Z08115	126	5.0	0.0	8	701.1950617713061	701.3999031217672
701.4753846083029	0.49480128426978354	trials	200318SL	p33	Z08115	248	7.0	0.0	12	701.6253846083029	701.8201858925727
701.8856273129169	0.494841284533436	trials	200318SL	p33	Z08115	323	7.0	225.0	12	702.0356273129169	702.2304685974503
702.2959100177948	0.5048413504609925	trials	200318SL	p33	Z08115	129	8.0	0.0	8	702.4459100177947	702.6507513682558
704.417324003677	0.5148414163885491	trials	200318SL	p33	Z08115	180	14.0	135.0	8	704.567324003677	704.7821654200656
704.8376067744823	0.5048413504609925	trials	200318SL	p33	Z08115	37	6.0	90.0	4	704.9876067744823	705.1924481249433
705.2478894793602	0.5148414163885491	trials	200318SL	p33	Z08115	197	1.0	225.0	8	705.3978894793602	705.6127308957488
705.6781723160931	0.494841284533436	trials	200318SL	p33	Z08115	179	13.0	135.0	8	705.8281723160931	706.0230136006265
706.088455020971	0.49480128426966985	trials	200318SL	p33	Z08115	165	14.0	90.0	8	706.238455020971	706.4332563052407
706.5086977915126	0.494841284533436	trials	200318SL	p33	Z08115	306	5.0	180.0	12	706.6586977915126	706.8535390760461
706.9189804963904	0.5148414163885491	trials	200318SL	p33	Z08115	297	11.0	135.0	12	707.0689804963904	707.283821912779
707.3493033333872	0.5048013501972264	trials	200318SL	p33	Z08115	205	9.0	225.0	8	707.4993033333872	707.7041046835844
709.530717714835	0.4948412845333223	trials	200318SL	p33	Z08115	79	3.0	225.0	4	709.6807177148349	709.8755589993683
709.9410004197127	0.494841284533436	trials	200318SL	p33	Z08115	138	2.0	45.0	8	710.0910004197127	710.2858417042462
710.3512831245905	0.494841284533436	trials	200318SL	p33	Z08115	359	13.0	315.0	12	710.5012831245905	710.696124409124
710.771565895396	0.5048413504609925	trials	200318SL	p33	Z08115	7	6.0	0.0	4	710.9215658953959	711.126407245857
711.1818486002737	0.5048413504609925	trials	200318SL	p33	Z08115	222	11.0	270.0	8	711.3318486002737	711.5366899507347
711.6121314370067	0.494841284533436	trials	200318SL	p33	Z08115	356	10.0	315.0	12	711.7621314370067	711.9569727215402
712.0224141418845	0.49480128426978354	trials	200318SL	p33	Z08115	113	7.0	315.0	4	712.1724141418845	712.3672154261543
712.4426569124262	0.5048813507247587	trials	200318SL	p33	Z08115	189	8.0	180.0	8	712.5926569124262	712.797538263151
715.8649594746987	0.5048413504609925	trials	200318SL	p33	Z08115	330	14.0	225.0	12	716.0149594746987	716.2198008251597
716.2752421795766	0.5048413504609925	trials	200318SL	p33	Z08115	194	13.0	180.0	8	716.4252421795766	716.6300835300376
716.6855248844543	0.5048413504611062	trials	200318SL	p33	Z08115	183	2.0	180.0	8	716.8355248844542	717.0403662349154
717.1158077211874	0.494841284533436	trials	200318SL	p33	Z08115	118	12.0	315.0	4	717.2658077211873	717.4606490057208
718.5267370230449	0.5148414163887765	trials	200318SL	p33	Z08115	116	10.0	315.0	4	718.6767370230449	718.8915784394337
718.957019859778	0.4948412845333223	trials	200318SL	p33	Z08115	111	5.0	315.0	4	719.107019859778	719.3018611443114
719.3573024987282	0.5048413504609925	trials	200318SL	p33	Z08115	285	14.0	90.0	12	719.5073024987282	719.7121438491893
719.7875853354611	0.5048413504611062	trials	200318SL	p33	Z08115	3	2.0	0.0	4	719.9375853354611	720.1424266859223
720.197868040339	0.5148414163886628	trials	200318SL	p33	Z08115	220	9.0	270.0	8	720.347868040339	720.5627094567277
720.6281508770719	0.494841284533436	trials	200318SL	p33	Z08115	214	3.0	270.0	8	720.7781508770719	720.9729921616054
721.0384335819498	0.494841284533436	trials	200318SL	p33	Z08115	338	7.0	270.0	12	721.1884335819498	721.3832748664832
721.4587163527551	0.5048413504611062	trials	200318SL	p33	Z08115	228	2.0	315.0	8	721.6087163527551	721.8135577032162
725.061100102252	0.5248814825799855	trials	200318SL	p33	Z08115	131	10.0	0.0	8	725.211100102252	725.435981584832
726.4320291403993	0.5048413504609925	trials	200318SL	p33	Z08115	305	4.0	180.0	12	726.5820291403993	726.7868704908603
726.8523119112048	0.5048413504609925	trials	200318SL	p33	Z08115	5	4.0	0.0	4	727.0023119112047	727.2071532616658
727.2825947479377	0.494841284533436	trials	200318SL	p33	Z08115	190	9.0	180.0	8	727.4325947479376	727.6274360324711
727.6828773868879	0.5048413504611062	trials	200318SL	p33	Z08115	47	1.0	135.0	4	727.8328773868878	728.037718737349
728.0931600917656	0.5148414163886628	trials	200318SL	p33	Z08115	132	11.0	0.0	8	728.2431600917656	728.4580015081543
728.5234429284986	0.49480128426978354	trials	200318SL	p33	Z08115	349	3.0	315.0	12	728.6734429284986	728.8682442127684
728.9336856331126	0.5148414163887765	trials	200318SL	p33	Z08115	188	7.0	180.0	8	729.0836856331126	729.2985270495014
729.3539684039181	0.5048413504611062	trials	200318SL	p33	Z08115	166	0.0	135.0	8	729.5039684039181	729.7088097543792
731.4854224559916	0.5048013501973401	trials	200318SL	p33	Z08115	137	1.0	45.0	8	731.6354224559916	731.840223806189
731.8956651606057	0.5048413504609925	trials	200318SL	p33	Z08115	71	10.0	180.0	4	732.0456651606057	732.2505065110668
732.3059478654835	0.5248414823162193	trials	200318SL	p33	Z08115	344	13.0	270.0	12	732.4559478654835	732.6807893477998
732.7362707024803	0.49480128426966985	trials	200318SL	p33	Z08115	304	3.0	180.0	12	732.8862707024803	733.08107198675
733.1465134070943	0.5148414163887765	trials	200318SL	p33	Z08115	174	8.0	135.0	8	733.2965134070943	733.5113548234831
733.5767962438273	0.494841284533436	trials	200318SL	p33	Z08115	237	11.0	315.0	8	733.7267962438273	733.9216375283607
733.9770788827775	0.524841482316333	trials	200318SL	p33	Z08115	287	1.0	135.0	12	734.1270788827775	734.3519203650939
734.4073617195105	0.5048413504609925	trials	200318SL	p33	Z08115	173	7.0	135.0	8	734.5573617195105	734.7622030699715
737.9197048753953	0.5048413504609925	trials	200318SL	p33	Z08115	277	6.0	90.0	12	738.0697048753952	738.2745462258563
738.3399876462006	0.524841482316333	trials	200318SL	p33	Z08115	184	3.0	180.0	8	738.4899876462006	738.714829128517
738.7702704829336	0.5048413504609925	trials	200318SL	p33	Z08115	6	5.0	0.0	4	738.9202704829336	739.1251118333946
739.1905532537389	0.5048413504611062	trials	200318SL	p33	Z08115	32	1.0	90.0	4	739.3405532537389	739.5453946042
739.6108360245444	0.5048413504609925	trials	200318SL	p33	Z08115	345	14.0	270.0	12	739.7608360245443	739.9656773750054
740.0211187294223	0.5148414163885491	trials	200318SL	p33	Z08115	342	11.0	270.0	12	740.1711187294222	740.3859601458108
742.0324519895734	0.5148414163885491	trials	200318SL	p33	Z08115	143	7.0	45.0	8	742.1824519895733	742.3972934059619
742.4527347603788	0.4948412845333223	trials	200318SL	p33	Z08115	192	11.0	180.0	8	742.6027347603788	742.7975760449121
743.8636640622364	0.5048413504609925	trials	200318SL	p33	Z08115	211	0.0	270.0	8	744.0136640622363	744.2185054126974
744.2739467671142	0.5048413504609925	trials	200318SL	p33	Z08115	296	10.0	135.0	12	744.4239467671142	744.6287881175753
744.6842294719919	0.5148414163886628	trials	200318SL	p33	Z08115	82	6.0	225.0	4	744.8342294719919	745.0490708883806
745.114512308725	0.494841284533436	trials	200318SL	p33	Z08115	63	2.0	180.0	4	745.264512308725	745.4593535932585
745.5247950136028	0.4948412845333223	trials	200318SL	p33	Z08115	355	9.0	315.0	12	745.6747950136028	745.8696362981361
745.9450777844082	0.5048413504609925	trials	200318SL	p33	Z08115	360	14.0	315.0	12	746.0950777844082	746.2999191348692
746.3553604892859	0.49480128426978354	trials	200318SL	p33	Z08115	23	7.0	45.0	4	746.5053604892859	746.7001617735557
746.785643326019	0.49480128426966985	trials	200318SL	p33	Z08115	105	14.0	270.0	4	746.935643326019	747.1304446102887
749.0971785653168	0.524841482316333	trials	200318SL	p33	Z08115	28	12.0	45.0	4	749.2471785653167	749.4720200476331
749.5274614020498	0.5048413504609925	trials	200318SL	p33	Z08115	69	8.0	180.0	4	749.6774614020497	749.8823027525108
749.9377441069277	0.5148414163885491	trials	200318SL	p33	Z08115	22	6.0	45.0	4	750.0877441069276	750.3025855233162
750.3680269436605	0.494841284533436	trials	200318SL	p33	Z08115	244	3.0	0.0	12	750.5180269436605	750.712868228194
750.7783096485384	0.49480128426966985	trials	200318SL	p33	Z08115	152	1.0	90.0	8	750.9283096485384	751.1231109328081
751.1985924193438	0.49480128426966985	trials	200318SL	p33	Z08115	245	4.0	0.0	12	751.3485924193437	751.5433937036134
751.6088351239579	0.494841284533436	trials	200318SL	p33	Z08115	198	2.0	225.0	8	751.7588351239579	751.9536764084913
752.0291178947632	0.5048413504611062	trials	200318SL	p33	Z08115	12	11.0	0.0	4	752.1791178947632	752.3839592452243
754.1205316828626	0.494841284533436	trials	200318SL	p33	Z08115	175	9.0	135.0	8	754.2705316828626	754.4653729673961
754.5307743874768	0.5048813507247587	trials	200318SL	p33	Z08115	216	5.0	270.0	8	754.6807743874767	754.8856557382015
754.9410570923545	0.5148814166523152	trials	200318SL	p33	Z08115	293	7.0	135.0	12	755.0910570923545	755.3059385090069
755.3613798634236	0.5048013501973401	trials	200318SL	p33	Z08115	299	13.0	135.0	12	755.5113798634236	755.716181213621
755.7716225680376	0.5048413504611062	trials	200318SL	p33	Z08115	89	13.0	225.0	4	755.9216225680376	756.1264639184988
756.1919053388431	0.5048413504609925	trials	200318SL	p33	Z08115	76	0.0	225.0	4	756.341905338843	756.5467466893041
756.602188043721	0.5048413504609925	trials	200318SL	p33	Z08115	347	1.0	315.0	12	756.7521880437209	756.957029394182
757.0324708804538	0.5048413504611062	trials	200318SL	p33	Z08115	284	13.0	90.0	12	757.1824708804538	757.387312230915
762.7763087479519	0.5248414823162193	trials	200318SL	p33	Z08115	42	11.0	90.0	4	762.9263087479519	763.1511502302682
763.2065915846848	0.5048413504609925	trials	200318SL	p33	Z08115	341	10.0	270.0	12	763.3565915846848	763.5614329351458
763.6168742895627	0.494841284533436	trials	200318SL	p33	Z08115	322	6.0	225.0	12	763.7668742895627	763.9617155740962
764.037157060368	0.5048413504609925	trials	200318SL	p33	Z08115	274	3.0	90.0	12	764.187157060368	764.391998410829
764.4574398311735	0.5148414163886628	trials	200318SL	p33	Z08115	193	12.0	180.0	8	764.6074398311735	764.8222812475622
764.8777226019788	0.5048413504609925	trials	200318SL	p33	Z08115	56	10.0	135.0	4	765.0277226019788	765.2325639524398
765.2880053068567	0.5148414163885491	trials	200318SL	p33	Z08115	255	14.0	0.0	12	765.4380053068567	765.6528467232453
765.7182881435897	0.5048413504609925	trials	200318SL	p33	Z08115	247	6.0	0.0	12	765.8682881435897	766.0731294940507
767.8997025250375	0.5148814166523152	trials	200318SL	p33	Z08115	172	6.0	135.0	8	768.0497025250374	768.2645839416898
768.3300253620342	0.5048413504609925	trials	200318SL	p33	Z08115	41	10.0	90.0	4	768.4800253620342	768.6848667124952
768.7603081987671	0.494841284533436	trials	200318SL	p33	Z08115	49	3.0	135.0	4	768.9103081987671	769.1051494833006
769.170590903645	0.494841284533436	trials	200318SL	p33	Z08115	343	12.0	270.0	12	769.320590903645	769.5154321881785
769.5908736744503	0.5048413504609925	trials	200318SL	p33	Z08115	59	13.0	135.0	4	769.7408736744503	769.9457150249114
770.0011563793282	0.5048413504609925	trials	200318SL	p33	Z08115	340	9.0	270.0	12	770.1511563793282	770.3559977297892
770.4114390842059	0.5148414163887765	trials	200318SL	p33	Z08115	4	3.0	0.0	4	770.5614390842059	770.7762805005947
770.8316818547477	0.5048413504609925	trials	200318SL	p33	Z08115	158	7.0	90.0	8	770.9816818547476	771.1865232052087
772.9330957087747	0.5148414163885491	trials	200318SL	p33	Z08115	256	0.0	45.0	12	773.0830957087746	773.2979371251632
773.3634185457713	0.49480128426978354	trials	200318SL	p33	Z08115	225	14.0	270.0	8	773.5134185457713	773.7082198300411
773.7736612503854	0.494841284533436	trials	200318SL	p33	Z08115	135	14.0	0.0	8	773.9236612503854	774.1185025349189
774.1939440211909	0.494841284533436	trials	200318SL	p33	Z08115	278	7.0	90.0	12	774.3439440211909	774.5387853057243
774.6042267260686	0.5048413504609925	trials	200318SL	p33	Z08115	108	2.0	315.0	4	774.7542267260686	774.9590680765297
775.0244694966103	0.534881548507542	trials	200318SL	p33	Z08115	352	6.0	315.0	12	775.1744694966103	775.4093510451179
775.4647923995345	0.5048413504612199	trials	200318SL	p33	Z08115	167	1.0	135.0	8	775.6147923995345	775.8196337499958
775.8750751044124	0.5148414163886628	trials	200318SL	p33	Z08115	52	6.0	135.0	4	776.0250751044124	776.2399165208011
777.9364486944653	0.5148414163886628	trials	200318SL	p33	Z08115	164	13.0	90.0	8	778.0864486944653	778.301290110854
778.3667315311982	0.494841284533436	trials	200318SL	p33	Z08115	155	4.0	90.0	8	778.5167315311982	778.7115728157316
778.7670141701485	0.5248414823162193	trials	200318SL	p33	Z08115	261	5.0	45.0	12	778.9170141701485	779.1418556524648
779.1972970068814	0.49480128426978354	trials	200318SL	p33	Z08115	17	1.0	45.0	4	779.3472970068814	779.5420982911512
779.6075397114955	0.494841284533436	trials	200318SL	p33	Z08115	46	0.0	135.0	4	779.7575397114955	779.952380996029
780.027822482301	0.5048413504609925	trials	200318SL	p33	Z08115	314	13.0	180.0	12	780.1778224823009	780.382663832762
780.4381051871787	0.494841284533436	trials	200318SL	p33	Z08115	117	11.0	315.0	4	780.5881051871787	780.7829464717122
780.8483878920566	0.5148414163885491	trials	200318SL	p33	Z08115	201	5.0	225.0	8	780.9983878920566	781.2132293084452
855.9986033361647	0.5048413504611062	trials	200318SL	p33	Z08115	203	7.0	225.0	8	856.1486033361647	856.3534446866258
856.4288861728977	0.494841284533436	trials	200318SL	p33	Z08115	89	13.0	225.0	4	856.5788861728977	856.7737274574312
858.590340422754	0.5048413504611062	trials	200318SL	p33	Z08115	235	9.0	315.0	8	858.740340422754	858.9451817732152
859.0106231935595	0.494841284533436	trials	200318SL	p33	Z08115	23	7.0	45.0	4	859.1606231935594	859.3554644780929
859.4108658322459	0.5048413504611062	trials	200318SL	p33	Z08115	3	2.0	0.0	4	859.5608658322459	859.765707182707
859.8411886692426	0.5048413504611062	trials	200318SL	p33	Z08115	219	8.0	270.0	8	859.9911886692425	860.1960300197037
860.2514313738567	0.5148414163886628	trials	200318SL	p33	Z08115	284	13.0	90.0	12	860.4014313738567	860.6162727902454
861.622360412004	0.564881746290439	trials	200318SL	p33	Z08115	289	3.0	135.0	12	861.772360412004	862.0372421582945
862.1026835786387	0.5048413504611062	trials	200318SL	p33	Z08115	133	12.0	0.0	8	862.2526835786387	862.4575249290998
863.8938953875914	0.5048413504609925	trials	200318SL	p33	Z08115	27	11.0	45.0	4	864.0438953875914	864.2487367380525
864.3141781583969	0.49480128426966985	trials	200318SL	p33	Z08115	66	5.0	180.0	4	864.4641781583969	864.6589794426666
864.7244208630109	0.5148814166523152	trials	200318SL	p33	Z08115	280	9.0	90.0	12	864.8744208630109	865.0893022796632
865.1447036338163	0.5048413504609925	trials	200318SL	p33	Z08115	164	13.0	90.0	8	865.2947036338163	865.4995449842773
865.554986338694	0.494841284533436	trials	200318SL	p33	Z08115	262	6.0	45.0	12	865.704986338694	865.8998276232275
865.9752691094994	0.5048413504609925	trials	200318SL	p33	Z08115	28	12.0	45.0	4	866.1252691094994	866.3301104599605
866.3855518143772	0.5048413504609925	trials	200318SL	p33	Z08115	8	7.0	0.0	4	866.5355518143772	866.7403931648382
866.8158346511102	0.5048413504611062	trials	200318SL	p33	Z08115	293	7.0	135.0	12	866.9658346511102	867.1706760015713
868.9872889668942	0.5048413504609925	trials	200318SL	p33	Z08115	178	12.0	135.0	8	869.1372889668942	869.3421303173552
869.4075717376996	0.4948412845333223	trials	200318SL	p33	Z08115	106	0.0	315.0	4	869.5575717376996	869.752413022233
869.8278545085051	0.5048413504609925	trials	200318SL	p33	Z08115	286	0.0	135.0	12	869.9778545085051	870.1826958589661
870.2381372133827	0.49480128426966985	trials	200318SL	p33	Z08115	195	14.0	180.0	8	870.3881372133827	870.5829384976524
870.6583799839245	0.5048413504609925	trials	200318SL	p33	Z08115	346	0.0	315.0	12	870.8083799839245	871.0132213343855
871.0686626888022	0.5048413504611062	trials	200318SL	p33	Z08115	242	1.0	0.0	12	871.2186626888022	871.4235040392633
871.4789453936801	0.5148414163886628	trials	200318SL	p33	Z08115	225	14.0	270.0	8	871.62894539368	871.8437868100688
871.8992281644854	0.5048413504609925	trials	200318SL	p33	Z08115	261	5.0	45.0	12	872.0492281644854	872.2540695149464
874.2508036677574	0.5148414163886628	trials	200318SL	p33	Z08115	93	2.0	270.0	4	874.4008036677574	874.6156450841461
874.6810865044904	0.494841284533436	trials	200318SL	p33	Z08115	40	9.0	90.0	4	874.8310865044904	875.0259277890239
875.0913692093682	0.5148414163886628	trials	200318SL	p33	Z08115	201	5.0	225.0	8	875.2413692093681	875.4562106257569
875.5116519801735	0.5048413504612199	trials	200318SL	p33	Z08115	37	6.0	90.0	4	875.6616519801735	875.8664933306347
875.9318947507153	0.5148814166523152	trials	200318SL	p33	Z08115	26	10.0	45.0	4	876.0818947507153	876.2967761673676
876.3522175217844	0.5048413504611062	trials	200318SL	p33	Z08115	183	2.0	180.0	8	876.5022175217844	876.7070588722455
876.7625002266622	0.5148414163886628	trials	200318SL	p33	Z08115	348	2.0	315.0	12	876.9125002266621	877.1273416430508
877.1927430631315	0.494841284533436	trials	200318SL	p33	Z08115	244	3.0	0.0	12	877.3427430631315	877.537584347665
879.3141970492774	0.5048413504609925	trials	200318SL	p33	Z08115	320	4.0	225.0	12	879.4641970492773	879.6690383997384
879.7344398198192	0.494841284533436	trials	200318SL	p33	Z08115	281	10.0	90.0	12	879.8844398198191	880.0792811043526
880.1447625249606	0.5148414163886628	trials	200318SL	p33	Z08115	45	14.0	90.0	4	880.2947625249606	880.5096039413493
880.565045295766	0.5048013501973401	trials	200318SL	p33	Z08115	119	13.0	315.0	4	880.715045295766	880.9198466459634
880.97528800038	0.494841284533436	trials	200318SL	p33	Z08115	38	7.0	90.0	4	881.12528800038	881.3201292849135
881.3955707711855	0.5048413504609925	trials	200318SL	p33	Z08115	77	1.0	225.0	4	881.5455707711855	881.7504121216465
881.8158535419908	0.494841284533436	trials	200318SL	p33	Z08115	34	3.0	90.0	4	881.9658535419908	882.1606948265243
882.2361363127962	0.494841284533436	trials	200318SL	p33	Z08115	179	13.0	135.0	8	882.3861363127962	882.5809775973297
884.4075906285801	0.5148414163886628	trials	200318SL	p33	Z08115	81	5.0	225.0	4	884.5575906285801	884.7724320449688
884.8278733993856	0.5048413504611062	trials	200318SL	p33	Z08115	198	2.0	225.0	8	884.9778733993855	885.1827147498467
885.2381561042633	0.5148414163886628	trials	200318SL	p33	Z08115	212	1.0	270.0	8	885.3881561042633	885.602997520652
885.6684389409963	0.494841284533436	trials	200318SL	p33	Z08115	113	7.0	315.0	4	885.8184389409963	886.0132802255298
886.0787216458741	0.49480128426978354	trials	200318SL	p33	Z08115	229	3.0	315.0	8	886.2287216458741	886.4235229301439
886.4989644164158	0.5048813507247587	trials	200318SL	p33	Z08115	116	10.0	315.0	4	886.6489644164158	886.8538457671406
886.9092871215574	0.5048013501972264	trials	200318SL	p33	Z08115	78	2.0	225.0	4	887.0592871215574	887.2640884717547
887.3395299580267	0.4948412845333223	trials	200318SL	p33	Z08115	173	7.0	135.0	8	887.4895299580267	887.68437124256
889.500984207883	0.5048413504611062	trials	200318SL	p33	Z08115	358	12.0	315.0	12	889.650984207883	889.8558255583441
889.9112669127608	0.5048413504609925	trials	200318SL	p33	Z08115	165	14.0	90.0	8	890.0612669127607	890.2661082632218
890.3215496176387	0.5048413504609925	trials	200318SL	p33	Z08115	53	7.0	135.0	4	890.4715496176386	890.6763909680997
890.7518324543715	0.494841284533436	trials	200318SL	p33	Z08115	257	1.0	45.0	12	890.9018324543715	891.096673738905
891.1621151592494	0.49480128426966985	trials	200318SL	p33	Z08115	356	10.0	315.0	12	891.3121151592494	891.5069164435191
891.5823979300548	0.5048413504609925	trials	200318SL	p33	Z08115	152	1.0	90.0	8	891.7323979300547	891.9372392805158
891.9926406346689	0.5048413504609925	trials	200318SL	p33	Z08115	61	0.0	180.0	4	892.1426406346689	892.3474819851299
892.4229234714019	0.5048813507247587	trials	200318SL	p33	Z08115	234	8.0	315.0	8	892.5729234714019	892.7778048221267
894.5843777212582	0.5248814825798718	trials	200318SL	p33	Z08115	233	7.0	315.0	8	894.7343777212582	894.9592592038381
895.0147005582548	0.5048013501974538	trials	200318SL	p33	Z08115	42	11.0	90.0	4	895.1647005582548	895.3695019084523
895.4349833290603	0.5048013501973401	trials	200318SL	p33	Z08115	186	5.0	180.0	8	895.5849833290603	895.7897846792577
895.855226099602	0.5048413504611062	trials	200318SL	p33	Z08115	57	11.0	135.0	4	896.0052260996019	896.2100674500631
896.2655088044797	0.5148414163886628	trials	200318SL	p33	Z08115	84	8.0	225.0	4	896.4155088044797	896.6303502208684
896.6857915752852	0.5048413504609925	trials	200318SL	p33	Z08115	337	6.0	270.0	12	896.8357915752852	897.0406329257462
897.1160744120181	0.5048413504611062	trials	200318SL	p33	Z08115	71	10.0	180.0	4	897.266074412018	897.4709157624792
897.526357116896	0.5048413504609925	trials	200318SL	p33	Z08115	327	11.0	225.0	12	897.6763571168959	897.881198467357
900.418296182632	0.5048413504609925	trials	200318SL	p33	Z08115	24	8.0	45.0	4	900.568296182632	900.7731375330931
900.8385789534374	0.49480128426966985	trials	200318SL	p33	Z08115	302	1.0	180.0	12	900.9885789534374	901.1833802377071
901.2488616583153	0.5148414163885491	trials	200318SL	p33	Z08115	266	10.0	45.0	12	901.3988616583152	901.6137030747038
901.6691044288568	0.5048813507247587	trials	200318SL	p33	Z08115	63	2.0	180.0	4	901.8191044288568	902.0239857795816
903.5103565677114	0.5148414163885491	trials	200318SL	p33	Z08115	138	2.0	45.0	8	903.6603565677113	903.8751979840999
903.9306393385167	0.4948412845333223	trials	200318SL	p33	Z08115	123	2.0	0.0	8	904.0806393385167	904.27548062305
904.3409220433945	0.49480128426966985	trials	200318SL	p33	Z08115	285	14.0	90.0	12	904.4909220433944	904.6857233276642
904.7612048141998	0.5048413504609925	trials	200318SL	p33	Z08115	12	11.0	0.0	4	904.9112048141998	905.1160461646608
905.1814475847416	0.5148814166523152	trials	200318SL	p33	Z08115	162	11.0	90.0	8	905.3314475847416	905.5463290013939
905.6017703558106	0.5048413504611062	trials	200318SL	p33	Z08115	128	7.0	0.0	8	905.7517703558105	905.9566117062717
906.0120530606885	0.5148014161248966	trials	200318SL	p33	Z08115	33	2.0	90.0	4	906.1620530606884	906.3768544768134
907.4129822966186	0.5048013501973401	trials	200318SL	p33	Z08115	145	9.0	45.0	8	907.5629822966185	907.7677836468159
907.8232250012326	0.5048413504609925	trials	200318SL	p33	Z08115	349	3.0	315.0	12	907.9732250012325	908.1780663516936
908.2335077061105	0.5048413504609925	trials	200318SL	p33	Z08115	249	8.0	0.0	12	908.3835077061104	908.5883490565715
908.6637905428433	0.494841284533436	trials	200318SL	p33	Z08115	172	6.0	135.0	8	908.8137905428433	909.0086318273768
909.0740732477212	0.494841284533436	trials	200318SL	p33	Z08115	339	8.0	270.0	12	909.2240732477212	909.4189145322547
909.4943560185266	0.5048413504611062	trials	200318SL	p33	Z08115	58	12.0	135.0	4	909.6443560185265	909.8491973689877
909.9046387234044	0.4948412845333223	trials	200318SL	p33	Z08115	75	14.0	180.0	4	910.0546387234044	910.2494800079378
910.3148814280186	0.5148814166523152	trials	200318SL	p33	Z08115	227	1.0	315.0	8	910.4648814280185	910.6797628446709
912.2361740945574	0.4948412845333223	trials	200318SL	p33	Z08115	190	9.0	180.0	8	912.3861740945574	912.5810153790908
912.6464567994352	0.5048413504611062	trials	200318SL	p33	Z08115	142	6.0	45.0	8	912.7964567994352	913.0012981498963
913.056739504313	0.5148414163886628	trials	200318SL	p33	Z08115	223	12.0	270.0	8	913.206739504313	913.4215809207017
913.4770222751184	0.5048413504609925	trials	200318SL	p33	Z08115	74	13.0	180.0	4	913.6270222751184	913.8318636255794
913.8873049799962	0.5048413504609925	trials	200318SL	p33	Z08115	292	6.0	135.0	12	914.0373049799962	914.2421463304572
916.0487592298526	0.5148014161247829	trials	200318SL	p33	Z08115	344	13.0	270.0	12	916.1987592298526	916.4135606459774
916.4690020003942	0.5048413504609925	trials	200318SL	p33	Z08115	209	13.0	225.0	8	916.6190020003942	916.8238433508552
916.8792847052721	0.5248414823161056	trials	200318SL	p33	Z08115	317	1.0	225.0	12	917.0292847052721	917.2541261875882
917.309567542005	0.5048413504611062	trials	200318SL	p33	Z08115	325	9.0	225.0	12	917.459567542005	917.6644088924661
917.7198502468829	0.5148414163885491	trials	200318SL	p33	Z08115	271	0.0	90.0	12	917.8698502468828	918.0846916632714
918.1501330836159	0.494841284533436	trials	200318SL	p33	Z08115	6	5.0	0.0	4	918.3001330836158	918.4949743681493
918.5604157884936	0.5148414163885491	trials	200318SL	p33	Z08115	287	1.0	135.0	12	918.7104157884936	918.9252572048822
918.9806985592991	0.5048413504609925	trials	200318SL	p33	Z08115	111	5.0	315.0	4	919.130698559299	919.3355399097601
922.7132031666459	0.5048413504609925	trials	200318SL	p33	Z08115	199	3.0	225.0	8	922.8632031666459	923.068044517107
923.1334459371875	0.494841284533436	trials	200318SL	p33	Z08115	180	14.0	135.0	8	923.2834459371875	923.478287221721
923.543768642329	0.5148014161248966	trials	200318SL	p33	Z08115	210	14.0	225.0	8	923.693768642329	923.908570058454
923.9640114128707	0.5048413504609925	trials	200318SL	p33	Z08115	86	10.0	225.0	4	924.1140114128707	924.3188527633317
924.3742941177485	0.5148414163886628	trials	200318SL	p33	Z08115	10	9.0	0.0	4	924.5242941177485	924.7391355341372
924.8045769544816	0.494841284533436	trials	200318SL	p33	Z08115	301	0.0	180.0	12	924.9545769544816	925.1494182390151
925.2148596593593	0.494841284533436	trials	200318SL	p33	Z08115	101	10.0	270.0	4	925.3648596593592	925.5597009438927
926.5357483676048	0.5148414163886628	trials	200318SL	p33	Z08115	14	13.0	0.0	4	926.6857483676048	926.9005897839935
926.9560311384103	0.5048413504609925	trials	200318SL	p33	Z08115	246	5.0	0.0	12	927.1060311384102	927.3108724888713
927.366313843288	0.5248414823162193	trials	200318SL	p33	Z08115	21	5.0	45.0	4	927.516313843288	927.7411553256043
927.796596680021	0.49480128426966985	trials	200318SL	p33	Z08115	208	12.0	225.0	8	927.946596680021	928.1413979642907
928.2068393846351	0.5148814166523152	trials	200318SL	p33	Z08115	342	11.0	270.0	12	928.3568393846351	928.5717208012875
928.6371622216318	0.49480128426966985	trials	200318SL	p33	Z08115	309	8.0	180.0	12	928.7871622216318	928.9819635059015
929.0374048603184	0.5048413504609925	trials	200318SL	p33	Z08115	192	11.0	180.0	8	929.1874048603183	929.3922462107794
929.467727697315	0.49480128426966985	trials	200318SL	p33	Z08115	149	13.0	45.0	8	929.617727697315	929.8125289815847
932.5697881483219	0.5148414163885491	trials	200318SL	p33	Z08115	120	14.0	315.0	4	932.7197881483219	932.9346295647105
933.0000709850549	0.49480128426978354	trials	200318SL	p33	Z08115	211	0.0	270.0	8	933.1500709850549	933.3448722693247
933.4103536899327	0.49480128426978354	trials	200318SL	p33	Z08115	247	6.0	0.0	12	933.5603536899326	933.7551549742025
933.8306364607381	0.49480128426966985	trials	200318SL	p33	Z08115	291	5.0	135.0	12	933.9806364607381	934.1754377450078
934.2408791653522	0.5048413504609925	trials	200318SL	p33	Z08115	313	12.0	180.0	12	934.3908791653522	934.5957205158132
934.6711620020851	0.494841284533436	trials	200318SL	p33	Z08115	13	12.0	0.0	4	934.8211620020851	935.0160032866186
935.1014848390819	0.5048413504611062	trials	200318SL	p33	Z08115	150	14.0	45.0	8	935.2514848390819	935.456326189543
935.5117275436959	0.494841284533436	trials	200318SL	p33	Z08115	16	0.0	45.0	4	935.6617275436959	935.8565688282293
937.7232221234541	0.4948412845333223	trials	200318SL	p33	Z08115	205	9.0	225.0	8	937.8732221234541	938.0680634079874
938.1435048942595	0.5048413504609925	trials	200318SL	p33	Z08115	296	10.0	135.0	12	938.2935048942595	938.4983462447206
938.5537875991372	0.5048413504611062	trials	200318SL	p33	Z08115	97	6.0	270.0	4	938.7037875991372	938.9086289495983
938.9640303037513	0.5148814166524289	trials	200318SL	p33	Z08115	147	11.0	45.0	8	939.1140303037513	939.3289117204038
939.3843130745566	0.5048413504611062	trials	200318SL	p33	Z08115	323	7.0	225.0	12	939.5343130745566	939.7391544250178
939.7945957794345	0.5148414163886628	trials	200318SL	p33	Z08115	159	8.0	90.0	8	939.9445957794345	940.1594371958232
940.2248786161674	0.5048413504611062	trials	200318SL	p33	Z08115	213	2.0	270.0	8	940.3748786161674	940.5797199666285
940.6351613210453	0.5148414163886628	trials	200318SL	p33	Z08115	95	4.0	270.0	4	940.7851613210453	941.000002737434
943.0567772860743	0.5148414163885491	trials	200318SL	p33	Z08115	336	5.0	270.0	12	943.2067772860743	943.4216187024629
943.4870601228072	0.494841284533436	trials	200318SL	p33	Z08115	218	7.0	270.0	8	943.6370601228072	943.8319014073406
943.8973428276851	0.5148414163885491	trials	200318SL	p33	Z08115	151	0.0	90.0	8	944.047342827685	944.2621842440736
944.3176255984904	0.5048413504611062	trials	200318SL	p33	Z08115	318	2.0	225.0	12	944.4676255984904	944.6724669489515
944.7279083033682	0.5148414163886628	trials	200318SL	p33	Z08115	193	12.0	180.0	8	944.8779083033681	945.0927497197569
945.1581911401013	0.5248414823162193	trials	200318SL	p33	Z08115	274	3.0	90.0	12	945.3081911401013	945.5330326224175
945.5884739768342	0.5048413504609925	trials	200318SL	p33	Z08115	217	6.0	270.0	8	945.7384739768341	945.9433153272952
946.0187568135672	0.5048413504611062	trials	200318SL	p33	Z08115	112	6.0	315.0	4	946.1687568135671	946.3735981640283
948.690534427841	0.5048413504609925	trials	200318SL	p33	Z08115	131	10.0	0.0	8	948.840534427841	949.0453757783021
949.1008171327189	0.5048413504609925	trials	200318SL	p33	Z08115	137	1.0	45.0	8	949.2508171327189	949.45565848318
949.5110998375966	0.5148414163887765	trials	200318SL	p33	Z08115	308	7.0	180.0	12	949.6610998375966	949.8759412539854
950.7319078860387	0.5048413504611062	trials	200318SL	p33	Z08115	169	3.0	135.0	8	950.8819078860387	951.0867492364998
951.1421905909165	0.5048413504611062	trials	200318SL	p33	Z08115	315	14.0	180.0	12	951.2921905909164	951.4970319413776
951.5524732957944	0.5048413504609925	trials	200318SL	p33	Z08115	105	14.0	270.0	4	951.7024732957943	951.9073146462554
951.9727560665998	0.5048413504609925	trials	200318SL	p33	Z08115	109	3.0	315.0	4	952.1227560665998	952.3275974170608
952.3830387714775	0.5048013501973401	trials	200318SL	p33	Z08115	214	3.0	270.0	8	952.5330387714774	952.7378401216748
952.7932814760916	0.5148414163886628	trials	200318SL	p33	Z08115	135	14.0	0.0	8	952.9432814760916	953.1581228924803
953.213564246897	0.5048413504609925	trials	200318SL	p33	Z08115	360	14.0	315.0	12	953.363564246897	953.568405597358
953.6238469517748	0.5048413504609925	trials	200318SL	p33	Z08115	300	14.0	135.0	12	953.7738469517748	953.9786883022358
955.5451396183137	0.5048413504611062	trials	200318SL	p33	Z08115	72	11.0	180.0	4	955.6951396183136	955.8999809687748
955.9653823888555	0.4948412845333223	trials	200318SL	p33	Z08115	177	11.0	135.0	8	956.1153823888554	956.3102236733888
956.3656650278057	0.5048413504609925	trials	200318SL	p33	Z08115	322	6.0	225.0	12	956.5156650278057	956.7205063782667
956.7959878648023	0.49480128426966985	trials	200318SL	p33	Z08115	341	10.0	270.0	12	956.9459878648023	957.140789149072
957.2062305694164	0.494841284533436	trials	200318SL	p33	Z08115	181	0.0	180.0	8	957.3562305694164	957.5510718539499
957.6265133402218	0.5048413504609925	trials	200318SL	p33	Z08115	144	8.0	45.0	8	957.7765133402218	957.9813546906828
958.0367960450997	0.5048413504609925	trials	200318SL	p33	Z08115	189	8.0	180.0	8	958.1867960450996	958.3916373955607
958.4470787499773	0.5148414163886628	trials	200318SL	p33	Z08115	124	3.0	0.0	8	958.5970787499773	958.811920166366
960.5984929336424	0.5048413504609925	trials	200318SL	p33	Z08115	129	8.0	0.0	8	960.7484929336424	960.9533342841034
961.0087756385202	0.5048413504609925	trials	200318SL	p33	Z08115	297	11.0	135.0	12	961.1587756385202	961.3636169889812
961.419058343398	0.5048413504611062	trials	200318SL	p33	Z08115	73	12.0	180.0	4	961.569058343398	961.7738996938591
961.849341180131	0.494841284533436	trials	200318SL	p33	Z08115	347	1.0	315.0	12	961.999341180131	962.1941824646644
962.2596238850089	0.4948412845333223	trials	200318SL	p33	Z08115	250	9.0	0.0	12	962.4096238850088	962.6044651695422
962.6799066558142	0.5048413504609925	trials	200318SL	p33	Z08115	276	5.0	90.0	12	962.8299066558142	963.0347480062752
963.090189360692	0.5048013501973401	trials	200318SL	p33	Z08115	44	13.0	90.0	4	963.2401893606919	963.4449907108893
963.520472197425	0.49480128426978354	trials	200318SL	p33	Z08115	54	8.0	135.0	4	963.6704721974249	963.8652734816948
965.6518862492348	0.5148414163885491	trials	200318SL	p33	Z08115	238	12.0	315.0	8	965.8018862492348	966.0167276656234
966.0821690859677	0.494841284533436	trials	200318SL	p33	Z08115	100	9.0	270.0	4	966.2321690859677	966.4270103705012
966.4924517908456	0.494841284533436	trials	200318SL	p33	Z08115	353	7.0	315.0	12	966.6424517908456	966.8372930753791
966.912734561651	0.5048413504609925	trials	200318SL	p33	Z08115	182	1.0	180.0	8	967.0627345616509	967.267575912112
967.3230172665287	0.49480128426978354	trials	200318SL	p33	Z08115	298	12.0	135.0	12	967.4730172665287	967.6678185507985
967.7533001032618	0.49480128426966985	trials	200318SL	p33	Z08115	226	0.0	315.0	8	967.9033001032618	968.0981013875315
968.1535427419483	0.5048413504609925	trials	200318SL	p33	Z08115	215	4.0	270.0	8	968.3035427419483	968.5083840924093
968.5838255786813	0.494841284533436	trials	200318SL	p33	Z08115	146	10.0	45.0	8	968.7338255786813	968.9286668632147
970.845360488341	0.5048413504611062	trials	200318SL	p33	Z08115	157	6.0	90.0	8	970.995360488341	971.2002018388022
971.2656432591465	0.49480128426966985	trials	200318SL	p33	Z08115	228	2.0	315.0	8	971.4156432591465	971.6104445434162
971.6758859637606	0.5148814166523152	trials	200318SL	p33	Z08115	88	12.0	225.0	4	971.8258859637606	972.040767380413
972.0962087348296	0.5048013501973401	trials	200318SL	p33	Z08115	185	4.0	180.0	8	972.2462087348296	972.451010085027
972.5064514394437	0.5048413504609925	trials	200318SL	p33	Z08115	334	3.0	270.0	12	972.6564514394437	972.8612927899047
972.9367742764404	0.49480128426966985	trials	200318SL	p33	Z08115	43	12.0	90.0	4	973.0867742764403	973.28157556071
973.3470169810545	0.494841284533436	trials	200318SL	p33	Z08115	355	9.0	315.0	12	973.4970169810545	973.6918582655879
973.7672997518599	0.5048413504609925	trials	200318SL	p33	Z08115	321	5.0	225.0	12	973.9172997518599	974.1221411023209
975.8687136058868	0.524841482316333	trials	200318SL	p33	Z08115	99	8.0	270.0	4	976.0187136058868	976.2435550882032
976.2989964426199	0.494841284533436	trials	200318SL	p33	Z08115	115	9.0	315.0	4	976.4489964426199	976.6438377271534
976.7092791474977	0.494841284533436	trials	200318SL	p33	Z08115	56	10.0	135.0	4	976.8592791474977	977.0541204320311
977.129561918303	0.5048413504611062	trials	200318SL	p33	Z08115	50	4.0	135.0	4	977.279561918303	977.4844032687641
977.5398446231809	0.5048013501973401	trials	200318SL	p33	Z08115	204	8.0	225.0	8	977.6898446231809	977.8946459733783
977.9500873277949	0.5148414163886628	trials	200318SL	p33	Z08115	307	6.0	180.0	12	978.1000873277949	978.3149287441836
978.3703700986003	0.5048413504609925	trials	200318SL	p33	Z08115	258	2.0	45.0	12	978.5203700986003	978.7252114490614
978.7906528694057	0.5048413504611062	trials	200318SL	p33	Z08115	251	10.0	0.0	12	978.9406528694057	979.1454942198668
980.9521071192621	0.5248414823162193	trials	200318SL	p33	Z08115	283	12.0	90.0	12	981.1021071192621	981.3269486015784
981.382389955995	0.5048413504611062	trials	200318SL	p33	Z08115	260	4.0	45.0	12	981.532389955995	981.7372313064561
981.7926726608729	0.5148414163886628	trials	200318SL	p33	Z08115	303	2.0	180.0	12	981.9426726608729	982.1575140772616
982.2229554976059	0.494841284533436	trials	200318SL	p33	Z08115	176	10.0	135.0	8	982.3729554976059	982.5677967821393
982.6232381365561	0.5048413504609925	trials	200318SL	p33	Z08115	60	14.0	135.0	4	982.7732381365561	982.9780794870171
983.0535209732891	0.49480128426966985	trials	200318SL	p33	Z08115	282	11.0	90.0	12	983.2035209732891	983.3983222575588
983.4638036781669	0.49480128426966985	trials	200318SL	p33	Z08115	7	6.0	0.0	4	983.6138036781668	983.8086049624366
983.8840864489723	0.5048013501972264	trials	200318SL	p33	Z08115	202	6.0	225.0	8	984.0340864489723	984.2388877991696
986.7759855144446	0.5048413504609925	trials	200318SL	p33	Z08115	19	3.0	45.0	4	986.9259855144446	987.1308268649057
987.1863082195861	0.5048013501973401	trials	200318SL	p33	Z08115	9	8.0	0.0	4	987.336308219586	987.5411095697834
987.5965509242002	0.5148414163886628	trials	200318SL	p33	Z08115	191	10.0	180.0	8	987.7465509242002	987.9613923405889
988.0268337609332	0.494841284533436	trials	200318SL	p33	Z08115	98	7.0	270.0	4	988.1768337609332	988.3716750454666
988.437116465811	0.5148414163886628	trials	200318SL	p33	Z08115	114	8.0	315.0	4	988.5871164658109	988.8019578821996
988.8573992366163	0.5048413504611062	trials	200318SL	p33	Z08115	267	11.0	45.0	12	989.0073992366163	989.2122405870774
989.2776820074217	0.5048413504611062	trials	200318SL	p33	Z08115	275	4.0	90.0	12	989.4276820074217	989.6325233578829
989.6979647782272	0.49480128426978354	trials	200318SL	p33	Z08115	357	11.0	315.0	12	989.8479647782272	990.042766062497
991.8894192258663	0.5248414823162193	trials	200318SL	p33	Z08115	206	10.0	225.0	8	992.0394192258663	992.2642607081825
992.3197020625994	0.5048413504609925	trials	200318SL	p33	Z08115	130	9.0	0.0	8	992.4697020625994	992.6745434130604
992.729984767477	0.5148414163886628	trials	200318SL	p33	Z08115	170	4.0	135.0	8	992.879984767477	993.0948261838657
993.1602676042102	0.494841284533436	trials	200318SL	p33	Z08115	240	14.0	315.0	8	993.3102676042101	993.5051088887436
993.5605502431603	0.5048413504609925	trials	200318SL	p33	Z08115	117	11.0	315.0	4	993.7105502431602	993.9153915936213
993.9908330798933	0.5048013501973401	trials	200318SL	p33	Z08115	29	13.0	45.0	4	994.1408330798932	994.3456344300906
994.401115784771	0.5148414163886628	trials	200318SL	p33	Z08115	118	12.0	315.0	4	994.551115784771	994.7659572011597
994.8313986215041	0.49480128426966985	trials	200318SL	p33	Z08115	51	5.0	135.0	4	994.9813986215041	995.1761999057738
996.9728127392415	0.5248414823162193	trials	200318SL	p33	Z08115	174	8.0	135.0	8	997.1228127392415	997.3476542215577
997.4030955759745	0.5048413504611062	trials	200318SL	p33	Z08115	237	11.0	315.0	8	997.5530955759745	997.7579369264356
997.8133782808522	0.5148414163886628	trials	200318SL	p33	Z08115	216	5.0	270.0	8	997.9633782808522	998.1782196972409
998.2436611175852	0.494841284533436	trials	200318SL	p33	Z08115	11	10.0	0.0	4	998.3936611175852	998.5885024021187
998.653943822463	0.5148414163887765	trials	200318SL	p33	Z08115	329	13.0	225.0	12	998.803943822463	999.0187852388518
999.084226659196	0.494841284533436	trials	200318SL	p33	Z08115	278	7.0	90.0	12	999.234226659196	999.4290679437295
999.4945093640739	0.5048413504609925	trials	200318SL	p33	Z08115	222	11.0	270.0	8	999.6445093640739	999.8493507145349
999.9147521346156	0.4948412845333223	trials	200318SL	p33	Z08115	265	9.0	45.0	12	1000.0647521346156	1000.2595934191489
1002.0662063185443	0.5148414163886628	trials	200318SL	p33	Z08115	188	7.0	180.0	8	1002.2162063185443	1002.431047734933
1002.4864890893497	0.5048413504609925	trials	200318SL	p33	Z08115	90	14.0	225.0	4	1002.6364890893497	1002.8413304398107
1002.8967717942276	0.5148414163885491	trials	200318SL	p33	Z08115	351	5.0	315.0	12	1003.0467717942275	1003.2616132106161
1003.3270546309604	0.494841284533436	trials	200318SL	p33	Z08115	332	1.0	270.0	12	1003.4770546309604	1003.6718959154939
1003.7373373358383	0.494841284533436	trials	200318SL	p33	Z08115	69	8.0	180.0	4	1003.8873373358383	1004.0821786203718
1004.1576201066437	0.5048413504609925	trials	200318SL	p33	Z08115	259	3.0	45.0	12	1004.3076201066436	1004.5124614571047
1004.5679028115214	0.49480128426978354	trials	200318SL	p33	Z08115	2	1.0	0.0	4	1004.7179028115214	1004.9127040957912
1004.9781455161356	0.5148414163886628	trials	200318SL	p33	Z08115	299	13.0	135.0	12	1005.1281455161355	1005.3429869325242
1008.4604884742374	0.5048413504609925	trials	200318SL	p33	Z08115	92	1.0	270.0	4	1008.6104884742374	1008.8153298246984
1010.7720237135352	0.5048413504611062	trials	200318SL	p33	Z08115	200	4.0	225.0	8	1010.9220237135352	1011.1268650639963
1011.1823064184131	0.5048413504609925	trials	200318SL	p33	Z08115	273	2.0	90.0	12	1011.332306418413	1011.5371477688741
1011.5925891232908	0.5248414823162193	trials	200318SL	p33	Z08115	316	0.0	225.0	12	1011.7425891232908	1011.9674306056071
1012.0228719600238	0.5048413504609925	trials	200318SL	p33	Z08115	220	9.0	270.0	8	1012.1728719600238	1012.3777133104849
1012.4331546649016	0.5148414163885491	trials	200318SL	p33	Z08115	0			0	1012.5831546649016	1012.7979960812902
1012.8634375016346	0.494841284533436	trials	200318SL	p33	Z08115	125	4.0	0.0	8	1013.0134375016346	1013.2082787861681
1013.2636801403211	0.5048413504609925	trials	200318SL	p33	Z08115	4	3.0	0.0	4	1013.413680140321	1013.6185214907821
1013.6940029773178	0.49480128426966985	trials	200318SL	p33	Z08115	324	8.0	225.0	12	1013.8440029773178	1014.0388042615875
1016.3357403935452	0.5148414163885491	trials	200318SL	p33	Z08115	254	13.0	0.0	12	1016.4857403935451	1016.7005818099337
1016.7560231643506	0.494841284533436	trials	200318SL	p33	Z08115	134	13.0	0.0	8	1016.9060231643506	1017.1008644488841
1017.1663058692284	0.5148414163885491	trials	200318SL	p33	Z08115	252	11.0	0.0	12	1017.3163058692284	1017.531147285617
1017.5965887059614	0.494841284533436	trials	200318SL	p33	Z08115	243	2.0	0.0	12	1017.7465887059614	1017.9414299904948
1018.0068714108392	0.5148414163886628	trials	200318SL	p33	Z08115	126	5.0	0.0	8	1018.1568714108391	1018.3717128272278
1018.4271541816446	0.5048413504609925	trials	200318SL	p33	Z08115	31	0.0	90.0	4	1018.5771541816446	1018.7819955321056
1018.8374368865224	0.5148414163886628	trials	200318SL	p33	Z08115	241	0.0	0.0	12	1018.9874368865223	1019.202278302911
1019.2676797229916	0.494841284533436	trials	200318SL	p33	Z08115	335	4.0	270.0	12	1019.4176797229916	1019.6125210075251
1022.0095377992861	0.5248414823162193	trials	200318SL	p33	Z08115	22	6.0	45.0	4	1022.1595377992861	1022.3843792816024
1022.4398206360192	0.5048413504609925	trials	200318SL	p33	Z08115	76	0.0	225.0	4	1022.5898206360192	1022.7946619864803
1022.8501033408969	0.5048413504611062	trials	200318SL	p33	Z08115	104	13.0	270.0	4	1023.0001033408969	1023.204944691358
1023.2703861117024	0.5048413504611062	trials	200318SL	p33	Z08115	326	10.0	225.0	12	1023.4203861117023	1023.6252274621635
1023.6806688165801	0.5048413504613336	trials	200318SL	p33	Z08115	338	7.0	270.0	12	1023.8306688165801	1024.0355101670414
1024.0909115211941	0.5148814166525426	trials	200318SL	p33	Z08115	248	7.0	0.0	12	1024.2409115211942	1024.4557929378466
1024.5111942919996	0.5048413504612199	trials	200318SL	p33	Z08115	49	3.0	135.0	4	1024.6611942919997	1024.8660356424607
1024.921516997141	0.5048013501975674	trials	200318SL	p33	Z08115	35	4.0	90.0	4	1025.071516997141	1025.2763183473385
1027.9134967224168	0.5048413504614473	trials	200318SL	p33	Z08115	354	8.0	315.0	12	1028.0634967224169	1028.2683380728781
1028.3337794932222	0.4948012842698972	trials	200318SL	p33	Z08115	96	5.0	270.0	4	1028.4837794932223	1028.678580777492
1028.7440621981002	0.5148414163886628	trials	200318SL	p33	Z08115	64	3.0	180.0	4	1028.8940621981003	1029.1089036144888
1029.1643449689057	0.5048013501973401	trials	200318SL	p33	Z08115	312	11.0	180.0	12	1029.3143449689057	1029.519146319103
1029.5745876735195	0.5148414163886628	trials	200318SL	p33	Z08115	102	11.0	270.0	4	1029.7245876735196	1029.9394290899081
1030.0048705102527	0.4948412845335497	trials	200318SL	p33	Z08115	41	10.0	90.0	4	1030.1548705102527	1030.3497117947861
1030.4051531492025	0.5048413504614473	trials	200318SL	p33	Z08115	15	14.0	0.0	4	1030.5551531492026	1030.759994499664
1030.8354359859356	0.49484128453377707	trials	200318SL	p33	Z08115	310	9.0	180.0	12	1030.9854359859357	1031.1802772704693
1033.6472945237235	0.5048413504612199	trials	200318SL	p33	Z08115	80	4.0	225.0	4	1033.7972945237236	1034.0021358741847
1034.067577294529	0.4948412845335497	trials	200318SL	p33	Z08115	127	6.0	0.0	8	1034.217577294529	1034.4124185790624
1034.4778999996704	0.4948012842698972	trials	200318SL	p33	Z08115	272	1.0	90.0	12	1034.6278999996705	1034.8227012839402
1034.898142770212	0.5048413504614473	trials	200318SL	p33	Z08115	197	1.0	225.0	8	1035.048142770212	1035.2529841206733
1035.3384656731362	0.49480128427035197	trials	200318SL	p33	Z08115	20	4.0	45.0	4	1035.4884656731363	1035.6832669574064
1035.7487083777505	0.4948412845335497	trials	200318SL	p33	Z08115	333	2.0	270.0	12	1035.8987083777506	1036.093549662284
1036.168991148556	0.4948412845335497	trials	200318SL	p33	Z08115	345	14.0	270.0	12	1036.318991148556	1036.5138324330894
1036.5792738534335	0.49484128453377707	trials	200318SL	p33	Z08115	264	8.0	45.0	12	1036.7292738534336	1036.9241151379672
1038.7707283010727	0.5048413504614473	trials	200318SL	p33	Z08115	158	7.0	90.0	8	1038.9207283010728	1039.125569651534
1039.2010511380695	0.4948012842698972	trials	200318SL	p33	Z08115	263	7.0	45.0	12	1039.3510511380696	1039.5458524223393
1039.6112938426836	0.4948412845335497	trials	200318SL	p33	Z08115	288	2.0	135.0	12	1039.7612938426837	1039.956135127217
1040.0315766134888	0.5048413504614473	trials	200318SL	p33	Z08115	187	6.0	180.0	8	1040.181576613489	1040.3864179639502
1040.4418593183668	0.5048413504612199	trials	200318SL	p33	Z08115	294	8.0	135.0	12	1040.591859318367	1040.796700668828
1040.8521420232446	0.5148414163888901	trials	200318SL	p33	Z08115	48	2.0	135.0	4	1041.0021420232447	1041.2169834396334
1041.27242479405	0.5048413504612199	trials	200318SL	p33	Z08115	156	5.0	90.0	8	1041.4224247940501	1041.6272661445112
1041.6827074989276	0.5048013501977948	trials	200318SL	p33	Z08115	311	10.0	180.0	12	1041.8327074989277	1042.0375088491253
1043.7840813526911	0.5048413504612199	trials	200318SL	p33	Z08115	175	9.0	135.0	8	1043.9340813526912	1044.1389227031523
1044.2043641234966	0.4948412845335497	trials	200318SL	p33	Z08115	171	5.0	135.0	8	1044.3543641234967	1044.54920540803
1044.6146468283744	0.4948412845335497	trials	200318SL	p33	Z08115	62	1.0	180.0	4	1044.7646468283745	1044.9594881129078
1045.0349295991796	0.49484128453377707	trials	200318SL	p33	Z08115	0			0	1045.1849295991797	1045.3797708837133
1045.4452123040573	0.4948012842698972	trials	200318SL	p33	Z08115	270	14.0	45.0	12	1045.5952123040574	1045.7900135883272
1045.8654950748628	0.5048413504612199	trials	200318SL	p33	Z08115	17	1.0	45.0	4	1046.0154950748629	1046.220336425324
1046.2857378454046	0.4948412845335497	trials	200318SL	p33	Z08115	306	5.0	180.0	12	1046.4357378454047	1046.630579129938
1046.70602061621	0.4948412845333223	trials	200318SL	p33	Z08115	155	4.0	90.0	8	1046.8560206162101	1047.0508619007433
1049.778080869434	0.4948412845335497	trials	200318SL	p33	Z08115	343	12.0	270.0	12	1049.928080869434	1050.1229221539675
1050.1983636402394	0.5048413504612199	trials	200318SL	p33	Z08115	25	9.0	45.0	4	1050.3483636402395	1050.5532049907006
1050.608646345117	0.5048413504614473	trials	200318SL	p33	Z08115	59	13.0	135.0	4	1050.758646345117	1050.9634876955784
1051.03892918185	0.49484128453377707	trials	200318SL	p33	Z08115	143	7.0	45.0	8	1051.1889291818502	1051.3837704663838
1051.4492118867279	0.49484128453377707	trials	200318SL	p33	Z08115	224	13.0	270.0	8	1051.599211886728	1051.7940531712616
1051.8694946575333	0.5048413504612199	trials	200318SL	p33	Z08115	18	2.0	45.0	4	1052.0194946575334	1052.2243360079945
1052.2797773624113	0.5048413504609925	trials	200318SL	p33	Z08115	194	13.0	180.0	8	1052.4297773624114	1052.6346187128722
1052.6900600672889	0.5148414163888901	trials	200318SL	p33	Z08115	230	4.0	315.0	8	1052.840060067289	1053.0549014836777
1055.231716823713	0.5148814166525426	trials	200318SL	p33	Z08115	121	0.0	0.0	8	1055.381716823713	1055.5965982403654
1055.6620396607095	0.4948012842698972	trials	200318SL	p33	Z08115	5	4.0	0.0	4	1055.8120396607096	1056.0068409449793
1056.0722823653236	0.5148814166525426	trials	200318SL	p33	Z08115	32	1.0	90.0	4	1056.2222823653237	1056.437163781976
1056.492565136129	0.5048413504612199	trials	200318SL	p33	Z08115	304	3.0	180.0	12	1056.6425651361292	1056.8474064865902
1056.9028478410069	0.4948412845335497	trials	200318SL	p33	Z08115	0			0	1057.052847841007	1057.2476891255403
1057.3231306118123	0.5048413504612199	trials	200318SL	p33	Z08115	245	4.0	0.0	12	1057.4731306118124	1057.6779719622734
1057.7334133166898	0.5048413504614473	trials	200318SL	p33	Z08115	350	4.0	315.0	12	1057.88341331669	1058.0882546671512
1058.163696153423	0.49484128453377707	trials	200318SL	p33	Z08115	1	0.0	0.0	4	1058.313696153423	1058.5085374379566
1060.285110139305	0.5148414163891175	trials	200318SL	p33	Z08115	65	4.0	180.0	4	1060.4351101393052	1060.649951555694
1060.7053929101105	0.5048413504614473	trials	200318SL	p33	Z08115	79	3.0	225.0	4	1060.8553929101106	1061.0602342605719
1061.125675680916	0.5048413504612199	trials	200318SL	p33	Z08115	141	5.0	45.0	8	1061.275675680916	1061.480517031377
1061.5459584517214	0.4948412845335497	trials	200318SL	p33	Z08115	39	8.0	90.0	4	1061.6959584517215	1061.8907997362548
1061.9562411565992	0.49484128453377707	trials	200318SL	p33	Z08115	87	11.0	225.0	4	1062.1062411565993	1062.3010824411328
1062.3765239274046	0.4948012842698972	trials	200318SL	p33	Z08115	305	4.0	180.0	12	1062.5265239274047	1062.7213252116744
1062.7868066322824	0.5048013501975674	trials	200318SL	p33	Z08115	160	9.0	90.0	8	1062.9368066322825	1063.1416079824799
1063.2170894690155	0.4948012842698972	trials	200318SL	p33	Z08115	83	7.0	225.0	4	1063.3670894690156	1063.5618907532853
1066.2391093923377	0.5148014161252377	trials	200318SL	p33	Z08115	122	1.0	0.0	8	1066.3891093923378	1066.6039108084628
1066.6593521628793	0.5048413504614473	trials	200318SL	p33	Z08115	167	1.0	135.0	8	1066.8093521628793	1067.0141935133406
1067.069674868021	0.5048013501975674	trials	200318SL	p33	Z08115	168	2.0	135.0	8	1067.219674868021	1067.4244762182184
1067.4999177044901	0.4948412845335497	trials	200318SL	p33	Z08115	268	12.0	45.0	12	1067.6499177044902	1067.8447589890236
1067.9002003434405	0.5048413504612199	trials	200318SL	p33	Z08115	232	6.0	315.0	8	1068.0502003434406	1068.2550416939016
1068.3304831801734	0.5048413504612199	trials	200318SL	p33	Z08115	359	13.0	315.0	12	1068.4804831801735	1068.6853245306345
1068.7407658850511	0.49484128453377707	trials	200318SL	p33	Z08115	30	14.0	45.0	4	1068.8907658850512	1069.0856071695848
1069.151048589929	0.5148414163891175	trials	200318SL	p33	Z08115	36	5.0	90.0	4	1069.301048589929	1069.515890006318
1071.2224222459095	0.5148414163888901	trials	200318SL	p33	Z08115	207	11.0	225.0	8	1071.3724222459095	1071.5872636622983
1071.642705016715	0.5048413504612199	trials	200318SL	p33	Z08115	314	13.0	180.0	12	1071.792705016715	1071.997546367176
1072.0629477872565	0.5048813507248724	trials	200318SL	p33	Z08115	47	1.0	135.0	4	1072.2129477872566	1072.4178291379812
1072.4832705583258	0.4948412845335497	trials	200318SL	p33	Z08115	231	5.0	315.0	8	1072.6332705583259	1072.8281118428592
1072.8935532632033	0.4948012842698972	trials	200318SL	p33	Z08115	352	6.0	315.0	12	1073.0435532632034	1073.2383545474731
1073.3138360340088	0.5048413504614473	trials	200318SL	p33	Z08115	108	2.0	315.0	4	1073.4638360340089	1073.6686773844701
1073.7241187388865	0.5048013501975674	trials	200318SL	p33	Z08115	103	12.0	270.0	4	1073.8741187388866	1074.078920089084
1074.1543615753558	0.5048413504614473	trials	200318SL	p33	Z08115	269	13.0	45.0	12	1074.3043615753559	1074.5092029258171
1076.2357752975277	0.5048413504612199	trials	200318SL	p33	Z08115	255	14.0	0.0	12	1076.3857752975277	1076.5906166479888
1076.6460580024054	0.5048413504614473	trials	200318SL	p33	Z08115	340	9.0	270.0	12	1076.7960580024055	1077.0008993528668
1077.0563007070195	0.5148814166525426	trials	200318SL	p33	Z08115	236	10.0	315.0	8	1077.2063007070196	1077.421182123672
1077.4866235440163	0.5048413504612199	trials	200318SL	p33	Z08115	82	6.0	225.0	4	1077.6366235440164	1077.8414648944774
1077.8968662486304	0.5148814166525426	trials	200318SL	p33	Z08115	331	0.0	270.0	12	1078.0468662486305	1078.2617476652829
1078.3171490194359	0.5048413504609925	trials	200318SL	p33	Z08115	85	9.0	225.0	4	1078.467149019436	1078.6719903698968
1078.7274317243134	0.5048413504614473	trials	200318SL	p33	Z08115	0			0	1078.8774317243135	1079.0822730747748
1079.1477144951189	0.5048413504614473	trials	200318SL	p33	Z08115	140	4.0	45.0	8	1079.297714495119	1079.5025558455802
1081.179087887389	0.5048013501975674	trials	200318SL	p33	Z08115	161	10.0	90.0	8	1081.329087887389	1081.5338892375864
1081.6093707241218	0.5048413504614473	trials	200318SL	p33	Z08115	52	6.0	135.0	4	1081.759370724122	1081.9642120745832
1082.0196534289998	0.5248414823165604	trials	200318SL	p33	Z08115	110	4.0	315.0	4	1082.169653429	1082.3944949113163
1082.4499362657327	0.4948012842698972	trials	200318SL	p33	Z08115	328	12.0	225.0	12	1082.5999362657328	1082.7947375500025
1082.8601789703469	0.5148814166525426	trials	200318SL	p33	Z08115	107	1.0	315.0	4	1083.010178970347	1083.2250603869993
1083.2905018073434	0.4948012842698972	trials	200318SL	p33	Z08115	196	0.0	225.0	8	1083.4405018073435	1083.6353030916132
1083.69074444603	0.5248814825802128	trials	200318SL	p33	Z08115	166	0.0	135.0	8	1083.8407444460302	1084.0656259286102
1084.121027282763	0.5048413504614473	trials	200318SL	p33	Z08115	253	12.0	0.0	12	1084.271027282763	1084.4758686332243
1086.3425219284488	0.5148414163886628	trials	200318SL	p33	Z08115	139	3.0	45.0	8	1086.492521928449	1086.7073633448374
1086.7628046992543	0.5048413504609925	trials	200318SL	p33	Z08115	290	4.0	135.0	12	1086.9128046992544	1087.1176460497152
1087.1730874041318	0.5148414163888901	trials	200318SL	p33	Z08115	55	9.0	135.0	4	1087.323087404132	1087.5379288205206
1087.603370240865	0.5048413504612199	trials	200318SL	p33	Z08115	94	3.0	270.0	4	1087.753370240865	1087.958211591326
1088.0336530775978	0.4948412845335497	trials	200318SL	p33	Z08115	132	11.0	0.0	8	1088.183653077598	1088.3784943621313
1088.4439357824758	0.5048413504609925	trials	200318SL	p33	Z08115	330	14.0	225.0	12	1088.593935782476	1088.7987771329367
1088.8742186192087	0.4948412845335497	trials	200318SL	p33	Z08115	67	6.0	180.0	4	1089.0242186192088	1089.2190599037422
1089.2844613238228	0.4948412845335497	trials	200318SL	p33	Z08115	295	9.0	135.0	12	1089.434461323823	1089.6293026083563
1092.41660197314	0.5148414163888901	trials	200318SL	p33	Z08115	256	0.0	45.0	12	1092.56660197314	1092.7814433895287
1092.8368447436815	0.5048413504614473	trials	200318SL	p33	Z08115	153	2.0	90.0	8	1092.9868447436816	1093.1916860941428
1093.2471274485595	0.5148414163888901	trials	200318SL	p33	Z08115	184	3.0	180.0	8	1093.3971274485596	1093.6119688649483
1093.6774102852924	0.4948412845335497	trials	200318SL	p33	Z08115	91	0.0	270.0	4	1093.8274102852924	1094.0222515698258
1094.0776929242427	0.5048413504612199	trials	200318SL	p33	Z08115	163	12.0	90.0	8	1094.2276929242428	1094.4325342747038
1094.5080157612392	0.4948012842701246	trials	200318SL	p33	Z08115	154	3.0	90.0	8	1094.6580157612393	1094.8528170455093
1094.9182584658533	0.49484128453377707	trials	200318SL	p33	Z08115	277	6.0	90.0	12	1095.0682584658534	1095.263099750387
1095.3185011045398	0.5148814166525426	trials	200318SL	p33	Z08115	319	3.0	225.0	12	1095.4685011045399	1095.6833825211922
1100.171773100789	0.5148414163886628	trials	200318SL	p33	Z08115	148	12.0	45.0	8	1100.3217731007892	1100.5366145171777
1101.7027831943053	0.5048413504614473	trials	200318SL	p33	Z08115	70	9.0	180.0	4	1101.8527831943054	1102.0576245447667
1102.8235505832076	0.5248414823165604	trials	200318SL	p33	Z08115	46	0.0	135.0	4	1102.9735505832077	1103.198392065524
1159.6615252998938	0.524841482316333	trials	200318SL	p33	Z08115	221	10.0	270.0	8	1159.811525299894	1160.03636678221
1160.1018082025546	0.5148414163886628	trials	200318SL	p33	Z08115	239	13.0	315.0	8	1160.2518082025547	1160.4666496189432
1160.5220909733598	0.49484128453377707	trials	200318SL	p33	Z08115	119	13.0	315.0	4	1160.67209097336	1160.8669322578935
1160.9323736782376	0.49484128453377707	trials	200318SL	p33	Z08115	136	0.0	45.0	8	1161.0823736782377	1161.2772149627713
1161.352656449043	0.5048413504612199	trials	200318SL	p33	Z08115	279	8.0	90.0	12	1161.5026564490431	1161.7074977995042
1161.7929393517036	0.4948412845335497	trials	200318SL	p33	Z08115	68	7.0	180.0	4	1161.9429393517037	1162.137780636237
1162.2032220565814	0.4948012842701246	trials	200318SL	p33	Z08115	129	8.0	0.0	8	1162.3532220565814	1162.5480233408514
1162.603464695268	0.5148814166525426	trials	200318SL	p33	Z08115	230	4.0	315.0	8	1162.7534646952681	1162.9683461119205
1165.0951611223174	0.5148414163888901	trials	200318SL	p33	Z08115	41	10.0	90.0	4	1165.2451611223175	1165.4600025387062
1165.5254439590503	0.4948012842698972	trials	200318SL	p33	Z08115	204	8.0	225.0	8	1165.6754439590504	1165.8702452433201
1167.166534778298	0.5048413504609925	trials	200318SL	p33	Z08115	223	12.0	270.0	8	1167.316534778298	1167.521376128759
1167.5968176150311	0.4948412845333223	trials	200318SL	p33	Z08115	49	3.0	135.0	4	1167.7468176150312	1167.9416588995643
1168.0071003199087	0.49484128453377707	trials	200318SL	p33	Z08115	104	13.0	270.0	4	1168.1571003199087	1168.3519416044423
1168.4073429585953	0.5148814166525426	trials	200318SL	p33	Z08115	9	8.0	0.0	4	1168.5573429585954	1168.7722243752478
1168.837625795328	0.49484128453377707	trials	200318SL	p33	Z08115	210	14.0	225.0	8	1168.987625795328	1169.1824670798617
1169.247908500206	0.5148414163888901	trials	200318SL	p33	Z08115	351	5.0	315.0	12	1169.397908500206	1169.6127499165948
1169.6681912710114	0.5048413504609925	trials	200318SL	p33	Z08115	314	13.0	180.0	12	1169.8181912710115	1170.0230326214723
1170.0784739758892	0.5048413504612199	trials	200318SL	p33	Z08115	99	8.0	270.0	4	1170.2284739758893	1170.4333153263503
1171.499443343938	0.5048013501975674	trials	200318SL	p33	Z08115	197	1.0	225.0	8	1171.6494433439382	1171.8542446941356
1171.909726048816	0.5048013501975674	trials	200318SL	p33	Z08115	252	11.0	0.0	12	1172.0597260488162	1172.2645273990136
1172.340008885549	0.5048013501975674	trials	200318SL	p33	Z08115	61	0.0	180.0	4	1172.490008885549	1172.6948102357464
1172.750251590163	0.4948412845335497	trials	200318SL	p33	Z08115	198	2.0	225.0	8	1172.9002515901632	1173.0950928746965
