onset	duration	nwb_table	ses_ID	pen_ID	sub_ID	cond_ID	stim_ID	rotation	luminance	pdOnTS	pdOffTS
548.3612175864102	0.506960022705357	trials	210513SL	p29	Z11111	158	7.0	90.0	8	548.5112175864102	548.7181776091156
548.8115376358145	0.5269600248996085	trials	210513SL	p29	Z11111	353	7.0	315.0	12	548.9615376358145	549.1884976607141
549.2418176830201	0.5269600248996085	trials	210513SL	p29	Z11111	65	4.0	180.0	4	549.3918176830201	549.6187777079198
549.7121377346186	0.4969600216082881	trials	210513SL	p29	Z11111	342	11.0	270.0	12	549.8621377346186	550.059097756227
550.1424177818243	0.5370000260010102	trials	210513SL	p29	Z11111	72	11.0	180.0	4	550.2924177818243	550.5294178078253
550.6127378334227	0.5269600248996085	trials	210513SL	p29	Z11111	345	14.0	270.0	12	550.7627378334226	550.9896978583223
551.0530178817254	0.5270000249039413	trials	210513SL	p29	Z11111	234	8.0	315.0	8	551.2030178817254	551.4300179066294
554.635458274752	0.506960022705357	trials	210513SL	p29	Z11111	227	1.0	315.0	8	554.7854582747519	554.9924182974573
555.0757383230548	0.5370000260010102	trials	210513SL	p29	Z11111	269	13.0	45.0	12	555.2257383230548	555.4627383490558
555.5460583746532	0.4969600216082881	trials	210513SL	p29	Z11111	272	1.0	90.0	12	555.6960583746531	555.8930183962615
555.9863384229559	0.5270000249039413	trials	210513SL	p29	Z11111	344	13.0	270.0	12	556.1363384229559	556.3633384478599
556.4466584734572	0.5370000260011238	trials	210513SL	p29	Z11111	141	5.0	45.0	8	556.5966584734572	556.8336584994584
556.9169785250557	0.4969600216082881	trials	210513SL	p29	Z11111	354	8.0	315.0	12	557.0669785250557	557.263938546664
557.31725856897	0.5369600259966774	trials	210513SL	p29	Z11111	123	2.0	0.0	8	557.46725856897	557.7042185949667
561.009738974069	0.506960022705357	trials	210513SL	p29	Z11111	302	1.0	180.0	12	561.159738974069	561.3666989967744
561.4200190190804	0.5269600248996085	trials	210513SL	p29	Z11111	311	10.0	180.0	12	561.5700190190804	561.7969790439801
561.8602990673833	0.5270000249039413	trials	210513SL	p29	Z11111	159	8.0	90.0	8	562.0102990673832	562.2372990922872
562.3206191178846	0.4969600216082881	trials	210513SL	p29	Z11111	111	5.0	315.0	4	562.4706191178846	562.6675791394929
562.7608991661873	0.4969600216082881	trials	210513SL	p29	Z11111	190	9.0	180.0	8	562.9108991661873	563.1078591877956
563.1711792111988	0.5370000260010102	trials	210513SL	p29	Z11111	94	3.0	270.0	4	563.3211792111988	563.5581792371999
563.6414992627972	0.5270000249039413	trials	210513SL	p29	Z11111	290	4.0	135.0	12	563.7914992627972	564.0184992877012
567.2439396580179	0.5069600227054707	trials	210513SL	p29	Z11111	220	9.0	270.0	8	567.3939396580179	567.6008996807234
567.6542197030294	0.5369600259966774	trials	210513SL	p29	Z11111	8	7.0	0.0	4	567.8042197030294	568.0411797290261
568.1245397546278	0.5269600248996085	trials	210513SL	p29	Z11111	77	1.0	225.0	4	568.2745397546278	568.5014997795274
568.5948598062263	0.5269600248994948	trials	210513SL	p29	Z11111	326	10.0	225.0	12	568.7448598062263	568.9718198311258
569.0651398578203	0.5270000249039413	trials	210513SL	p29	Z11111	10	9.0	0.0	4	569.2151398578203	569.4421398827243
569.4954599050303	0.5269600248996085	trials	210513SL	p29	Z11111	103	12.0	270.0	4	569.6454599050303	569.87241992993
569.9457399544302	0.5370000260010102	trials	210513SL	p29	Z11111	102	11.0	270.0	4	570.0957399544302	570.3327399804313
573.628220358432	0.5169600238024259	trials	210513SL	p29	Z11111	74	13.0	180.0	4	573.778220358432	573.9951803822345
574.0785404078363	0.5269600248996085	trials	210513SL	p29	Z11111	259	3.0	45.0	12	574.2285404078362	574.4555004327359
576.2599806471603	0.506960022705357	trials	210513SL	p29	Z11111	339	8.0	270.0	12	576.4099806471603	576.6169406698657
576.7003006954674	0.5369600259966774	trials	210513SL	p29	Z11111	297	11.0	135.0	12	576.8503006954674	577.0872607214641
577.1706207470659	0.5369600259965637	trials	210513SL	p29	Z11111	100	9.0	270.0	4	577.3206207470658	577.5575807730625
577.6409407986642	0.5269600248996085	trials	210513SL	p29	Z11111	57	11.0	135.0	4	577.7909407986642	578.0179008235639
578.1112608502626	0.5269600248996085	trials	210513SL	p29	Z11111	322	6.0	225.0	12	578.2612608502626	578.4882208751623
578.5415408974684	0.5369600259965637	trials	210513SL	p29	Z11111	237	11.0	315.0	8	578.6915408974684	578.928500923465
579.0118609490668	0.4969600216082881	trials	210513SL	p29	Z11111	20	4.0	45.0	4	579.1618609490667	579.3588209706751
582.5442213365991	0.506960022705357	trials	210513SL	p29	Z11111	15	14.0	0.0	4	582.6942213365991	582.9011813593045
582.9545013816106	0.5370000260010102	trials	210513SL	p29	Z11111	104	13.0	270.0	4	583.1045013816106	583.3415014076116
583.3948214299177	0.5269600248996085	trials	210513SL	p29	Z11111	1	0.0	0.0	4	583.5448214299176	583.7717814548173
583.8651414815162	0.49692002160384163	trials	210513SL	p29	Z11111	172	6.0	135.0	8	584.0151414815161	584.21206150312
584.2954215287218	0.5369600259965637	trials	210513SL	p29	Z11111	39	8.0	90.0	4	584.4454215287218	584.6823815547184
584.7457015781216	0.5370000260010102	trials	210513SL	p29	Z11111	119	13.0	315.0	4	584.8957015781216	585.1327016041226
585.2160216297201	0.5370000260010102	trials	210513SL	p29	Z11111	273	2.0	90.0	12	585.3660216297201	585.6030216557211
588.7884220216451	0.506960022705357	trials	210513SL	p29	Z11111	76	0.0	225.0	4	588.9384220216451	589.1453820443505
589.1987020666566	0.5270000249039413	trials	210513SL	p29	Z11111	125	4.0	0.0	8	589.3487020666565	589.5757020915605
589.6290221138667	0.5369600259966774	trials	210513SL	p29	Z11111	301	0.0	180.0	12	589.7790221138666	590.0159821398634
590.0693021621694	0.5269600248996085	trials	210513SL	p29	Z11111	2	1.0	0.0	4	590.2193021621694	590.446262187069
590.5396222137678	0.5269600248996085	trials	210513SL	p29	Z11111	268	12.0	45.0	12	590.6896222137677	590.9165822386674
590.9699022609735	0.49696002160817443	trials	210513SL	p29	Z11111	11	10.0	0.0	4	591.1199022609735	591.3168622825817
591.390182307082	0.5269600248996085	trials	210513SL	p29	Z11111	41	10.0	90.0	4	591.540182307082	591.7671423319816
594.9725827001042	0.506960022705357	trials	210513SL	p29	Z11111	294	8.0	135.0	12	595.1225827001042	595.3295427228096
595.3828627451156	0.5069600227054707	trials	210513SL	p29	Z11111	265	9.0	45.0	12	595.5328627451156	595.7398227678211
595.8231827934228	0.5269600248996085	trials	210513SL	p29	Z11111	254	13.0	0.0	12	595.9731827934228	596.2001428183224
596.2534628406285	0.5369600259966774	trials	210513SL	p29	Z11111	286	0.0	135.0	12	596.4034628406284	596.6404228666252
596.723782892227	0.4969600216082881	trials	210513SL	p29	Z11111	189	8.0	180.0	8	596.8737828922269	597.0707429138353
597.1440629383355	0.5269600248994948	trials	210513SL	p29	Z11111	68	7.0	180.0	4	597.2940629383355	597.521022963235
597.6143829899339	0.5269600248994948	trials	210513SL	p29	Z11111	107	1.0	315.0	4	597.7643829899339	597.9913430148334
601.196783382956	0.5269600248996085	trials	210513SL	p29	Z11111	150	14.0	45.0	8	601.346783382956	601.5737434078557
601.6571034334573	0.5269600248996085	trials	210513SL	p29	Z11111	121	0.0	0.0	8	601.8071034334573	602.034063458357
602.0973834817602	0.5270000249039413	trials	210513SL	p29	Z11111	51	5.0	135.0	4	602.2473834817602	602.4743835066641
602.5577035322615	0.4969600216082881	trials	210513SL	p29	Z11111	171	5.0	135.0	8	602.7077035322615	602.9046635538698
602.9979835805642	0.5270000249039413	trials	210513SL	p29	Z11111	309	8.0	180.0	12	603.1479835805642	603.3749836054682
603.4683036321627	0.49696002160817443	trials	210513SL	p29	Z11111	329	13.0	225.0	12	603.6183036321627	603.8152636537709
603.8785836771741	0.5370000260011238	trials	210513SL	p29	Z11111	0			0	604.0285836771741	604.2655837031753
607.4710240712977	0.506960022705357	trials	210513SL	p29	Z11111	22	6.0	45.0	4	607.6210240712977	607.8279840940031
607.9113041196006	0.5370000260010102	trials	210513SL	p29	Z11111	52	6.0	135.0	4	608.0613041196005	608.2983041456016
608.3616241690048	0.5169600238024259	trials	210513SL	p29	Z11111	109	3.0	315.0	4	608.5116241690048	608.7285841928073
608.8119042184046	0.506960022705357	trials	210513SL	p29	Z11111	316	0.0	225.0	12	608.9619042184046	609.16886424111
609.2522242667118	0.49692002160384163	trials	210513SL	p29	Z11111	261	5.0	45.0	12	609.4022242667118	609.5991442883156
609.6825043139174	0.4969600216082881	trials	210513SL	p29	Z11111	275	4.0	90.0	12	609.8325043139174	610.0294643355257
610.1227843622202	0.5270000249039413	trials	210513SL	p29	Z11111	216	5.0	270.0	8	610.2727843622201	610.4997843871241
613.735224758538	0.506960022705357	trials	210513SL	p29	Z11111	230	4.0	315.0	8	613.885224758538	614.0921847812434
614.1855448079423	0.5269600248994948	trials	210513SL	p29	Z11111	27	11.0	45.0	4	614.3355448079423	614.5625048328418
614.6158248551479	0.5369600259965637	trials	210513SL	p29	Z11111	28	12.0	45.0	4	614.7658248551479	615.0027848811445
615.0561049034507	0.5270000249039413	trials	210513SL	p29	Z11111	255	14.0	0.0	12	615.2061049034506	615.4331049283546
615.526424955049	0.5270000249039413	trials	210513SL	p29	Z11111	218	7.0	270.0	8	615.676424955049	615.903424979953
615.9567050022548	0.5270000249038276	trials	210513SL	p29	Z11111	231	5.0	315.0	8	616.1067050022548	616.3337050271587
616.4270650538575	0.5269600248996085	trials	210513SL	p29	Z11111	317	1.0	225.0	12	616.5770650538575	616.8040250787571
620.0795054545637	0.5069600227054707	trials	210513SL	p29	Z11111	35	4.0	90.0	4	620.2295054545637	620.4364654772692
620.4897854995752	0.5269600248996085	trials	210513SL	p29	Z11111	328	12.0	225.0	12	620.6397854995752	620.8667455244748
620.9601055511737	0.5269600248994948	trials	210513SL	p29	Z11111	154	3.0	90.0	8	621.1101055511737	621.3370655760732
621.4304256027721	0.5269600248994948	trials	210513SL	p29	Z11111	252	11.0	0.0	12	621.580425602772	621.8073856276716
621.8807056521719	0.5269600248996085	trials	210513SL	p29	Z11111	45	14.0	90.0	4	622.0307056521718	622.2576656770715
622.3410257026733	0.5369600259965637	trials	210513SL	p29	Z11111	335	4.0	270.0	12	622.4910257026733	622.7279857286699
622.781305750976	0.4969600216082881	trials	210513SL	p29	Z11111	21	5.0	45.0	4	622.931305750976	623.1282657725843
626.4838261571764	0.506960022705357	trials	210513SL	p29	Z11111	50	4.0	135.0	4	626.6338261571764	626.8407861798818
626.9241062054791	0.5370000260010102	trials	210513SL	p29	Z11111	249	8.0	0.0	12	627.0741062054791	627.3111062314802
627.364386253782	0.5270000249039413	trials	210513SL	p29	Z11111	355	9.0	315.0	12	627.5143862537819	627.7413862786859
627.8047063020891	0.5269600248994948	trials	210513SL	p29	Z11111	129	8.0	0.0	8	627.9547063020891	628.1816663269886
628.2650263525904	0.5369600259965637	trials	210513SL	p29	Z11111	89	13.0	225.0	4	628.4150263525904	628.651986378587
628.7053064008932	0.5269600248994948	trials	210513SL	p29	Z11111	151	0.0	90.0	8	628.8553064008931	629.0822664257927
629.1656264513945	0.4969600216082881	trials	210513SL	p29	Z11111	318	2.0	225.0	12	629.3156264513945	629.5125864730028
632.6879868378297	0.506960022705357	trials	210513SL	p29	Z11111	138	2.0	45.0	8	632.8379868378297	633.0449468605351
633.0982668828411	0.5369600259966774	trials	210513SL	p29	Z11111	146	10.0	45.0	8	633.2482668828411	633.4852269088378
633.5685869344396	0.4969600216082881	trials	210513SL	p29	Z11111	305	4.0	180.0	12	633.7185869344396	633.9155469560479
633.9988669816453	0.5370000260010102	trials	210513SL	p29	Z11111	264	8.0	45.0	12	634.1488669816453	634.3858670076463
634.4691870332437	0.5369600259966774	trials	210513SL	p29	Z11111	86	10.0	225.0	4	634.6191870332436	634.8561470592404
634.9195070826479	0.5369600259966774	trials	210513SL	p29	Z11111	176	10.0	135.0	8	635.0695070826479	635.3064671086446
635.3897871342419	0.5370000260010102	trials	210513SL	p29	Z11111	85	9.0	225.0	4	635.5397871342419	635.776787160243
639.0122275316569	0.506960022705357	trials	210513SL	p29	Z11111	263	7.0	45.0	12	639.1622275316569	639.3691875543623
639.4525475799641	0.5369600259965637	trials	210513SL	p29	Z11111	0			0	639.602547579964	639.8395076059606
639.9228676315624	0.5269600248994948	trials	210513SL	p29	Z11111	81	5.0	225.0	4	640.0728676315624	640.299827656462
642.3044678928458	0.5069600227054707	trials	210513SL	p29	Z11111	174	8.0	135.0	8	642.4544678928457	642.6614279155513
642.7547479422457	0.5270000249039413	trials	210513SL	p29	Z11111	215	4.0	270.0	8	642.9047479422456	643.1317479671496
643.1850679894557	0.4969200216039553	trials	210513SL	p29	Z11111	280	9.0	90.0	12	643.3350679894556	643.5319880110596
643.6153480366613	0.5369600259966774	trials	210513SL	p29	Z11111	195	14.0	180.0	8	643.7653480366613	644.002308062658
644.0856680882598	0.5369600259965637	trials	210513SL	p29	Z11111	43	12.0	90.0	4	644.2356680882598	644.4726281142564
644.5559881398582	0.5269600248996085	trials	210513SL	p29	Z11111	105	14.0	270.0	4	644.7059881398582	644.9329481647578
645.0263081914567	0.5269600248994948	trials	210513SL	p29	Z11111	84	8.0	225.0	4	645.1763081914567	645.4032682163562
648.7487885998469	0.506960022705357	trials	210513SL	p29	Z11111	26	10.0	45.0	4	648.8987885998469	649.1057486225523
649.1590686448583	0.5269600248996085	trials	210513SL	p29	Z11111	256	0.0	45.0	12	649.3090686448583	649.5360286697579
649.6193886953596	0.5369600259966774	trials	210513SL	p29	Z11111	79	3.0	225.0	4	649.7693886953596	650.0063487213563
650.0596687436624	0.5270000249039413	trials	210513SL	p29	Z11111	292	6.0	135.0	12	650.2096687436624	650.4366687685664
650.4899887908724	0.5369600259966774	trials	210513SL	p29	Z11111	260	4.0	45.0	12	650.6399887908724	650.8769488168691
650.9602688424665	0.5370000260011238	trials	210513SL	p29	Z11111	357	11.0	315.0	12	651.1102688424664	651.3472688684676
651.430588894065	0.49696002160817443	trials	210513SL	p29	Z11111	127	6.0	0.0	8	651.5805888940649	651.7775489156732
655.00298928599	0.506960022705357	trials	210513SL	p29	Z11111	152	1.0	90.0	8	655.15298928599	655.3599493086954
655.4433093342972	0.5269600248994948	trials	210513SL	p29	Z11111	283	12.0	90.0	12	655.5933093342971	655.8202693591967
655.9136293858955	0.4969600216082881	trials	210513SL	p29	Z11111	200	4.0	225.0	8	656.0636293858955	656.2605894075039
656.3439094331012	0.5370000260011238	trials	210513SL	p29	Z11111	308	7.0	180.0	12	656.4939094331012	656.7309094591023
656.7942294825054	0.506960022705357	trials	210513SL	p29	Z11111	304	3.0	180.0	12	656.9442294825054	657.1511895052108
657.2345095308082	0.5269600248996085	trials	210513SL	p29	Z11111	183	2.0	180.0	8	657.3845095308081	657.6114695557078
657.6848295802124	0.5269600248996085	trials	210513SL	p29	Z11111	206	10.0	225.0	8	657.8348295802124	658.061789605112
661.2371899699389	0.5069600227054707	trials	210513SL	p29	Z11111	156	5.0	90.0	8	661.3871899699388	661.5941499926444
661.6474700149504	0.5370000260010102	trials	210513SL	p29	Z11111	211	0.0	270.0	8	661.7974700149504	662.0344700409514
662.1177900665489	0.5270000249039413	trials	210513SL	p29	Z11111	213	2.0	270.0	8	662.2677900665489	662.4947900914528
662.5881101181473	0.5269600248996085	trials	210513SL	p29	Z11111	87	11.0	225.0	4	662.7381101181472	662.9650701430469
663.0584301697457	0.49696002160817443	trials	210513SL	p29	Z11111	187	6.0	180.0	8	663.2084301697457	663.405390191354
663.4887102169514	0.4969600216082881	trials	210513SL	p29	Z11111	196	0.0	225.0	8	663.6387102169514	663.8356702385597
663.90899026306	0.5270000249038276	trials	210513SL	p29	Z11111	312	11.0	180.0	12	664.05899026306	664.2859902879638
667.3613106418111	0.506960022705357	trials	210513SL	p29	Z11111	197	1.0	225.0	8	667.5113106418111	667.7182706645165
667.8016306901183	0.5369600259966774	trials	210513SL	p29	Z11111	185	4.0	180.0	8	667.9516306901182	668.188590716115
668.2719507417166	0.5269600248996085	trials	210513SL	p29	Z11111	64	3.0	180.0	4	668.4219507417166	668.6489107666163
668.7122307900194	0.527000024904055	trials	210513SL	p29	Z11111	153	2.0	90.0	8	668.8622307900193	669.0892308149234
669.1725508405208	0.4969600216082881	trials	210513SL	p29	Z11111	319	3.0	225.0	12	669.3225508405208	669.5195108621291
669.6128308888235	0.5270000249039413	trials	210513SL	p29	Z11111	36	5.0	90.0	4	669.7628308888235	669.9898309137275
670.0731509393248	0.5370000260011238	trials	210513SL	p29	Z11111	341	10.0	270.0	12	670.2231509393248	670.460150965326
673.8356713521079	0.506960022705357	trials	210513SL	p29	Z11111	175	9.0	135.0	8	673.9856713521078	674.1926313748132
674.2759914004149	0.4969600216084018	trials	210513SL	p29	Z11111	120	14.0	315.0	4	674.4259914004149	674.6229514220233
674.6762314443249	0.5370000260010102	trials	210513SL	p29	Z11111	83	7.0	225.0	4	674.8262314443249	675.063231470326
675.1465914959277	0.5269600248996085	trials	210513SL	p29	Z11111	240	14.0	315.0	8	675.2965914959277	675.5235515208274
675.5968715453276	0.5269600248994948	trials	210513SL	p29	Z11111	99	8.0	270.0	4	675.7468715453276	675.9738315702272
676.067191596926	0.5269600248994948	trials	210513SL	p29	Z11111	186	5.0	180.0	8	676.217191596926	676.4441516218255
676.4974716441317	0.5370000260011238	trials	210513SL	p29	Z11111	356	10.0	315.0	12	676.6474716441317	676.8844716701328
680.1199120415466	0.506960022705357	trials	210513SL	p29	Z11111	98	7.0	270.0	4	680.2699120415466	680.476872064252
680.530192086558	0.4969600216084018	trials	210513SL	p29	Z11111	9	8.0	0.0	4	680.680192086558	680.8771521081665
680.9704721348609	0.4969600216082881	trials	210513SL	p29	Z11111	140	4.0	45.0	8	681.1204721348608	681.3174321564692
681.3807521798723	0.4969600216084018	trials	210513SL	p29	Z11111	262	6.0	45.0	12	681.5307521798723	681.7277122014807
681.8210722281794	0.5269600248996085	trials	210513SL	p29	Z11111	122	1.0	0.0	8	681.9710722281794	682.1980322530791
682.2913922797778	0.5269600248996085	trials	210513SL	p29	Z11111	351	5.0	315.0	12	682.4413922797778	682.6683523046775
682.7216723269836	0.5269600248994948	trials	210513SL	p29	Z11111	90	14.0	225.0	4	682.8716723269836	683.0986323518831
686.3541127254956	0.5069600227052433	trials	210513SL	p29	Z11111	236	10.0	315.0	8	686.5041127254956	686.7110727482009
686.8044327748999	0.49692002160384163	trials	210513SL	p29	Z11111	126	5.0	0.0	8	686.9544327748998	687.1513527965037
687.2046728188099	0.5270000249038276	trials	210513SL	p29	Z11111	253	12.0	0.0	12	687.3546728188098	687.5816728437137
687.6749928704082	0.5270000249039413	trials	210513SL	p29	Z11111	285	14.0	90.0	12	687.8249928704082	688.0519928953122
688.1453129220066	0.5270000249039413	trials	210513SL	p29	Z11111	299	13.0	135.0	12	688.2953129220066	688.5223129469106
688.605632972508	0.5369600259965637	trials	210513SL	p29	Z11111	202	6.0	225.0	8	688.755632972508	688.9925929985046
689.0759530241064	0.5369600259965637	trials	210513SL	p29	Z11111	321	5.0	225.0	12	689.2259530241064	689.462913050103
692.6983934215212	0.5069600227054707	trials	210513SL	p29	Z11111	32	1.0	90.0	4	692.8483934215212	693.0553534442267
693.1086734665328	0.5269600248994948	trials	210513SL	p29	Z11111	70	9.0	180.0	4	693.2586734665327	693.4856334914323
693.5389535137384	0.5369600259966774	trials	210513SL	p29	Z11111	359	13.0	315.0	12	693.6889535137384	693.9259135397351
694.0092735653369	0.5369600259966774	trials	210513SL	p29	Z11111	25	9.0	45.0	4	694.1592735653369	694.3962335913336
694.4795936169353	0.5269600248994948	trials	210513SL	p29	Z11111	144	8.0	45.0	8	694.6295936169353	694.8565536418348
694.9499136685337	0.4969200216039553	trials	210513SL	p29	Z11111	147	11.0	45.0	8	695.0999136685336	695.2968336901376
695.3801937157393	0.5369600259966774	trials	210513SL	p29	Z11111	80	4.0	225.0	4	695.5301937157393	695.767153741736
698.9625941087616	0.5169600238024259	trials	210513SL	p29	Z11111	181	0.0	180.0	8	699.1125941087615	699.329554132564
699.4129141581658	0.49696002160817443	trials	210513SL	p29	Z11111	203	7.0	225.0	8	699.5629141581658	699.759874179774
699.8531942064685	0.5269600248994948	trials	210513SL	p29	Z11111	162	11.0	90.0	8	700.0031942064685	700.230154231368
700.2835142536786	0.5269600248994948	trials	210513SL	p29	Z11111	16	0.0	45.0	4	700.4335142536786	700.6604742785781
700.7537943052727	0.49696002160817443	trials	210513SL	p29	Z11111	177	11.0	135.0	8	700.9037943052726	701.1007543268809
701.1841143524827	0.5369600259966774	trials	210513SL	p29	Z11111	235	9.0	315.0	8	701.3341143524826	701.5710743784794
701.6543944040767	0.4969600216082881	trials	210513SL	p29	Z11111	161	10.0	90.0	8	701.8043944040767	702.001354425685
705.2568347992974	0.506960022705357	trials	210513SL	p29	Z11111	12	11.0	0.0	4	705.4068347992974	705.6137948220028
705.7071548487016	0.5269600248996085	trials	210513SL	p29	Z11111	115	9.0	315.0	4	705.8571548487016	706.0841148736013
706.1674348991986	0.5370000260010102	trials	210513SL	p29	Z11111	7	6.0	0.0	4	706.3174348991986	706.5544349251996
706.637754950797	0.5270000249039413	trials	210513SL	p29	Z11111	67	6.0	180.0	4	706.787754950797	707.014754975701
707.0680749980071	0.5369600259966774	trials	210513SL	p29	Z11111	250	9.0	0.0	12	707.2180749980071	707.4550350240038
707.5383550496011	0.5370000260010102	trials	210513SL	p29	Z11111	97	6.0	270.0	4	707.6883550496011	707.9253550756022
708.0086751011995	0.4969600216082881	trials	210513SL	p29	Z11111	124	3.0	0.0	8	708.1586751011995	708.3556351228078
711.5810754931246	0.506960022705357	trials	210513SL	p29	Z11111	169	3.0	135.0	8	711.7310754931245	711.9380355158299
712.0213955414317	0.5369600259965637	trials	210513SL	p29	Z11111	210	14.0	225.0	8	712.1713955414317	712.4083555674283
712.4917155930301	0.5269600248996085	trials	210513SL	p29	Z11111	155	4.0	90.0	8	712.6417155930301	712.8686756179297
712.9620356446286	0.49696002160817443	trials	210513SL	p29	Z11111	270	14.0	45.0	12	713.1120356446286	713.3089956662368
713.3923156918343	0.5369600259965637	trials	210513SL	p29	Z11111	56	10.0	135.0	4	713.5423156918342	713.7792757178308
713.8626357434326	0.4969600216082881	trials	210513SL	p29	Z11111	315	14.0	180.0	12	714.0126357434326	714.209595765041
714.2829157895412	0.5269600248994948	trials	210513SL	p29	Z11111	61	0.0	180.0	4	714.4329157895412	714.6598758144407
717.8853561847619	0.5069600227054707	trials	210513SL	p29	Z11111	143	7.0	45.0	8	718.0353561847619	718.2423162074674
718.3256362330648	0.5369600259965637	trials	210513SL	p29	Z11111	40	9.0	90.0	4	718.4756362330647	718.7125962590613
718.7959562846631	0.5369600259965637	trials	210513SL	p29	Z11111	340	9.0	270.0	12	718.9459562846631	719.1829163106597
719.2662763362615	0.5269600248996085	trials	210513SL	p29	Z11111	133	12.0	0.0	8	719.4162763362615	719.6432363611611
719.73659638786	0.5269600248994948	trials	210513SL	p29	Z11111	17	1.0	45.0	4	719.88659638786	720.1135564127595
720.1668764350657	0.4969600216082881	trials	210513SL	p29	Z11111	337	6.0	270.0	12	720.3168764350656	720.513836456674
720.6071564833684	0.5270000249039413	trials	210513SL	p29	Z11111	106	0.0	315.0	4	720.7571564833684	720.9841565082723
724.1695568741964	0.506960022705357	trials	210513SL	p29	Z11111	243	2.0	0.0	12	724.3195568741963	724.5265168969017
724.6198769236006	0.5269600248996085	trials	210513SL	p29	Z11111	214	3.0	270.0	8	724.7698769236006	724.9968369485002
725.090196975199	0.5269600248996085	trials	210513SL	p29	Z11111	164	13.0	90.0	8	725.240196975199	725.4671570000986
725.550477025696	0.5370000260010102	trials	210513SL	p29	Z11111	82	6.0	225.0	4	725.7004770256959	725.937477051697
726.0208370772988	0.5269600248994948	trials	210513SL	p29	Z11111	310	9.0	180.0	12	726.1708370772988	726.3977971021983
726.4611171256015	0.5269600248994948	trials	210513SL	p29	Z11111	201	5.0	225.0	8	726.6111171256015	726.838077150501
726.9214371761028	0.5369600259966774	trials	210513SL	p29	Z11111	199	3.0	225.0	8	727.0714371761028	727.3083972020995
730.573877576809	0.5069600227054707	trials	210513SL	p29	Z11111	34	3.0	90.0	4	730.723877576809	730.9308375995145
731.0241976262133	0.5269600248994948	trials	210513SL	p29	Z11111	271	0.0	90.0	12	731.1741976262133	731.4011576511128
731.4945176778117	0.5269600248994948	trials	210513SL	p29	Z11111	117	11.0	315.0	4	731.6445176778117	731.8714777027112
731.9547977283086	0.5069600227054707	trials	210513SL	p29	Z11111	179	13.0	135.0	8	732.1047977283085	732.311757751014
732.3951177766158	0.5269600248994948	trials	210513SL	p29	Z11111	137	1.0	45.0	8	732.5451177766158	732.7720778015154
732.8654378282142	0.5269600248994948	trials	210513SL	p29	Z11111	3	2.0	0.0	4	733.0154378282142	733.2423978531137
733.3257178787111	0.5370000260011238	trials	210513SL	p29	Z11111	191	10.0	180.0	8	733.4757178787111	733.7127179047122
736.9181582728348	0.5069600227052433	trials	210513SL	p29	Z11111	217	6.0	270.0	8	737.0681582728348	737.2751182955401
737.3284383178462	0.5269600248996085	trials	210513SL	p29	Z11111	209	13.0	225.0	8	737.4784383178462	737.7053983427459
737.7587183650519	0.5369600259966774	trials	210513SL	p29	Z11111	62	1.0	180.0	4	737.9087183650519	738.1456783910486
738.2290384166504	0.4969600216082881	trials	210513SL	p29	Z11111	313	12.0	180.0	12	738.3790384166504	738.5759984382587
738.6693184649531	0.5270000249039413	trials	210513SL	p29	Z11111	108	2.0	315.0	4	738.8193184649531	739.0463184898571
739.0996385121631	0.5269600248996085	trials	210513SL	p29	Z11111	289	3.0	135.0	12	739.2496385121631	739.4765985370627
739.549918561563	0.5370000260010102	trials	210513SL	p29	Z11111	131	10.0	0.0	8	739.699918561563	739.936918587564
743.172358958978	0.5069600227052433	trials	210513SL	p29	Z11111	14	13.0	0.0	4	743.3223589589779	743.5293189816832
743.6126390072807	0.5370000260010102	trials	210513SL	p29	Z11111	0			0	743.7626390072807	743.9996390332817
744.082959058879	0.5370000260010102	trials	210513SL	p29	Z11111	53	7.0	135.0	4	744.232959058879	744.4699590848801
744.5532791104775	0.5270000249038276	trials	210513SL	p29	Z11111	110	4.0	315.0	4	744.7032791104775	744.9302791353814
744.9835991576875	0.5369600259966774	trials	210513SL	p29	Z11111	31	0.0	90.0	4	745.1335991576875	745.3705591836842
745.4438792081845	0.4969600216082881	trials	210513SL	p29	Z11111	60	14.0	135.0	4	745.5938792081845	745.7908392297928
745.8541592531959	0.5370000260011238	trials	210513SL	p29	Z11111	336	5.0	270.0	12	746.0041592531959	746.2411592791971
749.4565996484167	0.5269600248994948	trials	210513SL	p29	Z11111	207	11.0	225.0	8	749.6065996484167	749.8335596733162
749.8868796956224	0.5370000260010102	trials	210513SL	p29	Z11111	96	5.0	270.0	4	750.0368796956224	750.2738797216234
750.3571997472208	0.4969600216082881	trials	210513SL	p29	Z11111	352	6.0	315.0	12	750.5071997472207	750.7041597688291
750.7874797944264	0.4969600216082881	trials	210513SL	p29	Z11111	334	3.0	270.0	12	750.9374797944264	751.1344398160347
751.1977598394379	0.5269600248994948	trials	210513SL	p29	Z11111	163	12.0	90.0	8	751.3477598394379	751.5747198643375
751.6280398866436	0.5270000249039413	trials	210513SL	p29	Z11111	30	14.0	45.0	4	751.7780398866436	752.0050399115476
752.0583599338537	0.5369600259965637	trials	210513SL	p29	Z11111	338	7.0	270.0	12	752.2083599338537	752.4453199598503
755.66076032907	0.506960022705357	trials	210513SL	p29	Z11111	314	13.0	180.0	12	755.8107603290699	756.0177203517753
756.1110803784742	0.5269600248996085	trials	210513SL	p29	Z11111	320	4.0	225.0	12	756.2610803784742	756.4880404033738
756.5814004300727	0.5269600248994948	trials	210513SL	p29	Z11111	58	12.0	135.0	4	756.7314004300727	756.9583604549722
757.0116804772783	0.5269600248994948	trials	210513SL	p29	Z11111	66	5.0	180.0	4	757.1616804772783	757.3886405021779
757.4820005288767	0.4969600216082881	trials	210513SL	p29	Z11111	303	2.0	180.0	12	757.6320005288767	757.828960550485
757.882280572791	0.5269600248996085	trials	210513SL	p29	Z11111	168	2.0	135.0	8	758.032280572791	758.2592405976907
758.3525606243851	0.527000024904055	trials	210513SL	p29	Z11111	178	12.0	135.0	8	758.5025606243851	758.7295606492892
762.0050410250957	0.506960022705357	trials	210513SL	p29	Z11111	287	1.0	135.0	12	762.1550410250957	762.3620010478011
762.4453210733985	0.49696002160817443	trials	210513SL	p29	Z11111	5	4.0	0.0	4	762.5953210733985	762.7922810950067
764.9970413533456	0.506960022705357	trials	210513SL	p29	Z11111	298	12.0	135.0	12	765.1470413533456	765.354001376051
765.4073213983571	0.5270000249038276	trials	210513SL	p29	Z11111	330	14.0	225.0	12	765.5573213983571	765.784321423261
765.8476414466642	0.5269600248996085	trials	210513SL	p29	Z11111	346	0.0	315.0	12	765.9976414466641	766.2246014715638
766.3079214971611	0.5370000260010102	trials	210513SL	p29	Z11111	258	2.0	45.0	12	766.4579214971611	766.6949215231622
766.7782415487595	0.4969600216082881	trials	210513SL	p29	Z11111	46	0.0	135.0	4	766.9282415487595	767.1252015703678
767.2185615970667	0.5269600248996085	trials	210513SL	p29	Z11111	112	6.0	315.0	4	767.3685615970667	767.5955216219663
767.6788416475637	0.5370000260010102	trials	210513SL	p29	Z11111	166	0.0	135.0	8	767.8288416475636	768.0658416735647
771.3012820449786	0.506960022705357	trials	210513SL	p29	Z11111	325	9.0	225.0	12	771.4512820449786	771.658242067684
771.7516020943827	0.5269600248996085	trials	210513SL	p29	Z11111	192	11.0	180.0	8	771.9016020943827	772.1285621192824
772.2119221448842	0.5369600259965637	trials	210513SL	p29	Z11111	266	10.0	45.0	12	772.3619221448841	772.5988821708808
772.6822421964825	0.5369600259966774	trials	210513SL	p29	Z11111	132	11.0	0.0	8	772.8322421964825	773.0692022224792
773.1525622480809	0.5269600248996085	trials	210513SL	p29	Z11111	160	9.0	90.0	8	773.3025622480809	773.5295222729806
773.622842299675	0.5270000249039413	trials	210513SL	p29	Z11111	136	0.0	45.0	8	773.772842299675	773.9998423245789
774.0731623490792	0.5269600248996085	trials	210513SL	p29	Z11111	92	1.0	270.0	4	774.2231623490792	774.4501223739788
777.745642751984	0.5169600238024259	trials	210513SL	p29	Z11111	24	8.0	45.0	4	777.8956427519839	778.1126027757864
778.2059628024853	0.5269600248996085	trials	210513SL	p29	Z11111	248	7.0	0.0	12	778.3559628024852	778.5829228273849
778.636242849691	0.5369600259966774	trials	210513SL	p29	Z11111	333	2.0	270.0	12	778.786242849691	779.0232028756877
779.1065629012894	0.5269600248994948	trials	210513SL	p29	Z11111	244	3.0	0.0	12	779.2565629012894	779.4835229261889
779.5768829528878	0.5269600248996085	trials	210513SL	p29	Z11111	228	2.0	315.0	8	779.7268829528878	779.9538429777874
780.0472030044863	0.49692002160384163	trials	210513SL	p29	Z11111	226	0.0	315.0	8	780.1972030044863	780.3941230260901
780.4574430494933	0.5370000260010102	trials	210513SL	p29	Z11111	349	3.0	315.0	12	780.6074430494933	780.8444430754944
784.1599634556937	0.5169600238024259	trials	210513SL	p29	Z11111	307	6.0	180.0	12	784.3099634556937	784.5269234794962
784.6102435050935	0.527000024904055	trials	210513SL	p29	Z11111	324	8.0	225.0	12	784.7602435050935	784.9872435299976
785.080563556692	0.5270000249038276	trials	210513SL	p29	Z11111	204	8.0	225.0	8	785.230563556692	785.4575635815959
785.5108436038976	0.527000024904055	trials	210513SL	p29	Z11111	219	8.0	270.0	8	785.6608436038975	785.8878436288016
785.9511636522049	0.5269600248994948	trials	210513SL	p29	Z11111	69	8.0	180.0	4	786.1011636522048	786.3281236771044
786.411483702706	0.5369600259966774	trials	210513SL	p29	Z11111	276	5.0	90.0	12	786.561483702706	786.7984437287028
786.8818037543045	0.5369600259966774	trials	210513SL	p29	Z11111	225	14.0	270.0	8	787.0318037543045	787.2687637803012
790.4842041495209	0.506960022705357	trials	210513SL	p29	Z11111	358	12.0	315.0	12	790.6342041495209	790.8411641722263
790.8944841945323	0.5370000260011238	trials	210513SL	p29	Z11111	118	12.0	315.0	4	791.0444841945323	791.2814842205335
791.3648042461308	0.5269600248994948	trials	210513SL	p29	Z11111	182	1.0	180.0	8	791.5148042461308	791.7417642710303
791.8351242977292	0.5269600248994948	trials	210513SL	p29	Z11111	37	6.0	90.0	4	791.9851242977292	792.2120843226287
792.3054443493276	0.5269600248996085	trials	210513SL	p29	Z11111	44	13.0	90.0	4	792.4554443493275	792.6824043742272
792.7557243987275	0.5270000249039413	trials	210513SL	p29	Z11111	59	13.0	135.0	4	792.9057243987274	793.1327244236314
793.226044450326	0.5270000249038276	trials	210513SL	p29	Z11111	75	14.0	180.0	4	793.3760444503259	793.6030444752298
796.8785248510364	0.506960022705357	trials	210513SL	p29	Z11111	71	10.0	180.0	4	797.0285248510364	797.2354848737418
797.3188048993393	0.4969600216082881	trials	210513SL	p29	Z11111	13	12.0	0.0	4	797.4688048993393	797.6657649209476
797.7491249465494	0.53696002599645	trials	210513SL	p29	Z11111	222	11.0	270.0	8	797.8991249465494	798.1360849725459
798.2194049981433	0.4969600216082881	trials	210513SL	p29	Z11111	257	1.0	45.0	12	798.3694049981433	798.5663650197516
798.6597250464505	0.5269600248996085	trials	210513SL	p29	Z11111	4	3.0	0.0	4	798.8097250464505	799.0366850713501
799.0900050936561	0.5369600259965637	trials	210513SL	p29	Z11111	278	7.0	90.0	12	799.2400050936561	799.4769651196527
799.5603251452545	0.5269600248996085	trials	210513SL	p29	Z11111	208	12.0	225.0	8	799.7103251452545	799.9372851701542
803.3628855624303	0.506960022705357	trials	210513SL	p29	Z11111	145	9.0	45.0	8	803.5128855624303	803.7198455851357
803.7731656074417	0.5369600259966774	trials	210513SL	p29	Z11111	116	10.0	315.0	4	803.9231656074417	804.1601256334384
804.2434856590402	0.5269600248996085	trials	210513SL	p29	Z11111	113	7.0	315.0	4	804.3934856590402	804.6204456839398
804.6737657062458	0.5369600259965637	trials	210513SL	p29	Z11111	293	7.0	135.0	12	804.8237657062458	805.0607257322424
805.1140457545486	0.5270000249039413	trials	210513SL	p29	Z11111	267	11.0	45.0	12	805.2640457545485	805.4910457794525
805.584365806147	0.5270000249038276	trials	210513SL	p29	Z11111	173	7.0	135.0	8	805.734365806147	805.9613658310509
806.0146458533527	0.5370000260010102	trials	210513SL	p29	Z11111	95	4.0	270.0	4	806.1646458533527	806.4016458793537
810.107406302366	0.506960022705357	trials	210513SL	p29	Z11111	19	3.0	45.0	4	810.257406302366	810.4643663250714
810.5477263506731	0.4969600216084018	trials	210513SL	p29	Z11111	170	4.0	135.0	8	810.6977263506731	810.8946863722815
810.9880063989759	0.5269600248994948	trials	210513SL	p29	Z11111	88	12.0	225.0	4	811.1380063989759	811.3649664238754
811.4182864461816	0.5270000249039413	trials	210513SL	p29	Z11111	38	7.0	90.0	4	811.5682864461816	811.7952864710855
811.8586064944888	0.5269600248994948	trials	210513SL	p29	Z11111	233	7.0	315.0	8	812.0086064944887	812.2355665193883
812.3189265449901	0.5369600259965637	trials	210513SL	p29	Z11111	205	9.0	225.0	8	812.46892654499	812.7058865709866
812.7892065965841	0.5270000249039413	trials	210513SL	p29	Z11111	247	6.0	0.0	12	812.9392065965841	813.1662066214881
818.0527671740449	0.506960022705357	trials	210513SL	p29	Z11111	23	7.0	45.0	4	818.2027671740449	818.4097271967503
818.4630472190564	0.5269600248996085	trials	210513SL	p29	Z11111	78	2.0	225.0	4	818.6130472190564	818.840007243956
818.9233672695577	0.5369600259966774	trials	210513SL	p29	Z11111	277	6.0	90.0	12	819.0733672695577	819.3103272955544
819.3636473178605	0.5269600248996085	trials	210513SL	p29	Z11111	157	6.0	90.0	8	819.5136473178604	819.7406073427601
819.833967369459	0.5269600248996085	trials	210513SL	p29	Z11111	291	5.0	135.0	12	819.9839673694589	820.2109273943586
820.2642474166645	0.527000024904055	trials	210513SL	p29	Z11111	221	10.0	270.0	8	820.4142474166645	820.6412474415686
820.734567468263	0.4969600216082881	trials	210513SL	p29	Z11111	229	3.0	315.0	8	820.884567468263	821.0815274898713
828.2796482960275	0.506960022705357	trials	210513SL	p29	Z11111	18	2.0	45.0	4	828.4296482960275	828.6366083187329
828.7299683454318	0.5269600248994948	trials	210513SL	p29	Z11111	348	2.0	315.0	12	828.8799683454317	829.1069283703313
829.2002883970301	0.5269600248994948	trials	210513SL	p29	Z11111	242	1.0	0.0	12	829.3502883970301	829.5772484219297
829.6605684475271	0.506960022705357	trials	210513SL	p29	Z11111	251	10.0	0.0	12	829.8105684475271	830.0175284702325
830.0708484925386	0.5270000249039413	trials	210513SL	p29	Z11111	295	9.0	135.0	12	830.2208484925386	830.4478485174426
830.5311685430399	0.4969600216082881	trials	210513SL	p29	Z11111	91	0.0	270.0	4	830.6811685430399	830.8781285646483
830.9714485913427	0.5270000249039413	trials	210513SL	p29	Z11111	224	13.0	270.0	8	831.1214485913426	831.3484486162466
834.6239289920533	0.506960022705357	trials	210513SL	p29	Z11111	327	11.0	225.0	12	834.7739289920532	834.9808890147586
835.0342090370647	0.5269600248996085	trials	210513SL	p29	Z11111	347	1.0	315.0	12	835.1842090370646	835.4111690619643
835.5045290886632	0.4969200216039553	trials	210513SL	p29	Z11111	282	11.0	90.0	12	835.6545290886631	835.8514491102671
835.9348091358688	0.4969600216082881	trials	210513SL	p29	Z11111	274	3.0	90.0	12	836.0848091358688	836.2817691574771
836.3750891841715	0.527000024904055	trials	210513SL	p29	Z11111	130	9.0	0.0	8	836.5250891841715	836.7520892090756
836.835409234673	0.5069600227052433	trials	210513SL	p29	Z11111	149	13.0	45.0	8	836.9854092346729	837.1923692573782
837.2756892829756	0.527000024904055	trials	210513SL	p29	Z11111	193	12.0	180.0	8	837.4256892829756	837.6526893078797
840.908169681492	0.506960022705357	trials	210513SL	p29	Z11111	128	7.0	0.0	8	841.058169681492	841.2651297041974
841.3184097264992	0.49696002160817443	trials	210513SL	p29	Z11111	134	13.0	0.0	8	841.4684097264992	841.6653697481074
841.7587297748063	0.49696002160817443	trials	210513SL	p29	Z11111	245	4.0	0.0	12	841.9087297748063	842.1056897964145
842.1790098209148	0.4969600216084018	trials	210513SL	p29	Z11111	246	5.0	0.0	12	842.3290098209147	842.5259698425232
842.6092898681205	0.5270000249039413	trials	210513SL	p29	Z11111	0			0	842.7592898681205	842.9862898930245
843.0796099197189	0.5269600248996085	trials	210513SL	p29	Z11111	148	12.0	45.0	8	843.2296099197189	843.4565699446185
843.5299299691231	0.5269600248996085	trials	210513SL	p29	Z11111	332	1.0	270.0	12	843.6799299691231	843.9068899940228
847.0522903555584	0.506960022705357	trials	210513SL	p29	Z11111	167	1.0	135.0	8	847.2022903555584	847.4092503782638
847.4925704038611	0.527000024904055	trials	210513SL	p29	Z11111	139	3.0	45.0	8	847.6425704038611	847.8695704287652
847.9228904510711	0.5369600259966774	trials	210513SL	p29	Z11111	212	1.0	270.0	8	848.0728904510711	848.3098504770678
848.363170499374	0.5269600248996085	trials	210513SL	p29	Z11111	241	0.0	0.0	12	848.5131704993739	848.7401305242736
848.8334905509724	0.5269600248993811	trials	210513SL	p29	Z11111	360	14.0	315.0	12	848.9834905509724	849.2104505758718
849.263770598178	0.5370000260011238	trials	210513SL	p29	Z11111	48	2.0	135.0	4	849.413770598178	849.6507706241791
849.7340906497765	0.5269600248994948	trials	210513SL	p29	Z11111	188	7.0	180.0	8	849.8840906497765	850.111050674676
853.2564510362116	0.5069600227054707	trials	210513SL	p29	Z11111	6	5.0	0.0	4	853.4064510362116	853.6134110589171
853.6967710845189	0.5369600259965637	trials	210513SL	p29	Z11111	180	14.0	135.0	8	853.8467710845189	854.0837311105155
854.1670911361173	0.5269600248994948	trials	210513SL	p29	Z11111	331	0.0	270.0	12	854.3170911361173	854.5440511610168
854.6374111877157	0.5269600248996085	trials	210513SL	p29	Z11111	42	11.0	90.0	4	854.7874111877156	855.0143712126153
855.1077312393141	0.5269600248994948	trials	210513SL	p29	Z11111	101	10.0	270.0	4	855.2577312393141	855.4846912642137
855.568011289811	0.5370000260010102	trials	210513SL	p29	Z11111	284	13.0	90.0	12	855.718011289811	855.955011315812
856.0383313414094	0.4969600216084018	trials	210513SL	p29	Z11111	114	8.0	315.0	4	856.1883313414094	856.3852913630178
859.6307717355331	0.49692002160384163	trials	210513SL	p29	Z11111	49	3.0	135.0	4	859.7807717355331	859.977691757137
860.0710517838359	0.5269600248994948	trials	210513SL	p29	Z11111	238	12.0	315.0	8	860.2210517838358	860.4480118087354
860.5413718354342	0.4969600216082881	trials	210513SL	p29	Z11111	135	14.0	0.0	8	860.6913718354342	860.8883318570425
860.9516518804458	0.506960022705357	trials	210513SL	p29	Z11111	93	2.0	270.0	4	861.1016518804457	861.3086119031511
861.3919319287485	0.4969600216082881	trials	210513SL	p29	Z11111	142	6.0	45.0	8	861.5419319287485	861.7388919503568
863.7435321867406	0.506960022705357	trials	210513SL	p29	Z11111	281	10.0	90.0	12	863.8935321867406	864.100492209446
864.1838122350433	0.4969600216084018	trials	210513SL	p29	Z11111	63	2.0	180.0	4	864.3338122350433	864.5307722566517
864.6140922822491	0.5370000260008965	trials	210513SL	p29	Z11111	165	14.0	90.0	8	864.7640922822491	865.00109230825
865.0844123338474	0.4969600216084018	trials	210513SL	p29	Z11111	306	5.0	180.0	12	865.2344123338473	865.4313723554558
867.4660125951308	0.506960022705357	trials	210513SL	p29	Z11111	343	12.0	270.0	12	867.6160125951308	867.8229726178362
867.916332644535	0.4969600216082881	trials	210513SL	p29	Z11111	47	1.0	135.0	4	868.066332644535	868.2632926661433
868.3466126917407	0.4969600216084018	trials	210513SL	p29	Z11111	350	4.0	315.0	12	868.4966126917407	868.6935727133491
868.7869327400479	0.5269600248994948	trials	210513SL	p29	Z11111	184	3.0	180.0	8	868.9369327400478	869.1638927649474
869.2472127905447	0.5370000260011238	trials	210513SL	p29	Z11111	239	13.0	315.0	8	869.3972127905447	869.6342128165459
869.7175328421432	0.5370000260011238	trials	210513SL	p29	Z11111	288	2.0	135.0	12	869.8675328421432	870.1045328681444
870.1878528937417	0.49696002160817443	trials	210513SL	p29	Z11111	279	8.0	90.0	12	870.3378528937417	870.5348129153499
873.8703332977435	0.5069600227052433	trials	210513SL	p29	Z11111	223	12.0	270.0	8	874.0203332977435	874.2272933204488
874.3206533471476	0.5269600248996085	trials	210513SL	p29	Z11111	323	7.0	225.0	12	874.4706533471476	874.6976133720473
874.7909733987461	0.5269600248996085	trials	210513SL	p29	Z11111	73	12.0	180.0	4	874.9409733987461	875.1679334236458
875.2212534459518	0.5369600259965637	trials	210513SL	p29	Z11111	194	13.0	180.0	8	875.3712534459518	875.6082134719484
875.6915734975502	0.5269600248996085	trials	210513SL	p29	Z11111	232	6.0	315.0	8	875.8415734975501	876.0685335224498
876.1618935491487	0.5269600248994948	trials	210513SL	p29	Z11111	29	13.0	45.0	4	876.3118935491486	876.5388535740482
876.6322136007471	0.5269600248993811	trials	210513SL	p29	Z11111	55	9.0	135.0	4	876.7822136007471	877.0091736256466
881.7156141584427	0.506960022705357	trials	210513SL	p29	Z11111	54	8.0	135.0	4	881.8656141584427	882.0725741811481
882.1659342078469	0.5269600248994948	trials	210513SL	p29	Z11111	33	2.0	90.0	4	882.3159342078469	882.5428942327464
882.6362542594453	0.4969600216082881	trials	210513SL	p29	Z11111	198	2.0	225.0	8	882.7862542594453	882.9832142810536
883.0665343066511	0.5269600248994948	trials	210513SL	p29	Z11111	300	14.0	135.0	12	883.216534306651	883.4434943315506
883.5368543582495	0.4969600216082881	trials	210513SL	p29	Z11111	296	10.0	135.0	12	883.6868543582494	883.8838143798578
883.9371344021639	0.5269600248994948	trials	210513SL	p29	Z11111	22	6.0	45.0	4	884.0871344021639	884.3140944270634
884.4074544537623	0.49692002160384163	trials	210513SL	p29	Z11111	294	8.0	135.0	12	884.5574544537623	884.7543744753661
887.9898548467844	0.506960022705357	trials	210513SL	p29	Z11111	76	0.0	225.0	4	888.1398548467844	888.3468148694898
888.42013489399	0.4969600216082881	trials	210513SL	p29	Z11111	11	10.0	0.0	4	888.57013489399	888.7670949155984
888.8504149411957	0.5370000260011238	trials	210513SL	p29	Z11111	141	5.0	45.0	8	889.0004149411957	889.2374149671969
889.3207349927942	0.5270000249038276	trials	210513SL	p29	Z11111	97	6.0	270.0	4	889.4707349927942	889.697735017698
889.7910550443926	0.5269600248994948	trials	210513SL	p29	Z11111	319	3.0	225.0	12	889.9410550443926	890.1680150692921
890.261375095991	0.5269600248996085	trials	210513SL	p29	Z11111	40	9.0	90.0	4	890.4113750959909	890.6383351208906
890.6916551431967	0.49696002160817443	trials	210513SL	p29	Z11111	279	8.0	90.0	12	890.8416551431967	891.0386151648049
894.2640555351217	0.5069600227054707	trials	210513SL	p29	Z11111	246	5.0	0.0	12	894.4140555351216	894.6210155578271
894.6743355801332	0.4969600216082881	trials	210513SL	p29	Z11111	20	4.0	45.0	4	894.8243355801332	895.0212956017415
895.0746156240476	0.5269600248994948	trials	210513SL	p29	Z11111	335	4.0	270.0	12	895.2246156240476	895.4515756489471
895.544935675646	0.5269600248994948	trials	210513SL	p29	Z11111	281	10.0	90.0	12	895.694935675646	895.9218957005455
895.9752157228517	0.5370000260011238	trials	210513SL	p29	Z11111	214	3.0	270.0	8	896.1252157228516	896.3622157488528
896.425535772256	0.49696002160817443	trials	210513SL	p29	Z11111	304	3.0	180.0	12	896.575535772256	896.7724957938642
896.8358158172674	0.5269600248994948	trials	210513SL	p29	Z11111	69	8.0	180.0	4	896.9858158172674	897.2127758421669
900.4282162113867	0.5169600238023122	trials	210513SL	p29	Z11111	308	7.0	180.0	12	900.5782162113867	900.795176235189
900.8484962574952	0.5269600248996085	trials	210513SL	p29	Z11111	157	6.0	90.0	8	900.9984962574952	901.2254562823948
901.3088163079965	0.5369600259966774	trials	210513SL	p29	Z11111	177	11.0	135.0	8	901.4588163079965	901.6957763339932
901.7791363595949	0.4969600216084018	trials	210513SL	p29	Z11111	119	13.0	315.0	4	901.9291363595948	902.1260963812033
902.2194164078977	0.5270000249039413	trials	210513SL	p29	Z11111	232	6.0	315.0	8	902.3694164078977	902.5964164328017
902.6497364551077	0.4969200216039553	trials	210513SL	p29	Z11111	51	5.0	135.0	4	902.7997364551077	902.9966564767117
903.0900165034105	0.5269600248996085	trials	210513SL	p29	Z11111	14	13.0	0.0	4	903.2400165034105	903.4669765283102
906.7424569041167	0.506960022705357	trials	210513SL	p29	Z11111	347	1.0	315.0	12	906.8924569041167	907.0994169268221
907.1827769524239	0.5369600259965637	trials	210513SL	p29	Z11111	251	10.0	0.0	12	907.3327769524238	907.5697369784205
907.6530970040222	0.5269600248996085	trials	210513SL	p29	Z11111	229	3.0	315.0	8	907.8030970040222	908.0300570289219
908.1234170556207	0.5269600248994948	trials	210513SL	p29	Z11111	67	6.0	180.0	4	908.2734170556207	908.5003770805203
908.5736971050205	0.5269600248994948	trials	210513SL	p29	Z11111	88	12.0	225.0	4	908.7236971050205	908.95065712992
909.0039771522262	0.5370000260010102	trials	210513SL	p29	Z11111	13	12.0	0.0	4	909.1539771522262	909.3909771782272
909.4742972038247	0.49696002160817443	trials	210513SL	p29	Z11111	50	4.0	135.0	4	909.6242972038247	909.8212572254329
913.0266975935555	0.5069600227054707	trials	210513SL	p29	Z11111	15	14.0	0.0	4	913.1766975935554	913.383657616261
913.4569776407612	0.49696002160817443	trials	210513SL	p29	Z11111	198	2.0	225.0	8	913.6069776407612	913.8039376623694
913.8872976879712	0.4969200216039553	trials	210513SL	p29	Z11111	189	8.0	180.0	8	914.0372976879712	914.2342177095752
914.3275777362741	0.5269600248993811	trials	210513SL	p29	Z11111	30	14.0	45.0	4	914.477577736274	914.7045377611735
914.7578577834796	0.5370000260011238	trials	210513SL	p29	Z11111	142	6.0	45.0	8	914.9078577834796	915.1448578094808
915.1981778317868	0.5269600248994948	trials	210513SL	p29	Z11111	316	0.0	225.0	12	915.3481778317868	915.5751378566863
915.6284578789924	0.5269600248996085	trials	210513SL	p29	Z11111	128	7.0	0.0	8	915.7784578789924	916.0054179038921
919.2308982742132	0.5069200227009105	trials	210513SL	p29	Z11111	74	13.0	180.0	4	919.3808982742132	919.5878182969142
919.6411383192202	0.5370000260011238	trials	210513SL	p29	Z11111	356	10.0	315.0	12	919.7911383192202	920.0281383452214
920.1114583708187	0.4969600216082881	trials	210513SL	p29	Z11111	132	11.0	0.0	8	920.2614583708187	920.458418392427
920.5417784180288	0.506960022705357	trials	210513SL	p29	Z11111	29	13.0	45.0	4	920.6917784180288	920.8987384407342
920.9820584663315	0.5269600248996085	trials	210513SL	p29	Z11111	224	13.0	270.0	8	921.1320584663315	921.3590184912312
921.4123385135371	0.5370000260011238	trials	210513SL	p29	Z11111	178	12.0	135.0	8	921.562338513537	921.7993385395382
921.8626585629414	0.5369600259966774	trials	210513SL	p29	Z11111	221	10.0	270.0	8	922.0126585629414	922.2496185889381
925.4550589570607	0.5069600227052433	trials	210513SL	p29	Z11111	200	4.0	225.0	8	925.6050589570607	925.812018979766
925.8953790053678	0.5369600259966774	trials	210513SL	p29	Z11111	87	11.0	225.0	4	926.0453790053677	926.2823390313645
926.3656590569618	0.5270000249039413	trials	210513SL	p29	Z11111	288	2.0	135.0	12	926.5156590569618	926.7426590818658
926.8059791052689	0.5269600248996085	trials	210513SL	p29	Z11111	328	12.0	225.0	12	926.9559791052689	927.1829391301685
927.2662991557703	0.5369600259966774	trials	210513SL	p29	Z11111	174	8.0	135.0	8	927.4162991557703	927.653259181767
927.7366192073688	0.5369600259965637	trials	210513SL	p29	Z11111	38	7.0	90.0	4	927.8866192073688	928.1235792333654
928.1768992556714	0.5269600248996085	trials	210513SL	p29	Z11111	211	0.0	270.0	8	928.3268992556714	928.553859280571
931.959459670653	0.5069600227054707	trials	210513SL	p29	Z11111	25	9.0	45.0	4	932.109459670653	932.3164196933585
932.3697397156644	0.5369600259966774	trials	210513SL	p29	Z11111	39	8.0	90.0	4	932.5197397156644	932.7566997416611
932.8400597672629	0.5269600248996085	trials	210513SL	p29	Z11111	289	3.0	135.0	12	932.9900597672629	933.2170197921625
933.310339818857	0.5270000249038276	trials	210513SL	p29	Z11111	271	0.0	90.0	12	933.4603398188569	933.6873398437608
933.7706598693584	0.5370000260008965	trials	210513SL	p29	Z11111	195	14.0	180.0	8	933.9206598693584	934.1576598953593
934.210939917661	0.5270000249039413	trials	210513SL	p29	Z11111	154	3.0	90.0	8	934.360939917661	934.587939942565
934.6412599648711	0.5369600259965637	trials	210513SL	p29	Z11111	275	4.0	90.0	12	934.7912599648711	935.0282199908677
938.4338203809497	0.5069600227054707	trials	210513SL	p29	Z11111	358	12.0	315.0	12	938.5838203809496	938.7907804036552
938.8441004259612	0.5269600248994948	trials	210513SL	p29	Z11111	227	1.0	315.0	8	938.9941004259612	939.2210604508607
939.3143804775552	0.5270000249039413	trials	210513SL	p29	Z11111	171	5.0	135.0	8	939.4643804775552	939.6913805024592
939.7447005247653	0.5369600259965637	trials	210513SL	p29	Z11111	162	11.0	90.0	8	939.8947005247653	940.1316605507619
940.2149805763594	0.49696002160817443	trials	210513SL	p29	Z11111	327	11.0	225.0	12	940.3649805763594	940.5619405979676
940.6453006235694	0.5369600259966774	trials	210513SL	p29	Z11111	68	7.0	180.0	4	940.7953006235693	941.0322606495661
941.0855806718722	0.5270000249038276	trials	210513SL	p29	Z11111	136	0.0	45.0	8	941.2355806718722	941.4625806967761
944.6880210670928	0.5069600227054707	trials	210513SL	p29	Z11111	90	14.0	225.0	4	944.8380210670928	945.0449810897983
945.0983011121044	0.5269600248994948	trials	210513SL	p29	Z11111	130	9.0	0.0	8	945.2483011121044	945.4752611370039
948.2504214579209	0.5069600227052433	trials	210513SL	p29	Z11111	35	4.0	90.0	4	948.4004214579209	948.6073814806261
948.6907015062236	0.4969600216082881	trials	210513SL	p29	Z11111	250	9.0	0.0	12	948.8407015062236	949.0376615278319
949.1310215545308	0.5269600248994948	trials	210513SL	p29	Z11111	248	7.0	0.0	12	949.2810215545308	949.5079815794303
949.5613016017364	0.5369600259965637	trials	210513SL	p29	Z11111	58	12.0	135.0	4	949.7113016017364	949.948261627733
950.0316216533348	0.5269600248996085	trials	210513SL	p29	Z11111	266	10.0	45.0	12	950.1816216533348	950.4085816782344
950.5019417049333	0.49692002160372795	trials	210513SL	p29	Z11111	322	6.0	225.0	12	950.6519417049333	950.848861726537
950.9322217521388	0.4969600216084018	trials	210513SL	p29	Z11111	164	13.0	90.0	8	951.0822217521388	951.2791817737473
954.5546621495538	0.5069600227054707	trials	210513SL	p29	Z11111	18	2.0	45.0	4	954.7046621495538	954.9116221722593
954.9649421945653	0.5269600248994948	trials	210513SL	p29	Z11111	230	4.0	315.0	8	955.1149421945653	955.3419022194648
955.4352622461637	0.5269600248996085	trials	210513SL	p29	Z11111	12	11.0	0.0	4	955.5852622461637	955.8122222710633
955.9055822977622	0.5269600248994948	trials	210513SL	p29	Z11111	37	6.0	90.0	4	956.0555822977622	956.2825423226617
956.3658623482592	0.5370000260008965	trials	210513SL	p29	Z11111	342	11.0	270.0	12	956.5158623482591	956.7528623742601
956.8361823998575	0.4969600216082881	trials	210513SL	p29	Z11111	23	7.0	45.0	4	956.9861823998575	957.1831424214658
957.2765024481647	0.5269600248994948	trials	210513SL	p29	Z11111	334	3.0	270.0	12	957.4265024481647	957.6534624730642
960.9289428488709	0.506960022705357	trials	210513SL	p29	Z11111	111	5.0	315.0	4	961.0789428488708	961.2859028715762
961.3692228971736	0.5370000260010102	trials	210513SL	p29	Z11111	187	6.0	180.0	8	961.5192228971736	961.7562229231746
961.8095429454808	0.5269600248994948	trials	210513SL	p29	Z11111	225	14.0	270.0	8	961.9595429454807	962.1865029703803
962.2698629959821	0.5369600259965637	trials	210513SL	p29	Z11111	144	8.0	45.0	8	962.419862995982	962.6568230219787
962.7101430442848	0.5269600248996085	trials	210513SL	p29	Z11111	323	7.0	225.0	12	962.8601430442848	963.0871030691844
963.1804630958833	0.5269600248994948	trials	210513SL	p29	Z11111	296	10.0	135.0	12	963.3304630958833	963.5574231207828
963.6107431430889	0.5370000260010102	trials	210513SL	p29	Z11111	303	2.0	180.0	12	963.7607431430889	963.99774316909
968.7842237106671	0.506960022705357	trials	210513SL	p29	Z11111	102	11.0	270.0	4	968.9342237106671	969.1411837333725
969.1945037556786	0.506960022705357	trials	210513SL	p29	Z11111	117	11.0	315.0	4	969.3445037556786	969.551463778384
969.6347838039813	0.527000024904055	trials	210513SL	p29	Z11111	26	10.0	45.0	4	969.7847838039813	970.0117838288854
970.1051438555842	0.5269600248994948	trials	210513SL	p29	Z11111	70	9.0	180.0	4	970.2551438555842	970.4821038804837
970.5354239027898	0.5269600248996085	trials	210513SL	p29	Z11111	24	8.0	45.0	4	970.6854239027898	970.9123839276895
971.0057439543883	0.5269600248993811	trials	210513SL	p29	Z11111	46	0.0	135.0	4	971.1557439543883	971.3827039792877
971.456024003788	0.4969600216084018	trials	210513SL	p29	Z11111	151	0.0	90.0	8	971.606024003788	971.8029840253964
975.0584643990088	0.5069600227054707	trials	210513SL	p29	Z11111	155	4.0	90.0	8	975.2084643990088	975.4154244217143
975.4987444473117	0.5370000260010102	trials	210513SL	p29	Z11111	208	12.0	225.0	8	975.6487444473116	975.8857444733127
975.9390644956187	0.5269600248996085	trials	210513SL	p29	Z11111	241	0.0	0.0	12	976.0890644956187	976.3160245205183
976.4093845472172	0.5269600248996085	trials	210513SL	p29	Z11111	293	7.0	135.0	12	976.5593845472172	976.7863445721168
976.8396645944227	0.5369600259966774	trials	210513SL	p29	Z11111	59	13.0	135.0	4	976.9896645944227	977.2266246204194
977.3099846460212	0.5269600248996085	trials	210513SL	p29	Z11111	168	2.0	135.0	8	977.4599846460212	977.6869446709209
977.7602646954211	0.5270000249038276	trials	210513SL	p29	Z11111	113	7.0	315.0	4	977.9102646954211	978.137264720325
981.6028651169896	0.5069600227052433	trials	210513SL	p29	Z11111	137	1.0	45.0	8	981.7528651169896	981.9598251396949
982.0431451652923	0.5270000249039413	trials	210513SL	p29	Z11111	36	5.0	90.0	4	982.1931451652923	982.4201451901963
982.4734652125024	0.5369600259965637	trials	210513SL	p29	Z11111	86	10.0	225.0	4	982.6234652125024	982.860425238499
982.9437452640965	0.5370000260008965	trials	210513SL	p29	Z11111	49	3.0	135.0	4	983.0937452640965	983.3307452900974
983.3840653124035	0.5269600248996085	trials	210513SL	p29	Z11111	66	5.0	180.0	4	983.5340653124035	983.7610253373032
983.8143453596093	0.49696002160817443	trials	210513SL	p29	Z11111	238	12.0	315.0	8	983.9643453596093	984.1613053812175
984.2546654079164	0.5269600248996085	trials	210513SL	p29	Z11111	349	3.0	315.0	12	984.4046654079164	984.631625432816
987.9071058086225	0.5069600227054707	trials	210513SL	p29	Z11111	193	12.0	180.0	8	988.0571058086225	988.264065831328
988.3473858569254	0.5270000249038276	trials	210513SL	p29	Z11111	57	11.0	135.0	4	988.4973858569253	988.7243858818292
988.8177059085237	0.5270000249039413	trials	210513SL	p29	Z11111	72	11.0	180.0	4	988.9677059085237	989.1947059334277
989.2880259601221	0.5270000249039413	trials	210513SL	p29	Z11111	285	14.0	90.0	12	989.4380259601221	989.6650259850261
989.7483460106235	0.5369600259965637	trials	210513SL	p29	Z11111	234	8.0	315.0	8	989.8983460106235	990.1353060366201
990.2186660622219	0.5369600259965637	trials	210513SL	p29	Z11111	228	2.0	315.0	8	990.3686660622219	990.6056260882185
990.6889861138203	0.4969600216082881	trials	210513SL	p29	Z11111	324	8.0	225.0	12	990.8389861138203	991.0359461354286
994.2913865090367	0.506960022705357	trials	210513SL	p29	Z11111	216	5.0	270.0	8	994.4413865090366	994.648346531742
994.7217065562467	0.4969600216084018	trials	210513SL	p29	Z11111	206	10.0	225.0	8	994.8717065562466	995.0686665778551
995.1519866034524	0.5369600259965637	trials	210513SL	p29	Z11111	121	0.0	0.0	8	995.3019866034524	995.538946629449
995.6223066550508	0.5269600248994948	trials	210513SL	p29	Z11111	231	5.0	315.0	8	995.7723066550508	995.9992666799503
996.0926267066492	0.5269600248996085	trials	210513SL	p29	Z11111	284	13.0	90.0	12	996.2426267066492	996.4695867315488
996.5629467582477	0.5269600248994948	trials	210513SL	p29	Z11111	344	13.0	270.0	12	996.7129467582477	996.9399067831472
997.0232268087445	0.506960022705357	trials	210513SL	p29	Z11111	81	5.0	225.0	4	997.1732268087445	997.3801868314499
1000.715747213848	0.5069600227052433	trials	210513SL	p29	Z11111	239	13.0	315.0	8	1000.865747213848	1001.0727072365532
1001.1260272588594	0.5369600259966774	trials	210513SL	p29	Z11111	114	8.0	315.0	4	1001.2760272588594	1001.5129872848561
1001.5963073104534	0.5270000249039413	trials	210513SL	p29	Z11111	53	7.0	135.0	4	1001.7463073104534	1001.9733073353574
1002.0666273620519	0.5270000249038276	trials	210513SL	p29	Z11111	159	8.0	90.0	8	1002.2166273620519	1002.4436273869558
1002.4969474092619	0.5269600248996085	trials	210513SL	p29	Z11111	273	2.0	90.0	12	1002.6469474092619	1002.8739074341615
1002.9672674608604	0.5269600248993811	trials	210513SL	p29	Z11111	0			0	1003.1172674608604	1003.3442274857598
1003.4175475102601	0.5269600248996085	trials	210513SL	p29	Z11111	337	6.0	270.0	12	1003.56754751026	1003.7945075351597
1006.9699478999911	0.5069600227052433	trials	210513SL	p29	Z11111	73	12.0	180.0	4	1007.1199478999911	1007.3269079226964
1009.8618682172612	0.506960022705357	trials	210513SL	p29	Z11111	41	10.0	90.0	4	1010.0118682172612	1010.2188282399666
1010.3121882666654	0.5269600248996085	trials	210513SL	p29	Z11111	260	4.0	45.0	12	1010.4621882666654	1010.6891482915651
1010.7424683138711	0.5270000249039413	trials	210513SL	p29	Z11111	146	10.0	45.0	8	1010.8924683138711	1011.119468338775
1011.2127883654695	0.4969600216084018	trials	210513SL	p29	Z11111	92	1.0	270.0	4	1011.3627883654694	1011.5597483870779
1011.6430684126752	0.49696002160817443	trials	210513SL	p29	Z11111	179	13.0	135.0	8	1011.7930684126752	1011.9900284342834
1012.0833884609823	0.5269600248996085	trials	210513SL	p29	Z11111	131	10.0	0.0	8	1012.2333884609823	1012.4603484858819
1012.5336685103822	0.49696002160817443	trials	210513SL	p29	Z11111	145	9.0	45.0	8	1012.6836685103822	1012.8806285319904
1016.2361889165826	0.506960022705357	trials	210513SL	p29	Z11111	264	8.0	45.0	12	1016.3861889165826	1016.593148939288
1016.6764689648854	0.5370000260008965	trials	210513SL	p29	Z11111	0			0	1016.8264689648854	1017.0634689908863
1017.1167890131925	0.5269600248996085	trials	210513SL	p29	Z11111	42	11.0	90.0	4	1017.2667890131925	1017.4937490380921
1017.587109064791	0.49692002160384163	trials	210513SL	p29	Z11111	192	11.0	180.0	8	1017.737109064791	1017.9340290863948
1017.997349109798	0.5370000260010102	trials	210513SL	p29	Z11111	169	3.0	135.0	8	1018.147349109798	1018.3843491357991
1018.4676691613964	0.5370000260010102	trials	210513SL	p29	Z11111	272	1.0	90.0	12	1018.6176691613964	1018.8546691873975
1018.9379892129949	0.5269600248994948	trials	210513SL	p29	Z11111	170	4.0	135.0	8	1019.0879892129949	1019.3149492378944
1022.9106696488343	0.506960022705357	trials	210513SL	p29	Z11111	125	4.0	0.0	8	1023.0606696488343	1023.2676296715397
1023.3209496938458	0.5269600248994948	trials	210513SL	p29	Z11111	353	7.0	315.0	12	1023.4709496938458	1023.6979097187453
1023.7512297410515	0.5370000260011238	trials	210513SL	p29	Z11111	129	8.0	0.0	8	1023.9012297410515	1024.1382297670525
1024.2215497926497	0.5269600248998358	trials	210513SL	p29	Z11111	103	12.0	270.0	4	1024.3715497926498	1024.5985098175495
1024.661869840957	0.5269600248996085	trials	210513SL	p29	Z11111	190	9.0	180.0	8	1024.8118698409571	1025.0388298658565
1025.1221498914538	0.4969600216086292	trials	210513SL	p29	Z11111	359	13.0	315.0	12	1025.2721498914539	1025.4691099130623
1025.562469939761	0.5269600248996085	trials	210513SL	p29	Z11111	120	14.0	315.0	4	1025.7124699397611	1025.9394299646606
1029.2149103404672	0.5069600227054707	trials	210513SL	p29	Z11111	110	4.0	315.0	4	1029.3649103404673	1029.5718703631726
1029.6552303887743	0.5369600259969047	trials	210513SL	p29	Z11111	160	9.0	90.0	8	1029.8052303887744	1030.042190414771
1030.1255104403683	0.5270000249042823	trials	210513SL	p29	Z11111	105	14.0	270.0	4	1030.2755104403684	1030.5025104652725
1030.5758304897727	0.4969600216084018	trials	210513SL	p29	Z11111	100	9.0	270.0	4	1030.7258304897728	1030.922790511381
1031.0161105380753	0.5270000249042823	trials	210513SL	p29	Z11111	263	7.0	45.0	12	1031.1661105380754	1031.3931105629795
1031.4764305885767	0.5069600227054707	trials	210513SL	p29	Z11111	7	6.0	0.0	4	1031.6264305885768	1031.833390611282
1031.9167506368838	0.5269600248998358	trials	210513SL	p29	Z11111	307	6.0	180.0	12	1032.0667506368839	1032.2937106617835
1035.769311059545	0.5069600227054707	trials	210513SL	p29	Z11111	152	1.0	90.0	8	1035.9193110595452	1036.1262710822505
1036.199631106755	0.5269600248998358	trials	210513SL	p29	Z11111	127	6.0	0.0	8	1036.3496311067552	1036.5765911316548
1036.6299111539606	0.4969600216086292	trials	210513SL	p29	Z11111	52	6.0	135.0	4	1036.7799111539607	1036.9768711755692
1037.0501912000693	0.5269600248996085	trials	210513SL	p29	Z11111	28	12.0	45.0	4	1037.2001912000694	1037.4271512249688
1037.5205112516678	0.4969600216084018	trials	210513SL	p29	Z11111	75	14.0	180.0	4	1037.670511251668	1037.8674712732761
1037.9407912977763	0.5269600248998358	trials	210513SL	p29	Z11111	355	9.0	315.0	12	1038.0907912977764	1038.317751322676
1038.4011113482777	0.5369600259966774	trials	210513SL	p29	Z11111	310	9.0	180.0	12	1038.5511113482778	1038.7880713742743
1042.2436717698417	0.5069600227054707	trials	210513SL	p29	Z11111	96	5.0	270.0	4	1042.3936717698418	1042.6006317925471
1042.6539518148534	0.527000024904055	trials	210513SL	p29	Z11111	295	9.0	135.0	12	1042.8039518148535	1043.0309518397573
1043.1242718664516	0.5269600248998358	trials	210513SL	p29	Z11111	44	13.0	90.0	4	1043.2742718664517	1043.5012318913514
1043.5745919158558	0.5269600248998358	trials	210513SL	p29	Z11111	339	8.0	270.0	12	1043.7245919158559	1043.9515519407555
1044.0048719630615	0.5369600259969047	trials	210513SL	p29	Z11111	332	1.0	270.0	12	1044.1548719630616	1044.3918319890583
1044.47519201466	0.5269600248998358	trials	210513SL	p29	Z11111	277	6.0	90.0	12	1044.6251920146601	1044.8521520395598
1044.9154720629626	0.5270000249042823	trials	210513SL	p29	Z11111	106	0.0	315.0	4	1045.0654720629627	1045.2924720878668
1048.6980324779443	0.5069600227056981	trials	210513SL	p29	Z11111	341	10.0	270.0	12	1048.8480324779443	1049.0549925006499
1049.1383125262469	0.5069600227056981	trials	210513SL	p29	Z11111	242	1.0	0.0	12	1049.288312526247	1049.4952725489525
1049.5786325745541	0.4969600216084018	trials	210513SL	p29	Z11111	314	13.0	180.0	12	1049.7286325745542	1049.9255925961625
1049.9989126206628	0.5269600248998358	trials	210513SL	p29	Z11111	255	14.0	0.0	12	1050.148912620663	1050.3758726455626
1050.4491926700625	0.4969600216086292	trials	210513SL	p29	Z11111	333	2.0	270.0	12	1050.5991926700626	1050.796152691671
1050.8795127172725	0.5369600259969047	trials	210513SL	p29	Z11111	34	3.0	90.0	4	1051.0295127172726	1051.2664727432693
1051.3297927666727	0.5370000260011238	trials	210513SL	p29	Z11111	9	8.0	0.0	4	1051.4797927666727	1051.7167927926737
1054.8521531531078	0.527000024904055	trials	210513SL	p29	Z11111	204	8.0	225.0	8	1055.0021531531079	1055.2291531780118
1055.312473203609	0.5270000249042823	trials	210513SL	p29	Z11111	350	4.0	315.0	12	1055.462473203609	1055.6894732285132
1055.7527932519163	0.5269600248996085	trials	210513SL	p29	Z11111	91	0.0	270.0	4	1055.9027932519164	1056.1297532768158
1056.203073301316	0.5270000249042823	trials	210513SL	p29	Z11111	267	11.0	45.0	12	1056.353073301316	1056.5800733262201
1056.6633933518174	0.5369600259969047	trials	210513SL	p29	Z11111	32	1.0	90.0	4	1056.8133933518175	1057.0503533778142
1057.1337134034156	0.5369600259971321	trials	210513SL	p29	Z11111	220	9.0	270.0	8	1057.2837134034157	1057.5206734294127
1057.6040334550144	0.5269600248996085	trials	210513SL	p29	Z11111	61	0.0	180.0	4	1057.7540334550145	1057.9809934799139
1061.1564338447452	0.5069600227056981	trials	210513SL	p29	Z11111	282	11.0	90.0	12	1061.3064338447452	1061.5133938674508
1061.5967138930478	0.5369600259969047	trials	210513SL	p29	Z11111	94	3.0	270.0	4	1061.7467138930479	1061.9836739190446
1062.0670339446463	0.4969600216084018	trials	210513SL	p29	Z11111	33	2.0	90.0	4	1062.2170339446463	1062.4139939662546
1062.487313990755	0.5269600248996085	trials	210513SL	p29	Z11111	326	10.0	225.0	12	1062.637313990755	1062.8642740156545
1062.937634040159	0.5369600259969047	trials	210513SL	p29	Z11111	78	2.0	225.0	4	1063.0876340401592	1063.324594066156
1063.3879140895588	0.5370000260013512	trials	210513SL	p29	Z11111	47	1.0	135.0	4	1063.5379140895589	1063.77491411556
1063.8582341411575	0.5370000260011238	trials	210513SL	p29	Z11111	176	10.0	135.0	8	1064.0082341411576	1064.2452341671585
1067.4306345330824	0.5069600227056981	trials	210513SL	p29	Z11111	226	0.0	315.0	8	1067.5806345330825	1067.787594555788
1067.870914581385	0.5370000260013512	trials	210513SL	p29	Z11111	312	11.0	180.0	12	1068.0209145813851	1068.2579146073863
1068.3412346329837	0.527000024904055	trials	210513SL	p29	Z11111	210	14.0	225.0	8	1068.4912346329838	1068.7182346578877
1068.7815546812908	0.5269600248998358	trials	210513SL	p29	Z11111	3	2.0	0.0	4	1068.931554681291	1069.1585147061905
1069.241874731792	0.5369600259969047	trials	210513SL	p29	Z11111	149	13.0	45.0	8	1069.391874731792	1069.6288347577888
1069.7121947833905	0.5369600259966774	trials	210513SL	p29	Z11111	109	3.0	315.0	4	1069.8621947833906	1070.099154809387
1070.1824748349845	0.5270000249042823	trials	210513SL	p29	Z11111	236	10.0	315.0	8	1070.3324748349846	1070.5594748598887
1073.8649552389866	0.5069600227054707	trials	210513SL	p29	Z11111	54	8.0	135.0	4	1074.0149552389867	1074.221915261692
1074.3152752883907	0.5269600248998358	trials	210513SL	p29	Z11111	249	8.0	0.0	12	1074.4652752883908	1074.6922353132904
1074.7455553355962	0.5370000260013512	trials	210513SL	p29	Z11111	286	0.0	135.0	12	1074.8955553355963	1075.1325553615975
1075.2158753871947	0.5269600248996085	trials	210513SL	p29	Z11111	60	14.0	135.0	4	1075.3658753871948	1075.5928354120942
1075.6461554344003	0.5370000260013512	trials	210513SL	p29	Z11111	306	5.0	180.0	12	1075.7961554344004	1076.0331554604015
1076.1064754849017	0.5269600248998358	trials	210513SL	p29	Z11111	77	1.0	225.0	4	1076.2564754849018	1076.4834355098014
1076.566795535403	0.5069600227056981	trials	210513SL	p29	Z11111	150	14.0	45.0	8	1076.716795535403	1076.9237555581085
1080.3193159470889	0.5069600227056981	trials	210513SL	p29	Z11111	48	2.0	135.0	4	1080.469315947089	1080.6762759697945
1080.7696359964932	0.5269600248996085	trials	210513SL	p29	Z11111	84	8.0	225.0	4	1080.9196359964933	1081.1465960213927
1081.2399560480917	0.5269600248996085	trials	210513SL	p29	Z11111	357	11.0	315.0	12	1081.3899560480918	1081.6169160729912
1081.6702360952972	0.5369600259969047	trials	210513SL	p29	Z11111	175	9.0	135.0	8	1081.8202360952973	1082.057196121294
1082.120516144697	0.5370000260013512	trials	210513SL	p29	Z11111	56	10.0	135.0	4	1082.270516144697	1082.5075161706982
1082.5908361962956	0.5270000249038276	trials	210513SL	p29	Z11111	118	12.0	315.0	4	1082.7408361962957	1082.9678362211994
1083.061156247894	0.4969600216086292	trials	210513SL	p29	Z11111	269	13.0	45.0	12	1083.211156247894	1083.4081162695024
1086.7136366486045	0.5069600227054707	trials	210513SL	p29	Z11111	252	11.0	0.0	12	1086.8636366486046	1087.0705966713099
1087.1539166969073	0.5370000260011238	trials	210513SL	p29	Z11111	158	7.0	90.0	8	1087.3039166969074	1087.5409167229084
1087.6242367485056	0.4969600216086292	trials	210513SL	p29	Z11111	201	5.0	225.0	8	1087.7742367485057	1087.9711967701141
1088.0645167968082	0.5270000249042823	trials	210513SL	p29	Z11111	196	0.0	225.0	8	1088.2145167968083	1088.4415168217124
1088.5248368473099	0.5370000260011238	trials	210513SL	p29	Z11111	95	4.0	270.0	4	1088.67483684731	1088.911836873311
1088.9951568989081	0.5370000260013512	trials	210513SL	p29	Z11111	188	7.0	180.0	8	1089.1451568989082	1089.3821569249094
1089.4654769505066	0.5269600248996085	trials	210513SL	p29	Z11111	291	5.0	135.0	12	1089.6154769505067	1089.8424369754061
1093.3480773764636	0.5069600227054707	trials	210513SL	p29	Z11111	104	13.0	270.0	4	1093.4980773764637	1093.705037399169
1093.7983974258677	0.5269600248998358	trials	210513SL	p29	Z11111	65	4.0	180.0	4	1093.9483974258678	1094.1753574507675
1094.268717477466	0.5269600248998358	trials	210513SL	p29	Z11111	101	10.0	270.0	4	1094.418717477466	1094.6456775023657
1094.6989975246718	0.5269600248996085	trials	210513SL	p29	Z11111	205	9.0	225.0	8	1094.8489975246719	1095.0759575495713
1095.1392775729746	0.527000024904055	trials	210513SL	p29	Z11111	240	14.0	315.0	8	1095.2892775729747	1095.5162775978786
1095.5995976234758	0.4969600216086292	trials	210513SL	p29	Z11111	133	12.0	0.0	8	1095.749597623476	1095.9465576450843
1096.0398776717784	0.5270000249042823	trials	210513SL	p29	Z11111	340	9.0	270.0	12	1096.1898776717785	1096.4168776966826
1099.5422380560196	0.5069600227054707	trials	210513SL	p29	Z11111	222	11.0	270.0	8	1099.6922380560197	1099.899198078725
1099.9825581043267	0.5369600259971321	trials	210513SL	p29	Z11111	6	5.0	0.0	4	1100.1325581043268	1100.3695181303237
1100.4528781559252	0.5269600248998358	trials	210513SL	p29	Z11111	298	12.0	135.0	12	1100.6028781559253	1100.829838180825
1100.9231982075235	0.5269600248998358	trials	210513SL	p29	Z11111	209	13.0	225.0	8	1101.0731982075235	1101.3001582324232
1101.3935182591222	0.5269600248996085	trials	210513SL	p29	Z11111	207	11.0	225.0	8	1101.5435182591223	1101.7704782840217
1101.853798309619	0.5370000260013512	trials	210513SL	p29	Z11111	265	9.0	45.0	12	1102.003798309619	1102.2407983356202
1102.294118357926	0.5269600248998358	trials	210513SL	p29	Z11111	1	0.0	0.0	4	1102.444118357926	1102.6710783828257
1106.2467587915671	0.527000024904055	trials	210513SL	p29	Z11111	354	8.0	315.0	12	1106.3967587915672	1106.623758816471
1106.7070788420683	0.5269600248998358	trials	210513SL	p29	Z11111	343	12.0	270.0	12	1106.8570788420684	1107.084038866968
1107.1773988936666	0.5269600248998358	trials	210513SL	p29	Z11111	330	14.0	225.0	12	1107.3273988936667	1107.5543589185663
1107.6477189452653	0.5269600248996085	trials	210513SL	p29	Z11111	199	3.0	225.0	8	1107.7977189452654	1108.0246789701648
1108.1180389968636	0.5269600248998358	trials	210513SL	p29	Z11111	153	2.0	90.0	8	1108.2680389968637	1108.4949990217633
1108.5783190473605	0.5370000260011238	trials	210513SL	p29	Z11111	309	8.0	180.0	12	1108.7283190473606	1108.9653190733616
1109.0186390956676	0.4969600216086292	trials	210513SL	p29	Z11111	161	10.0	90.0	8	1109.1686390956677	1109.3655991172761
1112.6410794930825	0.5069600227056981	trials	210513SL	p29	Z11111	122	1.0	0.0	8	1112.7910794930826	1112.9980395157882
1113.051359538094	0.5269600248998358	trials	210513SL	p29	Z11111	143	7.0	45.0	8	1113.201359538094	1113.4283195629937
1113.4816395852997	0.5269600248996085	trials	210513SL	p29	Z11111	182	1.0	180.0	8	1113.6316395852998	1113.8585996101992
1113.9519596368982	0.5269600248998358	trials	210513SL	p29	Z11111	197	1.0	225.0	8	1114.1019596368983	1114.328919661798
1114.4222796884965	0.5269600248998358	trials	210513SL	p29	Z11111	213	2.0	270.0	8	1114.5722796884966	1114.7992397133962
1114.8525597357022	0.5269600248996085	trials	210513SL	p29	Z11111	315	14.0	180.0	12	1115.0025597357023	1115.2295197606018
1115.3228797873007	0.5269600248996085	trials	210513SL	p29	Z11111	219	8.0	270.0	8	1115.4728797873008	1115.6998398122003
1119.0053601913025	0.5069600227054707	trials	210513SL	p29	Z11111	245	4.0	0.0	12	1119.1553601913026	1119.362320214008
1119.4556802407067	0.5269600248998358	trials	210513SL	p29	Z11111	352	6.0	315.0	12	1119.6056802407068	1119.8326402656064
1119.9159602912036	0.5370000260013512	trials	210513SL	p29	Z11111	274	3.0	90.0	12	1120.0659602912037	1120.302960317205
1122.167480538216	0.5069600227054707	trials	210513SL	p29	Z11111	262	6.0	45.0	12	1122.3174805382162	1122.5244405609214
1122.5777605832275	0.5370000260013512	trials	210513SL	p29	Z11111	191	10.0	180.0	8	1122.7277605832276	1122.9647606092287
1123.048080634826	0.5269600248998358	trials	210513SL	p29	Z11111	112	6.0	315.0	4	1123.198080634826	1123.4250406597257
1123.49840068423	0.5369600259969047	trials	210513SL	p29	Z11111	283	12.0	90.0	12	1123.6484006842302	1123.885360710227
1123.9386807325332	0.5269600248996085	trials	210513SL	p29	Z11111	27	11.0	45.0	4	1124.0886807325332	1124.3156407574327
1124.3990007830344	0.5369600259969047	trials	210513SL	p29	Z11111	83	7.0	225.0	4	1124.5490007830344	1124.7859608090312
1124.8693208346326	0.5369600259969047	trials	210513SL	p29	Z11111	124	3.0	0.0	8	1125.0193208346327	1125.2562808606294
1128.4417212265578	0.5069600227054707	trials	210513SL	p29	Z11111	290	4.0	135.0	12	1128.5917212265579	1128.7986812492632
1128.8820012748606	0.5370000260011238	trials	210513SL	p29	Z11111	302	1.0	180.0	12	1129.0320012748607	1129.2690013008616
1129.3523213264589	0.5370000260013512	trials	210513SL	p29	Z11111	181	0.0	180.0	8	1129.502321326459	1129.7393213524601
1129.8226413780574	0.5269600248998358	trials	210513SL	p29	Z11111	257	1.0	45.0	12	1129.9726413780575	1130.1996014029571
1130.2729614274617	0.5269600248998358	trials	210513SL	p29	Z11111	0			0	1130.4229614274618	1130.6499214523615
1130.7432414790555	0.5270000249042823	trials	210513SL	p29	Z11111	80	4.0	225.0	4	1130.8932414790556	1131.1202415039597
1131.213561530654	0.527000024904055	trials	210513SL	p29	Z11111	19	3.0	45.0	4	1131.3635615306541	1131.590561555558
1134.7960019236807	0.5069600227054707	trials	210513SL	p29	Z11111	62	1.0	180.0	4	1134.9460019236808	1135.152961946386
1135.2362819719833	0.5370000260013512	trials	210513SL	p29	Z11111	108	2.0	315.0	4	1135.3862819719834	1135.6232819979846
1135.7066020235818	0.5369600259966774	trials	210513SL	p29	Z11111	8	7.0	0.0	4	1135.856602023582	1136.0935620495784
1136.1769220751803	0.4969600216084018	trials	210513SL	p29	Z11111	172	6.0	135.0	8	1136.3269220751804	1136.5238820967886
1136.6072021223858	0.5370000260013512	trials	210513SL	p29	Z11111	85	9.0	225.0	4	1136.757202122386	1136.994202148387
1137.067522172887	0.5269600248998358	trials	210513SL	p29	Z11111	212	1.0	270.0	8	1137.2175221728871	1137.4444821977868
1137.5278422233887	0.5369600259966774	trials	210513SL	p29	Z11111	64	3.0	180.0	4	1137.6778422233888	1137.9148022493853
1141.1002426153136	0.5069600227056981	trials	210513SL	p29	Z11111	297	11.0	135.0	12	1141.2502426153137	1141.4572026380192
1141.5505226647133	0.5270000249042823	trials	210513SL	p29	Z11111	148	12.0	45.0	8	1141.7005226647134	1141.9275226896175
1142.0008427141177	0.5269600248996085	trials	210513SL	p29	Z11111	202	6.0	225.0	8	1142.1508427141177	1142.3778027390172
1142.4511227635176	0.527000024904055	trials	210513SL	p29	Z11111	180	14.0	135.0	8	1142.6011227635177	1142.8281227884215
1142.8814428107275	0.5369600259969047	trials	210513SL	p29	Z11111	325	9.0	225.0	12	1143.0314428107276	1143.2684028367244
1143.3517628623258	0.4969200216041827	trials	210513SL	p29	Z11111	268	12.0	45.0	12	1143.501762862326	1143.69868288393
1143.7720429084347	0.5269600248996085	trials	210513SL	p29	Z11111	320	4.0	225.0	12	1143.9220429084348	1144.1490029333343
1147.5245633201205	0.5069600227054707	trials	210513SL	p29	Z11111	2	1.0	0.0	4	1147.6745633201206	1147.8815233428259
1147.9348433651319	0.5269600248998358	trials	210513SL	p29	Z11111	55	9.0	135.0	4	1148.084843365132	1148.3118033900316
1148.3851234145318	0.4969600216084018	trials	210513SL	p29	Z11111	331	0.0	270.0	12	1148.5351234145319	1148.73208343614
1148.8054034606403	0.4969600216086292	trials	210513SL	p29	Z11111	163	12.0	90.0	8	1148.9554034606404	1149.1523634822488
1149.2357235078503	0.4969200216041827	trials	210513SL	p29	Z11111	173	7.0	135.0	8	1149.3857235078503	1149.5826435294543
1149.6760035561533	0.5269600248996085	trials	210513SL	p29	Z11111	17	1.0	45.0	4	1149.8260035561534	1150.0529635810528
1150.1463236077516	0.5269600248998358	trials	210513SL	p29	Z11111	321	5.0	225.0	12	1150.2963236077517	1150.5232836326513
1153.7087239985794	0.5069600227056981	trials	210513SL	p29	Z11111	184	3.0	180.0	8	1153.8587239985795	1154.065684021285
1154.1290040446881	0.5269600248998358	trials	210513SL	p29	Z11111	254	13.0	0.0	12	1154.2790040446882	1154.505964069588
1154.5893240951896	0.5369600259969047	trials	210513SL	p29	Z11111	348	2.0	315.0	12	1154.7393240951897	1154.9762841211864
1155.0596441467878	0.5269600248998358	trials	210513SL	p29	Z11111	21	5.0	45.0	4	1155.209644146788	1155.4366041716876
1155.4999241950907	0.5269600248996085	trials	210513SL	p29	Z11111	278	7.0	90.0	12	1155.6499241950908	1155.8768842199902
1155.9502442444948	0.5269600248998358	trials	210513SL	p29	Z11111	313	12.0	180.0	12	1156.100244244495	1156.3272042693945
1156.3805242917006	0.5269600248998358	trials	210513SL	p29	Z11111	147	11.0	45.0	8	1156.5305242917007	1156.7574843166003
1159.9829246869167	0.5069600227056981	trials	210513SL	p29	Z11111	93	2.0	270.0	4	1160.1329246869168	1160.3398847096223
1160.3932047319283	0.5370000260011238	trials	210513SL	p29	Z11111	256	0.0	45.0	12	1160.5432047319284	1160.7802047579294
1160.8635247835268	0.5270000249042823	trials	210513SL	p29	Z11111	10	9.0	0.0	4	1161.013524783527	1161.240524808431
1161.333844835125	0.5270000249042823	trials	210513SL	p29	Z11111	270	14.0	45.0	12	1161.4838448351252	1161.7108448600293
1161.8041648867236	0.5269600248998358	trials	210513SL	p29	Z11111	186	5.0	180.0	8	1161.9541648867237	1162.1811249116233
1162.264484937225	0.5369600259969047	trials	210513SL	p29	Z11111	217	6.0	270.0	8	1162.414484937225	1162.6514449632218
1162.7348049888233	0.5269600248998358	trials	210513SL	p29	Z11111	123	2.0	0.0	8	1162.8848049888234	1163.111765013723
1166.2071253697686	0.5069600227056981	trials	210513SL	p29	Z11111	4	3.0	0.0	4	1166.3571253697687	1166.5640853924742
1166.647445418076	0.4969200216039553	trials	210513SL	p29	Z11111	194	13.0	180.0	8	1166.797445418076	1166.9943654396798
1167.0877254663787	0.5269600248998358	trials	210513SL	p29	Z11111	116	10.0	315.0	4	1167.2377254663788	1167.4646854912785
1167.5180055135843	0.5270000249042823	trials	210513SL	p29	Z11111	237	11.0	315.0	8	1167.6680055135844	1167.8950055384885
1167.9883255651825	0.4969600216086292	trials	210513SL	p29	Z11111	247	6.0	0.0	12	1168.1383255651826	1168.335285586791
1168.4186056123885	0.5370000260011238	trials	210513SL	p29	Z11111	305	4.0	180.0	12	1168.5686056123886	1168.8056056383896
1168.8689256617927	0.5369600259969047	trials	210513SL	p29	Z11111	126	5.0	0.0	8	1169.0189256617928	1169.2558856877895
1172.6314460745757	0.5069600227054707	trials	210513SL	p29	Z11111	243	2.0	0.0	12	1172.7814460745758	1172.988406097281
1173.0717661228828	0.5269600248998358	trials	210513SL	p29	Z11111	244	3.0	0.0	12	1173.2217661228829	1173.4487261477825
1173.5020461700883	0.5069600227056981	trials	210513SL	p29	Z11111	79	3.0	225.0	4	1173.6520461700884	1173.859006192794
1173.9423262183914	0.5270000249038276	trials	210513SL	p29	Z11111	140	4.0	45.0	8	1174.0923262183915	1174.319326243295
1174.4126462699896	0.5270000249042823	trials	210513SL	p29	Z11111	258	2.0	45.0	12	1174.5626462699897	1174.7896462948938
1174.8729663204908	0.5069600227056981	trials	210513SL	p29	Z11111	235	9.0	315.0	8	1175.022966320491	1175.2299263431964
1175.3132463687937	0.527000024904055	trials	210513SL	p29	Z11111	317	1.0	225.0	12	1175.4632463687938	1175.6902463936976
1178.9156867640145	0.5069600227054707	trials	210513SL	p29	Z11111	299	13.0	135.0	12	1179.0656867640146	1179.2726467867199
1179.355966812317	0.5370000260013512	trials	210513SL	p29	Z11111	156	5.0	90.0	8	1179.5059668123172	1179.7429668383184
1179.7962868606241	0.4969600216086292	trials	210513SL	p29	Z11111	351	5.0	315.0	12	1179.9462868606242	1180.1432468822327
1180.22656690783	0.5370000260011238	trials	210513SL	p29	Z11111	280	9.0	90.0	12	1180.37656690783	1180.613566933831
1180.6968869594284	0.5369600259969047	trials	210513SL	p29	Z11111	218	7.0	270.0	8	1180.8468869594285	1181.0838469854252
1181.1672070110267	0.5269600248998358	trials	210513SL	p29	Z11111	261	5.0	45.0	12	1181.3172070110268	1181.5441670359264
1181.6375270626254	0.5269600248996085	trials	210513SL	p29	Z11111	98	7.0	270.0	4	1181.7875270626255	1182.014487087525
1185.2699674611372	0.5069600227056981	trials	210513SL	p29	Z11111	183	2.0	180.0	8	1185.4199674611373	1185.6269274838428
1185.7202875105413	0.5269600248998358	trials	210513SL	p29	Z11111	107	1.0	315.0	4	1185.8702875105414	1186.097247535441
1186.1705675599412	0.5269600249000632	trials	210513SL	p29	Z11111	165	14.0	90.0	8	1186.3205675599413	1186.5475275848412
1186.6308876104426	0.5369600259969047	trials	210513SL	p29	Z11111	89	13.0	225.0	4	1186.7808876104427	1187.0178476364395
1187.101207662041	0.5369600259969047	trials	210513SL	p29	Z11111	139	3.0	45.0	8	1187.251207662041	1187.4881676880377
1187.5715277136396	0.5269600248996085	trials	210513SL	p29	Z11111	16	0.0	45.0	4	1187.7215277136397	1187.9484877385391
1188.0018077608452	0.5369600259969047	trials	210513SL	p29	Z11111	135	14.0	0.0	8	1188.1518077608453	1188.388767786842
1191.694288165944	0.5069600227054707	trials	210513SL	p29	Z11111	287	1.0	135.0	12	1191.8442881659441	1192.0512481886494
1192.1346082142513	0.5369600259969047	trials	210513SL	p29	Z11111	203	7.0	225.0	8	1192.2846082142514	1192.5215682402481
1192.6048882658451	0.5370000260013512	trials	210513SL	p29	Z11111	253	12.0	0.0	12	1192.7548882658452	1192.9918882918464
1193.0552083152493	0.5369600259971321	trials	210513SL	p29	Z11111	346	0.0	315.0	12	1193.2052083152494	1193.4421683412463
1193.5055283646539	0.5369600259966774	trials	210513SL	p29	Z11111	301	0.0	180.0	12	1193.655528364654	1193.8924883906504
1193.9758084162477	0.5370000260013512	trials	210513SL	p29	Z11111	63	2.0	180.0	4	1194.1258084162478	1194.362808442249
1194.4461284678462	0.527000024904055	trials	210513SL	p29	Z11111	300	14.0	135.0	12	1194.5961284678463	1194.8231284927501
1198.068568865261	0.5069600227056981	trials	210513SL	p29	Z11111	0			0	1198.2185688652612	1198.4255288879667
1198.5088889135682	0.5269600248998358	trials	210513SL	p29	Z11111	311	10.0	180.0	12	1198.6588889135683	1198.885848938468
1198.9792089651667	0.5269600248996085	trials	210513SL	p29	Z11111	43	12.0	90.0	4	1199.1292089651668	1199.3561689900662
1199.4294890145666	0.5270000249042823	trials	210513SL	p29	Z11111	166	0.0	135.0	8	1199.5794890145667	1199.8064890394708
1199.8998090661648	0.5269600248998358	trials	210513SL	p29	Z11111	329	13.0	225.0	12	1200.049809066165	1200.2767690910646
1200.3701291177633	0.5269600248996085	trials	210513SL	p29	Z11111	318	2.0	225.0	12	1200.5201291177634	1200.7470891426628
1200.800409164969	0.527000024904055	trials	210513SL	p29	Z11111	338	7.0	270.0	12	1200.9504091649692	1201.177409189873
1204.4528895656795	0.5069600227056981	trials	210513SL	p29	Z11111	115	9.0	315.0	4	1204.6028895656796	1204.809849588385
1204.863169610691	0.5369600259966774	trials	210513SL	p29	Z11111	233	7.0	315.0	8	1205.0131696106912	1205.2501296366877
1205.303449658994	0.5269600248998358	trials	210513SL	p29	Z11111	185	4.0	180.0	8	1205.453449658994	1205.6804096838937
1205.7637697094951	0.5369600259969047	trials	210513SL	p29	Z11111	336	5.0	270.0	12	1205.9137697094952	1206.150729735492
1206.204049757798	0.527000024904055	trials	210513SL	p29	Z11111	276	5.0	90.0	12	1206.354049757798	1206.581049782702
1206.6343298050035	0.5370000260013512	trials	210513SL	p29	Z11111	71	10.0	180.0	4	1206.7843298050036	1207.0213298310048
1207.104649856602	0.5370000260013512	trials	210513SL	p29	Z11111	360	14.0	315.0	12	1207.254649856602	1207.4916498826033
1210.7971702617053	0.5069200227010242	trials	210513SL	p29	Z11111	345	14.0	270.0	12	1210.9471702617054	1211.1540902844063
1211.2074103067125	0.527000024904055	trials	210513SL	p29	Z11111	82	6.0	225.0	4	1211.3574103067126	1211.5844103316165
1211.6677303572137	0.5069600227056981	trials	210513SL	p29	Z11111	292	6.0	135.0	12	1211.8177303572138	1212.0246903799193
1212.1080504055208	0.4969200216041827	trials	210513SL	p29	Z11111	5	4.0	0.0	4	1212.2580504055209	1212.4549704271249
1212.508290449431	0.527000024904055	trials	210513SL	p29	Z11111	138	2.0	45.0	8	1212.658290449431	1212.8852904743349
1212.9786105010294	0.4969600216084018	trials	210513SL	p29	Z11111	223	12.0	270.0	8	1213.1286105010295	1213.3255705226377
1213.3788905449437	0.5269600248998358	trials	210513SL	p29	Z11111	134	13.0	0.0	8	1213.5288905449438	1213.7558505698435
1217.0513709478485	0.5069600227054707	trials	210513SL	p29	Z11111	31	0.0	90.0	4	1217.2013709478485	1217.4083309705538
1217.5016509972484	0.516960023802767	trials	210513SL	p29	Z11111	45	14.0	90.0	4	1217.6516509972485	1217.868611021051
1217.931931044454	0.5270000249042823	trials	210513SL	p29	Z11111	259	3.0	45.0	12	1218.081931044454	1218.308931069358
1218.392251094955	0.5370000260013512	trials	210513SL	p29	Z11111	215	4.0	270.0	8	1218.5422510949552	1218.7792511209564
1218.8325711432624	0.5269600248998358	trials	210513SL	p29	Z11111	99	8.0	270.0	4	1218.9825711432625	1219.2095311681621
1219.3028911948609	0.5269600248998358	trials	210513SL	p29	Z11111	167	1.0	135.0	8	1219.452891194861	1219.6798512197606
1219.7531712442608	0.527000024904055	trials	210513SL	p29	Z11111	320	4.0	225.0	12	1219.9031712442609	1220.1301712691647
1223.4056516449714	0.5169600238025396	trials	210513SL	p29	Z11111	218	7.0	270.0	8	1223.5556516449715	1223.7726116687738
1223.8659316954681	0.5270000249042823	trials	210513SL	p29	Z11111	105	14.0	270.0	4	1224.0159316954682	1224.2429317203723
1224.3162517448725	0.4969600216084018	trials	210513SL	p29	Z11111	192	11.0	180.0	8	1224.4662517448726	1224.6632117664808
1224.7465317920783	0.49696002160817443	trials	210513SL	p29	Z11111	294	8.0	135.0	12	1224.8965317920783	1225.0934918136863
1225.1868518403853	0.5269600248998358	trials	210513SL	p29	Z11111	239	13.0	315.0	8	1225.3368518403854	1225.563811865285
1225.6571718919836	0.4969200216041827	trials	210513SL	p29	Z11111	292	6.0	135.0	12	1225.8071718919837	1226.0040919135877
1226.0874519391894	0.5369600259969047	trials	210513SL	p29	Z11111	358	12.0	315.0	12	1226.2374519391894	1226.4744119651862
1229.9100123585592	0.5069600227054707	trials	210513SL	p29	Z11111	258	2.0	45.0	12	1230.0600123585593	1230.2669723812646
1230.3202924035709	0.5269600248998358	trials	210513SL	p29	Z11111	194	13.0	180.0	8	1230.470292403571	1230.6972524284706
1230.7605724518735	0.5270000249042823	trials	210513SL	p29	Z11111	277	6.0	90.0	12	1230.9105724518736	1231.1375724767777
1231.2208925023747	0.5370000260013512	trials	210513SL	p29	Z11111	1	0.0	0.0	4	1231.3708925023748	1231.607892528376
1231.6712125517793	0.5069600227054707	trials	210513SL	p29	Z11111	27	11.0	45.0	4	1231.8212125517794	1232.0281725744846
1232.1114926000819	0.5269600248998358	trials	210513SL	p29	Z11111	26	10.0	45.0	4	1232.261492600082	1232.4884526249816
1232.5818126516801	0.4969600216086292	trials	210513SL	p29	Z11111	195	14.0	180.0	8	1232.7318126516802	1232.9287726732887
1239.576533419065	0.5069600227056981	trials	210513SL	p29	Z11111	32	1.0	90.0	4	1239.7265334190652	1239.9334934417707
1239.9868134640767	0.4969200216041827	trials	210513SL	p29	Z11111	168	2.0	135.0	8	1240.1368134640768	1240.3337334856808
1240.4270935123795	0.4969600216084018	trials	210513SL	p29	Z11111	25	9.0	45.0	4	1240.5770935123796	1240.7740535339879
1240.857373559585	0.5270000249042823	trials	210513SL	p29	Z11111	310	9.0	180.0	12	1241.0073735595852	1241.2343735844893
1241.3276936111836	0.527000024904055	trials	210513SL	p29	Z11111	300	14.0	135.0	12	1241.4776936111837	1241.7046936360875
1241.7980136627818	0.4969600216086292	trials	210513SL	p29	Z11111	286	0.0	135.0	12	1241.948013662782	1242.1449736843904
1242.2282937099876	0.5270000249042823	trials	210513SL	p29	Z11111	326	10.0	225.0	12	1242.3782937099877	1242.6052937348918
1246.0308541271634	0.5069600227056981	trials	210513SL	p29	Z11111	322	6.0	225.0	12	1246.1808541271635	1246.387814149869
1246.4711741754704	0.5369600259969047	trials	210513SL	p29	Z11111	156	5.0	90.0	8	1246.6211741754705	1246.8581342014672
1249.112934465296	0.5069600227054707	trials	210513SL	p29	Z11111	85	9.0	225.0	4	1249.262934465296	1249.4698944880013
1249.5332145114044	0.5069600227056981	trials	210513SL	p29	Z11111	359	13.0	315.0	12	1249.6832145114045	1249.89017453411
1249.9434945564158	0.5269600248998358	trials	210513SL	p29	Z11111	269	13.0	45.0	12	1250.0934945564159	1250.3204545813155
1250.4038146069172	0.4969600216084018	trials	210513SL	p29	Z11111	0			0	1250.5538146069173	1250.7507746285255
1250.824094653026	0.4969600216084018	trials	210513SL	p29	Z11111	88	12.0	225.0	4	1250.974094653026	1251.1710546746342
1251.2443746991344	0.5269600248998358	trials	210513SL	p29	Z11111	135	14.0	0.0	8	1251.3943746991345	1251.621334724034
1251.7146947507326	0.5269600248998358	trials	210513SL	p29	Z11111	305	4.0	180.0	12	1251.8646947507327	1252.0916547756324
1255.3971751547347	0.5069600227056981	trials	210513SL	p29	Z11111	38	7.0	90.0	4	1255.5471751547348	1255.7541351774403
1255.8374552030373	0.5370000260013512	trials	210513SL	p29	Z11111	89	13.0	225.0	4	1255.9874552030374	1256.2244552290385
1256.3077752546358	0.4969600216084018	trials	210513SL	p29	Z11111	80	4.0	225.0	4	1256.4577752546359	1256.654735276244
1256.748095302943	0.5269600248996085	trials	210513SL	p29	Z11111	134	13.0	0.0	8	1256.8980953029431	1257.1250553278426
1257.2083753534398	0.5370000260013512	trials	210513SL	p29	Z11111	65	4.0	180.0	4	1257.35837535344	1257.595375379441
1257.6486954017469	0.4969600216086292	trials	210513SL	p29	Z11111	321	5.0	225.0	12	1257.798695401747	1257.9956554233554
1258.0689754478556	0.5269600248996085	trials	210513SL	p29	Z11111	40	9.0	90.0	4	1258.2189754478557	1258.445935472755
1261.7214158485617	0.5069600227056981	trials	210513SL	p29	Z11111	0			0	1261.8714158485618	1262.0783758712673
1262.1617358968688	0.5369600259969047	trials	210513SL	p29	Z11111	360	14.0	315.0	12	1262.3117358968689	1262.5486959228656
1262.6020159451718	0.5270000249038276	trials	210513SL	p29	Z11111	119	13.0	315.0	4	1262.752015945172	1262.9790159700756
1263.062335995673	0.5369600259969047	trials	210513SL	p29	Z11111	256	0.0	45.0	12	1263.2123359956731	1263.4492960216699
1263.5326560472713	0.5369600259969047	trials	210513SL	p29	Z11111	81	5.0	225.0	4	1263.6826560472714	1263.9196160732681
1264.0029760988698	0.5269600248998358	trials	210513SL	p29	Z11111	140	4.0	45.0	8	1264.1529760988699	1264.3799361237695
1264.4732961504683	0.5269600248998358	trials	210513SL	p29	Z11111	182	1.0	180.0	8	1264.6232961504684	1264.850256175368
1268.3258565731294	0.5069600227056981	trials	210513SL	p29	Z11111	233	7.0	315.0	8	1268.4758565731295	1268.682816595835
1268.7661766214364	0.5369600259969047	trials	210513SL	p29	Z11111	202	6.0	225.0	8	1268.9161766214365	1269.1531366474333
1269.2064566697393	0.527000024904055	trials	210513SL	p29	Z11111	7	6.0	0.0	4	1269.3564566697394	1269.5834566946432
1269.6767767213378	0.4969600216086292	trials	210513SL	p29	Z11111	71	10.0	180.0	4	1269.8267767213379	1270.0237367429463
1270.1070967685478	0.5269600248998358	trials	210513SL	p29	Z11111	308	7.0	180.0	12	1270.2570967685479	1270.4840567934475
1270.577376820142	0.527000024904055	trials	210513SL	p29	Z11111	285	14.0	90.0	12	1270.7273768201421	1270.954376845046
1271.0276968695462	0.4969600216084018	trials	210513SL	p29	Z11111	63	2.0	180.0	4	1271.1776968695463	1271.3746568911545
1274.700177272451	0.5069600227054707	trials	210513SL	p29	Z11111	291	5.0	135.0	12	1274.850177272451	1275.0571372951563
1275.1404573207535	0.5370000260013512	trials	210513SL	p29	Z11111	356	10.0	315.0	12	1275.2904573207536	1275.5274573467548
1275.610777372352	0.5269600248998358	trials	210513SL	p29	Z11111	124	3.0	0.0	8	1275.760777372352	1275.9877373972517
1276.0810974239503	0.5269600248998358	trials	210513SL	p29	Z11111	279	8.0	90.0	12	1276.2310974239504	1276.45805744885
1276.5314174733548	0.5269600248996085	trials	210513SL	p29	Z11111	157	6.0	90.0	8	1276.681417473355	1276.9083774982544
1276.9616975205604	0.5369600259969047	trials	210513SL	p29	Z11111	262	6.0	45.0	12	1277.1116975205605	1277.3486575465572
1277.4320175721587	0.5369600259969047	trials	210513SL	p29	Z11111	164	13.0	90.0	8	1277.5820175721587	1277.8189775981555
1281.084457972865	0.5069600227054707	trials	210513SL	p29	Z11111	173	7.0	135.0	8	1281.2344579728651	1281.4414179955704
1281.514778020075	0.5269600248998358	trials	210513SL	p29	Z11111	130	9.0	0.0	8	1281.6647780200751	1281.8917380449748
1281.9850580716688	0.5270000249042823	trials	210513SL	p29	Z11111	21	5.0	45.0	4	1282.135058071669	1282.362058096573
1282.415378118879	0.5369600259969047	trials	210513SL	p29	Z11111	127	6.0	0.0	8	1282.5653781188792	1282.8023381448759
1282.885658170473	0.5270000249042823	trials	210513SL	p29	Z11111	357	11.0	315.0	12	1283.0356581704732	1283.2626581953773
1283.3559782220716	0.4969600216084018	trials	210513SL	p29	Z11111	125	4.0	0.0	8	1283.5059782220717	1283.70293824368
1283.7862982692816	0.5369600259969047	trials	210513SL	p29	Z11111	9	8.0	0.0	4	1283.9362982692817	1284.1732582952784
1287.5388186809673	0.5069600227056981	trials	210513SL	p29	Z11111	268	12.0	45.0	12	1287.6888186809674	1287.895778703673
1287.9890987303675	0.527000024904055	trials	210513SL	p29	Z11111	355	9.0	315.0	12	1288.1390987303676	1288.3660987552714
1288.4594187819657	0.5270000249042823	trials	210513SL	p29	Z11111	302	1.0	180.0	12	1288.6094187819658	1288.83641880687
1288.8896988291715	0.527000024904055	trials	210513SL	p29	Z11111	344	13.0	270.0	12	1289.0396988291716	1289.2666988540755
1289.3600588807742	0.5269600248998358	trials	210513SL	p29	Z11111	126	5.0	0.0	8	1289.5100588807743	1289.737018905674
1289.810338930174	0.5269600248998358	trials	210513SL	p29	Z11111	270	14.0	45.0	12	1289.9603389301742	1290.1872989550739
1290.2806589817724	0.5269600248998358	trials	210513SL	p29	Z11111	148	12.0	45.0	8	1290.4306589817725	1290.6576190066721
1293.8330593715034	0.5069600227054707	trials	210513SL	p29	Z11111	83	7.0	225.0	4	1293.9830593715035	1294.1900193942088
1294.2733394198062	0.49696002160817443	trials	210513SL	p29	Z11111	92	1.0	270.0	4	1294.4233394198063	1294.6202994414143
1294.6736194637206	0.5369600259969047	trials	210513SL	p29	Z11111	345	14.0	270.0	12	1294.8236194637207	1295.0605794897174
1295.1439395153188	0.5269600248998358	trials	210513SL	p29	Z11111	117	11.0	315.0	4	1295.293939515319	1295.5208995402186
1297.8457398117312	0.5069600227056981	trials	210513SL	p29	Z11111	159	8.0	90.0	8	1297.9957398117313	1298.2026998344368
1298.2860598600382	0.5069600227056981	trials	210513SL	p29	Z11111	347	1.0	315.0	12	1298.4360598600383	1298.6430198827438
1302.488860321124	0.5169600238025396	trials	210513SL	p29	Z11111	52	6.0	135.0	4	1302.6388603211242	1302.8558203449265
1302.9391803705282	0.5269600248998358	trials	210513SL	p29	Z11111	204	8.0	225.0	8	1303.0891803705283	1303.316140395428
1303.4095004221267	0.5269600248998358	trials	210513SL	p29	Z11111	324	8.0	225.0	12	1303.5595004221268	1303.7864604470265
1303.879820473725	0.5269600248998358	trials	210513SL	p29	Z11111	230	4.0	315.0	8	1304.029820473725	1304.2567804986247
1304.3401005242222	0.5370000260011238	trials	210513SL	p29	Z11111	29	13.0	45.0	4	1304.4901005242223	1304.7271005502232
1304.8104205758204	0.5370000260013512	trials	210513SL	p29	Z11111	252	11.0	0.0	12	1304.9604205758205	1305.1974206018217
1305.280740627419	0.4969600216084018	trials	210513SL	p29	Z11111	340	9.0	270.0	12	1305.430740627419	1305.6277006490272
1309.103341046793	0.5069600227056981	trials	210513SL	p29	Z11111	77	1.0	225.0	4	1309.2533410467931	1309.4603010694987
1309.5436210950961	0.5370000260011238	trials	210513SL	p29	Z11111	183	2.0	180.0	8	1309.6936210950962	1309.9306211210971
1310.0139411466944	0.5269600248998358	trials	210513SL	p29	Z11111	199	3.0	225.0	8	1310.1639411466945	1310.3909011715941
1310.4842611982926	0.5269600248998358	trials	210513SL	p29	Z11111	249	8.0	0.0	12	1310.6342611982927	1310.8612212231924
1310.944581248794	0.5369600259971321	trials	210513SL	p29	Z11111	62	1.0	180.0	4	1311.0945812487942	1311.331541274791
1311.384861297097	0.4969600216086292	trials	210513SL	p29	Z11111	97	6.0	270.0	4	1311.534861297097	1311.7318213187054
1311.8151413443024	0.5370000260013512	trials	210513SL	p29	Z11111	350	4.0	315.0	12	1311.9651413443025	1312.2021413703037
1315.6177017614782	0.516960023802767	trials	210513SL	p29	Z11111	227	1.0	315.0	8	1315.7677017614783	1315.9846617852809
1316.0480218086882	0.5369600259969047	trials	210513SL	p29	Z11111	232	6.0	315.0	8	1316.1980218086883	1316.434981834685
1316.5183018602825	0.4969600216084018	trials	210513SL	p29	Z11111	187	6.0	180.0	8	1316.6683018602826	1316.8652618818908
1316.9185819041968	0.4969600216086292	trials	210513SL	p29	Z11111	328	12.0	225.0	12	1317.068581904197	1317.2655419258053
1317.3589019525039	0.5269600248998358	trials	210513SL	p29	Z11111	155	4.0	90.0	8	1317.508901952504	1317.7358619774036
1317.8191820030008	0.5370000260013512	trials	210513SL	p29	Z11111	116	10.0	315.0	4	1317.969182003001	1318.206182029002
1318.2595020513081	0.5269600248996085	trials	210513SL	p29	Z11111	42	11.0	90.0	4	1318.4095020513082	1318.6364620762076
1322.1921424827547	0.5069600227056981	trials	210513SL	p29	Z11111	191	10.0	180.0	8	1322.3421424827548	1322.5491025054603
1322.6424225321546	0.4969600216084018	trials	210513SL	p29	Z11111	255	14.0	0.0	12	1322.7924225321547	1322.9893825537629
1323.0727425793646	0.4969200216041827	trials	210513SL	p29	Z11111	186	5.0	180.0	8	1323.2227425793646	1323.4196626009686
1323.4729826232747	0.5370000260011238	trials	210513SL	p29	Z11111	282	11.0	90.0	12	1323.6229826232748	1323.8599826492757
1323.9233026726788	0.5069600227056981	trials	210513SL	p29	Z11111	264	8.0	45.0	12	1324.073302672679	1324.2802626953844
1324.3635827209814	0.5270000249042823	trials	210513SL	p29	Z11111	189	8.0	180.0	8	1324.5135827209815	1324.7405827458856
1324.7939027681916	0.5369600259966774	trials	210513SL	p29	Z11111	78	2.0	225.0	4	1324.9439027681917	1325.1808627941882
1328.5163831765817	0.5069600227056981	trials	210513SL	p29	Z11111	144	8.0	45.0	8	1328.6663831765818	1328.8733431992873
1328.9667032259863	0.5269600248996085	trials	210513SL	p29	Z11111	196	0.0	225.0	8	1329.1167032259864	1329.3436632508858
1331.3983434927593	0.5069600227056981	trials	210513SL	p29	Z11111	94	3.0	270.0	4	1331.5483434927594	1331.755303515465
1331.8386235410621	0.4969600216084018	trials	210513SL	p29	Z11111	160	9.0	90.0	8	1331.9886235410622	1332.1855835626704
1332.2689435882721	0.5369600259969047	trials	210513SL	p29	Z11111	31	0.0	90.0	4	1332.4189435882722	1332.655903614269
1332.7392236398662	0.4969600216084018	trials	210513SL	p29	Z11111	228	2.0	315.0	8	1332.8892236398663	1333.0861836614745
1333.1595036859746	0.527000024904055	trials	210513SL	p29	Z11111	203	7.0	225.0	8	1333.3095036859747	1333.5365037108786
1333.599823734282	0.5269600248998358	trials	210513SL	p29	Z11111	334	3.0	270.0	12	1333.749823734282	1333.9767837591817
1334.050143783686	0.5269600248998358	trials	210513SL	p29	Z11111	100	9.0	270.0	4	1334.2001437836861	1334.4271038085858
1337.7025841843924	0.5069600227054707	trials	210513SL	p29	Z11111	131	10.0	0.0	8	1337.8525841843925	1338.0595442070978
1338.142864232695	0.5270000249042823	trials	210513SL	p29	Z11111	153	2.0	90.0	8	1338.2928642326951	1338.5198642575992
1338.6131842842935	0.5269600248996085	trials	210513SL	p29	Z11111	167	1.0	135.0	8	1338.7631842842936	1338.990144309193
1339.0835043358918	0.5269600248998358	trials	210513SL	p29	Z11111	15	14.0	0.0	4	1339.233504335892	1339.4604643607915
1339.5438243863932	0.5369600259969047	trials	210513SL	p29	Z11111	331	0.0	270.0	12	1339.6938243863933	1339.93078441239
1340.0141444379915	0.5369600259969047	trials	210513SL	p29	Z11111	251	10.0	0.0	12	1340.1641444379916	1340.4011044639883
1340.4844644895902	0.5269600248996085	trials	210513SL	p29	Z11111	309	8.0	180.0	12	1340.6344644895903	1340.8614245144897
1344.457104925425	0.5069600227056981	trials	210513SL	p29	Z11111	337	6.0	270.0	12	1344.6071049254251	1344.8140649481306
1344.8673849704367	0.527000024904055	trials	210513SL	p29	Z11111	207	11.0	225.0	8	1345.0173849704368	1345.2443849953406
1345.2977050176466	0.5369600259969047	trials	210513SL	p29	Z11111	2	1.0	0.0	4	1345.4477050176467	1345.6846650436435
1345.7680250692451	0.4969200216039553	trials	210513SL	p29	Z11111	107	1.0	315.0	4	1345.9180250692452	1346.114945090849
1346.2083051175478	0.5269600248998358	trials	210513SL	p29	Z11111	327	11.0	225.0	12	1346.3583051175478	1346.5852651424475
1346.6686251680492	0.5369600259966774	trials	210513SL	p29	Z11111	91	0.0	270.0	4	1346.8186251680493	1347.0555851940458
1347.108905216352	0.5269600248998358	trials	210513SL	p29	Z11111	213	2.0	270.0	8	1347.258905216352	1347.4858652412518
1352.952865857488	0.5069200227010242	trials	210513SL	p29	Z11111	313	12.0	180.0	12	1353.102865857488	1353.3097858801889
1353.3931459057908	0.5369600259969047	trials	210513SL	p29	Z11111	43	12.0	90.0	4	1353.5431459057909	1353.7801059317876
1353.8334259540934	0.5270000249042823	trials	210513SL	p29	Z11111	266	10.0	45.0	12	1353.9834259540935	1354.2104259789976
1356.7153862702708	0.5069600227056981	trials	210513SL	p29	Z11111	169	3.0	135.0	8	1356.8653862702708	1357.0723462929764
1357.1256663152824	0.4969600216084018	trials	210513SL	p29	Z11111	174	8.0	135.0	8	1357.2756663152825	1357.4726263368907
1357.5259063591925	0.5370000260013512	trials	210513SL	p29	Z11111	241	0.0	0.0	12	1357.6759063591926	1357.9129063851938
1357.9962264107908	0.5270000249042823	trials	210513SL	p29	Z11111	141	5.0	45.0	8	1358.1462264107909	1358.373226435695
1358.4665464623893	0.527000024904055	trials	210513SL	p29	Z11111	113	7.0	315.0	4	1358.6165464623894	1358.8435464872932
1358.9368665139878	0.4969600216084018	trials	210513SL	p29	Z11111	51	5.0	135.0	4	1359.0868665139878	1359.283826535596
1359.3671465611933	0.5270000249042823	trials	210513SL	p29	Z11111	323	7.0	225.0	12	1359.5171465611934	1359.7441465860975
1363.1397069750778	0.5069600227056981	trials	210513SL	p29	Z11111	108	2.0	315.0	4	1363.289706975078	1363.4966669977834
1363.5499870200892	0.4969600216086292	trials	210513SL	p29	Z11111	276	5.0	90.0	12	1363.6999870200893	1363.8969470416978
1363.9502670640036	0.5269600248998358	trials	210513SL	p29	Z11111	346	0.0	315.0	12	1364.1002670640037	1364.3272270889033
1364.4005471134035	0.5269600248998358	trials	210513SL	p29	Z11111	137	1.0	45.0	8	1364.5505471134036	1364.7775071383032
1364.8408671617108	0.5269600248996085	trials	210513SL	p29	Z11111	216	5.0	270.0	8	1364.9908671617109	1365.2178271866103
1365.3011472122075	0.5370000260013512	trials	210513SL	p29	Z11111	132	11.0	0.0	8	1365.4511472122076	1365.6881472382088
1365.7414672605146	0.5269600248998358	trials	210513SL	p29	Z11111	329	13.0	225.0	12	1365.8914672605147	1366.1184272854143
1369.4339476656137	0.4969600216086292	trials	210513SL	p29	Z11111	128	7.0	0.0	8	1369.5839476656138	1369.7809076872222
1369.8742277139163	0.5269600248998358	trials	210513SL	p29	Z11111	146	10.0	45.0	8	1370.0242277139164	1370.251187738816
1370.334547764418	0.5369600259966774	trials	210513SL	p29	Z11111	311	10.0	180.0	12	1370.484547764418	1370.7215077904145
1370.8048678160162	0.5369600259969047	trials	210513SL	p29	Z11111	11	10.0	0.0	4	1370.9548678160163	1371.191827842013
1371.2751878676145	0.4969600216086292	trials	210513SL	p29	Z11111	341	10.0	270.0	12	1371.4251878676146	1371.622147889223
1373.836908148659	0.5069600227054707	trials	210513SL	p29	Z11111	245	4.0	0.0	12	1373.986908148659	1374.1938681713643
1374.2571881947674	0.5269600248998358	trials	210513SL	p29	Z11111	288	2.0	135.0	12	1374.4071881947675	1374.6341482196672
1374.7175082452686	0.5369600259969047	trials	210513SL	p29	Z11111	39	8.0	90.0	4	1374.8675082452687	1375.1044682712654
1375.187828296867	0.4969200216039553	trials	210513SL	p29	Z11111	297	11.0	135.0	12	1375.3378282968672	1375.534748318471
1375.62810834517	0.5269600248998358	trials	210513SL	p29	Z11111	3	2.0	0.0	4	1375.77810834517	1376.0050683700697
1376.0583883923755	0.5270000249042823	trials	210513SL	p29	Z11111	353	7.0	315.0	12	1376.2083883923756	1376.4353884172797
1376.4987084406825	0.5269600248998358	trials	210513SL	p29	Z11111	149	13.0	45.0	8	1376.6487084406826	1376.8756684655823
1379.9610288205308	0.5069600227056981	trials	210513SL	p29	Z11111	217	6.0	270.0	8	1380.111028820531	1380.3179888432364
1380.4113488699352	0.4969200216039553	trials	210513SL	p29	Z11111	37	6.0	90.0	4	1380.5613488699353	1380.758268891539
1380.841628917141	0.5269600248998358	trials	210513SL	p29	Z11111	236	10.0	315.0	8	1380.991628917141	1381.2185889420407
1381.2719089643465	0.5369600259969047	trials	210513SL	p29	Z11111	339	8.0	270.0	12	1381.4219089643466	1381.6588689903433
1381.7422290159448	0.4969600216086292	trials	210513SL	p29	Z11111	114	8.0	315.0	4	1381.8922290159448	1382.0891890375533
1382.1625090620537	0.5269600248996085	trials	210513SL	p29	Z11111	301	0.0	180.0	12	1382.3125090620538	1382.5394690869532
1382.6027891103563	0.5270000249042823	trials	210513SL	p29	Z11111	274	3.0	90.0	12	1382.7527891103564	1382.9797891352605
1386.1852295033827	0.5069600227056981	trials	210513SL	p29	Z11111	261	5.0	45.0	12	1386.3352295033828	1386.5421895260884
1386.6255095516856	0.5370000260011238	trials	210513SL	p29	Z11111	147	11.0	45.0	8	1386.7755095516857	1387.0125095776866
1387.095829603284	0.5269600248996085	trials	210513SL	p29	Z11111	115	9.0	315.0	4	1387.2458296032842	1387.4727896281836
1387.5661496548823	0.5269600248998358	trials	210513SL	p29	Z11111	99	8.0	270.0	4	1387.7161496548824	1387.943109679782
1388.0164697042867	0.5269600248996085	trials	210513SL	p29	Z11111	74	13.0	180.0	4	1388.1664697042868	1388.3934297291862
1388.4667497536866	0.5370000260013512	trials	210513SL	p29	Z11111	281	10.0	90.0	12	1388.6167497536867	1388.8537497796879
1388.9170698030907	0.5369600259969047	trials	210513SL	p29	Z11111	296	10.0	135.0	12	1389.0670698030908	1389.3040298290875
1392.5395102005054	0.5069600227056981	trials	210513SL	p29	Z11111	242	1.0	0.0	12	1392.6895102005055	1392.896470223211
1392.9797902488085	0.5369600259966774	trials	210513SL	p29	Z11111	342	11.0	270.0	12	1393.1297902488086	1393.366750274805
1393.4501103004068	0.5369600259969047	trials	210513SL	p29	Z11111	243	2.0	0.0	12	1393.6001103004069	1393.8370703264036
1393.9204303520053	0.5269600248996085	trials	210513SL	p29	Z11111	352	6.0	315.0	12	1394.0704303520054	1394.2973903769048
1394.3707104014052	0.5370000260013512	trials	210513SL	p29	Z11111	47	1.0	135.0	4	1394.5207104014053	1394.7577104274064
1394.8410304530034	0.5270000249042823	trials	210513SL	p29	Z11111	267	11.0	45.0	12	1394.9910304530035	1395.2180304779076
1395.311350504602	0.4969600216084018	trials	210513SL	p29	Z11111	143	7.0	45.0	8	1395.461350504602	1395.6583105262102
1398.8937508976242	0.5069600227054707	trials	210513SL	p29	Z11111	82	6.0	225.0	4	1399.0437508976242	1399.2507109203295
1399.3040309426356	0.5370000260013512	trials	210513SL	p29	Z11111	172	6.0	135.0	8	1399.4540309426357	1399.6910309686368
1399.774350994234	0.527000024904055	trials	210513SL	p29	Z11111	225	14.0	270.0	8	1399.9243509942341	1400.151351019138
1400.2446710458323	0.5270000249042823	trials	210513SL	p29	Z11111	179	13.0	135.0	8	1400.3946710458324	1400.6216710707365
1400.6749910930425	0.4969200216039553	trials	210513SL	p29	Z11111	56	10.0	135.0	4	1400.8249910930426	1401.0219111146464
1401.1152711413451	0.5269600248998358	trials	210513SL	p29	Z11111	0			0	1401.2652711413452	1401.492231166245
1401.565551190745	0.4969600216084018	trials	210513SL	p29	Z11111	306	5.0	180.0	12	1401.7155511907451	1401.9125112123534
1405.1980315892615	0.5069600227056981	trials	210513SL	p29	Z11111	312	11.0	180.0	12	1405.3480315892616	1405.5549916119671
1405.6483116386612	0.5269600248998358	trials	210513SL	p29	Z11111	66	5.0	180.0	4	1405.7983116386613	1406.025271663561
1406.1086316891626	0.5369600259969047	trials	210513SL	p29	Z11111	253	12.0	0.0	12	1406.2586316891627	1406.4955917151594
1406.578951740761	0.5369600259969047	trials	210513SL	p29	Z11111	166	0.0	135.0	8	1406.7289517407612	1406.965911766758
1407.0492717923594	0.5269600248998358	trials	210513SL	p29	Z11111	12	11.0	0.0	4	1407.1992717923595	1407.4262318172591
1407.4995518417593	0.5370000260011238	trials	210513SL	p29	Z11111	283	12.0	90.0	12	1407.6495518417594	1407.8865518677603
1407.9498718911636	0.4969600216084018	trials	210513SL	p29	Z11111	175	9.0	135.0	8	1408.0998718911637	1408.296831912772
1411.6923923017523	0.5069600227056981	trials	210513SL	p29	Z11111	304	3.0	180.0	12	1411.8423923017524	1412.049352324458
1412.102672346764	0.5269600248996085	trials	210513SL	p29	Z11111	293	7.0	135.0	12	1412.252672346764	1412.4796323716635
1412.5729923983622	0.5269600248998358	trials	210513SL	p29	Z11111	14	13.0	0.0	4	1412.7229923983623	1412.949952423262
1413.0332724488592	0.4969600216084018	trials	210513SL	p29	Z11111	59	13.0	135.0	4	1413.1832724488593	1413.3802324704675
1413.4735924971662	0.5269600249000632	trials	210513SL	p29	Z11111	64	3.0	180.0	4	1413.6235924971663	1413.8505525220662
1413.903872544372	0.5370000260013512	trials	210513SL	p29	Z11111	18	2.0	45.0	4	1414.053872544372	1414.2908725703733
1414.3741925959703	0.4969600216086292	trials	210513SL	p29	Z11111	76	0.0	225.0	4	1414.5241925959704	1414.7211526175788
1417.8565529780171	0.5069600227056981	trials	210513SL	p29	Z11111	171	5.0	135.0	8	1418.0065529780172	1418.2135130007227
1418.3068330274173	0.5269600248996085	trials	210513SL	p29	Z11111	161	10.0	90.0	8	1418.4568330274174	1418.6837930523168
1420.8185133029715	0.5069600227054707	trials	210513SL	p29	Z11111	351	5.0	315.0	12	1420.9685133029716	1421.1754733256769
1421.23879334908	0.5270000249042823	trials	210513SL	p29	Z11111	68	7.0	180.0	4	1421.38879334908	1421.6157933739842
1421.6991133995814	0.5370000260011238	trials	210513SL	p29	Z11111	111	5.0	315.0	4	1421.8491133995815	1422.0861134255824
1424.5009937069733	0.5069600227054707	trials	210513SL	p29	Z11111	145	9.0	45.0	8	1424.6509937069734	1424.8579537296787
1424.9413137552804	0.5369600259971321	trials	210513SL	p29	Z11111	19	3.0	45.0	4	1425.0913137552805	1425.3282737812774
1425.4116338068789	0.4969600216086292	trials	210513SL	p29	Z11111	317	1.0	225.0	12	1425.561633806879	1425.7585938284874
1425.8519138551815	0.5269600248998358	trials	210513SL	p29	Z11111	0			0	1426.0019138551816	1426.2288738800812
1426.2821939023875	0.527000024904055	trials	210513SL	p29	Z11111	263	7.0	45.0	12	1426.4321939023876	1426.6591939272914
1426.7525139539857	0.5270000249042823	trials	210513SL	p29	Z11111	154	3.0	90.0	8	1426.9025139539858	1427.12951397889
1427.222834005584	0.5270000249042823	trials	210513SL	p29	Z11111	158	7.0	90.0	8	1427.372834005584	1427.5998340304882
1430.775234395315	0.5069600227054707	trials	210513SL	p29	Z11111	23	7.0	45.0	4	1430.925234395315	1431.1321944180204
1431.2155144436178	0.5370000260011238	trials	210513SL	p29	Z11111	8	7.0	0.0	4	1431.365514443618	1431.6025144696189
1431.655834491925	0.5269600248998358	trials	210513SL	p29	Z11111	336	5.0	270.0	12	1431.805834491925	1432.0327945168247
1432.116154542426	0.5369600259969047	trials	210513SL	p29	Z11111	330	14.0	225.0	12	1432.2661545424262	1432.503114568423
1432.5864345940204	0.5370000260013512	trials	210513SL	p29	Z11111	335	4.0	270.0	12	1432.7364345940205	1432.9734346200216
1433.0567546456186	0.5270000249042823	trials	210513SL	p29	Z11111	316	0.0	225.0	12	1433.2067546456187	1433.4337546705228
1433.5270746972171	0.527000024904055	trials	210513SL	p29	Z11111	348	2.0	315.0	12	1433.6770746972172	1433.904074722121
1437.2295951034175	0.5069600227056981	trials	210513SL	p29	Z11111	229	3.0	315.0	8	1437.3795951034176	1437.5865551261231
1437.6698751517201	0.5369600259969047	trials	210513SL	p29	Z11111	180	14.0	135.0	8	1437.8198751517202	1438.056835177717
1438.1101552000232	0.5270000249038276	trials	210513SL	p29	Z11111	181	0.0	180.0	8	1438.2601552000233	1438.487155224927
1438.5704752505244	0.5370000260013512	trials	210513SL	p29	Z11111	72	11.0	180.0	4	1438.7204752505245	1438.9574752765257
1439.010755298827	0.5270000249042823	trials	210513SL	p29	Z11111	208	12.0	225.0	8	1439.160755298827	1439.3877553237312
1439.4610753482314	0.5269600248998358	trials	210513SL	p29	Z11111	343	12.0	270.0	12	1439.6110753482315	1439.838035373131
1439.9013953965386	0.5269600248996085	trials	210513SL	p29	Z11111	176	10.0	135.0	8	1440.0513953965387	1440.2783554214382
1443.463755787362	0.5069600227056981	trials	210513SL	p29	Z11111	165	14.0	90.0	8	1443.6137557873622	1443.8207158100677
1443.8740358323735	0.5069600227056981	trials	210513SL	p29	Z11111	214	3.0	270.0	8	1444.0240358323736	1444.230995855079
1444.3143558806808	0.5269600248996085	trials	210513SL	p29	Z11111	244	3.0	0.0	12	1444.4643558806808	1444.6913159055803
1444.7846759322792	0.5269600248996085	trials	210513SL	p29	Z11111	231	5.0	315.0	8	1444.9346759322793	1445.1616359571788
1445.234955981679	0.5270000249042823	trials	210513SL	p29	Z11111	30	14.0	45.0	4	1445.384955981679	1445.6119560065831
1445.6952760321801	0.5369600259971321	trials	210513SL	p29	Z11111	275	4.0	90.0	12	1445.8452760321802	1446.0822360581772
1446.1655960837788	0.4969600216084018	trials	210513SL	p29	Z11111	150	14.0	45.0	8	1446.315596083779	1446.5125561053871
1449.7379964757038	0.5069600227056981	trials	210513SL	p29	Z11111	69	8.0	180.0	4	1449.8879964757039	1450.0949564984094
1450.1782765240066	0.5370000260011238	trials	210513SL	p29	Z11111	318	2.0	225.0	12	1450.3282765240067	1450.5652765500076
1450.6185965723137	0.5269600248998358	trials	210513SL	p29	Z11111	120	14.0	315.0	4	1450.7685965723138	1450.9955565972134
1451.0889166239122	0.5269600248998358	trials	210513SL	p29	Z11111	211	0.0	270.0	8	1451.2389166239122	1451.465876648812
1451.5492366744134	0.5369600259969047	trials	210513SL	p29	Z11111	46	0.0	135.0	4	1451.6992366744134	1451.9361967004102
1452.0195167260076	0.5370000260011238	trials	210513SL	p29	Z11111	273	2.0	90.0	12	1452.1695167260077	1452.4065167520087
1452.4598367743147	0.5269600248998358	trials	210513SL	p29	Z11111	34	3.0	90.0	4	1452.6098367743148	1452.8367967992144
1456.122277176118	0.5069600227054707	trials	210513SL	p29	Z11111	278	7.0	90.0	12	1456.272277176118	1456.4792371988233
1456.5525972233281	0.4969600216084018	trials	210513SL	p29	Z11111	238	12.0	315.0	8	1456.7025972233282	1456.8995572449364
1456.9928772716307	0.5269600248998358	trials	210513SL	p29	Z11111	129	8.0	0.0	8	1457.1428772716308	1457.3698372965305
1460.0249176042735	0.5069600227054707	trials	210513SL	p29	Z11111	152	1.0	90.0	8	1460.1749176042736	1460.3818776269788
1460.455197651479	0.5270000249042823	trials	210513SL	p29	Z11111	90	14.0	225.0	4	1460.605197651479	1460.8321976763832
1460.9155177019802	0.5069600227056981	trials	210513SL	p29	Z11111	240	14.0	315.0	8	1461.0655177019803	1461.2724777246858
1461.3558377502875	0.5269600248996085	trials	210513SL	p29	Z11111	193	12.0	180.0	8	1461.5058377502876	1461.732797775187
1461.8261178018815	0.527000024904055	trials	210513SL	p29	Z11111	284	13.0	90.0	12	1461.9761178018816	1462.2031178267855
1462.2864378523827	0.5370000260013512	trials	210513SL	p29	Z11111	184	3.0	180.0	8	1462.4364378523828	1462.673437878384
1462.7567579039812	0.5370000260011238	trials	210513SL	p29	Z11111	4	3.0	0.0	4	1462.9067579039813	1463.1437579299823
1466.5293183178658	0.5069600227054707	trials	210513SL	p29	Z11111	35	4.0	90.0	4	1466.6793183178659	1466.8862783405712
1466.9695983661684	0.5069600227056981	trials	210513SL	p29	Z11111	151	0.0	90.0	8	1467.1195983661685	1467.326558388874
1467.4098784144712	0.527000024904055	trials	210513SL	p29	Z11111	57	11.0	135.0	4	1467.5598784144713	1467.7868784393752
1467.8801984660695	0.5270000249042823	trials	210513SL	p29	Z11111	314	13.0	180.0	12	1468.0301984660696	1468.2571984909737
1468.3105185132797	0.4969200216039553	trials	210513SL	p29	Z11111	197	1.0	225.0	8	1468.4605185132798	1468.6574385348836
1468.7507985615825	0.5269600248998358	trials	210513SL	p29	Z11111	84	8.0	225.0	4	1468.9007985615826	1469.1277585864823
1469.2111186120837	0.5369600259969047	trials	210513SL	p29	Z11111	48	2.0	135.0	4	1469.3611186120838	1469.5980786380806
1472.933599020474	0.5069600227054707	trials	210513SL	p29	Z11111	271	0.0	90.0	12	1473.0835990204741	1473.2905590431794
1473.363919067684	0.4969200216041827	trials	210513SL	p29	Z11111	210	14.0	225.0	8	1473.5139190676841	1473.7108390892881
1473.8041991159866	0.5269600248998358	trials	210513SL	p29	Z11111	319	3.0	225.0	12	1473.9541991159867	1474.1811591408864
1474.264519166488	0.4969600216084018	trials	210513SL	p29	Z11111	104	13.0	270.0	4	1474.4145191664882	1474.6114791880964
1474.6647592103982	0.5370000260013512	trials	210513SL	p29	Z11111	248	7.0	0.0	12	1474.8147592103983	1475.0517592363994
1475.1350792619965	0.4969600216086292	trials	210513SL	p29	Z11111	75	14.0	180.0	4	1475.2850792619965	1475.482039283605
1475.5553593081052	0.527000024904055	trials	210513SL	p29	Z11111	206	10.0	225.0	8	1475.7053593081052	1475.9323593330091
1479.1377997011318	0.5069600227054707	trials	210513SL	p29	Z11111	185	4.0	180.0	8	1479.287799701132	1479.4947597238372
1479.5880797505315	0.5270000249042823	trials	210513SL	p29	Z11111	188	7.0	180.0	8	1479.7380797505316	1479.9650797754357
1480.0183997977415	0.4969200216041827	trials	210513SL	p29	Z11111	226	0.0	315.0	8	1480.1683997977416	1480.3653198193456
1480.4586798460443	0.5269600248996085	trials	210513SL	p29	Z11111	60	14.0	135.0	4	1480.6086798460444	1480.8356398709439
1480.9089598954442	0.527000024904055	trials	210513SL	p29	Z11111	139	3.0	45.0	8	1481.0589598954443	1481.2859599203482
1481.3692799459454	0.5370000260013512	trials	210513SL	p29	Z11111	162	11.0	90.0	8	1481.5192799459455	1481.7562799719467
1481.8295999964466	0.5269600248998358	trials	210513SL	p29	Z11111	215	4.0	270.0	8	1481.9795999964467	1482.2065600213464
1485.9423604476544	0.5069600227054707	trials	210513SL	p29	Z11111	96	5.0	270.0	4	1486.0923604476545	1486.2993204703598
1486.3926804970586	0.5269600248998358	trials	210513SL	p29	Z11111	136	0.0	45.0	8	1486.5426804970587	1486.7696405219583
1486.8229605442643	0.5370000260011238	trials	210513SL	p29	Z11111	224	13.0	270.0	8	1486.9729605442644	1487.2099605702654
1487.2932805958626	0.4969600216086292	trials	210513SL	p29	Z11111	299	13.0	135.0	12	1487.4432805958627	1487.6402406174711
1487.7335606441654	0.527000024904055	trials	210513SL	p29	Z11111	177	11.0	135.0	8	1487.8835606441655	1488.1105606690694
1488.1938806946669	0.49696002160817443	trials	210513SL	p29	Z11111	247	6.0	0.0	12	1488.343880694667	1488.540840716275
1488.6141607407753	0.5370000260013512	trials	210513SL	p29	Z11111	45	14.0	90.0	4	1488.7641607407754	1489.0011607667766
1492.1665611305061	0.5069600227056981	trials	210513SL	p29	Z11111	28	12.0	45.0	4	1492.3165611305062	1492.5235211532117
1492.5868411766146	0.5269600248998358	trials	210513SL	p29	Z11111	20	4.0	45.0	4	1492.7368411766147	1492.9638012015143
1493.0471612271162	0.5269600248996085	trials	210513SL	p29	Z11111	223	12.0	270.0	8	1493.1971612271163	1493.4241212520158
1493.5174812787145	0.4969200216041827	trials	210513SL	p29	Z11111	41	10.0	90.0	4	1493.6674812787146	1493.8644013003186
1493.937761324823	0.5269600248998358	trials	210513SL	p29	Z11111	87	11.0	225.0	4	1494.087761324823	1494.3147213497227
1494.39804137532	0.5069600227054707	trials	210513SL	p29	Z11111	110	4.0	315.0	4	1494.54804137532	1494.7550013980253
1494.818361421433	0.5369600259966774	trials	210513SL	p29	Z11111	10	9.0	0.0	4	1494.9683614214332	1495.2053214474297
1498.470801822139	0.5069600227056981	trials	210513SL	p29	Z11111	260	4.0	45.0	12	1498.6208018221391	1498.8277618448446
1498.9211218715434	0.5269600248996085	trials	210513SL	p29	Z11111	133	12.0	0.0	8	1499.0711218715435	1499.298081896443
1499.3514019187492	0.4969600216086292	trials	210513SL	p29	Z11111	24	8.0	45.0	4	1499.5014019187493	1499.6983619403577
1502.0031622096715	0.5069600227054707	trials	210513SL	p29	Z11111	138	2.0	45.0	8	1502.1531622096716	1502.3601222323769
1502.4434822579785	0.5369600259971321	trials	210513SL	p29	Z11111	257	1.0	45.0	12	1502.5934822579786	1502.8304422839756
1502.913802309577	0.5369600259969047	trials	210513SL	p29	Z11111	235	9.0	315.0	8	1503.063802309577	1503.3007623355738
1503.3841223611753	0.5269600248998358	trials	210513SL	p29	Z11111	290	4.0	135.0	12	1503.5341223611754	1503.761082386075
1503.854442412774	0.5269600248996085	trials	210513SL	p29	Z11111	44	13.0	90.0	4	1504.004442412774	1504.2314024376735
1504.3047224621737	0.5270000249042823	trials	210513SL	p29	Z11111	121	0.0	0.0	8	1504.4547224621738	1504.6817224870779
1504.7350425093837	0.5369600259969047	trials	210513SL	p29	Z11111	98	7.0	270.0	4	1504.8850425093838	1505.1220025353805
1508.5375629265552	0.5069600227054707	trials	210513SL	p29	Z11111	5	4.0	0.0	4	1508.6875629265553	1508.8945229492606
1508.9878829759593	0.5269600248998358	trials	210513SL	p29	Z11111	53	7.0	135.0	4	1509.1378829759594	1509.364843000859
1509.4582030275578	0.5269600248998358	trials	210513SL	p29	Z11111	170	4.0	135.0	8	1509.608203027558	1509.8351630524576
1509.918523078059	0.5369600259969047	trials	210513SL	p29	Z11111	36	5.0	90.0	4	1510.0685230780591	1510.3054831040558
1510.3888431296575	0.5369600259966774	trials	210513SL	p29	Z11111	73	12.0	180.0	4	1510.5388431296576	1510.775803155654
1510.859163181256	0.4969200216041827	trials	210513SL	p29	Z11111	280	9.0	90.0	12	1511.009163181256	1511.20608320286
1511.27940322736	0.5270000249042823	trials	210513SL	p29	Z11111	6	5.0	0.0	4	1511.4294032273601	1511.6564032522642
1514.951883630265	0.5069600227054707	trials	210513SL	p29	Z11111	17	1.0	45.0	4	1515.101883630265	1515.3088436529704
1515.3621636752764	0.5270000249042823	trials	210513SL	p29	Z11111	118	12.0	315.0	4	1515.5121636752765	1515.7391637001806
1515.8224837257776	0.5369600259969047	trials	210513SL	p29	Z11111	200	4.0	225.0	8	1515.9724837257777	1516.2094437517744
1516.292803777376	0.4969600216084018	trials	210513SL	p29	Z11111	13	12.0	0.0	4	1516.4428037773762	1516.6397637989844
1516.7130838234848	0.5269600248998358	trials	210513SL	p29	Z11111	112	6.0	315.0	4	1516.8630838234849	1517.0900438483845
1517.1433638706903	0.5370000260013512	trials	210513SL	p29	Z11111	349	3.0	315.0	12	1517.2933638706904	1517.5303638966916
1517.6136839222886	0.5370000260013512	trials	210513SL	p29	Z11111	332	1.0	270.0	12	1517.7636839222887	1518.0006839482899
1521.2060843164081	0.5070000227096898	trials	210513SL	p29	Z11111	246	5.0	0.0	12	1521.3560843164082	1521.5630843391177
1521.616404361424	0.5269600248998358	trials	210513SL	p29	Z11111	79	3.0	225.0	4	1521.766404361424	1521.9933643863237
1522.0666844108237	0.5269600248998358	trials	210513SL	p29	Z11111	287	1.0	135.0	12	1522.2166844108237	1522.4436444357234
1522.5370044624221	0.5269600248998358	trials	210513SL	p29	Z11111	54	8.0	135.0	4	1522.6870044624222	1522.913964487322
1522.967284509628	0.5269600248996085	trials	210513SL	p29	Z11111	237	11.0	315.0	8	1523.117284509628	1523.3442445345274
1523.407604557935	0.5269600248998358	trials	210513SL	p29	Z11111	142	6.0	45.0	8	1523.557604557935	1523.7845645828347
1523.8678846084317	0.5370000260013512	trials	210513SL	p29	Z11111	178	12.0	135.0	8	1524.0178846084318	1524.254884634433
1527.490325005847	0.5069600227056981	trials	210513SL	p29	Z11111	163	12.0	90.0	8	1527.640325005847	1527.8472850285525
1527.9006050508583	0.5370000260013512	trials	210513SL	p29	Z11111	221	10.0	270.0	8	1528.0506050508584	1528.2876050768596
1528.3709251024566	0.5269600248998358	trials	210513SL	p29	Z11111	303	2.0	180.0	12	1528.5209251024567	1528.7478851273563
1528.8412451540553	0.5269600248996085	trials	210513SL	p29	Z11111	289	3.0	135.0	12	1528.9912451540554	1529.2182051789548
1529.3115652056536	0.5269600248998358	trials	210513SL	p29	Z11111	95	4.0	270.0	4	1529.4615652056536	1529.6885252305533
1529.771885256155	0.4969600216084018	trials	210513SL	p29	Z11111	315	14.0	180.0	12	1529.921885256155	1530.1188452777633
1530.2121653044576	0.5269600248998358	trials	210513SL	p29	Z11111	109	3.0	315.0	4	1530.3621653044577	1530.5891253293573
1533.7745656952857	0.5069600227054707	trials	210513SL	p29	Z11111	307	6.0	180.0	12	1533.9245656952858	1534.131525717991
1534.1948457413941	0.5269600248998358	trials	210513SL	p29	Z11111	61	0.0	180.0	4	1534.3448457413942	1534.571805766294
1534.6551657918953	0.4969600216086292	trials	210513SL	p29	Z11111	22	6.0	45.0	4	1534.8051657918954	1535.0021258135039
1535.0954458401984	0.5270000249038276	trials	210513SL	p29	Z11111	259	3.0	45.0	12	1535.2454458401985	1535.4724458651021
1535.5257658874084	0.5369600259969047	trials	210513SL	p29	Z11111	122	1.0	0.0	8	1535.6757658874085	1535.9127259134052
1535.9960459390024	0.527000024904055	trials	210513SL	p29	Z11111	219	8.0	270.0	8	1536.1460459390025	1536.3730459639064
1536.466365990601	0.527000024904055	trials	210513SL	p29	Z11111	205	9.0	225.0	8	1536.616365990601	1536.843366015505
1540.0888063880157	0.5069600227056981	trials	210513SL	p29	Z11111	55	9.0	135.0	4	1540.2388063880157	1540.4457664107213
1540.5291264363227	0.5269600248998358	trials	210513SL	p29	Z11111	106	0.0	315.0	4	1540.6791264363228	1540.9060864612225
1540.9794064857226	0.527000024904055	trials	210513SL	p29	Z11111	298	12.0	135.0	12	1541.1294064857227	1541.3564065106266
1541.449726537321	0.5270000249042823	trials	210513SL	p29	Z11111	272	1.0	90.0	12	1541.5997265373212	1541.8267265622253
1541.9000465867252	0.5269600248998358	trials	210513SL	p29	Z11111	265	9.0	45.0	12	1542.0500465867253	1542.277006611625
1542.370366638324	0.4969600216084018	trials	210513SL	p29	Z11111	254	13.0	0.0	12	1542.520366638324	1542.7173266599323
1542.8006466855295	0.4969600216084018	trials	210513SL	p29	Z11111	67	6.0	180.0	4	1542.9506466855296	1543.1476067071378
1547.0535271521094	0.516960023802767	trials	210513SL	p29	Z11111	325	9.0	225.0	12	1547.2035271521095	1547.420487175912
1547.5038072015093	0.4969600216084018	trials	210513SL	p29	Z11111	16	0.0	45.0	4	1547.6538072015094	1547.8507672231176
1547.924087247618	0.5269600248996085	trials	210513SL	p29	Z11111	338	7.0	270.0	12	1548.074087247618	1548.3010472725175
1548.3844072981192	0.5069600227056981	trials	210513SL	p29	Z11111	198	2.0	225.0	8	1548.5344072981193	1548.7413673208248
1548.8046873442277	0.5369600259969047	trials	210513SL	p29	Z11111	209	13.0	225.0	8	1548.9546873442278	1549.1916473702245
1549.255007393632	0.5369600259966774	trials	210513SL	p29	Z11111	93	2.0	270.0	4	1549.405007393632	1549.6419674196286
1549.715287444129	0.527000024904055	trials	210513SL	p29	Z11111	222	11.0	270.0	8	1549.865287444129	1550.092287469033
1553.918127905219	0.5069600227052433	trials	210513SL	p29	Z11111	101	10.0	270.0	4	1554.0681279052192	1554.2750879279242
1554.3584079535217	0.5370000260013512	trials	210513SL	p29	Z11111	212	1.0	270.0	8	1554.5084079535218	1554.745407979523
1554.82872800512	0.4969600216086292	trials	210513SL	p29	Z11111	190	9.0	180.0	8	1554.97872800512	1555.1756880267285
1555.2490080512284	0.5270000249042823	trials	210513SL	p29	Z11111	333	2.0	270.0	12	1555.3990080512285	1555.6260080761326
1555.7193281028271	0.5270000249038276	trials	210513SL	p29	Z11111	354	8.0	315.0	12	1555.8693281028272	1556.0963281277309
1556.1496481500371	0.4969200216041827	trials	210513SL	p29	Z11111	50	4.0	135.0	4	1556.2996481500372	1556.4965681716412
1556.5699281961456	0.5269600248998358	trials	210513SL	p29	Z11111	234	8.0	315.0	8	1556.7199281961457	1556.9468882210454
1560.2423685990461	0.5069600227056981	trials	210513SL	p29	Z11111	86	10.0	225.0	4	1560.3923685990462	1560.5993286217517
1560.6826886473532	0.4969600216086292	trials	210513SL	p29	Z11111	58	12.0	135.0	4	1560.8326886473533	1561.0296486689617
1561.1029686934617	0.5269600248998358	trials	210513SL	p29	Z11111	201	5.0	225.0	8	1561.2529686934618	1561.4799287183614
1561.5332487406672	0.5370000260013512	trials	210513SL	p29	Z11111	123	2.0	0.0	8	1561.6832487406673	1561.9202487666685
1562.003568792266	0.4969600216086292	trials	210513SL	p29	Z11111	70	9.0	180.0	4	1562.153568792266	1562.3505288138745
1562.4238488383744	0.4969600216086292	trials	210513SL	p29	Z11111	250	9.0	0.0	12	1562.5738488383745	1562.770808859983
1562.85412888558	0.5370000260013512	trials	210513SL	p29	Z11111	295	9.0	135.0	12	1563.00412888558	1563.2411289115812
1566.5566492917806	0.5069600227056981	trials	210513SL	p29	Z11111	33	2.0	90.0	4	1566.7066492917806	1566.9136093144862
1567.0069293411802	0.5270000249042823	trials	210513SL	p29	Z11111	103	12.0	270.0	4	1567.1569293411803	1567.3839293660844
1567.477249392779	0.5269600248998358	trials	210513SL	p29	Z11111	49	3.0	135.0	4	1567.627249392779	1567.8542094176787
1567.9375694432802	0.5369600259969047	trials	210513SL	p29	Z11111	102	11.0	270.0	4	1568.0875694432802	1568.324529469277
1568.4078894948784	0.5269600248998358	trials	210513SL	p29	Z11111	220	9.0	270.0	8	1568.5578894948785	1568.7848495197782
1568.8782095464771	0.49696002160817443	trials	210513SL	p29	Z11111	197	1.0	225.0	8	1569.0282095464772	1569.2251695680852
1571.2898098110513	0.5069600227056981	trials	210513SL	p29	Z11111	60	14.0	135.0	4	1571.4398098110514	1571.646769833757
1571.740129860456	0.5269600248998358	trials	210513SL	p29	Z11111	73	12.0	180.0	4	1571.890129860456	1572.1170898853557
1572.200449910957	0.5069600227056981	trials	210513SL	p29	Z11111	275	4.0	90.0	12	1572.3504499109572	1572.5574099336627
1572.6207299570656	0.4969600216086292	trials	210513SL	p29	Z11111	99	8.0	270.0	4	1572.7707299570657	1572.9676899786741
1573.0410100031745	0.5269600248998358	trials	210513SL	p29	Z11111	92	1.0	270.0	4	1573.1910100031746	1573.4179700280743
1573.5113300547728	0.5269600248998358	trials	210513SL	p29	Z11111	151	0.0	90.0	8	1573.6613300547729	1573.8882900796725
1573.981650106371	0.5269600248998358	trials	210513SL	p29	Z11111	284	13.0	90.0	12	1574.1316501063711	1574.3586101312708
1577.6340905070774	0.5069600227056981	trials	210513SL	p29	Z11111	243	2.0	0.0	12	1577.7840905070775	1577.991050529783
1578.0443705520888	0.5269600248998358	trials	210513SL	p29	Z11111	187	6.0	180.0	8	1578.194370552089	1578.4213305769886
1578.514690603687	0.5269600248998358	trials	210513SL	p29	Z11111	93	2.0	270.0	4	1578.6646906036872	1578.8916506285868
1578.9750106541887	0.5369600259969047	trials	210513SL	p29	Z11111	351	5.0	315.0	12	1579.1250106541888	1579.3619706801856
1579.4452907057826	0.5370000260013512	trials	210513SL	p29	Z11111	306	5.0	180.0	12	1579.5952907057826	1579.8322907317838
1579.9156507573857	0.5269600248993811	trials	210513SL	p29	Z11111	150	14.0	45.0	8	1580.0656507573858	1580.292610782285
1580.3459308045908	0.5369600259973595	trials	210513SL	p29	Z11111	193	12.0	180.0	8	1580.495930804591	1580.732890830588
1584.0183712074913	0.5069600227056981	trials	210513SL	p29	Z11111	20	4.0	45.0	4	1584.1683712074914	1584.375331230197
1584.4386912536042	0.5269600248998358	trials	210513SL	p29	Z11111	41	10.0	90.0	4	1584.5886912536043	1584.815651278504
1584.8989713041015	0.49696002160817443	trials	210513SL	p29	Z11111	249	8.0	0.0	12	1585.0489713041015	1585.2459313257095
1585.3292913513114	0.5369600259969047	trials	210513SL	p29	Z11111	91	0.0	270.0	4	1585.4792913513115	1585.7162513773083
1585.7995714029057	0.5370000260008965	trials	210513SL	p29	Z11111	143	7.0	45.0	8	1585.9495714029058	1586.1865714289065
1586.2498914523098	0.5370000260013512	trials	210513SL	p29	Z11111	169	3.0	135.0	8	1586.39989145231	1586.636891478311
1586.720211503908	0.5369600259969047	trials	210513SL	p29	Z11111	167	1.0	135.0	8	1586.8702115039082	1587.107171529905
1590.4927319177882	0.5069600227056981	trials	210513SL	p29	Z11111	207	11.0	225.0	8	1590.6427319177883	1590.8496919404938
1590.9330519660953	0.5069600227056981	trials	210513SL	p29	Z11111	63	2.0	180.0	4	1591.0830519660954	1591.2900119888009
1593.4047322372612	0.5069200227012516	trials	210513SL	p29	Z11111	189	8.0	180.0	8	1593.5547322372613	1593.7616522599624
1593.8149722822686	0.5270000249038276	trials	210513SL	p29	Z11111	159	8.0	90.0	8	1593.9649722822687	1594.1919723071724
1594.285292333867	0.5269600248998358	trials	210513SL	p29	Z11111	180	14.0	135.0	8	1594.435292333867	1594.6622523587666
1594.745612384368	0.5369600259969047	trials	210513SL	p29	Z11111	344	13.0	270.0	12	1594.8956123843682	1595.132572410365
1595.2059324348693	0.5269600248998358	trials	210513SL	p29	Z11111	128	7.0	0.0	8	1595.3559324348694	1595.582892459769
1595.6362124820753	0.5269600248998358	trials	210513SL	p29	Z11111	109	3.0	315.0	4	1595.7862124820754	1596.013172506975
1596.0664925292808	0.5370000260013512	trials	210513SL	p29	Z11111	296	10.0	135.0	12	1596.216492529281	1596.453492555282
1599.7289729310887	0.5069600227052433	trials	210513SL	p29	Z11111	50	4.0	135.0	4	1599.8789729310888	1600.0859329537939
1600.1692529793913	0.5270000249038276	trials	210513SL	p29	Z11111	71	10.0	180.0	4	1600.3192529793914	1600.546253004295
1600.6395730309896	0.5269600248998358	trials	210513SL	p29	Z11111	250	9.0	0.0	12	1600.7895730309897	1601.0165330558893
1601.1098930825879	0.5269600248998358	trials	210513SL	p29	Z11111	309	8.0	180.0	12	1601.259893082588	1601.4868531074876
1601.5401731297939	0.49696002160817443	trials	210513SL	p29	Z11111	260	4.0	45.0	12	1601.690173129794	1601.887133151402
1601.9704931770038	0.5369600259969047	trials	210513SL	p29	Z11111	7	6.0	0.0	4	1602.120493177004	1602.3574532030007
1602.440813228602	0.5369600259969047	trials	210513SL	p29	Z11111	297	11.0	135.0	12	1602.5908132286022	1602.827773254599
1606.0132136205275	0.5069600227052433	trials	210513SL	p29	Z11111	125	4.0	0.0	8	1606.1632136205276	1606.3701736432326
1606.4234536655345	0.5270000249042823	trials	210513SL	p29	Z11111	127	6.0	0.0	8	1606.5734536655345	1606.8004536904386
1606.8937737171327	0.5270000249042823	trials	210513SL	p29	Z11111	200	4.0	225.0	8	1607.0437737171328	1607.270773742037
1607.364093768731	0.5270000249042823	trials	210513SL	p29	Z11111	346	0.0	315.0	12	1607.514093768731	1607.7410937936352
1607.8244138192322	0.5370000260013512	trials	210513SL	p29	Z11111	244	3.0	0.0	12	1607.9744138192323	1608.2114138452334
1608.2847338697338	0.4969600216086292	trials	210513SL	p29	Z11111	146	10.0	45.0	8	1608.434733869734	1608.6316938913424
1608.6950139147452	0.5369600259969047	trials	210513SL	p29	Z11111	178	12.0	135.0	8	1608.8450139147453	1609.081973940742
1614.1886945174524	0.5069600227056981	trials	210513SL	p29	Z11111	95	4.0	270.0	4	1614.3386945174525	1614.545654540158
1614.6390145668565	0.5269600248998358	trials	210513SL	p29	Z11111	142	6.0	45.0	8	1614.7890145668566	1615.0159745917563
1615.1093346184553	0.4969200216041827	trials	210513SL	p29	Z11111	280	9.0	90.0	12	1615.2593346184553	1615.4562546400593
1615.5396146656608	0.4969600216086292	trials	210513SL	p29	Z11111	211	0.0	270.0	8	1615.6896146656609	1615.8865746872693
1615.9698947128663	0.5370000260013512	trials	210513SL	p29	Z11111	261	5.0	45.0	12	1616.1198947128664	1616.3568947388676
1616.4102147611734	0.5269600248998358	trials	210513SL	p29	Z11111	48	2.0	135.0	4	1616.5602147611735	1616.7871747860731
1616.8404948083794	0.53696002599645	trials	210513SL	p29	Z11111	29	13.0	45.0	4	1616.9904948083795	1617.2274548343757
1620.532975213478	0.5069600227056981	trials	210513SL	p29	Z11111	238	12.0	315.0	8	1620.6829752134781	1620.8899352361836
1620.9532552595865	0.5369600259969047	trials	210513SL	p29	Z11111	158	7.0	90.0	8	1621.1032552595866	1621.3402152855833
1621.4235753111852	0.5369600259969047	trials	210513SL	p29	Z11111	68	7.0	180.0	4	1621.5735753111853	1621.810535337182
1621.8938953627835	0.5269600248998358	trials	210513SL	p29	Z11111	213	2.0	270.0	8	1622.0438953627836	1622.2708553876832
1622.3642154143818	0.5269600249002906	trials	210513SL	p29	Z11111	289	3.0	135.0	12	1622.5142154143819	1622.741175439282
1622.8345354659805	0.5269600248998358	trials	210513SL	p29	Z11111	76	0.0	225.0	4	1622.9845354659806	1623.2114954908802
1623.2948155164772	0.5069600227056981	trials	210513SL	p29	Z11111	33	2.0	90.0	4	1623.4448155164773	1623.6517755391828
1626.9672959193822	0.5069600227056981	trials	210513SL	p29	Z11111	195	14.0	180.0	8	1627.1172959193823	1627.3242559420878
1627.4176159687863	0.5269600248998358	trials	210513SL	p29	Z11111	177	11.0	135.0	8	1627.5676159687864	1627.794575993686
1627.877896019283	0.5069600227056981	trials	210513SL	p29	Z11111	136	0.0	45.0	8	1628.0278960192832	1628.2348560419887
1628.3182160675906	0.5269600248998358	trials	210513SL	p29	Z11111	69	8.0	180.0	4	1628.4682160675907	1628.6951760924903
1628.7685361169947	0.5269600248998358	trials	210513SL	p29	Z11111	117	11.0	315.0	4	1628.9185361169948	1629.1454961418945
1629.2188161663944	0.5269600248998358	trials	210513SL	p29	Z11111	294	8.0	135.0	12	1629.3688161663945	1629.5957761912941
1629.6891362179927	0.5269600248998358	trials	210513SL	p29	Z11111	255	14.0	0.0	12	1629.8391362179927	1630.0660962428924
1633.4616566318728	0.5069600227056981	trials	210513SL	p29	Z11111	171	5.0	135.0	8	1633.6116566318728	1633.8186166545784
1633.9019766801803	0.4969600216086292	trials	210513SL	p29	Z11111	44	13.0	90.0	4	1634.0519766801804	1634.2489367017888
1634.3322567273858	0.5370000260013512	trials	210513SL	p29	Z11111	183	2.0	180.0	8	1634.482256727386	1634.719256753387
1634.7725767756929	0.4969200216041827	trials	210513SL	p29	Z11111	10	9.0	0.0	4	1634.922576775693	1635.119496797297
1635.1928568218018	0.5269600248993811	trials	210513SL	p29	Z11111	245	4.0	0.0	12	1635.342856821802	1635.569816846701
1637.3742970611256	0.5069600227052433	trials	210513SL	p29	Z11111	9	8.0	0.0	4	1637.5242970611257	1637.7312570838308
1637.8146171094327	0.5369600259969047	trials	210513SL	p29	Z11111	89	13.0	225.0	4	1637.9646171094328	1638.2015771354295
1638.284937161031	0.5269600248998358	trials	210513SL	p29	Z11111	347	1.0	315.0	12	1638.434937161031	1638.6618971859307
1638.715217208237	0.53696002599645	trials	210513SL	p29	Z11111	164	13.0	90.0	8	1638.865217208237	1639.1021772342333
1639.1755372587381	0.5269600248998358	trials	210513SL	p29	Z11111	176	10.0	135.0	8	1639.3255372587382	1639.5524972836379
1639.6058173059437	0.5269600248998358	trials	210513SL	p29	Z11111	25	9.0	45.0	4	1639.7558173059438	1639.9827773308434
1640.0560973553434	0.5270000249042823	trials	210513SL	p29	Z11111	343	12.0	270.0	12	1640.2060973553434	1640.4330973802475
1643.6385377483703	0.516960023802767	trials	210513SL	p29	Z11111	3	2.0	0.0	4	1643.7885377483703	1644.005497772173
1644.08881779777	0.5270000249042823	trials	210513SL	p29	Z11111	42	11.0	90.0	4	1644.23881779777	1644.4658178226741
1644.5591378493687	0.5270000249038276	trials	210513SL	p29	Z11111	110	4.0	315.0	4	1644.7091378493687	1644.9361378742724
1644.9894178965742	0.5370000260008965	trials	210513SL	p29	Z11111	305	4.0	180.0	12	1645.1394178965743	1645.376417922575
1645.4597379481725	0.5270000249042823	trials	210513SL	p29	Z11111	282	11.0	90.0	12	1645.6097379481726	1645.8367379730767
1645.9100579975766	0.4969600216086292	trials	210513SL	p29	Z11111	74	13.0	180.0	4	1646.0600579975767	1646.2570180191851
1646.3503380458792	0.5270000249042823	trials	210513SL	p29	Z11111	323	7.0	225.0	12	1646.5003380458793	1646.7273380707834
1650.0528584520798	0.5069600227056981	trials	210513SL	p29	Z11111	338	7.0	270.0	12	1650.20285845208	1650.4098184747854
1650.4931385003829	0.49696002160817443	trials	210513SL	p29	Z11111	316	0.0	225.0	12	1650.643138500383	1650.840098521991
1650.9334185486855	0.4969600216086292	trials	210513SL	p29	Z11111	360	14.0	315.0	12	1651.0834185486856	1651.280378570294
1651.3637385958955	0.5269600248998358	trials	210513SL	p29	Z11111	105	14.0	270.0	4	1651.5137385958956	1651.7406986207952
1651.8140186452952	0.5270000249042823	trials	210513SL	p29	Z11111	119	13.0	315.0	4	1651.9640186452953	1652.1910186701994
1652.2843386968934	0.5269600249002906	trials	210513SL	p29	Z11111	254	13.0	0.0	12	1652.4343386968935	1652.6612987217936
1652.734658746298	0.5269600248998358	trials	210513SL	p29	Z11111	307	6.0	180.0	12	1652.884658746298	1653.1116187711978
1656.307059138223	0.5069600227056981	trials	210513SL	p29	Z11111	194	13.0	180.0	8	1656.457059138223	1656.6640191609285
1656.747339186526	0.49696002160817443	trials	210513SL	p29	Z11111	19	3.0	45.0	4	1656.897339186526	1657.094299208134
1657.187659234833	0.5269600248998358	trials	210513SL	p29	Z11111	219	8.0	270.0	8	1657.3376592348332	1657.5646192597328
1657.6479392853298	0.5370000260013512	trials	210513SL	p29	Z11111	191	10.0	180.0	8	1657.79793928533	1658.034939311331
1658.118259336928	0.5370000260013512	trials	210513SL	p29	Z11111	248	7.0	0.0	12	1658.2682593369282	1658.5052593629293
1658.5585793852356	0.5269600248998358	trials	210513SL	p29	Z11111	85	9.0	225.0	4	1658.7085793852357	1658.9355394101353
1659.0188594357323	0.5370000260013512	trials	210513SL	p29	Z11111	87	11.0	225.0	4	1659.1688594357324	1659.4058594617336
1662.7113798408354	0.5069600227056981	trials	210513SL	p29	Z11111	350	4.0	315.0	12	1662.8613798408355	1663.068339863541
1663.1516598891385	0.5369600259969047	trials	210513SL	p29	Z11111	140	4.0	45.0	8	1663.3016598891386	1663.5386199151353
1663.6219799407368	0.5269600248998358	trials	210513SL	p29	Z11111	259	3.0	45.0	12	1663.7719799407369	1663.9989399656365
1664.0922999923355	0.5269600248993811	trials	210513SL	p29	Z11111	111	5.0	315.0	4	1664.2422999923356	1664.4692600172348
1664.5626200439337	0.5269600248998358	trials	210513SL	p29	Z11111	173	7.0	135.0	8	1664.7126200439338	1664.9395800688335
1664.9929000911393	0.5269600248998358	trials	210513SL	p29	Z11111	353	7.0	315.0	12	1665.1429000911394	1665.369860116039
1665.463220142738	0.5269600248993811	trials	210513SL	p29	Z11111	358	12.0	315.0	12	1665.613220142738	1665.8401801676373
1669.1857005511279	0.5270000249042823	trials	210513SL	p29	Z11111	264	8.0	45.0	12	1669.335700551128	1669.562700576032
1669.646020601629	0.4969600216090839	trials	210513SL	p29	Z11111	32	1.0	90.0	4	1669.7960206016292	1669.992980623238
1670.0763406488395	0.5369600259969047	trials	210513SL	p29	Z11111	0			0	1670.2263406488396	1670.4633006748363
1670.5466207004333	0.5270000249042823	trials	210513SL	p29	Z11111	217	6.0	270.0	8	1670.6966207004334	1670.9236207253375
1671.0169807520365	0.5269600248993811	trials	210513SL	p29	Z11111	295	9.0	135.0	12	1671.1669807520366	1671.3939407769358
1671.4872608036303	0.5270000249042823	trials	210513SL	p29	Z11111	288	2.0	135.0	12	1671.6372608036304	1671.8642608285345
1671.9475808541315	0.5369600259969047	trials	210513SL	p29	Z11111	241	0.0	0.0	12	1672.0975808541316	1672.3345408801283
1675.6701012625263	0.5069600227056981	trials	210513SL	p29	Z11111	157	6.0	90.0	8	1675.8201012625264	1676.0270612852319
1676.1103813108289	0.5370000260013512	trials	210513SL	p29	Z11111	322	6.0	225.0	12	1676.260381310829	1676.4973813368301
1676.5807013624271	0.5369600259969047	trials	210513SL	p29	Z11111	53	7.0	135.0	4	1676.7307013624272	1676.967661388424
1677.0510214140259	0.5269600248998358	trials	210513SL	p29	Z11111	14	13.0	0.0	4	1677.201021414026	1677.4279814389256
1677.5213414656241	0.4969600216086292	trials	210513SL	p29	Z11111	273	2.0	90.0	12	1677.6713414656242	1677.8683014872327
1677.9216215095385	0.5269600248998358	trials	210513SL	p29	Z11111	8	7.0	0.0	4	1678.0716215095385	1678.2985815344382
1678.3719015589386	0.4969600216086292	trials	210513SL	p29	Z11111	135	14.0	0.0	8	1678.5219015589387	1678.7188615805471
1681.9743419541592	0.516960023802767	trials	210513SL	p29	Z11111	308	7.0	180.0	12	1682.1243419541593	1682.3413019779618
1682.4246220035589	0.5270000249042823	trials	210513SL	p29	Z11111	214	3.0	270.0	8	1682.574622003559	1682.801622028463
1685.2165023098537	0.5069600227056981	trials	210513SL	p29	Z11111	339	8.0	270.0	12	1685.3665023098538	1685.5734623325593
1685.6668223592578	0.4969600216086292	trials	210513SL	p29	Z11111	252	11.0	0.0	12	1685.816822359258	1686.0137823808664
1686.0971024064638	0.5370000260013512	trials	210513SL	p29	Z11111	27	11.0	45.0	4	1686.247102406464	1686.484102432465
1686.567422458062	0.5269600248998358	trials	210513SL	p29	Z11111	45	14.0	90.0	4	1686.7174224580622	1686.9443824829618
1687.0377425096608	0.5269600248993811	trials	210513SL	p29	Z11111	258	2.0	45.0	12	1687.187742509661	1687.41470253456
1687.508062561259	0.5269600248998358	trials	210513SL	p29	Z11111	334	3.0	270.0	12	1687.6580625612592	1687.8850225861588
1687.9383426084646	0.4969600216086292	trials	210513SL	p29	Z11111	83	7.0	225.0	4	1688.0883426084647	1688.2853026300731
1691.8809830410082	0.5069600227061528	trials	210513SL	p29	Z11111	149	13.0	45.0	8	1692.0309830410083	1692.2379430637143
1692.3213030893157	0.4969600216086292	trials	210513SL	p29	Z11111	311	10.0	180.0	12	1692.4713030893158	1692.6682631109243
1692.7515831365213	0.5370000260013512	trials	210513SL	p29	Z11111	155	4.0	90.0	8	1692.9015831365214	1693.1385831625225
1693.1919031848283	0.5269600248998358	trials	210513SL	p29	Z11111	61	0.0	180.0	4	1693.3419031848284	1693.568863209728
1693.6621832364226	0.5270000249042823	trials	210513SL	p29	Z11111	201	5.0	225.0	8	1693.8121832364227	1694.0391832613268
1694.0925032836326	0.5369600259969047	trials	210513SL	p29	Z11111	47	1.0	135.0	4	1694.2425032836327	1694.4794633096294
1694.5627833352264	0.5270000249042823	trials	210513SL	p29	Z11111	46	0.0	135.0	4	1694.7127833352265	1694.9397833601306
1698.0651837194719	0.5069200227012516	trials	210513SL	p29	Z11111	271	0.0	90.0	12	1698.215183719472	1698.422103742173
1698.515463768872	0.5269600248998358	trials	210513SL	p29	Z11111	165	14.0	90.0	8	1698.665463768872	1698.8924237937717
1698.9757838193732	0.5369600259969047	trials	210513SL	p29	Z11111	246	5.0	0.0	12	1699.1257838193733	1699.36274384537
1699.446103870972	0.5269600248993811	trials	210513SL	p29	Z11111	126	5.0	0.0	8	1699.596103870972	1699.8230638958712
1699.9164239225702	0.5269600248993811	trials	210513SL	p29	Z11111	79	3.0	225.0	4	1700.0664239225703	1700.2933839474695
1700.3467039697757	0.4969600216086292	trials	210513SL	p29	Z11111	43	12.0	90.0	4	1700.4967039697758	1700.6936639913843
1700.7869840180783	0.5270000249042823	trials	210513SL	p29	Z11111	318	2.0	225.0	12	1700.9369840180784	1701.1639840429825
1704.3393844078096	0.5069600227052433	trials	210513SL	p29	Z11111	81	5.0	225.0	4	1704.4893844078097	1704.6963444305147
1704.7797044561166	0.5369600259969047	trials	210513SL	p29	Z11111	209	13.0	225.0	8	1704.9297044561167	1705.1666644821134
1705.2499845077105	0.5270000249042823	trials	210513SL	p29	Z11111	270	14.0	45.0	12	1705.3999845077105	1705.6269845326146
1705.7203045593087	0.5270000249042823	trials	210513SL	p29	Z11111	38	7.0	90.0	4	1705.8703045593088	1706.097304584213
1706.1906246109074	0.5270000249038276	trials	210513SL	p29	Z11111	224	13.0	270.0	8	1706.3406246109075	1706.5676246358112
1706.6509446614086	0.5369600259969047	trials	210513SL	p29	Z11111	54	8.0	135.0	4	1706.8009446614087	1707.0379046874054
1707.1212647130073	0.53696002599645	trials	210513SL	p29	Z11111	156	5.0	90.0	8	1707.2712647130074	1707.5082247390037
1711.4641851894653	0.5069600227052433	trials	210513SL	p29	Z11111	196	0.0	225.0	8	1711.6141851894654	1711.8211452121704
1711.8944652366708	0.5269600248998358	trials	210513SL	p29	Z11111	37	6.0	90.0	4	1712.044465236671	1712.2714252615706
1712.3547852871725	0.5369600259969047	trials	210513SL	p29	Z11111	175	9.0	135.0	8	1712.5047852871726	1712.7417453131693
1712.8251053387708	0.5369600259969047	trials	210513SL	p29	Z11111	277	6.0	90.0	12	1712.9751053387708	1713.2120653647676
1713.295425390369	0.5269600248998358	trials	210513SL	p29	Z11111	103	12.0	270.0	4	1713.445425390369	1713.6723854152688
1713.7657454419677	0.5269600248993811	trials	210513SL	p29	Z11111	101	10.0	270.0	4	1713.9157454419678	1714.142705466867
1714.2260254924645	0.5370000260008965	trials	210513SL	p29	Z11111	203	7.0	225.0	8	1714.3760254924646	1714.6130255184653
1718.138665921717	0.5069600227056981	trials	210513SL	p29	Z11111	263	7.0	45.0	12	1718.288665921717	1718.4956259444225
1718.578985970024	0.5369600259969047	trials	210513SL	p29	Z11111	123	2.0	0.0	8	1718.728985970024	1718.9659459960208
1719.0493060216227	0.5269600248998358	trials	210513SL	p29	Z11111	86	10.0	225.0	4	1719.1993060216228	1719.4262660465224
1719.519626073221	0.5269600248998358	trials	210513SL	p29	Z11111	328	12.0	225.0	12	1719.669626073221	1719.8965860981207
1719.9499061204265	0.5269600248998358	trials	210513SL	p29	Z11111	240	14.0	315.0	8	1720.0999061204266	1720.3268661453262
1720.4202261720252	0.5269600248993811	trials	210513SL	p29	Z11111	281	10.0	90.0	12	1720.5702261720253	1720.7971861969245
1720.8505062192307	0.5369600259969047	trials	210513SL	p29	Z11111	97	6.0	270.0	4	1721.0005062192308	1721.2374662452276
1724.4529466144513	0.5069200227012516	trials	210513SL	p29	Z11111	80	4.0	225.0	4	1724.6029466144514	1724.8098666371525
1724.903226663851	0.4969600216086292	trials	210513SL	p29	Z11111	129	8.0	0.0	8	1725.053226663851	1725.2501866854595
1725.3035067077658	0.5269600248993811	trials	210513SL	p29	Z11111	26	10.0	45.0	4	1725.4535067077659	1725.680466732665
1725.7337867549713	0.5370000260013512	trials	210513SL	p29	Z11111	161	10.0	90.0	8	1725.8837867549714	1726.1207867809726
1726.2041068065696	0.5369600259969047	trials	210513SL	p29	Z11111	321	5.0	225.0	12	1726.3541068065697	1726.5910668325664
1726.6744268581683	0.5269600248998358	trials	210513SL	p29	Z11111	115	9.0	315.0	4	1726.8244268581684	1727.051386883068
1729.1861071337225	0.5069600227056981	trials	210513SL	p29	Z11111	226	0.0	315.0	8	1729.3361071337226	1729.5430671564282
1729.6364271831267	0.5269600248998358	trials	210513SL	p29	Z11111	98	7.0	270.0	4	1729.7864271831268	1730.0133872080264
1730.106747234725	0.5269600248998358	trials	210513SL	p29	Z11111	231	5.0	315.0	8	1730.256747234725	1730.4837072596247
1730.5670272852221	0.5370000260013512	trials	210513SL	p29	Z11111	319	3.0	225.0	12	1730.7170272852222	1730.9540273112234
1731.0373473368204	0.5370000260013512	trials	210513SL	p29	Z11111	184	3.0	180.0	8	1731.1873473368205	1731.4243473628217
1731.5076673884191	0.5270000249038276	trials	210513SL	p29	Z11111	287	1.0	135.0	12	1731.6576673884192	1731.8846674133229
1731.9779874400174	0.5269600248998358	trials	210513SL	p29	Z11111	336	5.0	270.0	12	1732.1279874400175	1732.3549474649171
1735.6104278385292	0.5069600227056981	trials	210513SL	p29	Z11111	349	3.0	315.0	12	1735.7604278385293	1735.9673878612348
1736.0607478879338	0.5269600248998358	trials	210513SL	p29	Z11111	210	14.0	225.0	8	1736.2107478879338	1736.4377079128335
1736.521067938435	0.5369600259969047	trials	210513SL	p29	Z11111	205	9.0	225.0	8	1736.671067938435	1736.9080279644318
1736.9613479867376	0.4969600216086292	trials	210513SL	p29	Z11111	138	2.0	45.0	8	1737.1113479867377	1737.308308008346
1737.3916280339436	0.5370000260008965	trials	210513SL	p29	Z11111	278	7.0	90.0	12	1737.5416280339437	1737.7786280599444
1737.8619480855418	0.5269600248998358	trials	210513SL	p29	Z11111	34	3.0	90.0	4	1738.011948085542	1738.2389081104416
1738.33226813714	0.4969600216086292	trials	210513SL	p29	Z11111	102	11.0	270.0	4	1738.4822681371402	1738.6792281587486
1741.8546285235757	0.5069600227052433	trials	210513SL	p29	Z11111	114	8.0	315.0	4	1742.0046285235758	1742.2115885462808
1742.2949485718827	0.49696002160817443	trials	210513SL	p29	Z11111	49	3.0	135.0	4	1742.4449485718828	1742.6419085934908
1742.6951886157926	0.5270000249042823	trials	210513SL	p29	Z11111	235	9.0	315.0	8	1742.8451886157927	1743.0721886406968
1748.4390692459488	0.5069600227056981	trials	210513SL	p29	Z11111	352	6.0	315.0	12	1748.5890692459488	1748.7960292686544
1748.8493492909602	0.5369600259969047	trials	210513SL	p29	Z11111	131	10.0	0.0	8	1748.9993492909603	1749.236309316957
1749.3196693425589	0.4969600216086292	trials	210513SL	p29	Z11111	268	12.0	45.0	12	1749.469669342559	1749.6666293641674
1749.7499493897644	0.5370000260013512	trials	210513SL	p29	Z11111	325	9.0	225.0	12	1749.8999493897645	1750.1369494157657
1750.1902694380715	0.5269600248998358	trials	210513SL	p29	Z11111	121	0.0	0.0	8	1750.3402694380716	1750.5672294629712
1752.8920697344838	0.5069600227056981	trials	210513SL	p29	Z11111	22	6.0	45.0	4	1753.042069734484	1753.2490297571894
1753.3323497827864	0.5370000260013512	trials	210513SL	p29	Z11111	107	1.0	315.0	4	1753.4823497827865	1753.7193498087877
1753.772669831094	0.5269600248998358	trials	210513SL	p29	Z11111	304	3.0	180.0	12	1753.922669831094	1754.1496298559937
1754.222989880498	0.5269600248998358	trials	210513SL	p29	Z11111	166	0.0	135.0	8	1754.3729898804982	1754.5999499053978
1754.6532699277036	0.4969200216041827	trials	210513SL	p29	Z11111	269	13.0	45.0	12	1754.8032699277037	1755.0001899493077
1755.0935499760067	0.5269600248993811	trials	210513SL	p29	Z11111	315	14.0	180.0	12	1755.2435499760068	1755.470510000906
1755.5438700254108	0.5269600248993811	trials	210513SL	p29	Z11111	251	10.0	0.0	12	1755.693870025411	1755.92083005031
1759.146270420627	0.5069600227056981	trials	210513SL	p29	Z11111	312	11.0	180.0	12	1759.296270420627	1759.5032304433325
1759.586590468934	0.5369600259969047	trials	210513SL	p29	Z11111	94	3.0	270.0	4	1759.736590468934	1759.9735504949308
1760.0569105205327	0.5269600248998358	trials	210513SL	p29	Z11111	223	12.0	270.0	8	1760.2069105205328	1760.4338705454325
1760.527230572131	0.5269600248998358	trials	210513SL	p29	Z11111	23	7.0	45.0	4	1760.677230572131	1760.9041905970307
1760.9575106193365	0.4969600216086292	trials	210513SL	p29	Z11111	168	2.0	135.0	8	1761.1075106193366	1761.304470640945
1761.3777906654454	0.5269600248993811	trials	210513SL	p29	Z11111	186	5.0	180.0	8	1761.5277906654455	1761.7547506903447
1761.8481107170437	0.5269600248998358	trials	210513SL	p29	Z11111	326	10.0	225.0	12	1761.9981107170438	1762.2250707419435
1765.7007111397093	0.5069600227056981	trials	210513SL	p29	Z11111	70	9.0	180.0	4	1765.8507111397093	1766.0576711624149
1766.1109911847207	0.5269600248998358	trials	210513SL	p29	Z11111	172	6.0	135.0	8	1766.2609911847208	1766.4879512096204
1766.5812712363145	0.5270000249042823	trials	210513SL	p29	Z11111	90	14.0	225.0	4	1766.7312712363146	1766.9582712612187
1767.011591283525	0.5369600259969047	trials	210513SL	p29	Z11111	354	8.0	315.0	12	1767.161591283525	1767.3985513095217
1767.4819113351232	0.5269600248998358	trials	210513SL	p29	Z11111	345	14.0	270.0	12	1767.6319113351233	1767.858871360023
1767.952191386717	0.4969600216086292	trials	210513SL	p29	Z11111	141	5.0	45.0	8	1768.102191386717	1768.2991514083255
1768.37251143283	0.5269600248998358	trials	210513SL	p29	Z11111	2	1.0	0.0	4	1768.52251143283	1768.7494714577297
1771.9749118280465	0.5069600227056981	trials	210513SL	p29	Z11111	36	5.0	90.0	4	1772.1249118280466	1772.3318718507521
1772.4151918763491	0.4969600216086292	trials	210513SL	p29	Z11111	228	2.0	315.0	8	1772.5651918763492	1772.7621518979577
1772.8555119246566	0.5269600248998358	trials	210513SL	p29	Z11111	274	3.0	90.0	12	1773.0055119246567	1773.2324719495564
1773.3158319751578	0.5369600259969047	trials	210513SL	p29	Z11111	64	3.0	180.0	4	1773.465831975158	1773.7027920011546
1773.786152026756	0.5369600259969047	trials	210513SL	p29	Z11111	13	12.0	0.0	4	1773.9361520267562	1774.173112052753
1774.25643207835	0.4969600216086292	trials	210513SL	p29	Z11111	290	4.0	135.0	12	1774.40643207835	1774.6033920999585
1774.6767521244633	0.5269600248998358	trials	210513SL	p29	Z11111	212	1.0	270.0	8	1774.8267521244634	1775.053712149363
1778.5093125449303	0.5069600227052433	trials	210513SL	p29	Z11111	236	10.0	315.0	8	1778.6593125449303	1778.8662725676354
1778.9596325943344	0.5269600248998358	trials	210513SL	p29	Z11111	342	11.0	270.0	12	1779.1096325943345	1779.3365926192341
1779.3899126415404	0.5269600248993811	trials	210513SL	p29	Z11111	329	13.0	225.0	12	1779.5399126415405	1779.7668726664397
1779.8301926898425	0.5270000249042823	trials	210513SL	p29	Z11111	221	10.0	270.0	8	1779.9801926898426	1780.2071927147467
1780.2905127403442	0.4969600216086292	trials	210513SL	p29	Z11111	292	6.0	135.0	12	1780.4405127403443	1780.6374727619527
1780.7308327886512	0.5269600248998358	trials	210513SL	p29	Z11111	222	11.0	270.0	8	1780.8808327886513	1781.107792813551
1781.2011128402455	0.5270000249042823	trials	210513SL	p29	Z11111	237	11.0	315.0	8	1781.3511128402456	1781.5781128651497
1784.803553235466	0.5069600227056981	trials	210513SL	p29	Z11111	204	8.0	225.0	8	1784.9535532354662	1785.1605132581717
1785.2438332837687	0.5270000249042823	trials	210513SL	p29	Z11111	96	5.0	270.0	4	1785.3938332837688	1785.620833308673
1785.7141533353674	0.5270000249042823	trials	210513SL	p29	Z11111	132	11.0	0.0	8	1785.8641533353675	1786.0911533602716
1786.1844733869657	0.5270000249042823	trials	210513SL	p29	Z11111	17	1.0	45.0	4	1786.3344733869658	1786.5614734118699
1786.644793437467	0.5369600259969047	trials	210513SL	p29	Z11111	330	14.0	225.0	12	1786.794793437467	1787.0317534634637
1787.1151134890656	0.49696002160817443	trials	210513SL	p29	Z11111	299	13.0	135.0	12	1787.2651134890657	1787.4620735106737
1787.5553935373682	0.5270000249042823	trials	210513SL	p29	Z11111	265	9.0	45.0	12	1787.7053935373683	1787.9323935622724
1791.2579139435688	0.5069600227052433	trials	210513SL	p29	Z11111	332	1.0	270.0	12	1791.407913943569	1791.614873966274
1791.6981939918714	0.4969600216086292	trials	210513SL	p29	Z11111	182	1.0	180.0	8	1791.8481939918715	1792.04515401348
1792.11847403798	0.4969600216086292	trials	210513SL	p29	Z11111	340	9.0	270.0	12	1792.26847403798	1792.4654340595885
1792.5487540851855	0.5370000260013512	trials	210513SL	p29	Z11111	291	5.0	135.0	12	1792.6987540851856	1792.9357541111867
1793.0190741367842	0.5370000260008965	trials	210513SL	p29	Z11111	0			0	1793.1690741367843	1793.406074162785
1793.4593941850912	0.5269600248998358	trials	210513SL	p29	Z11111	262	6.0	45.0	12	1793.6093941850913	1793.836354209991
1793.909674234491	0.5270000249042823	trials	210513SL	p29	Z11111	230	4.0	315.0	8	1794.059674234491	1794.286674259395
1797.5721546362988	0.5069600227052433	trials	210513SL	p29	Z11111	84	8.0	225.0	4	1797.722154636299	1797.929114659004
1798.022474685703	0.5269600248998358	trials	210513SL	p29	Z11111	324	8.0	225.0	12	1798.172474685703	1798.3994347106027
1798.4927547372968	0.5270000249042823	trials	210513SL	p29	Z11111	303	2.0	180.0	12	1798.6427547372969	1798.869754762201
1798.9230747845072	0.53696002599645	trials	210513SL	p29	Z11111	181	0.0	180.0	8	1799.0730747845073	1799.3100348105036
1799.3633548328098	0.5269600248998358	trials	210513SL	p29	Z11111	247	6.0	0.0	12	1799.51335483281	1799.7403148577096
1799.823674883311	0.5369600259969047	trials	210513SL	p29	Z11111	77	1.0	225.0	4	1799.973674883311	1800.2106349093078
1800.263954931614	0.5269600248993811	trials	210513SL	p29	Z11111	279	8.0	90.0	12	1800.4139549316142	1800.6409149565134
1803.826355322442	0.516960023802767	trials	210513SL	p29	Z11111	65	4.0	180.0	4	1803.976355322442	1804.1933153462446
1804.276675371846	0.5269600248998358	trials	210513SL	p29	Z11111	55	9.0	135.0	4	1804.4266753718462	1804.6536353967458
1804.7469954234448	0.5269600248993811	trials	210513SL	p29	Z11111	298	12.0	135.0	12	1804.8969954234449	1805.123955448344
1805.1772754706499	0.5369600259973595	trials	210513SL	p29	Z11111	122	1.0	0.0	8	1805.32727547065	1805.5642354966471
1805.6475955222486	0.4969600216086292	trials	210513SL	p29	Z11111	257	1.0	45.0	12	1805.7975955222487	1805.9945555438571
1807.9291157725524	0.5069600227052433	trials	210513SL	p29	Z11111	124	3.0	0.0	8	1808.0791157725525	1808.2860757952576
1808.349395818661	0.4969600216086292	trials	210513SL	p29	Z11111	239	13.0	315.0	8	1808.499395818661	1808.6963558402695
1808.779715865871	0.5269600248998358	trials	210513SL	p29	Z11111	192	11.0	180.0	8	1808.929715865871	1809.1566758907707
1809.2299959152706	0.5269600248998358	trials	210513SL	p29	Z11111	335	4.0	270.0	12	1809.3799959152707	1809.6069559401703
1809.6602759624766	0.5370000260008965	trials	210513SL	p29	Z11111	116	10.0	315.0	4	1809.8102759624767	1810.0472759884774
1810.1005960107836	0.4969200216041827	trials	210513SL	p29	Z11111	185	4.0	180.0	8	1810.2505960107837	1810.4475160323877
1810.5308760579892	0.5269600248998358	trials	210513SL	p29	Z11111	179	13.0	135.0	8	1810.6808760579893	1810.907836082889
1814.4034764828489	0.5069600227056981	trials	210513SL	p29	Z11111	0			0	1814.553476482849	1814.7604365055545
1814.8137565278603	0.4969600216086292	trials	210513SL	p29	Z11111	0			0	1814.9637565278604	1815.1607165494688
1815.2340365739692	0.5269600248993811	trials	210513SL	p29	Z11111	100	9.0	270.0	4	1815.3840365739693	1815.6109965988685
1815.6643166211747	0.5370000260013512	trials	210513SL	p29	Z11111	62	1.0	180.0	4	1815.8143166211748	1816.051316647176
1818.6263169461336	0.5269600248993811	trials	210513SL	p29	Z11111	15	14.0	0.0	4	1818.7763169461336	1819.0032769710328
1819.0565969933386	0.5370000260013512	trials	210513SL	p29	Z11111	40	9.0	90.0	4	1819.2065969933387	1819.44359701934
1819.5169170438403	0.5269600248998358	trials	210513SL	p29	Z11111	39	8.0	90.0	4	1819.6669170438404	1819.89387706874
1819.9772370943415	0.5369600259969047	trials	210513SL	p29	Z11111	301	0.0	180.0	12	1820.1272370943416	1820.3641971203383
1820.4475571459402	0.49696002160817443	trials	210513SL	p29	Z11111	1	0.0	0.0	4	1820.5975571459403	1820.7945171675483
1820.8878371942428	0.5269600248998358	trials	210513SL	p29	Z11111	4	3.0	0.0	4	1821.037837194243	1821.2647972191426
1821.348157244744	0.5069600227056981	trials	210513SL	p29	Z11111	16	0.0	45.0	4	1821.498157244744	1821.7051172674496
1824.8705176311792	0.5069600227056981	trials	210513SL	p29	Z11111	104	13.0	270.0	4	1825.0205176311792	1825.2274776538848
1825.3208376805833	0.5269600249002906	trials	210513SL	p29	Z11111	108	2.0	315.0	4	1825.4708376805834	1825.6977977054835
1825.7811177310805	0.5370000260013512	trials	210513SL	p29	Z11111	313	12.0	180.0	12	1825.9311177310806	1826.1681177570817
1826.2514377826787	0.5270000249042823	trials	210513SL	p29	Z11111	333	2.0	270.0	12	1826.4014377826788	1826.628437807583
1826.721757834277	0.5270000249042823	trials	210513SL	p29	Z11111	188	7.0	180.0	8	1826.871757834277	1827.0987578591812
1827.1920778858757	0.5270000249042823	trials	210513SL	p29	Z11111	218	7.0	270.0	8	1827.3420778858758	1827.56907791078
1827.6223979330857	0.5369600259969047	trials	210513SL	p29	Z11111	206	10.0	225.0	8	1827.7723979330858	1828.0093579590825
1831.3148783381848	0.5069600227052433	trials	210513SL	p29	Z11111	21	5.0	45.0	4	1831.464878338185	1831.67183836089
1831.7551583864874	0.5269600248998358	trials	210513SL	p29	Z11111	170	4.0	135.0	8	1831.9051583864875	1832.1321184113872
1832.185438433693	0.5370000260013512	trials	210513SL	p29	Z11111	145	9.0	45.0	8	1832.335438433693	1832.5724384596942
1832.6557584852912	0.5370000260013512	trials	210513SL	p29	Z11111	286	0.0	135.0	12	1832.8057584852913	1833.0427585112925
1833.12607853689	0.5269600248998358	trials	210513SL	p29	Z11111	133	12.0	0.0	8	1833.27607853689	1833.5030385617897
1833.5563585840955	0.5370000260013512	trials	210513SL	p29	Z11111	162	11.0	90.0	8	1833.7063585840956	1833.9433586100968
1833.9966786324026	0.5269600248998358	trials	210513SL	p29	Z11111	30	14.0	45.0	4	1834.1466786324027	1834.3736386573023
1837.5490790221338	0.5069200227007968	trials	210513SL	p29	Z11111	285	14.0	90.0	12	1837.699079022134	1837.9059990448345
1837.9893590704364	0.5069600227056981	trials	210513SL	p29	Z11111	52	6.0	135.0	4	1838.1393590704365	1838.346319093142
1838.4296391187395	0.5270000249038276	trials	210513SL	p29	Z11111	24	8.0	45.0	4	1838.5796391187396	1838.8066391436432
1838.8999591703378	0.5270000249042823	trials	210513SL	p29	Z11111	317	1.0	225.0	12	1839.0499591703378	1839.276959195242
1839.3302792175477	0.5269600248993811	trials	210513SL	p29	Z11111	130	9.0	0.0	8	1839.4802792175478	1839.707239242447
1839.7805592669474	0.5370000260013512	trials	210513SL	p29	Z11111	106	0.0	315.0	4	1839.9305592669475	1840.1675592929487
1840.2508793185461	0.49696002160817443	trials	210513SL	p29	Z11111	341	10.0	270.0	12	1840.4008793185462	1840.5978393401542
1843.883319717058	0.5069600227056981	trials	210513SL	p29	Z11111	198	2.0	225.0	8	1844.033319717058	1844.2402797397635
1844.333639766462	0.5269600248998358	trials	210513SL	p29	Z11111	174	8.0	135.0	8	1844.4836397664621	1844.7105997913618
1844.8039598180608	0.5269600248993811	trials	210513SL	p29	Z11111	253	12.0	0.0	12	1844.9539598180609	1845.18091984296
1845.2642398685575	0.5370000260013512	trials	210513SL	p29	Z11111	190	9.0	180.0	8	1845.4142398685576	1845.6512398945588
1845.7045599168646	0.5269600248998358	trials	210513SL	p29	Z11111	163	12.0	90.0	8	1845.8545599168647	1846.0815199417643
1846.1748799684633	0.49692002160372795	trials	210513SL	p29	Z11111	152	1.0	90.0	8	1846.3248799684634	1846.521799990067
1846.6051600156688	0.5369600259969047	trials	210513SL	p29	Z11111	314	13.0	180.0	12	1846.755160015669	1846.9921200416657
1850.2776404185734	0.5069600227056981	trials	210513SL	p29	Z11111	293	7.0	135.0	12	1850.4276404185734	1850.634600441279
1850.6879204635852	0.5269600248998358	trials	210513SL	p29	Z11111	51	5.0	135.0	4	1850.8379204635853	1851.064880488485
1851.1582405151835	0.5269600248998358	trials	210513SL	p29	Z11111	220	9.0	270.0	8	1851.3082405151836	1851.5352005400832
1851.588520562389	0.4969600216086292	trials	210513SL	p29	Z11111	348	2.0	315.0	12	1851.738520562389	1851.9354805839976
1852.028800610692	0.5269600248993811	trials	210513SL	p29	Z11111	139	3.0	45.0	8	1852.1788006106922	1852.4057606355914
1852.4891206611933	0.53696002599645	trials	210513SL	p29	Z11111	355	9.0	315.0	12	1852.6391206611934	1852.8760806871896
1852.929400709496	0.4969600216086292	trials	210513SL	p29	Z11111	229	3.0	315.0	8	1853.079400709496	1853.2763607311044
1856.4818010992267	0.5069600227056981	trials	210513SL	p29	Z11111	144	8.0	45.0	8	1856.6318010992268	1856.8387611219323
1856.9220811475298	0.5370000260008965	trials	210513SL	p29	Z11111	118	12.0	315.0	4	1857.0720811475298	1857.3090811735306
1857.392401199128	0.5069600227056981	trials	210513SL	p29	Z11111	31	0.0	90.0	4	1857.542401199128	1857.7493612218336
1857.832721247435	0.5269600248998358	trials	210513SL	p29	Z11111	320	4.0	225.0	12	1857.9827212474352	1858.2096812723348
1858.2930412979363	0.4969200216041827	trials	210513SL	p29	Z11111	216	5.0	270.0	8	1858.4430412979364	1858.6399613195404
1858.7333213462393	0.5269600248998358	trials	210513SL	p29	Z11111	227	1.0	315.0	8	1858.8833213462394	1859.110281371139
1859.1636013934449	0.5370000260013512	trials	210513SL	p29	Z11111	72	11.0	180.0	4	1859.313601393445	1859.5506014194461
1862.8861218018392	0.5069600227056981	trials	210513SL	p29	Z11111	56	10.0	135.0	4	1863.0361218018393	1863.2430818245448
1863.306401847948	0.5269600248998358	trials	210513SL	p29	Z11111	154	3.0	90.0	8	1863.4564018479482	1863.6833618728479
1863.7667218984493	0.4969200216041827	trials	210513SL	p29	Z11111	215	4.0	270.0	8	1863.9167218984494	1864.1136419200534
1864.1970019456548	0.5069600227056981	trials	210513SL	p29	Z11111	357	11.0	315.0	12	1864.347001945655	1864.5539619683605
1864.6172819917638	0.53696002599645	trials	210513SL	p29	Z11111	266	10.0	45.0	12	1864.7672819917639	1865.0042420177601
1865.087602043362	0.4969600216086292	trials	210513SL	p29	Z11111	199	3.0	225.0	8	1865.2376020433621	1865.4345620649706
1865.5178820905676	0.5370000260013512	trials	210513SL	p29	Z11111	113	7.0	315.0	4	1865.6678820905677	1865.9048821165688
1869.690682548362	0.5069600227056981	trials	210513SL	p29	Z11111	276	5.0	90.0	12	1869.840682548362	1870.0476425710676
1870.1410025977666	0.5269600248998358	trials	210513SL	p29	Z11111	88	12.0	225.0	4	1870.2910025977667	1870.5179626226663
1870.6113226493649	0.5269600248998358	trials	210513SL	p29	Z11111	12	11.0	0.0	4	1870.761322649365	1870.9882826742646
1873.123002924919	0.5069600227056981	trials	210513SL	p29	Z11111	356	10.0	315.0	12	1873.2730029249192	1873.4799629476247
1873.5632829732222	0.5370000260008965	trials	210513SL	p29	Z11111	359	13.0	315.0	12	1873.7132829732222	1873.950282999223
1874.0336030248204	0.5370000260013512	trials	210513SL	p29	Z11111	283	12.0	90.0	12	1874.1836030248205	1874.4206030508217
1874.4739230731275	0.5269600248998358	trials	210513SL	p29	Z11111	120	14.0	315.0	4	1874.6239230731276	1874.8508830980272
1874.9342031236242	0.5370000260013512	trials	210513SL	p29	Z11111	153	2.0	90.0	8	1875.0842031236243	1875.3212031496255
1875.3945231741259	0.4969600216086292	trials	210513SL	p29	Z11111	327	11.0	225.0	12	1875.544523174126	1875.7414831957344
1875.8248432213359	0.5269600248998358	trials	210513SL	p29	Z11111	160	9.0	90.0	8	1875.974843221336	1876.2018032462356
1879.4772836220423	0.5069600227052433	trials	210513SL	p29	Z11111	233	7.0	315.0	8	1879.6272836220423	1879.8342436447474
1879.9176036703493	0.53696002599645	trials	210513SL	p29	Z11111	112	6.0	315.0	4	1880.0676036703494	1880.3045636963457
1880.357883718652	0.5269600248998358	trials	210513SL	p29	Z11111	82	6.0	225.0	4	1880.507883718652	1880.7348437435517
1880.7881637658575	0.5370000260013512	trials	210513SL	p29	Z11111	272	1.0	90.0	12	1880.9381637658576	1881.1751637918587
1881.2584838174557	0.5369600259969047	trials	210513SL	p29	Z11111	302	1.0	180.0	12	1881.4084838174558	1881.6454438434525
1881.7288038690544	0.5269600248998358	trials	210513SL	p29	Z11111	310	9.0	180.0	12	1881.8788038690545	1882.1057638939542
1882.15908391626	0.5370000260013512	trials	210513SL	p29	Z11111	331	0.0	270.0	12	1882.30908391626	1882.5460839422612
1885.7014843048937	0.5069600227056981	trials	210513SL	p29	Z11111	337	6.0	270.0	12	1885.8514843048938	1886.0584443275993
1886.1417643531968	0.5370000260013512	trials	210513SL	p29	Z11111	58	12.0	135.0	4	1886.2917643531969	1886.528764379198
1886.612084404795	0.5269600248998358	trials	210513SL	p29	Z11111	225	14.0	270.0	8	1886.7620844047951	1886.9890444296948
1887.0824044563933	0.5269600248998358	trials	210513SL	p29	Z11111	232	6.0	315.0	8	1887.2324044563934	1887.459364481293
1887.5126845035993	0.5370000260008965	trials	210513SL	p29	Z11111	78	2.0	225.0	4	1887.6626845035994	1887.8996845296
1887.9830045551976	0.5269600248998358	trials	210513SL	p29	Z11111	148	12.0	45.0	8	1888.1330045551977	1888.3599645800973
1888.4533246067958	0.5269600248998358	trials	210513SL	p29	Z11111	18	2.0	45.0	4	1888.603324606796	1888.8302846316956
1892.085765005308	0.5069600227052433	trials	210513SL	p29	Z11111	202	6.0	225.0	8	1892.2357650053082	1892.4427250280132
1892.5360850547122	0.5269600248998358	trials	210513SL	p29	Z11111	147	11.0	45.0	8	1892.6860850547123	1892.913045079612
1892.9964051052134	0.5369600259969047	trials	210513SL	p29	Z11111	75	14.0	180.0	4	1893.1464051052135	1893.3833651312102
1893.4666851568077	0.5370000260013512	trials	210513SL	p29	Z11111	67	6.0	180.0	4	1893.6166851568078	1893.853685182809
1893.9170052062118	0.5369600259969047	trials	210513SL	p29	Z11111	300	14.0	135.0	12	1894.067005206212	1894.3039652322086
1894.38732525781	0.5369600259969047	trials	210513SL	p29	Z11111	28	12.0	45.0	4	1894.5373252578102	1894.7742852838069
1894.8276053061131	0.5270000249038276	trials	210513SL	p29	Z11111	242	1.0	0.0	12	1894.9776053061132	1895.2046053310169
1898.460045704625	0.5069600227056981	trials	210513SL	p29	Z11111	11	10.0	0.0	4	1898.610045704625	1898.8170057273305
1898.900365752932	0.5369600259969047	trials	210513SL	p29	Z11111	134	13.0	0.0	8	1899.050365752932	1899.2873257789288
1899.3406458012346	0.5270000249042823	trials	210513SL	p29	Z11111	267	11.0	45.0	12	1899.4906458012347	1899.7176458261388
1899.8109658528333	0.5269600248998358	trials	210513SL	p29	Z11111	35	4.0	90.0	4	1899.9609658528334	1900.187925877733
1900.2712859033345	0.5369600259969047	trials	210513SL	p29	Z11111	57	11.0	135.0	4	1900.4212859033346	1900.6582459293313
1900.7316059538362	0.49692002160372795	trials	210513SL	p29	Z11111	66	5.0	180.0	4	1900.8816059538362	1901.0785259754398
1901.1618860010417	0.49696002160817443	trials	210513SL	p29	Z11111	59	13.0	135.0	4	1901.3118860010418	1901.5088460226498
1904.6642463852827	0.5069600227056981	trials	210513SL	p29	Z11111	6	5.0	0.0	4	1904.8142463852828	1905.0212064079883
1905.1045264335853	0.5370000260013512	trials	210513SL	p29	Z11111	208	12.0	225.0	8	1905.2545264335854	1905.4915264595866
1905.574846485184	0.5370000260013512	trials	210513SL	p29	Z11111	5	4.0	0.0	4	1905.7248464851841	1905.9618465111853
1906.015166533491	0.5269600248993811	trials	210513SL	p29	Z11111	256	0.0	45.0	12	1906.1651665334912	1906.3921265583904
1906.4854865850893	0.5269600248998358	trials	210513SL	p29	Z11111	137	1.0	45.0	8	1906.6354865850894	1906.862446609989
1906.9457666355866	0.49696002160817443	trials	210513SL	p29	Z11111	234	8.0	315.0	8	1907.0957666355866	1907.2927266571946
1907.3860866838936	0.49692002160372795	trials	210513SL	p29	Z11111	177	11.0	135.0	8	1907.5360866838937	1907.7330067054972
1910.9184470714258	0.5069600227052433	trials	210513SL	p29	Z11111	249	8.0	0.0	12	1911.068447071426	1911.275407094131
1911.3487271186314	0.4969600216086292	trials	210513SL	p29	Z11111	161	10.0	90.0	8	1911.4987271186315	1911.69568714024
1911.7690071647398	0.5270000249042823	trials	210513SL	p29	Z11111	103	12.0	270.0	4	1911.91900716474	1912.146007189644
1912.2293272152415	0.5069600227052433	trials	210513SL	p29	Z11111	348	2.0	315.0	12	1912.3793272152416	1912.5862872379466
1912.669607263544	0.5270000249042823	trials	210513SL	p29	Z11111	185	4.0	180.0	8	1912.8196072635442	1913.0466072884483
1913.1199273129482	0.5269600248998358	trials	210513SL	p29	Z11111	247	6.0	0.0	12	1913.2699273129483	1913.496887337848
1913.590247364547	0.5269600248993811	trials	210513SL	p29	Z11111	164	13.0	90.0	8	1913.740247364547	1913.9672073894462
1917.2126877619617	0.5069600227056981	trials	210513SL	p29	Z11111	120	14.0	315.0	4	1917.3626877619618	1917.5696477846673
1917.6529678102643	0.4969600216086292	trials	210513SL	p29	Z11111	160	9.0	90.0	8	1917.8029678102644	1917.9999278318728
1918.0532478541786	0.5370000260013512	trials	210513SL	p29	Z11111	307	6.0	180.0	12	1918.2032478541787	1918.4402478801799
1918.5235679057769	0.5269600249002906	trials	210513SL	p29	Z11111	60	14.0	135.0	4	1918.673567905777	1918.900527930677
1918.96384795408	0.5270000249042823	trials	210513SL	p29	Z11111	264	8.0	45.0	12	1919.11384795408	1919.3408479789841
1919.4241680045811	0.5370000260013512	trials	210513SL	p29	Z11111	236	10.0	315.0	8	1919.5741680045812	1919.8111680305824
1919.8944880561799	0.49696002160817443	trials	210513SL	p29	Z11111	266	10.0	45.0	12	1920.04448805618	1920.241448077788
1923.5269284546916	0.5069600227056981	trials	210513SL	p29	Z11111	178	12.0	135.0	8	1923.6769284546917	1923.8838884773972
1923.9772485040958	0.5269600248998358	trials	210513SL	p29	Z11111	99	8.0	270.0	4	1924.1272485040959	1924.3542085289955
1924.4475685556945	0.4969600216086292	trials	210513SL	p29	Z11111	334	3.0	270.0	12	1924.5975685556946	1924.794528577303
1924.8778486029	0.5269600248998358	trials	210513SL	p29	Z11111	113	7.0	315.0	4	1925.0278486029001	1925.2548086277998
1925.3481686544983	0.5269600248998358	trials	210513SL	p29	Z11111	131	10.0	0.0	8	1925.4981686544984	1925.725128679398
1925.7784487017043	0.5370000260008965	trials	210513SL	p29	Z11111	187	6.0	180.0	8	1925.9284487017044	1926.165448727705
1926.2287687511084	0.5369600259969047	trials	210513SL	p29	Z11111	163	12.0	90.0	8	1926.3787687511085	1926.6157287771052
1929.8712091507177	0.5069600227052433	trials	210513SL	p29	Z11111	126	5.0	0.0	8	1930.0212091507178	1930.2281691734229
1930.3114891990203	0.5370000260008965	trials	210513SL	p29	Z11111	322	6.0	225.0	12	1930.4614891990204	1930.6984892250211
1930.7518092473274	0.5269600248998358	trials	210513SL	p29	Z11111	96	5.0	270.0	4	1930.9018092473275	1931.1287692722271
1931.202089296727	0.5270000249042823	trials	210513SL	p29	Z11111	78	2.0	225.0	4	1931.3520892967272	1931.5790893216313
1931.6724093483258	0.5270000249038276	trials	210513SL	p29	Z11111	262	6.0	45.0	12	1931.822409348326	1932.0494093732295
1932.132729398827	0.5370000260013512	trials	210513SL	p29	Z11111	320	4.0	225.0	12	1932.282729398827	1932.5197294248283
1932.6030494504253	0.5369600259969047	trials	210513SL	p29	Z11111	28	12.0	45.0	4	1932.7530494504254	1932.990009476422
1936.3555698621112	0.5069600227056981	trials	210513SL	p29	Z11111	204	8.0	225.0	8	1936.5055698621113	1936.7125298848168
1936.8058899115154	0.5269600248998358	trials	210513SL	p29	Z11111	121	0.0	0.0	8	1936.9558899115154	1937.182849936415
1937.2661699620126	0.5370000260013512	trials	210513SL	p29	Z11111	295	9.0	135.0	12	1937.4161699620126	1937.6531699880138
1937.7364900136108	0.5370000260013512	trials	210513SL	p29	Z11111	210	14.0	225.0	8	1937.886490013611	1938.123490039612
1938.206810065209	0.5270000249042823	trials	210513SL	p29	Z11111	127	6.0	0.0	8	1938.3568100652092	1938.5838100901133
1938.6471301135161	0.5269600249002906	trials	210513SL	p29	Z11111	239	13.0	315.0	8	1938.7971301135162	1939.0240901384163
1939.1074101640133	0.5370000260013512	trials	210513SL	p29	Z11111	117	11.0	315.0	4	1939.2574101640134	1939.4944101900146
1942.6998505581369	0.5069600227056981	trials	210513SL	p29	Z11111	224	13.0	270.0	8	1942.849850558137	1943.0568105808425
1943.14013060644	0.5370000260008965	trials	210513SL	p29	Z11111	326	10.0	225.0	12	1943.29013060644	1943.5271306324407
1943.6104506580382	0.5269600248998358	trials	210513SL	p29	Z11111	136	0.0	45.0	8	1943.7604506580383	1943.987410682938
1944.0807707096365	0.5269600248998358	trials	210513SL	p29	Z11111	66	5.0	180.0	4	1944.2307707096365	1944.4577307345362
1944.541090760138	0.53696002599645	trials	210513SL	p29	Z11111	32	1.0	90.0	4	1944.6910907601382	1944.9280507861345
1945.0114108117364	0.5369600259969047	trials	210513SL	p29	Z11111	265	9.0	45.0	12	1945.1614108117365	1945.3983708377332
1945.4817308633346	0.5269600248998358	trials	210513SL	p29	Z11111	144	8.0	45.0	8	1945.6317308633347	1945.8586908882344
1949.0741312574542	0.5069600227052433	trials	210513SL	p29	Z11111	360	14.0	315.0	12	1949.2241312574542	1949.4310912801593
1949.5144513057612	0.5269600248998358	trials	210513SL	p29	Z11111	240	14.0	315.0	8	1949.6644513057613	1949.891411330661
1949.9447313529668	0.5369600259969047	trials	210513SL	p29	Z11111	215	4.0	270.0	8	1950.0947313529668	1950.3316913789636
1950.415051404565	0.4969200216041827	trials	210513SL	p29	Z11111	108	2.0	315.0	4	1950.565051404565	1950.761971426169
1950.835331450674	0.5269600248993811	trials	210513SL	p29	Z11111	93	2.0	270.0	4	1950.985331450674	1951.2122914755732
1951.3056515022722	0.5269600248998358	trials	210513SL	p29	Z11111	315	14.0	180.0	12	1951.4556515022723	1951.682611527172
1951.7659315527694	0.5370000260008965	trials	210513SL	p29	Z11111	192	11.0	180.0	8	1951.9159315527695	1952.1529315787702
1955.6785719820218	0.5069600227056981	trials	210513SL	p29	Z11111	333	2.0	270.0	12	1955.828571982022	1956.0355320047274
1956.1188920303289	0.5269600248998358	trials	210513SL	p29	Z11111	182	1.0	180.0	8	1956.268892030329	1956.4958520552286
1956.5892120819271	0.5269600248998358	trials	210513SL	p29	Z11111	355	9.0	315.0	12	1956.7392120819272	1956.966172106827
1957.0594921335214	0.5270000249038276	trials	210513SL	p29	Z11111	280	9.0	90.0	12	1957.2094921335215	1957.4364921584252
1957.5098121829255	0.4969600216086292	trials	210513SL	p29	Z11111	67	6.0	180.0	4	1957.6598121829256	1957.856772204534
1957.930092229034	0.4969600216086292	trials	210513SL	p29	Z11111	211	0.0	270.0	8	1958.080092229034	1958.2770522506426
1958.3603722762396	0.5270000249042823	trials	210513SL	p29	Z11111	276	5.0	90.0	12	1958.5103722762397	1958.7373723011438
1961.9428126692665	0.5069600227052433	trials	210513SL	p29	Z11111	329	13.0	225.0	12	1962.0928126692666	1962.2997726919716
1962.3530927142779	0.5069600227056981	trials	210513SL	p29	Z11111	233	7.0	315.0	8	1962.503092714278	1962.7100527369835
1962.7933727625805	0.5269600248998358	trials	210513SL	p29	Z11111	220	9.0	270.0	8	1962.9433727625806	1963.1703327874802
1963.2636928141792	0.5269600248993811	trials	210513SL	p29	Z11111	132	11.0	0.0	8	1963.4136928141793	1963.6406528390785
1963.6939728613847	0.5370000260008965	trials	210513SL	p29	Z11111	65	4.0	180.0	4	1963.8439728613848	1964.0809728873855
1964.1442929107889	0.5369600259969047	trials	210513SL	p29	Z11111	356	10.0	315.0	12	1964.294292910789	1964.5312529367857
1964.5945729601885	0.5370000260013512	trials	210513SL	p29	Z11111	124	3.0	0.0	8	1964.7445729601886	1964.9815729861898
1968.1569733510169	0.5069600227052433	trials	210513SL	p29	Z11111	335	4.0	270.0	12	1968.306973351017	1968.513933373722
1968.597293399324	0.5269600248998358	trials	210513SL	p29	Z11111	286	0.0	135.0	12	1968.747293399324	1968.9742534242237
1969.0275734465295	0.5369600259969047	trials	210513SL	p29	Z11111	294	8.0	135.0	12	1969.1775734465295	1969.4145334725263
1969.4978934981277	0.5369600259973595	trials	210513SL	p29	Z11111	128	7.0	0.0	8	1969.6478934981278	1969.884853524125
1969.9381735464308	0.5269600248993811	trials	210513SL	p29	Z11111	330	14.0	225.0	12	1970.0881735464309	1970.31513357133
1970.398493596932	0.4969600216086292	trials	210513SL	p29	Z11111	269	13.0	45.0	12	1970.548493596932	1970.7454536185405
1970.8387736452346	0.5270000249042823	trials	210513SL	p29	Z11111	284	13.0	90.0	12	1970.9887736452347	1971.2157736701388
1974.4912540459454	0.5069600227056981	trials	210513SL	p29	Z11111	56	10.0	135.0	4	1974.6412540459455	1974.848214068651
1974.931534094248	0.5370000260013512	trials	210513SL	p29	Z11111	43	12.0	90.0	4	1975.0815340942481	1975.3185341202493
1975.4018541458463	0.5370000260013512	trials	210513SL	p29	Z11111	0			0	1975.5518541458464	1975.7888541718476
1975.872174197445	0.5269600248993811	trials	210513SL	p29	Z11111	21	5.0	45.0	4	1976.022174197445	1976.2491342223443
1976.3024542446506	0.5370000260013512	trials	210513SL	p29	Z11111	313	12.0	180.0	12	1976.4524542446507	1976.6894542706518
1976.7727742962493	0.5370000260008965	trials	210513SL	p29	Z11111	206	10.0	225.0	8	1976.9227742962494	1977.15977432225
1977.2130943445563	0.5269600248993811	trials	210513SL	p29	Z11111	298	12.0	135.0	12	1977.3630943445564	1977.5900543694556
1985.2884952305017	0.5170000238072134	trials	210513SL	p29	Z11111	227	1.0	315.0	8	1985.4384952305018	1985.6554952543088
1985.7388152799058	0.5269600248998358	trials	210513SL	p29	Z11111	162	11.0	90.0	8	1985.8888152799059	1986.1157753048055
1986.2091353315045	0.49696002160817443	trials	210513SL	p29	Z11111	328	12.0	225.0	12	1986.3591353315046	1986.5560953531126
1986.629415377613	0.5269600248998358	trials	210513SL	p29	Z11111	357	11.0	315.0	12	1986.779415377613	1987.0063754025127
1987.0897354281142	0.5369600259969047	trials	210513SL	p29	Z11111	273	2.0	90.0	12	1987.2397354281143	1987.476695454111
1987.560055479713	0.53696002599645	trials	210513SL	p29	Z11111	222	11.0	270.0	8	1987.710055479713	1987.9470155057093
1988.0303755313112	0.5269600248993811	trials	210513SL	p29	Z11111	352	6.0	315.0	12	1988.1803755313113	1988.4073355562105
1992.363296006672	0.516960023802767	trials	210513SL	p29	Z11111	123	2.0	0.0	8	1992.5132960066721	1992.7302560304747
1992.8135760560722	0.49696002160817443	trials	210513SL	p29	Z11111	115	9.0	315.0	4	1992.9635760560723	1993.1605360776803
1993.2338561021807	0.5269600248998358	trials	210513SL	p29	Z11111	323	7.0	225.0	12	1993.3838561021807	1993.6108161270804
1993.704176153779	0.5269600248998358	trials	210513SL	p29	Z11111	151	0.0	90.0	8	1993.854176153779	1994.0811361786787
1994.1344562009845	0.4969600216086292	trials	210513SL	p29	Z11111	14	13.0	0.0	4	1994.2844562009846	1994.481416222593
1994.554736247093	0.5270000249042823	trials	210513SL	p29	Z11111	304	3.0	180.0	12	1994.704736247093	1994.9317362719971
1994.9850562943034	0.5369600259969047	trials	210513SL	p29	Z11111	338	7.0	270.0	12	1995.1350562943035	1995.3720163203002
1998.6274966939122	0.5069600227056981	trials	210513SL	p29	Z11111	13	12.0	0.0	4	1998.7774966939123	1998.9844567166178
1999.0677767422148	0.5270000249042823	trials	210513SL	p29	Z11111	105	14.0	270.0	4	1999.217776742215	1999.444776767119
1999.5380967938136	0.5270000249038276	trials	210513SL	p29	Z11111	316	0.0	225.0	12	1999.6880967938137	1999.9150968187173
2000.0084168454118	0.5269600248998358	trials	210513SL	p29	Z11111	292	6.0	135.0	12	2000.158416845412	2000.3853768703116
2000.4386968926178	0.5270000249038276	trials	210513SL	p29	Z11111	337	6.0	270.0	12	2000.588696892618	2000.8156969175216
2000.8790169409249	0.5269600248993811	trials	210513SL	p29	Z11111	33	2.0	90.0	4	2001.029016940925	2001.2559769658242
2003.360697213188	0.5069200227007968	trials	210513SL	p29	Z11111	243	2.0	0.0	12	2003.510697213188	2003.7176172358886
2003.8009772614905	0.5269600248998358	trials	210513SL	p29	Z11111	109	3.0	315.0	4	2003.9509772614906	2004.1779372863903
2004.2712973130888	0.5269600248998358	trials	210513SL	p29	Z11111	49	3.0	135.0	4	2004.4212973130889	2004.6482573379885
2004.7416173646875	0.5269600248998358	trials	210513SL	p29	Z11111	179	13.0	135.0	8	2004.8916173646876	2005.1185773895872
2005.171897411893	0.5269600248998358	trials	210513SL	p29	Z11111	198	2.0	225.0	8	2005.3218974118931	2005.5488574367928
2005.6222174612972	0.5369600259969047	trials	210513SL	p29	Z11111	344	13.0	270.0	12	2005.7722174612973	2006.009177487294
2006.0924975128914	0.5270000249038276	trials	210513SL	p29	Z11111	36	5.0	90.0	4	2006.2424975128915	2006.4694975377952
2009.694937908112	0.5069600227056981	trials	210513SL	p29	Z11111	293	7.0	135.0	12	2009.8449379081121	2010.0518979308176
2010.135257956419	0.5069600227056981	trials	210513SL	p29	Z11111	350	4.0	315.0	12	2010.2852579564192	2010.4922179791247
2010.5755380047217	0.5269600249002906	trials	210513SL	p29	Z11111	289	3.0	135.0	12	2010.7255380047218	2010.952498029622
2011.0458580563204	0.4969600216086292	trials	210513SL	p29	Z11111	223	12.0	270.0	8	2011.1958580563205	2011.392818077929
2011.476138103526	0.5370000260013512	trials	210513SL	p29	Z11111	268	12.0	45.0	12	2011.626138103526	2011.8631381295272
2011.916458151833	0.5269600248998358	trials	210513SL	p29	Z11111	172	6.0	135.0	8	2012.066458151833	2012.2934181767328
2012.3767382023302	0.5069600227056981	trials	210513SL	p29	Z11111	312	11.0	180.0	12	2012.5267382023303	2012.7336982250358
2016.0492186052347	0.5069600227056981	trials	210513SL	p29	Z11111	299	13.0	135.0	12	2016.1992186052348	2016.4061786279403
2016.4995386546393	0.5269600248998358	trials	210513SL	p29	Z11111	37	6.0	90.0	4	2016.6495386546394	2016.876498679539
2016.959818705136	0.5069600227056981	trials	210513SL	p29	Z11111	339	8.0	270.0	12	2017.1098187051361	2017.3167787278417
2017.3800987512445	0.4969600216086292	trials	210513SL	p29	Z11111	201	5.0	225.0	8	2017.5300987512446	2017.727058772853
2020.1119390509525	0.5069600227056981	trials	210513SL	p29	Z11111	155	4.0	90.0	8	2020.2619390509526	2020.4688990736581
2020.5622591003566	0.5269600248998358	trials	210513SL	p29	Z11111	205	9.0	225.0	8	2020.7122591003567	2020.9392191252564
2021.032579151955	0.5269600249002906	trials	210513SL	p29	Z11111	106	0.0	315.0	4	2021.182579151955	2021.409539176855
2021.4928992024566	0.5369600259969047	trials	210513SL	p29	Z11111	282	11.0	90.0	12	2021.6428992024566	2021.8798592284534
2021.9632192540548	0.5369600259969047	trials	210513SL	p29	Z11111	107	1.0	315.0	4	2022.113219254055	2022.3501792800516
2022.433499305649	0.49696002160817443	trials	210513SL	p29	Z11111	174	8.0	135.0	8	2022.5834993056492	2022.7804593272572
2022.863819352859	0.5369600259969047	trials	210513SL	p29	Z11111	57	11.0	135.0	4	2023.0138193528592	2023.250779378856
2026.6563797689378	0.5069600227056981	trials	210513SL	p29	Z11111	135	14.0	0.0	8	2026.8063797689379	2027.0133397916434
2027.0666198139447	0.5270000249042823	trials	210513SL	p29	Z11111	98	7.0	270.0	4	2027.2166198139448	2027.443619838849
2027.4969398611547	0.5069600227056981	trials	210513SL	p29	Z11111	147	11.0	45.0	8	2027.6469398611548	2027.8538998838603
2027.9372199094578	0.5269600248998358	trials	210513SL	p29	Z11111	250	9.0	0.0	12	2028.0872199094579	2028.3141799343575
2028.407539961056	0.5269600248998358	trials	210513SL	p29	Z11111	64	3.0	180.0	4	2028.5575399610561	2028.7844999859558
2028.8378200082616	0.5269600248998358	trials	210513SL	p29	Z11111	77	1.0	225.0	4	2028.9878200082617	2029.2147800331613
2029.3081400598599	0.5269600248998358	trials	210513SL	p29	Z11111	317	1.0	225.0	12	2029.45814005986	2029.6851000847596
2032.8105004441009	0.5069600227061528	trials	210513SL	p29	Z11111	255	14.0	0.0	12	2032.960500444101	2033.167460466807
2033.2508204924084	0.5369600259969047	trials	210513SL	p29	Z11111	195	14.0	180.0	8	2033.4008204924085	2033.6377805184052
2033.7211005440022	0.4969600216086292	trials	210513SL	p29	Z11111	73	12.0	180.0	4	2033.8711005440023	2034.0680605656107
2034.1614205923092	0.5269600248998358	trials	210513SL	p29	Z11111	257	1.0	45.0	12	2034.3114205923093	2034.538380617209
2034.5917006395152	0.5269600248998358	trials	210513SL	p29	Z11111	191	10.0	180.0	8	2034.7417006395153	2034.968660664415
2035.0219806867208	0.5069600227056981	trials	210513SL	p29	Z11111	230	4.0	315.0	8	2035.1719806867209	2035.3789407094264
2035.4623007350278	0.5269600248998358	trials	210513SL	p29	Z11111	104	13.0	270.0	4	2035.612300735028	2035.8392607599276
2039.915301223563	0.5069600227056981	trials	210513SL	p29	Z11111	88	12.0	225.0	4	2040.065301223563	2040.2722612462685
2040.3655812729626	0.5270000249042823	trials	210513SL	p29	Z11111	285	14.0	90.0	12	2040.5155812729627	2040.7425812978668
2040.8259013234638	0.5369600259973595	trials	210513SL	p29	Z11111	235	9.0	315.0	8	2040.9759013234639	2041.212861349461
2041.2962213750625	0.5369600259969047	trials	210513SL	p29	Z11111	314	13.0	180.0	12	2041.4462213750626	2041.6831814010593
2041.7665414266608	0.5269600248998358	trials	210513SL	p29	Z11111	62	1.0	180.0	4	2041.9165414266608	2042.1435014515605
2042.2368614782595	0.5269600248998358	trials	210513SL	p29	Z11111	270	14.0	45.0	12	2042.3868614782596	2042.6138215031592
2042.7071815298577	0.5269600248998358	trials	210513SL	p29	Z11111	92	1.0	270.0	4	2042.8571815298578	2043.0841415547575
2046.409661936054	0.5069600227056981	trials	210513SL	p29	Z11111	9	8.0	0.0	4	2046.559661936054	2046.7666219587595
2046.8499419843565	0.5270000249042823	trials	210513SL	p29	Z11111	50	4.0	135.0	4	2046.9999419843566	2047.2269420092607
2047.2902620326636	0.5269600248998358	trials	210513SL	p29	Z11111	40	9.0	90.0	4	2047.4402620326637	2047.6672220575633
2047.7505820831648	0.5369600259969047	trials	210513SL	p29	Z11111	71	10.0	180.0	4	2047.9005820831649	2048.1375421091616
2048.2209021347635	0.5269600248998358	trials	210513SL	p29	Z11111	29	13.0	45.0	4	2048.3709021347636	2048.5978621596632
2048.671182184163	0.5369600259969047	trials	210513SL	p29	Z11111	114	8.0	315.0	4	2048.8211821841633	2049.05814221016
2049.141502235762	0.5269600248993811	trials	210513SL	p29	Z11111	84	8.0	225.0	4	2049.291502235762	2049.518462260661
2052.7639426331766	0.5069600227056981	trials	210513SL	p29	Z11111	118	12.0	315.0	4	2052.9139426331767	2053.120902655882
2053.204222681479	0.5370000260013512	trials	210513SL	p29	Z11111	41	10.0	90.0	4	2053.3542226814793	2053.5912227074805
2053.674542733078	0.5269600248998358	trials	210513SL	p29	Z11111	85	9.0	225.0	4	2053.824542733078	2054.0515027579777
2054.144862784676	0.5269600248998358	trials	210513SL	p29	Z11111	97	6.0	270.0	4	2054.2948627846763	2054.521822809576
2054.615182836275	0.5269600248993811	trials	210513SL	p29	Z11111	79	3.0	225.0	4	2054.765182836275	2054.992142861174
2055.04546288348	0.5270000249042823	trials	210513SL	p29	Z11111	145	9.0	45.0	8	2055.19546288348	2055.422462908384
2055.5157829350787	0.5269600248998358	trials	210513SL	p29	Z11111	63	2.0	180.0	4	2055.665782935079	2055.8927429599785
2059.2683033467647	0.5069600227056981	trials	210513SL	p29	Z11111	189	8.0	180.0	8	2059.418303346765	2059.6252633694703
2059.7086233950718	0.5369600259969047	trials	210513SL	p29	Z11111	251	10.0	0.0	12	2059.858623395072	2060.0955834210686
2060.1489034433744	0.5269600248998358	trials	210513SL	p29	Z11111	17	1.0	45.0	4	2060.2989034433745	2060.525863468274
2060.6192234949726	0.5269600249002906	trials	210513SL	p29	Z11111	277	6.0	90.0	12	2060.7692234949727	2060.996183519873
2061.0495035421786	0.5270000249042823	trials	210513SL	p29	Z11111	25	9.0	45.0	4	2061.1995035421787	2061.426503567083
2061.519823593777	0.4969600216086292	trials	210513SL	p29	Z11111	351	5.0	315.0	12	2061.669823593777	2061.8667836153854
2061.950103640983	0.5370000260008965	trials	210513SL	p29	Z11111	158	7.0	90.0	8	2062.100103640983	2062.3371036669837
2065.652624047183	0.5069600227056981	trials	210513SL	p29	Z11111	100	9.0	270.0	4	2065.802624047183	2066.0095840698887
2066.1029040965827	0.5270000249042823	trials	210513SL	p29	Z11111	202	6.0	225.0	8	2066.252904096583	2066.479904121487
2066.5732241481815	0.5270000249038276	trials	210513SL	p29	Z11111	116	10.0	315.0	4	2066.7232241481815	2066.950224173085
2067.003504195387	0.5270000249042823	trials	210513SL	p29	Z11111	89	13.0	225.0	4	2067.153504195387	2067.380504220291
2067.453824244791	0.4969600216086292	trials	210513SL	p29	Z11111	42	11.0	90.0	4	2067.603824244791	2067.8007842663997
2067.894104293094	0.5270000249038276	trials	210513SL	p29	Z11111	149	13.0	45.0	8	2068.0441042930943	2068.271104317998
2068.324424340304	0.5269600248998358	trials	210513SL	p29	Z11111	263	7.0	45.0	12	2068.4744243403043	2068.701384365204
2072.016904745403	0.5069600227056981	trials	210513SL	p29	Z11111	141	5.0	45.0	8	2072.166904745403	2072.3738647681084
2072.457184793706	0.5270000249042823	trials	210513SL	p29	Z11111	94	3.0	270.0	4	2072.607184793706	2072.83418481861
2072.927504845304	0.5269600248998358	trials	210513SL	p29	Z11111	8	7.0	0.0	4	2073.0775048453042	2073.304464870204
2073.3878248958054	0.5369600259969047	trials	210513SL	p29	Z11111	15	14.0	0.0	4	2073.5378248958054	2073.774784921802
2073.8581449474036	0.5369600259973595	trials	210513SL	p29	Z11111	254	13.0	0.0	12	2074.0081449474037	2074.245104973401
2074.3284649990023	0.5269600248998358	trials	210513SL	p29	Z11111	45	14.0	90.0	4	2074.4784649990024	2074.705425023902
2074.768745047305	0.5269600248998358	trials	210513SL	p29	Z11111	122	1.0	0.0	8	2074.918745047305	2075.1457050722047
2078.3311454381333	0.516960023802767	trials	210513SL	p29	Z11111	102	11.0	270.0	4	2078.4811454381334	2078.698105461936
2078.7814654875374	0.5269600248998358	trials	210513SL	p29	Z11111	279	8.0	90.0	12	2078.9314654875375	2079.158425512437
2079.241745538034	0.5370000260013512	trials	210513SL	p29	Z11111	58	12.0	135.0	4	2079.3917455380342	2079.6287455640354
2079.7120655896324	0.5370000260013512	trials	210513SL	p29	Z11111	153	2.0	90.0	8	2079.8620655896325	2080.0990656156337
2080.182385641231	0.5269600248998358	trials	210513SL	p29	Z11111	139	3.0	45.0	8	2080.332385641231	2080.559345666131
2080.6527056928294	0.5269600248998358	trials	210513SL	p29	Z11111	309	8.0	180.0	12	2080.8027056928295	2081.029665717729
2081.123025744428	0.5269600248998358	trials	210513SL	p29	Z11111	0			0	2081.273025744428	2081.499985769328
2089.188466629281	0.5069600227052433	trials	210513SL	p29	Z11111	302	1.0	180.0	12	2089.338466629281	2089.545426651986
2089.6287466775834	0.5370000260013512	trials	210513SL	p29	Z11111	341	10.0	270.0	12	2089.7787466775835	2090.0157467035847
2090.099066729182	0.5370000260008965	trials	210513SL	p29	Z11111	359	13.0	315.0	12	2090.2490667291822	2090.486066755183
2090.539386777489	0.5269600248993811	trials	210513SL	p29	Z11111	327	11.0	225.0	12	2090.6893867774893	2090.9163468023885
2090.999666827986	0.5370000260013512	trials	210513SL	p29	Z11111	170	4.0	135.0	8	2091.149666827986	2091.386666853987
2091.439986876293	0.5269600248998358	trials	210513SL	p29	Z11111	159	8.0	90.0	8	2091.589986876293	2091.8169469011928
2091.9103069278917	0.5269600248998358	trials	210513SL	p29	Z11111	253	12.0	0.0	12	2092.060306927892	2092.2872669527915
2095.522707324205	0.516960023802767	trials	210513SL	p29	Z11111	169	3.0	135.0	8	2095.672707324205	2095.8896673480076
2095.973027373609	0.5269600248998358	trials	210513SL	p29	Z11111	46	0.0	135.0	4	2096.123027373609	2096.349987398509
2096.4433474252073	0.5269600249002906	trials	210513SL	p29	Z11111	332	1.0	270.0	12	2096.5933474252074	2096.8203074501075
2096.903667475709	0.5369600259969047	trials	210513SL	p29	Z11111	305	4.0	180.0	12	2097.053667475709	2097.290627501706
2097.3439475240116	0.5269600248998358	trials	210513SL	p29	Z11111	213	2.0	270.0	8	2097.4939475240117	2097.7209075489113
2097.8142675756103	0.5269600248993811	trials	210513SL	p29	Z11111	3	2.0	0.0	4	2097.9642675756104	2098.1912276005096
2098.2745876261115	0.4969200216041827	trials	210513SL	p29	Z11111	54	8.0	135.0	4	2098.4245876261116	2098.6215076477156
2101.866988020231	0.5069600227052433	trials	210513SL	p29	Z11111	125	4.0	0.0	8	2102.016988020231	2102.223948042936
2102.307308068538	0.53696002599645	trials	210513SL	p29	Z11111	26	10.0	45.0	4	2102.457308068538	2102.6942680945344
2102.7475881168407	0.5369600259969047	trials	210513SL	p29	Z11111	229	3.0	315.0	8	2102.897588116841	2103.1345481428375
2103.207908167342	0.5369600259969047	trials	210513SL	p29	Z11111	129	8.0	0.0	8	2103.357908167342	2103.5948681933387
2103.6481882156445	0.5269600248998358	trials	210513SL	p29	Z11111	156	5.0	90.0	8	2103.7981882156446	2104.0251482405442
2104.118508267243	0.5269600248998358	trials	210513SL	p29	Z11111	219	8.0	270.0	8	2104.2685082672433	2104.495468292143
2104.5888283188415	0.5269600248998358	trials	210513SL	p29	Z11111	214	3.0	270.0	8	2104.7388283188416	2104.965788343741
2108.1512287096693	0.5069600227056981	trials	210513SL	p29	Z11111	75	14.0	180.0	4	2108.3012287096694	2108.508188732375
2108.561508754681	0.5369600259969047	trials	210513SL	p29	Z11111	95	4.0	270.0	4	2108.7115087546813	2108.948468780678
2109.001788802984	0.5269600248998358	trials	210513SL	p29	Z11111	91	0.0	270.0	4	2109.151788802984	2109.3787488278836
2109.472108854582	0.5269600248998358	trials	210513SL	p29	Z11111	30	14.0	45.0	4	2109.622108854582	2109.849068879482
2109.9324289050833	0.5369600259969047	trials	210513SL	p29	Z11111	216	5.0	270.0	8	2110.0824289050834	2110.31938893108
2110.402748956682	0.5369600259969047	trials	210513SL	p29	Z11111	275	4.0	90.0	12	2110.552748956682	2110.789708982679
2110.8730690082803	0.5269600248998358	trials	210513SL	p29	Z11111	297	11.0	135.0	12	2111.0230690082803	2111.25002903318
2114.5255094089866	0.5069600227056981	trials	210513SL	p29	Z11111	171	5.0	135.0	8	2114.6755094089867	2114.8824694316922
2114.9657894572892	0.5370000260013512	trials	210513SL	p29	Z11111	11	10.0	0.0	4	2115.1157894572893	2115.3527894832905
2115.436149508892	0.5369600259969047	trials	210513SL	p29	Z11111	51	5.0	135.0	4	2115.586149508892	2115.8231095348888
2115.9064295604862	0.5270000249038276	trials	210513SL	p29	Z11111	47	1.0	135.0	4	2116.0564295604863	2116.28342958539
2116.3767496120845	0.5269600248998358	trials	210513SL	p29	Z11111	248	7.0	0.0	12	2116.5267496120846	2116.7537096369842
2116.8470696636828	0.5269600249002906	trials	210513SL	p29	Z11111	267	11.0	45.0	12	2116.997069663683	2117.224029688583
2117.3073897141844	0.5369600259969047	trials	210513SL	p29	Z11111	221	10.0	270.0	8	2117.4573897141845	2117.694349740181
2120.9097901094005	0.5170000238072134	trials	210513SL	p29	Z11111	19	3.0	45.0	4	2121.0597901094006	2121.2767901332077
2121.3601101588047	0.5269600248998358	trials	210513SL	p29	Z11111	82	6.0	225.0	4	2121.5101101588048	2121.7370701837044
2121.8304302104034	0.5269600248998358	trials	210513SL	p29	Z11111	24	8.0	45.0	4	2121.9804302104035	2122.207390235303
2122.260710257609	0.49696002160817443	trials	210513SL	p29	Z11111	287	1.0	135.0	12	2122.410710257609	2122.607670279217
2122.6809903037174	0.5270000249042823	trials	210513SL	p29	Z11111	80	4.0	225.0	4	2122.8309903037175	2123.0579903286216
2123.151310355316	0.5270000249038276	trials	210513SL	p29	Z11111	5	4.0	0.0	4	2123.301310355316	2123.52831038022
2123.5815904025217	0.5370000260013512	trials	210513SL	p29	Z11111	143	7.0	45.0	8	2123.7315904025218	2123.968590428523
2127.354150816406	0.5069600227052433	trials	210513SL	p29	Z11111	69	8.0	180.0	4	2127.5041508164063	2127.7111108391114
2127.7644308614176	0.5269600248998358	trials	210513SL	p29	Z11111	281	10.0	90.0	12	2127.9144308614177	2128.1413908863174
2128.234750913016	0.4969600216086292	trials	210513SL	p29	Z11111	34	3.0	90.0	4	2128.384750913016	2128.5817109346244
2128.6650309602214	0.5369600259969047	trials	210513SL	p29	Z11111	35	4.0	90.0	4	2128.8150309602215	2129.0519909862182
2129.13535101182	0.5269600248998358	trials	210513SL	p29	Z11111	134	13.0	0.0	8	2129.2853510118202	2129.51231103672
2129.5856710612243	0.5369600259969047	trials	210513SL	p29	Z11111	272	1.0	90.0	12	2129.7356710612244	2129.972631087221
2130.0559511128185	0.5270000249038276	trials	210513SL	p29	Z11111	183	2.0	180.0	8	2130.2059511128186	2130.4329511377223
2133.688431511335	0.5069200227007968	trials	210513SL	p29	Z11111	137	1.0	45.0	8	2133.838431511335	2134.0453515340355
2134.1087115574433	0.5269600248998358	trials	210513SL	p29	Z11111	180	14.0	135.0	8	2134.2587115574433	2134.485671582343
2136.6503918362887	0.5069600227056981	trials	210513SL	p29	Z11111	261	5.0	45.0	12	2136.800391836289	2137.0073518589943
2137.1007118856933	0.5269600248998358	trials	210513SL	p29	Z11111	173	7.0	135.0	8	2137.2507118856934	2137.477671910593
2137.5610319361945	0.5369600259969047	trials	210513SL	p29	Z11111	245	4.0	0.0	12	2137.7110319361946	2137.9479919621913
2138.0313519877927	0.5369600259969047	trials	210513SL	p29	Z11111	225	14.0	270.0	8	2138.181351987793	2138.4183120137895
2138.501632039387	0.5270000249038276	trials	210513SL	p29	Z11111	4	3.0	0.0	4	2138.651632039387	2138.8786320642907
2138.931952086597	0.5369600259969047	trials	210513SL	p29	Z11111	146	10.0	45.0	8	2139.081952086597	2139.318912112594
2139.4022721381953	0.5369600259969047	trials	210513SL	p29	Z11111	303	2.0	180.0	12	2139.5522721381953	2139.789232164192
2143.8152326223376	0.4969600216086292	trials	210513SL	p29	Z11111	301	0.0	180.0	12	2143.9652326223377	2144.162192643946
2144.225512667349	0.4969600216086292	trials	210513SL	p29	Z11111	234	8.0	315.0	8	2144.375512667349	2144.5724726889575
2144.6557927145545	0.5269600248998358	trials	210513SL	p29	Z11111	70	9.0	180.0	4	2144.8057927145546	2145.0327527394543
2145.1261127661533	0.5269600248998358	trials	210513SL	p29	Z11111	237	11.0	315.0	8	2145.2761127661533	2145.503072791053
2145.556392813359	0.5370000260013512	trials	210513SL	p29	Z11111	271	0.0	90.0	12	2145.706392813359	2145.94339283936
2146.026712864957	0.5370000260013512	trials	210513SL	p29	Z11111	258	2.0	45.0	12	2146.176712864957	2146.4137128909583
2146.497032916556	0.5269600248998358	trials	210513SL	p29	Z11111	260	4.0	45.0	12	2146.647032916556	2146.8739929414555
2150.229553326047	0.516960023802767	trials	210513SL	p29	Z11111	1	0.0	0.0	4	2150.3795533260472	2150.59651334985
2150.6798333754473	0.5270000249042823	trials	210513SL	p29	Z11111	308	7.0	180.0	12	2150.8298333754474	2151.0568334003515
2151.1501534270456	0.5270000249042823	trials	210513SL	p29	Z11111	218	7.0	270.0	8	2151.3001534270456	2151.5271534519497
2151.6104734775467	0.5370000260013512	trials	210513SL	p29	Z11111	203	7.0	225.0	8	2151.760473477547	2151.997473503548
2152.0807935291455	0.5369600259969047	trials	210513SL	p29	Z11111	83	7.0	225.0	4	2152.2307935291456	2152.4677535551423
2152.5511135807437	0.5269600248998358	trials	210513SL	p29	Z11111	154	3.0	90.0	8	2152.701113580744	2152.9280736056435
2153.021433632342	0.5269600249002906	trials	210513SL	p29	Z11111	241	0.0	0.0	12	2153.171433632342	2153.398393657242
2156.703914036344	0.5069600227056981	trials	210513SL	p29	Z11111	101	10.0	270.0	4	2156.853914036344	2157.0608740590496
2157.154194085744	0.5270000249038276	trials	210513SL	p29	Z11111	306	5.0	180.0	12	2157.3041940857443	2157.531194110648
2157.6145141362454	0.5370000260013512	trials	210513SL	p29	Z11111	340	9.0	270.0	12	2157.7645141362455	2158.0015141622466
2158.0848341878436	0.5369600259969047	trials	210513SL	p29	Z11111	288	2.0	135.0	12	2158.2348341878437	2158.4717942138404
2158.5251142361462	0.5270000249042823	trials	210513SL	p29	Z11111	199	3.0	225.0	8	2158.6751142361463	2158.9021142610504
2158.9554342833567	0.5269600248993811	trials	210513SL	p29	Z11111	354	8.0	315.0	12	2159.1054342833568	2159.332394308256
2159.425754334955	0.4969200216041827	trials	210513SL	p29	Z11111	278	7.0	90.0	12	2159.575754334955	2159.772674356559
2163.3983947707898	0.5069600227056981	trials	210513SL	p29	Z11111	358	12.0	315.0	12	2163.54839477079	2163.7553547934954
2163.8387148190973	0.5269600248998358	trials	210513SL	p29	Z11111	16	0.0	45.0	4	2163.9887148190974	2164.215674843997
2164.3090348706955	0.5269600248998358	trials	210513SL	p29	Z11111	347	1.0	315.0	12	2164.4590348706956	2164.6859948955953
2164.759314920095	0.5270000249042823	trials	210513SL	p29	Z11111	138	2.0	45.0	8	2164.9093149200953	2165.1363149449994
2167.391115208828	0.5069600227052433	trials	210513SL	p29	Z11111	207	11.0	225.0	8	2167.541115208828	2167.748075231533
2167.8413952582277	0.5269600248998358	trials	210513SL	p29	Z11111	190	9.0	180.0	8	2167.991395258228	2168.2183552831275
2178.0983163835062	0.5069600227052433	trials	210513SL	p29	Z11111	61	0.0	180.0	4	2178.2483163835063	2178.4552764062114
2178.538596431809	0.5370000260013512	trials	210513SL	p29	Z11111	336	5.0	270.0	12	2178.688596431809	2178.92559645781
2179.008916483407	0.5269600248998358	trials	210513SL	p29	Z11111	168	2.0	135.0	8	2179.158916483407	2179.385876508307
2179.479236535006	0.5269600248993811	trials	210513SL	p29	Z11111	209	13.0	225.0	8	2179.629236535006	2179.856196559905
2179.949556586604	0.5269600248998358	trials	210513SL	p29	Z11111	186	5.0	180.0	8	2180.099556586604	2180.326516611504
2180.3798366338096	0.4969600216086292	trials	210513SL	p29	Z11111	81	5.0	225.0	4	2180.5298366338097	2180.726796655418
2180.8101166810156	0.5370000260008965	trials	210513SL	p29	Z11111	283	12.0	90.0	12	2180.9601166810157	2181.1971167070164
2188.295157502193	0.5069600227056981	trials	210513SL	p29	Z11111	300	14.0	135.0	12	2188.445157502193	2188.6521175248986
2188.7054375472044	0.5370000260013512	trials	210513SL	p29	Z11111	188	7.0	180.0	8	2188.8554375472045	2189.0924375732056
2191.087037808488	0.5069600227056981	trials	210513SL	p29	Z11111	23	7.0	45.0	4	2191.237037808488	2191.4439978311934
2191.517357855698	0.516960023802767	trials	210513SL	p29	Z11111	59	13.0	135.0	4	2191.667357855698	2191.8843178795005
2191.9376379018063	0.5269600248998358	trials	210513SL	p29	Z11111	238	12.0	315.0	8	2192.0876379018064	2192.314597926706
2192.407957953405	0.5269600248998358	trials	210513SL	p29	Z11111	193	12.0	180.0	8	2192.557957953405	2192.7849179783047
2192.8382380006105	0.5369600259969047	trials	210513SL	p29	Z11111	52	6.0	135.0	4	2192.9882380006106	2193.2251980266074
2193.3085580522093	0.5269600248993811	trials	210513SL	p29	Z11111	7	6.0	0.0	4	2193.4585580522094	2193.6855180771086
2193.748838100512	0.5269600248998358	trials	210513SL	p29	Z11111	18	2.0	45.0	4	2193.898838100512	2194.1257981254116
2197.4113185023193	0.5069600227056981	trials	210513SL	p29	Z11111	55	9.0	135.0	4	2197.5613185023194	2197.768278525025
2197.8215985473307	0.5369600259969047	trials	210513SL	p29	Z11111	228	2.0	315.0	8	2197.971598547331	2198.2085585733275
2198.261878595634	0.49696002160817443	trials	210513SL	p29	Z11111	181	0.0	180.0	8	2198.411878595634	2198.608838617242
2198.6921586428393	0.5370000260013512	trials	210513SL	p29	Z11111	72	11.0	180.0	4	2198.8421586428394	2199.0791586688406
2199.1424786922435	0.516960023802767	trials	210513SL	p29	Z11111	22	6.0	45.0	4	2199.2924786922435	2199.509438716046
2199.592758741643	0.5069600227061528	trials	210513SL	p29	Z11111	142	6.0	45.0	8	2199.7427587416432	2199.949718764349
2200.0330787899507	0.5269600248998358	trials	210513SL	p29	Z11111	167	1.0	135.0	8	2200.1830787899507	2200.4100388148504
2205.276599365213	0.5069600227056981	trials	210513SL	p29	Z11111	217	6.0	270.0	8	2205.426599365213	2205.6335593879185
2205.7168794135155	0.4969600216086292	trials	210513SL	p29	Z11111	290	4.0	135.0	12	2205.8668794135156	2206.063839435124
2208.598839729693	0.5069600227056981	trials	210513SL	p29	Z11111	74	13.0	180.0	4	2208.748839729693	2208.9557997523984
2209.0091197747047	0.5369600259969047	trials	210513SL	p29	Z11111	342	11.0	270.0	12	2209.159119774705	2209.3960798007015
2209.4493998230073	0.5270000249042823	trials	210513SL	p29	Z11111	184	3.0	180.0	8	2209.5993998230074	2209.8263998479115
2209.9197198746056	0.5270000249042823	trials	210513SL	p29	Z11111	318	2.0	225.0	12	2210.0697198746057	2210.2967198995098
2210.3800399251068	0.5369600259973595	trials	210513SL	p29	Z11111	212	1.0	270.0	8	2210.530039925107	2210.766999951104
2210.82031997341	0.49696002160817443	trials	210513SL	p29	Z11111	349	3.0	315.0	12	2210.97031997341	2211.167279995018
2211.25064002062	0.4969200216041827	trials	210513SL	p29	Z11111	311	10.0	180.0	12	2211.40064002062	2211.597560042224
2215.3534004707303	0.516960023802767	trials	210513SL	p29	Z11111	31	0.0	90.0	4	2215.5034004707304	2215.720360494533
2215.80368052013	0.5270000249042823	trials	210513SL	p29	Z11111	111	5.0	315.0	4	2215.95368052013	2216.180680545034
2216.2740005717287	0.5370000260013512	trials	210513SL	p29	Z11111	291	5.0	135.0	12	2216.424000571729	2216.66100059773
2216.744320623327	0.5269600248998358	trials	210513SL	p29	Z11111	331	0.0	270.0	12	2216.894320623327	2217.1212806482267
2217.194640672731	0.5269600248998358	trials	210513SL	p29	Z11111	246	5.0	0.0	12	2217.344640672731	2217.571600697631
2217.624920719937	0.5269600248993811	trials	210513SL	p29	Z11111	232	6.0	315.0	8	2217.774920719937	2218.0018807448364
2218.0652007682393	0.5270000249042823	trials	210513SL	p29	Z11111	148	12.0	45.0	8	2218.2152007682394	2218.4422007931435
2222.11792121286	0.5069600227056981	trials	210513SL	p29	Z11111	343	12.0	270.0	12	2222.26792121286	2222.4748812355656
2222.528201257872	0.5270000249038276	trials	210513SL	p29	Z11111	325	9.0	225.0	12	2222.678201257872	2222.9052012827756
2222.99852130947	0.4969600216086292	trials	210513SL	p29	Z11111	321	5.0	225.0	12	2223.14852130947	2223.3454813310786
2223.42884135668	0.5269600248998358	trials	210513SL	p29	Z11111	76	0.0	225.0	4	2223.57884135668	2223.80580138158
2223.8691214049827	0.5269600248998358	trials	210513SL	p29	Z11111	157	6.0	90.0	8	2224.019121404983	2224.2460814298825
2224.2994014521887	0.5269600248993811	trials	210513SL	p29	Z11111	48	2.0	135.0	4	2224.449401452189	2224.676361477088
2224.769721503787	0.5269600248998358	trials	210513SL	p29	Z11111	6	5.0	0.0	4	2224.919721503787	2225.1466815286867
2229.272761997812	0.5069600227056981	trials	210513SL	p29	Z11111	319	3.0	225.0	12	2229.422761997812	2229.6297220205174
2231.6843622623865	0.5069600227056981	trials	210513SL	p29	Z11111	194	13.0	180.0	8	2231.8343622623865	2232.041322285092
2232.1246823106935	0.5369600259969047	trials	210513SL	p29	Z11111	166	0.0	135.0	8	2232.2746823106936	2232.5116423366903
2235.026642629065	0.5069600227056981	trials	210513SL	p29	Z11111	165	14.0	90.0	8	2235.176642629065	2235.3836026517706
2235.436922674077	0.5269600248993811	trials	210513SL	p29	Z11111	296	10.0	135.0	12	2235.586922674077	2235.813882698976
2235.8772027223795	0.5269600248998358	trials	210513SL	p29	Z11111	44	13.0	90.0	4	2236.0272027223796	2236.254162747279
2236.3375227728807	0.5369600259969047	trials	210513SL	p29	Z11111	345	14.0	270.0	12	2236.4875227728808	2236.7244827988775
2236.8078428244794	0.5369600259969047	trials	210513SL	p29	Z11111	152	1.0	90.0	8	2236.9578428244795	2237.194802850476
2237.2781628760777	0.5269600248998358	trials	210513SL	p29	Z11111	39	8.0	90.0	4	2237.4281628760777	2237.6551229009774
2237.708442923283	0.5369600259969047	trials	210513SL	p29	Z11111	119	13.0	315.0	4	2237.8584429232833	2238.09540294928
2241.981323392057	0.5069600227056981	trials	210513SL	p29	Z11111	259	3.0	45.0	12	2242.1313233920573	2242.338283414763
2244.442963662122	0.5069600227052433	trials	210513SL	p29	Z11111	112	6.0	315.0	4	2244.592963662122	2244.7999236848273
2244.8832437104247	0.5370000260013512	trials	210513SL	p29	Z11111	2	1.0	0.0	4	2245.033243710425	2245.270243736426
2245.353563762023	0.5370000260013512	trials	210513SL	p29	Z11111	226	0.0	315.0	8	2245.503563762023	2245.7405637880242
2245.8238838136217	0.5270000249038276	trials	210513SL	p29	Z11111	244	3.0	0.0	12	2245.973883813622	2246.2008838385254
2246.29420386522	0.5270000249042823	trials	210513SL	p29	Z11111	133	12.0	0.0	8	2246.44420386522	2246.671203890124
2246.7244839124255	0.5370000260013512	trials	210513SL	p29	Z11111	68	7.0	180.0	4	2246.8744839124256	2247.1114839384268
2247.194803964024	0.5270000249042823	trials	210513SL	p29	Z11111	310	9.0	180.0	12	2247.344803964024	2247.571803988928
2251.337604418527	0.516960023802767	trials	210513SL	p29	Z11111	252	11.0	0.0	12	2251.487604418527	2251.7045644423297
2251.757884464636	0.5370000260013512	trials	210513SL	p29	Z11111	324	8.0	225.0	12	2251.907884464636	2252.144884490637
2252.228204516234	0.5269600248998358	trials	210513SL	p29	Z11111	208	12.0	225.0	8	2252.3782045162343	2252.605164541134
2252.6985245678325	0.5269600248998358	trials	210513SL	p29	Z11111	274	3.0	90.0	12	2252.8485245678326	2253.075484592732
2253.168844619431	0.49696002160817443	trials	210513SL	p29	Z11111	353	7.0	315.0	12	2253.3188446194313	2253.5158046410393
2253.5991246666367	0.5370000260013512	trials	210513SL	p29	Z11111	86	10.0	225.0	4	2253.749124666637	2253.986124692638
2254.049444716041	0.5369600259969047	trials	210513SL	p29	Z11111	10	9.0	0.0	4	2254.199444716041	2254.4364047420377
2258.1422051650543	0.5069600227052433	trials	210513SL	p29	Z11111	150	14.0	45.0	8	2258.2922051650544	2258.4991651877594
2258.5524852100657	0.5269600248998358	trials	210513SL	p29	Z11111	130	9.0	0.0	8	2258.702485210066	2258.9294452349654
2258.9827652572712	0.5369600259969047	trials	210513SL	p29	Z11111	176	10.0	135.0	8	2259.1327652572713	2259.369725283268
2259.4230453055743	0.5269600248998358	trials	210513SL	p29	Z11111	12	11.0	0.0	4	2259.5730453055744	2259.800005330474
2259.8933653571726	0.4969600216086292	trials	210513SL	p29	Z11111	27	11.0	45.0	4	2260.0433653571727	2260.240325378781
2260.303645402184	0.5369600259969047	trials	210513SL	p29	Z11111	90	14.0	225.0	4	2260.453645402184	2260.690605428181
2260.7739654537822	0.5369600259973595	trials	210513SL	p29	Z11111	200	4.0	225.0	8	2260.9239654537823	2261.1609254797795
2265.0868859269494	0.5069200227012516	trials	210513SL	p29	Z11111	0			0	2265.2368859269495	2265.4438059496506
2265.527165975252	0.4969600216086292	trials	210513SL	p29	Z11111	0			0	2265.677165975252	2265.8741259968606
2265.947446021361	0.5269600248993811	trials	210513SL	p29	Z11111	140	4.0	45.0	8	2266.097446021361	2266.3244060462603
2266.3777260685665	0.4969600216086292	trials	210513SL	p29	Z11111	110	4.0	315.0	4	2266.5277260685666	2266.724686090175
2266.808006115772	0.5370000260013512	trials	210513SL	p29	Z11111	87	11.0	225.0	4	2266.958006115772	2267.1950061417733
2267.2783261673703	0.4969600216086292	trials	210513SL	p29	Z11111	231	5.0	315.0	8	2267.4283261673704	2267.625286188979
2267.7186462156774	0.5269600248998358	trials	210513SL	p29	Z11111	38	7.0	90.0	4	2267.8686462156775	2268.095606240577
2271.851406669079	0.5069600227056981	trials	210513SL	p29	Z11111	346	0.0	315.0	12	2272.001406669079	2272.2083666917847
2272.271686715188	0.5270000249042823	trials	210513SL	p29	Z11111	242	1.0	0.0	12	2272.421686715188	2272.648686740092
2272.702006762398	0.5269600248998358	trials	210513SL	p29	Z11111	196	0.0	225.0	8	2272.852006762398	2273.0789667872978
2273.1723268139963	0.4969200216041827	trials	210513SL	p29	Z11111	197	1.0	225.0	8	2273.3223268139964	2273.5192468356004
2273.6026068612023	0.49696002160817443	trials	210513SL	p29	Z11111	53	7.0	135.0	4	2273.7526068612024	2273.9495668828104
2274.042886909505	0.4969600216086292	trials	210513SL	p29	Z11111	256	0.0	45.0	12	2274.192886909505	2274.3898469311134
2274.4731669567104	0.5270000249042823	trials	210513SL	p29	Z11111	20	4.0	45.0	4	2274.6231669567105	2274.8501669816146
2278.49588739804	0.5069600227052433	trials	210513SL	p29	Z11111	175	9.0	135.0	8	2278.64588739804	2278.852847420745
