onset	duration	nwb_table	ses_ID	pen_ID	sub_ID	cond_ID	stim_ID	rotation	luminance	pdOnTS	pdOffTS
513.5071036012961	0.5168815220177976	trials	210626SL	p61	Z11111	351	5.0	315.0	12	513.6571036012961	513.8739851233139
513.9374266211905	0.4968413813812731	trials	210626SL	p61	Z11111	308	7.0	180.0	12	514.0874266211905	514.2842680025718
514.3477095004483	0.5268415919149447	trials	210626SL	p61	Z11111	256	0.0	45.0	12	514.4977095004483	514.7245510923633
514.7879925902399	0.5068414515591257	trials	210626SL	p61	Z11111	42	11.0	90.0	4	514.9379925902399	515.1448340417991
517.329730427491	0.5168415217369784	trials	210626SL	p61	Z11111	287	1.0	135.0	12	517.479730427491	517.696571949228
517.7700135172825	0.4968413813812731	trials	210626SL	p61	Z11111	241	0.0	0.0	12	517.9200135172824	518.1168548986637
518.1702963263625	0.5368816623733892	trials	210626SL	p61	Z11111	101	10.0	270.0	4	518.3202963263625	518.5571779887359
518.6205794863318	0.4968413813812731	trials	210626SL	p61	Z11111	163	12.0	90.0	8	518.7705794863318	518.9674208677131
519.0308623655898	0.5268815921955365	trials	210626SL	p61	Z11111	116	10.0	315.0	4	519.1808623655897	519.4077439577853
519.471185455662	0.5368416620927974	trials	210626SL	p61	Z11111	19	3.0	45.0	4	519.6211854556619	519.8580271177548
519.9114685454535	0.4968413813811594	trials	210626SL	p61	Z11111	311	10.0	180.0	12	520.0614685454535	520.2583099268347
522.1430042057868	0.5068414515591257	trials	210626SL	p61	Z11111	28	12.0	45.0	4	522.2930042057868	522.499845657346
522.5732872254005	0.4968413813812731	trials	210626SL	p61	Z11111	260	4.0	45.0	12	522.7232872254004	522.9201286067818
522.9735700344805	0.526841591914831	trials	210626SL	p61	Z11111	159	8.0	90.0	8	523.1235700344805	523.3504116263954
523.4238531944499	0.4968413813812731	trials	210626SL	p61	Z11111	229	3.0	315.0	8	523.5738531944498	523.7706945758312
523.8241360035299	0.5268815921955365	trials	210626SL	p61	Z11111	64	3.0	180.0	4	523.9741360035299	524.2010175957255
524.27445916378	0.4968413813812731	trials	210626SL	p61	Z11111	117	11.0	315.0	4	524.4244591637799	524.6213005451613
524.6747019725793	0.5068814518398312	trials	210626SL	p61	Z11111	183	2.0	180.0	8	524.8247019725793	525.0315834244192
525.0849848518372	0.5268815921955365	trials	210626SL	p61	Z11111	228	2.0	315.0	8	525.2349848518372	525.4618664440328
528.6474098520036	0.5268815921956502	trials	210626SL	p61	Z11111	299	13.0	135.0	12	528.7974098520036	529.0242914441993
529.0977330122538	0.4968413813812731	trials	210626SL	p61	Z11111	125	4.0	0.0	8	529.2477330122538	529.4445743936351
529.5280160318674	0.4968413813812731	trials	210626SL	p61	Z11111	9	8.0	0.0	4	529.6780160318674	529.8748574132487
529.9282988409475	0.526841591914831	trials	210626SL	p61	Z11111	127	6.0	0.0	8	530.0782988409475	530.3051404328623
530.3785820009168	0.4968413813812731	trials	210626SL	p61	Z11111	118	12.0	315.0	4	530.5285820009168	530.7254233822981
530.7788648099969	0.5068414515591257	trials	210626SL	p61	Z11111	91	0.0	270.0	4	530.9288648099969	531.135706261556
531.2191478997884	0.4968413813812731	trials	210626SL	p61	Z11111	352	6.0	315.0	12	531.3691478997883	531.5659892811697
531.6194307088684	0.5268815921955365	trials	210626SL	p61	Z11111	60	14.0	135.0	4	531.7694307088684	531.996312301064
535.2518962005607	0.5268815921955365	trials	210626SL	p61	Z11111	300	14.0	135.0	12	535.4018962005607	535.6287777927563
535.7022193608108	0.4968413813812731	trials	210626SL	p61	Z11111	72	11.0	180.0	4	535.8522193608108	536.0490607421921
536.1025021698908	0.526841591914831	trials	210626SL	p61	Z11111	315	14.0	180.0	12	536.2525021698908	536.4793437618057
536.5327851895045	0.5068414515591257	trials	210626SL	p61	Z11111	93	2.0	270.0	4	536.6827851895044	536.8896266410636
536.9430680687624	0.526841591914831	trials	210626SL	p61	Z11111	199	3.0	225.0	8	537.0930680687624	537.3199096606772
537.3833511585539	0.5068414515591257	trials	210626SL	p61	Z11111	342	11.0	270.0	12	537.5333511585538	537.740192610113
537.7936340378118	0.5268815921955365	trials	210626SL	p61	Z11111	74	13.0	180.0	4	537.9436340378118	538.1705156300073
538.2439571980618	0.4968413813812731	trials	210626SL	p61	Z11111	250	9.0	0.0	12	538.3939571980618	538.5907985794431
541.6963014257103	0.5168415217369784	trials	210626SL	p61	Z11111	35	4.0	90.0	4	541.8463014257103	542.0631429474473
542.1365845155018	0.4968413813812731	trials	210626SL	p61	Z11111	99	8.0	270.0	4	542.2865845155018	542.4834258968831
542.5468673947597	0.5268815921955365	trials	210626SL	p61	Z11111	355	9.0	315.0	12	542.6968673947597	542.9237489869553
542.9871904848319	0.4968413813812731	trials	210626SL	p61	Z11111	22	6.0	45.0	4	543.1371904848319	543.3340318662132
543.3974733640898	0.4968013811005676	trials	210626SL	p61	Z11111	281	10.0	90.0	12	543.5474733640898	543.7442747451904
543.8277563837034	0.4968413813812731	trials	210626SL	p61	Z11111	290	4.0	135.0	12	543.9777563837034	544.1745977650847
544.2580394033171	0.5068414515591257	trials	210626SL	p61	Z11111	46	0.0	135.0	4	544.408039403317	544.6148808548762
544.6983224931085	0.4968413813812731	trials	210626SL	p61	Z11111	275	4.0	90.0	12	544.8483224931085	545.0451638744898
548.270747563453	0.5068814518398312	trials	210626SL	p61	Z11111	357	11.0	315.0	12	548.420747563453	548.6276290152929
548.6810304427108	0.5268815921956502	trials	210626SL	p61	Z11111	58	12.0	135.0	4	548.8310304427108	549.0579120349065
549.1113534626052	0.4968413813812731	trials	210626SL	p61	Z11111	153	2.0	90.0	8	549.2613534626051	549.4581948439865
549.5516365523968	0.4968413813812731	trials	210626SL	p61	Z11111	289	3.0	135.0	12	549.7016365523967	549.898477933778
549.9819195720104	0.4968413813812731	trials	210626SL	p61	Z11111	276	5.0	90.0	12	550.1319195720104	550.3287609533917
550.412202591624	0.5068814518398312	trials	210626SL	p61	Z11111	189	8.0	180.0	8	550.562202591624	550.7690840434639
550.8525256816962	0.4968413813812731	trials	210626SL	p61	Z11111	124	3.0	0.0	8	551.0025256816962	551.1993670630775
551.2527684904956	0.5268815921955365	trials	210626SL	p61	Z11111	75	14.0	180.0	4	551.4027684904955	551.6296500826911
554.8252335611206	0.5168415217369784	trials	210626SL	p61	Z11111	155	4.0	90.0	8	554.9752335611206	555.1920750828576
555.2655166509121	0.4968413813812731	trials	210626SL	p61	Z11111	128	7.0	0.0	8	555.4155166509121	555.6123580322934
555.67579953017	0.5268815921955365	trials	210626SL	p61	Z11111	164	13.0	90.0	8	555.82579953017	556.0526811223656
556.1060825497837	0.5268815921956502	trials	210626SL	p61	Z11111	328	12.0	225.0	12	556.2560825497836	556.4829641419793
556.5564057100338	0.4968413813812731	trials	210626SL	p61	Z11111	105	14.0	270.0	4	556.7064057100338	556.9032470914151
556.9566885191138	0.5268415919149447	trials	210626SL	p61	Z11111	186	5.0	180.0	8	557.1066885191137	557.3335301110287
557.4069716790832	0.4968413813812731	trials	210626SL	p61	Z11111	68	7.0	180.0	4	557.5569716790832	557.7538130604645
557.817254558341	0.5268815921956502	trials	210626SL	p61	Z11111	194	13.0	180.0	8	557.967254558341	558.1941361505367
561.4497200500334	0.5168815220176839	trials	210626SL	p61	Z11111	317	1.0	225.0	12	561.5997200500334	561.8166015720511
561.8900431401056	0.4968413813812731	trials	210626SL	p61	Z11111	329	13.0	225.0	12	562.0400431401056	562.2368845214869
562.3203261597192	0.5068414515591257	trials	210626SL	p61	Z11111	88	12.0	225.0	4	562.4703261597192	562.6771676112784
562.7306090389771	0.526841591914831	trials	210626SL	p61	Z11111	143	7.0	45.0	8	562.8806090389771	563.107450630892
563.1808921989465	0.4968413813812731	trials	210626SL	p61	Z11111	113	7.0	315.0	4	563.3308921989465	563.5277335803278
563.6112152188409	0.4968413813812731	trials	210626SL	p61	Z11111	295	9.0	135.0	12	563.7612152188409	563.9580566002222
564.021458097818	0.5268815921956502	trials	210626SL	p61	Z11111	54	8.0	135.0	4	564.171458097818	564.3983396900137
564.4517811177124	0.4968413813812731	trials	210626SL	p61	Z11111	223	12.0	270.0	8	564.6017811177123	564.7986224990937
567.9641657667088	0.5268415919149447	trials	210626SL	p61	Z11111	62	1.0	180.0	4	568.1141657667088	568.3410073586238
568.4144889269589	0.4968013811005676	trials	210626SL	p61	Z11111	109	3.0	315.0	4	568.5644889269589	568.7612903080595
568.834731876114	0.4968413813812731	trials	210626SL	p61	Z11111	288	2.0	135.0	12	568.984731876114	569.1815732574953
569.235014685194	0.5268815921956502	trials	210626SL	p61	Z11111	335	4.0	270.0	12	569.3850146851939	569.6118962773896
569.6853378454441	0.4968413813812731	trials	210626SL	p61	Z11111	87	11.0	225.0	4	569.8353378454441	570.0321792268254
570.0856206545241	0.5268415919149447	trials	210626SL	p61	Z11111	136	0.0	45.0	8	570.235620654524	570.462462246439
570.5359038144935	0.4968413813812731	trials	210626SL	p61	Z11111	265	9.0	45.0	12	570.6859038144935	570.8827451958748
570.9461866937514	0.5268815921955365	trials	210626SL	p61	Z11111	234	8.0	315.0	8	571.0961866937514	571.323068285947
574.4785714831036	0.5168815220176839	trials	210626SL	p61	Z11111	67	6.0	180.0	4	574.6285714831035	574.8454530051213
574.89889443282	0.5068414515591257	trials	210626SL	p61	Z11111	103	12.0	270.0	4	575.04889443282	575.2557358843792
575.3391775226115	0.4968413813812731	trials	210626SL	p61	Z11111	174	8.0	135.0	8	575.4891775226115	575.6860189039928
575.7394603316915	0.5268415919149447	trials	210626SL	p61	Z11111	298	12.0	135.0	12	575.8894603316915	576.1163019236064
576.1897434916609	0.4968413813812731	trials	210626SL	p61	Z11111	350	4.0	315.0	12	576.3397434916609	576.5365848730422
576.590026300741	0.4968413813812731	trials	210626SL	p61	Z11111	264	8.0	45.0	12	576.740026300741	576.9368676821223
577.0303093905325	0.5268815921955365	trials	210626SL	p61	Z11111	79	3.0	225.0	4	577.1803093905324	577.407190982728
577.4806325507826	0.4968413813812731	trials	210626SL	p61	Z11111	24	8.0	45.0	4	577.6306325507826	577.8274739321639
581.0130173401348	0.5068814518398312	trials	210626SL	p61	Z11111	305	4.0	180.0	12	581.1630173401347	581.3698987919746
581.4433403600291	0.4968413813812731	trials	210626SL	p61	Z11111	212	1.0	270.0	8	581.5933403600291	581.7901817414104
581.8736233796427	0.4968413813812731	trials	210626SL	p61	Z11111	25	9.0	45.0	4	582.0236233796427	582.220464761024
582.2739061887227	0.5068414515592394	trials	210626SL	p61	Z11111	175	9.0	135.0	8	582.4239061887226	582.6307476402819
582.7141892785143	0.4968413813812731	trials	210626SL	p61	Z11111	277	6.0	90.0	12	582.8641892785142	583.0610306598956
583.1444722981279	0.4968413813812731	trials	210626SL	p61	Z11111	130	9.0	0.0	8	583.2944722981279	583.4913136795092
583.5647552475637	0.4968413813812731	trials	210626SL	p61	Z11111	114	8.0	315.0	4	583.7147552475636	583.911596628945
583.9750381268215	0.5268815921956502	trials	210626SL	p61	Z11111	204	8.0	225.0	8	584.1250381268214	584.3519197190171
587.7576246720241	0.5168415217369784	trials	210626SL	p61	Z11111	252	11.0	0.0	12	587.9076246720241	588.1244661937611
588.1979077618156	0.4968413813812731	trials	210626SL	p61	Z11111	255	14.0	0.0	12	588.3479077618156	588.5447491431969
588.5981905708957	0.5368816623735029	trials	210626SL	p61	Z11111	0			0	588.7481905708956	588.9850722332692
589.0485137311458	0.4968413813811594	trials	210626SL	p61	Z11111	343	12.0	270.0	12	589.1985137311458	589.395355112527
589.4587566101229	0.4968813816619786	trials	210626SL	p61	Z11111	359	13.0	315.0	12	589.6087566101229	589.8056379917849
589.8890796300172	0.4968413813812731	trials	210626SL	p61	Z11111	0			0	590.0390796300172	590.2359210113985
590.2893224388166	0.4968813816619786	trials	210626SL	p61	Z11111	360	14.0	315.0	12	590.4393224388166	590.6362038204786
590.6896052478966	0.5268815921956502	trials	210626SL	p61	Z11111	330	14.0	225.0	12	590.8396052478965	591.0664868400922
594.312070669411	0.5068414515591257	trials	210626SL	p61	Z11111	224	13.0	270.0	8	594.462070669411	594.6689121209702
594.7423936893055	0.4968013811004539	trials	210626SL	p61	Z11111	161	10.0	90.0	8	594.8923936893054	595.0891950704059
595.1426364981047	0.5268815921956502	trials	210626SL	p61	Z11111	340	9.0	270.0	12	595.2926364981047	595.5195180903004
595.5929596583549	0.4968413813811594	trials	210626SL	p61	Z11111	262	6.0	45.0	12	595.7429596583548	595.939801039736
595.9932424674348	0.4968413813812731	trials	210626SL	p61	Z11111	37	6.0	90.0	4	596.1432424674348	596.3400838488161
596.3934852762342	0.5268815921955365	trials	210626SL	p61	Z11111	145	9.0	45.0	8	596.5434852762342	596.7703668684297
596.8438084364842	0.4968413813812731	trials	210626SL	p61	Z11111	225	14.0	270.0	8	596.9938084364842	597.1906498178655
597.26409138592	0.4968413813812731	trials	210626SL	p61	Z11111	108	2.0	315.0	4	597.41409138592	597.6109327673013
600.6964354732127	0.5068414515591257	trials	210626SL	p61	Z11111	222	11.0	270.0	8	600.8464354732126	601.0532769247718
601.1267184928263	0.4968413813812731	trials	210626SL	p61	Z11111	197	1.0	225.0	8	601.2767184928263	601.4735598742076
601.5270013019064	0.5368416620926837	trials	210626SL	p61	Z11111	122	1.0	0.0	8	601.6770013019063	601.9138429639991
601.9973246025122	0.4968413813812731	trials	210626SL	p61	Z11111	324	8.0	225.0	12	602.1473246025122	602.3441659838935
602.3975674113115	0.5268815921956502	trials	210626SL	p61	Z11111	230	4.0	315.0	8	602.5475674113114	602.7744490035071
602.8478905715616	0.526841591914831	trials	210626SL	p61	Z11111	266	10.0	45.0	12	602.9978905715616	603.2247321634765
603.2981737315309	0.4968413813812731	trials	210626SL	p61	Z11111	190	9.0	180.0	8	603.4481737315309	603.6450151129122
603.698456540611	0.5068414515591257	trials	210626SL	p61	Z11111	354	8.0	315.0	12	603.848456540611	604.0552979921702
609.8326195885621	0.5168815220177976	trials	210626SL	p61	Z11111	237	11.0	315.0	8	609.9826195885621	610.19950111058
610.2729426786344	0.4968413813812731	trials	210626SL	p61	Z11111	291	5.0	135.0	12	610.4229426786344	610.6197840600157
610.6731854874337	0.5068814518398312	trials	210626SL	p61	Z11111	198	2.0	225.0	8	610.8231854874336	611.0300669392735
611.113508577506	0.4968413813812731	trials	210626SL	p61	Z11111	18	2.0	45.0	4	611.263508577506	611.4603499588873
611.5137913865859	0.5268415919149447	trials	210626SL	p61	Z11111	245	4.0	0.0	12	611.6637913865859	611.8906329785009
611.9640745465553	0.4968413813812731	trials	210626SL	p61	Z11111	92	1.0	270.0	4	612.1140745465552	612.3109159279365
612.3643573556353	0.5268415919149447	trials	210626SL	p61	Z11111	235	9.0	315.0	8	612.5143573556353	612.7411989475503
612.8146805158855	0.4968413813812731	trials	210626SL	p61	Z11111	65	4.0	180.0	4	612.9646805158854	613.1615218972668
616.1669440411937	0.5068414515591257	trials	210626SL	p61	Z11111	220	9.0	270.0	8	616.3169440411937	616.5237854927528
616.5772269204516	0.5368816623733892	trials	210626SL	p61	Z11111	112	6.0	315.0	4	616.7272269204516	616.964108582825
617.0475502210575	0.4968413813812731	trials	210626SL	p61	Z11111	249	8.0	0.0	12	617.1975502210574	617.3943916024388
617.4478330301374	0.5368416620927974	trials	210626SL	p61	Z11111	286	0.0	135.0	12	617.5978330301374	617.8346746922302
617.888116119929	0.4968413813811594	trials	210626SL	p61	Z11111	348	2.0	315.0	12	618.038116119929	618.2349575013102
618.3183991395426	0.4968413813812731	trials	210626SL	p61	Z11111	98	7.0	270.0	4	618.4683991395426	618.6652405209239
618.7286820188004	0.5268815921956502	trials	210626SL	p61	Z11111	73	12.0	180.0	4	618.8786820188004	619.1055636109961
619.1690051088727	0.5068414515591257	trials	210626SL	p61	Z11111	231	5.0	315.0	8	619.3190051088727	619.5258465604319
622.5913091257067	0.5268815921956502	trials	210626SL	p61	Z11111	78	2.0	225.0	4	622.7413091257067	622.9681907179024
623.0215921453205	0.5268815921955365	trials	210626SL	p61	Z11111	309	8.0	180.0	12	623.1715921453205	623.398473737516
623.4519151652148	0.4968413813812731	trials	210626SL	p61	Z11111	345	14.0	270.0	12	623.6019151652148	623.7987565465961
623.862158044192	0.5268815921955365	trials	210626SL	p61	Z11111	238	12.0	315.0	8	624.012158044192	624.2390396363876
624.3024811342642	0.5068414515591257	trials	210626SL	p61	Z11111	50	4.0	135.0	4	624.4524811342642	624.6593225858234
624.7427642240557	0.4968413813812731	trials	210626SL	p61	Z11111	156	5.0	90.0	8	624.8927642240557	625.089605605437
625.1430470331358	0.4968413813812731	trials	210626SL	p61	Z11111	102	11.0	270.0	4	625.2930470331357	625.489888414517
625.5433298422157	0.5268415919149447	trials	210626SL	p61	Z11111	51	5.0	135.0	4	625.6933298422157	625.9201714341307
629.1257549827379	0.5268815921956502	trials	210626SL	p61	Z11111	177	11.0	135.0	8	629.2757549827379	629.5026365749336
629.5760781429881	0.4968413813812731	trials	210626SL	p61	Z11111	232	6.0	315.0	8	629.7260781429881	629.9229195243694
629.9763609520681	0.4968013811004539	trials	210626SL	p61	Z11111	59	13.0	135.0	4	630.1263609520681	630.3231623331686
630.3766037608674	0.5368816623735029	trials	210626SL	p61	Z11111	107	1.0	315.0	4	630.5266037608674	630.7634854232409
630.8269269211175	0.4968413813811594	trials	210626SL	p61	Z11111	162	11.0	90.0	8	630.9769269211175	631.1737683024987
631.2372098003754	0.4968413813812731	trials	210626SL	p61	Z11111	3	2.0	0.0	4	631.3872098003753	631.5840511817566
631.667492819989	0.4968413813812731	trials	210626SL	p61	Z11111	259	3.0	45.0	12	631.817492819989	632.0143342013703
634.3493116402918	0.5068414515591257	trials	210626SL	p61	Z11111	106	0.0	315.0	4	634.4993116402918	634.706153091851
634.7595945195496	0.5268415919149447	trials	210626SL	p61	Z11111	129	8.0	0.0	8	634.9095945195496	635.1364361114646
635.2099176797998	0.4968013811005676	trials	210626SL	p61	Z11111	310	9.0	180.0	12	635.3599176797998	635.5567190609004
635.610160488599	0.5068414515591257	trials	210626SL	p61	Z11111	77	1.0	225.0	4	635.760160488599	635.9670019401582
636.020443367857	0.5268815921956502	trials	210626SL	p61	Z11111	182	1.0	180.0	8	636.1704433678569	636.3973249600526
636.4507263874706	0.5268815921956502	trials	210626SL	p61	Z11111	56	10.0	135.0	4	636.6007263874706	636.8276079796663
636.9010495477207	0.4968413813812731	trials	210626SL	p61	Z11111	326	10.0	225.0	12	637.0510495477207	637.247890929102
637.3013323568007	0.4968413813812731	trials	210626SL	p61	Z11111	132	11.0	0.0	8	637.4513323568007	637.648173738182
640.8537172865086	0.5268815921955365	trials	210626SL	p61	Z11111	302	1.0	180.0	12	641.0037172865086	641.2305988787042
641.284040306403	0.4968413813812731	trials	210626SL	p61	Z11111	48	2.0	135.0	4	641.434040306403	641.6308816877843
641.6842831152022	0.4968413813812731	trials	210626SL	p61	Z11111	179	13.0	135.0	8	641.8342831152022	642.0311244965835
642.1146061350966	0.5068414515592394	trials	210626SL	p61	Z11111	80	4.0	225.0	4	642.2646061350965	642.4714475866558
642.5548892248881	0.5268815921956502	trials	210626SL	p61	Z11111	157	6.0	90.0	8	642.7048892248881	642.9317708170838
643.0052123851382	0.4968413813812731	trials	210626SL	p61	Z11111	278	7.0	90.0	12	643.1552123851382	643.3520537665195
643.4054551939375	0.4968413813812731	trials	210626SL	p61	Z11111	254	13.0	0.0	12	643.5554551939375	643.7522965753188
643.8157380731955	0.5268815921955365	trials	210626SL	p61	Z11111	178	12.0	135.0	8	643.9657380731954	644.192619665391
647.3481628628283	0.5168415217369784	trials	210626SL	p61	Z11111	192	11.0	180.0	8	647.4981628628283	647.7150043845653
647.7884459526198	0.4968413813812731	trials	210626SL	p61	Z11111	152	1.0	90.0	8	647.9384459526198	648.1352873340011
648.1887287616998	0.5368816623735029	trials	210626SL	p61	Z11111	104	13.0	270.0	4	648.3387287616998	648.5756104240734
648.6390119216692	0.4968413813812731	trials	210626SL	p61	Z11111	331	0.0	270.0	12	648.7890119216692	648.9858533030505
649.0492948009271	0.5268815921956502	trials	210626SL	p61	Z11111	115	9.0	315.0	4	649.1992948009271	649.4261763931228
649.4896178909993	0.5068414515592394	trials	210626SL	p61	Z11111	349	3.0	315.0	12	649.6396178909993	649.8464593425585
649.9299009807909	0.4968413813812731	trials	210626SL	p61	Z11111	356	10.0	315.0	12	650.0799009807909	650.2767423621722
650.3301837898708	0.4968413813812731	trials	210626SL	p61	Z11111	169	3.0	135.0	8	650.4801837898708	650.6770251712521
653.912608930393	0.5268815921956502	trials	210626SL	p61	Z11111	279	8.0	90.0	12	654.062608930393	654.2894905225887
654.3429319502874	0.5068414515592394	trials	210626SL	p61	Z11111	100	9.0	270.0	4	654.4929319502874	654.6997734018466
654.783215040079	0.4968413813812731	trials	210626SL	p61	Z11111	285	14.0	90.0	12	654.933215040079	655.1300564214603
655.1834978491589	0.5268415919149447	trials	210626SL	p61	Z11111	208	12.0	225.0	8	655.3334978491589	655.5603394410739
655.6337810091284	0.4968413813812731	trials	210626SL	p61	Z11111	81	5.0	225.0	4	655.7837810091283	655.9806223905097
656.0340638182084	0.4968413813812731	trials	210626SL	p61	Z11111	44	13.0	90.0	4	656.1840638182084	656.3809051995897
656.4643468378221	0.5068414515591257	trials	210626SL	p61	Z11111	301	0.0	180.0	12	656.614346837822	656.8211882893812
656.87462971708	0.5268815921955365	trials	210626SL	p61	Z11111	49	3.0	135.0	4	657.02462971708	657.2515113092755
660.6071759111124	0.526841591914831	trials	210626SL	p61	Z11111	6	5.0	0.0	4	660.7571759111124	660.9840175030273
661.0474590009039	0.5068414515591257	trials	210626SL	p61	Z11111	36	5.0	90.0	4	661.1974590009039	661.4043004524631
661.4877820909761	0.4968413813812731	trials	210626SL	p61	Z11111	120	14.0	315.0	4	661.6377820909761	661.8346234723574
661.8880248997755	0.5268815921955365	trials	210626SL	p61	Z11111	306	5.0	180.0	12	662.0380248997755	662.264906491971
662.3283479898477	0.4968413813812731	trials	210626SL	p61	Z11111	312	11.0	180.0	12	662.4783479898476	662.675189371229
662.7586310094613	0.4968413813812731	trials	210626SL	p61	Z11111	185	4.0	180.0	8	662.9086310094613	663.1054723908426
663.1589138185414	0.4968413813812731	trials	210626SL	p61	Z11111	247	6.0	0.0	12	663.3089138185413	663.5057551999226
663.589196838155	0.4968413813812731	trials	210626SL	p61	Z11111	39	8.0	90.0	4	663.739196838155	663.9360382195363
667.8120664731491	0.5268815921955365	trials	210626SL	p61	Z11111	83	7.0	225.0	4	667.9620664731491	668.1889480653447
668.2423494927627	0.5268815921955365	trials	210626SL	p61	Z11111	221	10.0	270.0	8	668.3923494927627	668.6192310849583
668.6926726530129	0.4968413813812731	trials	210626SL	p61	Z11111	339	8.0	270.0	12	668.8426726530129	669.0395140343942
669.1029555322708	0.526841591914831	trials	210626SL	p61	Z11111	242	1.0	0.0	12	669.2529555322708	669.4797971241857
669.5432386220623	0.5068414515591257	trials	210626SL	p61	Z11111	215	4.0	270.0	8	669.6932386220623	669.9000800736214
669.9535215013201	0.5268815921956502	trials	210626SL	p61	Z11111	90	14.0	225.0	4	670.1035215013201	670.3304030935158
670.3838045209337	0.4968413813812731	trials	210626SL	p61	Z11111	150	14.0	45.0	8	670.5338045209337	670.730645902315
670.8141275408282	0.5068414515591257	trials	210626SL	p61	Z11111	10	9.0	0.0	4	670.9641275408281	671.1709689923873
674.4065527515282	0.5268815921956502	trials	210626SL	p61	Z11111	97	6.0	270.0	4	674.5565527515282	674.7834343437239
674.8368357711419	0.5268815921956502	trials	210626SL	p61	Z11111	27	11.0	45.0	4	674.9868357711418	675.2137173633375
675.2671587910362	0.4968413813812731	trials	210626SL	p61	Z11111	70	9.0	180.0	4	675.4171587910362	675.6140001724175
675.6974418106498	0.5068414515592394	trials	210626SL	p61	Z11111	270	14.0	45.0	12	675.8474418106498	676.0542832622091
676.1377249004414	0.5268815921956502	trials	210626SL	p61	Z11111	184	3.0	180.0	8	676.2877249004414	676.5146064926371
676.5880480606914	0.4968413813812731	trials	210626SL	p61	Z11111	111	5.0	315.0	4	676.7380480606914	676.9348894420727
676.9883308697715	0.5368416620927974	trials	210626SL	p61	Z11111	240	14.0	315.0	8	677.1383308697715	677.3751725318643
677.438614029741	0.4968413813812731	trials	210626SL	p61	Z11111	140	4.0	45.0	8	677.5886140297409	677.7854554111223
681.3812816983509	0.5168815220177976	trials	210626SL	p61	Z11111	209	13.0	225.0	8	681.5312816983509	681.7481632203687
684.3033022043263	0.526841591914831	trials	210626SL	p61	Z11111	323	7.0	225.0	12	684.4533022043263	684.6801437962412
684.7535853642956	0.4968413813812731	trials	210626SL	p61	Z11111	344	13.0	270.0	12	684.9035853642956	685.1004267456769
685.1838683839093	0.4968413813812731	trials	210626SL	p61	Z11111	201	5.0	225.0	8	685.3338683839092	685.5307097652906
685.6041913336257	0.4968413813812731	trials	210626SL	p61	Z11111	316	0.0	225.0	12	685.7541913336257	685.951032715007
686.0044341424251	0.5268815921955365	trials	210626SL	p61	Z11111	96	5.0	270.0	4	686.1544341424251	686.3813157346207
686.4547573026751	0.4968413813812731	trials	210626SL	p61	Z11111	248	7.0	0.0	12	686.6047573026751	686.8015986840564
686.8550401117552	0.4968413813811594	trials	210626SL	p61	Z11111	244	3.0	0.0	12	687.0050401117552	687.2018814931364
687.2652829907323	0.5268815921956502	trials	210626SL	p61	Z11111	89	13.0	225.0	4	687.4152829907323	687.642164582928
690.8277079908988	0.5268815921956502	trials	210626SL	p61	Z11111	41	10.0	90.0	4	690.9777079908988	691.2045895830945
691.2680310809711	0.5068414515591257	trials	210626SL	p61	Z11111	138	2.0	45.0	8	691.4180310809711	691.6248725325303
691.6783139602289	0.5268415919149447	trials	210626SL	p61	Z11111	284	13.0	90.0	12	691.8283139602289	692.0551555521439
692.1285971201984	0.4968413813812731	trials	210626SL	p61	Z11111	86	10.0	225.0	4	692.2785971201984	692.4754385015797
692.5288799292783	0.5268815921956502	trials	210626SL	p61	Z11111	26	10.0	45.0	4	692.6788799292783	692.905761521474
692.959162948892	0.5068414515592394	trials	210626SL	p61	Z11111	219	8.0	270.0	8	693.1091629488919	693.3160044004512
693.3694458281499	0.5268815921956502	trials	210626SL	p61	Z11111	167	1.0	135.0	8	693.5194458281499	693.7463274203456
693.8197689884	0.526841591914831	trials	210626SL	p61	Z11111	151	0.0	90.0	8	693.9697689884	694.1966105803149
697.2020727245226	0.5168415217369784	trials	210626SL	p61	Z11111	142	6.0	45.0	8	697.3520727245226	697.5689142462596
697.6423558143141	0.4968413813812731	trials	210626SL	p61	Z11111	258	2.0	45.0	12	697.7923558143141	697.9891971956954
698.052638693572	0.5268815921956502	trials	210626SL	p61	Z11111	17	1.0	45.0	4	698.202638693572	698.4295202857677
700.7444575840526	0.5268815921956502	trials	210626SL	p61	Z11111	333	2.0	270.0	12	700.8944575840526	701.1213391762483
701.1947807443028	0.4968413813811594	trials	210626SL	p61	Z11111	172	6.0	135.0	8	701.3447807443027	701.541622125684
701.6250637639164	0.4968413813812731	trials	210626SL	p61	Z11111	303	2.0	180.0	12	701.7750637639164	701.9719051452977
702.0253465729963	0.5068414515591257	trials	210626SL	p61	Z11111	211	0.0	270.0	8	702.1753465729963	702.3821880245555
702.4656296627879	0.4968413813812731	trials	210626SL	p61	Z11111	226	0.0	315.0	8	702.6156296627879	702.8124710441692
702.8659124718679	0.5268815921956502	trials	210626SL	p61	Z11111	253	12.0	0.0	12	703.0159124718679	703.2427940640636
703.316235632118	0.4968413813812731	trials	210626SL	p61	Z11111	1	0.0	0.0	4	703.466235632118	703.6630770134993
703.7164784409173	0.5268815921956502	trials	210626SL	p61	Z11111	233	7.0	315.0	8	703.8664784409173	704.093360033113
707.49906498612	0.5068414515591257	trials	210626SL	p61	Z11111	227	1.0	315.0	8	707.6490649861199	707.8559064376791
707.9293480057336	0.4968413813812731	trials	210626SL	p61	Z11111	4	3.0	0.0	4	708.0793480057336	708.2761893871149
708.3296308148135	0.5068414515591257	trials	210626SL	p61	Z11111	23	7.0	45.0	4	708.4796308148135	708.6864722663727
708.769913904605	0.5268815921956502	trials	210626SL	p61	Z11111	110	4.0	315.0	4	708.919913904605	709.1467954968007
709.2202370648552	0.4968413813812731	trials	210626SL	p61	Z11111	180	14.0	135.0	8	709.3702370648551	709.5670784462365
709.6205198739352	0.526841591914831	trials	210626SL	p61	Z11111	168	2.0	135.0	8	709.7705198739352	709.9973614658501
710.0708030339046	0.4968413813812731	trials	210626SL	p61	Z11111	318	2.0	225.0	12	710.2208030339045	710.4176444152858
710.4710858429846	0.5068414515591257	trials	210626SL	p61	Z11111	166	0.0	135.0	8	710.6210858429846	710.8279272945438
714.0235107729732	0.5268415919149447	trials	210626SL	p61	Z11111	171	5.0	135.0	8	714.1735107729731	714.4003523648881
714.4537937925869	0.5268815921955365	trials	210626SL	p61	Z11111	282	11.0	90.0	12	714.6037937925869	714.8306753847825
714.904116952837	0.4968413813812731	trials	210626SL	p61	Z11111	53	7.0	135.0	4	715.0541169528369	715.2509583342182
715.3043597616362	0.4968413813812731	trials	210626SL	p61	Z11111	57	11.0	135.0	4	715.4543597616362	715.6512011430175
715.7146426408941	0.5268815921956502	trials	210626SL	p61	Z11111	146	10.0	45.0	8	715.8646426408941	716.0915242330898
716.1449256605077	0.4968413813812731	trials	210626SL	p61	Z11111	76	0.0	225.0	4	716.2949256605077	716.491767041889
716.5752486804022	0.5368416620927974	trials	210626SL	p61	Z11111	148	12.0	45.0	8	716.7252486804022	716.962090342495
717.0255318403715	0.5068414515591257	trials	210626SL	p61	Z11111	14	13.0	0.0	4	717.1755318403715	717.3823732919307
724.0903414193566	0.5268815921955365	trials	210626SL	p61	Z11111	341	10.0	270.0	12	724.2403414193566	724.4672230115522
724.5206644392509	0.4968013811004539	trials	210626SL	p61	Z11111	165	14.0	90.0	8	724.6706644392509	724.8674658203514
724.930907318228	0.5268815921956502	trials	210626SL	p61	Z11111	246	5.0	0.0	12	725.080907318228	725.3077889104237
725.3712304083003	0.5068414515591257	trials	210626SL	p61	Z11111	236	10.0	315.0	8	725.5212304083003	725.7280718598595
725.7815132875581	0.5268415919149447	trials	210626SL	p61	Z11111	271	0.0	90.0	12	725.9315132875581	726.1583548794731
726.2317964475276	0.4968413813812731	trials	210626SL	p61	Z11111	294	8.0	135.0	12	726.3817964475276	726.5786378289089
726.6620794671412	0.4968413813812731	trials	210626SL	p61	Z11111	147	11.0	45.0	8	726.8120794671412	727.0089208485225
727.0623622762213	0.5068414515591257	trials	210626SL	p61	Z11111	273	2.0	90.0	12	727.2123622762213	727.4192037277804
730.494706363514	0.5068414515590121	trials	210626SL	p61	Z11111	292	6.0	135.0	12	730.6447063635139	730.851547815073
730.9249893831276	0.4968413813812731	trials	210626SL	p61	Z11111	332	1.0	270.0	12	731.0749893831276	731.2718307645089
731.3352722623855	0.5268815921955365	trials	210626SL	p61	Z11111	66	5.0	180.0	4	731.4852722623855	731.7121538545811
731.775555352177	0.5068814518398312	trials	210626SL	p61	Z11111	84	8.0	225.0	4	731.925555352177	732.1324368040168
732.1958783018935	0.4968413813812731	trials	210626SL	p61	Z11111	187	6.0	180.0	8	732.3458783018934	732.5427196832748
732.6161612513291	0.4968413813812731	trials	210626SL	p61	Z11111	214	3.0	270.0	8	732.7661612513291	732.9630026327104
733.0164040601285	0.5368816623735029	trials	210626SL	p61	Z11111	137	1.0	45.0	8	733.1664040601285	733.403285722502
733.4667272203786	0.4968413813812731	trials	210626SL	p61	Z11111	52	6.0	135.0	4	733.6167272203786	733.8135686017599
736.9891119395528	0.5068414515592394	trials	210626SL	p61	Z11111	69	8.0	180.0	4	737.1391119395528	737.3459533911121
737.3993948188107	0.4968413813812731	trials	210626SL	p61	Z11111	5	4.0	0.0	4	737.5493948188107	737.746236200192
740.0111731475877	0.5068414515591257	trials	210626SL	p61	Z11111	131	10.0	0.0	8	740.1611731475876	740.3680145991468
740.4414561672013	0.4968413813812731	trials	210626SL	p61	Z11111	304	3.0	180.0	12	740.5914561672013	740.7882975485826
740.8417389762814	0.5068414515591257	trials	210626SL	p61	Z11111	200	4.0	225.0	8	740.9917389762813	741.1985804278405
741.2820620663535	0.4968013811005676	trials	210626SL	p61	Z11111	322	6.0	225.0	12	741.4320620663535	741.6288634474541
741.6823048751528	0.5268815921956502	trials	210626SL	p61	Z11111	16	0.0	45.0	4	741.8323048751528	742.0591864673485
742.132628035403	0.4968413813812731	trials	210626SL	p61	Z11111	321	5.0	225.0	12	742.2826280354029	742.4794694167842
742.5329108444829	0.5368416620927974	trials	210626SL	p61	Z11111	337	6.0	270.0	12	742.6829108444829	742.9197525065757
742.9831940044523	0.5068414515591257	trials	210626SL	p61	Z11111	268	12.0	45.0	12	743.1331940044523	743.3400354560115
746.8358210411808	0.5368816623735029	trials	210626SL	p61	Z11111	257	1.0	45.0	12	746.9858210411808	747.2227027035543
747.2961442716088	0.5068414515591257	trials	210626SL	p61	Z11111	218	7.0	270.0	8	747.4461442716088	747.652985723168
747.7364273614003	0.4968413813812731	trials	210626SL	p61	Z11111	0			0	747.8864273614003	748.0832687427816
748.1667103810139	0.5068814518398312	trials	210626SL	p61	Z11111	188	7.0	180.0	8	748.3167103810139	748.5235918328538
748.5769932602718	0.5268815921955365	trials	210626SL	p61	Z11111	173	7.0	135.0	8	748.7269932602718	748.9538748524674
749.0073162801662	0.4968413813812731	trials	210626SL	p61	Z11111	319	3.0	225.0	12	749.1573162801661	749.3541576615474
749.4275992296019	0.4968413813812731	trials	210626SL	p61	Z11111	205	9.0	225.0	8	749.5775992296019	749.7744406109832
749.8278420384012	0.4968413813812731	trials	210626SL	p61	Z11111	40	9.0	90.0	4	749.9778420384011	750.1746834197825
753.4002671087457	0.5068814518397176	trials	210626SL	p61	Z11111	213	2.0	270.0	8	753.5502671087456	753.7571485605854
753.8205500581813	0.5068814518399449	trials	210626SL	p61	Z11111	61	0.0	180.0	4	753.9705500581813	754.1774315100213
754.2608731482536	0.4968413813812731	trials	210626SL	p61	Z11111	30	14.0	45.0	4	754.4108731482536	754.6077145296349
754.6911561678672	0.4968413813812731	trials	210626SL	p61	Z11111	203	7.0	225.0	8	754.8411561678672	755.0379975492485
755.1014390471252	0.4968413813812731	trials	210626SL	p61	Z11111	261	5.0	45.0	12	755.2514390471251	755.4482804285065
755.5317220667388	0.4968413813812731	trials	210626SL	p61	Z11111	2	1.0	0.0	4	755.6817220667388	755.8785634481201
755.9320048758187	0.5268815921956502	trials	210626SL	p61	Z11111	144	8.0	45.0	8	756.0820048758187	756.3088864680144
756.3823280360689	0.4968413813812731	trials	210626SL	p61	Z11111	63	2.0	180.0	4	756.5323280360689	756.7291694174502
759.9547531064132	0.5068414515591257	trials	210626SL	p61	Z11111	126	5.0	0.0	8	760.1047531064132	760.3115945579724
760.375036055849	0.5068414515591257	trials	210626SL	p61	Z11111	82	6.0	225.0	4	760.525036055849	760.7318775074082
760.7853189351068	0.5268415919149447	trials	210626SL	p61	Z11111	20	4.0	45.0	4	760.9353189351068	761.1621605270218
761.2356020950763	0.4968413813812731	trials	210626SL	p61	Z11111	71	10.0	180.0	4	761.3856020950763	761.5824434764576
761.6659251149706	0.4968413813812731	trials	210626SL	p61	Z11111	43	12.0	90.0	4	761.8159251149706	762.0127664963519
762.06616792377	0.5368816623733892	trials	210626SL	p61	Z11111	13	12.0	0.0	4	762.21616792377	762.4530495861434
762.5064910138422	0.4968413813812731	trials	210626SL	p61	Z11111	274	3.0	90.0	12	762.6564910138421	762.8533323952234
762.9067338226415	0.5268815921955365	trials	210626SL	p61	Z11111	217	6.0	270.0	8	763.0567338226415	763.2836154148371
766.5291992441558	0.5168815220176839	trials	210626SL	p61	Z11111	320	4.0	225.0	12	766.6791992441558	766.8960807661736
766.9695223342281	0.4968413813812731	trials	210626SL	p61	Z11111	313	12.0	180.0	12	767.1195223342281	767.3163637156094
767.3697651430274	0.5268815921956502	trials	210626SL	p61	Z11111	210	14.0	225.0	8	767.5197651430274	767.7466467352231
769.8314624185748	0.526841591914831	trials	210626SL	p61	Z11111	181	0.0	180.0	8	769.9814624185748	770.2083040104897
770.281785578825	0.4968413813812731	trials	210626SL	p61	Z11111	307	6.0	180.0	12	770.4317855788249	770.6286269602062
770.7020685282606	0.4968413813812731	trials	210626SL	p61	Z11111	243	2.0	0.0	12	770.8520685282606	771.0489099096419
771.1323515478742	0.4968413813812731	trials	210626SL	p61	Z11111	45	14.0	90.0	4	771.2823515478742	771.4791929292555
771.5326343569544	0.5068414515590121	trials	210626SL	p61	Z11111	347	1.0	315.0	12	771.6826343569544	771.8894758085135
771.9729174467458	0.4968413813812731	trials	210626SL	p61	Z11111	94	3.0	270.0	4	772.1229174467458	772.3197588281271
772.3732002558259	0.526841591914831	trials	210626SL	p61	Z11111	0			0	772.5232002558258	772.7500418477407
772.8234834157952	0.4968413813812731	trials	210626SL	p61	Z11111	297	11.0	135.0	12	772.9734834157952	773.1703247971765
776.4559489074876	0.5068814518398312	trials	210626SL	p61	Z11111	31	0.0	90.0	4	776.6059489074876	776.8128303593274
776.876271857204	0.4968013811005676	trials	210626SL	p61	Z11111	123	2.0	0.0	8	777.0262718572039	777.2230732383046
779.7882522927208	0.5068414515590121	trials	210626SL	p61	Z11111	293	7.0	135.0	12	779.9382522927208	780.1450937442798
780.198495171698	0.4968413813812731	trials	210626SL	p61	Z11111	170	4.0	135.0	8	780.348495171698	780.5453365530793
780.598777980778	0.5268815921956502	trials	210626SL	p61	Z11111	202	6.0	225.0	8	780.748777980778	780.9756595729737
781.049101141028	0.5368416620927974	trials	210626SL	p61	Z11111	8	7.0	0.0	4	781.199101141028	781.4359428031208
781.4893842308196	0.5268815921956502	trials	210626SL	p61	Z11111	296	10.0	135.0	12	781.6393842308196	781.8662658230153
781.9196672504332	0.4968413813812731	trials	210626SL	p61	Z11111	154	3.0	90.0	8	782.0696672504332	782.2665086318145
782.3599903405054	0.4968413813812731	trials	210626SL	p61	Z11111	134	13.0	0.0	8	782.5099903405054	782.7068317218867
782.790273360119	0.4968413813812731	trials	210626SL	p61	Z11111	216	5.0	270.0	8	782.940273360119	783.1371147415003
786.5828599754996	0.4968413813811594	trials	210626SL	p61	Z11111	327	11.0	225.0	12	786.7328599754995	786.9297013568807
787.0031429249353	0.4968413813812731	trials	210626SL	p61	Z11111	338	7.0	270.0	12	787.1531429249353	787.3499843063166
787.4134258041933	0.526841591914831	trials	210626SL	p61	Z11111	195	14.0	180.0	8	787.5634258041932	787.7902673961081
787.8537088939847	0.5068414515591257	trials	210626SL	p61	Z11111	32	1.0	90.0	4	788.0037088939847	788.2105503455439
788.2939919837762	0.4968813816619786	trials	210626SL	p61	Z11111	55	9.0	135.0	4	788.4439919837762	788.6408733654382
788.6942747928563	0.4968413813811594	trials	210626SL	p61	Z11111	21	5.0	45.0	4	788.8442747928563	789.0411161742375
789.1245978127506	0.5068414515591257	trials	210626SL	p61	Z11111	139	3.0	45.0	8	789.2745978127506	789.4814392643098
789.5648809025421	0.4968413813812731	trials	210626SL	p61	Z11111	95	4.0	270.0	4	789.7148809025421	789.9117222839234
793.1973463942345	0.5068414515591257	trials	210626SL	p61	Z11111	141	5.0	45.0	8	793.3473463942345	793.5541878457936
793.6176293436703	0.5268815921955365	trials	210626SL	p61	Z11111	7	6.0	0.0	4	793.7676293436703	793.9945109358658
794.0679525039203	0.4968413813812731	trials	210626SL	p61	Z11111	12	11.0	0.0	4	794.2179525039203	794.4147938853016
794.4682353130003	0.5268415919149447	trials	210626SL	p61	Z11111	269	13.0	45.0	12	794.6182353130002	794.8450769049152
794.8985183326139	0.4968413813812731	trials	210626SL	p61	Z11111	193	12.0	180.0	8	795.0485183326139	795.2453597139952
795.3388014224055	0.4968413813812731	trials	210626SL	p61	Z11111	158	7.0	90.0	8	795.4888014224055	795.6856428037868
795.7390842314855	0.526841591914831	trials	210626SL	p61	Z11111	272	1.0	90.0	12	795.8890842314855	796.1159258234004
796.1894073917356	0.4968013811005676	trials	210626SL	p61	Z11111	207	11.0	225.0	8	796.3394073917356	796.5362087728362
799.7217921810877	0.5268415919149447	trials	210626SL	p61	Z11111	325	9.0	225.0	12	799.8717921810877	800.0986337730027
800.1520752007015	0.5268815921955365	trials	210626SL	p61	Z11111	176	10.0	135.0	8	800.3020752007014	800.528956792897
800.6023983609515	0.4968413813812731	trials	210626SL	p61	Z11111	191	10.0	180.0	8	800.7523983609515	800.9492397423328
801.0026411697507	0.5368816623735029	trials	210626SL	p61	Z11111	353	7.0	315.0	12	801.1526411697507	801.3895228321243
801.452964330001	0.4968413813811594	trials	210626SL	p61	Z11111	11	10.0	0.0	4	801.602964330001	801.7998057113822
801.8632472092588	0.526841591914831	trials	210626SL	p61	Z11111	133	12.0	0.0	8	802.0132472092588	802.2400888011737
802.3035302990503	0.5068814518399449	trials	210626SL	p61	Z11111	160	9.0	90.0	8	802.4535302990503	802.6604117508903
802.7438533891226	0.4968413813812731	trials	210626SL	p61	Z11111	119	13.0	315.0	4	802.8938533891226	803.0906947705039
806.416359161807	0.5068414515592394	trials	210626SL	p61	Z11111	239	13.0	315.0	8	806.566359161807	806.7732006133663
806.8366421112429	0.5068414515590121	trials	210626SL	p61	Z11111	346	0.0	315.0	12	806.9866421112429	807.1934835628019
807.2769252010344	0.4968413813812731	trials	210626SL	p61	Z11111	267	11.0	45.0	12	807.4269252010344	807.6237665824157
807.6772080101144	0.526841591914831	trials	210626SL	p61	Z11111	263	7.0	45.0	12	807.8272080101144	808.0540496020293
808.1274911700838	0.4968413813812731	trials	210626SL	p61	Z11111	314	13.0	180.0	12	808.2774911700837	808.4743325514651
808.5277739791637	0.5068414515592394	trials	210626SL	p61	Z11111	121	0.0	0.0	8	808.6777739791637	808.884615430723
808.968097069236	0.4968413813812731	trials	210626SL	p61	Z11111	334	3.0	270.0	12	809.118097069236	809.3149384506173
809.3683398780353	0.4968413813812731	trials	210626SL	p61	Z11111	47	1.0	135.0	4	809.5183398780352	809.7151812594166
812.8807245270317	0.5268815921956502	trials	210626SL	p61	Z11111	29	13.0	45.0	4	813.0307245270317	813.2576061192274
815.9628261564145	0.5268815921955365	trials	210626SL	p61	Z11111	280	9.0	90.0	12	816.1128261564145	816.3397077486101
816.4031492464867	0.5068414515591257	trials	210626SL	p61	Z11111	85	9.0	225.0	4	816.5531492464867	816.7599906980458
816.8434323362782	0.4968413813812731	trials	210626SL	p61	Z11111	336	5.0	270.0	12	816.9934323362781	817.1902737176595
817.2437151453582	0.526841591914831	trials	210626SL	p61	Z11111	15	14.0	0.0	4	817.3937151453582	817.6205567372731
817.6940383056084	0.4968013811004539	trials	210626SL	p61	Z11111	206	10.0	225.0	8	817.8440383056084	818.0408396867089
828.8215963958993	0.5268415919149447	trials	210626SL	p61	Z11111	196	0.0	225.0	8	828.9715963958993	829.1984379878143
829.2518794155129	0.5268415919149447	trials	210626SL	p61	Z11111	283	12.0	90.0	12	829.4018794155129	829.6287210074279
829.6921625053045	0.5268815921955365	trials	210626SL	p61	Z11111	38	7.0	90.0	4	829.8421625053045	830.0690440975001
830.1424856655545	0.5268415919149447	trials	210626SL	p61	Z11111	358	12.0	315.0	12	830.2924856655545	830.5193272574695
830.5827687553461	0.5168815220176839	trials	210626SL	p61	Z11111	251	10.0	0.0	12	830.7327687553461	830.9496502773638
831.0130917752405	0.4968413813812731	trials	210626SL	p61	Z11111	34	3.0	90.0	4	831.1630917752404	831.3599331566218
831.4433747948541	0.4968413813812731	trials	210626SL	p61	Z11111	33	2.0	90.0	4	831.5933747948541	831.7902161762354
831.853657674112	0.526841591914831	trials	210626SL	p61	Z11111	135	14.0	0.0	8	832.003657674112	832.2304992660269
835.3660423231083	0.5068414515591257	trials	210626SL	p61	Z11111	149	13.0	45.0	8	835.5160423231083	835.7228837746675
835.7963253427221	0.4968413813811594	trials	210626SL	p61	Z11111	191	10.0	180.0	8	835.946325342722	836.1431667241033
836.2266083623357	0.5268815921955365	trials	210626SL	p61	Z11111	86	10.0	225.0	4	836.3766083623357	836.6034899545313
836.6669314524078	0.5268415919149447	trials	210626SL	p61	Z11111	356	10.0	315.0	12	836.8169314524077	837.0437730443227
837.1172146123773	0.4968413813812731	trials	210626SL	p61	Z11111	81	5.0	225.0	4	837.2672146123773	837.4640559937586
837.5174974214573	0.4968413813812731	trials	210626SL	p61	Z11111	153	2.0	90.0	8	837.6674974214573	837.8643388028386
837.9477804410709	0.4968413813812731	trials	210626SL	p61	Z11111	55	9.0	135.0	4	838.0977804410709	838.2946218224522
838.3680633905067	0.4968413813812731	trials	210626SL	p61	Z11111	286	0.0	135.0	12	838.5180633905067	838.714904771888
842.1906902167015	0.5168415217369784	trials	210626SL	p61	Z11111	178	12.0	135.0	8	842.3406902167014	842.5575317384385
842.630973306493	0.4968413813812731	trials	210626SL	p61	Z11111	121	0.0	0.0	8	842.780973306493	842.9778146878743
843.0412561857509	0.526841591914831	trials	210626SL	p61	Z11111	23	7.0	45.0	4	843.1912561857508	843.4180977776657
843.4815392755424	0.4968413813811594	trials	210626SL	p61	Z11111	322	6.0	225.0	12	843.6315392755424	843.8283806569236
843.8918221548003	0.5268815921956502	trials	210626SL	p61	Z11111	32	1.0	90.0	4	844.0418221548002	844.2687037469959
844.3421453150504	0.4968413813812731	trials	210626SL	p61	Z11111	40	9.0	90.0	4	844.4921453150504	844.6889866964317
844.7424281241305	0.526841591914831	trials	210626SL	p61	Z11111	82	6.0	225.0	4	844.8924281241304	845.1192697160453
845.1927112840998	0.4968413813812731	trials	210626SL	p61	Z11111	355	9.0	315.0	12	845.3427112840998	845.5395526654811
849.0953786719983	0.5068414515591257	trials	210626SL	p61	Z11111	49	3.0	135.0	4	849.2453786719983	849.4522201235575
849.525661691612	0.4968413813812731	trials	210626SL	p61	Z11111	104	13.0	270.0	4	849.6756616916119	849.8725030729933
849.925944500692	0.5268415919149447	trials	210626SL	p61	Z11111	223	12.0	270.0	8	850.075944500692	850.302786092607
850.3762276606614	0.4968413813812731	trials	210626SL	p61	Z11111	296	10.0	135.0	12	850.5262276606613	850.7230690420427
850.7965506103778	0.4968013811005676	trials	210626SL	p61	Z11111	0			0	850.9465506103778	851.1433519914784
851.2268336299915	0.4968413813812731	trials	210626SL	p61	Z11111	96	5.0	270.0	4	851.3768336299914	851.5736750113728
851.6371165092494	0.4968013811004539	trials	210626SL	p61	Z11111	323	7.0	225.0	12	851.7871165092494	851.9839178903499
852.0673995288631	0.4968413813811594	trials	210626SL	p61	Z11111	129	8.0	0.0	8	852.2173995288631	852.4142409102443
856.1501881808055	0.5068414515591257	trials	210626SL	p61	Z11111	69	8.0	180.0	4	856.3001881808054	856.5070296323646
856.5804712004191	0.4968413813812731	trials	210626SL	p61	Z11111	128	7.0	0.0	8	856.7304712004191	856.9273125818004
856.9807140092183	0.4968813816619786	trials	210626SL	p61	Z11111	253	12.0	0.0	12	857.1307140092183	857.3275953908803
857.4210370992906	0.5268415919149447	trials	210626SL	p61	Z11111	329	13.0	225.0	12	857.5710370992906	857.7978786912056
857.8713602595407	0.4968013811005676	trials	210626SL	p61	Z11111	195	14.0	180.0	8	858.0213602595406	858.2181616406413
858.2716030683401	0.5268815921955365	trials	210626SL	p61	Z11111	330	14.0	225.0	12	858.4216030683401	858.6484846605357
858.7019260882345	0.4968013811004539	trials	210626SL	p61	Z11111	341	10.0	270.0	12	858.8519260882344	859.048727469335
859.1121689672116	0.5268815921955365	trials	210626SL	p61	Z11111	177	11.0	135.0	8	859.2621689672116	859.4890505594071
864.7160082934896	0.5068414515591257	trials	210626SL	p61	Z11111	297	11.0	135.0	12	864.8660082934896	865.0728497450488
865.1262911727475	0.4968413813812731	trials	210626SL	p61	Z11111	202	6.0	225.0	8	865.2762911727475	865.4731325541288
865.5265339815468	0.5368816623736166	trials	210626SL	p61	Z11111	75	14.0	180.0	4	865.6765339815468	865.9134156439204
868.1283122401459	0.5268815921955365	trials	210626SL	p61	Z11111	147	11.0	45.0	8	868.2783122401459	868.5051938323414
868.5686353302181	0.4968413813812731	trials	210626SL	p61	Z11111	199	3.0	225.0	8	868.718635330218	868.9154767115994
868.9789182094759	0.5268415919149447	trials	210626SL	p61	Z11111	264	8.0	45.0	12	869.1289182094758	869.3557598013908
869.4092012290896	0.4968413813811594	trials	210626SL	p61	Z11111	215	4.0	270.0	8	869.5592012290896	869.7560426104708
869.809444037889	0.5268815921955365	trials	210626SL	p61	Z11111	230	4.0	315.0	8	869.9594440378889	870.1863256300845
870.249767127961	0.5268415919149447	trials	210626SL	p61	Z11111	30	14.0	45.0	4	870.399767127961	870.626608719876
870.7000902882112	0.4968013811005676	trials	210626SL	p61	Z11111	73	12.0	180.0	4	870.8500902882112	871.0468916693118
871.1303733078249	0.4968413813811594	trials	210626SL	p61	Z11111	272	1.0	90.0	12	871.2803733078249	871.4772146892061
875.2231620299452	0.5068414515590121	trials	210626SL	p61	Z11111	112	6.0	315.0	4	875.3731620299452	875.5800034815043
875.6334049089223	0.5268815921955365	trials	210626SL	p61	Z11111	239	13.0	315.0	8	875.7834049089223	876.0102865011179
876.0837280691725	0.4968413813812731	trials	210626SL	p61	Z11111	94	3.0	270.0	4	876.2337280691725	876.4305694505538
876.4840108782524	0.4968413813812731	trials	210626SL	p61	Z11111	245	4.0	0.0	12	876.6340108782524	876.8308522596337
876.9042938276882	0.5268415919149447	trials	210626SL	p61	Z11111	343	12.0	270.0	12	877.0542938276882	877.2811354196032
877.334576847302	0.4968413813811594	trials	210626SL	p61	Z11111	251	10.0	0.0	12	877.4845768473019	877.6814182286831
877.7748599370933	0.4968413813812731	trials	210626SL	p61	Z11111	7	6.0	0.0	4	877.9248599370933	878.1217013184746
878.2051829569876	0.4968413813812731	trials	210626SL	p61	Z11111	293	7.0	135.0	12	878.3551829569876	878.5520243383689
882.3980123811675	0.5168815220177976	trials	210626SL	p61	Z11111	63	2.0	180.0	4	882.5480123811675	882.7648939031853
882.8182953306033	0.5068814518399449	trials	210626SL	p61	Z11111	259	3.0	45.0	12	882.9682953306033	883.1751767824433
883.2586184206756	0.4968413813811594	trials	210626SL	p61	Z11111	334	3.0	270.0	12	883.4086184206756	883.6054598020568
883.6588612294748	0.5268815921955365	trials	210626SL	p61	Z11111	53	7.0	135.0	4	883.8088612294748	884.0357428216704
884.1091843897249	0.4968413813812731	trials	210626SL	p61	Z11111	50	4.0	135.0	4	884.2591843897249	884.4560257711062
884.5394674093385	0.5068414515592394	trials	210626SL	p61	Z11111	130	9.0	0.0	8	884.6894674093385	884.8963088608978
884.9797904994108	0.4968413813812731	trials	210626SL	p61	Z11111	302	1.0	180.0	12	885.1297904994108	885.3266318807921
885.4100735190244	0.5068414515591257	trials	210626SL	p61	Z11111	357	11.0	315.0	12	885.5600735190244	885.7669149705836
889.3527411876345	0.5268815921956502	trials	210626SL	p61	Z11111	70	9.0	180.0	4	889.5027411876345	889.7296227798302
889.7930642777067	0.4968413813812731	trials	210626SL	p61	Z11111	226	0.0	315.0	8	889.9430642777066	890.139905659088
890.2033471569646	0.526841591914831	trials	210626SL	p61	Z11111	91	0.0	270.0	4	890.3533471569646	890.5801887488794
890.6336301765782	0.4968413813812731	trials	210626SL	p61	Z11111	335	4.0	270.0	12	890.7836301765782	890.9804715579595
900.3602584355102	0.5068414515591257	trials	210626SL	p61	Z11111	232	6.0	315.0	8	900.5102584355102	900.7170998870694
900.7805413849459	0.4968413813812731	trials	210626SL	p61	Z11111	116	10.0	315.0	4	900.9305413849459	901.1273827663272
901.1908242642038	0.5268415919149447	trials	210626SL	p61	Z11111	292	6.0	135.0	12	901.3408242642038	901.5676658561188
901.6411074241732	0.4968413813812731	trials	210626SL	p61	Z11111	117	11.0	315.0	4	901.7911074241732	901.9879488055545
902.0713904437869	0.5268815921955365	trials	210626SL	p61	Z11111	17	1.0	45.0	4	902.2213904437868	902.4482720359824
902.511713533859	0.5268415919149447	trials	210626SL	p61	Z11111	241	0.0	0.0	12	902.661713533859	902.888555125774
902.9519966236506	0.5068414515591257	trials	210626SL	p61	Z11111	62	1.0	180.0	4	903.1019966236506	903.3088380752098
903.3622795029086	0.5268815921955365	trials	210626SL	p61	Z11111	217	6.0	270.0	8	903.5122795029085	903.7391610951041
907.5351087867326	0.5068414515590121	trials	210626SL	p61	Z11111	184	3.0	180.0	8	907.6851087867326	907.8919502382917
907.9754318768047	0.4968413813812731	trials	210626SL	p61	Z11111	59	13.0	135.0	4	908.1254318768047	908.322273258186
908.375674685604	0.5068414515591257	trials	210626SL	p61	Z11111	300	14.0	135.0	12	908.525674685604	908.7325161371632
908.8159977756764	0.4968413813811594	trials	210626SL	p61	Z11111	267	11.0	45.0	12	908.9659977756763	909.1628391570575
909.2162405844756	0.4968813816619786	trials	210626SL	p61	Z11111	359	13.0	315.0	12	909.3662405844756	909.5631219661376
909.64656360437	0.5368416620926837	trials	210626SL	p61	Z11111	327	11.0	225.0	12	909.79656360437	910.0334052664628
910.0968467643394	0.4968413813812731	trials	210626SL	p61	Z11111	222	11.0	270.0	8	910.2468467643394	910.4436881457207
910.5071296435973	0.5268815921955365	trials	210626SL	p61	Z11111	152	1.0	90.0	8	910.6571296435973	910.8840112357929
914.5699181551839	0.5068414515591257	trials	210626SL	p61	Z11111	105	14.0	270.0	4	914.7199181551839	914.9267596067431
915.0002011747976	0.4968413813812731	trials	210626SL	p61	Z11111	304	3.0	180.0	12	915.1502011747975	915.3470425561788
915.4004839838775	0.5268415919149447	trials	210626SL	p61	Z11111	192	11.0	180.0	8	915.5504839838775	915.7773255757925
915.8507671438471	0.4968413813812731	trials	210626SL	p61	Z11111	262	6.0	45.0	12	916.000767143847	916.1976085252284
916.2610500231049	0.4968413813812731	trials	210626SL	p61	Z11111	207	11.0	225.0	8	916.4110500231048	916.6078914044862
916.6913330427185	0.4968413813812731	trials	210626SL	p61	Z11111	311	10.0	180.0	12	916.8413330427185	917.0381744240998
917.0916158517986	0.4968413813812731	trials	210626SL	p61	Z11111	87	11.0	225.0	4	917.2416158517985	917.4384572331799
917.4918986608785	0.5268415919149447	trials	210626SL	p61	Z11111	163	12.0	90.0	8	917.6418986608785	917.8687402527935
921.514646891473	0.526841591914831	trials	210626SL	p61	Z11111	126	5.0	0.0	8	921.664646891473	921.8914884833879
921.9549299812645	0.4968413813812731	trials	210626SL	p61	Z11111	131	10.0	0.0	8	922.1049299812645	922.3017713626458
922.3552127903446	0.5068414515590121	trials	210626SL	p61	Z11111	52	6.0	135.0	4	922.5052127903446	922.7120542419036
922.7954958801361	0.4968413813811594	trials	210626SL	p61	Z11111	351	5.0	315.0	12	922.945495880136	923.1423372615172
923.195778689216	0.4968413813812731	trials	210626SL	p61	Z11111	229	3.0	315.0	8	923.345778689216	923.5426200705973
923.6260617088298	0.5068414515590121	trials	210626SL	p61	Z11111	220	9.0	270.0	8	923.7760617088297	923.9829031603888
924.0663447986211	0.4968413813812731	trials	210626SL	p61	Z11111	347	1.0	315.0	12	924.2163447986211	924.4131861800024
924.4666276077013	0.5268815921955365	trials	210626SL	p61	Z11111	344	13.0	270.0	12	924.6166276077013	924.8435091998969
928.5394161894658	0.5168415217370921	trials	210626SL	p61	Z11111	93	2.0	270.0	4	928.6894161894658	928.9062577112029
928.9796992792573	0.5368816623736166	trials	210626SL	p61	Z11111	0			0	929.1296992792572	929.3665809416309
929.4300224395074	0.5068414515591257	trials	210626SL	p61	Z11111	256	0.0	45.0	12	929.5800224395074	929.7868638910666
929.8703055292989	0.4968413813812731	trials	210626SL	p61	Z11111	354	8.0	315.0	12	930.0203055292989	930.2171469106802
930.2705883383788	0.5268415919149447	trials	210626SL	p61	Z11111	31	0.0	90.0	4	930.4205883383788	930.6474299302938
930.7208714983484	0.5268815921955365	trials	210626SL	p61	Z11111	236	10.0	315.0	8	930.8708714983484	931.097753090544
931.1611945884205	0.5268415919149447	trials	210626SL	p61	Z11111	206	10.0	225.0	8	931.3111945884204	931.5380361803354
931.61147774839	0.4968413813811594	trials	210626SL	p61	Z11111	34	3.0	90.0	4	931.76147774839	931.9583191297712
935.9144279453684	0.5268415919149447	trials	210626SL	p61	Z11111	149	13.0	45.0	8	936.0644279453684	936.2912695372834
936.344710964982	0.5268815921956502	trials	210626SL	p61	Z11111	114	8.0	315.0	4	936.494710964982	936.7215925571777
936.7749939845958	0.4968413813811594	trials	210626SL	p61	Z11111	285	14.0	90.0	12	936.9249939845957	937.121835365977
937.1752767936758	0.5368816623733892	trials	210626SL	p61	Z11111	11	10.0	0.0	4	937.3252767936758	937.5621584560492
937.6155598834673	0.5268815921955365	trials	210626SL	p61	Z11111	324	8.0	225.0	12	937.7655598834673	937.9924414756629
938.0658830437173	0.4968413813812731	trials	210626SL	p61	Z11111	157	6.0	90.0	8	938.2158830437173	938.4127244250986
938.4661658527974	0.5268415919149447	trials	210626SL	p61	Z11111	127	6.0	0.0	8	938.6161658527974	938.8430074447124
938.9164490127667	0.4968413813812731	trials	210626SL	p61	Z11111	231	5.0	315.0	8	939.0664490127667	939.263290394148
942.9692374541756	0.5068414515590121	trials	210626SL	p61	Z11111	109	3.0	315.0	4	943.1192374541756	943.3260789057347
943.4595608951372	0.5068414515591257	trials	210626SL	p61	Z11111	51	5.0	135.0	4	943.6095608951372	943.8164023466963
946.2614605581359	0.5068414515591257	trials	210626SL	p61	Z11111	321	5.0	225.0	12	946.4114605581359	946.6183020096951
946.6917435777495	0.4968413813812731	trials	210626SL	p61	Z11111	144	8.0	45.0	8	946.8417435777495	947.0385849591308
947.1020264570074	0.5268815921956502	trials	210626SL	p61	Z11111	27	11.0	45.0	4	947.2520264570073	947.478908049203
947.532309476621	0.4968413813812731	trials	210626SL	p61	Z11111	61	0.0	180.0	4	947.682309476621	947.8791508580023
952.1855021315095	0.5068414515592394	trials	210626SL	p61	Z11111	162	11.0	90.0	8	952.3355021315094	952.5423435830687
952.5957850107674	0.5068414515592394	trials	210626SL	p61	Z11111	142	6.0	45.0	8	952.7457850107673	952.9526264623266
953.036068100559	0.5268415919149447	trials	210626SL	p61	Z11111	135	14.0	0.0	8	953.1860681005589	953.4129096924739
953.486391260809	0.4968413813812731	trials	210626SL	p61	Z11111	201	5.0	225.0	8	953.636391260809	953.8332326421903
953.9166742804226	0.4968413813812731	trials	210626SL	p61	Z11111	288	2.0	135.0	12	954.0666742804226	954.2635156618039
954.3369572298584	0.4968413813812731	trials	210626SL	p61	Z11111	156	5.0	90.0	8	954.4869572298584	954.6837986112397
956.5984931007255	0.526841591914831	trials	210626SL	p61	Z11111	103	12.0	270.0	4	956.7484931007255	956.9753346926403
957.0487762606948	0.4968413813812731	trials	210626SL	p61	Z11111	331	0.0	270.0	12	957.1987762606948	957.3956176420761
957.4790992805891	0.4968413813812731	trials	210626SL	p61	Z11111	2	1.0	0.0	4	957.6290992805891	957.8259406619704
957.8893821598471	0.5268415919149447	trials	210626SL	p61	Z11111	65	4.0	180.0	4	958.039382159847	958.266223751762
958.3196651794607	0.5268415919149447	trials	210626SL	p61	Z11111	200	4.0	225.0	8	958.4696651794607	958.6965067713757
958.76994833943	0.4968413813812731	trials	210626SL	p61	Z11111	332	1.0	270.0	12	958.91994833943	959.1167897208113
959.1702311485102	0.5268815921955365	trials	210626SL	p61	Z11111	289	3.0	135.0	12	959.3202311485102	959.5471127407058
959.6205543087602	0.4968413813812731	trials	210626SL	p61	Z11111	133	12.0	0.0	8	959.7705543087602	959.9673956901415
963.4631412750301	0.5068814518397176	trials	210626SL	p61	Z11111	310	9.0	180.0	12	963.6131412750301	963.8200227268699
963.8834642247465	0.4968013811005676	trials	210626SL	p61	Z11111	172	6.0	135.0	8	964.0334642247465	964.2302656058471
964.2937071037237	0.4968413813812731	trials	210626SL	p61	Z11111	325	9.0	225.0	12	964.4437071037237	964.640548485105
964.724030123618	0.4968413813812731	trials	210626SL	p61	Z11111	210	14.0	225.0	8	964.874030123618	965.0708715049993
965.1443130730538	0.4968413813812731	trials	210626SL	p61	Z11111	110	4.0	315.0	4	965.2943130730538	965.4911544544351
965.5745960926675	0.4968413813812731	trials	210626SL	p61	Z11111	79	3.0	225.0	4	965.7245960926675	965.9214374740488
965.9848789719254	0.526841591914831	trials	210626SL	p61	Z11111	3	2.0	0.0	4	966.1348789719253	966.3617205638402
966.4251620617168	0.5068414515592394	trials	210626SL	p61	Z11111	345	14.0	270.0	12	966.5751620617168	966.7820035132761
970.2977892388011	0.5268815921956502	trials	210626SL	p61	Z11111	0			0	970.4477892388011	970.6746708309968
970.7481123990511	0.5268815921956502	trials	210626SL	p61	Z11111	21	5.0	45.0	4	970.8981123990511	971.1249939912468
971.1984355593012	0.4968413813812731	trials	210626SL	p61	Z11111	257	1.0	45.0	12	971.3484355593012	971.5452769406825
971.6287185789149	0.4968413813812731	trials	210626SL	p61	Z11111	268	12.0	45.0	12	971.7787185789149	971.9755599602962
972.029001387995	0.5068414515591257	trials	210626SL	p61	Z11111	306	5.0	180.0	12	972.179001387995	972.3858428395541
972.4692844777865	0.4968413813812731	trials	210626SL	p61	Z11111	68	7.0	180.0	4	972.6192844777864	972.8161258591678
972.8995674974001	0.4968413813811594	trials	210626SL	p61	Z11111	193	12.0	180.0	8	973.0495674974001	973.2464088787813
973.2998503064802	0.5068414515590121	trials	210626SL	p61	Z11111	54	8.0	135.0	4	973.4498503064801	973.6566917580392
977.1024369920384	0.5068414515592394	trials	210626SL	p61	Z11111	209	13.0	225.0	8	977.2524369920384	977.4592784435977
977.532720011652	0.4968413813812731	trials	210626SL	p61	Z11111	358	12.0	315.0	12	977.682720011652	977.8795613930333
977.9330028207321	0.5068414515591257	trials	210626SL	p61	Z11111	102	11.0	270.0	4	978.0830028207321	978.2898442722912
978.3732859105236	0.4968413813812731	trials	210626SL	p61	Z11111	119	13.0	315.0	4	978.5232859105236	978.7201272919049
978.7735687196035	0.5268815921956502	trials	210626SL	p61	Z11111	76	0.0	225.0	4	978.9235687196035	979.1504503117992
979.2238918798538	0.4968413813812731	trials	210626SL	p61	Z11111	274	3.0	90.0	12	979.3738918798538	979.5707332612351
979.624134688653	0.4968413813812731	trials	210626SL	p61	Z11111	308	7.0	180.0	12	979.774134688653	979.9709760700343
980.024417497733	0.5368816623736166	trials	210626SL	p61	Z11111	283	12.0	90.0	12	980.174417497733	980.4112991601066
983.8670444642836	0.5168415217369784	trials	210626SL	p61	Z11111	33	2.0	90.0	4	984.0170444642836	984.2338859860206
984.3073275540752	0.4968413813812731	trials	210626SL	p61	Z11111	181	0.0	180.0	8	984.4573275540752	984.6541689354565
984.7076103631551	0.5268415919149447	trials	210626SL	p61	Z11111	312	11.0	180.0	12	984.8576103631551	985.0844519550701
985.1478934529466	0.4968413813812731	trials	210626SL	p61	Z11111	47	1.0	135.0	4	985.2978934529466	985.4947348343279
985.5782164728411	0.4968413813812731	trials	210626SL	p61	Z11111	271	0.0	90.0	12	985.728216472841	985.9250578542224
985.9784592816403	0.5368816623735029	trials	210626SL	p61	Z11111	279	8.0	90.0	12	986.1284592816403	986.3653409440138
986.4287824418903	0.4968413813812731	trials	210626SL	p61	Z11111	316	0.0	225.0	12	986.5787824418903	986.7756238232716
986.8390653211483	0.5268415919149447	trials	210626SL	p61	Z11111	305	4.0	180.0	12	986.9890653211482	987.2159069130632
990.7817329897583	0.5168415217369784	trials	210626SL	p61	Z11111	146	10.0	45.0	8	990.9317329897583	991.1485745114953
991.2020159391941	0.5268815921955365	trials	210626SL	p61	Z11111	186	5.0	180.0	8	991.3520159391941	991.5788975313897
991.6523390994442	0.4968413813812731	trials	210626SL	p61	Z11111	249	8.0	0.0	12	991.8023390994442	991.9991804808255
992.0526219085242	0.4968413813812731	trials	210626SL	p61	Z11111	166	0.0	135.0	8	992.2026219085242	992.3994632899055
992.4528647173236	0.5268815921955365	trials	210626SL	p61	Z11111	242	1.0	0.0	12	992.6028647173235	992.8297463095191
992.8831477369372	0.5068814518398312	trials	210626SL	p61	Z11111	314	13.0	180.0	12	993.0331477369372	993.240029188777
993.3234708270094	0.4968413813812731	trials	210626SL	p61	Z11111	318	2.0	225.0	12	993.4734708270094	993.6703122083907
993.7237536360893	0.4968413813812731	trials	210626SL	p61	Z11111	301	0.0	180.0	12	993.8737536360893	994.0705950174706
997.6063808833516	0.5268815921955365	trials	210626SL	p61	Z11111	246	5.0	0.0	12	997.7563808833515	997.9832624755471
998.0567040436016	0.4968413813812731	trials	210626SL	p61	Z11111	175	9.0	135.0	8	998.2067040436016	998.4035454249829
998.4569468524008	0.5268815921956502	trials	210626SL	p61	Z11111	278	7.0	90.0	12	998.6069468524008	998.8338284445965
998.8872698722952	0.5068414515592394	trials	210626SL	p61	Z11111	35	4.0	90.0	4	999.0372698722952	999.2441113238544
999.3275529620868	0.4968413813812731	trials	210626SL	p61	Z11111	1	0.0	0.0	4	999.4775529620867	999.6743943434681
999.7278357711667	0.5268415919149447	trials	210626SL	p61	Z11111	214	3.0	270.0	8	999.8778357711667	1000.1046773630817
1000.1781189311362	0.4968413813812731	trials	210626SL	p61	Z11111	20	4.0	45.0	4	1000.3281189311361	1000.5249603125175
1000.5784017402162	0.5368816623733892	trials	210626SL	p61	Z11111	84	8.0	225.0	4	1000.7284017402162	1000.9652834025896
1004.5210694088262	0.5168815220177976	trials	210626SL	p61	Z11111	78	2.0	225.0	4	1004.6710694088262	1004.887950930844
1004.9613924988984	0.4968413813812731	trials	210626SL	p61	Z11111	125	4.0	0.0	8	1005.1113924988983	1005.3082338802797
1005.3616353076978	0.5068814518397176	trials	210626SL	p61	Z11111	171	5.0	135.0	8	1005.5116353076978	1005.7185167595376
1005.8019583977699	0.4968413813812731	trials	210626SL	p61	Z11111	196	0.0	225.0	8	1005.9519583977699	1006.1487997791512
1006.2322414173835	0.4968413813812731	trials	210626SL	p61	Z11111	326	10.0	225.0	12	1006.3822414173835	1006.5790827987648
1006.6425242966415	0.5268815921956502	trials	210626SL	p61	Z11111	328	12.0	225.0	12	1006.7925242966414	1007.0194058888371
1007.0728073162551	0.5268815921956502	trials	210626SL	p61	Z11111	115	9.0	315.0	4	1007.2228073162551	1007.4496889084508
1007.5231304765052	0.4968413813812731	trials	210626SL	p61	Z11111	234	8.0	315.0	8	1007.6731304765052	1007.8699718578865
1011.3757575132337	0.5068414515591257	trials	210626SL	p61	Z11111	281	10.0	90.0	12	1011.5257575132337	1011.7325989647928
1011.8060405328473	0.4968413813812731	trials	210626SL	p61	Z11111	41	10.0	90.0	4	1011.9560405328473	1012.1528819142286
1012.2063233419273	0.5268415919149447	trials	210626SL	p61	Z11111	185	4.0	180.0	8	1012.3563233419272	1012.5831649338422
1014.898142232408	0.5268815921955365	trials	210626SL	p61	Z11111	38	7.0	90.0	4	1015.0481422324079	1015.2750238246035
1015.3384253221994	0.4968413813812731	trials	210626SL	p61	Z11111	309	8.0	180.0	12	1015.4884253221994	1015.6852667035807
1015.7687483420938	0.4968413813812731	trials	210626SL	p61	Z11111	100	9.0	270.0	4	1015.9187483420937	1016.1155897234751
1016.1689911508931	0.5268815921955365	trials	210626SL	p61	Z11111	250	9.0	0.0	12	1016.3189911508931	1016.5458727430887
1016.6193143111433	0.4968413813812731	trials	210626SL	p61	Z11111	233	7.0	315.0	8	1016.7693143111433	1016.9661556925246
1017.0195971202232	0.5368416620926837	trials	210626SL	p61	Z11111	204	8.0	225.0	8	1017.1695971202232	1017.406438782316
1017.4698802801926	0.4968413813812731	trials	210626SL	p61	Z11111	74	13.0	180.0	4	1017.6198802801925	1017.8167216615739
1017.8801631594505	0.5268815921956502	trials	210626SL	p61	Z11111	19	3.0	45.0	4	1018.0301631594505	1018.2570447516462
1021.7127900558231	0.5068414515592394	trials	210626SL	p61	Z11111	72	11.0	180.0	4	1021.8627900558231	1022.0696315073824
1022.143073075437	0.4968413813810457	trials	210626SL	p61	Z11111	180	14.0	135.0	8	1022.293073075437	1022.489914456818
1022.5733560950504	0.49684138138150047	trials	210626SL	p61	Z11111	333	2.0	270.0	12	1022.7233560950503	1022.9201974764319
1022.9736389041306	0.4968413813812731	trials	210626SL	p61	Z11111	107	1.0	315.0	4	1023.1236389041305	1023.3204802855118
1023.4139219939221	0.4968413813810457	trials	210626SL	p61	Z11111	276	5.0	90.0	12	1023.5639219939221	1023.7607633753032
1023.8142048030021	0.5268815921957639	trials	210626SL	p61	Z11111	5	4.0	0.0	4	1023.9642048030021	1024.1910863951978
1024.264527963252	0.49684138138150047	trials	210626SL	p61	Z11111	339	8.0	270.0	12	1024.414527963252	1024.6113693446334
1024.6647707720513	0.5268815921958776	trials	210626SL	p61	Z11111	26	10.0	45.0	4	1024.8147707720514	1025.041652364247
1028.5373979491355	0.5068814518399449	trials	210626SL	p61	Z11111	167	1.0	135.0	8	1028.6873979491356	1028.8942794009754
1028.9677209690299	0.49684138138150047	trials	210626SL	p61	Z11111	136	0.0	45.0	8	1029.11772096903	1029.3145623504113
1029.3980039886435	0.49684138138150047	trials	210626SL	p61	Z11111	340	9.0	270.0	12	1029.5480039886436	1029.744845370025
1029.8282870082571	0.5068414515594668	trials	210626SL	p61	Z11111	25	9.0	45.0	4	1029.9782870082572	1030.1851284598165
1030.238569887515	0.5268815921958776	trials	210626SL	p61	Z11111	39	8.0	90.0	4	1030.3885698875151	1030.6154514797108
1030.6688529071287	0.49684138138150047	trials	210626SL	p61	Z11111	83	7.0	225.0	4	1030.8188529071288	1031.01569428851
1031.099175927023	0.5068414515594668	trials	210626SL	p61	Z11111	282	11.0	90.0	12	1031.249175927023	1031.4560173785824
1031.5394590168146	0.49684138138150047	trials	210626SL	p61	Z11111	158	7.0	90.0	8	1031.6894590168147	1031.886300398196
1035.4120861938986	0.5168815220179113	trials	210626SL	p61	Z11111	349	3.0	315.0	12	1035.5620861938987	1035.7789677159165
1035.8423692135125	0.4968413813812731	trials	210626SL	p61	Z11111	337	6.0	270.0	12	1035.9923692135126	1036.1892105948937
1038.4041471914	0.5268415919151721	trials	210626SL	p61	Z11111	92	1.0	270.0	4	1038.5541471914	1038.780988783315
1038.8344302110136	0.5268415919151721	trials	210626SL	p61	Z11111	77	1.0	225.0	4	1038.9844302110137	1039.2112718029286
1039.284713370983	0.49684138138150047	trials	210626SL	p61	Z11111	37	6.0	90.0	4	1039.434713370983	1039.6315547523643
1039.6849961800629	0.5268815921958776	trials	210626SL	p61	Z11111	211	0.0	270.0	8	1039.834996180063	1040.0618777722586
1040.1152791996767	0.5068814518399449	trials	210626SL	p61	Z11111	348	2.0	315.0	12	1040.2652791996768	1040.4721606515166
1040.5556022897488	0.49684138138150047	trials	210626SL	p61	Z11111	154	3.0	90.0	8	1040.7056022897489	1040.9024436711302
1040.955885098829	0.5268415919149447	trials	210626SL	p61	Z11111	315	14.0	180.0	12	1041.105885098829	1041.3327266907438
1041.4061682587983	0.49684138138150047	trials	210626SL	p61	Z11111	150	14.0	45.0	8	1041.5561682587984	1041.7530096401797
1045.3588759978668	0.5268415919151721	trials	210626SL	p61	Z11111	179	13.0	135.0	8	1045.5088759978669	1045.7357175897819
1045.7891590174804	0.49684138138150047	trials	210626SL	p61	Z11111	295	9.0	135.0	12	1045.9391590174805	1046.1360003988618
1046.1894418265606	0.4968413813812731	trials	210626SL	p61	Z11111	13	12.0	0.0	4	1046.3394418265607	1046.5362832079418
1046.619724846174	0.5068414515594668	trials	210626SL	p61	Z11111	197	1.0	225.0	8	1046.769724846174	1046.9765662977334
1047.0600079359656	0.49684138138150047	trials	210626SL	p61	Z11111	320	4.0	225.0	12	1047.2100079359657	1047.406849317347
1047.4602907450458	0.5268415919149447	trials	210626SL	p61	Z11111	122	1.0	0.0	8	1047.6102907450459	1047.8371323369606
1047.9106139052958	0.49684138138150047	trials	210626SL	p61	Z11111	216	5.0	270.0	8	1048.060613905296	1048.2574552866772
1048.310856714095	0.5368816623738439	trials	210626SL	p61	Z11111	0			0	1048.4608567140951	1048.6977383764688
1052.0534029783055	0.5168815220179113	trials	210626SL	p61	Z11111	137	1.0	45.0	8	1052.2034029783056	1052.4202845003233
1052.4937260683776	0.49684138138172784	trials	210626SL	p61	Z11111	243	2.0	0.0	12	1052.6437260683776	1052.8405674497592
1052.9340091581691	0.49684138138150047	trials	210626SL	p61	Z11111	169	3.0	135.0	8	1053.0840091581692	1053.2808505395506
1053.3342919672493	0.4968413813812731	trials	210626SL	p61	Z11111	15	14.0	0.0	4	1053.4842919672494	1053.6811333486305
1053.7345747763293	0.5268415919151721	trials	210626SL	p61	Z11111	227	1.0	315.0	8	1053.8845747763294	1054.1114163682444
1054.164857795943	0.49684138138150047	trials	210626SL	p61	Z11111	28	12.0	45.0	4	1054.314857795943	1054.5116991773243
1054.6051408857343	0.5268815921958776	trials	210626SL	p61	Z11111	160	9.0	90.0	8	1054.7551408857344	1054.98202247793
1055.0554640459845	0.49684138138150047	trials	210626SL	p61	Z11111	287	1.0	135.0	12	1055.2054640459846	1055.402305427366
1058.9380912932465	0.5268815921958776	trials	210626SL	p61	Z11111	352	6.0	315.0	12	1059.0880912932466	1059.3149728854423
1059.3884144534968	0.4968413813812731	trials	210626SL	p61	Z11111	56	10.0	135.0	4	1059.538414453497	1059.735255834878
1059.8186974731102	0.49684138138172784	trials	210626SL	p61	Z11111	346	0.0	315.0	12	1059.9686974731103	1060.1655388544918
1060.2589805629018	0.49684138138150047	trials	210626SL	p61	Z11111	8	7.0	0.0	4	1060.408980562902	1060.6058219442832
1060.6592633719818	0.49684138138150047	trials	210626SL	p61	Z11111	194	13.0	180.0	8	1060.8092633719818	1061.0061047533632
1061.059546181062	0.5268415919149447	trials	210626SL	p61	Z11111	48	2.0	135.0	4	1061.209546181062	1061.4363877729768
1061.5098293410313	0.49684138138150047	trials	210626SL	p61	Z11111	198	2.0	225.0	8	1061.6598293410314	1061.8566707224127
1061.9101121501112	0.5268815921958776	trials	210626SL	p61	Z11111	252	11.0	0.0	12	1062.0601121501113	1062.286993742307
1065.86281988918	0.5068414515592394	trials	210626SL	p61	Z11111	303	2.0	180.0	12	1066.01281988918	1066.219661340739
1066.2931029087936	0.49684138138150047	trials	210626SL	p61	Z11111	342	11.0	270.0	12	1066.4431029087937	1066.639944290175
1066.7233859284072	0.5068414515592394	trials	210626SL	p61	Z11111	141	5.0	45.0	8	1066.8733859284073	1067.0802273799663
1067.1336688076651	0.5268815921958776	trials	210626SL	p61	Z11111	170	4.0	135.0	8	1067.2836688076652	1067.510550399861
1067.5839919679152	0.49684138138150047	trials	210626SL	p61	Z11111	208	12.0	225.0	8	1067.7339919679152	1067.9308333492966
1067.9842347767144	0.5268815921958776	trials	210626SL	p61	Z11111	118	12.0	315.0	4	1068.1342347767145	1068.3611163689102
1070.6960938078316	0.5268815921956502	trials	210626SL	p61	Z11111	240	14.0	315.0	8	1070.8460938078317	1071.0729754000272
1071.1464169680817	0.49684138138150047	trials	210626SL	p61	Z11111	138	2.0	45.0	8	1071.2964169680818	1071.493258349463
1071.5766999876953	0.49684138138150047	trials	210626SL	p61	Z11111	145	9.0	45.0	8	1071.7266999876954	1071.9235413690767
1071.9769427964945	0.5068814518401723	trials	210626SL	p61	Z11111	261	5.0	45.0	12	1072.1269427964946	1072.3338242483346
1072.4172658865668	0.49684138138150047	trials	210626SL	p61	Z11111	224	13.0	270.0	8	1072.567265886567	1072.7641072679482
1072.8475489061805	0.49684138138150047	trials	210626SL	p61	Z11111	319	3.0	225.0	12	1072.9975489061806	1073.1943902875619
1073.2878719962528	0.49684138138150047	trials	210626SL	p61	Z11111	213	2.0	270.0	8	1073.4378719962529	1073.6347133776342
1073.7181550158664	0.49684138138150047	trials	210626SL	p61	Z11111	173	7.0	135.0	8	1073.8681550158665	1074.0649963972478
1077.5407418417806	0.5068414515592394	trials	210626SL	p61	Z11111	98	7.0	270.0	4	1077.6907418417807	1077.8975832933397
1077.9610247912162	0.5068414515592394	trials	210626SL	p61	Z11111	265	9.0	45.0	12	1078.1110247912163	1078.3178662427754
1078.3713076704742	0.5268815921956502	trials	210626SL	p61	Z11111	6	5.0	0.0	4	1078.5213076704742	1078.7481892626697
1078.8216308307242	0.49684138138150047	trials	210626SL	p61	Z11111	258	2.0	45.0	12	1078.9716308307243	1079.1684722121056
1079.2519138503378	0.49684138138150047	trials	210626SL	p61	Z11111	80	4.0	225.0	4	1079.401913850338	1079.5987552317192
1079.6521966594178	0.5068414515594668	trials	210626SL	p61	Z11111	280	9.0	90.0	12	1079.8021966594179	1080.0090381109771
1080.0924797492094	0.49684138138150047	trials	210626SL	p61	Z11111	255	14.0	0.0	12	1080.2424797492095	1080.4393211305908
1080.4927625582893	0.5268415919151721	trials	210626SL	p61	Z11111	43	12.0	90.0	4	1080.6427625582894	1080.8696041502044
1084.3753898055513	0.5268815921958776	trials	210626SL	p61	Z11111	124	3.0	0.0	8	1084.5253898055514	1084.752271397747
1084.8257129658016	0.49684138138150047	trials	210626SL	p61	Z11111	188	7.0	180.0	8	1084.9757129658017	1085.172554347183
1085.2259957748815	0.49680138110079497	trials	210626SL	p61	Z11111	159	8.0	90.0	8	1085.3759957748816	1085.5727971559822
1085.6562787944952	0.49684138138150047	trials	210626SL	p61	Z11111	88	12.0	225.0	4	1085.8062787944953	1086.0031201758766
1086.066561673753	0.5268415919151721	trials	210626SL	p61	Z11111	291	5.0	135.0	12	1086.2165616737532	1086.4434032656682
1086.5168448337224	0.49684138138150047	trials	210626SL	p61	Z11111	353	7.0	315.0	12	1086.6668448337225	1086.8636862151038
1086.9171276428026	0.5268415919149447	trials	210626SL	p61	Z11111	260	4.0	45.0	12	1087.0671276428027	1087.2939692347175
1087.3674508030526	0.49684138138150047	trials	210626SL	p61	Z11111	151	0.0	90.0	8	1087.5174508030527	1087.714292184434
1091.0999569968044	0.5068814518401723	trials	210626SL	p61	Z11111	182	1.0	180.0	8	1091.2499569968045	1091.4568384486445
1091.5302800166987	0.49684138138150047	trials	210626SL	p61	Z11111	187	6.0	180.0	8	1091.6802800166988	1091.8771213980801
1091.930522825498	0.5268815921958776	trials	210626SL	p61	Z11111	36	5.0	90.0	4	1092.080522825498	1092.3074044176938
1092.380845985748	0.49684138138172784	trials	210626SL	p61	Z11111	350	4.0	315.0	12	1092.530845985748	1092.7276873671296
1092.7911288650062	0.5268415919149447	trials	210626SL	p61	Z11111	12	11.0	0.0	4	1092.9411288650062	1093.167970456921
1093.2314119547975	0.5068414515594668	trials	210626SL	p61	Z11111	9	8.0	0.0	4	1093.3814119547976	1093.588253406357
1093.6717350448698	0.49684138138150047	trials	210626SL	p61	Z11111	313	12.0	180.0	12	1093.82173504487	1094.0185764262512
1094.071977853669	0.5268815921958776	trials	210626SL	p61	Z11111	298	12.0	135.0	12	1094.2219778536692	1094.4488594458649
1097.9046047500417	0.5268415919151721	trials	210626SL	p61	Z11111	57	11.0	135.0	4	1098.0546047500418	1098.2814463419568
1098.3548879100113	0.4968413813812731	trials	210626SL	p61	Z11111	299	13.0	135.0	12	1098.5048879100113	1098.7017292913924
1098.7551707190912	0.5268815921958776	trials	210626SL	p61	Z11111	95	4.0	270.0	4	1098.9051707190913	1099.132052311287
1099.2054938793412	0.49684138138150047	trials	210626SL	p61	Z11111	89	13.0	225.0	4	1099.3554938793413	1099.5523352607227
1099.6057766884212	0.5368416620931384	trials	210626SL	p61	Z11111	266	10.0	45.0	12	1099.7557766884213	1099.9926183505142
1100.0560598483908	0.5068414515592394	trials	210626SL	p61	Z11111	123	2.0	0.0	8	1100.2060598483909	1100.41290129995
1100.4663427276487	0.5268415919149447	trials	210626SL	p61	Z11111	161	10.0	90.0	8	1100.6163427276488	1100.8431843195635
1100.9166658878987	0.49684138138150047	trials	210626SL	p61	Z11111	155	4.0	90.0	8	1101.0666658878988	1101.2635072692801
1104.669212222287	0.5068414515594668	trials	210626SL	p61	Z11111	317	1.0	225.0	12	1104.819212222287	1105.0260536738463
1105.0894951717228	0.5068414515592394	trials	210626SL	p61	Z11111	176	10.0	135.0	8	1105.2394951717229	1105.446336623282
1105.5297782615141	0.49684138138150047	trials	210626SL	p61	Z11111	218	7.0	270.0	8	1105.6797782615142	1105.8766196428955
1105.930061070594	0.49684138138172784	trials	210626SL	p61	Z11111	66	5.0	180.0	4	1106.0800610705942	1106.2769024519757
1106.360344090208	0.5068414515592394	trials	210626SL	p61	Z11111	165	14.0	90.0	8	1106.510344090208	1106.717185541767
1106.80066718028	0.49684138138150047	trials	210626SL	p61	Z11111	71	10.0	180.0	4	1106.95066718028	1107.1475085616614
1107.220950129716	0.49684138138150047	trials	210626SL	p61	Z11111	205	9.0	225.0	8	1107.370950129716	1107.5677915110973
1107.6212329387959	0.5268415919151721	trials	210626SL	p61	Z11111	275	4.0	90.0	12	1107.771232938796	1107.998074530711
1111.4738199752435	0.5268815921958776	trials	210626SL	p61	Z11111	60	14.0	135.0	4	1111.6238199752436	1111.8507015674393
1111.9141430653158	0.49684138138150047	trials	210626SL	p61	Z11111	45	14.0	90.0	4	1112.0641430653159	1112.2609844466972
1112.3244259445737	0.5268415919151721	trials	210626SL	p61	Z11111	221	10.0	270.0	8	1112.4744259445738	1112.7012675364888
1112.774709104543	0.49684138138150047	trials	210626SL	p61	Z11111	24	8.0	45.0	4	1112.9247091045431	1113.1215504859244
1113.174991913623	0.5268415919151721	trials	210626SL	p61	Z11111	203	7.0	225.0	8	1113.324991913623	1113.551833505538
1113.6052749332368	0.49684138138150047	trials	210626SL	p61	Z11111	58	12.0	135.0	4	1113.755274933237	1113.9521163146183
1114.0155578124948	0.5268415919149447	trials	210626SL	p61	Z11111	270	14.0	45.0	12	1114.1655578124949	1114.3923994044096
1114.4558409022861	0.5068814518401723	trials	210626SL	p61	Z11111	134	13.0	0.0	8	1114.6058409022862	1114.8127223541262
1118.1983871664966	0.5068814518401723	trials	210626SL	p61	Z11111	111	5.0	315.0	4	1118.3483871664967	1118.5552686183366
1118.628710186391	0.49684138138150047	trials	210626SL	p61	Z11111	238	12.0	315.0	8	1118.778710186391	1118.9755515677723
1119.038953065368	0.49684138138150047	trials	210626SL	p61	Z11111	190	9.0	180.0	8	1119.1889530653682	1119.3857944467495
1119.4492759449067	0.49680138110079497	trials	210626SL	p61	Z11111	254	13.0	0.0	12	1119.5992759449068	1119.7960773260074
1119.8795589645204	0.49684138138150047	trials	210626SL	p61	Z11111	284	13.0	90.0	12	1120.0295589645204	1120.2264003459018
1120.299841913956	0.49684138138150047	trials	210626SL	p61	Z11111	64	3.0	180.0	4	1120.449841913956	1120.6466832953374
1120.7301249335699	0.4968413813812731	trials	210626SL	p61	Z11111	290	4.0	135.0	12	1120.88012493357	1121.076966314951
1121.1304077426498	0.49684138138150047	trials	210626SL	p61	Z11111	244	3.0	0.0	12	1121.28040774265	1121.4772491240312
1127.4446920546447	0.5068414515594668	trials	210626SL	p61	Z11111	46	0.0	135.0	4	1127.5946920546448	1127.8015335062041
1127.8749750742584	0.49684138138150047	trials	210626SL	p61	Z11111	235	9.0	315.0	8	1128.0249750742585	1128.2218164556398
1128.2752578833386	0.5268415919151721	trials	210626SL	p61	Z11111	248	7.0	0.0	12	1128.4252578833386	1128.6520994752536
1128.705540902952	0.49684138138172784	trials	210626SL	p61	Z11111	212	1.0	270.0	8	1128.855540902952	1129.0523822843336
1129.11582378221	0.5268815921958776	trials	210626SL	p61	Z11111	273	2.0	90.0	12	1129.2658237822102	1129.492705374406
1129.5661469424601	0.49684138138150047	trials	210626SL	p61	Z11111	106	0.0	315.0	4	1129.7161469424602	1129.9129883238415
1129.9663897512594	0.49684138138150047	trials	210626SL	p61	Z11111	294	8.0	135.0	12	1130.1163897512595	1130.3132311326408
1130.3666725603396	0.5268815921956502	trials	210626SL	p61	Z11111	247	6.0	0.0	12	1130.5166725603397	1130.7435541525351
1134.249339807882	0.5068414515594668	trials	210626SL	p61	Z11111	132	11.0	0.0	8	1134.3993398078821	1134.6061812594414
1134.679622827496	0.4968413813812731	trials	210626SL	p61	Z11111	183	2.0	180.0	8	1134.829622827496	1135.026464208877
1135.1099058471095	0.5068414515592394	trials	210626SL	p61	Z11111	42	11.0	90.0	4	1135.2599058471096	1135.4667472986687
1135.5201887263675	0.5268415919149447	trials	210626SL	p61	Z11111	44	13.0	90.0	4	1135.6701887263675	1135.8970303182823
1135.9704718863368	0.49684138138150047	trials	210626SL	p61	Z11111	140	4.0	45.0	8	1136.1204718863369	1136.3173132677182
1136.400794906231	0.49684138138150047	trials	210626SL	p61	Z11111	189	8.0	180.0	8	1136.5507949062312	1136.7476362876125
1136.8010377150304	0.5068814518401723	trials	210626SL	p61	Z11111	10	9.0	0.0	4	1136.9510377150305	1137.1579191668704
1137.2413608051027	0.49684138138150047	trials	210626SL	p61	Z11111	338	7.0	270.0	12	1137.3913608051027	1137.588202186484
1140.993907139491	0.5068414515592394	trials	210626SL	p61	Z11111	139	3.0	45.0	8	1141.1439071394911	1141.3507485910502
1141.4241901591045	0.49684138138150047	trials	210626SL	p61	Z11111	360	14.0	315.0	12	1141.5741901591045	1141.7710315404859
1141.8244729681846	0.5268415919149447	trials	210626SL	p61	Z11111	16	0.0	45.0	4	1141.9744729681847	1142.2013145600995
1142.2547559877983	0.49684138138150047	trials	210626SL	p61	Z11111	277	6.0	90.0	12	1142.4047559877984	1142.6015973691797
1142.6950790778703	0.49684138138150047	trials	210626SL	p61	Z11111	237	11.0	315.0	8	1142.8450790778704	1143.0419204592517
1143.1253620974842	0.4968413813812731	trials	210626SL	p61	Z11111	148	12.0	45.0	8	1143.2753620974843	1143.4722034788654
1143.5256449065641	0.5368416620929111	trials	210626SL	p61	Z11111	269	13.0	45.0	12	1143.6756449065642	1143.912486568657
1143.9959682071699	0.49680138110079497	trials	210626SL	p61	Z11111	29	13.0	45.0	4	1144.14596820717	1144.3427695882706
1147.7985548927284	0.5268415919149447	trials	210626SL	p61	Z11111	22	6.0	45.0	4	1147.9485548927285	1148.1753964846432
1148.228837912342	0.49684138138150047	trials	210626SL	p61	Z11111	85	9.0	225.0	4	1148.378837912342	1148.5756792937234
1148.6290807211412	0.5268815921958776	trials	210626SL	p61	Z11111	307	6.0	180.0	12	1148.7790807211413	1149.005962313337
1149.0594037410356	0.5068414515592394	trials	210626SL	p61	Z11111	4	3.0	0.0	4	1149.2094037410357	1149.4162451925947
1149.4996868308272	0.49684138138150047	trials	210626SL	p61	Z11111	113	7.0	315.0	4	1149.6496868308272	1149.8465282122086
1149.899969639907	0.5268415919151721	trials	210626SL	p61	Z11111	97	6.0	270.0	4	1150.0499696399072	1150.2768112318222
1150.3302526595207	0.5068414515592394	trials	210626SL	p61	Z11111	120	14.0	315.0	4	1150.4802526595208	1150.68709411108
1150.770575749593	0.49684138138150047	trials	210626SL	p61	Z11111	174	8.0	135.0	8	1150.9205757495931	1151.1174171309744
1154.6231627860407	0.5268815921958776	trials	210626SL	p61	Z11111	90	14.0	225.0	4	1154.7731627860408	1155.0000443782365
1155.063485876113	0.5068414515592394	trials	210626SL	p61	Z11111	263	7.0	45.0	12	1155.213485876113	1155.420327327672
1155.4737687553709	0.5268415919151721	trials	210626SL	p61	Z11111	168	2.0	135.0	8	1155.623768755371	1155.850610347286
1155.9240519153402	0.49684138138150047	trials	210626SL	p61	Z11111	225	14.0	270.0	8	1156.0740519153403	1156.2708932967216
1156.3543349349538	0.49684138138150047	trials	210626SL	p61	Z11111	228	2.0	315.0	8	1156.504334934954	1156.7011763163352
1156.7646178142118	0.5268815921958776	trials	210626SL	p61	Z11111	143	7.0	45.0	8	1156.9146178142119	1157.1414994064075
1157.204940904284	0.49684138138150047	trials	210626SL	p61	Z11111	67	6.0	180.0	4	1157.3549409042841	1157.5517822856655
1157.6252238537197	0.49684138138150047	trials	210626SL	p61	Z11111	101	10.0	270.0	4	1157.7752238537198	1157.9720652351011
1161.5778915925077	0.5268815921956502	trials	210626SL	p61	Z11111	336	5.0	270.0	12	1161.7278915925078	1161.9547731847033
1162.008214612402	0.5268415919151721	trials	210626SL	p61	Z11111	18	2.0	45.0	4	1162.1582146124022	1162.3850562043172
1162.4584977723714	0.49684138138150047	trials	210626SL	p61	Z11111	219	8.0	270.0	8	1162.6084977723715	1162.8053391537528
1162.8687806516293	0.5268815921958776	trials	210626SL	p61	Z11111	14	13.0	0.0	4	1163.0187806516294	1163.245662243825
1163.3090637414207	0.5068814518401723	trials	210626SL	p61	Z11111	164	13.0	90.0	8	1163.4590637414208	1163.6659451932608
1163.7193466206788	0.5268815921956502	trials	210626SL	p61	Z11111	108	2.0	315.0	4	1163.869346620679	1164.0962282128744
1164.1696697809286	0.49684138138172784	trials	210626SL	p61	Z11111	99	8.0	270.0	4	1164.3196697809287	1164.5165111623103
1164.5699525900088	0.5268415919149447	trials	210626SL	p61	Z11111	31	0.0	90.0	4	1164.719952590009	1164.9467941819237
1168.332498994575	0.5068414515592394	trials	210626SL	p61	Z11111	172	6.0	135.0	8	1168.482498994575	1168.689340446134
1168.7627820141886	0.49684138138150047	trials	210626SL	p61	Z11111	149	13.0	45.0	8	1168.9127820141887	1169.10962339557
1169.1730648934465	0.5268815921958776	trials	210626SL	p61	Z11111	179	13.0	135.0	8	1169.3230648934466	1169.5499464856423
1169.6133879835188	0.5068414515592394	trials	210626SL	p61	Z11111	17	1.0	45.0	4	1169.763387983519	1169.970229435078
1170.0536710733102	0.49684138138150047	trials	210626SL	p61	Z11111	195	14.0	180.0	8	1170.2036710733103	1170.4005124546916
1170.4539538823904	0.5268415919149447	trials	210626SL	p61	Z11111	310	9.0	180.0	12	1170.6039538823904	1170.8307954743052
1170.9042770426404	0.49680138110079497	trials	210626SL	p61	Z11111	273	2.0	90.0	12	1171.0542770426405	1171.251078423741
1171.3145199216176	0.5268815921958776	trials	210626SL	p61	Z11111	32	1.0	90.0	4	1171.4645199216177	1171.6914015138134
1175.217187309516	0.49684138138150047	trials	210626SL	p61	Z11111	263	7.0	45.0	12	1175.367187309516	1175.5640286908974
1175.6374702589517	0.49684138138172784	trials	210626SL	p61	Z11111	103	12.0	270.0	4	1175.7874702589518	1175.9843116403333
1176.0377530680319	0.5368416620929111	trials	210626SL	p61	Z11111	3	2.0	0.0	4	1176.187753068032	1176.4245947301247
1176.4880362280012	0.5068414515594668	trials	210626SL	p61	Z11111	111	5.0	315.0	4	1176.6380362280013	1176.8448776795606
1176.9283593180735	0.49684138138150047	trials	210626SL	p61	Z11111	232	6.0	315.0	8	1177.0783593180736	1177.275200699455
1177.3286021268727	0.49684138138150047	trials	210626SL	p61	Z11111	20	4.0	45.0	4	1177.4786021268728	1177.6754435082541
1177.7288849359527	0.5268815921958776	trials	210626SL	p61	Z11111	329	13.0	225.0	12	1177.8788849359528	1178.1057665281485
1178.169208026025	0.5268415919151721	trials	210626SL	p61	Z11111	255	14.0	0.0	12	1178.319208026025	1178.54604961794
1182.1519159756272	0.5068414515594668	trials	210626SL	p61	Z11111	280	9.0	90.0	12	1182.3019159756273	1182.5087574271865
1182.562198854885	0.49684138138150047	trials	210626SL	p61	Z11111	133	12.0	0.0	8	1182.7121988548852	1182.9090402362665
1182.9624416636843	0.5368816623738439	trials	210626SL	p61	Z11111	143	7.0	45.0	8	1183.1124416636844	1183.349323326058
1183.4127648239346	0.4968413813812731	trials	210626SL	p61	Z11111	129	8.0	0.0	8	1183.5627648239347	1183.7596062053158
1183.8230477031923	0.5268415919151721	trials	210626SL	p61	Z11111	346	0.0	315.0	12	1183.9730477031924	1184.1998892951074
1184.2533307228061	0.5268415919151721	trials	210626SL	p61	Z11111	114	8.0	315.0	4	1184.4033307228062	1184.6301723147212
1184.7036538830562	0.49684138138150047	trials	210626SL	p61	Z11111	187	6.0	180.0	8	1184.8536538830563	1185.0504952644376
1185.1038966918554	0.49684138138150047	trials	210626SL	p61	Z11111	80	4.0	225.0	4	1185.2538966918555	1185.4507380732368
1189.006564079754	0.5068414515592394	trials	210626SL	p61	Z11111	43	12.0	90.0	4	1189.1565640797542	1189.3634055313132
1189.4368470993677	0.49684138138150047	trials	210626SL	p61	Z11111	138	2.0	45.0	8	1189.5868470993678	1189.783688480749
1189.8371299084477	0.5268415919151721	trials	210626SL	p61	Z11111	72	11.0	180.0	4	1189.9871299084477	1190.2139715003627
1190.287413068417	0.49688138166220597	trials	210626SL	p61	Z11111	174	8.0	135.0	8	1190.437413068417	1190.634294450079
1190.697695947675	0.5268815921958776	trials	210626SL	p61	Z11111	303	2.0	180.0	12	1190.847695947675	1191.0745775398707
1191.1380190377472	0.5068414515594668	trials	210626SL	p61	Z11111	271	0.0	90.0	12	1191.2880190377473	1191.4948604893066
1191.5783021275388	0.4968413813812731	trials	210626SL	p61	Z11111	291	5.0	135.0	12	1191.7283021275389	1191.92514350892
1191.9785849366187	0.5268815921958776	trials	210626SL	p61	Z11111	36	5.0	90.0	4	1192.1285849366188	1192.3554665288145
1195.8612121838808	0.5268815921958776	trials	210626SL	p61	Z11111	37	6.0	90.0	4	1196.0112121838808	1196.2380937760765
1196.291535203775	0.5068414515594668	trials	210626SL	p61	Z11111	309	8.0	180.0	12	1196.4415352037752	1196.6483766553345
1196.7318182935667	0.5268415919149447	trials	210626SL	p61	Z11111	304	3.0	180.0	12	1196.8818182935668	1197.1086598854815
1197.1821414538167	0.49684138138150047	trials	210626SL	p61	Z11111	77	1.0	225.0	4	1197.3321414538168	1197.5289828351981
1197.582384262616	0.5268815921958776	trials	210626SL	p61	Z11111	30	14.0	45.0	4	1197.732384262616	1197.9592658548117
1198.032707422866	0.49684138138172784	trials	210626SL	p61	Z11111	211	0.0	270.0	8	1198.182707422866	1198.3795488042476
1198.4529903723019	0.49684138138150047	trials	210626SL	p61	Z11111	312	11.0	180.0	12	1198.602990372302	1198.7998317536833
1198.8532731813818	0.5268415919151721	trials	210626SL	p61	Z11111	164	13.0	90.0	8	1199.003273181382	1199.230114773297
1202.7059002181104	0.5068414515592394	trials	210626SL	p61	Z11111	261	5.0	45.0	12	1202.8559002181105	1203.0627416696695
1203.136183237724	0.49684138138150047	trials	210626SL	p61	Z11111	14	13.0	0.0	4	1203.2861832377241	1203.4830246191054
1203.5364260465233	0.5268815921958776	trials	210626SL	p61	Z11111	248	7.0	0.0	12	1203.6864260465234	1203.913307638719
1203.9667490664176	0.5068414515594668	trials	210626SL	p61	Z11111	279	8.0	90.0	12	1204.1167490664177	1204.323590517977
1204.4070321562092	0.5268815921958776	trials	210626SL	p61	Z11111	250	9.0	0.0	12	1204.5570321562093	1204.783913748405
1204.8573553164592	0.5268415919151721	trials	210626SL	p61	Z11111	322	6.0	225.0	12	1205.0073553164593	1205.2341969083743
1205.3076384764286	0.49684138138150047	trials	210626SL	p61	Z11111	220	9.0	270.0	8	1205.4576384764287	1205.65447985781
1205.7079212855087	0.5068414515592394	trials	210626SL	p61	Z11111	60	14.0	135.0	4	1205.8579212855088	1206.064762737068
1212.172326651014	0.5268415919151721	trials	210626SL	p61	Z11111	253	12.0	0.0	12	1212.322326651014	1212.549168242929
1212.6126097408055	0.5068414515594668	trials	210626SL	p61	Z11111	221	10.0	270.0	8	1212.7626097408056	1212.9694511923649
1213.0228926200634	0.5268815921958776	trials	210626SL	p61	Z11111	157	6.0	90.0	8	1213.1728926200635	1213.3997742122592
1215.5846305976702	0.5068414515594668	trials	210626SL	p61	Z11111	83	7.0	225.0	4	1215.7346305976703	1215.9414720492296
1216.0149136172838	0.49684138138150047	trials	210626SL	p61	Z11111	236	10.0	315.0	8	1216.164913617284	1216.3617549986652
1216.4452366371781	0.49684138138150047	trials	210626SL	p61	Z11111	121	0.0	0.0	8	1216.5952366371782	1216.7920780185596
1216.855519516436	0.49684138138150047	trials	210626SL	p61	Z11111	258	2.0	45.0	12	1217.0055195164362	1217.2023608978175
1217.2858025360497	0.49684138138150047	trials	210626SL	p61	Z11111	297	11.0	135.0	12	1217.4358025360498	1217.632643917431
1217.6860853451299	0.49684138138150047	trials	210626SL	p61	Z11111	205	9.0	225.0	8	1217.83608534513	1218.0329267265113
1218.1163683647435	0.49684138138150047	trials	210626SL	p61	Z11111	126	5.0	0.0	8	1218.2663683647436	1218.463209746125
1218.5366513141792	0.49684138138150047	trials	210626SL	p61	Z11111	188	7.0	180.0	8	1218.6866513141792	1218.8834926955606
1222.4092784912632	0.526881592196105	trials	210626SL	p61	Z11111	97	6.0	270.0	4	1222.5592784912633	1222.7861600834592
1222.8496015813355	0.49680138110102234	trials	210626SL	p61	Z11111	56	10.0	135.0	4	1222.9996015813356	1223.1964029624364
1223.2598444603127	0.5268815921958776	trials	210626SL	p61	Z11111	158	7.0	90.0	8	1223.4098444603128	1223.6367260525085
1223.690167480207	0.49684138138150047	trials	210626SL	p61	Z11111	321	5.0	225.0	12	1223.8401674802071	1224.0370088615884
1224.0904102890065	0.5268815921956502	trials	210626SL	p61	Z11111	296	10.0	135.0	12	1224.2404102890066	1224.467291881202
1224.5307333790786	0.5268415919151721	trials	210626SL	p61	Z11111	341	10.0	270.0	12	1224.6807333790787	1224.9075749709937
1224.9610163986922	0.49684138138172784	trials	210626SL	p61	Z11111	40	9.0	90.0	4	1225.1110163986923	1225.3078577800738
1225.391299418306	0.5068414515592394	trials	210626SL	p61	Z11111	332	1.0	270.0	12	1225.5412994183062	1225.7481408698652
1229.3139669465602	0.5268815921958776	trials	210626SL	p61	Z11111	222	11.0	270.0	8	1229.4639669465603	1229.690848538756
1229.7642901068102	0.49684138138150047	trials	210626SL	p61	Z11111	314	13.0	180.0	12	1229.9142901068103	1230.1111314881916
1230.1745729860681	0.49684138138150047	trials	210626SL	p61	Z11111	290	4.0	135.0	12	1230.3245729860682	1230.5214143674496
1230.594855935504	0.49684138138150047	trials	210626SL	p61	Z11111	88	12.0	225.0	4	1230.7448559355041	1230.9416973168854
1230.9950987443033	0.5368816623738439	trials	210626SL	p61	Z11111	8	7.0	0.0	4	1231.1450987443034	1231.381980406677
1231.4454219045533	0.5068414515594668	trials	210626SL	p61	Z11111	81	5.0	225.0	4	1231.5954219045534	1231.8022633561127
1231.8557047838112	0.5268815921958776	trials	210626SL	p61	Z11111	44	13.0	90.0	4	1232.0057047838113	1232.232586376007
1232.3060279440613	0.49684138138150047	trials	210626SL	p61	Z11111	86	10.0	225.0	4	1232.4560279440614	1232.6528693254427
1236.1886551913235	0.5068414515592394	trials	210626SL	p61	Z11111	183	2.0	180.0	8	1236.3386551913236	1236.5454966428827
1236.5989380705812	0.49684138138172784	trials	210626SL	p61	Z11111	91	0.0	270.0	4	1236.7489380705813	1236.9457794519628
1237.0092209498393	0.5268415919149447	trials	210626SL	p61	Z11111	200	4.0	225.0	8	1237.1592209498394	1237.3860625417542
1237.4495040396307	0.5068414515594668	trials	210626SL	p61	Z11111	360	14.0	315.0	12	1237.5995040396308	1237.80634549119
1237.8597869188886	0.5268815921958776	trials	210626SL	p61	Z11111	5	4.0	0.0	4	1238.0097869188887	1238.2366685110844
1238.3101100791387	0.49684138138150047	trials	210626SL	p61	Z11111	216	5.0	270.0	8	1238.4601100791388	1238.65695146052
1238.7403930987523	0.49684138138150047	trials	210626SL	p61	Z11111	252	11.0	0.0	12	1238.8903930987524	1239.0872344801337
1239.1406759078325	0.4968413813812731	trials	210626SL	p61	Z11111	201	5.0	225.0	8	1239.2906759078326	1239.4875172892137
1244.6343944613116	0.5068414515594668	trials	210626SL	p61	Z11111	11	10.0	0.0	4	1244.7843944613116	1244.991235912871
1249.3375874670894	0.5168415217374331	trials	210626SL	p61	Z11111	209	13.0	225.0	8	1249.4875874670895	1249.7044289888267
1249.7779105571617	0.49684138138150047	trials	210626SL	p61	Z11111	27	11.0	45.0	4	1249.9279105571618	1250.124751938543
1250.178153365961	0.5068814518401723	trials	210626SL	p61	Z11111	24	8.0	45.0	4	1250.328153365961	1250.535034817801
1250.6184764560332	0.49684138138150047	trials	210626SL	p61	Z11111	119	13.0	315.0	4	1250.7684764560333	1250.9653178374147
1253.2802951359802	0.5068414515594668	trials	210626SL	p61	Z11111	345	14.0	270.0	12	1253.4302951359803	1253.6371365875395
1253.710578155594	0.4968413813812731	trials	210626SL	p61	Z11111	84	8.0	225.0	4	1253.860578155594	1254.0574195369752
1254.110860964674	0.49684138138150047	trials	210626SL	p61	Z11111	231	5.0	315.0	8	1254.260860964674	1254.4577023460554
1254.5411439842876	0.5368416620929111	trials	210626SL	p61	Z11111	70	9.0	180.0	4	1254.6911439842877	1254.9279856463804
1255.0014672147156	0.49684138138150047	trials	210626SL	p61	Z11111	269	13.0	45.0	12	1255.1514672147157	1255.348308596097
1255.4017100235149	0.5268815921958776	trials	210626SL	p61	Z11111	351	5.0	315.0	12	1255.551710023515	1255.7785916157106
1255.852033183765	0.49684138138150047	trials	210626SL	p61	Z11111	55	9.0	135.0	4	1256.002033183765	1256.1988745651463
1256.2723161332008	0.49684138138150047	trials	210626SL	p61	Z11111	26	10.0	45.0	4	1256.4223161332009	1256.6191575145822
1260.355104785143	0.5268415919151721	trials	210626SL	p61	Z11111	244	3.0	0.0	12	1260.5051047851432	1260.7319463770582
1260.8053879451124	0.5268815921958776	trials	210626SL	p61	Z11111	87	11.0	225.0	4	1260.9553879451125	1261.1822695373082
1261.2557111053627	0.4968413813812731	trials	210626SL	p61	Z11111	313	12.0	180.0	12	1261.4057111053628	1261.602552486744
1261.655953914162	0.5268815921958776	trials	210626SL	p61	Z11111	348	2.0	315.0	12	1261.805953914162	1262.0328355063577
1262.106277074412	0.49684138138150047	trials	210626SL	p61	Z11111	287	1.0	135.0	12	1262.256277074412	1262.4531184557934
1262.5065598834922	0.5268415919149447	trials	210626SL	p61	Z11111	331	0.0	270.0	12	1262.6565598834923	1262.883401475407
1262.9568430434615	0.49684138138150047	trials	210626SL	p61	Z11111	64	3.0	180.0	4	1263.1068430434616	1263.303684424843
1263.3671259227194	0.5268815921958776	trials	210626SL	p61	Z11111	299	13.0	135.0	12	1263.5171259227195	1263.7440075149152
1267.1797126784554	0.5068814518401723	trials	210626SL	p61	Z11111	22	6.0	45.0	4	1267.3297126784555	1267.5365941302955
1267.61003569835	0.49684138138150047	trials	210626SL	p61	Z11111	115	9.0	315.0	4	1267.76003569835	1267.9568770797314
1268.01031850743	0.49680138110079497	trials	210626SL	p61	Z11111	95	4.0	270.0	4	1268.16031850743	1268.3571198885306
1268.4105613162292	0.5268815921958776	trials	210626SL	p61	Z11111	292	6.0	135.0	12	1268.5605613162293	1268.787442908425
1268.8608844764794	0.49684138138150047	trials	210626SL	p61	Z11111	254	13.0	0.0	12	1269.0108844764795	1269.2077258578609
1269.2611672855594	0.5368416620929111	trials	210626SL	p61	Z11111	107	1.0	315.0	4	1269.4111672855595	1269.6480089476522
1269.7114504455287	0.5068414515592394	trials	210626SL	p61	Z11111	52	6.0	135.0	4	1269.8614504455288	1270.0682918970879
1270.1217333247866	0.5268415919151721	trials	210626SL	p61	Z11111	190	9.0	180.0	8	1270.2717333247867	1270.4985749167017
1274.084441134033	0.5068414515594668	trials	210626SL	p61	Z11111	35	4.0	90.0	4	1274.2344411340332	1274.4412825855925
1274.5147241536467	0.49684138138150047	trials	210626SL	p61	Z11111	308	7.0	180.0	12	1274.6647241536468	1274.8615655350281
1274.915006962727	0.5368416620929111	trials	210626SL	p61	Z11111	268	12.0	45.0	12	1275.065006962727	1275.3018486248197
1275.365290122696	0.49684138138172784	trials	210626SL	p61	Z11111	257	1.0	45.0	12	1275.5152901226961	1275.7121315040777
1275.7755730019542	0.4968413813812731	trials	210626SL	p61	Z11111	154	3.0	90.0	8	1275.9255730019543	1276.1224143833354
1276.2058560215678	0.49684138138150047	trials	210626SL	p61	Z11111	198	2.0	225.0	8	1276.355856021568	1276.5526974029492
1276.6061388306478	0.5268815921956502	trials	210626SL	p61	Z11111	109	3.0	315.0	4	1276.7561388306478	1276.9830204228433
1277.0564619908978	0.49684138138150047	trials	210626SL	p61	Z11111	249	8.0	0.0	12	1277.2064619908979	1277.4033033722792
1280.8990489571677	0.5068814518401723	trials	210626SL	p61	Z11111	51	5.0	135.0	4	1281.0490489571678	1281.2559304090078
1281.3193319066036	0.4968413813812731	trials	210626SL	p61	Z11111	173	7.0	135.0	8	1281.4693319066037	1281.6661732879847
1281.7396148560392	0.49684138138150047	trials	210626SL	p61	Z11111	191	10.0	180.0	8	1281.8896148560393	1282.0864562374206
1282.1599378057556	0.49684138138150047	trials	210626SL	p61	Z11111	301	0.0	180.0	12	1282.3099378057557	1282.506779187137
1282.5601806145548	0.49684138138172784	trials	210626SL	p61	Z11111	45	14.0	90.0	4	1282.710180614555	1282.9070219959365
1282.9905036344494	0.5068414515592394	trials	210626SL	p61	Z11111	67	6.0	180.0	4	1283.1405036344495	1283.3473450860085
1283.430786724241	0.5268415919149447	trials	210626SL	p61	Z11111	234	8.0	315.0	8	1283.580786724241	1283.8076283161558
1283.881109884491	0.49684138138150047	trials	210626SL	p61	Z11111	265	9.0	45.0	12	1284.0311098844911	1284.2279512658724
1288.0739393086708	0.5168415217372058	trials	210626SL	p61	Z11111	196	0.0	225.0	8	1288.2239393086709	1288.440780830408
1288.514262398743	0.4968013811005676	trials	210626SL	p61	Z11111	21	5.0	45.0	4	1288.6642623987432	1288.8610637798436
1288.9145052075423	0.5268815921958776	trials	210626SL	p61	Z11111	50	4.0	135.0	4	1289.0645052075424	1289.2913867997381
1289.3648283677924	0.49684138138150047	trials	210626SL	p61	Z11111	215	4.0	270.0	8	1289.5148283677925	1289.7116697491738
1289.7751112470503	0.5268415919151721	trials	210626SL	p61	Z11111	176	10.0	135.0	8	1289.9251112470504	1290.1519528389654
1290.2153943368417	0.5068414515594668	trials	210626SL	p61	Z11111	0			0	1290.3653943368417	1290.572235788401
1290.655717426914	0.49684138138150047	trials	210626SL	p61	Z11111	166	0.0	135.0	8	1290.805717426914	1291.0025588082954
1291.0559602357132	0.5268815921958776	trials	210626SL	p61	Z11111	135	14.0	0.0	8	1291.2059602357133	1291.432841827909
1294.998667904604	0.5168415217374331	trials	210626SL	p61	Z11111	136	0.0	45.0	8	1295.148667904604	1295.3655094263413
1295.4389509943956	0.49684138138150047	trials	210626SL	p61	Z11111	127	6.0	0.0	8	1295.5889509943956	1295.785792375777
1295.8692340140092	0.5068414515594668	trials	210626SL	p61	Z11111	194	13.0	180.0	8	1296.0192340140093	1296.2260754655686
1296.279516893267	0.5268815921958776	trials	210626SL	p61	Z11111	214	3.0	270.0	8	1296.4295168932672	1296.656398485463
1296.7298400535171	0.49684138138150047	trials	210626SL	p61	Z11111	16	0.0	45.0	4	1296.8798400535172	1297.0766814348985
1297.160123073131	0.4968413813812731	trials	210626SL	p61	Z11111	318	2.0	225.0	12	1297.310123073131	1297.5069644545122
1297.560405882211	0.5368416620929111	trials	210626SL	p61	Z11111	344	13.0	270.0	12	1297.710405882211	1297.9472475443038
1298.0106890421803	0.49684138138150047	trials	210626SL	p61	Z11111	124	3.0	0.0	8	1298.1606890421804	1298.3575304235617
1302.183558326285	0.5268415919151721	trials	210626SL	p61	Z11111	355	9.0	315.0	12	1302.3335583262851	1302.5603999182001
1302.6138413458987	0.49684138138150047	trials	210626SL	p61	Z11111	264	8.0	45.0	12	1302.7638413458988	1302.96068272728
1303.0141241549786	0.5268415919151721	trials	210626SL	p61	Z11111	122	1.0	0.0	8	1303.1641241549787	1303.3909657468937
1303.464407314948	0.49684138138172784	trials	210626SL	p61	Z11111	311	10.0	180.0	12	1303.614407314948	1303.8112486963296
1303.8846902643838	0.49684138138150047	trials	210626SL	p61	Z11111	101	10.0	270.0	4	1304.034690264384	1304.2315316457652
1304.3149732839975	0.5068814518401723	trials	210626SL	p61	Z11111	6	5.0	0.0	4	1304.4649732839976	1304.6718547358375
1304.7552963740698	0.4968413813812731	trials	210626SL	p61	Z11111	82	6.0	225.0	4	1304.9052963740698	1305.102137755451
1305.1555791831497	0.5268415919151721	trials	210626SL	p61	Z11111	75	14.0	180.0	4	1305.3055791831498	1305.5324207750648
1308.958165868708	0.5068414515594668	trials	210626SL	p61	Z11111	193	12.0	180.0	8	1309.108165868708	1309.3150073202673
1309.3884488883216	0.49684138138150047	trials	210626SL	p61	Z11111	207	11.0	225.0	8	1309.5384488883217	1309.735290269703
1309.7887316974018	0.5268415919149447	trials	210626SL	p61	Z11111	165	14.0	90.0	8	1309.9387316974019	1310.1655732893166
1310.239014857371	0.49684138138150047	trials	210626SL	p61	Z11111	340	9.0	270.0	12	1310.3890148573712	1310.5858562387525
1310.639297666451	0.5368816623738439	trials	210626SL	p61	Z11111	208	12.0	225.0	8	1310.7892976664511	1311.0261793288248
1311.0795807562426	0.49684138138150047	trials	210626SL	p61	Z11111	25	9.0	45.0	4	1311.2295807562427	1311.426422137624
1311.4798635653226	0.5268415919151721	trials	210626SL	p61	Z11111	175	9.0	135.0	8	1311.6298635653227	1311.8567051572377
1311.9301867255726	0.49684138138150047	trials	210626SL	p61	Z11111	168	2.0	135.0	8	1312.0801867255727	1312.277028106954
1315.632692708791	0.5268415919149447	trials	210626SL	p61	Z11111	100	9.0	270.0	4	1315.782692708791	1316.0095343007058
1316.0729757985823	0.49684138138150047	trials	210626SL	p61	Z11111	98	7.0	270.0	4	1316.2229757985824	1316.4198171799637
1316.4932587480182	0.49684138138150047	trials	210626SL	p61	Z11111	241	0.0	0.0	12	1316.6432587480183	1316.8401001293996
1316.9035416272761	0.5268815921958776	trials	210626SL	p61	Z11111	339	8.0	270.0	12	1317.0535416272762	1317.280423219472
1317.3438647173482	0.5068414515594668	trials	210626SL	p61	Z11111	357	11.0	315.0	12	1317.4938647173483	1317.7007061689076
1317.7541475966061	0.5268415919151721	trials	210626SL	p61	Z11111	217	6.0	270.0	8	1317.9041475966062	1318.1309891885212
1318.2044307565754	0.49684138138172784	trials	210626SL	p61	Z11111	0			0	1318.3544307565755	1318.551272137957
1320.7361685236488	0.5068414515592394	trials	210626SL	p61	Z11111	212	1.0	270.0	8	1320.8861685236488	1321.093009975208
1321.1464514029067	0.49684138138150047	trials	210626SL	p61	Z11111	15	14.0	0.0	4	1321.2964514029068	1321.493292784288
1321.5767344225203	0.49684138138150047	trials	210626SL	p61	Z11111	156	5.0	90.0	8	1321.7267344225204	1321.9235758039017
1321.9870173017782	0.5268415919149447	trials	210626SL	p61	Z11111	144	8.0	45.0	8	1322.1370173017783	1322.363858893693
1322.4273003915696	0.5068414515594668	trials	210626SL	p61	Z11111	347	1.0	315.0	12	1322.5773003915697	1322.784141843129
1322.8375832708275	0.5268815921958776	trials	210626SL	p61	Z11111	245	4.0	0.0	12	1322.9875832708276	1323.2144648630233
1323.2678662904411	0.49684138138150047	trials	210626SL	p61	Z11111	358	12.0	315.0	12	1323.4178662904412	1323.6147076718225
1323.6681490995213	0.5368816623736166	trials	210626SL	p61	Z11111	1	0.0	0.0	4	1323.8181490995214	1324.0550307618948
1327.440735574546	0.5068414515594668	trials	210626SL	p61	Z11111	256	0.0	45.0	12	1327.590735574546	1327.7975770261053
1327.8710185941595	0.49684138138150047	trials	210626SL	p61	Z11111	334	3.0	270.0	12	1328.0210185941596	1328.217859975541
1328.3013016137731	0.49684138138150047	trials	210626SL	p61	Z11111	49	3.0	135.0	4	1328.4513016137732	1328.6481429951546
1328.711584493031	0.5268415919151721	trials	210626SL	p61	Z11111	142	6.0	45.0	8	1328.8615844930312	1329.0884260849461
1329.1518675828227	0.5068814518401723	trials	210626SL	p61	Z11111	192	11.0	180.0	8	1329.3018675828228	1329.5087490346627
1329.5621504620806	0.5268815921956502	trials	210626SL	p61	Z11111	324	8.0	225.0	12	1329.7121504620807	1329.9390320542761
1330.0124736223306	0.49684138138150047	trials	210626SL	p61	Z11111	275	4.0	90.0	12	1330.1624736223307	1330.359315003712
1330.4127564314106	0.49684138138150047	trials	210626SL	p61	Z11111	106	0.0	315.0	4	1330.5627564314107	1330.759597812792
1334.4254645915466	0.5268815921956502	trials	210626SL	p61	Z11111	134	13.0	0.0	8	1334.5754645915467	1334.8023461837422
1334.865747681338	0.5268815921958776	trials	210626SL	p61	Z11111	335	4.0	270.0	12	1335.015747681338	1335.2426292735338
1335.3060707714103	0.5068414515592394	trials	210626SL	p61	Z11111	320	4.0	225.0	12	1335.4560707714104	1335.6629122229695
1335.746353861202	0.4968413813812731	trials	210626SL	p61	Z11111	140	4.0	45.0	8	1335.896353861202	1336.093195242583
1336.1466366702819	0.4968413813812731	trials	210626SL	p61	Z11111	323	7.0	225.0	12	1336.296636670282	1336.493478051663
1336.5769196898955	0.5368816623736166	trials	210626SL	p61	Z11111	62	1.0	180.0	4	1336.7269196898956	1336.963801352269
1337.0372429203233	0.5268815921958776	trials	210626SL	p61	Z11111	235	9.0	315.0	8	1337.1872429203233	1337.414124512519
1337.4875660805735	0.49684138138150047	trials	210626SL	p61	Z11111	151	0.0	90.0	8	1337.6375660805736	1337.834407461955
1341.6703954345755	0.5268815921956502	trials	210626SL	p61	Z11111	266	10.0	45.0	12	1341.8203954345756	1342.047277026771
1342.1207185948256	0.49684138138150047	trials	210626SL	p61	Z11111	225	14.0	270.0	8	1342.2707185948257	1342.467559976207
1342.5209614036248	0.5268815921958776	trials	210626SL	p61	Z11111	148	12.0	45.0	8	1342.670961403625	1342.8978429958206
1342.9712845638749	0.49684138138150047	trials	210626SL	p61	Z11111	13	12.0	0.0	4	1343.121284563875	1343.3181259452563
1343.3715673729548	0.49684138138172784	trials	210626SL	p61	Z11111	47	1.0	135.0	4	1343.521567372955	1343.7184087543365
1343.8018503925687	0.4968413813812731	trials	210626SL	p61	Z11111	46	0.0	135.0	4	1343.9518503925688	1344.1486917739498
1344.2221333420043	0.49684138138150047	trials	210626SL	p61	Z11111	243	2.0	0.0	12	1344.3721333420044	1344.5689747233857
1344.6224161510843	0.5068414515594668	trials	210626SL	p61	Z11111	48	2.0	135.0	4	1344.7724161510844	1344.9792576026437
1348.4950433281685	0.5268415919151721	trials	210626SL	p61	Z11111	223	12.0	270.0	8	1348.6450433281686	1348.8718849200836
1348.9453664884186	0.49680138110079497	trials	210626SL	p61	Z11111	247	6.0	0.0	12	1349.0953664884187	1349.2921678695193
1349.3756495080322	0.49684138138150047	trials	210626SL	p61	Z11111	330	14.0	225.0	12	1349.5256495080323	1349.7224908894136
1349.795932457468	0.49684138138150047	trials	210626SL	p61	Z11111	34	3.0	90.0	4	1349.9459324574682	1350.1427738388495
1350.1961752662673	0.49688138166220597	trials	210626SL	p61	Z11111	153	2.0	90.0	8	1350.3461752662674	1350.5430566479295
1350.6264982861617	0.5068414515594668	trials	210626SL	p61	Z11111	278	7.0	90.0	12	1350.7764982861618	1350.983339737721
1351.0667813759533	0.49684138138150047	trials	210626SL	p61	Z11111	128	7.0	0.0	8	1351.2167813759534	1351.4136227573347
1351.4670641850332	0.5268415919151721	trials	210626SL	p61	Z11111	354	8.0	315.0	12	1351.6170641850333	1351.8439057769483
1355.1195298170812	0.5268815921958776	trials	210626SL	p61	Z11111	117	11.0	315.0	4	1355.2695298170813	1355.496411409277
1355.5598529071535	0.5068414515594668	trials	210626SL	p61	Z11111	104	13.0	270.0	4	1355.7098529071536	1355.916694358713
1355.9701357864114	0.5268415919151721	trials	210626SL	p61	Z11111	113	7.0	315.0	4	1356.1201357864115	1356.3469773783265
1356.4204189463808	0.49684138138150047	trials	210626SL	p61	Z11111	336	5.0	270.0	12	1356.5704189463809	1356.7672603277622
1356.8207017554607	0.5268815921958776	trials	210626SL	p61	Z11111	285	14.0	90.0	12	1356.9707017554608	1357.1975833476565
1357.271024915711	0.49684138138150047	trials	210626SL	p61	Z11111	74	13.0	180.0	4	1357.421024915711	1357.6178662970924
1357.6712677245102	0.49684138138150047	trials	210626SL	p61	Z11111	79	3.0	225.0	4	1357.8212677245103	1358.0181091058917
1358.1015907444046	0.5068414515594668	trials	210626SL	p61	Z11111	167	1.0	135.0	8	1358.2515907444047	1358.458432195964
1362.1443391153548	0.5268415919151721	trials	210626SL	p61	Z11111	108	2.0	315.0	4	1362.294339115355	1362.5211807072699
1362.5846222051464	0.5068414515592394	trials	210626SL	p61	Z11111	145	9.0	45.0	8	1362.7346222051465	1362.9414636567055
1362.9949050844043	0.5268415919149447	trials	210626SL	p61	Z11111	259	3.0	45.0	12	1363.1449050844044	1363.3717466763192
1365.556643062011	0.5068414515592394	trials	210626SL	p61	Z11111	337	6.0	270.0	12	1365.7066430620112	1365.9134845135702
1365.9869260816247	0.49684138138150047	trials	210626SL	p61	Z11111	90	14.0	225.0	4	1366.1369260816248	1366.333767463006
1366.4172091012383	0.49684138138150047	trials	210626SL	p61	Z11111	306	5.0	180.0	12	1366.5672091012384	1366.7640504826197
1366.8174919103183	0.5368816623738439	trials	210626SL	p61	Z11111	293	7.0	135.0	12	1366.9674919103184	1367.204373572692
1367.2678150705683	0.5068414515594668	trials	210626SL	p61	Z11111	12	11.0	0.0	4	1367.4178150705684	1367.6246565221277
1367.6780979498265	0.5268415919149447	trials	210626SL	p61	Z11111	132	11.0	0.0	8	1367.8280979498265	1368.0549395417413
1368.1283811097958	0.49684138138150047	trials	210626SL	p61	Z11111	155	4.0	90.0	8	1368.2783811097959	1368.4752224911772
1368.5286639188757	0.5268815921958776	trials	210626SL	p61	Z11111	319	3.0	225.0	12	1368.6786639188758	1368.9055455110715
1372.341250674612	0.5268815921958776	trials	210626SL	p61	Z11111	218	7.0	270.0	8	1372.491250674612	1372.7181322668077
1372.791573834862	0.49684138138150047	trials	210626SL	p61	Z11111	260	4.0	45.0	12	1372.941573834862	1373.1384152162434
1373.191856643942	0.5268415919151721	trials	210626SL	p61	Z11111	359	13.0	315.0	12	1373.341856643942	1373.568698235857
1373.6321397337335	0.49684138138150047	trials	210626SL	p61	Z11111	349	3.0	315.0	12	1373.7821397337336	1373.978981115115
1374.0624227533472	0.49684138138150047	trials	210626SL	p61	Z11111	295	9.0	135.0	12	1374.2124227533473	1374.4092641347286
1374.4627055624271	0.5268415919151721	trials	210626SL	p61	Z11111	171	5.0	135.0	8	1374.6127055624272	1374.8395471543422
1374.9129887223967	0.49684138138150047	trials	210626SL	p61	Z11111	327	11.0	225.0	12	1375.0629887223968	1375.259830103778
1375.3132715314766	0.49684138138150047	trials	210626SL	p61	Z11111	0			0	1375.4632715314767	1375.660112912858
1379.115858217035	0.5268815921956502	trials	210626SL	p61	Z11111	112	6.0	315.0	4	1379.2658582170352	1379.4927398092307
1379.5661813772851	0.49684138138150047	trials	210626SL	p61	Z11111	23	7.0	45.0	4	1379.7161813772852	1379.9130227586666
1379.9964643968988	0.49684138138150047	trials	210626SL	p61	Z11111	78	2.0	225.0	4	1380.1464643968989	1380.3433057782802
1380.4067472761567	0.5268415919149447	trials	210626SL	p61	Z11111	118	12.0	315.0	4	1380.5567472761568	1380.7835888680715
1380.847030365948	0.5068414515594668	trials	210626SL	p61	Z11111	353	7.0	315.0	12	1380.9970303659481	1381.2038718175074
1381.257313245206	0.5268815921958776	trials	210626SL	p61	Z11111	338	7.0	270.0	12	1381.407313245206	1381.6341948374018
1381.7076364054562	0.49684138138150047	trials	210626SL	p61	Z11111	237	11.0	315.0	8	1381.8576364054563	1382.0544777868377
1382.1078792142555	0.49684138138150047	trials	210626SL	p61	Z11111	277	6.0	90.0	12	1382.2578792142556	1382.454720595637
1385.8604655489244	0.5068414515594668	trials	210626SL	p61	Z11111	42	11.0	90.0	4	1386.0104655489245	1386.2173070004837
1386.290748568538	0.49684138138150047	trials	210626SL	p61	Z11111	63	2.0	180.0	4	1386.440748568538	1386.6375899499194
1386.7210315881516	0.5268815921958776	trials	210626SL	p61	Z11111	284	13.0	90.0	12	1386.8710315881517	1387.0979131803474
1387.161354678224	0.5268415919151721	trials	210626SL	p61	Z11111	162	11.0	90.0	8	1387.311354678224	1387.538196270139
1387.5916376978375	0.49684138138150047	trials	210626SL	p61	Z11111	316	0.0	225.0	12	1387.7416376978376	1387.938479079219
1388.0219207174512	0.5368816623738439	trials	210626SL	p61	Z11111	204	8.0	225.0	8	1388.1719207174513	1388.408802379825
1388.4822439478792	0.49684138138150047	trials	210626SL	p61	Z11111	189	8.0	180.0	8	1388.6322439478793	1388.8290853292606
1388.9125269674928	0.49684138138150047	trials	210626SL	p61	Z11111	229	3.0	315.0	8	1389.0625269674929	1389.2593683488742
1392.735113793407	0.5168815220179113	trials	210626SL	p61	Z11111	227	1.0	315.0	8	1392.885113793407	1393.1019953154248
1393.1754368834793	0.4968413813812731	trials	210626SL	p61	Z11111	110	4.0	315.0	4	1393.3254368834794	1393.5222782648605
1393.5757196925592	0.5068414515592394	trials	210626SL	p61	Z11111	206	10.0	225.0	8	1393.7257196925593	1393.9325611441184
1394.0160027823506	0.49684138138150047	trials	210626SL	p61	Z11111	267	11.0	45.0	12	1394.1660027823507	1394.362844163732
1394.4162855914308	0.49684138138150047	trials	210626SL	p61	Z11111	202	6.0	225.0	8	1394.5662855914309	1394.7631269728122
1394.8465686110444	0.5068414515592394	trials	210626SL	p61	Z11111	352	6.0	315.0	12	1394.9965686110445	1395.2034100626036
1395.256851490302	0.5268415919151721	trials	210626SL	p61	Z11111	203	7.0	225.0	8	1395.4068514903022	1395.6336930822172
1395.7071346502717	0.49684138138150047	trials	210626SL	p61	Z11111	4	3.0	0.0	4	1395.8571346502717	1396.053976031653
1399.4597209849405	0.5068414515594668	trials	210626SL	p61	Z11111	54	8.0	135.0	4	1399.6097209849406	1399.8165624365
1399.8800039343764	0.5068414515592394	trials	210626SL	p61	Z11111	180	14.0	135.0	8	1400.0300039343765	1400.2368453859356
1400.3202870241678	0.49684138138150047	trials	210626SL	p61	Z11111	281	10.0	90.0	12	1400.4702870241679	1400.6671284055492
1400.720569833248	0.5268415919151721	trials	210626SL	p61	Z11111	10	9.0	0.0	4	1400.870569833248	1401.097411425163
1401.1708529932173	0.49684138138150047	trials	210626SL	p61	Z11111	199	3.0	225.0	8	1401.3208529932174	1401.5176943745987
1401.5711358022972	0.5368816623738439	trials	210626SL	p61	Z11111	307	6.0	180.0	12	1401.7211358022973	1401.958017464671
1402.0214589625475	0.5068414515592394	trials	210626SL	p61	Z11111	197	1.0	225.0	8	1402.1714589625476	1402.3783004141067
1402.4317418418052	0.5268415919151721	trials	210626SL	p61	Z11111	177	11.0	135.0	8	1402.5817418418053	1402.8085834337203
1406.4144497914076	0.5268415919149447	trials	210626SL	p61	Z11111	66	5.0	180.0	4	1406.5644497914077	1406.7912913833225
1406.854732881199	0.5068414515594668	trials	210626SL	p61	Z11111	141	5.0	45.0	8	1407.004732881199	1407.2115743327583
1407.2950159709906	0.5268815921958776	trials	210626SL	p61	Z11111	228	2.0	315.0	8	1407.4450159709907	1407.6718975631863
1407.7453391312406	0.5268415919151721	trials	210626SL	p61	Z11111	147	11.0	45.0	8	1407.8953391312407	1408.1221807231557
1408.1856222210322	0.49684138138150047	trials	210626SL	p61	Z11111	58	12.0	135.0	4	1408.3356222210323	1408.5324636024136
1408.6159452409265	0.49684138138150047	trials	210626SL	p61	Z11111	239	13.0	315.0	8	1408.7659452409266	1408.962786622308
1409.016188049726	0.5268815921956502	trials	210626SL	p61	Z11111	163	12.0	90.0	8	1409.166188049726	1409.3930696419216
1409.4665112099758	0.49684138138172784	trials	210626SL	p61	Z11111	251	10.0	0.0	12	1409.616511209976	1409.8133525913574
1413.1490170528384	0.5068414515592394	trials	210626SL	p61	Z11111	288	2.0	135.0	12	1413.2990170528385	1413.5058585043976
1413.579300072452	0.49684138138150047	trials	210626SL	p61	Z11111	137	1.0	45.0	8	1413.7293000724521	1413.9261414538335
1413.98958295171	0.5268815921958776	trials	210626SL	p61	Z11111	326	10.0	225.0	12	1414.13958295171	1414.3664645439057
1414.4298660415013	0.5068814518401723	trials	210626SL	p61	Z11111	159	8.0	90.0	8	1414.5798660415014	1414.7867474933414
1414.8401489207592	0.5268815921958776	trials	210626SL	p61	Z11111	7	6.0	0.0	4	1414.9901489207593	1415.217030512955
1415.2904720810095	0.4968413813812731	trials	210626SL	p61	Z11111	9	8.0	0.0	4	1415.4404720810096	1415.6373134623907
1415.6907548900895	0.49684138138150047	trials	210626SL	p61	Z11111	150	14.0	45.0	8	1415.8407548900896	1416.0375962714709
1416.121037909703	0.49684138138150047	trials	210626SL	p61	Z11111	289	3.0	135.0	12	1416.2710379097032	1416.4678792910845
1420.0637055783131	0.5068414515592394	trials	210626SL	p61	Z11111	315	14.0	180.0	12	1420.2137055783132	1420.4205470298723
1420.4940285982075	0.49680138110079497	trials	210626SL	p61	Z11111	105	14.0	270.0	4	1420.6440285982076	1420.8408299793082
1420.8942714070067	0.5268815921958776	trials	210626SL	p61	Z11111	73	12.0	180.0	4	1421.0442714070068	1421.2711529992025
1421.3445945672568	0.49684138138150047	trials	210626SL	p61	Z11111	356	10.0	315.0	12	1421.4945945672569	1421.6914359486382
1421.7448773763367	0.5268415919151721	trials	210626SL	p61	Z11111	123	2.0	0.0	8	1421.8948773763368	1422.1217189682518
1422.1951605363063	0.49684138138150047	trials	210626SL	p61	Z11111	182	1.0	180.0	8	1422.3451605363064	1422.5420019176877
1422.5954433453862	0.5268415919151721	trials	210626SL	p61	Z11111	184	3.0	180.0	8	1422.7454433453863	1422.9722849373013
1423.0357264351778	0.5268815921958776	trials	210626SL	p61	Z11111	242	1.0	0.0	12	1423.185726435178	1423.4126080273736
1426.96839403361	0.5268815921958776	trials	210626SL	p61	Z11111	85	9.0	225.0	4	1427.11839403361	1427.3452756258057
1427.4087171236822	0.5068414515594668	trials	210626SL	p61	Z11111	152	1.0	90.0	8	1427.5587171236823	1427.7655585752416
1427.8490002134738	0.4968413813812731	trials	210626SL	p61	Z11111	328	12.0	225.0	12	1427.999000213474	1428.195841594855
1428.2492830225538	0.5268415919151721	trials	210626SL	p61	Z11111	240	14.0	315.0	8	1428.3992830225538	1428.6261246144688
1428.6996061828038	0.49684138138150047	trials	210626SL	p61	Z11111	28	12.0	45.0	4	1428.8496061828039	1429.0464475641852
1429.109849061781	0.5268815921958776	trials	210626SL	p61	Z11111	300	14.0	135.0	12	1429.259849061781	1429.4867306539768
1429.5401720816753	0.5268415919151721	trials	210626SL	p61	Z11111	33	2.0	90.0	4	1429.6901720816754	1429.9170136735904
1429.9904552416447	0.49684138138150047	trials	210626SL	p61	Z11111	18	2.0	45.0	4	1430.1404552416448	1430.337296623026
1433.7130013654994	0.5068414515592394	trials	210626SL	p61	Z11111	246	5.0	0.0	12	1433.8630013654995	1434.0698428170585
1434.133284314935	0.49684138138150047	trials	210626SL	p61	Z11111	146	10.0	45.0	8	1434.2832843149351	1434.4801256963165
1434.553567264371	0.49684138138150047	trials	210626SL	p61	Z11111	68	7.0	180.0	4	1434.703567264371	1434.9004086457523
1437.1853457335035	0.5268815921958776	trials	210626SL	p61	Z11111	210	14.0	225.0	8	1437.3353457335036	1437.5622273256993
1437.6156687533978	0.5268415919151721	trials	210626SL	p61	Z11111	116	10.0	315.0	4	1437.765668753398	1437.992510345313
1438.0559518431894	0.49684138138150047	trials	210626SL	p61	Z11111	57	11.0	135.0	4	1438.2059518431895	1438.4027932245708
1438.486234862803	0.49684138138150047	trials	210626SL	p61	Z11111	283	12.0	90.0	12	1438.6362348628031	1438.8330762441844
1438.886517671883	0.5268815921958776	trials	210626SL	p61	Z11111	29	13.0	45.0	4	1439.036517671883	1439.2633992640788
1439.3368408321332	0.4968413813812731	trials	210626SL	p61	Z11111	71	10.0	180.0	4	1439.4868408321333	1439.6836822135144
1439.7370836409325	0.5368816623736166	trials	210626SL	p61	Z11111	61	0.0	180.0	4	1439.8870836409326	1440.123965303306
1440.1874068011825	0.5068414515594668	trials	210626SL	p61	Z11111	317	1.0	225.0	12	1440.3374068011826	1440.544248252742
1444.040033837911	0.5268415919149447	trials	210626SL	p61	Z11111	276	5.0	90.0	12	1444.1900338379112	1444.416875429826
1444.4903169978804	0.49684138138150047	trials	210626SL	p61	Z11111	2	1.0	0.0	4	1444.6403169978805	1444.8371583792618
1444.8905998069604	0.5268815921958776	trials	210626SL	p61	Z11111	350	4.0	315.0	12	1445.0405998069605	1445.2674813991562
1445.330882896752	0.5268815921956502	trials	210626SL	p61	Z11111	92	1.0	270.0	4	1445.480882896752	1445.7077644889475
1445.781206057002	0.49684138138150047	trials	210626SL	p61	Z11111	305	4.0	180.0	12	1445.931206057002	1446.1280474383834
1448.2929036834387	0.5268815921958776	trials	210626SL	p61	Z11111	161	10.0	90.0	8	1448.4429036834388	1448.6697852756345
1448.733226773511	0.5068414515594668	trials	210626SL	p61	Z11111	272	1.0	90.0	12	1448.883226773511	1449.0900682250704
1449.143509652769	0.5268415919151721	trials	210626SL	p61	Z11111	226	0.0	315.0	8	1449.293509652769	1449.520351244684
1449.5937928127382	0.49684138138150047	trials	210626SL	p61	Z11111	0			0	1449.7437928127383	1449.9406341941196
1449.9940756218182	0.5268415919151721	trials	210626SL	p61	Z11111	230	4.0	315.0	8	1450.1440756218183	1450.3709172137333
1450.4443987820684	0.49684138138150047	trials	210626SL	p61	Z11111	76	0.0	225.0	4	1450.5943987820685	1450.7912401634499
1450.8446415908677	0.5268815921958776	trials	210626SL	p61	Z11111	302	1.0	180.0	12	1450.9946415908678	1451.2215231830635
1451.2949647511177	0.49684138138150047	trials	210626SL	p61	Z11111	233	7.0	315.0	8	1451.4449647511178	1451.6418061324991
1455.1375917176683	0.5168415217372058	trials	210626SL	p61	Z11111	53	7.0	135.0	4	1455.2875917176684	1455.5044332394054
1455.57787480746	0.49684138138150047	trials	210626SL	p61	Z11111	274	3.0	90.0	12	1455.72787480746	1455.9247161888413
1455.9781576165399	0.5268415919151721	trials	210626SL	p61	Z11111	181	0.0	180.0	8	1456.12815761654	1456.354999208455
1456.4284407765094	0.4968413813812731	trials	210626SL	p61	Z11111	186	5.0	180.0	8	1456.5784407765095	1456.7752821578906
1456.8387236557671	0.5268815921958776	trials	210626SL	p61	Z11111	120	14.0	315.0	4	1456.9887236557672	1457.215605247963
1457.2790067455587	0.5068814518399449	trials	210626SL	p61	Z11111	69	8.0	180.0	4	1457.4290067455588	1457.6358881973986
1457.7193298356308	0.49684138138172784	trials	210626SL	p61	Z11111	219	8.0	270.0	8	1457.8693298356309	1458.0661712170124
1458.119612644711	0.5268415919151721	trials	210626SL	p61	Z11111	294	8.0	135.0	12	1458.269612644711	1458.496454236626
1461.9722396814393	0.5268415919151721	trials	210626SL	p61	Z11111	102	11.0	270.0	4	1462.1222396814394	1462.3490812733544
1462.4225228414086	0.49684138138172784	trials	210626SL	p61	Z11111	224	13.0	270.0	8	1462.5725228414087	1462.7693642227903
1462.8228056504888	0.5268415919149447	trials	210626SL	p61	Z11111	65	4.0	180.0	4	1462.972805650489	1463.1996472424037
1463.2730888104581	0.49684138138150047	trials	210626SL	p61	Z11111	39	8.0	90.0	4	1463.4230888104582	1463.6199301918396
1463.673371619538	0.5268815921958776	trials	210626SL	p61	Z11111	286	0.0	135.0	12	1463.8233716195382	1464.050253211734
1464.1236947797884	0.49684138138150047	trials	210626SL	p61	Z11111	238	12.0	315.0	8	1464.2736947797885	1464.4705361611698
1464.5239375885876	0.5368816623736166	trials	210626SL	p61	Z11111	325	9.0	225.0	12	1464.6739375885877	1464.9108192509611
1464.9742607488377	0.49684138138150047	trials	210626SL	p61	Z11111	59	13.0	135.0	4	1465.1242607488377	1465.321102130219
1468.6767667320557	0.5068414515594668	trials	210626SL	p61	Z11111	178	12.0	135.0	8	1468.8267667320558	1469.0336081836151
1469.0870496113137	0.5068414515594668	trials	210626SL	p61	Z11111	170	4.0	135.0	8	1469.2370496113138	1469.443891062873
1469.4973324905716	0.5268815921958776	trials	210626SL	p61	Z11111	160	9.0	90.0	8	1469.6473324905717	1469.8742140827674
1469.9476556508216	0.49684138138172784	trials	210626SL	p61	Z11111	342	11.0	270.0	12	1470.0976556508217	1470.2944970322033
1470.3779386704355	0.4968413813812731	trials	210626SL	p61	Z11111	96	5.0	270.0	4	1470.5279386704356	1470.7247800518167
1470.7882215496932	0.5268415919151721	trials	210626SL	p61	Z11111	125	4.0	0.0	8	1470.9382215496933	1471.1650631416082
1471.218504569307	0.5268815921958776	trials	210626SL	p61	Z11111	130	9.0	0.0	8	1471.368504569307	1471.5953861615028
1471.668827729557	0.49684138138150047	trials	210626SL	p61	Z11111	333	2.0	270.0	12	1471.8188277295571	1472.0156691109385
1475.491414555471	0.5168415217374331	trials	210626SL	p61	Z11111	139	3.0	45.0	8	1475.641414555471	1475.8582560772084
1475.9316976452626	0.49684138138150047	trials	210626SL	p61	Z11111	19	3.0	45.0	4	1476.0816976452627	1476.278539026644
1476.352020594979	0.49680138110102234	trials	210626SL	p61	Z11111	185	4.0	180.0	8	1476.502020594979	1476.69882197608
1476.7522634037784	0.49684138138150047	trials	210626SL	p61	Z11111	343	12.0	270.0	12	1476.9022634037785	1477.0991047851599
1477.1825864236728	0.5068414515594668	trials	210626SL	p61	Z11111	38	7.0	90.0	4	1477.3325864236729	1477.5394278752321
1477.59282930265	0.5268815921958776	trials	210626SL	p61	Z11111	282	11.0	90.0	12	1477.74282930265	1477.9697108948458
1478.0431524629	0.49684138138150047	trials	210626SL	p61	Z11111	131	10.0	0.0	8	1478.1931524629001	1478.3899938442814
1478.4734354825137	0.49684138138150047	trials	210626SL	p61	Z11111	270	14.0	45.0	12	1478.6234354825137	1478.820276863895
1482.3060623788865	0.5168415217369784	trials	210626SL	p61	Z11111	262	6.0	45.0	12	1482.4560623788866	1482.6729039006234
1482.7363453985	0.49684138138172784	trials	210626SL	p61	Z11111	213	2.0	270.0	8	1482.8863453985	1483.0831867798815
1483.13662820758	0.5068414515592394	trials	210626SL	p61	Z11111	99	8.0	270.0	4	1483.2866282075802	1483.4934696591392
1483.5769112973717	0.4968413813812731	trials	210626SL	p61	Z11111	89	13.0	225.0	4	1483.7269112973718	1483.9237526787529
1483.9971942468073	0.49684138138150047	trials	210626SL	p61	Z11111	41	10.0	90.0	4	1484.1471942468074	1484.3440356281887
1484.4275172667017	0.49680138110079497	trials	210626SL	p61	Z11111	169	3.0	135.0	8	1484.5775172667018	1484.7743186478024
1484.827760075501	0.5068414515594668	trials	210626SL	p61	Z11111	93	2.0	270.0	4	1484.977760075501	1485.1846015270603
1485.2680831655732	0.49680138110079497	trials	210626SL	p61	Z11111	298	12.0	135.0	12	1485.4180831655733	1485.614884546674
1489.2507911151754	0.5068414515594668	trials	210626SL	p61	Z11111	94	3.0	270.0	4	1489.4007911151755	1489.6076325667348
1489.681074134789	0.49684138138150047	trials	210626SL	p61	Z11111	206	10.0	225.0	8	1489.831074134789	1490.0279155161704
1490.081356943869	0.5268415919151721	trials	210626SL	p61	Z11111	225	14.0	270.0	8	1490.231356943869	1490.458198535784
1490.5216400336606	0.49684138138150047	trials	210626SL	p61	Z11111	1	0.0	0.0	4	1490.6716400336607	1490.868481415042
1490.9519230532742	0.49684138138150047	trials	210626SL	p61	Z11111	248	7.0	0.0	12	1491.1019230532743	1491.2987644346556
1491.3522058623544	0.5268415919149447	trials	210626SL	p61	Z11111	333	2.0	270.0	12	1491.5022058623545	1491.7290474542692
1491.7924889521457	0.49684138138150047	trials	210626SL	p61	Z11111	67	6.0	180.0	4	1491.9424889521458	1492.1393303335271
1492.1927717612257	0.5268815921958776	trials	210626SL	p61	Z11111	110	4.0	315.0	4	1492.3427717612258	1492.5696533534215
1496.1554795704722	0.5068414515594668	trials	210626SL	p61	Z11111	61	0.0	180.0	4	1496.3054795704722	1496.5123210220315
1496.575762519908	0.5268415919151721	trials	210626SL	p61	Z11111	302	1.0	180.0	12	1496.7257625199081	1496.9526041118231
1497.0260456798774	0.49684138138150047	trials	210626SL	p61	Z11111	340	9.0	270.0	12	1497.1760456798775	1497.3728870612588
1497.4263284889573	0.5268815921958776	trials	210626SL	p61	Z11111	199	3.0	225.0	8	1497.5763284889574	1497.803210081153
1497.8766516492076	0.49684138138150047	trials	210626SL	p61	Z11111	31	0.0	90.0	4	1498.0266516492077	1498.223493030589
1498.2769344582875	0.5268415919151721	trials	210626SL	p61	Z11111	114	8.0	315.0	4	1498.4269344582876	1498.6537760502026
1498.7272176182569	0.49684138138172784	trials	210626SL	p61	Z11111	179	13.0	135.0	8	1498.877217618257	1499.0740589996385
1499.127500427337	0.49684138138150047	trials	210626SL	p61	Z11111	80	4.0	225.0	4	1499.2775004273371	1499.4743418087185
1503.0301278149548	0.5068814518401723	trials	210626SL	p61	Z11111	285	14.0	90.0	12	1503.1801278149549	1503.3870092667948
1503.460450834849	0.49684138138150047	trials	210626SL	p61	Z11111	12	11.0	0.0	4	1503.6104508348492	1503.8072922162305
1503.8606936436486	0.5368816623736166	trials	210626SL	p61	Z11111	132	11.0	0.0	8	1504.0106936436487	1504.247575306022
1504.3110168038986	0.49684138138150047	trials	210626SL	p61	Z11111	161	10.0	90.0	8	1504.4610168038987	1504.65785818528
1504.7212996831565	0.5268415919151721	trials	210626SL	p61	Z11111	84	8.0	225.0	4	1504.8712996831566	1505.0981412750716
1505.1615827729481	0.5068414515592394	trials	210626SL	p61	Z11111	345	14.0	270.0	12	1505.3115827729482	1505.5184242245073
1505.6019058630202	0.49684138138150047	trials	210626SL	p61	Z11111	312	11.0	180.0	12	1505.7519058630203	1505.9487472444016
1506.0021486718194	0.49684138138150047	trials	210626SL	p61	Z11111	51	5.0	135.0	4	1506.1521486718195	1506.3489900532009
1512.516594388495	0.5068414515594668	trials	210626SL	p61	Z11111	241	0.0	0.0	12	1512.666594388495	1512.8734358400543
1512.9468774081085	0.49684138138150047	trials	210626SL	p61	Z11111	92	1.0	270.0	4	1513.0968774081086	1513.29371878949
1513.3471602171887	0.4968413813812731	trials	210626SL	p61	Z11111	88	12.0	225.0	4	1513.4971602171888	1513.69400159857
1513.7774432368021	0.49684138138172784	trials	210626SL	p61	Z11111	350	4.0	315.0	12	1513.9274432368022	1514.1242846181838
1514.197726186238	0.49684138138150047	trials	210626SL	p61	Z11111	74	13.0	180.0	4	1514.347726186238	1514.5445675676194
1514.598008995318	0.5368816623738439	trials	210626SL	p61	Z11111	78	2.0	225.0	4	1514.748008995318	1514.9848906576917
1515.0382920851096	0.49684138138150047	trials	210626SL	p61	Z11111	68	7.0	180.0	4	1515.1882920851097	1515.385133466491
1515.468615105004	0.49684138138150047	trials	210626SL	p61	Z11111	45	14.0	90.0	4	1515.618615105004	1515.8154564863853
1519.401282703436	0.5168415217372058	trials	210626SL	p61	Z11111	123	2.0	0.0	8	1519.551282703436	1519.768124225173
1519.8315657230496	0.49684138138150047	trials	210626SL	p61	Z11111	249	8.0	0.0	12	1519.9815657230497	1520.178407104431
1520.2418486023075	0.5268815921958776	trials	210626SL	p61	Z11111	257	1.0	45.0	12	1520.3918486023076	1520.6187301945033
1520.6821316920991	0.5068814518399449	trials	210626SL	p61	Z11111	0			0	1520.8321316920992	1521.039013143939
1521.1224547821712	0.49684138138172784	trials	210626SL	p61	Z11111	211	0.0	270.0	8	1521.2724547821713	1521.4692961635528
1521.542737731607	0.49684138138150047	trials	210626SL	p61	Z11111	247	6.0	0.0	12	1521.6927377316072	1521.8895791129885
1521.943020540687	0.49684138138150047	trials	210626SL	p61	Z11111	356	10.0	315.0	12	1522.0930205406871	1522.2898619220684
1522.3733035603007	0.49684138138150047	trials	210626SL	p61	Z11111	23	7.0	45.0	4	1522.5233035603007	1522.720144941682
1526.3159712289107	0.5168815220179113	trials	210626SL	p61	Z11111	337	6.0	270.0	12	1526.4659712289108	1526.6828527509285
1526.756294318983	0.49684138138150047	trials	210626SL	p61	Z11111	83	7.0	225.0	4	1526.906294318983	1527.1031357003644
1527.166577198241	0.5268415919151721	trials	210626SL	p61	Z11111	251	10.0	0.0	12	1527.316577198241	1527.543418790156
1527.5968602178546	0.49684138138150047	trials	210626SL	p61	Z11111	295	9.0	135.0	12	1527.7468602178546	1527.943701599236
1528.0271432374682	0.5368816623736166	trials	210626SL	p61	Z11111	19	3.0	45.0	4	1528.1771432374683	1528.4140248998417
1530.929123602807	0.5268415919151721	trials	210626SL	p61	Z11111	292	6.0	135.0	12	1531.0791236028072	1531.3059651947221
1531.3694066925984	0.5068814518401723	trials	210626SL	p61	Z11111	119	13.0	315.0	4	1531.5194066925985	1531.7262881444385
1531.7896896420343	0.49684138138150047	trials	210626SL	p61	Z11111	287	1.0	135.0	12	1531.9396896420344	1532.1365310234157
1532.1999725212922	0.5268815921956502	trials	210626SL	p61	Z11111	11	10.0	0.0	4	1532.3499725212923	1532.5768541134878
1532.6402956113643	0.5068414515594668	trials	210626SL	p61	Z11111	154	3.0	90.0	8	1532.7902956113644	1532.9971370629237
1533.0505784906222	0.4968413813812731	trials	210626SL	p61	Z11111	231	5.0	315.0	8	1533.2005784906223	1533.3974198720034
1533.4808615102356	0.49684138138172784	trials	210626SL	p61	Z11111	136	0.0	45.0	8	1533.6308615102357	1533.8277028916173
1533.8911443894935	0.5268415919151721	trials	210626SL	p61	Z11111	17	1.0	45.0	4	1534.0411443894936	1534.2679859814086
1536.6830439823145	0.5068414515592394	trials	210626SL	p61	Z11111	106	0.0	315.0	4	1536.8330439823146	1537.0398854338737
1537.0933268615725	0.49684138138150047	trials	210626SL	p61	Z11111	258	2.0	45.0	12	1537.2433268615725	1537.4401682429539
1537.4935696703717	0.5368816623736166	trials	210626SL	p61	Z11111	305	4.0	180.0	12	1537.6435696703718	1537.8804513327452
1537.943892830622	0.4968413813812731	trials	210626SL	p61	Z11111	47	1.0	135.0	4	1538.093892830622	1538.2907342120031
1538.3541757098797	0.5268415919151721	trials	210626SL	p61	Z11111	219	8.0	270.0	8	1538.5041757098797	1538.7310173017947
1538.804458869849	0.49684138138150047	trials	210626SL	p61	Z11111	353	7.0	315.0	12	1538.954458869849	1539.1513002512304
1539.2347818897433	0.49684138138150047	trials	210626SL	p61	Z11111	180	14.0	135.0	8	1539.3847818897434	1539.5816232711247
1539.6350246985428	0.5268815921956502	trials	210626SL	p61	Z11111	200	4.0	225.0	8	1539.7850246985429	1540.0119062907384
1543.6778130697737	0.5168415217369784	trials	210626SL	p61	Z11111	141	5.0	45.0	8	1543.8278130697738	1544.0446545915106
1544.0980960192094	0.5068414515594668	trials	210626SL	p61	Z11111	268	12.0	45.0	12	1544.2480960192095	1544.4549374707688
1544.5383791090007	0.49684138138172784	trials	210626SL	p61	Z11111	321	5.0	225.0	12	1544.6883791090008	1544.8852204903824
1544.9586620584366	0.49684138138150047	trials	210626SL	p61	Z11111	173	7.0	135.0	8	1545.1086620584367	1545.305503439818
1545.3589448675168	0.5268415919151721	trials	210626SL	p61	Z11111	255	14.0	0.0	12	1545.508944867517	1545.735786459432
1545.7892278871304	0.5068414515592394	trials	210626SL	p61	Z11111	216	5.0	270.0	8	1545.9392278871305	1546.1460693386896
1546.2295109769218	0.49684138138150047	trials	210626SL	p61	Z11111	96	5.0	270.0	4	1546.379510976922	1546.5763523583032
1546.6598339968164	0.4968413813812731	trials	210626SL	p61	Z11111	33	2.0	90.0	4	1546.8098339968165	1547.0066753781975
1550.4423805417382	0.5268815921956502	trials	210626SL	p61	Z11111	57	11.0	135.0	4	1550.5923805417383	1550.8192621339338
1550.8727035616323	0.49684138138172784	trials	210626SL	p61	Z11111	32	1.0	90.0	4	1551.0227035616324	1551.219544943014
1551.2829464406095	0.526881592196105	trials	210626SL	p61	Z11111	103	12.0	270.0	4	1551.4329464406096	1551.6598280328055
1551.7232695306818	0.5068414515592394	trials	210626SL	p61	Z11111	195	14.0	180.0	8	1551.873269530682	1552.080110982241
1552.1635526204734	0.4968413813812731	trials	210626SL	p61	Z11111	101	10.0	270.0	4	1552.3135526204735	1552.5103940018546
1552.5638354295534	0.5268815921956502	trials	210626SL	p61	Z11111	126	5.0	0.0	8	1552.7138354295535	1552.940717021749
1553.0141585898036	0.4968013811005676	trials	210626SL	p61	Z11111	344	13.0	270.0	12	1553.1641585898037	1553.360959970904
1553.4144013986029	0.49684138138150047	trials	210626SL	p61	Z11111	3	2.0	0.0	4	1553.564401398603	1553.7612427799843
1560.0188877471599	0.5068814518401723	trials	210626SL	p61	Z11111	346	0.0	315.0	12	1560.16888774716	1560.375769199
1560.4291706264175	0.49684138138172784	trials	210626SL	p61	Z11111	322	6.0	225.0	12	1560.5791706264176	1560.7760120077992
1560.8294534354977	0.5268815921956502	trials	210626SL	p61	Z11111	314	13.0	180.0	12	1560.9794534354978	1561.2063350276933
1561.2797765957478	0.49684138138150047	trials	210626SL	p61	Z11111	254	13.0	0.0	12	1561.4297765957479	1561.6266179771292
1561.7000595451834	0.49684138138172784	trials	210626SL	p61	Z11111	162	11.0	90.0	8	1561.8500595451835	1562.046900926565
1562.1303425647973	0.49684138138150047	trials	210626SL	p61	Z11111	168	2.0	135.0	8	1562.2803425647974	1562.4771839461787
1562.5306253738772	0.5368416620931384	trials	210626SL	p61	Z11111	99	8.0	270.0	4	1562.6806253738773	1562.9174670359703
1562.9809085338468	0.4968413813812731	trials	210626SL	p61	Z11111	196	0.0	225.0	8	1563.1309085338469	1563.327749915228
1566.8835759217452	0.5268415919149447	trials	210626SL	p61	Z11111	0			0	1567.0335759217453	1567.26041751366
1567.3338990819952	0.49684138138150047	trials	210626SL	p61	Z11111	335	4.0	270.0	12	1567.4838990819953	1567.6807404633767
1567.7641821016089	0.5068414515592394	trials	210626SL	p61	Z11111	207	11.0	225.0	8	1567.914182101609	1568.121023553168
1568.1744649808666	0.5268415919151721	trials	210626SL	p61	Z11111	98	7.0	270.0	4	1568.3244649808667	1568.5513065727816
1568.6047480004804	0.49684138138150047	trials	210626SL	p61	Z11111	95	4.0	270.0	4	1568.7547480004805	1568.9515893818618
1569.0050308095604	0.5268415919151721	trials	210626SL	p61	Z11111	171	5.0	135.0	8	1569.1550308095605	1569.3818724014754
1569.45531396953	0.49684138138150047	trials	210626SL	p61	Z11111	24	8.0	45.0	4	1569.60531396953	1569.8021553509113
1569.8655968487878	0.5268815921956502	trials	210626SL	p61	Z11111	301	0.0	180.0	12	1570.015596848788	1570.2424784409834
1573.7282239556941	0.5268815921956502	trials	210626SL	p61	Z11111	272	1.0	90.0	12	1573.8782239556942	1574.1051055478897
1574.1685470457662	0.5068414515594668	trials	210626SL	p61	Z11111	212	1.0	270.0	8	1574.3185470457663	1574.5253884973256
1574.5788299250241	0.5268415919151721	trials	210626SL	p61	Z11111	160	9.0	90.0	8	1574.7288299250242	1574.9556715169392
1575.0291130849935	0.49684138138172784	trials	210626SL	p61	Z11111	240	14.0	315.0	8	1575.1791130849936	1575.375954466375
1575.4593961046073	0.4968413813812731	trials	210626SL	p61	Z11111	202	6.0	225.0	8	1575.6093961046074	1575.8062374859885
1575.859678913687	0.5068414515594668	trials	210626SL	p61	Z11111	6	5.0	0.0	4	1576.0096789136871	1576.2165203652464
1576.2999620034786	0.49684138138150047	trials	210626SL	p61	Z11111	172	6.0	135.0	8	1576.4499620034787	1576.64680338486
1576.7002448125588	0.5268815921956502	trials	210626SL	p61	Z11111	316	0.0	225.0	12	1576.850244812559	1577.0771264047544
1580.5829120601015	0.5068414515594668	trials	210626SL	p61	Z11111	63	2.0	180.0	4	1580.7329120601016	1580.939753511661
1581.0131950797152	0.4968413813812731	trials	210626SL	p61	Z11111	278	7.0	90.0	12	1581.1631950797153	1581.3600364610963
1581.4134778887951	0.5368416620929111	trials	210626SL	p61	Z11111	81	5.0	225.0	4	1581.5634778887952	1581.800319550888
1581.8537609785867	0.5268415919149447	trials	210626SL	p61	Z11111	4	3.0	0.0	4	1582.0037609785868	1582.2306025705016
1584.3454584646677	0.5268415919151721	trials	210626SL	p61	Z11111	300	14.0	135.0	12	1584.4954584646678	1584.7223000565828
1584.795741624637	0.49684138138172784	trials	210626SL	p61	Z11111	188	7.0	180.0	8	1584.945741624637	1585.1425830060186
1585.2260646445313	0.49684138138150047	trials	210626SL	p61	Z11111	43	12.0	90.0	4	1585.3760646445314	1585.5729060259127
1585.666347734323	0.49684138138150047	trials	210626SL	p61	Z11111	283	12.0	90.0	12	1585.816347734323	1586.0131891157043
1586.0966307539366	0.4968413813812731	trials	210626SL	p61	Z11111	104	13.0	270.0	4	1586.2466307539366	1586.4434721353177
1586.4969135630165	0.5068414515594668	trials	210626SL	p61	Z11111	308	7.0	180.0	12	1586.6469135630166	1586.8537550145759
1586.937196652808	0.49684138138150047	trials	210626SL	p61	Z11111	174	8.0	135.0	8	1587.0871966528082	1587.2840380341895
1587.337479461888	0.5268815921958776	trials	210626SL	p61	Z11111	54	8.0	135.0	4	1587.4874794618881	1587.7143610540838
1591.2401468497867	0.5268415919151721	trials	210626SL	p61	Z11111	331	0.0	270.0	12	1591.3901468497868	1591.6169884417018
1591.680429939578	0.5068414515594668	trials	210626SL	p61	Z11111	143	7.0	45.0	8	1591.8304299395782	1592.0372713911374
1592.0907128188362	0.5268815921956502	trials	210626SL	p61	Z11111	105	14.0	270.0	4	1592.2407128188363	1592.4675944110318
1592.5410359790862	0.49684138138150047	trials	210626SL	p61	Z11111	338	7.0	270.0	12	1592.6910359790863	1592.8878773604677
1592.9412787878853	0.49684138138172784	trials	210626SL	p61	Z11111	325	9.0	225.0	12	1593.0912787878854	1593.288120169267
1593.3415615969654	0.49684138138150047	trials	210626SL	p61	Z11111	138	2.0	45.0	8	1593.4915615969655	1593.6884029783469
1593.771844616579	0.49684138138150047	trials	210626SL	p61	Z11111	313	12.0	180.0	12	1593.9218446165792	1594.1186859979605
1594.1821274958368	0.526881592196105	trials	210626SL	p61	Z11111	117	11.0	315.0	4	1594.3321274958369	1594.5590090880328
1598.0647947433797	0.5168415217372058	trials	210626SL	p61	Z11111	286	0.0	135.0	12	1598.2147947433798	1598.4316362651168
1598.5050778331713	0.49684138138150047	trials	210626SL	p61	Z11111	244	3.0	0.0	12	1598.6550778331714	1598.8519192145527
1598.9153607124292	0.5268415919151721	trials	210626SL	p61	Z11111	113	7.0	315.0	4	1599.0653607124293	1599.2922023043443
1599.3556438022208	0.5068814518399449	trials	210626SL	p61	Z11111	267	11.0	45.0	12	1599.505643802221	1599.7125252540607
1599.7959668922929	0.49684138138150047	trials	210626SL	p61	Z11111	76	0.0	225.0	4	1599.945966892293	1600.1428082736743
1600.2162498417288	0.5268415919151721	trials	210626SL	p61	Z11111	217	6.0	270.0	8	1600.3662498417289	1600.5930914336438
1600.6465328613424	0.5068414515592394	trials	210626SL	p61	Z11111	310	9.0	180.0	12	1600.7965328613425	1601.0033743129015
1601.086815951134	0.4968813816619786	trials	210626SL	p61	Z11111	306	5.0	180.0	12	1601.236815951134	1601.4336973327959
1604.9994834092104	0.5268815921956502	trials	210626SL	p61	Z11111	329	13.0	225.0	12	1605.1494834092105	1605.376365001406
1605.4298064291047	0.49684138138150047	trials	210626SL	p61	Z11111	270	14.0	45.0	12	1605.5798064291048	1605.776647810486
1605.870089518896	0.49684138138150047	trials	210626SL	p61	Z11111	234	8.0	315.0	8	1606.0200895188962	1606.2169309002775
1606.270372327976	0.5268415919151721	trials	210626SL	p61	Z11111	294	8.0	135.0	12	1606.420372327976	1606.647213919891
1606.7006553475896	0.5368816623738439	trials	210626SL	p61	Z11111	167	1.0	135.0	8	1606.8506553475897	1607.0875370099634
1607.15097850784	0.5068414515592394	trials	210626SL	p61	Z11111	253	12.0	0.0	12	1607.30097850784	1607.507819959399
1607.5612613870976	0.5268415919151721	trials	210626SL	p61	Z11111	122	1.0	0.0	8	1607.7112613870977	1607.9381029790127
1608.0115445470672	0.49684138138150047	trials	210626SL	p61	Z11111	289	3.0	135.0	12	1608.1615445470673	1608.3583859284486
1611.6940503899298	0.5268815921956502	trials	210626SL	p61	Z11111	85	9.0	225.0	4	1611.8440503899299	1612.0709319821253
1612.1243334095432	0.5268815921958776	trials	210626SL	p61	Z11111	359	13.0	315.0	12	1612.2743334095433	1612.501215001739
1637.211429464219	0.5268415919149447	trials	210626SL	p61	Z11111	118	12.0	315.0	4	1637.361429464219	1637.5882710561339
1637.661712624188	0.49684138138150047	trials	210626SL	p61	Z11111	228	2.0	315.0	8	1637.8117126241882	1638.0085540055695
1638.0619954332683	0.49684138138150047	trials	210626SL	p61	Z11111	273	2.0	90.0	12	1638.2119954332684	1638.4088368146497
1638.492278452882	0.5068414515594668	trials	210626SL	p61	Z11111	227	1.0	315.0	8	1638.642278452882	1638.8491199044413
1638.9325615426735	0.49684138138150047	trials	210626SL	p61	Z11111	0			0	1639.0825615426736	1639.279402924055
1639.3328443517535	0.5268815921958776	trials	210626SL	p61	Z11111	129	8.0	0.0	8	1639.4828443517536	1639.7097259439493
1639.7831675120035	0.49684138138150047	trials	210626SL	p61	Z11111	146	10.0	45.0	8	1639.9331675120036	1640.130008893385
1640.1834503210837	0.5068414515592394	trials	210626SL	p61	Z11111	192	11.0	180.0	8	1640.3334503210838	1640.5402917726428
1644.0860777087014	0.5068414515594668	trials	210626SL	p61	Z11111	37	6.0	90.0	4	1644.2360777087015	1644.4429191602608
1644.516360728315	0.49684138138150047	trials	210626SL	p61	Z11111	243	2.0	0.0	12	1644.666360728315	1644.8632021096964
1644.9166435373952	0.5368816623736166	trials	210626SL	p61	Z11111	347	1.0	315.0	12	1645.0666435373953	1645.3035251997687
1645.3669666976452	0.49684138138150047	trials	210626SL	p61	Z11111	208	12.0	225.0	8	1645.5169666976453	1645.7138080790266
1645.7772495769032	0.5268415919151721	trials	210626SL	p61	Z11111	323	7.0	225.0	12	1645.9272495769033	1646.1540911688182
1646.2075325965168	0.5268415919149447	trials	210626SL	p61	Z11111	250	9.0	0.0	12	1646.3575325965169	1646.5843741884316
1646.657815756486	0.49684138138150047	trials	210626SL	p61	Z11111	89	13.0	225.0	4	1646.807815756486	1647.0046571378673
1647.058098565566	0.49684138138150047	trials	210626SL	p61	Z11111	25	9.0	45.0	4	1647.2080985655662	1647.4049399469475
1651.0308064449905	0.5068414515594668	trials	210626SL	p61	Z11111	42	11.0	90.0	4	1651.1808064449906	1651.3876478965499
1651.4410893242484	0.4968413813812731	trials	210626SL	p61	Z11111	147	11.0	45.0	8	1651.5910893242485	1651.7879307056296
1651.8713723438618	0.5068414515594668	trials	210626SL	p61	Z11111	324	8.0	225.0	12	1652.021372343862	1652.2282137954212
1652.3116954339343	0.5268415919151721	trials	210626SL	p61	Z11111	158	7.0	90.0	8	1652.4616954339344	1652.6885370258494
1652.7619785939037	0.4968413813812731	trials	210626SL	p61	Z11111	176	10.0	135.0	8	1652.9119785939038	1653.1088199752849
1653.1622614029836	0.5368816623738439	trials	210626SL	p61	Z11111	260	4.0	45.0	12	1653.3122614029837	1653.5491430653574
1653.612544562953	0.5368816623738439	trials	210626SL	p61	Z11111	157	6.0	90.0	8	1653.762544562953	1653.9994262253267
1654.0628677232032	0.5068414515592394	trials	210626SL	p61	Z11111	140	4.0	45.0	8	1654.2128677232033	1654.4197091747624
1658.3357777093674	0.5068414515592394	trials	210626SL	p61	Z11111	284	13.0	90.0	12	1658.4857777093675	1658.6926191609266
1658.7660607289808	0.49684138138150047	trials	210626SL	p61	Z11111	2	1.0	0.0	4	1658.916060728981	1659.1129021103623
1659.1663435380608	0.49684138138172784	trials	210626SL	p61	Z11111	49	3.0	135.0	4	1659.316343538061	1659.5131849194424
1659.576626417319	0.5268415919151721	trials	210626SL	p61	Z11111	71	10.0	180.0	4	1659.726626417319	1659.953468009234
1660.0169095071103	0.5068414515594668	trials	210626SL	p61	Z11111	133	12.0	0.0	8	1660.1669095071104	1660.3737509586697
1660.4572325971826	0.49684138138150047	trials	210626SL	p61	Z11111	276	5.0	90.0	12	1660.6072325971827	1660.804073978564
1660.8574754059819	0.5268815921958776	trials	210626SL	p61	Z11111	223	12.0	270.0	8	1661.007475405982	1661.2343569981776
1661.3077985662321	0.4968413813812731	trials	210626SL	p61	Z11111	166	0.0	135.0	8	1661.4577985662322	1661.6546399476133
1665.300506586012	0.5068414515594668	trials	210626SL	p61	Z11111	229	3.0	315.0	8	1665.4505065860121	1665.6573480375714
1665.71078946527	0.5268815921958776	trials	210626SL	p61	Z11111	203	7.0	225.0	8	1665.86078946527	1666.0876710574657
1666.1410724848836	0.49684138138172784	trials	210626SL	p61	Z11111	128	7.0	0.0	8	1666.2910724848837	1666.4879138662652
1666.5513553641415	0.5268815921958776	trials	210626SL	p61	Z11111	355	9.0	315.0	12	1666.7013553641416	1666.9282369563373
1666.9916784542138	0.5068414515594668	trials	210626SL	p61	Z11111	177	11.0	135.0	8	1667.141678454214	1667.3485199057732
1667.4319615440054	0.49684138138150047	trials	210626SL	p61	Z11111	139	3.0	45.0	8	1667.5819615440055	1667.7788029253868
1667.8322443530853	0.5268415919149447	trials	210626SL	p61	Z11111	185	4.0	180.0	8	1667.9822443530854	1668.2090859450002
1668.2825275130547	0.49684138138150047	trials	210626SL	p61	Z11111	94	3.0	270.0	4	1668.4325275130548	1668.629368894436
1672.2252351819454	0.49684138138150047	trials	210626SL	p61	Z11111	198	2.0	225.0	8	1672.3752351819455	1672.5720765633268
1672.6355180612034	0.49684138138150047	trials	210626SL	p61	Z11111	163	12.0	90.0	8	1672.7855180612034	1672.9823594425848
1673.065801080817	0.4968413813812731	trials	210626SL	p61	Z11111	298	12.0	135.0	12	1673.215801080817	1673.4126424621982
1673.466083889897	0.5368416620929111	trials	210626SL	p61	Z11111	328	12.0	225.0	12	1673.616083889897	1673.8529255519898
1673.9163670498663	0.49684138138150047	trials	210626SL	p61	Z11111	213	2.0	270.0	8	1674.0663670498664	1674.2632084312477
1674.3266499291242	0.49684138138172784	trials	210626SL	p61	Z11111	182	1.0	180.0	8	1674.4766499291243	1674.6734913105058
1674.756932948738	0.49684138138150047	trials	210626SL	p61	Z11111	125	4.0	0.0	8	1674.9069329487381	1675.1037743301194
1675.157215757818	0.5268815921958776	trials	210626SL	p61	Z11111	82	6.0	225.0	4	1675.307215757818	1675.5340973500138
1679.0598831457164	0.5268415919151721	trials	210626SL	p61	Z11111	256	0.0	45.0	12	1679.2098831457165	1679.4367247376315
1679.49016616533	0.49684138138150047	trials	210626SL	p61	Z11111	170	4.0	135.0	8	1679.6401661653301	1679.8370075467114
1679.89044897441	0.5268415919151721	trials	210626SL	p61	Z11111	232	6.0	315.0	8	1680.04044897441	1680.267290566325
1680.3307320642016	0.49684138138150047	trials	210626SL	p61	Z11111	131	10.0	0.0	8	1680.4807320642017	1680.677573445583
1680.7310148732818	0.4968413813812731	trials	210626SL	p61	Z11111	252	11.0	0.0	12	1680.8810148732819	1681.077856254663
1681.1312976823615	0.5268415919151721	trials	210626SL	p61	Z11111	26	10.0	45.0	4	1681.2812976823616	1681.5081392742766
1681.581580842331	0.49684138138150047	trials	210626SL	p61	Z11111	326	10.0	225.0	12	1681.7315808423311	1681.9284222237125
1682.0118638619447	0.49684138138150047	trials	210626SL	p61	Z11111	28	12.0	45.0	4	1682.1618638619448	1682.358705243326
1685.8544908284953	0.5068414515592394	trials	210626SL	p61	Z11111	246	5.0	0.0	12	1686.0044908284954	1686.2113322800544
1686.2647737077532	0.5268415919151721	trials	210626SL	p61	Z11111	184	3.0	180.0	8	1686.4147737077533	1686.6416152996683
1686.7150968680032	0.49680138110079497	trials	210626SL	p61	Z11111	70	9.0	180.0	4	1686.8650968680033	1687.061898249104
1687.1153396768027	0.5268815921956502	trials	210626SL	p61	Z11111	64	3.0	180.0	4	1687.2653396768028	1687.4922212689983
1687.5656628370527	0.49684138138150047	trials	210626SL	p61	Z11111	53	7.0	135.0	4	1687.7156628370528	1687.9125042184342
1687.9659456461327	0.5368416620931384	trials	210626SL	p61	Z11111	159	8.0	90.0	8	1688.1159456461328	1688.3527873082257
1688.416228806102	0.5068414515592394	trials	210626SL	p61	Z11111	354	8.0	315.0	12	1688.5662288061021	1688.7730702576612
1688.82651168536	0.5268815921958776	trials	210626SL	p61	Z11111	112	6.0	315.0	4	1688.97651168536	1689.2033932775557
1692.8092196349621	0.5268815921958776	trials	210626SL	p61	Z11111	348	2.0	315.0	12	1692.9592196349622	1693.186101227158
1693.2395026545757	0.49684138138172784	trials	210626SL	p61	Z11111	13	12.0	0.0	4	1693.3895026545758	1693.5863440359574
1693.639785463656	0.5268415919149447	trials	210626SL	p61	Z11111	226	0.0	315.0	8	1693.789785463656	1694.0166270555708
1694.090108623906	0.49684138138150047	trials	210626SL	p61	Z11111	86	10.0	225.0	4	1694.240108623906	1694.4369500052874
1694.4903514327052	0.5268815921956502	trials	210626SL	p61	Z11111	124	3.0	0.0	8	1694.6403514327053	1694.8672330249008
1694.9406745929555	0.4968413813812731	trials	210626SL	p61	Z11111	282	11.0	90.0	12	1695.0906745929556	1695.2875159743367
1695.3509574722132	0.5268415919151721	trials	210626SL	p61	Z11111	187	6.0	180.0	8	1695.5009574722133	1695.7277990641282
1695.7912405620048	0.5068414515594668	trials	210626SL	p61	Z11111	319	3.0	225.0	12	1695.9412405620049	1696.1480820135641
1699.6939079499032	0.5168415217374331	trials	210626SL	p61	Z11111	14	13.0	0.0	4	1699.8439079499033	1700.0607494716405
1700.124190969517	0.5068414515592394	trials	210626SL	p61	Z11111	204	8.0	225.0	8	1700.2741909695171	1700.4810324210762
1700.564514059589	0.49684138138150047	trials	210626SL	p61	Z11111	36	5.0	90.0	4	1700.7145140595892	1700.9113554409705
1700.9647568683883	0.5268815921958776	trials	210626SL	p61	Z11111	152	1.0	90.0	8	1701.1147568683884	1701.3416384605841
1701.395079888283	0.5068414515594668	trials	210626SL	p61	Z11111	339	8.0	270.0	12	1701.545079888283	1701.7519213398423
1701.8353629780745	0.4968413813812731	trials	210626SL	p61	Z11111	238	12.0	315.0	8	1701.9853629780746	1702.1822043594557
1702.2356457871542	0.49684138138150047	trials	210626SL	p61	Z11111	304	3.0	180.0	12	1702.3856457871543	1702.5824871685356
1702.6659288067679	0.49684138138172784	trials	210626SL	p61	Z11111	5	4.0	0.0	4	1702.815928806768	1703.0127701881495
1706.5185558434964	0.5268415919149447	trials	210626SL	p61	Z11111	130	9.0	0.0	8	1706.6685558434965	1706.8953974354113
1706.94883886311	0.5068414515594668	trials	210626SL	p61	Z11111	242	1.0	0.0	12	1707.0988388631101	1707.3056803146694
1707.3891619531823	0.5268415919149447	trials	210626SL	p61	Z11111	58	12.0	135.0	4	1707.5391619531824	1707.7660035450972
1707.8194449727957	0.49684138138172784	trials	210626SL	p61	Z11111	341	10.0	270.0	12	1707.9694449727958	1708.1662863541774
1708.2597280625873	0.49684138138150047	trials	210626SL	p61	Z11111	52	6.0	135.0	4	1708.4097280625874	1708.6065694439687
1708.6600108716675	0.49684138138150047	trials	210626SL	p61	Z11111	59	13.0	135.0	4	1708.8100108716676	1709.006852253049
1709.0902938912811	0.49684138138150047	trials	210626SL	p61	Z11111	237	11.0	315.0	8	1709.2402938912812	1709.4371352726625
1709.4905767003613	0.5068414515590121	trials	210626SL	p61	Z11111	181	0.0	180.0	8	1709.6405767003614	1709.8474181519202
1713.613365633015	0.5268815921958776	trials	210626SL	p61	Z11111	102	11.0	270.0	4	1713.7633656330152	1713.9902472252109
1714.063688793265	0.49684138138150047	trials	210626SL	p61	Z11111	235	9.0	315.0	8	1714.2136887932652	1714.4105301746465
1714.4639716023453	0.5268415919151721	trials	210626SL	p61	Z11111	245	4.0	0.0	12	1714.6139716023454	1714.8408131942604
1714.9142547623146	0.4968413813812731	trials	210626SL	p61	Z11111	269	13.0	45.0	12	1715.0642547623147	1715.2610961436958
1715.3145375713946	0.5268415919151721	trials	210626SL	p61	Z11111	201	5.0	225.0	8	1715.4645375713947	1715.6913791633096
1715.764820731364	0.49684138138150047	trials	210626SL	p61	Z11111	73	12.0	180.0	4	1715.914820731364	1716.1116621127453
1718.0363966726895	0.49684138138150047	trials	210626SL	p61	Z11111	320	4.0	225.0	12	1718.1863966726896	1718.383238054071
1718.4566796221252	0.49684138138150047	trials	210626SL	p61	Z11111	20	4.0	45.0	4	1718.6066796221253	1718.8035210035066
1718.8569224309247	0.5068814518399449	trials	210626SL	p61	Z11111	190	9.0	180.0	8	1719.0069224309248	1719.2138038827645
1719.2672053101824	0.526881592196105	trials	210626SL	p61	Z11111	343	12.0	270.0	12	1719.4172053101825	1719.6440869023784
1719.7075284002547	0.5068414515594668	trials	210626SL	p61	Z11111	75	14.0	180.0	4	1719.8575284002548	1720.064369851814
1720.1478114900463	0.4968413813812731	trials	210626SL	p61	Z11111	41	10.0	90.0	4	1720.2978114900463	1720.4946528714274
1720.5480942991262	0.5268415919151721	trials	210626SL	p61	Z11111	281	10.0	90.0	12	1720.6980942991263	1720.9249358910413
1720.9984174593765	0.4968013811005676	trials	210626SL	p61	Z11111	18	2.0	45.0	4	1721.1484174593766	1721.345218840477
1724.790964074476	0.5168815220179113	trials	210626SL	p61	Z11111	40	9.0	90.0	4	1724.9409640744761	1725.1578455964939
1725.2312871645483	0.49684138138150047	trials	210626SL	p61	Z11111	15	14.0	0.0	4	1725.3812871645484	1725.5781285459298
1725.6315299733476	0.5268815921958776	trials	210626SL	p61	Z11111	189	8.0	180.0	8	1725.7815299733477	1726.0084115655434
1726.0818531335979	0.4968413813812731	trials	210626SL	p61	Z11111	186	5.0	180.0	8	1726.231853133598	1726.428694514979
1726.4821359426776	0.5068414515594668	trials	210626SL	p61	Z11111	21	5.0	45.0	4	1726.6321359426777	1726.838977394237
1726.9224190324692	0.49684138138150047	trials	210626SL	p61	Z11111	72	11.0	180.0	4	1727.0724190324693	1727.2692604138506
1727.3227018415494	0.5268415919151721	trials	210626SL	p61	Z11111	56	10.0	135.0	4	1727.4727018415495	1727.6995434334644
1727.752984861163	0.5068414515594668	trials	210626SL	p61	Z11111	39	8.0	90.0	4	1727.902984861163	1728.1098263127224
1731.5956118277134	0.5068414515594668	trials	210626SL	p61	Z11111	264	8.0	45.0	12	1731.7456118277134	1731.9524532792727
1732.0258948473272	0.49684138138150047	trials	210626SL	p61	Z11111	205	9.0	225.0	8	1732.1758948473273	1732.3727362287086
1732.4561778669408	0.4968413813812731	trials	210626SL	p61	Z11111	230	4.0	315.0	8	1732.606177866941	1732.803019248322
1732.8564606760206	0.5268415919151721	trials	210626SL	p61	Z11111	297	11.0	135.0	12	1733.0064606760207	1733.2333022679356
1733.2967437658122	0.526881592196105	trials	210626SL	p61	Z11111	263	7.0	45.0	12	1733.4467437658122	1733.6736253580082
1733.7270667857067	0.4968413813812731	trials	210626SL	p61	Z11111	22	6.0	45.0	4	1733.8770667857068	1734.073908167088
1734.15734980532	0.49684138138172784	trials	210626SL	p61	Z11111	336	5.0	270.0	12	1734.3073498053202	1734.5041911867017
1734.567632684578	0.49684138138172784	trials	210626SL	p61	Z11111	144	8.0	45.0	8	1734.7176326845781	1734.9144740659597
1738.4302597914846	0.5268415919149447	trials	210626SL	p61	Z11111	149	13.0	45.0	8	1738.5802597914847	1738.8071013833994
1738.880542951454	0.49684138138150047	trials	210626SL	p61	Z11111	46	0.0	135.0	4	1739.030542951454	1739.2273843328353
1739.3108659713482	0.49684138138150047	trials	210626SL	p61	Z11111	155	4.0	90.0	8	1739.4608659713483	1739.6577073527296
1741.7424830358004	0.5268815921958776	trials	210626SL	p61	Z11111	220	9.0	270.0	8	1741.8924830358005	1742.1193646279962
1742.1728060556948	0.5268415919151721	trials	210626SL	p61	Z11111	8	7.0	0.0	4	1742.3228060556949	1742.5496476476098
1742.623089215664	0.5068814518403997	trials	210626SL	p61	Z11111	148	12.0	45.0	8	1742.7730892156642	1742.9799706675044
1743.0634123057366	0.4968413813812731	trials	210626SL	p61	Z11111	265	9.0	45.0	12	1743.2134123057367	1743.4102536871178
1743.4936953253502	0.4968413813812731	trials	210626SL	p61	Z11111	214	3.0	270.0	8	1743.6436953253503	1743.8405367067314
1743.8939781344302	0.5368416620929111	trials	210626SL	p61	Z11111	315	14.0	180.0	12	1744.0439781344303	1744.280819796523
1744.3442612943995	0.49684138138150047	trials	210626SL	p61	Z11111	16	0.0	45.0	4	1744.4942612943996	1744.691102675781
1744.7545441736575	0.49684138138150047	trials	210626SL	p61	Z11111	30	14.0	45.0	4	1744.9045441736575	1745.1013855550389
1748.717251982904	0.5268415919151721	trials	210626SL	p61	Z11111	27	11.0	45.0	4	1748.867251982904	1749.094093574819
1749.1675751431542	0.5268415919149447	trials	210626SL	p61	Z11111	183	2.0	180.0	8	1749.3175751431543	1749.544416735069
1749.6178583031235	0.4968413813812731	trials	210626SL	p61	Z11111	351	5.0	315.0	12	1749.7678583031236	1749.9646996845047
1750.0181411122032	0.5268415919151721	trials	210626SL	p61	Z11111	29	13.0	45.0	4	1750.1681411122033	1750.3949827041183
1752.7800004942098	0.5268815921958776	trials	210626SL	p61	Z11111	90	14.0	225.0	4	1752.93000049421	1753.1568820864056
1753.2103235141042	0.5268415919151721	trials	210626SL	p61	Z11111	69	8.0	180.0	4	1753.3603235141043	1753.5871651060193
1753.6606066740737	0.49684138138150047	trials	210626SL	p61	Z11111	236	10.0	315.0	8	1753.8106066740738	1754.0074480554551
1754.0708895533317	0.5268815921956502	trials	210626SL	p61	Z11111	10	9.0	0.0	4	1754.2208895533317	1754.4477711455272
1754.511172643123	0.5068814518401723	trials	210626SL	p61	Z11111	100	9.0	270.0	4	1754.661172643123	1754.868054094963
1754.921455522381	0.5268815921958776	trials	210626SL	p61	Z11111	221	10.0	270.0	8	1755.071455522381	1755.2983371145767
1755.371778682631	0.49684138138172784	trials	210626SL	p61	Z11111	87	11.0	225.0	4	1755.521778682631	1755.7186200640126
1755.8020617022448	0.4968413813812731	trials	210626SL	p61	Z11111	191	10.0	180.0	8	1755.952061702245	1756.148903083626
1759.6446886687952	0.5168415217374331	trials	210626SL	p61	Z11111	342	11.0	270.0	12	1759.7946886687953	1760.0115301905325
1760.074971688409	0.4968413813812731	trials	210626SL	p61	Z11111	97	6.0	270.0	4	1760.2249716884091	1760.4218130697902
1760.5052547080227	0.4968413813812731	trials	210626SL	p61	Z11111	210	14.0	225.0	8	1760.6552547080228	1760.8520960894039
1760.9055375171024	0.5268415919151721	trials	210626SL	p61	Z11111	150	14.0	45.0	8	1761.0555375171025	1761.2823791090175
1761.345820606894	0.49684138138150047	trials	210626SL	p61	Z11111	288	2.0	135.0	12	1761.495820606894	1761.6926619882754
1761.7761436267883	0.49684138138150047	trials	210626SL	p61	Z11111	116	10.0	315.0	4	1761.9261436267884	1762.1229850081697
1762.1964265762242	0.49684138138150047	trials	210626SL	p61	Z11111	239	13.0	315.0	8	1762.3464265762243	1762.5432679576056
1762.5966693850235	0.49684138138150047	trials	210626SL	p61	Z11111	259	3.0	45.0	12	1762.7466693850236	1762.9435107664049
1766.5293769837363	0.5268415919151721	trials	210626SL	p61	Z11111	291	5.0	135.0	12	1766.6793769837363	1766.9062185756513
1769.741559525993	0.5068414515592394	trials	210626SL	p61	Z11111	274	3.0	90.0	12	1769.891559525993	1770.098400977552
1770.1518424052506	0.49684138138172784	trials	210626SL	p61	Z11111	222	11.0	270.0	8	1770.3018424052507	1770.4986837866322
1770.55208521405	0.5068814518401723	trials	210626SL	p61	Z11111	194	13.0	180.0	8	1770.7020852140502	1770.9089666658901
1770.9924083041224	0.49684138138150047	trials	210626SL	p61	Z11111	277	6.0	90.0	12	1771.1424083041225	1771.3392496855038
1771.3926911132023	0.5268415919151721	trials	210626SL	p61	Z11111	349	3.0	315.0	12	1771.5426911132024	1771.7695327051174
1771.8429742731719	0.4968413813812731	trials	210626SL	p61	Z11111	293	7.0	135.0	12	1771.992974273172	1772.189815654553
1772.2432570822516	0.49684138138150047	trials	210626SL	p61	Z11111	317	1.0	225.0	12	1772.3932570822517	1772.590098463633
1772.6835401720432	0.49684138138150047	trials	210626SL	p61	Z11111	115	9.0	315.0	4	1772.8335401720433	1773.0303815534246
1776.4361265067123	0.5168415217369784	trials	210626SL	p61	Z11111	193	12.0	180.0	8	1776.5861265067124	1776.8029680284492
1776.876409596504	0.4968413813812731	trials	210626SL	p61	Z11111	303	2.0	180.0	12	1777.026409596504	1777.223250977885
1777.2766924055836	0.5368416620931384	trials	210626SL	p61	Z11111	318	2.0	225.0	12	1777.4266924055837	1777.6635340676767
1777.7269755655532	0.49684138138150047	trials	210626SL	p61	Z11111	55	9.0	135.0	4	1777.8769755655533	1778.0738169469346
1778.137258444811	0.5268415919151721	trials	210626SL	p61	Z11111	66	5.0	180.0	4	1778.2872584448112	1778.5141000367262
1778.5875816050611	0.5268415919151721	trials	210626SL	p61	Z11111	279	8.0	90.0	12	1778.7375816050612	1778.9644231969762
1779.0378647650305	0.49684138138150047	trials	210626SL	p61	Z11111	261	5.0	45.0	12	1779.1878647650306	1779.3847061464119
1779.468147784644	0.49684138138172784	trials	210626SL	p61	Z11111	330	14.0	225.0	12	1779.6181477846442	1779.8149891660257
1783.4208555237128	0.5268415919149447	trials	210626SL	p61	Z11111	165	14.0	90.0	8	1783.570855523713	1783.7976971156277
1783.8711786839629	0.49680138110079497	trials	210626SL	p61	Z11111	50	4.0	135.0	4	1784.021178683963	1784.2179800650636
1784.271421492762	0.5268815921958776	trials	210626SL	p61	Z11111	135	14.0	0.0	8	1784.4214214927622	1784.648303084958
1784.7217446530124	0.4968413813812731	trials	210626SL	p61	Z11111	296	10.0	135.0	12	1784.8717446530125	1785.0685860343935
1785.1220274620923	0.49684138138150047	trials	210626SL	p61	Z11111	275	4.0	90.0	12	1785.2720274620924	1785.4688688434737
1785.5222702708918	0.5368816623736166	trials	210626SL	p61	Z11111	79	3.0	225.0	4	1785.6722702708919	1785.9091519332653
1785.9625933609639	0.5268415919151721	trials	210626SL	p61	Z11111	109	3.0	315.0	4	1786.112593360964	1786.339434952879
1786.4128765209334	0.4968413813812731	trials	210626SL	p61	Z11111	35	4.0	90.0	4	1786.5628765209335	1786.7597179023146
1790.4256246813497	0.5268415919151721	trials	210626SL	p61	Z11111	290	4.0	135.0	12	1790.5756246813498	1790.8024662732648
1790.8759478415998	0.49680138110102234	trials	210626SL	p61	Z11111	352	6.0	315.0	12	1791.0259478415999	1791.2227492227007
1791.2761906503993	0.49684138138150047	trials	210626SL	p61	Z11111	134	13.0	0.0	8	1791.4261906503993	1791.6230320317807
1791.7164737401906	0.49684138138150047	trials	210626SL	p61	Z11111	93	2.0	270.0	4	1791.8664737401907	1792.063315121572
1792.1167565492708	0.5268815921956502	trials	210626SL	p61	Z11111	91	0.0	270.0	4	1792.266756549271	1792.4936381414664
1792.567079709521	0.4968413813812731	trials	210626SL	p61	Z11111	307	6.0	180.0	12	1792.7170797095212	1792.9139210909022
1792.9673625186008	0.5268415919151721	trials	210626SL	p61	Z11111	65	4.0	180.0	4	1793.1173625186009	1793.3442041105159
1793.3976455382144	0.5068414515594668	trials	210626SL	p61	Z11111	38	7.0	90.0	4	1793.5476455382145	1793.7544869897738
1797.3503132770024	0.5268815921956502	trials	210626SL	p61	Z11111	358	12.0	315.0	12	1797.5003132770025	1797.727194869198
1797.8006364372527	0.4968413813812731	trials	210626SL	p61	Z11111	218	7.0	270.0	8	1797.9506364372528	1798.147477818634
1798.2009192463324	0.5268415919151721	trials	210626SL	p61	Z11111	156	5.0	90.0	8	1798.3509192463325	1798.5777608382475
1798.651202406302	0.49684138138150047	trials	210626SL	p61	Z11111	215	4.0	270.0	8	1798.801202406302	1798.9980437876834
1799.051485215382	0.5068414515594668	trials	210626SL	p61	Z11111	127	6.0	0.0	8	1799.201485215382	1799.4083266669413
1799.4917683051735	0.4968413813812731	trials	210626SL	p61	Z11111	299	13.0	135.0	12	1799.6417683051736	1799.8386096865547
1799.8920511142535	0.5268815921958776	trials	210626SL	p61	Z11111	169	3.0	135.0	8	1800.0420511142536	1800.2689327064493
1800.3423742745038	0.49684138138150047	trials	210626SL	p61	Z11111	334	3.0	270.0	12	1800.4923742745038	1800.6892156558852
1804.2950420132915	0.5068414515594668	trials	210626SL	p61	Z11111	34	3.0	90.0	4	1804.4450420132916	1804.651883464851
1804.7253650331859	0.4968013811005676	trials	210626SL	p61	Z11111	7	6.0	0.0	4	1804.875365033186	1805.0721664142864
1805.1256078419851	0.5268815921958776	trials	210626SL	p61	Z11111	178	12.0	135.0	8	1805.2756078419852	1805.502489434181
1805.5759310022354	0.49684138138150047	trials	210626SL	p61	Z11111	77	1.0	225.0	4	1805.7259310022355	1805.9227723836168
1805.996213951671	0.49684138138150047	trials	210626SL	p61	Z11111	175	9.0	135.0	8	1806.1462139516711	1806.3430553330525
1806.4264969712847	0.49684138138150047	trials	210626SL	p61	Z11111	120	14.0	315.0	4	1806.5764969712848	1806.773338352666
1806.8367798505426	0.5268415919151721	trials	210626SL	p61	Z11111	327	11.0	225.0	12	1806.9867798505427	1807.2136214424577
1807.2670628701562	0.49684138138150047	trials	210626SL	p61	Z11111	151	0.0	90.0	8	1807.4170628701563	1807.6139042515376
1811.089689696351	0.5168415217374331	trials	210626SL	p61	Z11111	209	13.0	225.0	8	1811.239689696351	1811.4565312180882
1811.5299727861425	0.49684138138150047	trials	210626SL	p61	Z11111	197	1.0	225.0	8	1811.6799727861426	1811.876814167524
1811.9302555952227	0.5068414515592394	trials	210626SL	p61	Z11111	121	0.0	0.0	8	1812.0802555952228	1812.2870970467818
1812.3405384744804	0.5268415919151721	trials	210626SL	p61	Z11111	137	1.0	45.0	8	1812.4905384744804	1812.7173800663954
1812.780821564272	0.5068414515592394	trials	210626SL	p61	Z11111	360	14.0	315.0	12	1812.930821564272	1813.137663015831
1813.2211046540633	0.49684138138172784	trials	210626SL	p61	Z11111	44	13.0	90.0	4	1813.3711046540634	1813.567946035445
1813.6213874631435	0.5268815921958776	trials	210626SL	p61	Z11111	266	10.0	45.0	12	1813.7713874631436	1813.9982690553393
1814.0717106233935	0.49684138138150047	trials	210626SL	p61	Z11111	271	0.0	90.0	12	1814.2217106233936	1814.418552004775
1817.874297308952	0.5268415919151721	trials	210626SL	p61	Z11111	309	8.0	180.0	12	1818.024297308952	1818.251138900867
1818.3045803285656	0.5268415919151721	trials	210626SL	p61	Z11111	107	1.0	315.0	4	1818.4545803285657	1818.6814219204807
1818.7549034888157	0.49680138110079497	trials	210626SL	p61	Z11111	262	6.0	45.0	12	1818.9049034888158	1819.1017048699164
1819.1651463677929	0.5268815921958776	trials	210626SL	p61	Z11111	145	9.0	45.0	8	1819.315146367793	1819.5420279599887
1819.6054694578652	0.5068414515592394	trials	210626SL	p61	Z11111	142	6.0	45.0	8	1819.7554694578653	1819.9623109094243
1820.0157523371229	0.5268415919151721	trials	210626SL	p61	Z11111	60	14.0	135.0	4	1820.165752337123	1820.392593929038
1820.4460353567365	0.49684138138150047	trials	210626SL	p61	Z11111	311	10.0	180.0	12	1820.5960353567366	1820.792876738118
1820.8463181658167	0.5268415919151721	trials	210626SL	p61	Z11111	332	1.0	270.0	12	1820.9963181658168	1821.2231597577318
1824.5788643598491	0.5068414515594668	trials	210626SL	p61	Z11111	62	1.0	180.0	4	1824.7288643598492	1824.9357058114085
1825.0091473794628	0.49684138138150047	trials	210626SL	p61	Z11111	111	5.0	315.0	4	1825.1591473794629	1825.3559887608442
1825.409390188262	0.5068814518401723	trials	210626SL	p61	Z11111	48	2.0	135.0	4	1825.5593901882621	1825.766271640102
1825.8497132783343	0.49684138138150047	trials	210626SL	p61	Z11111	233	7.0	315.0	8	1825.9997132783344	1826.1965546597157
1826.2499960874143	0.49684138138150047	trials	210626SL	p61	Z11111	357	11.0	315.0	12	1826.3999960874144	1826.5968374687957
1826.6502388962135	0.526881592196105	trials	210626SL	p61	Z11111	280	9.0	90.0	12	1826.8002388962136	1827.0271204884095
1827.1005620564638	0.4968413813812731	trials	210626SL	p61	Z11111	224	13.0	270.0	8	1827.2505620564639	1827.447403437845
1827.5208450058994	0.49684138138150047	trials	210626SL	p61	Z11111	108	2.0	315.0	4	1827.6708450058995	1827.8676863872809
1831.593633587664	0.5168415217372058	trials	210626SL	p61	Z11111	0			0	1831.7436335876641	1831.9604751094012
1832.0239166072777	0.5268415919151721	trials	210626SL	p61	Z11111	153	2.0	90.0	8	1832.1739166072778	1832.4007581991928
1832.474239767528	0.49680138110079497	trials	210626SL	p61	Z11111	9	8.0	0.0	4	1832.624239767528	1832.8210411486286
1832.9045227871413	0.49684138138150047	trials	210626SL	p61	Z11111	164	13.0	90.0	8	1833.0545227871414	1833.2513641685227
1833.3047655959408	0.5368816623736166	trials	210626SL	p61	Z11111	59	13.0	135.0	4	1833.454765595941	1833.6916472583143
1833.7550887561908	0.49684138138150047	trials	210626SL	p61	Z11111	2	1.0	0.0	4	1833.905088756191	1834.1019301375723
1834.1653716354488	0.5268415919151721	trials	210626SL	p61	Z11111	271	0.0	90.0	12	1834.3153716354489	1834.5422132273638
1834.615654795418	0.49684138138150047	trials	210626SL	p61	Z11111	132	11.0	0.0	8	1834.7656547954182	1834.9624961767995
1839.1687667479664	0.5068414515594668	trials	210626SL	p61	Z11111	355	9.0	315.0	12	1839.3187667479665	1839.5256081995258
1839.5790496272243	0.5068414515594668	trials	210626SL	p61	Z11111	83	7.0	225.0	4	1839.7290496272244	1839.9358910787837
1840.009332646838	0.5068414515592394	trials	210626SL	p61	Z11111	110	4.0	315.0	4	1840.159332646838	1840.366174098397
1840.4196155260956	0.526881592196105	trials	210626SL	p61	Z11111	350	4.0	315.0	12	1840.5696155260957	1840.7964971182917
1840.869938686346	0.49684138138150047	trials	210626SL	p61	Z11111	287	1.0	135.0	12	1841.019938686346	1841.2167800677273
1841.3002217059598	0.4968413813812731	trials	210626SL	p61	Z11111	197	1.0	225.0	8	1841.4502217059598	1841.647063087341
1841.7005045150395	0.5368416620931384	trials	210626SL	p61	Z11111	205	9.0	225.0	8	1841.8505045150396	1842.0873461771325
1842.150787675009	0.49684138138150047	trials	210626SL	p61	Z11111	42	11.0	90.0	4	1842.3007876750091	1842.4976290563905
1846.0934953438998	0.5168415217369784	trials	210626SL	p61	Z11111	251	10.0	0.0	12	1846.2434953439	1846.4603368656367
1846.5237783635134	0.5268415919149447	trials	210626SL	p61	Z11111	43	12.0	90.0	4	1846.6737783635135	1846.9006199554283
1846.9740615234828	0.49684138138150047	trials	210626SL	p61	Z11111	24	8.0	45.0	4	1847.1240615234829	1847.3209029048642
1847.404384543377	0.49684138138150047	trials	210626SL	p61	Z11111	285	14.0	90.0	12	1847.5543845433772	1847.7512259247585
1847.8046273521763	0.5368816623736166	trials	210626SL	p61	Z11111	21	5.0	45.0	4	1847.9546273521764	1848.1915090145499
1848.2449504422486	0.5268415919151721	trials	210626SL	p61	Z11111	44	13.0	90.0	4	1848.3949504422487	1848.6217920341637
1848.6752334618623	0.49684138138150047	trials	210626SL	p61	Z11111	154	3.0	90.0	8	1848.8252334618624	1849.0220748432437
1849.1155565519343	0.49680138110102234	trials	210626SL	p61	Z11111	98	7.0	270.0	4	1849.2655565519344	1849.4623579330353
1852.8781029565005	0.5068414515594668	trials	210626SL	p61	Z11111	114	8.0	315.0	4	1853.0281029565006	1853.2349444080598
1853.2983859059364	0.5268415919151721	trials	210626SL	p61	Z11111	184	3.0	180.0	8	1853.4483859059364	1853.6752274978514
1853.72866892555	0.49684138138150047	trials	210626SL	p61	Z11111	176	10.0	135.0	8	1853.87866892555	1854.0755103069314
1854.1289517346302	0.5268415919151721	trials	210626SL	p61	Z11111	185	4.0	180.0	8	1854.2789517346303	1854.5057933265452
1854.5692348244218	0.4968413813812731	trials	210626SL	p61	Z11111	103	12.0	270.0	4	1854.7192348244218	1854.916076205803
1854.9995178440352	0.49684138138150047	trials	210626SL	p61	Z11111	131	10.0	0.0	8	1855.1495178440352	1855.3463592254166
1855.399800653115	0.49684138138172784	trials	210626SL	p61	Z11111	303	2.0	180.0	12	1855.5498006531152	1855.7466420344967
1855.8301236730094	0.5068414515594668	trials	210626SL	p61	Z11111	310	9.0	180.0	12	1855.9801236730095	1856.1869651245688
1859.7327510606274	0.49684138138150047	trials	210626SL	p61	Z11111	117	11.0	315.0	4	1859.8827510606275	1860.0795924420088
1860.1330338697076	0.5268415919149447	trials	210626SL	p61	Z11111	332	1.0	270.0	12	1860.2830338697077	1860.5098754616224
1860.583317029677	0.4968413813812731	trials	210626SL	p61	Z11111	23	7.0	45.0	4	1860.733317029677	1860.930158411058
1861.0036399793933	0.49680138110079497	trials	210626SL	p61	Z11111	164	13.0	90.0	8	1861.1536399793933	1861.350441360494
1861.4038827881925	0.5268815921958776	trials	210626SL	p61	Z11111	191	10.0	180.0	8	1861.5538827881926	1861.7807643803883
1861.8542059484425	0.49684138138172784	trials	210626SL	p61	Z11111	266	10.0	45.0	12	1862.0042059484426	1862.2010473298242
1862.2544887575227	0.5068414515594668	trials	210626SL	p61	Z11111	219	8.0	270.0	8	1862.4044887575228	1862.611330209082
1862.6947718473143	0.49684138138150047	trials	210626SL	p61	Z11111	321	5.0	225.0	12	1862.8447718473144	1863.0416132286957
1866.6574796565608	0.5268415919149447	trials	210626SL	p61	Z11111	12	11.0	0.0	4	1866.8074796565609	1867.0343212484756
1867.10776281653	0.49684138138150047	trials	210626SL	p61	Z11111	190	9.0	180.0	8	1867.2577628165302	1867.4546041979115
1867.50804562561	0.5268415919151721	trials	210626SL	p61	Z11111	91	0.0	270.0	4	1867.6580456256102	1867.8848872175251
1867.9583687858603	0.49680138110079497	trials	210626SL	p61	Z11111	308	7.0	180.0	12	1868.1083687858604	1868.305170166961
1868.3686116648375	0.5268815921956502	trials	210626SL	p61	Z11111	145	9.0	45.0	8	1868.5186116648376	1868.745493257033
1868.8089347549096	0.5068414515594668	trials	210626SL	p61	Z11111	235	9.0	315.0	8	1868.9589347549097	1869.165776206469
1869.2192176341675	0.5268415919151721	trials	210626SL	p61	Z11111	302	1.0	180.0	12	1869.3692176341676	1869.5960592260826
1869.6695007941369	0.49684138138172784	trials	210626SL	p61	Z11111	360	14.0	315.0	12	1869.819500794137	1870.0163421755185
1873.5221278308654	0.5168415217372058	trials	210626SL	p61	Z11111	16	0.0	45.0	4	1873.6721278308655	1873.8889693526025
1873.9624509209375	0.49684138138150047	trials	210626SL	p61	Z11111	134	13.0	0.0	8	1874.1124509209376	1874.309292302319
1874.402734010729	0.49684138138150047	trials	210626SL	p61	Z11111	88	12.0	225.0	4	1874.5527340107292	1874.7495753921105
1874.8330170303427	0.49684138138150047	trials	210626SL	p61	Z11111	77	1.0	225.0	4	1874.9830170303428	1875.1798584117241
1875.233299839423	0.49684138138150047	trials	210626SL	p61	Z11111	29	13.0	45.0	4	1875.383299839423	1875.5801412208043
1875.6435827186808	0.5268415919149447	trials	210626SL	p61	Z11111	97	6.0	270.0	4	1875.793582718681	1876.0204243105957
1876.0838658084722	0.5068414515592394	trials	210626SL	p61	Z11111	246	5.0	0.0	12	1876.2338658084723	1876.4407072600313
1876.5241888985445	0.4968413813812731	trials	210626SL	p61	Z11111	342	11.0	270.0	12	1876.6741888985446	1876.8710302799257
1880.496856777688	0.5068814518401723	trials	210626SL	p61	Z11111	85	9.0	225.0	4	1880.646856777688	1880.853738229528
1880.9171797274046	0.5068414515592394	trials	210626SL	p61	Z11111	177	11.0	135.0	8	1881.0671797274047	1881.2740211789637
1881.3274626066625	0.5268415919151721	trials	210626SL	p61	Z11111	5	4.0	0.0	4	1881.4774626066626	1881.7043041985776
1881.767745696454	0.5068414515592394	trials	210626SL	p61	Z11111	194	13.0	180.0	8	1881.9177456964542	1882.1245871480132
1882.178028575712	0.5268415919149447	trials	210626SL	p61	Z11111	108	2.0	315.0	4	1882.328028575712	1882.5548701676269
1882.628351735962	0.4968013811005676	trials	210626SL	p61	Z11111	150	14.0	45.0	8	1882.7783517359621	1882.9751531170625
1883.0285945447613	0.5268815921956502	trials	210626SL	p61	Z11111	311	10.0	180.0	12	1883.1785945447614	1883.4054761369568
1883.4789177050116	0.4968413813812731	trials	210626SL	p61	Z11111	3	2.0	0.0	4	1883.6289177050116	1883.8257590863927
1887.4015852332657	0.5068414515592394	trials	210626SL	p61	Z11111	107	1.0	315.0	4	1887.5515852332658	1887.7584266848248
1887.8318682528793	0.49684138138150047	trials	210626SL	p61	Z11111	313	12.0	180.0	12	1887.9818682528794	1888.1787096342607
1888.2321510619593	0.5268415919151721	trials	210626SL	p61	Z11111	329	13.0	225.0	12	1888.3821510619593	1888.6089926538743
1888.6824342219286	0.49684138138172784	trials	210626SL	p61	Z11111	343	12.0	270.0	12	1888.8324342219287	1889.0292756033102
1889.112757241823	0.5068414515594668	trials	210626SL	p61	Z11111	278	7.0	90.0	12	1889.262757241823	1889.4695986933823
1889.5530403316145	0.49684138138150047	trials	210626SL	p61	Z11111	344	13.0	270.0	12	1889.7030403316146	1889.899881712996
1889.9533231406947	0.5268415919151721	trials	210626SL	p61	Z11111	275	4.0	90.0	12	1890.1033231406948	1890.3301647326098
1890.393606230486	0.49684138138150047	trials	210626SL	p61	Z11111	122	1.0	0.0	8	1890.5436062304861	1890.7404476118675
1894.2262331268587	0.5068414515594668	trials	210626SL	p61	Z11111	328	12.0	225.0	12	1894.3762331268588	1894.583074578418
1894.6565161464725	0.4968413813812731	trials	210626SL	p61	Z11111	341	10.0	270.0	12	1894.8065161464726	1895.0033575278537
1895.0867991660862	0.4968413813812731	trials	210626SL	p61	Z11111	207	11.0	225.0	8	1895.2367991660863	1895.4336405474673
1895.487081975166	0.5368416620931384	trials	210626SL	p61	Z11111	173	7.0	135.0	8	1895.637081975166	1895.873923637259
1895.9373651351355	0.5068814518399449	trials	210626SL	p61	Z11111	203	7.0	225.0	8	1896.0873651351355	1896.2942465869753
1896.3776882252075	0.49684138138150047	trials	210626SL	p61	Z11111	182	1.0	180.0	8	1896.5276882252076	1896.724529606589
1896.7779710342877	0.4968013811005676	trials	210626SL	p61	Z11111	274	3.0	90.0	12	1896.9279710342878	1897.1247724153882
1897.178213843087	0.5268815921958776	trials	210626SL	p61	Z11111	298	12.0	135.0	12	1897.328213843087	1897.5550954352827
1901.100881371341	0.5068414515594668	trials	210626SL	p61	Z11111	89	13.0	225.0	4	1901.2508813713412	1901.4577228229005
1901.5312043912356	0.5268415919151721	trials	210626SL	p61	Z11111	192	11.0	180.0	8	1901.6812043912357	1901.9080459831507
1901.9814875512052	0.5268815921956502	trials	210626SL	p61	Z11111	84	8.0	225.0	4	1902.1314875512053	1902.3583691434008
1902.4318107114552	0.49684138138150047	trials	210626SL	p61	Z11111	55	9.0	135.0	4	1902.5818107114553	1902.7786520928366
1902.8320535202545	0.49684138138150047	trials	210626SL	p61	Z11111	297	11.0	135.0	12	1902.9820535202546	1903.1788949016359
1903.2623765401486	0.5068414515594668	trials	210626SL	p61	Z11111	230	4.0	315.0	8	1903.4123765401487	1903.619217991708
1903.7026596299402	0.49684138138150047	trials	210626SL	p61	Z11111	242	1.0	0.0	12	1903.8526596299403	1904.0495010113216
1904.1029424390204	0.5268415919151721	trials	210626SL	p61	Z11111	8	7.0	0.0	4	1904.2529424390204	1904.4797840309354
1908.0556101778081	0.5068414515594668	trials	210626SL	p61	Z11111	133	12.0	0.0	8	1908.2056101778082	1908.4124516293675
1908.4859331977025	0.49680138110102234	trials	210626SL	p61	Z11111	316	0.0	225.0	12	1908.6359331977026	1908.8327345788034
1908.886176006502	0.5268815921956502	trials	210626SL	p61	Z11111	200	4.0	225.0	8	1909.036176006502	1909.2630575986975
1909.336499166752	0.49684138138150047	trials	210626SL	p61	Z11111	318	2.0	225.0	12	1909.486499166752	1909.6833405481334
1909.7767822565436	0.49684138138150047	trials	210626SL	p61	Z11111	334	3.0	270.0	12	1909.9267822565437	1910.123623637925
1910.2071052764377	0.49680138110079497	trials	210626SL	p61	Z11111	280	9.0	90.0	12	1910.3571052764378	1910.5539066575384
1910.6273882258736	0.49684138138150047	trials	210626SL	p61	Z11111	54	8.0	135.0	4	1910.7773882258737	1910.974229607255
1911.0276310346728	0.49684138138150047	trials	210626SL	p61	Z11111	282	11.0	90.0	12	1911.177631034673	1911.3744724160542
1914.9502985629272	0.5168815220181386	trials	210626SL	p61	Z11111	166	0.0	135.0	8	1915.1002985629273	1915.3171800849452
1917.862278998444	0.5068414515592394	trials	210626SL	p61	Z11111	324	8.0	225.0	12	1918.0122789984441	1918.2191204500032
1918.2725618777017	0.5268815921958776	trials	210626SL	p61	Z11111	46	0.0	135.0	4	1918.4225618777018	1918.6494434698975
1918.7028448973153	0.49684138138150047	trials	210626SL	p61	Z11111	119	13.0	315.0	4	1918.8528448973154	1919.0496862786968
1919.1031277063955	0.5368816623736166	trials	210626SL	p61	Z11111	63	2.0	180.0	4	1919.2531277063956	1919.490009368769
1919.5534508666456	0.49684138138150047	trials	210626SL	p61	Z11111	135	14.0	0.0	8	1919.7034508666457	1919.900292248027
1919.9637337459035	0.49684138138150047	trials	210626SL	p61	Z11111	35	4.0	90.0	4	1920.1137337459036	1920.310575127285
1920.394016765517	0.49684138138150047	trials	210626SL	p61	Z11111	90	14.0	225.0	4	1920.5440167655172	1920.7408581468985
1920.7942995745973	0.4968413813812731	trials	210626SL	p61	Z11111	189	8.0	180.0	8	1920.9442995745974	1921.1411409559785
1924.7169671028514	0.5168415217372058	trials	210626SL	p61	Z11111	30	14.0	45.0	4	1924.8669671028515	1925.0838086245885
1925.1572501926428	0.49684138138150047	trials	210626SL	p61	Z11111	37	6.0	90.0	4	1925.3072501926429	1925.5040915740242
1925.557533001723	0.5368416620929111	trials	210626SL	p61	Z11111	116	10.0	315.0	4	1925.707533001723	1925.9443746638158
1926.0078161616923	0.5068814518399449	trials	210626SL	p61	Z11111	45	14.0	90.0	4	1926.1578161616924	1926.3646976135321
1926.4180990409502	0.5268815921958776	trials	210626SL	p61	Z11111	312	11.0	180.0	12	1926.5680990409503	1926.794980633146
1926.8684222012002	0.49684138138150047	trials	210626SL	p61	Z11111	263	7.0	45.0	12	1927.0184222012003	1927.2152635825817
1927.2987052208139	0.49684138138172784	trials	210626SL	p61	Z11111	39	8.0	90.0	4	1927.448705220814	1927.6455466021955
1927.698988029894	0.5068414515592394	trials	210626SL	p61	Z11111	56	10.0	135.0	4	1927.8489880298941	1928.0558294814532
1931.4415342941045	0.5068414515592394	trials	210626SL	p61	Z11111	254	13.0	0.0	12	1931.5915342941046	1931.7983757456636
1931.86181724354	0.49684138138172784	trials	210626SL	p61	Z11111	78	2.0	225.0	4	1932.01181724354	1932.2086586249216
1932.272100122798	0.5268415919149447	trials	210626SL	p61	Z11111	238	12.0	315.0	8	1932.4221001227982	1932.648941714713
1932.7223832827674	0.49684138138150047	trials	210626SL	p61	Z11111	240	14.0	315.0	8	1932.8723832827675	1933.0692246641488
1933.1226660918473	0.5268815921958776	trials	210626SL	p61	Z11111	304	3.0	180.0	12	1933.2726660918474	1933.4995476840431
1933.5529491114612	0.4968413813812731	trials	210626SL	p61	Z11111	218	7.0	270.0	8	1933.7029491114613	1933.8997904928424
1933.9932722015333	0.49684138138150047	trials	210626SL	p61	Z11111	123	2.0	0.0	8	1934.1432722015334	1934.3401135829147
1934.423555221147	0.49684138138172784	trials	210626SL	p61	Z11111	272	1.0	90.0	12	1934.573555221147	1934.7703966025285
1938.1761015555353	0.5268815921956502	trials	210626SL	p61	Z11111	153	2.0	90.0	8	1938.3261015555354	1938.5529831477309
1938.6264247157853	0.49684138138150047	trials	210626SL	p61	Z11111	256	0.0	45.0	12	1938.7764247157854	1938.9732660971667
1939.056707735399	0.5268415919151721	trials	210626SL	p61	Z11111	82	6.0	225.0	4	1939.206707735399	1939.433549327314
1939.4969908251906	0.5268815921956502	trials	210626SL	p61	Z11111	220	9.0	270.0	8	1939.6469908251906	1939.873872417386
1939.9473139854406	0.49684138138150047	trials	210626SL	p61	Z11111	179	13.0	135.0	8	1940.0973139854407	1940.294155366822
1940.3775970050542	0.49684138138150047	trials	210626SL	p61	Z11111	53	7.0	135.0	4	1940.5275970050543	1940.7244383864356
1940.7778798141342	0.5368816623736166	trials	210626SL	p61	Z11111	157	6.0	90.0	8	1940.9278798141343	1941.1647614765077
1941.2181629039258	0.4968413813812731	trials	210626SL	p61	Z11111	32	1.0	90.0	4	1941.3681629039258	1941.565004285307
1945.3409918368602	0.49684138138172784	trials	210626SL	p61	Z11111	172	6.0	135.0	8	1945.4909918368603	1945.6878332182418
1945.7512747161184	0.5268415919151721	trials	210626SL	p61	Z11111	47	1.0	135.0	4	1945.9012747161185	1946.1281163080334
1946.2015578760877	0.49684138138150047	trials	210626SL	p61	Z11111	130	9.0	0.0	8	1946.3515578760878	1946.548399257469
1946.6018406851679	0.4968413813812731	trials	210626SL	p61	Z11111	231	5.0	315.0	8	1946.751840685168	1946.948682066549
1947.0321237047813	0.49684138138150047	trials	210626SL	p61	Z11111	293	7.0	135.0	12	1947.1821237047814	1947.3789650861627
1947.4424065840392	0.5268815921956502	trials	210626SL	p61	Z11111	247	6.0	0.0	12	1947.5924065840393	1947.8192881762347
1947.8826896738308	0.5068814518399449	trials	210626SL	p61	Z11111	213	2.0	270.0	8	1948.0326896738309	1948.2395711256706
1948.2929725530887	0.5268815921956502	trials	210626SL	p61	Z11111	243	2.0	0.0	12	1948.4429725530888	1948.6698541452843
1952.2456802921572	0.5068414515594668	trials	210626SL	p61	Z11111	144	8.0	45.0	8	1952.3956802921573	1952.6025217437166
1952.6559631714151	0.49684138138150047	trials	210626SL	p61	Z11111	268	12.0	45.0	12	1952.8059631714152	1953.0028045527965
1953.056245980495	0.5268415919151721	trials	210626SL	p61	Z11111	226	0.0	315.0	8	1953.2062459804952	1953.4330875724102
1953.5065291404646	0.4968413813812731	trials	210626SL	p61	Z11111	347	1.0	315.0	12	1953.6565291404647	1953.8533705218458
1953.9068119495444	0.5368816623738439	trials	210626SL	p61	Z11111	64	3.0	180.0	4	1954.0568119495445	1954.2936936119181
1954.347095039336	0.49684138138150047	trials	210626SL	p61	Z11111	15	14.0	0.0	4	1954.497095039336	1954.6939364207174
1954.7774180592305	0.49680138110079497	trials	210626SL	p61	Z11111	36	5.0	90.0	4	1954.9274180592306	1955.1242194403312
1955.1776608680298	0.5068414515594668	trials	210626SL	p61	Z11111	283	12.0	90.0	12	1955.3276608680299	1955.5345023195891
1959.0502880451138	0.5268815921958776	trials	210626SL	p61	Z11111	115	9.0	315.0	4	1959.200288045114	1959.4271696373096
1959.4806110650081	0.49684138138150047	trials	210626SL	p61	Z11111	95	4.0	270.0	4	1959.6306110650082	1959.8274524463895
1959.9108940846218	0.49684138138172784	trials	210626SL	p61	Z11111	167	1.0	135.0	8	1960.0608940846219	1960.2577354660034
1960.3211769638797	0.49684138138172784	trials	210626SL	p61	Z11111	112	6.0	315.0	4	1960.4711769638798	1960.6680183452613
1960.7514599834935	0.49684138138150047	trials	210626SL	p61	Z11111	121	0.0	0.0	8	1960.9014599834936	1961.098301364875
1963.1330766970564	0.5168415217372058	trials	210626SL	p61	Z11111	345	14.0	270.0	12	1963.2830766970565	1963.4999182187935
1963.5733597868477	0.49688138166220597	trials	210626SL	p61	Z11111	6	5.0	0.0	4	1963.7233597868478	1963.9202411685098
1963.9836426661059	0.5268815921956502	trials	210626SL	p61	Z11111	9	8.0	0.0	4	1964.133642666106	1964.3605242583014
1964.423965756178	0.5068414515594668	trials	210626SL	p61	Z11111	244	3.0	0.0	12	1964.573965756178	1964.7808072077373
1964.8642488459695	0.49684138138150047	trials	210626SL	p61	Z11111	326	10.0	225.0	12	1965.0142488459696	1965.211090227351
1965.2845317954052	0.49684138138150047	trials	210626SL	p61	Z11111	301	0.0	180.0	12	1965.4345317954053	1965.6313731767866
1965.7148548152995	0.49684138138172784	trials	210626SL	p61	Z11111	104	13.0	270.0	4	1965.8648548152996	1966.0616961966812
1966.1351377647354	0.4968413813812731	trials	210626SL	p61	Z11111	291	5.0	135.0	12	1966.2851377647355	1966.4819791461166
1969.9877248011833	0.5268815921956502	trials	210626SL	p61	Z11111	260	4.0	45.0	12	1970.1377248011834	1970.3646063933788
1970.4280478912553	0.5068414515594668	trials	210626SL	p61	Z11111	79	3.0	225.0	4	1970.5780478912554	1970.7848893428147
1970.8383307705133	0.4968413813812731	trials	210626SL	p61	Z11111	319	3.0	225.0	12	1970.9883307705134	1971.1851721518944
1971.2686137901267	0.49684138138172784	trials	210626SL	p61	Z11111	28	12.0	45.0	4	1971.4186137901268	1971.6154551715083
1971.6688965992068	0.5368416620929111	trials	210626SL	p61	Z11111	232	6.0	315.0	8	1971.818896599207	1972.0557382612997
1972.1191797591762	0.5068814518401723	trials	210626SL	p61	Z11111	181	0.0	180.0	8	1972.2691797591763	1972.4760612110163
1972.5595028492485	0.49684138138150047	trials	210626SL	p61	Z11111	31	0.0	90.0	4	1972.7095028492486	1972.9063442306299
1972.989785868862	0.49684138138150047	trials	210626SL	p61	Z11111	315	14.0	180.0	12	1973.1397858688622	1973.3366272502435
1977.0425343099903	0.5068414515592394	trials	210626SL	p61	Z11111	327	11.0	225.0	12	1977.1925343099904	1977.3993757615494
1977.462817259426	0.5268815921958776	trials	210626SL	p61	Z11111	105	14.0	270.0	4	1977.612817259426	1977.8396988516217
1977.8931402793205	0.4968413813812731	trials	210626SL	p61	Z11111	288	2.0	135.0	12	1978.0431402793206	1978.2399816607017
1978.3234232989341	0.5068414515592394	trials	210626SL	p61	Z11111	331	0.0	270.0	12	1978.4734232989342	1978.6802647504933
1978.7337061781918	0.5268415919151721	trials	210626SL	p61	Z11111	208	12.0	225.0	8	1978.883706178192	1979.110547770107
1979.1839893381612	0.5268815921958776	trials	210626SL	p61	Z11111	265	9.0	45.0	12	1979.3339893381612	1979.560870930357
1979.6343124984114	0.4968413813812731	trials	210626SL	p61	Z11111	250	9.0	0.0	12	1979.7843124984115	1979.9811538797926
1980.0645955180248	0.49684138138172784	trials	210626SL	p61	Z11111	33	2.0	90.0	4	1980.214595518025	1980.4114368994065
1983.9372226951093	0.5068414515592394	trials	210626SL	p61	Z11111	229	3.0	315.0	8	1984.0872226951094	1984.2940641466685
1984.3675457150036	0.5268415919149447	trials	210626SL	p61	Z11111	11	10.0	0.0	4	1984.5175457150037	1984.7443873069185
1984.817828874973	0.5268815921956502	trials	210626SL	p61	Z11111	175	9.0	135.0	8	1984.967828874973	1985.1947104671685
1985.268152035223	0.49684138138150047	trials	210626SL	p61	Z11111	239	13.0	315.0	8	1985.418152035223	1985.6149934166044
1985.6683948440223	0.49684138138150047	trials	210626SL	p61	Z11111	186	5.0	180.0	8	1985.8183948440224	1986.0152362254037
1986.1087179340946	0.49684138138150047	trials	210626SL	p61	Z11111	128	7.0	0.0	8	1986.2587179340946	1986.455559315476
1986.5390009537082	0.49684138138150047	trials	210626SL	p61	Z11111	353	7.0	315.0	12	1986.6890009537083	1986.8858423350896
1986.9392837627881	0.5268415919151721	trials	210626SL	p61	Z11111	201	5.0	225.0	8	1987.0892837627882	1987.3161253547032
1990.7618705887023	0.5068414515594668	trials	210626SL	p61	Z11111	75	14.0	180.0	4	1990.9118705887024	1991.1187120402617
1991.1721534679602	0.5268415919151721	trials	210626SL	p61	Z11111	93	2.0	270.0	4	1991.3221534679603	1991.5489950598753
1991.6224766282103	0.49684138138150047	trials	210626SL	p61	Z11111	193	12.0	180.0	8	1991.7724766282104	1991.9693180095917
1992.052759647824	0.5068414515594668	trials	210626SL	p61	Z11111	38	7.0	90.0	4	1992.202759647824	1992.4096010993833
1994.9447399429848	0.5068414515594668	trials	210626SL	p61	Z11111	139	3.0	45.0	8	1995.094739942985	1995.3015813945442
1995.3750229625985	0.49684138138172784	trials	210626SL	p61	Z11111	306	5.0	180.0	12	1995.5250229625985	1995.72186434398
1995.8053059822123	0.49684138138150047	trials	210626SL	p61	Z11111	19	3.0	45.0	4	1995.9553059822124	1996.1521473635937
1996.2055887912923	0.5268415919151721	trials	210626SL	p61	Z11111	236	10.0	315.0	8	1996.3555887912923	1996.5824303832073
1996.6558719512618	0.4968413813812731	trials	210626SL	p61	Z11111	336	5.0	270.0	12	1996.805871951262	1997.002713332643
1997.0761549006972	0.49684138138150047	trials	210626SL	p61	Z11111	209	13.0	225.0	8	1997.2261549006973	1997.4229962820787
1997.4764377097774	0.49684138138150047	trials	210626SL	p61	Z11111	237	11.0	315.0	8	1997.6264377097775	1997.8232790911588
1997.906720729391	0.5068414515594668	trials	210626SL	p61	Z11111	109	3.0	315.0	4	1998.0567207293911	1998.2635621809504
2001.7493476959417	0.5068414515592394	trials	210626SL	p61	Z11111	76	0.0	225.0	4	2001.8993476959417	2002.1061891475008
2002.1596305751996	0.5268415919151721	trials	210626SL	p61	Z11111	225	14.0	270.0	8	2002.3096305751997	2002.5364721671147
2002.609913735169	0.49684138138150047	trials	210626SL	p61	Z11111	211	0.0	270.0	8	2002.759913735169	2002.9567551165503
2003.010196544249	0.5068414515590121	trials	210626SL	p61	Z11111	284	13.0	90.0	12	2003.1601965442492	2003.367037995808
2003.4505196343212	0.49684138138150047	trials	210626SL	p61	Z11111	94	3.0	270.0	4	2003.6005196343212	2003.7973610157026
2003.8507624431204	0.5268815921958776	trials	210626SL	p61	Z11111	73	12.0	180.0	4	2004.0007624431205	2004.2276440353162
2004.3010856033704	0.49684138138150047	trials	210626SL	p61	Z11111	233	7.0	315.0	8	2004.4510856033705	2004.6479269847518
2004.7013684124504	0.49684138138172784	trials	210626SL	p61	Z11111	10	9.0	0.0	4	2004.8513684124505	2005.048209793832
2008.7040765024085	0.5068414515594668	trials	210626SL	p61	Z11111	155	4.0	90.0	8	2008.8540765024086	2009.0609179539679
2009.1343595220224	0.4968413813812731	trials	210626SL	p61	Z11111	100	9.0	270.0	4	2009.2843595220224	2009.4812009034035
2009.534642331102	0.5268415919151721	trials	210626SL	p61	Z11111	113	7.0	315.0	4	2009.6846423311022	2009.9114839230172
2009.9749254208937	0.49684138138150047	trials	210626SL	p61	Z11111	138	2.0	45.0	8	2010.1249254208938	2010.321766802275
2010.4052484407882	0.4968413813812731	trials	210626SL	p61	Z11111	120	14.0	315.0	4	2010.5552484407883	2010.7520898221694
2010.8054912495875	0.49684138138150047	trials	210626SL	p61	Z11111	163	12.0	90.0	8	2010.9554912495876	2011.1523326309689
2011.2458143396595	0.49684138138150047	trials	210626SL	p61	Z11111	160	9.0	90.0	8	2011.3958143396596	2011.592655721041
2011.6760973592732	0.49684138138172784	trials	210626SL	p61	Z11111	356	10.0	315.0	12	2011.8260973592733	2012.0229387406548
2015.5087242556458	0.5268415919151721	trials	210626SL	p61	Z11111	0			0	2015.658724255646	2015.8855658475609
2015.9390072752597	0.5368416620929111	trials	210626SL	p61	Z11111	51	5.0	135.0	4	2016.0890072752597	2016.3258489373525
2016.389290435229	0.5368816623736166	trials	210626SL	p61	Z11111	264	8.0	45.0	12	2016.539290435229	2016.7761720976025
2016.829613525301	0.49684138138172784	trials	210626SL	p61	Z11111	4	3.0	0.0	4	2016.9796135253011	2017.1764549066827
2017.2298563341005	0.5268815921958776	trials	210626SL	p61	Z11111	309	8.0	180.0	12	2017.3798563341006	2017.6067379262963
2017.6601793539949	0.4968413813812731	trials	210626SL	p61	Z11111	259	3.0	45.0	12	2017.810179353995	2018.007020735376
2018.0704622332528	0.5268415919149447	trials	210626SL	p61	Z11111	17	1.0	45.0	4	2018.2204622332529	2018.4473038251676
2018.5007452528662	0.49684138138172784	trials	210626SL	p61	Z11111	314	13.0	180.0	12	2018.6507452528663	2018.8475866342478
2022.2332914468989	0.5268415919151721	trials	210626SL	p61	Z11111	183	2.0	180.0	8	2022.383291446899	2022.610133038814
2029.0378991998555	0.5268815921958776	trials	210626SL	p61	Z11111	245	4.0	0.0	12	2029.1878991998556	2029.4147807920513
2029.4882223601055	0.49684138138150047	trials	210626SL	p61	Z11111	358	12.0	315.0	12	2029.6382223601056	2029.835063741487
2029.9185053797191	0.49684138138172784	trials	210626SL	p61	Z11111	149	13.0	45.0	8	2030.0685053797192	2030.2653467611008
2030.338788329155	0.49684138138150047	trials	210626SL	p61	Z11111	171	5.0	135.0	8	2030.488788329155	2030.6856297105364
2030.749071208413	0.5268415919151721	trials	210626SL	p61	Z11111	224	13.0	270.0	8	2030.899071208413	2031.125912800328
2031.1893542982045	0.5068414515592394	trials	210626SL	p61	Z11111	295	9.0	135.0	12	2031.3393542982046	2031.5461957497637
2031.5996371774622	0.526881592196105	trials	210626SL	p61	Z11111	147	11.0	45.0	8	2031.7496371774623	2031.9765187696582
2032.0499603377125	0.49684138138150047	trials	210626SL	p61	Z11111	359	13.0	315.0	12	2032.1999603377126	2032.396801719094
2035.782506531745	0.5268415919151721	trials	210626SL	p61	Z11111	25	9.0	45.0	4	2035.932506531745	2036.15934812366
2036.2227896215365	0.5068414515592394	trials	210626SL	p61	Z11111	136	0.0	45.0	8	2036.3727896215366	2036.5796310730957
2036.663072711328	0.49684138138150047	trials	210626SL	p61	Z11111	337	6.0	270.0	12	2036.813072711328	2037.0099140927093
2037.0633555204079	0.5268815921958776	trials	210626SL	p61	Z11111	161	10.0	90.0	8	2037.213355520408	2037.4402371126037
2037.513678680658	0.49684138138172784	trials	210626SL	p61	Z11111	101	10.0	270.0	4	2037.663678680658	2037.8605200620395
2037.923961559916	0.5268415919149447	trials	210626SL	p61	Z11111	143	7.0	45.0	8	2038.0739615599161	2038.300803151831
2038.3642446497074	0.5068414515594668	trials	210626SL	p61	Z11111	307	6.0	180.0	12	2038.5142446497075	2038.7210861012668
2038.8045677397797	0.49680138110079497	trials	210626SL	p61	Z11111	178	12.0	135.0	8	2038.9545677397798	2039.1513691208804
2042.6071544253382	0.5268415919149447	trials	210626SL	p61	Z11111	335	4.0	270.0	12	2042.7571544253383	2042.983996017253
2043.0474375151296	0.5068414515594668	trials	210626SL	p61	Z11111	339	8.0	270.0	12	2043.1974375151296	2043.404278966689
2043.4877206049212	0.4968413813812731	trials	210626SL	p61	Z11111	7	6.0	0.0	4	2043.6377206049212	2043.8345619863023
2043.888003414001	0.5268815921958776	trials	210626SL	p61	Z11111	299	13.0	135.0	12	2044.0380034140012	2044.264885006197
2044.3383265742514	0.49684138138150047	trials	210626SL	p61	Z11111	18	2.0	45.0	4	2044.4883265742515	2044.6851679556328
2044.758609523687	0.49684138138150047	trials	210626SL	p61	Z11111	290	4.0	135.0	12	2044.9086095236871	2045.1054509050684
2045.158892332767	0.5268415919151721	trials	210626SL	p61	Z11111	168	2.0	135.0	8	2045.308892332767	2045.535733924682
2045.6091754927363	0.49684138138150047	trials	210626SL	p61	Z11111	195	14.0	180.0	8	2045.7591754927364	2045.9560168741177
2049.481802669821	0.5068414515590121	trials	210626SL	p61	Z11111	317	1.0	225.0	12	2049.631802669821	2049.8386441213797
2051.923459804732	0.5068414515590121	trials	210626SL	p61	Z11111	65	4.0	180.0	4	2052.073459804732	2052.280301256291
2052.353782824626	0.49684138138172784	trials	210626SL	p61	Z11111	0			0	2052.503782824626	2052.7006242060074
2052.754025633425	0.49684138138172784	trials	210626SL	p61	Z11111	48	2.0	135.0	4	2052.904025633425	2053.1008670148067
2053.1843486533194	0.4968013811012497	trials	210626SL	p61	Z11111	146	10.0	45.0	8	2053.3343486533195	2053.5311500344205
2053.584591462119	0.5068414515590121	trials	210626SL	p61	Z11111	252	11.0	0.0	12	2053.734591462119	2053.941432913678
2054.024914552191	0.49684138138172784	trials	210626SL	p61	Z11111	346	0.0	315.0	12	2054.1749145521912	2054.371755933573
2054.4251573609904	0.49684138138172784	trials	210626SL	p61	Z11111	102	11.0	270.0	4	2054.5751573609905	2054.771998742372
2054.8554803808847	0.5068414515594668	trials	210626SL	p61	Z11111	262	6.0	45.0	12	2055.005480380885	2055.212321832444
2058.6980673471544	0.5168815220181386	trials	210626SL	p61	Z11111	215	4.0	270.0	8	2058.8480673471545	2059.0649488691724
2059.138390437227	0.4968413813812731	trials	210626SL	p61	Z11111	20	4.0	45.0	4	2059.288390437227	2059.485231818608
2059.5386732463066	0.5068414515594668	trials	210626SL	p61	Z11111	67	6.0	180.0	4	2059.6886732463067	2059.895514697866
2059.9789563360982	0.49684138138172784	trials	210626SL	p61	Z11111	214	3.0	270.0	8	2060.1289563360983	2060.32579771748
2060.3792391451784	0.5268415919153995	trials	210626SL	p61	Z11111	210	14.0	225.0	8	2060.5292391451785	2060.7560807370937
2060.81952223497	0.4968413813812731	trials	210626SL	p61	Z11111	141	5.0	45.0	8	2060.96952223497	2061.166363616351
2061.249805254584	0.4968413813812731	trials	210626SL	p61	Z11111	152	1.0	90.0	8	2061.399805254584	2061.596646635965
2064.011704636871	0.5268415919149447	trials	210626SL	p61	Z11111	106	0.0	315.0	4	2064.161704636871	2064.388546228786
2064.4419876564843	0.5068414515594668	trials	210626SL	p61	Z11111	338	7.0	270.0	12	2064.5919876564844	2064.7988291080437
2064.872270676098	0.5068414515590121	trials	210626SL	p61	Z11111	234	8.0	315.0	8	2065.0222706760983	2065.229112127657
2065.3125937661703	0.4968413813812731	trials	210626SL	p61	Z11111	61	0.0	180.0	4	2065.4625937661704	2065.6594351475514
2065.7128365749695	0.4968413813812731	trials	210626SL	p61	Z11111	206	10.0	225.0	8	2065.8628365749696	2066.0596779563507
2066.1131193840492	0.5368816623740713	trials	210626SL	p61	Z11111	348	2.0	315.0	12	2066.2631193840493	2066.500001046423
2066.5634425442995	0.5068414515594668	trials	210626SL	p61	Z11111	71	10.0	180.0	4	2066.7134425442996	2066.920283995859
2067.003725634091	0.4968413813812731	trials	210626SL	p61	Z11111	72	11.0	180.0	4	2067.153725634091	2067.3505670154723
2070.936393232523	0.5268815921958776	trials	210626SL	p61	Z11111	269	13.0	45.0	12	2071.0863932325233	2071.313274824719
2071.3667162524175	0.5268415919153995	trials	210626SL	p61	Z11111	27	11.0	45.0	4	2071.5167162524176	2071.743557844333
2071.8169994123873	0.4968413813812731	trials	210626SL	p61	Z11111	223	12.0	270.0	8	2071.9669994123874	2072.1638407937685
2072.217282221467	0.5368416620931384	trials	210626SL	p61	Z11111	92	1.0	270.0	4	2072.367282221467	2072.60412388356
2075.919788204685	0.5268815921958776	trials	210626SL	p61	Z11111	188	7.0	180.0	8	2076.069788204685	2076.296669796881
2076.3701113649354	0.4968413813812731	trials	210626SL	p61	Z11111	261	5.0	45.0	12	2076.5201113649355	2076.7169527463166
2076.7703541737346	0.4968413813812731	trials	210626SL	p61	Z11111	228	2.0	315.0	8	2076.9203541737347	2077.117195555116
2077.200677193629	0.49684138138172784	trials	210626SL	p61	Z11111	74	13.0	180.0	4	2077.350677193629	2077.5475185750106
2077.610960072887	0.5268415919149447	trials	210626SL	p61	Z11111	14	13.0	0.0	4	2077.760960072887	2077.9878016648017
2080.1326577695013	0.5268815921963323	trials	210626SL	p61	Z11111	80	4.0	225.0	4	2080.2826577695014	2080.5095393616975
2080.5829809297516	0.4968413813812731	trials	210626SL	p61	Z11111	142	6.0	45.0	8	2080.7329809297516	2080.9298223111327
2080.983223738551	0.49684138138172784	trials	210626SL	p61	Z11111	354	8.0	315.0	12	2081.133223738551	2081.3300651199324
2081.413546758445	0.5068414515594668	trials	210626SL	p61	Z11111	227	1.0	315.0	8	2081.563546758445	2081.7703882100045
2081.8538298482367	0.49684138138172784	trials	210626SL	p61	Z11111	351	5.0	315.0	12	2082.003829848237	2082.2006712296184
2082.254112657317	0.5268415919149447	trials	210626SL	p61	Z11111	86	10.0	225.0	4	2082.404112657317	2082.6309542492318
2082.7043958172862	0.4968413813812731	trials	210626SL	p61	Z11111	330	14.0	225.0	12	2082.8543958172863	2083.0512371986674
2083.104678626366	0.5068414515594668	trials	210626SL	p61	Z11111	258	2.0	45.0	12	2083.254678626366	2083.4615200779253
2087.057386365435	0.5268415919149447	trials	210626SL	p61	Z11111	279	8.0	90.0	12	2087.207386365435	2087.43422795735
2087.5076695254043	0.49684138138172784	trials	210626SL	p61	Z11111	125	4.0	0.0	8	2087.6576695254043	2087.854510906786
2087.9079523344844	0.5268415919149447	trials	210626SL	p61	Z11111	169	3.0	135.0	8	2088.0579523344845	2088.2847939263993
2088.3582754947342	0.49680138110079497	trials	210626SL	p61	Z11111	300	14.0	135.0	12	2088.5082754947343	2088.705076875835
2088.7585183035335	0.5368816623740713	trials	210626SL	p61	Z11111	257	1.0	45.0	12	2088.9085183035336	2089.1453999659075
2089.198841393606	0.4968413813812731	trials	210626SL	p61	Z11111	49	3.0	135.0	4	2089.348841393606	2089.545682774987
2089.5990842024053	0.5268815921958776	trials	210626SL	p61	Z11111	126	5.0	0.0	8	2089.7490842024054	2089.975965794601
2090.049407362655	0.49684138138172784	trials	210626SL	p61	Z11111	198	2.0	225.0	8	2090.199407362655	2090.3962487440367
2094.1021558037833	0.5268815921958776	trials	210626SL	p61	Z11111	222	11.0	270.0	8	2094.2521558037834	2094.479037395979
2094.542438893575	0.5068814518403997	trials	210626SL	p61	Z11111	1	0.0	0.0	4	2094.692438893575	2094.899320345415
2094.9827619836474	0.4968413813812731	trials	210626SL	p61	Z11111	158	7.0	90.0	8	2095.1327619836475	2095.3296033650286
2095.403044933083	0.4968413813812731	trials	210626SL	p61	Z11111	70	9.0	180.0	4	2095.553044933083	2095.749886314464
2095.8033277421628	0.5268415919153995	trials	210626SL	p61	Z11111	340	9.0	270.0	12	2095.953327742163	2096.180169334078
2096.253610902132	0.49684138138172784	trials	210626SL	p61	Z11111	69	8.0	180.0	4	2096.403610902132	2096.6004522835137
2096.6538937112123	0.5268815921958776	trials	210626SL	p61	Z11111	212	1.0	270.0	8	2096.8038937112124	2097.030775303408
2097.0942168012843	0.5268415919153995	trials	210626SL	p61	Z11111	216	5.0	270.0	8	2097.2442168012844	2097.4710583931997
2100.9968441889023	0.5168415217372058	trials	210626SL	p61	Z11111	241	0.0	0.0	12	2101.1468441889024	2101.3636857106394
2101.4271272085157	0.5268815921963323	trials	210626SL	p61	Z11111	22	6.0	45.0	4	2101.577127208516	2101.804008800712
2101.877450368766	0.49684138138172784	trials	210626SL	p61	Z11111	253	12.0	0.0	12	2102.027450368766	2102.2242917501476
2102.30773338838	0.4968413813812731	trials	210626SL	p61	Z11111	26	10.0	45.0	4	2102.45773338838	2102.654574769761
2102.7080161974595	0.5268415919153995	trials	210626SL	p61	Z11111	277	6.0	90.0	12	2102.8580161974596	2103.084857789375
2103.148299287251	0.5268815921958776	trials	210626SL	p61	Z11111	187	6.0	180.0	8	2103.298299287251	2103.525180879447
2103.5986224475014	0.4968413813812731	trials	210626SL	p61	Z11111	286	0.0	135.0	12	2103.7486224475015	2103.9454638288826
2104.028905467115	0.49684138138172784	trials	210626SL	p61	Z11111	281	10.0	90.0	12	2104.178905467115	2104.3757468484964
2123.82236437243	0.5068414515594668	trials	210626SL	p61	Z11111	151	0.0	90.0	8	2123.97236437243	2124.1792058239894
2124.252687392325	0.49680138110079497	trials	210626SL	p61	Z11111	357	11.0	315.0	12	2124.402687392325	2124.5994887734255
2126.834425510287	0.5068414515594668	trials	210626SL	p61	Z11111	111	5.0	315.0	4	2126.984425510287	2127.1912669618464
2127.264708529901	0.5268815921958776	trials	210626SL	p61	Z11111	118	12.0	315.0	4	2127.414708529901	2127.6415901220967
2127.7150316901507	0.49684138138172784	trials	210626SL	p61	Z11111	57	11.0	135.0	4	2127.8650316901508	2128.0618730715323
2128.1453147097645	0.49684138138172784	trials	210626SL	p61	Z11111	140	4.0	45.0	8	2128.2953147097646	2128.492156091146
2128.585597799556	0.49684138138172784	trials	210626SL	p61	Z11111	255	14.0	0.0	12	2128.735597799556	2128.9324391809378
2128.9858806086363	0.5268815921958776	trials	210626SL	p61	Z11111	0			0	2129.1358806086364	2129.362762200832
2129.436203768886	0.49684138138172784	trials	210626SL	p61	Z11111	352	6.0	315.0	12	2129.586203768886	2129.7830451502678
2129.8564867183222	0.4968413813812731	trials	210626SL	p61	Z11111	305	4.0	180.0	12	2130.0064867183223	2130.2033280997034
2133.7691541763984	0.49684138138172784	trials	210626SL	p61	Z11111	41	10.0	90.0	4	2133.9191541763985	2134.11599555778
2134.1693969851976	0.5268815921958776	trials	210626SL	p61	Z11111	248	7.0	0.0	12	2134.3193969851977	2134.5462785773934
2134.619720145448	0.5268415919149447	trials	210626SL	p61	Z11111	165	14.0	90.0	8	2134.769720145448	2134.9965617373628
2135.0600032352395	0.4968413813812731	trials	210626SL	p61	Z11111	58	12.0	135.0	4	2135.2100032352396	2135.4068446166207
2135.490326255134	0.4968413813812731	trials	210626SL	p61	Z11111	267	11.0	45.0	12	2135.640326255134	2135.837167636515
2135.890569063933	0.5268815921958776	trials	210626SL	p61	Z11111	127	6.0	0.0	8	2136.040569063933	2136.267450656129
2136.340892224183	0.49684138138172784	trials	210626SL	p61	Z11111	50	4.0	135.0	4	2136.490892224183	2136.6877336055645
2136.751175103441	0.5168415217376605	trials	210626SL	p61	Z11111	270	14.0	45.0	12	2136.901175103441	2137.1180166251784
2140.7939234743912	0.5068414515594668	trials	210626SL	p61	Z11111	148	12.0	45.0	8	2140.9439234743913	2141.1507649259506
2141.2242064940046	0.49684138138172784	trials	210626SL	p61	Z11111	68	7.0	180.0	4	2141.3742064940047	2141.5710478753863
2141.624489303085	0.49684138138172784	trials	210626SL	p61	Z11111	289	3.0	135.0	12	2141.774489303085	2141.9713306844665
2142.0547723226987	0.5068414515590121	trials	210626SL	p61	Z11111	333	2.0	270.0	12	2142.204772322699	2142.4116137742576
2155.3838258625083	0.5168815220181386	trials	210626SL	p61	Z11111	162	11.0	90.0	8	2155.5338258625084	2155.7507073845263
2155.824148952581	0.4968413813812731	trials	210626SL	p61	Z11111	124	3.0	0.0	8	2155.974148952581	2156.170990333962
2156.2344318318383	0.5268415919153995	trials	210626SL	p61	Z11111	60	14.0	135.0	4	2156.3844318318384	2156.6112734237536
2156.67471492163	0.5068414515594668	trials	210626SL	p61	Z11111	180	14.0	135.0	8	2156.82471492163	2157.0315563731892
2157.084997800888	0.5268415919153995	trials	210626SL	p61	Z11111	320	4.0	225.0	12	2157.234997800888	2157.461839392803
2157.535320961138	0.49684138138172784	trials	210626SL	p61	Z11111	221	10.0	270.0	8	2157.685320961138	2157.8821623425197
2157.9355637699373	0.49684138138172784	trials	210626SL	p61	Z11111	202	6.0	225.0	8	2158.0855637699374	2158.282405151319
2158.3658867898316	0.49684138138172784	trials	210626SL	p61	Z11111	199	3.0	225.0	8	2158.5158867898317	2158.7127281712133
2162.4386353713153	0.5068414515594668	trials	210626SL	p61	Z11111	174	8.0	135.0	8	2162.5886353713154	2162.7954768228747
2162.868918390929	0.49684138138172784	trials	210626SL	p61	Z11111	96	5.0	270.0	4	2163.0189183909292	2163.215759772311
2163.289201340365	0.5268815921958776	trials	210626SL	p61	Z11111	323	7.0	225.0	12	2163.439201340365	2163.6660829325606
2163.739524500615	0.4968413813812731	trials	210626SL	p61	Z11111	99	8.0	270.0	4	2163.889524500615	2164.0863658819962
2164.1398073096952	0.5268415919149447	trials	210626SL	p61	Z11111	156	5.0	90.0	8	2164.2898073096953	2164.51664890161
2164.5900904696646	0.4968413813812731	trials	210626SL	p61	Z11111	40	9.0	90.0	4	2164.7400904696647	2164.9369318510458
2164.9903732787448	0.4968413813812731	trials	210626SL	p61	Z11111	217	6.0	270.0	8	2165.140373278745	2165.337214660126
2165.4106562281804	0.4968413813812731	trials	210626SL	p61	Z11111	325	9.0	225.0	12	2165.5606562281805	2165.7574976095616
2169.413364318138	0.5268815921963323	trials	210626SL	p61	Z11111	322	6.0	225.0	12	2169.563364318138	2169.7902459103343
2169.8536874082106	0.5068414515590121	trials	210626SL	p61	Z11111	249	8.0	0.0	12	2170.0036874082107	2170.2105288597695
2170.293970498002	0.4968413813812731	trials	210626SL	p61	Z11111	34	3.0	90.0	4	2170.4439704980023	2170.6408118793834
2170.714253447438	0.4968413813812731	trials	210626SL	p61	Z11111	276	5.0	90.0	12	2170.864253447438	2171.061094828819
2171.114536256518	0.4968413813812731	trials	210626SL	p61	Z11111	0			0	2171.264536256518	2171.461377637899
2171.5448192761314	0.49684138138172784	trials	210626SL	p61	Z11111	292	6.0	135.0	12	2171.6948192761315	2171.891660657513
2171.9451020852116	0.5368816623736166	trials	210626SL	p61	Z11111	87	11.0	225.0	4	2172.0951020852117	2172.331983747585
2172.4054253156396	0.4968413813812731	trials	210626SL	p61	Z11111	159	8.0	90.0	8	2172.5554253156397	2172.752266697021
2176.388133265242	0.5268415919149447	trials	210626SL	p61	Z11111	196	0.0	225.0	8	2176.538133265242	2176.7649748571566
2176.818416284855	0.5268815921958776	trials	210626SL	p61	Z11111	81	5.0	225.0	4	2176.9684162848553	2177.195297877051
2177.248699304469	0.4968413813812731	trials	210626SL	p61	Z11111	129	8.0	0.0	8	2177.398699304469	2177.59554068585
2177.648982113549	0.5368816623736166	trials	210626SL	p61	Z11111	296	10.0	135.0	12	2177.7989821135493	2178.0358637759227
2178.099305273799	0.5068414515594668	trials	210626SL	p61	Z11111	13	12.0	0.0	4	2178.249305273799	2178.4561467253584
2178.5395883635906	0.49684138138172784	trials	210626SL	p61	Z11111	52	6.0	135.0	4	2178.6895883635907	2178.8864297449722
2178.939871172671	0.5268415919149447	trials	210626SL	p61	Z11111	62	1.0	180.0	4	2179.089871172671	2179.3167127645856
2179.3901943329206	0.49680138110079497	trials	210626SL	p61	Z11111	349	3.0	315.0	12	2179.5401943329207	2179.7369957140213
2183.272821580183	0.516841521736751	trials	210626SL	p61	Z11111	170	4.0	135.0	8	2183.422821580183	2183.6396631019197
2183.7031045997965	0.4968413813812731	trials	210626SL	p61	Z11111	137	1.0	45.0	8	2183.8531045997966	2184.0499459811776
2184.1133874790544	0.5268415919149447	trials	210626SL	p61	Z11111	66	5.0	180.0	4	2184.2633874790545	2184.4902290709692
2184.543670498668	0.49684138138172784	trials	210626SL	p61	Z11111	204	8.0	225.0	8	2184.693670498668	2184.8905118800494
2184.943953307748	0.5268415919153995	trials	210626SL	p61	Z11111	273	2.0	90.0	12	2185.093953307748	2185.3207948996633
2185.3942364677173	0.5268815921958776	trials	210626SL	p61	Z11111	294	8.0	135.0	12	2185.5442364677174	2185.771118059913
2185.8445596279676	0.4968413813812731	trials	210626SL	p61	Z11111	191	10.0	180.0	8	2185.9945596279676	2186.1914010093487
2186.2548425072255	0.5268415919149447	trials	210626SL	p61	Z11111	76	0.0	225.0	4	2186.4048425072256	2186.6316840991403
2190.1875101056576	0.5068414515594668	trials	210626SL	p61	Z11111	308	7.0	180.0	12	2190.3375101056577	2190.544351557217
2190.6177931252714	0.4968413813812731	trials	210626SL	p61	Z11111	299	13.0	135.0	12	2190.7677931252715	2190.9646345066526
2191.018075934351	0.5268815921958776	trials	210626SL	p61	Z11111	312	11.0	180.0	12	2191.1680759343512	2191.394957526547
2191.4683990946014	0.4968413813812731	trials	210626SL	p61	Z11111	75	14.0	180.0	4	2191.6183990946015	2191.8152404759826
2191.8686419034007	0.5268815921958776	trials	210626SL	p61	Z11111	128	7.0	0.0	8	2192.0186419034007	2192.2455234955964
2192.3189650636505	0.49684138138172784	trials	210626SL	p61	Z11111	70	9.0	180.0	4	2192.4689650636506	2192.665806445032
2192.7292479429084	0.5168415217376605	trials	210626SL	p61	Z11111	48	2.0	135.0	4	2192.8792479429085	2193.096089464646
2193.1695310327	0.49684138138172784	trials	210626SL	p61	Z11111	55	9.0	135.0	4	2193.3195310327	2193.5163724140816
2197.042198210065	0.5268415919149447	trials	210626SL	p61	Z11111	332	1.0	270.0	12	2197.1921982100653	2197.41903980198
2197.4724812296786	0.4968413813812731	trials	210626SL	p61	Z11111	250	9.0	0.0	12	2197.6224812296787	2197.8193226110598
2197.902764249292	0.5368816623740713	trials	210626SL	p61	Z11111	200	4.0	225.0	8	2198.052764249292	2198.289645911666
2198.3430473390836	0.5268815921963323	trials	210626SL	p61	Z11111	106	0.0	315.0	4	2198.4930473390837	2198.71992893128
2198.7733703589784	0.5068414515590121	trials	210626SL	p61	Z11111	60	14.0	135.0	4	2198.9233703589784	2199.1302118105373
2199.2136534487695	0.49684138138172784	trials	210626SL	p61	Z11111	270	14.0	45.0	12	2199.3636534487696	2199.560494830151
2199.6439364683833	0.4968413813812731	trials	210626SL	p61	Z11111	139	3.0	45.0	8	2199.7939364683834	2199.9907778497645
2200.0442192774635	0.5368816623736166	trials	210626SL	p61	Z11111	54	8.0	135.0	4	2200.1942192774636	2200.431100939837
2206.2284226765846	0.5168415217372058	trials	210626SL	p61	Z11111	162	11.0	90.0	8	2206.3784226765847	2206.5952641983217
2206.668705766376	0.4968413813812731	trials	210626SL	p61	Z11111	300	14.0	135.0	12	2206.8187057663763	2207.0155471477574
2207.068988575456	0.5368816623740713	trials	210626SL	p61	Z11111	56	10.0	135.0	4	2207.218988575456	2207.45587023783
2207.519311735706	0.5068414515594668	trials	210626SL	p61	Z11111	52	6.0	135.0	4	2207.6693117357063	2207.8761531872656
2207.929594614964	0.5268415919149447	trials	210626SL	p61	Z11111	119	13.0	315.0	4	2208.079594614964	2208.306436206879
2210.441292241401	0.5168415217372058	trials	210626SL	p61	Z11111	3	2.0	0.0	4	2210.591292241401	2210.808133763138
2210.8815753311924	0.4968413813812731	trials	210626SL	p61	Z11111	309	8.0	180.0	12	2211.0315753311925	2211.2284167125736
2211.2818581402726	0.5368816623736166	trials	210626SL	p61	Z11111	33	2.0	90.0	4	2211.4318581402727	2211.668739802646
2211.7421813707	0.49684138138172784	trials	210626SL	p61	Z11111	178	12.0	135.0	8	2211.8921813707	2212.0890227520817
2212.172464390314	0.49684138138172784	trials	210626SL	p61	Z11111	244	3.0	0.0	12	2212.322464390314	2212.5193057716956
2212.5927473397496	0.49684138138172784	trials	210626SL	p61	Z11111	156	5.0	90.0	8	2212.7427473397497	2212.9395887211313
2212.99303014883	0.5268415919149447	trials	210626SL	p61	Z11111	44	13.0	90.0	4	2213.14303014883	2213.3698717407447
2215.824970022643	0.5068414515590121	trials	210626SL	p61	Z11111	203	7.0	225.0	8	2215.974970022643	2216.181811474202
2216.2552530422563	0.5268415919153995	trials	210626SL	p61	Z11111	67	6.0	180.0	4	2216.4052530422564	2216.6320946341716
2216.7055362022256	0.49684138138172784	trials	210626SL	p61	Z11111	330	14.0	225.0	12	2216.8555362022257	2217.0523775836073
2217.105819011306	0.4968413813812731	trials	210626SL	p61	Z11111	65	4.0	180.0	4	2217.255819011306	2217.452660392687
2217.546142101378	0.5268415919153995	trials	210626SL	p61	Z11111	64	3.0	180.0	4	2217.696142101378	2217.922983693293
2217.9764251209917	0.4968413813812731	trials	210626SL	p61	Z11111	273	2.0	90.0	12	2218.126425120992	2218.323266502373
2218.3767079300715	0.4968013811012497	trials	210626SL	p61	Z11111	25	9.0	45.0	4	2218.5267079300716	2218.7235093111726
2218.8069909496853	0.5068414515594668	trials	210626SL	p61	Z11111	89	13.0	225.0	4	2218.9569909496854	2219.1638324012447
2222.5294970732593	0.5068414515590121	trials	210626SL	p61	Z11111	189	8.0	180.0	8	2222.6794970732594	2222.8863385248183
2222.9598200931537	0.4968413813812731	trials	210626SL	p61	Z11111	195	14.0	180.0	8	2223.1098200931538	2223.306661474535
2223.360062901953	0.4968413813812731	trials	210626SL	p61	Z11111	122	1.0	0.0	8	2223.510062901953	2223.706904283334
2223.7903859218472	0.5068414515594668	trials	210626SL	p61	Z11111	182	1.0	180.0	8	2223.9403859218473	2224.1472273734066
2224.200668801105	0.5268415919149447	trials	210626SL	p61	Z11111	220	9.0	270.0	8	2224.3506688011053	2224.57751039302
2224.6509519610745	0.49684138138172784	trials	210626SL	p61	Z11111	271	0.0	90.0	12	2224.8009519610746	2224.997793342456
2225.0512347701547	0.5268415919149447	trials	210626SL	p61	Z11111	302	1.0	180.0	12	2225.2012347701548	2225.4280763620695
2225.5015579304045	0.4968013811012497	trials	210626SL	p61	Z11111	357	11.0	315.0	12	2225.6515579304046	2225.8483593115056
2229.3741851074888	0.5068414515594668	trials	210626SL	p61	Z11111	235	9.0	315.0	8	2229.524185107489	2229.731026559048
2229.784427986466	0.5268815921954229	trials	210626SL	p61	Z11111	193	12.0	180.0	8	2229.9344279864663	2230.1613095786615
2230.234751146716	0.49684138138172784	trials	210626SL	p61	Z11111	161	10.0	90.0	8	2230.384751146716	2230.5815925280976
2230.66503416633	0.5068414515594668	trials	210626SL	p61	Z11111	213	2.0	270.0	8	2230.81503416633	2231.0218756178892
2231.105357256402	0.49684138138172784	trials	210626SL	p61	Z11111	282	11.0	90.0	12	2231.255357256402	2231.4521986377836
2231.505600065201	0.5268815921958776	trials	210626SL	p61	Z11111	74	13.0	180.0	4	2231.6556000652013	2231.882481657397
2231.9459231552737	0.5268415919149447	trials	210626SL	p61	Z11111	345	14.0	270.0	12	2232.095923155274	2232.3227647471886
2232.3862062450653	0.5068414515590121	trials	210626SL	p61	Z11111	34	3.0	90.0	4	2232.5362062450654	2232.743047696624
2236.2288332116154	0.5068414515594668	trials	210626SL	p61	Z11111	360	14.0	315.0	12	2236.3788332116155	2236.585674663175
2236.6391160908734	0.5068414515594668	trials	210626SL	p61	Z11111	46	0.0	135.0	4	2236.7891160908734	2236.9959575424327
2237.069399110487	0.5068414515590121	trials	210626SL	p61	Z11111	243	2.0	0.0	12	2237.2193991104873	2237.426240562046
2239.4210156135164	0.5068414515594668	trials	210626SL	p61	Z11111	50	4.0	135.0	4	2239.5710156135165	2239.7778570650758
2239.85129863313	0.4968413813812731	trials	210626SL	p61	Z11111	350	4.0	315.0	12	2240.0012986331303	2240.1981400145114
2240.2815816527436	0.5068414515594668	trials	210626SL	p61	Z11111	1	0.0	0.0	4	2240.4315816527437	2240.638423104303
2240.721864742535	0.4968413813812731	trials	210626SL	p61	Z11111	283	12.0	90.0	12	2240.8718647425353	2241.0687061239164
2241.142187692252	0.4968413813812731	trials	210626SL	p61	Z11111	17	1.0	45.0	4	2241.292187692252	2241.489029073633
2241.542430501051	0.5268815921958776	trials	210626SL	p61	Z11111	138	2.0	45.0	8	2241.692430501051	2241.919312093247
2241.9727535209454	0.5368416620931384	trials	210626SL	p61	Z11111	206	10.0	225.0	8	2242.1227535209455	2242.3595951830384
2245.9754616109035	0.5068414515594668	trials	210626SL	p61	Z11111	298	12.0	135.0	12	2246.1254616109036	2246.332303062463
2246.3857444901614	0.5068414515590121	trials	210626SL	p61	Z11111	61	0.0	180.0	4	2246.5357444901615	2246.7425859417203
2246.826027579953	0.4968413813812731	trials	210626SL	p61	Z11111	240	14.0	315.0	8	2246.976027579953	2247.172868961334
2247.2263103890327	0.49684138138172784	trials	210626SL	p61	Z11111	130	9.0	0.0	8	2247.376310389033	2247.5731517704144
2247.6565934086466	0.5068414515590121	trials	210626SL	p61	Z11111	343	12.0	270.0	12	2247.8065934086467	2248.0134348602055
2248.0668762879045	0.5268815921954229	trials	210626SL	p61	Z11111	264	8.0	45.0	12	2248.2168762879046	2248.4437578801
2248.497159307518	0.4968413813812731	trials	210626SL	p61	Z11111	78	2.0	225.0	4	2248.647159307518	2248.844000688899
2248.907442186776	0.5168815220181386	trials	210626SL	p61	Z11111	160	9.0	90.0	8	2249.057442186776	2249.274323708794
2252.7901094343188	0.5168415217372058	trials	210626SL	p61	Z11111	255	14.0	0.0	12	2252.940109434319	2253.156950956056
2253.2103923837544	0.49684138138172784	trials	210626SL	p61	Z11111	237	11.0	315.0	8	2253.3603923837545	2253.557233765136
2253.6206752630123	0.5268415919149447	trials	210626SL	p61	Z11111	145	9.0	45.0	8	2253.7706752630124	2253.997516854927
2254.0709584229817	0.4968413813812731	trials	210626SL	p61	Z11111	252	11.0	0.0	12	2254.2209584229818	2254.417799804363
2254.501241442595	0.49684138138172784	trials	210626SL	p61	Z11111	190	9.0	180.0	8	2254.651241442595	2254.8480828239767
2254.9015242516753	0.49684138138172784	trials	210626SL	p61	Z11111	99	8.0	270.0	4	2255.0515242516753	2255.248365633057
2255.3018070607554	0.5368416620931384	trials	210626SL	p61	Z11111	325	9.0	225.0	12	2255.4518070607555	2255.6886487228485
2255.7520902207248	0.5068814518399449	trials	210626SL	p61	Z11111	287	1.0	135.0	12	2255.902090220725	2256.1089716725646
2259.554676906283	0.5268815921958776	trials	210626SL	p61	Z11111	127	6.0	0.0	8	2259.704676906283	2259.931558498479
2260.0050000665333	0.4968413813812731	trials	210626SL	p61	Z11111	218	7.0	270.0	8	2260.1550000665334	2260.3518414479145
2260.405282875613	0.5368416620931384	trials	210626SL	p61	Z11111	238	12.0	315.0	8	2260.555282875613	2260.792124537706
2260.8555660355823	0.49684138138172784	trials	210626SL	p61	Z11111	0			0	2261.0055660355824	2261.202407416964
2261.2658489148403	0.5268815921958776	trials	210626SL	p61	Z11111	58	12.0	135.0	4	2261.4158489148404	2261.642730507036
2261.706172004913	0.5068414515590121	trials	210626SL	p61	Z11111	344	13.0	270.0	12	2261.856172004913	2262.0630134564717
2262.1164548841707	0.5268415919149447	trials	210626SL	p61	Z11111	28	12.0	45.0	4	2262.266454884171	2262.4932964760856
2262.56673804414	0.4968413813812731	trials	210626SL	p61	Z11111	177	11.0	135.0	8	2262.71673804414	2262.913579425521
2266.569446134098	0.5268815921954229	trials	210626SL	p61	Z11111	173	7.0	135.0	8	2266.7194461340982	2266.9463277262935
2267.00976922417	0.4968413813812731	trials	210626SL	p61	Z11111	98	7.0	270.0	4	2267.1597692241703	2267.3566106055514
2267.420052103428	0.5268415919149447	trials	210626SL	p61	Z11111	227	1.0	315.0	8	2267.570052103428	2267.796893695343
2267.850335123042	0.5268415919149447	trials	210626SL	p61	Z11111	323	7.0	225.0	12	2268.000335123042	2268.227176714957
2268.300658283292	0.49684138138172784	trials	210626SL	p61	Z11111	337	6.0	270.0	12	2268.450658283292	2268.6474996646734
2268.700901092091	0.49684138138172784	trials	210626SL	p61	Z11111	49	3.0	135.0	4	2268.850901092091	2269.0477424734727
2269.1312241119854	0.5068414515594668	trials	210626SL	p61	Z11111	184	3.0	180.0	8	2269.2812241119855	2269.4880655635448
2269.571507201777	0.4968413813812731	trials	210626SL	p61	Z11111	342	11.0	270.0	12	2269.721507201777	2269.918348583158
2273.564215221557	0.5068414515594668	trials	210626SL	p61	Z11111	90	14.0	225.0	4	2273.714215221557	2273.9210566731163
2273.984498170993	0.4968413813812731	trials	210626SL	p61	Z11111	103	12.0	270.0	4	2274.134498170993	2274.331339552374
2284.0813690281907	0.5068414515594668	trials	210626SL	p61	Z11111	251	10.0	0.0	12	2284.231369028191	2284.43821047975
2284.511652047804	0.4968413813812731	trials	210626SL	p61	Z11111	209	13.0	225.0	8	2284.661652047804	2284.8584934291853
2284.9119348568843	0.5268815921958776	trials	210626SL	p61	Z11111	108	2.0	315.0	4	2285.0619348568844	2285.28881644908
2285.3422178764977	0.49684138138172784	trials	210626SL	p61	Z11111	133	12.0	0.0	8	2285.4922178764978	2285.6890592578793
2285.78254096657	0.4968413813812731	trials	210626SL	p61	Z11111	153	2.0	90.0	8	2285.9325409665703	2286.1293823479514
2286.192823845828	0.4968413813812731	trials	210626SL	p61	Z11111	288	2.0	135.0	12	2286.342823845828	2286.5396652272093
2286.603106725086	0.4968413813812731	trials	210626SL	p61	Z11111	155	4.0	90.0	8	2286.753106725086	2286.949948106467
2287.0033495338853	0.5268815921958776	trials	210626SL	p61	Z11111	311	10.0	180.0	12	2287.1533495338854	2287.380231126081
2291.056137975294	0.5068414515594668	trials	210626SL	p61	Z11111	87	11.0	225.0	4	2291.206137975294	2291.4129794268533
2291.4663808542714	0.5268815921954229	trials	210626SL	p61	Z11111	53	7.0	135.0	4	2291.6163808542715	2291.8432624464667
2291.916704014521	0.49684138138172784	trials	210626SL	p61	Z11111	159	8.0	90.0	8	2292.0667040145213	2292.263545395903
2292.3169868236014	0.5268415919149447	trials	210626SL	p61	Z11111	231	5.0	315.0	8	2292.4669868236015	2292.6938284155162
2292.7672699835707	0.4968413813812731	trials	210626SL	p61	Z11111	158	7.0	90.0	8	2292.917269983571	2293.114111364952
2293.1675527926504	0.49684138138172784	trials	210626SL	p61	Z11111	36	5.0	90.0	4	2293.3175527926505	2293.514394174032
2293.607835882442	0.49684138138172784	trials	210626SL	p61	Z11111	43	12.0	90.0	4	2293.757835882442	2293.9546772638237
2294.008118691522	0.4968413813812731	trials	210626SL	p61	Z11111	179	13.0	135.0	8	2294.1581186915223	2294.3549600729034
2297.9307862197766	0.5168815220176839	trials	210626SL	p61	Z11111	205	9.0	225.0	8	2298.0807862197767	2298.297667741794
2298.3711093098486	0.49684138138172784	trials	210626SL	p61	Z11111	124	3.0	0.0	8	2298.5211093098487	2298.7179506912303
2298.771352118648	0.5368816623740713	trials	210626SL	p61	Z11111	285	14.0	90.0	12	2298.921352118648	2299.158233781022
2299.221675278898	0.4968413813812731	trials	210626SL	p61	Z11111	279	8.0	90.0	12	2299.3716752788982	2299.5685166602793
2299.631958158156	0.5268415919149447	trials	210626SL	p61	Z11111	4	3.0	0.0	4	2299.781958158156	2300.008799750071
2300.0722412479477	0.5068414515590121	trials	210626SL	p61	Z11111	318	2.0	225.0	12	2300.2222412479477	2300.4290826995066
2300.4925241973833	0.4968413813812731	trials	210626SL	p61	Z11111	253	12.0	0.0	12	2300.6425241973834	2300.8393655787645
2300.9028070766412	0.5268815921958776	trials	210626SL	p61	Z11111	313	12.0	180.0	12	2301.0528070766413	2301.279688668837
2304.785474324184	0.5068414515590121	trials	210626SL	p61	Z11111	165	14.0	90.0	8	2304.9354743241843	2305.142315775743
2305.2157573437976	0.4968413813812731	trials	210626SL	p61	Z11111	310	9.0	180.0	12	2305.3657573437977	2305.5625987251788
2305.646040363411	0.49684138138172784	trials	210626SL	p61	Z11111	207	11.0	225.0	8	2305.796040363411	2305.9928817447926
2306.046323172491	0.49684138138172784	trials	210626SL	p61	Z11111	18	2.0	45.0	4	2306.1963231724912	2306.393164553873
2306.4666061219273	0.4968413813812731	trials	210626SL	p61	Z11111	294	8.0	135.0	12	2306.6166061219274	2306.8134475033085
2306.866888931007	0.5268415919149447	trials	210626SL	p61	Z11111	174	8.0	135.0	8	2307.016888931007	2307.243730522922
2307.3071720207986	0.4968413813812731	trials	210626SL	p61	Z11111	82	6.0	225.0	4	2307.4571720207987	2307.6540134021798
2307.737455040412	0.49684138138172784	trials	210626SL	p61	Z11111	359	13.0	315.0	12	2307.887455040412	2308.0842964217936
2319.1652552377236	0.5268415919149447	trials	210626SL	p61	Z11111	340	9.0	270.0	12	2319.3152552377237	2319.5420968296385
2319.6155383976934	0.4968413813812731	trials	210626SL	p61	Z11111	0			0	2319.7655383976935	2319.9623797790746
2320.045821417307	0.4968413813812731	trials	210626SL	p61	Z11111	335	4.0	270.0	12	2320.195821417307	2320.392662798688
2320.4461042263865	0.5068414515594668	trials	210626SL	p61	Z11111	91	0.0	270.0	4	2320.5961042263866	2320.802945677946
2320.886427316459	0.4968413813812731	trials	210626SL	p61	Z11111	187	6.0	180.0	8	2321.036427316459	2321.2332686978402
2321.2866701252583	0.4968413813812731	trials	210626SL	p61	Z11111	263	7.0	45.0	12	2321.4366701252584	2321.6335115066395
2321.7169931451526	0.5368416620931384	trials	210626SL	p61	Z11111	88	12.0	225.0	4	2321.8669931451527	2322.1038348072457
2324.2486909119452	0.5268815921958776	trials	210626SL	p61	Z11111	224	13.0	270.0	8	2324.3986909119453	2324.625572504141
2324.699014072195	0.49684138138172784	trials	210626SL	p61	Z11111	183	2.0	180.0	8	2324.849014072195	2325.0458554535767
2325.129297091809	0.49684138138172784	trials	210626SL	p61	Z11111	306	5.0	180.0	12	2325.279297091809	2325.4761384731905
2325.5495800412446	0.4968413813812731	trials	210626SL	p61	Z11111	232	6.0	315.0	8	2325.6995800412446	2325.8964214226257
2325.9498628503247	0.5268415919149447	trials	210626SL	p61	Z11111	351	5.0	315.0	12	2326.099862850325	2326.3267044422396
2326.400146010294	0.4968413813812731	trials	210626SL	p61	Z11111	317	1.0	225.0	12	2326.550146010294	2326.7469873916752
2326.8204289597297	0.49684138138172784	trials	210626SL	p61	Z11111	248	7.0	0.0	12	2326.97042895973	2327.1672703411114
2327.22071176881	0.5368816623736166	trials	210626SL	p61	Z11111	84	8.0	225.0	4	2327.37071176881	2327.6075934311834
2331.21341978859	0.5068414515594668	trials	210626SL	p61	Z11111	45	14.0	90.0	4	2331.36341978859	2331.570261240149
2331.6337027380255	0.5068814518403997	trials	210626SL	p61	Z11111	199	3.0	225.0	8	2331.7837027380256	2331.990584189866
2332.074025828098	0.4968413813812731	trials	210626SL	p61	Z11111	225	14.0	270.0	8	2332.224025828098	2332.420867209479
2332.5043088477114	0.49684138138172784	trials	210626SL	p61	Z11111	303	2.0	180.0	12	2332.6543088477115	2332.851150229093
2332.9145917269693	0.5268415919153995	trials	210626SL	p61	Z11111	26	10.0	45.0	4	2333.0645917269694	2333.2914333188846
2333.354874816761	0.5068814518399449	trials	210626SL	p61	Z11111	117	11.0	315.0	4	2333.504874816761	2333.7117562686008
2333.765157696019	0.5268815921958776	trials	210626SL	p61	Z11111	9	8.0	0.0	4	2333.915157696019	2334.1420392882146
2336.296895463092	0.5168415217372058	trials	210626SL	p61	Z11111	211	0.0	270.0	8	2336.446895463092	2336.663736984829
2336.7371785528835	0.49684138138172784	trials	210626SL	p61	Z11111	223	12.0	270.0	8	2336.8871785528836	2337.084019934265
2337.1374613619637	0.5368816623736166	trials	210626SL	p61	Z11111	27	11.0	45.0	4	2337.287461361964	2337.524343024337
2337.577744451755	0.5268815921963323	trials	210626SL	p61	Z11111	66	5.0	180.0	4	2337.727744451755	2337.954626043951
2338.028067612005	0.49684138138172784	trials	210626SL	p61	Z11111	339	8.0	270.0	12	2338.178067612005	2338.3749089933867
2338.458350631619	0.4968413813812731	trials	210626SL	p61	Z11111	148	12.0	45.0	8	2338.608350631619	2338.805192013
2338.8686335108764	0.5268815921963323	trials	210626SL	p61	Z11111	63	2.0	180.0	4	2339.0186335108765	2339.2455151030726
2339.328956741305	0.4968413813812731	trials	210626SL	p61	Z11111	327	11.0	225.0	12	2339.478956741305	2339.675798122686
2343.2015839183887	0.5168415217376605	trials	210626SL	p61	Z11111	289	3.0	135.0	12	2343.3515839183888	2343.5684254401262
2343.641907008461	0.5368416620926837	trials	210626SL	p61	Z11111	51	5.0	135.0	4	2343.7919070084613	2344.028748670554
2344.0921901684305	0.5068414515594668	trials	210626SL	p61	Z11111	233	7.0	315.0	8	2344.2421901684306	2344.44903161999
2344.5024730476885	0.5268415919149447	trials	210626SL	p61	Z11111	267	11.0	45.0	12	2344.6524730476885	2344.8793146396033
2344.9527962079383	0.4968013811012497	trials	210626SL	p61	Z11111	349	3.0	315.0	12	2345.1027962079384	2345.2995975890394
2345.383079227552	0.4968413813812731	trials	210626SL	p61	Z11111	123	2.0	0.0	8	2345.533079227552	2345.7299206089333
2345.7833620366323	0.5068414515594668	trials	210626SL	p61	Z11111	358	12.0	315.0	12	2345.9333620366324	2346.1402034881917
2346.223645126424	0.5268415919149447	trials	210626SL	p61	Z11111	319	3.0	225.0	12	2346.373645126424	2346.6004867183387
2350.08627223333	0.5168415217372058	trials	210626SL	p61	Z11111	354	8.0	315.0	12	2350.23627223333	2350.453113755067
2350.5365953935802	0.49680138110079497	trials	210626SL	p61	Z11111	107	1.0	315.0	4	2350.6865953935803	2350.883396774681
2350.9668784131936	0.49684138138172784	trials	210626SL	p61	Z11111	265	9.0	45.0	12	2351.1168784131937	2351.3137197945753
2351.3871613626293	0.49684138138172784	trials	210626SL	p61	Z11111	39	8.0	90.0	4	2351.5371613626294	2351.734002744011
2351.7874441717095	0.49684138138172784	trials	210626SL	p61	Z11111	239	13.0	315.0	8	2351.9374441717096	2352.134285553091
2352.227727261501	0.4968413813812731	trials	210626SL	p61	Z11111	37	6.0	90.0	4	2352.377727261501	2352.5745686428822
2352.628010070581	0.5268415919153995	trials	210626SL	p61	Z11111	22	6.0	45.0	4	2352.778010070581	2353.004851662496
2353.07829323055	0.49684138138172784	trials	210626SL	p61	Z11111	95	4.0	270.0	4	2353.22829323055	2353.4251346119318
2356.960960478093	0.5268415919153995	trials	210626SL	p61	Z11111	12	11.0	0.0	4	2357.110960478093	2357.3378020700084
2357.391243497707	0.5068414515594668	trials	210626SL	p61	Z11111	197	1.0	225.0	8	2357.541243497707	2357.7480849492663
2357.8315265874985	0.4968413813812731	trials	210626SL	p61	Z11111	105	14.0	270.0	4	2357.9815265874986	2358.1783679688797
2358.2318093965782	0.5268415919149447	trials	210626SL	p61	Z11111	80	4.0	225.0	4	2358.3818093965783	2358.608650988493
2358.6821325568285	0.49684138138172784	trials	210626SL	p61	Z11111	29	13.0	45.0	4	2358.8321325568286	2359.02897393821
2359.102415506264	0.4968413813812731	trials	210626SL	p61	Z11111	338	7.0	270.0	12	2359.2524155062642	2359.4492568876453
2359.5026583150634	0.5268815921958776	trials	210626SL	p61	Z11111	146	10.0	45.0	8	2359.6526583150635	2359.879539907259
2359.9529814753137	0.4968413813812731	trials	210626SL	p61	Z11111	333	2.0	270.0	12	2360.1029814753138	2360.299822856695
2363.7255279500578	0.5068814518399449	trials	210626SL	p61	Z11111	296	10.0	135.0	12	2363.875527950058	2364.0824094018976
2364.1458508997744	0.4968013811003402	trials	210626SL	p61	Z11111	215	4.0	270.0	8	2364.2958508997745	2364.4926522808746
2364.5560937787513	0.5268815921958776	trials	210626SL	p61	Z11111	304	3.0	180.0	12	2364.7060937787514	2364.932975370947
2365.006416939001	0.49684138138172784	trials	210626SL	p61	Z11111	135	14.0	0.0	8	2365.1564169390012	2365.353258320383
2365.436699958615	0.49684138138172784	trials	210626SL	p61	Z11111	230	4.0	315.0	8	2365.586699958615	2365.7835413399966
2365.836982767695	0.5368816623736166	trials	210626SL	p61	Z11111	180	14.0	135.0	8	2365.9869827676953	2366.2238644300687
2366.287305927945	0.5368416620931384	trials	210626SL	p61	Z11111	40	9.0	90.0	4	2366.437305927945	2366.674147590038
2366.7375890879143	0.5068414515594668	trials	210626SL	p61	Z11111	79	3.0	225.0	4	2366.8875890879144	2367.0944305394737
2374.913166461977	0.5168415217372058	trials	210626SL	p61	Z11111	13	12.0	0.0	4	2375.0631664619773	2375.2800079837143
2375.353449551769	0.49684138138172784	trials	210626SL	p61	Z11111	295	9.0	135.0	12	2375.503449551769	2375.7002909331504
2375.753732360849	0.5068414515590121	trials	210626SL	p61	Z11111	291	5.0	135.0	12	2375.903732360849	2376.110573812408
2376.1940154506406	0.4968413813812731	trials	210626SL	p61	Z11111	353	7.0	315.0	12	2376.3440154506407	2376.5408568320217
2376.5942982597203	0.5268415919149447	trials	210626SL	p61	Z11111	269	13.0	45.0	12	2376.7442982597204	2376.971139851635
2377.024581279334	0.5068414515594668	trials	210626SL	p61	Z11111	0			0	2377.1745812793342	2377.3814227308935
2377.464904369406	0.4968413813812731	trials	210626SL	p61	Z11111	315	14.0	180.0	12	2377.6149043694063	2377.8117457507874
2377.8951873890196	0.49684138138172784	trials	210626SL	p61	Z11111	277	6.0	90.0	12	2378.0451873890197	2378.2420287704012
2385.5003607601366	0.5068414515594668	trials	210626SL	p61	Z11111	314	13.0	180.0	12	2385.6503607601367	2385.857202211696
2385.9206437095722	0.5068414515594668	trials	210626SL	p61	Z11111	147	11.0	45.0	8	2386.0706437095723	2386.2774851611316
2386.33092658883	0.5268415919153995	trials	210626SL	p61	Z11111	280	9.0	90.0	12	2386.4809265888302	2386.7077681807455
2386.7812097487995	0.49684138138172784	trials	210626SL	p61	Z11111	121	0.0	0.0	8	2386.9312097487996	2387.128051130181
2387.1814925578797	0.4968413813812731	trials	210626SL	p61	Z11111	247	6.0	0.0	12	2387.3314925578798	2387.528333939261
2387.611775577493	0.49684138138172784	trials	210626SL	p61	Z11111	202	6.0	225.0	8	2387.761775577493	2387.9586169588747
2388.022058456751	0.5268815921963323	trials	210626SL	p61	Z11111	152	1.0	90.0	8	2388.172058456751	2388.398940048947
2388.4523814766458	0.4968413813812731	trials	210626SL	p61	Z11111	166	0.0	135.0	8	2388.602381476646	2388.799222858027
2392.5751704092995	0.5168415217372058	trials	210626SL	p61	Z11111	175	9.0	135.0	8	2392.7251704092996	2392.9420119310366
2392.995453358735	0.5068414515594668	trials	210626SL	p61	Z11111	0			0	2393.1454533587353	2393.3522948102946
2393.405736237993	0.5268415919149447	trials	210626SL	p61	Z11111	172	6.0	135.0	8	2393.555736237993	2393.782577829908
2393.8560593982434	0.49680138110079497	trials	210626SL	p61	Z11111	268	12.0	45.0	12	2394.0060593982435	2394.202860779344
2394.2563022070426	0.5268815921958776	trials	210626SL	p61	Z11111	254	13.0	0.0	12	2394.4063022070427	2394.6331837992384
2394.7066253672924	0.5268415919153995	trials	210626SL	p61	Z11111	192	11.0	180.0	8	2394.8566253672925	2395.0834669592077
2395.146908457084	0.5268815921958776	trials	210626SL	p61	Z11111	169	3.0	135.0	8	2395.296908457084	2395.52379004928
2395.587231547156	0.5068414515594668	trials	210626SL	p61	Z11111	219	8.0	270.0	8	2395.737231547156	2395.9440729987155
2399.5098990754104	0.5268415919153995	trials	210626SL	p61	Z11111	8	7.0	0.0	4	2399.6598990754105	2399.8867406673257
2399.9601822353798	0.49684138138172784	trials	210626SL	p61	Z11111	186	5.0	180.0	8	2400.11018223538	2400.3070236167614
2400.3904652549936	0.49684138138172784	trials	210626SL	p61	Z11111	62	1.0	180.0	4	2400.5404652549937	2400.7373066363753
2400.790748064074	0.4968413813812731	trials	210626SL	p61	Z11111	301	0.0	180.0	12	2400.940748064074	2401.137589445455
2401.231071154146	0.49684138138172784	trials	210626SL	p61	Z11111	334	3.0	270.0	12	2401.381071154146	2401.5779125355275
2401.631313962945	0.5268815921958776	trials	210626SL	p61	Z11111	234	8.0	315.0	8	2401.781313962945	2402.008195555141
2402.0816371231954	0.4968413813812731	trials	210626SL	p61	Z11111	131	10.0	0.0	8	2402.2316371231955	2402.4284785045766
2402.481919932275	0.5268415919153995	trials	210626SL	p61	Z11111	21	5.0	45.0	4	2402.631919932275	2402.8587615241904
2406.3545471093594	0.5168415217376605	trials	210626SL	p61	Z11111	77	1.0	225.0	4	2406.5045471093595	2406.721388631097
2406.794830199151	0.5068414515594668	trials	210626SL	p61	Z11111	23	7.0	45.0	4	2406.944830199151	2407.1516716507103
2407.205113078409	0.5268815921958776	trials	210626SL	p61	Z11111	249	8.0	0.0	12	2407.355113078409	2407.5819946706047
2407.655436238659	0.4968413813812731	trials	210626SL	p61	Z11111	346	0.0	315.0	12	2407.8054362386592	2408.0022776200403
2408.0657191179166	0.5068414515594668	trials	210626SL	p61	Z11111	210	14.0	225.0	8	2408.2157191179167	2408.422560569476
2408.4760019971745	0.5268415919153995	trials	210626SL	p61	Z11111	94	3.0	270.0	4	2408.6260019971746	2408.85284358909
2408.916285086966	0.5068414515594668	trials	210626SL	p61	Z11111	73	12.0	180.0	4	2409.066285086966	2409.2731265385255
2409.3565681767577	0.49684138138172784	trials	210626SL	p61	Z11111	109	3.0	315.0	4	2409.506568176758	2409.7034095581394
2413.2592355646566	0.5068414515590121	trials	210626SL	p61	Z11111	47	1.0	135.0	4	2413.4092355646567	2413.6160770162155
2413.6795185140923	0.5268815921958776	trials	210626SL	p61	Z11111	229	3.0	315.0	8	2413.8295185140923	2414.056400106288
2414.119801603884	0.5068814518399449	trials	210626SL	p61	Z11111	176	10.0	135.0	8	2414.269801603884	2414.4766830557237
2414.560124693956	0.49684138138172784	trials	210626SL	p61	Z11111	81	5.0	225.0	4	2414.710124693956	2414.9069660753376
2414.9904077135698	0.4968413813812731	trials	210626SL	p61	Z11111	284	13.0	90.0	12	2415.14040771357	2415.337249094951
2415.4006905928272	0.5268815921958776	trials	210626SL	p61	Z11111	305	4.0	180.0	12	2415.5506905928273	2415.777572185023
2415.830973612441	0.5268815921958776	trials	210626SL	p61	Z11111	272	1.0	90.0	12	2415.980973612441	2416.207855204637
2416.2812967726913	0.4968413813812731	trials	210626SL	p61	Z11111	274	3.0	90.0	12	2416.4312967726914	2416.6281381540725
2420.7843683740693	0.5068414515594668	trials	210626SL	p61	Z11111	257	1.0	45.0	12	2420.9343683740694	2421.1412098256287
2421.2146513936827	0.49684138138172784	trials	210626SL	p61	Z11111	6	5.0	0.0	4	2421.364651393683	2421.5614927750644
2421.614934202763	0.5268415919153995	trials	210626SL	p61	Z11111	142	6.0	45.0	8	2421.764934202763	2421.9917757946782
2422.0652173627323	0.49684138138172784	trials	210626SL	p61	Z11111	328	12.0	225.0	12	2422.2152173627323	2422.412058744114
2422.47550024199	0.5268815921958776	trials	210626SL	p61	Z11111	297	11.0	135.0	12	2422.6255002419903	2422.852381834186
2422.9158233320627	0.4968013811003402	trials	210626SL	p61	Z11111	111	5.0	315.0	4	2423.065823332063	2423.262624713163
2423.3361062814984	0.4968413813812731	trials	210626SL	p61	Z11111	15	14.0	0.0	4	2423.4861062814985	2423.6829476628795
2423.7363490902976	0.5368816623736166	trials	210626SL	p61	Z11111	57	11.0	135.0	4	2423.8863490902977	2424.123230752671
2428.1093397788018	0.5068414515594668	trials	210626SL	p61	Z11111	214	3.0	270.0	8	2428.259339778802	2428.466181230361
2428.5396227984156	0.49684138138172784	trials	210626SL	p61	Z11111	222	11.0	270.0	8	2428.6896227984157	2428.8864641797973
2428.939905607496	0.5368816623736166	trials	210626SL	p61	Z11111	347	1.0	315.0	12	2429.089905607496	2429.3267872698693
2429.3801886972874	0.5268815921954229	trials	210626SL	p61	Z11111	68	7.0	180.0	4	2429.5301886972875	2429.7570702894827
2429.810471716901	0.4968413813812731	trials	210626SL	p61	Z11111	115	9.0	315.0	4	2429.960471716901	2430.157313098282
2430.210754525981	0.5368816623736166	trials	210626SL	p61	Z11111	286	0.0	135.0	12	2430.360754525981	2430.5976361883545
2430.651077616053	0.5268415919149447	trials	210626SL	p61	Z11111	170	4.0	135.0	8	2430.801077616053	2431.027919207968
2431.1013607760224	0.4968413813812731	trials	210626SL	p61	Z11111	281	10.0	90.0	12	2431.2513607760225	2431.4482021574036
2435.534391885875	0.5268415919149447	trials	210626SL	p61	Z11111	11	10.0	0.0	4	2435.684391885875	2435.9112334777897
2435.9746749756664	0.5168815220181386	trials	210626SL	p61	Z11111	19	3.0	45.0	4	2436.1246749756665	2436.3415564976845
2436.4149980657385	0.4968413813812731	trials	210626SL	p61	Z11111	113	7.0	315.0	4	2436.5649980657386	2436.7618394471197
2436.8252809449964	0.5268415919149447	trials	210626SL	p61	Z11111	293	7.0	135.0	12	2436.9752809449965	2437.2021225369112
2437.2755641049657	0.49684138138172784	trials	210626SL	p61	Z11111	326	10.0	225.0	12	2437.425564104966	2437.6224054863474
2437.675846914046	0.5268415919149447	trials	210626SL	p61	Z11111	38	7.0	90.0	4	2437.825846914046	2438.0526885059608
2438.1261700742957	0.4968013811012497	trials	210626SL	p61	Z11111	5	4.0	0.0	4	2438.276170074296	2438.472971455397
2438.5564530939096	0.4968413813812731	trials	210626SL	p61	Z11111	14	13.0	0.0	4	2438.7064530939097	2438.9032944752907
2442.7492825180893	0.5168815220176839	trials	210626SL	p61	Z11111	154	3.0	90.0	8	2442.8992825180894	2443.116164040107
2443.179565537703	0.4968413813812731	trials	210626SL	p61	Z11111	217	6.0	270.0	8	2443.3295655377033	2443.5264069190844
2443.6098885575975	0.5268415919149447	trials	210626SL	p61	Z11111	221	10.0	270.0	8	2443.7598885575976	2443.9867301495124
2444.060171717567	0.4968413813812731	trials	210626SL	p61	Z11111	83	7.0	225.0	4	2444.210171717567	2444.407013098948
2444.4604545266466	0.5368816623736166	trials	210626SL	p61	Z11111	355	9.0	315.0	12	2444.6104545266467	2444.84733618902
2444.910777686897	0.49684138138172784	trials	210626SL	p61	Z11111	348	2.0	315.0	12	2445.060777686897	2445.2576190682785
2445.311020495696	0.49684138138172784	trials	210626SL	p61	Z11111	228	2.0	315.0	8	2445.461020495696	2445.6578618770777
2445.721303374954	0.5268815921958776	trials	210626SL	p61	Z11111	276	5.0	90.0	12	2445.871303374954	2446.09818496715
2449.93417293977	0.5268815921958776	trials	210626SL	p61	Z11111	245	4.0	0.0	12	2450.0841729397703	2450.311054531966
2450.3844961000204	0.49684138138172784	trials	210626SL	p61	Z11111	320	4.0	225.0	12	2450.5344961000205	2450.731337481402
2450.7847389088197	0.5268815921958776	trials	210626SL	p61	Z11111	41	10.0	90.0	4	2450.93473890882	2451.1616205010155
2451.2350620690695	0.49684138138172784	trials	210626SL	p61	Z11111	157	6.0	90.0	8	2451.3850620690696	2451.581903450451
2451.6353448781497	0.49684138138172784	trials	210626SL	p61	Z11111	321	5.0	225.0	12	2451.7853448781498	2451.9821862595313
2452.0756279679413	0.49684138138172784	trials	210626SL	p61	Z11111	71	10.0	180.0	4	2452.2256279679414	2452.422469349323
2452.505910987555	0.4968413813812731	trials	210626SL	p61	Z11111	236	10.0	315.0	8	2452.655910987555	2452.8527523689363
2452.906193796635	0.49684138138172784	trials	210626SL	p61	Z11111	163	12.0	90.0	8	2453.056193796635	2453.2530351780165
2457.059022940103	0.5268815921958776	trials	210626SL	p61	Z11111	134	13.0	0.0	8	2457.2090229401033	2457.435904532299
2457.5093461003535	0.4968413813812731	trials	210626SL	p61	Z11111	137	1.0	45.0	8	2457.6593461003536	2457.8561874817347
2457.939629119967	0.49684138138172784	trials	210626SL	p61	Z11111	352	6.0	315.0	12	2458.089629119967	2458.2864705013485
2458.349911999225	0.5268415919153995	trials	210626SL	p61	Z11111	16	0.0	45.0	4	2458.499911999225	2458.72675359114
2458.7901950890164	0.5068414515594668	trials	210626SL	p61	Z11111	258	2.0	45.0	12	2458.9401950890165	2459.1470365405758
2459.2004779682743	0.5268815921958776	trials	210626SL	p61	Z11111	341	10.0	270.0	12	2459.3504779682744	2459.57735956047
2459.650801128524	0.49684138138172784	trials	210626SL	p61	Z11111	331	0.0	270.0	12	2459.800801128524	2459.9976425099057
2460.0510439373234	0.49684138138172784	trials	210626SL	p61	Z11111	118	12.0	315.0	4	2460.2010439373234	2460.397885318705
2464.373994274658	0.5068414515594668	trials	210626SL	p61	Z11111	69	8.0	180.0	4	2464.523994274658	2464.7308357262173
2464.8042772942717	0.5268815921954229	trials	210626SL	p61	Z11111	194	13.0	180.0	8	2464.954277294272	2465.181158886467
2465.2546004545216	0.49684138138172784	trials	210626SL	p61	Z11111	92	1.0	270.0	4	2465.4046004545216	2465.601441835903
2465.6548832636017	0.5268415919149447	trials	210626SL	p61	Z11111	144	8.0	45.0	8	2465.804883263602	2466.0317248555166
2466.0851662832156	0.4968413813812731	trials	210626SL	p61	Z11111	140	4.0	45.0	8	2466.2351662832157	2466.4320076645968
2466.4954491624735	0.5268415919149447	trials	210626SL	p61	Z11111	168	2.0	135.0	8	2466.6454491624736	2466.8722907543884
2466.925732182087	0.5268815921958776	trials	210626SL	p61	Z11111	126	5.0	0.0	8	2467.075732182087	2467.3026137742827
2467.376055342337	0.4968413813812731	trials	210626SL	p61	Z11111	322	6.0	225.0	12	2467.5260553423373	2467.7228967237183
2471.6289251878648	0.5068414515594668	trials	210626SL	p61	Z11111	316	0.0	225.0	12	2471.778925187865	2471.985766639424
2472.059248207759	0.49680138110079497	trials	210626SL	p61	Z11111	226	0.0	315.0	8	2472.209248207759	2472.40604958886
2472.4594910165583	0.5268815921958776	trials	210626SL	p61	Z11111	20	4.0	45.0	4	2472.6094910165584	2472.836372608754
2472.9098141768086	0.4968413813812731	trials	210626SL	p61	Z11111	93	2.0	270.0	4	2473.0598141768087	2473.25665555819
2473.3200970560665	0.5268415919149447	trials	210626SL	p61	Z11111	7	6.0	0.0	4	2473.4700970560666	2473.6969386479814
2473.760380145858	0.4968413813812731	trials	210626SL	p61	Z11111	336	5.0	270.0	12	2473.910380145858	2474.1072215272393
2474.170663025116	0.5268815921954229	trials	210626SL	p61	Z11111	260	4.0	45.0	12	2474.320663025116	2474.5475446173114
2474.620986185366	0.49684138138172784	trials	210626SL	p61	Z11111	110	4.0	315.0	4	2474.770986185366	2474.9678275667475
2478.903896241708	0.5268415919149447	trials	210626SL	p61	Z11111	141	5.0	45.0	8	2479.053896241708	2479.280737833623
2479.3441793314996	0.5068414515594668	trials	210626SL	p61	Z11111	100	9.0	270.0	4	2479.4941793314997	2479.701020783059
2482.03599822198	0.5168815220176839	trials	210626SL	p61	Z11111	101	10.0	270.0	4	2482.1859982219803	2482.402879743998
2482.4763213120523	0.49684138138172784	trials	210626SL	p61	Z11111	266	10.0	45.0	12	2482.6263213120524	2482.823162693434
2482.896604261488	0.49684138138172784	trials	210626SL	p61	Z11111	31	0.0	90.0	4	2483.046604261488	2483.2434456428696
2483.296887070568	0.4968413813812731	trials	210626SL	p61	Z11111	30	14.0	45.0	4	2483.446887070568	2483.6437284519493
2483.7271700901815	0.5068414515594668	trials	210626SL	p61	Z11111	32	1.0	90.0	4	2483.8771700901816	2484.084011541741
2484.1374529694394	0.5268415919153995	trials	210626SL	p61	Z11111	72	11.0	180.0	4	2484.2874529694395	2484.5142945613547
2484.5677359890533	0.49684138138172784	trials	210626SL	p61	Z11111	112	6.0	315.0	4	2484.7177359890534	2484.914577370435
2484.988018938489	0.49684138138172784	trials	210626SL	p61	Z11111	329	13.0	225.0	12	2485.138018938489	2485.3348603198706
2489.8413329977775	0.5268415919149447	trials	210626SL	p61	Z11111	86	10.0	225.0	4	2489.9913329977776	2490.2181745896924
2490.2916161577464	0.5268815921958776	trials	210626SL	p61	Z11111	97	6.0	270.0	4	2490.4416161577465	2490.668497749942
2490.7419393179966	0.4968413813812731	trials	210626SL	p61	Z11111	125	4.0	0.0	8	2490.8919393179967	2491.088780699378
2491.1422221270764	0.5268415919153995	trials	210626SL	p61	Z11111	116	10.0	315.0	4	2491.2922221270765	2491.5190637189917
2491.57250514669	0.5068414515594668	trials	210626SL	p61	Z11111	85	9.0	225.0	4	2491.7225051466903	2491.9293465982496
2492.012788236482	0.49684138138172784	trials	210626SL	p61	Z11111	150	14.0	45.0	8	2492.162788236482	2492.3596296178634
2494.704647127243	0.5268415919153995	trials	210626SL	p61	Z11111	246	5.0	0.0	12	2494.854647127243	2495.081488719158
2495.1549302872127	0.4968413813812731	trials	210626SL	p61	Z11111	35	4.0	90.0	4	2495.3049302872128	2495.501771668594
2495.5552130962924	0.5268415919153995	trials	210626SL	p61	Z11111	114	8.0	315.0	4	2495.7052130962925	2495.9320546882077
2496.0055362565427	0.49680138110079497	trials	210626SL	p61	Z11111	132	11.0	0.0	8	2496.1555362565427	2496.3523376376434
2496.41577913552	0.5268815921954229	trials	210626SL	p61	Z11111	185	4.0	180.0	8	2496.56577913552	2496.7926607277154
2496.8461021554144	0.4968413813812731	trials	210626SL	p61	Z11111	188	7.0	180.0	8	2496.9961021554145	2497.1929435367956
2497.2463449642137	0.4968413813812731	trials	210626SL	p61	Z11111	204	8.0	225.0	8	2497.3963449642138	2497.593186345595
2497.6766679841076	0.5068414515594668	trials	210626SL	p61	Z11111	96	5.0	270.0	4	2497.8266679841076	2498.033509435667
2501.7994569167618	0.5268415919149447	trials	210626SL	p61	Z11111	307	6.0	180.0	12	2501.949456916762	2502.1762985086766
2502.249780077012	0.4968413813812731	trials	210626SL	p61	Z11111	24	8.0	45.0	4	2502.399780077012	2502.596621458393
2502.6800630966254	0.49684138138172784	trials	210626SL	p61	Z11111	167	1.0	135.0	8	2502.8300630966255	2503.026904478007
2503.0803459057056	0.5268415919149447	trials	210626SL	p61	Z11111	59	13.0	135.0	4	2503.2303459057057	2503.4571874976205
2503.530629065675	0.4968413813812731	trials	210626SL	p61	Z11111	129	8.0	0.0	8	2503.680629065675	2503.877470447056
2503.940911944933	0.5268815921958776	trials	210626SL	p61	Z11111	164	13.0	90.0	8	2504.090911944933	2504.3177935371286
2504.3711949645467	0.4968413813812731	trials	210626SL	p61	Z11111	196	0.0	225.0	8	2504.521194964547	2504.718036345928
2504.7714777736264	0.4968413813812731	trials	210626SL	p61	Z11111	256	0.0	45.0	12	2504.9214777736265	2505.1183191550076
2509.024347619154	0.5068814518403997	trials	210626SL	p61	Z11111	151	0.0	90.0	8	2509.174347619154	2509.3812290709943
2509.4546706390483	0.49684138138172784	trials	210626SL	p61	Z11111	208	12.0	225.0	8	2509.6046706390484	2509.80151202043
2509.8549534481285	0.5368416620931384	trials	210626SL	p61	Z11111	216	5.0	270.0	8	2510.0049534481286	2510.2417951102216
2510.305236608098	0.49684138138172784	trials	210626SL	p61	Z11111	262	6.0	45.0	12	2510.455236608098	2510.6520779894795
2510.715519487356	0.5268415919153995	trials	210626SL	p61	Z11111	120	14.0	315.0	4	2510.865519487356	2511.092361079271
2511.1458025069696	0.5268815921958776	trials	210626SL	p61	Z11111	143	7.0	45.0	8	2511.2958025069697	2511.5226840991654
2511.5961256672194	0.49684138138172784	trials	210626SL	p61	Z11111	2	1.0	0.0	4	2511.7461256672195	2511.942967048601
2511.9964084762996	0.5268415919153995	trials	210626SL	p61	Z11111	242	1.0	0.0	12	2512.1464084762997	2512.373250068215
2516.169237760124	0.5068414515590121	trials	210626SL	p61	Z11111	290	4.0	135.0	12	2516.319237760124	2516.526079211683
2516.5795206393814	0.49684138138172784	trials	210626SL	p61	Z11111	136	0.0	45.0	8	2516.7295206393815	2516.926362020763
2517.009803658995	0.5068414515594668	trials	210626SL	p61	Z11111	42	11.0	90.0	4	2517.1598036589953	2517.3666451105546
2517.430086608431	0.49684138138172784	trials	210626SL	p61	Z11111	292	6.0	135.0	12	2517.580086608431	2517.7769279898125
2517.830369417511	0.5368416620926837	trials	210626SL	p61	Z11111	241	0.0	0.0	12	2517.980369417511	2518.2172110796037
2518.2806525774804	0.5068414515594668	trials	210626SL	p61	Z11111	10	9.0	0.0	4	2518.4306525774805	2518.6374940290398
2518.6909354567383	0.5268815921958776	trials	210626SL	p61	Z11111	102	11.0	270.0	4	2518.8409354567384	2519.067817048934
2519.1212584766326	0.49680138110079497	trials	210626SL	p61	Z11111	198	2.0	225.0	8	2519.2712584766327	2519.4680598577334
2523.224047268931	0.5268415919149447	trials	210626SL	p61	Z11111	201	5.0	225.0	8	2523.374047268931	2523.6008888608458
2523.6743304289002	0.4968413813812731	trials	210626SL	p61	Z11111	149	13.0	45.0	8	2523.8243304289003	2524.0211718102814
2524.07461323798	0.5268415919153995	trials	210626SL	p61	Z11111	259	3.0	45.0	12	2524.22461323798	2524.4514548298953
2524.504896257594	0.49684138138172784	trials	210626SL	p61	Z11111	181	0.0	180.0	8	2524.654896257594	2524.8517376389755
2524.9151791368517	0.5268415919153995	trials	210626SL	p61	Z11111	261	5.0	45.0	12	2525.065179136852	2525.292020728767
2525.3554622266433	0.5068814518399449	trials	210626SL	p61	Z11111	324	8.0	225.0	12	2525.5054622266434	2525.712343678483
2525.7957853167154	0.49684138138172784	trials	210626SL	p61	Z11111	212	1.0	270.0	8	2525.9457853167155	2526.142626698097
2526.1960281255147	0.5268815921958776	trials	210626SL	p61	Z11111	171	5.0	135.0	8	2526.3460281255147	2526.5729097177104
2530.4189377607895	0.5268415919153995	trials	210626SL	p61	Z11111	356	10.0	315.0	12	2530.5689377607896	2530.795779352705
2530.859220850581	0.5068414515594668	trials	210626SL	p61	Z11111	275	4.0	90.0	12	2531.009220850581	2531.2160623021405
2531.269503729839	0.5268415919153995	trials	210626SL	p61	Z11111	278	7.0	90.0	12	2531.419503729839	2531.6463453217543
2531.7097868196306	0.5068414515590121	trials	210626SL	p61	Z11111	104	13.0	270.0	4	2531.8597868196307	2532.0666282711895
2532.1501099097027	0.49684138138172784	trials	210626SL	p61	Z11111	260	4.0	45.0	12	2532.3001099097028	2532.4969512910843
2532.550392718783	0.5268415919149447	trials	210626SL	p61	Z11111	284	13.0	90.0	12	2532.700392718783	2532.9272343106977
2533.000675878752	0.4968413813812731	trials	210626SL	p61	Z11111	52	6.0	135.0	4	2533.1506758787523	2533.3475172601334
2533.400958687832	0.49684138138172784	trials	210626SL	p61	Z11111	46	0.0	135.0	4	2533.550958687832	2533.7478000692136
2537.713868954708	0.5068814518403997	trials	210626SL	p61	Z11111	270	14.0	45.0	12	2537.863868954708	2538.070750406548
2538.1241518339657	0.5268815921958776	trials	210626SL	p61	Z11111	51	5.0	135.0	4	2538.274151833966	2538.5010334261615
2538.55447485386	0.49680138110079497	trials	210626SL	p61	Z11111	178	12.0	135.0	8	2538.70447485386	2538.9012762349607
2538.9547176626593	0.5368816623740713	trials	210626SL	p61	Z11111	135	14.0	0.0	8	2539.1047176626594	2539.3415993250333
2539.4050408229095	0.49684138138172784	trials	210626SL	p61	Z11111	343	12.0	270.0	12	2539.5550408229096	2539.751882204291
2539.8153237021675	0.5268415919149447	trials	210626SL	p61	Z11111	85	9.0	225.0	4	2539.9653237021676	2540.1921652940823
2540.2456067217813	0.4968413813812731	trials	210626SL	p61	Z11111	174	8.0	135.0	8	2540.3956067217814	2540.5924481031625
2540.645889530861	0.5268415919149447	trials	210626SL	p61	Z11111	10	9.0	0.0	4	2540.795889530861	2541.022731122776
2545.058880500077	0.4968413813812731	trials	210626SL	p61	Z11111	2	1.0	0.0	4	2545.208880500077	2545.4057218814582
2545.4791634495127	0.4968413813812731	trials	210626SL	p61	Z11111	78	2.0	225.0	4	2545.629163449513	2545.826004830894
2545.8794462585925	0.49684138138172784	trials	210626SL	p61	Z11111	251	10.0	0.0	12	2546.0294462585925	2546.226287639974
2546.319729348384	0.49684138138172784	trials	210626SL	p61	Z11111	8	7.0	0.0	4	2546.469729348384	2546.6665707297657
2546.750012367998	0.49684138138172784	trials	210626SL	p61	Z11111	80	4.0	225.0	4	2546.900012367998	2547.0968537493795
2547.1702953174336	0.49684138138172784	trials	210626SL	p61	Z11111	58	12.0	135.0	4	2547.3202953174336	2547.517136698815
2547.5705781265137	0.5268815921958776	trials	210626SL	p61	Z11111	96	5.0	270.0	4	2547.720578126514	2547.9474597187095
2548.020901286764	0.4968413813812731	trials	210626SL	p61	Z11111	121	0.0	0.0	8	2548.170901286764	2548.367742668145
2552.193730570588	0.5268815921958776	trials	210626SL	p61	Z11111	283	12.0	90.0	12	2552.343730570588	2552.5706121627836
2552.63405366066	0.49680138110079497	trials	210626SL	p61	Z11111	188	7.0	180.0	8	2552.78405366066	2552.9808550417606
2553.0743367504515	0.49684138138172784	trials	210626SL	p61	Z11111	193	12.0	180.0	8	2553.2243367504516	2553.421178131833
2553.4946196998876	0.4968413813812731	trials	210626SL	p61	Z11111	131	10.0	0.0	8	2553.6446196998877	2553.841461081269
2553.8949025089673	0.5268415919149447	trials	210626SL	p61	Z11111	28	12.0	45.0	4	2554.0449025089674	2554.271744100882
2554.3251855285807	0.49684138138172784	trials	210626SL	p61	Z11111	16	0.0	45.0	4	2554.475185528581	2554.6720269099624
2554.725468337661	0.5368416620931384	trials	210626SL	p61	Z11111	244	3.0	0.0	12	2554.875468337661	2555.112309999754
2555.1757514976302	0.5068414515594668	trials	210626SL	p61	Z11111	115	9.0	315.0	4	2555.3257514976303	2555.5325929491896
2559.4486614837947	0.5268815921958776	trials	210626SL	p61	Z11111	173	7.0	135.0	8	2559.598661483795	2559.8255430759905
2559.8789445034085	0.5268815921954229	trials	210626SL	p61	Z11111	243	2.0	0.0	12	2560.0289445034086	2560.255826095604
2560.3292676636584	0.49684138138172784	trials	210626SL	p61	Z11111	23	7.0	45.0	4	2560.4792676636584	2560.67610904504
2560.729550472738	0.5368416620931384	trials	210626SL	p61	Z11111	199	3.0	225.0	8	2560.879550472738	2561.116392134831
2561.179833632708	0.5068414515594668	trials	210626SL	p61	Z11111	320	4.0	225.0	12	2561.329833632708	2561.5366750842672
2561.6001165821435	0.5368816623736166	trials	210626SL	p61	Z11111	333	2.0	270.0	12	2561.7501165821436	2561.986998244517
2562.050439742394	0.49684138138172784	trials	210626SL	p61	Z11111	247	6.0	0.0	12	2562.200439742394	2562.3972811237754
2562.4707226918295	0.4968413813812731	trials	210626SL	p61	Z11111	308	7.0	180.0	12	2562.6207226918295	2562.8175640732106
2566.6435519756537	0.5068414515590121	trials	210626SL	p61	Z11111	220	9.0	270.0	8	2566.793551975654	2567.0003934272127
2567.073834995267	0.4968413813812731	trials	210626SL	p61	Z11111	64	3.0	180.0	4	2567.223834995267	2567.4206763766483
2567.4741178043473	0.5268815921958776	trials	210626SL	p61	Z11111	293	7.0	135.0	12	2567.6241178043474	2567.850999396543
2570.2360171866344	0.5268415919149447	trials	210626SL	p61	Z11111	156	5.0	90.0	8	2570.3860171866345	2570.6128587785493
2570.6863003466037	0.49684138138172784	trials	210626SL	p61	Z11111	12	11.0	0.0	4	2570.836300346604	2571.0331417279854
2571.0865831556835	0.5268415919153995	trials	210626SL	p61	Z11111	277	6.0	90.0	12	2571.2365831556835	2571.4634247475988
2571.5369063159337	0.4968413813812731	trials	210626SL	p61	Z11111	21	5.0	45.0	4	2571.686906315934	2571.883747697315
2571.9371491247334	0.49684138138081835	trials	210626SL	p61	Z11111	195	14.0	180.0	8	2572.0871491247335	2572.283990506114
2572.3774722148055	0.4968413813812731	trials	210626SL	p61	Z11111	17	1.0	45.0	4	2572.5274722148056	2572.7243135961867
2572.7777550238857	0.5268415919149447	trials	210626SL	p61	Z11111	224	13.0	270.0	8	2572.9277550238858	2573.1545966158005
2573.2280381838546	0.49684138138172784	trials	210626SL	p61	Z11111	248	7.0	0.0	12	2573.3780381838546	2573.574879565236
2577.400867467679	0.5068414515590121	trials	210626SL	p61	Z11111	54	8.0	135.0	4	2577.550867467679	2577.7577089192378
2577.8211504171145	0.5068414515594668	trials	210626SL	p61	Z11111	272	1.0	90.0	12	2577.9711504171146	2578.177991868674
2578.2314332963724	0.5268815921958776	trials	210626SL	p61	Z11111	89	13.0	225.0	4	2578.3814332963725	2578.608314888568
2578.6617563162667	0.49680138110079497	trials	210626SL	p61	Z11111	130	9.0	0.0	8	2578.811756316267	2579.0085576973675
2579.0819992654215	0.49684138138172784	trials	210626SL	p61	Z11111	257	1.0	45.0	12	2579.2319992654216	2579.428840646803
2579.5023222151385	0.4968413813812731	trials	210626SL	p61	Z11111	232	6.0	315.0	8	2579.6523222151386	2579.8491635965197
2579.9025650239378	0.5268815921958776	trials	210626SL	p61	Z11111	281	10.0	90.0	12	2580.052565023938	2580.2794466161336
2580.3528881841876	0.49684138138172784	trials	210626SL	p61	Z11111	198	2.0	225.0	8	2580.5028881841877	2580.699729565569
2584.5857578893597	0.5268815921958776	trials	210626SL	p61	Z11111	119	13.0	315.0	4	2584.73575788936	2584.9626394815555
2585.0160409089735	0.4968413813812731	trials	210626SL	p61	Z11111	63	2.0	180.0	4	2585.1660409089736	2585.3628822903547
2585.4163237180533	0.5268815921958776	trials	210626SL	p61	Z11111	134	13.0	0.0	8	2585.5663237180534	2585.793205310249
2585.8666468783035	0.4968413813812731	trials	210626SL	p61	Z11111	158	7.0	90.0	8	2586.0166468783036	2586.2134882596847
2586.276929757561	0.5268415919153995	trials	210626SL	p61	Z11111	144	8.0	45.0	8	2586.426929757561	2586.6537713494763
2586.727212917531	0.4968413813812731	trials	210626SL	p61	Z11111	43	12.0	90.0	4	2586.877212917531	2587.074054298912
2587.127495726611	0.4968413813812731	trials	210626SL	p61	Z11111	109	3.0	315.0	4	2587.277495726611	2587.474337107992
2587.5277785356907	0.5268415919153995	trials	210626SL	p61	Z11111	162	11.0	90.0	8	2587.677778535691	2587.904620127606
2591.7806483812187	0.5268815921958776	trials	210626SL	p61	Z11111	97	6.0	270.0	4	2591.930648381219	2592.1575299734145
2592.2309715414685	0.49684138138172784	trials	210626SL	p61	Z11111	194	13.0	180.0	8	2592.3809715414686	2592.57781292285
2592.6612545610824	0.4968413813812731	trials	210626SL	p61	Z11111	73	12.0	180.0	4	2592.8112545610825	2593.0080959424636
2593.061537370162	0.5268415919153995	trials	210626SL	p61	Z11111	285	14.0	90.0	12	2593.211537370162	2593.4383789620774
2593.5118205301314	0.5268815921963323	trials	210626SL	p61	Z11111	323	7.0	225.0	12	2593.6618205301315	2593.8887021223277
2593.952143620204	0.5268415919149447	trials	210626SL	p61	Z11111	273	2.0	90.0	12	2594.102143620204	2594.328985212119
2594.382426639818	0.4968413813812731	trials	210626SL	p61	Z11111	90	14.0	225.0	4	2594.532426639818	2594.729268021199
2594.7827094488975	0.5268415919153995	trials	210626SL	p61	Z11111	77	1.0	225.0	4	2594.9327094488976	2595.159551040813
2598.9755388730773	0.5168815220181386	trials	210626SL	p61	Z11111	245	4.0	0.0	12	2599.1255388730774	2599.3424203950954
2599.4158619631494	0.49684138138172784	trials	210626SL	p61	Z11111	29	13.0	45.0	4	2599.5658619631495	2599.762703344531
2599.8561450529414	0.5268815921954229	trials	210626SL	p61	Z11111	70	9.0	180.0	4	2600.0061450529415	2600.2330266451368
2600.286428072555	0.5268815921954229	trials	210626SL	p61	Z11111	318	2.0	225.0	12	2600.436428072555	2600.66330966475
2600.726751162627	0.5268415919153995	trials	210626SL	p61	Z11111	79	3.0	225.0	4	2600.876751162627	2601.103592754542
2601.1770343225962	0.49684138138172784	trials	210626SL	p61	Z11111	38	7.0	90.0	4	2601.3270343225963	2601.523875703978
2601.5773171316764	0.5268815921958776	trials	210626SL	p61	Z11111	183	2.0	180.0	8	2601.7273171316765	2601.954198723872
2602.0076001512903	0.4968413813812731	trials	210626SL	p61	Z11111	302	1.0	180.0	12	2602.1576001512904	2602.3544415326714
2606.570712174016	0.5168415217376605	trials	210626SL	p61	Z11111	334	3.0	270.0	12	2606.720712174016	2606.9375536957536
2607.0109952638077	0.49684138138172784	trials	210626SL	p61	Z11111	170	4.0	135.0	8	2607.1609952638078	2607.3578366451893
2607.4313182135243	0.49684138138172784	trials	210626SL	p61	Z11111	352	6.0	315.0	12	2607.5813182135244	2607.778159594906
2607.8315610223235	0.5268815921958776	trials	210626SL	p61	Z11111	319	3.0	225.0	12	2607.9815610223236	2608.2084426145193
2608.2818841825733	0.49684138138172784	trials	210626SL	p61	Z11111	215	4.0	270.0	8	2608.4318841825734	2608.628725563955
2608.6821669916535	0.5268415919153995	trials	210626SL	p61	Z11111	88	12.0	225.0	4	2608.8321669916536	2609.059008583569
2609.132450151623	0.49684138138172784	trials	210626SL	p61	Z11111	299	13.0	135.0	12	2609.282450151623	2609.4792915330045
2609.532732960703	0.5068414515594668	trials	210626SL	p61	Z11111	217	6.0	270.0	8	2609.682732960703	2609.8895744122624
2613.8056429468675	0.5268415919149447	trials	210626SL	p61	Z11111	141	5.0	45.0	8	2613.9556429468676	2614.1824845387823
2614.255926106837	0.4968413813812731	trials	210626SL	p61	Z11111	55	9.0	135.0	4	2614.405926106837	2614.602767488218
2614.686249126731	0.4968413813812731	trials	210626SL	p61	Z11111	331	0.0	270.0	12	2614.836249126731	2615.0330905081123
2615.106532076167	0.4968413813812731	trials	210626SL	p61	Z11111	124	3.0	0.0	8	2615.256532076167	2615.453373457548
2615.53681509578	0.49684138138172784	trials	210626SL	p61	Z11111	7	6.0	0.0	4	2615.6868150957803	2615.883656477162
2615.947097975038	0.5268415919149447	trials	210626SL	p61	Z11111	84	8.0	225.0	4	2616.097097975038	2616.323939566953
2616.3873810648297	0.5068414515594668	trials	210626SL	p61	Z11111	344	13.0	270.0	12	2616.53738106483	2616.744222516389
2616.8277041549018	0.49684138138172784	trials	210626SL	p61	Z11111	37	6.0	90.0	4	2616.977704154902	2617.1745455362834
2621.020533579082	0.5168815220176839	trials	210626SL	p61	Z11111	209	13.0	225.0	8	2621.170533579082	2621.3874151010996
2621.460856669154	0.4968413813812731	trials	210626SL	p61	Z11111	108	2.0	315.0	4	2621.610856669154	2621.8076980505352
2621.8610994779533	0.4968413813812731	trials	210626SL	p61	Z11111	229	3.0	315.0	8	2622.0110994779534	2622.2079408593345
2624.6930393517664	0.5268815921958776	trials	210626SL	p61	Z11111	110	4.0	315.0	4	2624.8430393517665	2625.069920943962
2625.143362512016	0.49684138138172784	trials	210626SL	p61	Z11111	185	4.0	180.0	8	2625.2933625120163	2625.490203893398
2625.5436053208155	0.5268815921958776	trials	210626SL	p61	Z11111	316	0.0	225.0	12	2625.6936053208155	2625.9204869130112
2625.993928481066	0.4968413813812731	trials	210626SL	p61	Z11111	238	12.0	315.0	8	2626.1439284810663	2626.3407698624474
2626.394211290146	0.4968413813812731	trials	210626SL	p61	Z11111	41	10.0	90.0	4	2626.544211290146	2626.741052671527
2626.794454098945	0.5368816623736166	trials	210626SL	p61	Z11111	236	10.0	315.0	8	2626.9444540989452	2627.1813357613187
2627.244777259195	0.49684138138172784	trials	210626SL	p61	Z11111	118	12.0	315.0	4	2627.394777259195	2627.5916186405766
2627.655060138453	0.49684138138172784	trials	210626SL	p61	Z11111	31	0.0	90.0	4	2627.805060138453	2628.0019015198345
2631.8679297032695	0.5268415919149447	trials	210626SL	p61	Z11111	145	9.0	45.0	8	2632.0179297032696	2632.2447712951844
2632.318212863239	0.49684138138172784	trials	210626SL	p61	Z11111	102	11.0	270.0	4	2632.468212863239	2632.6650542446205
2632.748535883133	0.4968413813812731	trials	210626SL	p61	Z11111	48	2.0	135.0	4	2632.8985358831333	2633.0953772645144
2633.1487786919324	0.5368816623736166	trials	210626SL	p61	Z11111	0			0	2633.2987786919325	2633.535660354306
2633.589101782005	0.4968413813812731	trials	210626SL	p61	Z11111	153	2.0	90.0	8	2633.739101782005	2633.935943163386
2634.0193848016183	0.49684138138172784	trials	210626SL	p61	Z11111	349	3.0	315.0	12	2634.1693848016184	2634.366226183
2634.439667751054	0.49684138138172784	trials	210626SL	p61	Z11111	228	2.0	315.0	8	2634.589667751054	2634.7865091324356
2634.8399505601337	0.49684138138172784	trials	210626SL	p61	Z11111	179	13.0	135.0	8	2634.989950560134	2635.1867919415154
2639.0227799141358	0.5268815921958776	trials	210626SL	p61	Z11111	44	13.0	90.0	4	2639.172779914136	2639.3996615063315
2639.4731030743865	0.49684138138081835	trials	210626SL	p61	Z11111	182	1.0	180.0	8	2639.6231030743866	2639.819944455767
2639.873385883466	0.5368416620931384	trials	210626SL	p61	Z11111	154	3.0	90.0	8	2640.0233858834663	2640.2602275455592
2640.3136689732573	0.49684138138172784	trials	210626SL	p61	Z11111	125	4.0	0.0	8	2640.4636689732574	2640.660510354639
2640.743951992871	0.4968413813812731	trials	210626SL	p61	Z11111	103	12.0	270.0	4	2640.8939519928713	2641.0907933742524
2641.1442348019514	0.5268415919149447	trials	210626SL	p61	Z11111	165	14.0	90.0	8	2641.2942348019515	2641.521076393866
2641.5945179619207	0.4968413813812731	trials	210626SL	p61	Z11111	177	11.0	135.0	8	2641.744517961921	2641.941359343302
2641.994800771001	0.5068414515590121	trials	210626SL	p61	Z11111	266	10.0	45.0	12	2642.144800771001	2642.35164222256
2646.4878723022007	0.5268415919153995	trials	210626SL	p61	Z11111	150	14.0	45.0	8	2646.637872302201	2646.864713894116
2646.9281553919927	0.5068414515590121	trials	210626SL	p61	Z11111	309	8.0	180.0	12	2647.078155391993	2647.2849968435517
2647.3684784820643	0.49684138138172784	trials	210626SL	p61	Z11111	340	9.0	270.0	12	2647.5184784820644	2647.715319863446
2647.7687212908636	0.5268815921963323	trials	210626SL	p61	Z11111	166	0.0	135.0	8	2647.9187212908637	2648.14560288306
2648.209044380936	0.5268415919153995	trials	210626SL	p61	Z11111	161	10.0	90.0	8	2648.359044380936	2648.5858859728514
2648.63932740055	0.5268415919149447	trials	210626SL	p61	Z11111	274	3.0	90.0	12	2648.78932740055	2649.016168992465
2649.0896505608	0.49684138138172784	trials	210626SL	p61	Z11111	35	4.0	90.0	4	2649.2396505608	2649.4364919421814
2649.489893369599	0.5268815921958776	trials	210626SL	p61	Z11111	254	13.0	0.0	12	2649.639893369599	2649.866774961795
2654.2331266563697	0.5068414515590121	trials	210626SL	p61	Z11111	112	6.0	315.0	4	2654.3831266563698	2654.5899681079286
2654.643409535627	0.5268815921958776	trials	210626SL	p61	Z11111	4	3.0	0.0	4	2654.7934095356272	2655.020291127823
2655.0937326958774	0.4968413813812731	trials	210626SL	p61	Z11111	276	5.0	90.0	12	2655.2437326958775	2655.4405740772586
2655.4939755046767	0.49684138138172784	trials	210626SL	p61	Z11111	50	4.0	135.0	4	2655.6439755046767	2655.8408168860583
2655.924298524571	0.5068414515594668	trials	210626SL	p61	Z11111	99	8.0	270.0	4	2656.074298524571	2656.2811399761304
2656.3445814740066	0.5068414515594668	trials	210626SL	p61	Z11111	207	11.0	225.0	8	2656.4945814740067	2656.701422925566
2656.7848645637982	0.49684138138172784	trials	210626SL	p61	Z11111	120	14.0	315.0	4	2656.9348645637983	2657.13170594518
2657.215147583412	0.49684138138172784	trials	210626SL	p61	Z11111	87	11.0	225.0	4	2657.365147583412	2657.5619889647937
2661.8583001678417	0.5268815921958776	trials	210626SL	p61	Z11111	36	5.0	90.0	4	2662.0083001678418	2662.2351817600374
2662.298623257914	0.5068414515590121	trials	210626SL	p61	Z11111	255	14.0	0.0	12	2662.4486232579143	2662.655464709473
2662.7389063477053	0.49684138138172784	trials	210626SL	p61	Z11111	171	5.0	135.0	8	2662.8889063477054	2663.085747729087
2663.1692293675997	0.49684138138172784	trials	210626SL	p61	Z11111	25	9.0	45.0	4	2663.3192293675997	2663.5160707489813
2663.579472246577	0.5268815921958776	trials	210626SL	p61	Z11111	104	13.0	270.0	4	2663.729472246577	2663.956353838773
2664.0197953366496	0.5068414515590121	trials	210626SL	p61	Z11111	13	12.0	0.0	4	2664.1697953366497	2664.3766367882085
2664.440078286085	0.49684138138172784	trials	210626SL	p61	Z11111	218	7.0	270.0	8	2664.590078286085	2664.7869196674665
2664.8503611653427	0.5268415919149447	trials	210626SL	p61	Z11111	216	5.0	270.0	8	2665.000361165343	2665.2272027572576
2672.3654539042977	0.5168815220176839	trials	210626SL	p61	Z11111	279	8.0	90.0	12	2672.515453904298	2672.7323354263153
2672.8057769943694	0.49684138138172784	trials	210626SL	p61	Z11111	357	11.0	315.0	12	2672.9557769943694	2673.152618375751
2673.2160598736273	0.5068414515594668	trials	210626SL	p61	Z11111	267	11.0	45.0	12	2673.3660598736274	2673.5729013251866
2673.646342893241	0.49684138138172784	trials	210626SL	p61	Z11111	312	11.0	180.0	12	2673.796342893241	2673.9931842746228
2674.046625702321	0.49684138138172784	trials	210626SL	p61	Z11111	157	6.0	90.0	8	2674.196625702321	2674.3934670837025
2674.4769087219347	0.4968413813812731	trials	210626SL	p61	Z11111	126	5.0	0.0	8	2674.626908721935	2674.823750103316
2674.877191531015	0.4968413813812731	trials	210626SL	p61	Z11111	19	3.0	45.0	4	2675.027191531015	2675.224032912396
2675.3174746208065	0.4968413813812731	trials	210626SL	p61	Z11111	116	10.0	315.0	4	2675.4674746208066	2675.6643160021877
2677.6290508428433	0.5268415919149447	trials	210626SL	p61	Z11111	14	13.0	0.0	4	2677.7790508428434	2678.005892434758
2678.069333932635	0.5068414515594668	trials	210626SL	p61	Z11111	301	0.0	180.0	12	2678.219333932635	2678.4261753841943
2678.479616811893	0.5268815921958776	trials	210626SL	p61	Z11111	211	0.0	270.0	8	2678.629616811893	2678.8564984040886
2678.909899831506	0.49684138138172784	trials	210626SL	p61	Z11111	189	8.0	180.0	8	2679.0598998315063	2679.256741212888
2679.3101826405864	0.5368816623740713	trials	210626SL	p61	Z11111	132	11.0	0.0	8	2679.4601826405865	2679.6970643029604
2679.7605058008367	0.5068414515594668	trials	210626SL	p61	Z11111	239	13.0	315.0	8	2679.9105058008367	2680.117347252396
2680.2007888906282	0.4968413813812731	trials	210626SL	p61	Z11111	350	4.0	315.0	12	2680.3507888906283	2680.5476302720094
2680.6310719102416	0.5368816623736166	trials	210626SL	p61	Z11111	93	2.0	270.0	4	2680.7810719102417	2681.017953572615
2684.9840624583903	0.5268415919149447	trials	210626SL	p61	Z11111	91	0.0	270.0	4	2685.1340624583904	2685.360904050305
2685.414345478004	0.4968413813812731	trials	210626SL	p61	Z11111	123	2.0	0.0	8	2685.5643454780043	2685.7611868593854
2685.8446284976176	0.5068414515594668	trials	210626SL	p61	Z11111	71	10.0	180.0	4	2685.9946284976177	2686.201469949177
2686.2549113768755	0.4968413813812731	trials	210626SL	p61	Z11111	167	1.0	135.0	8	2686.4049113768756	2686.6017527582567
2686.685194396489	0.49684138138172784	trials	210626SL	p61	Z11111	294	8.0	135.0	12	2686.835194396489	2687.0320357778705
2687.105477345925	0.4968413813812731	trials	210626SL	p61	Z11111	325	9.0	225.0	12	2687.255477345925	2687.452318727306
2687.5057601550047	0.49684138138172784	trials	210626SL	p61	Z11111	303	2.0	180.0	12	2687.655760155005	2687.8526015363864
2687.9160430342627	0.5168415217376605	trials	210626SL	p61	Z11111	221	10.0	270.0	8	2688.0660430342627	2688.282884556
2692.028831896739	0.5268815921958776	trials	210626SL	p61	Z11111	317	1.0	225.0	12	2692.178831896739	2692.405713488935
2694.600609944804	0.5268415919153995	trials	210626SL	p61	Z11111	0			0	2694.750609944804	2694.9774515367194
2695.0508931047734	0.49684138138172784	trials	210626SL	p61	Z11111	22	6.0	45.0	4	2695.2008931047735	2695.397734486155
2695.451175913854	0.49684138138081835	trials	210626SL	p61	Z11111	304	3.0	180.0	12	2695.601175913854	2695.798017295235
2695.851458722934	0.5068414515590121	trials	210626SL	p61	Z11111	358	12.0	315.0	12	2696.001458722934	2696.2083001744927
2696.281741742547	0.5068414515594668	trials	210626SL	p61	Z11111	347	1.0	315.0	12	2696.4317417425473	2696.6385831941066
2696.692024621805	0.5268415919149447	trials	210626SL	p61	Z11111	26	10.0	45.0	4	2696.842024621805	2697.06886621372
2697.122307641419	0.49684138138172784	trials	210626SL	p61	Z11111	256	0.0	45.0	12	2697.272307641419	2697.4691490228006
2697.532590520677	0.516841521736751	trials	210626SL	p61	Z11111	322	6.0	225.0	12	2697.682590520677	2697.8994320424135
2701.6253792427974	0.5268415919149447	trials	210626SL	p61	Z11111	210	14.0	225.0	8	2701.7753792427975	2702.0022208347123
2702.0756624027663	0.4968413813812731	trials	210626SL	p61	Z11111	18	2.0	45.0	4	2702.2256624027664	2702.4225037841475
2702.4759452118465	0.5268415919149447	trials	210626SL	p61	Z11111	225	14.0	270.0	8	2702.6259452118466	2702.8527868037613
2702.9262683720967	0.49680138110079497	trials	210626SL	p61	Z11111	47	1.0	135.0	4	2703.076268372097	2703.2730697531974
2703.326511180896	0.5368816623736166	trials	210626SL	p61	Z11111	39	8.0	90.0	4	2703.476511180896	2703.7133928432695
2703.776834341146	0.49684138138172784	trials	210626SL	p61	Z11111	0			0	2703.926834341146	2704.1236757225274
2704.1871172204037	0.5268415919153995	trials	210626SL	p61	Z11111	146	10.0	45.0	8	2704.337117220404	2704.563958812319
2704.6274003101953	0.4968413813812731	trials	210626SL	p61	Z11111	82	6.0	225.0	4	2704.7774003101954	2704.9742416915765
2708.6201083299757	0.5068814518399449	trials	210626SL	p61	Z11111	105	14.0	270.0	4	2708.7701083299758	2708.9769897818155
2709.05043134987	0.4968413813812731	trials	210626SL	p61	Z11111	67	6.0	180.0	4	2709.20043134987	2709.397272731251
2709.4807143694834	0.49684138138172784	trials	210626SL	p61	Z11111	149	13.0	45.0	8	2709.6307143694835	2709.827555750865
2709.8909972487413	0.5268415919149447	trials	210626SL	p61	Z11111	226	0.0	315.0	8	2710.0409972487414	2710.267838840656
2710.331280338533	0.5068414515594668	trials	210626SL	p61	Z11111	0			0	2710.481280338533	2710.6881217900923
2710.771603428605	0.49684138138172784	trials	210626SL	p61	Z11111	61	0.0	180.0	4	2710.921603428605	2711.1184448099866
2711.171846237404	0.5268815921963323	trials	210626SL	p61	Z11111	5	4.0	0.0	4	2711.3218462374043	2711.5487278296005
2711.6221693976545	0.4968413813812731	trials	210626SL	p61	Z11111	148	12.0	45.0	8	2711.7721693976546	2711.9690107790357
2715.7649984709446	0.5168415217376605	trials	210626SL	p61	Z11111	219	8.0	270.0	8	2715.9149984709447	2716.131839992682
2716.2052815607367	0.49684138138081835	trials	210626SL	p61	Z11111	291	5.0	135.0	12	2716.355281560737	2716.5521229421174
2716.6355645803496	0.49684138138172784	trials	210626SL	p61	Z11111	142	6.0	45.0	8	2716.7855645803497	2716.9824059617313
2717.0558475297858	0.49684138138172784	trials	210626SL	p61	Z11111	348	2.0	315.0	12	2717.205847529786	2717.4026889111674
2717.456130338866	0.5068414515594668	trials	210626SL	p61	Z11111	24	8.0	45.0	4	2717.606130338866	2717.8129717904253
2717.8964134286575	0.49684138138172784	trials	210626SL	p61	Z11111	122	1.0	0.0	8	2718.0464134286576	2718.243254810039
2718.2966962377373	0.49684138138172784	trials	210626SL	p61	Z11111	289	3.0	135.0	12	2718.4466962377373	2718.643537619119
2718.7270192576316	0.5368416620931384	trials	210626SL	p61	Z11111	33	2.0	90.0	4	2718.8770192576317	2719.1138609197246
2722.999889243515	0.5268815921963323	trials	210626SL	p61	Z11111	202	6.0	225.0	8	2723.149889243515	2723.3767708357113
2723.4302122634094	0.49684138138172784	trials	210626SL	p61	Z11111	354	8.0	315.0	12	2723.5802122634095	2723.777053644791
2723.8404951426674	0.5168415217372058	trials	210626SL	p61	Z11111	252	11.0	0.0	12	2723.9904951426674	2724.2073366644045
2724.270778162281	0.5268415919149447	trials	210626SL	p61	Z11111	181	0.0	180.0	8	2724.4207781622813	2724.647619754196
2724.7210613222505	0.49684138138172784	trials	210626SL	p61	Z11111	40	9.0	90.0	4	2724.8710613222506	2725.067902703632
2725.1213441313303	0.49684138138172784	trials	210626SL	p61	Z11111	34	3.0	90.0	4	2725.2713441313304	2725.468185512712
2725.521626940411	0.5268415919149447	trials	210626SL	p61	Z11111	222	11.0	270.0	8	2725.671626940411	2725.8984685323258
2725.9719101003802	0.49684138138081835	trials	210626SL	p61	Z11111	242	1.0	0.0	12	2726.1219101003803	2726.318751481761
2733.4070022779115	0.5268415919149447	trials	210626SL	p61	Z11111	246	5.0	0.0	12	2733.5570022779116	2733.7838438698263
2733.8472853677026	0.5068414515599216	trials	210626SL	p61	Z11111	296	10.0	135.0	12	2733.9972853677027	2734.2041268192625
2734.2575682469605	0.5268415919153995	trials	210626SL	p61	Z11111	275	4.0	90.0	12	2734.4075682469606	2734.634409838876
2734.6978513367526	0.5068414515590121	trials	210626SL	p61	Z11111	269	13.0	45.0	12	2734.8478513367527	2735.0546927883115
2735.10813421601	0.5268815921958776	trials	210626SL	p61	Z11111	204	8.0	225.0	8	2735.25813421601	2735.485015808206
2735.5584573762603	0.49684138138172784	trials	210626SL	p61	Z11111	241	0.0	0.0	12	2735.7084573762604	2735.905298757642
2735.95874018534	0.5268415919149447	trials	210626SL	p61	Z11111	69	8.0	180.0	4	2736.10874018534	2736.335581777255
2736.389023204954	0.5068414515590121	trials	210626SL	p61	Z11111	201	5.0	225.0	8	2736.539023204954	2736.745864656513
2740.5618524887777	0.5268415919153995	trials	210626SL	p61	Z11111	196	0.0	225.0	8	2740.711852488778	2740.938694080693
2740.9921355083916	0.4968413813812731	trials	210626SL	p61	Z11111	321	5.0	225.0	12	2741.1421355083917	2741.3389768897728
2741.3924183174718	0.5368816623736166	trials	210626SL	p61	Z11111	169	3.0	135.0	8	2741.542418317472	2741.7792999798453
2741.8427414777216	0.49680138110079497	trials	210626SL	p61	Z11111	203	7.0	225.0	8	2741.9927414777217	2742.1895428588223
2742.2529843566986	0.5268815921958776	trials	210626SL	p61	Z11111	223	12.0	270.0	8	2742.4029843566987	2742.6298659488943
2742.6833073765933	0.4968413813812731	trials	210626SL	p61	Z11111	9	8.0	0.0	4	2742.8333073765934	2743.0301487579745
2743.0835501853926	0.5268815921954229	trials	210626SL	p61	Z11111	310	9.0	180.0	12	2743.2335501853927	2743.460431777588
2743.533873345643	0.4968413813812731	trials	210626SL	p61	Z11111	192	11.0	180.0	8	2743.683873345643	2743.880714727024
2747.7067026294667	0.5068414515594668	trials	210626SL	p61	Z11111	351	5.0	315.0	12	2747.856702629467	2748.063544081026
2748.1169855087246	0.4968413813812731	trials	210626SL	p61	Z11111	65	4.0	180.0	4	2748.2669855087247	2748.463826890106
2748.547268528338	0.5068414515594668	trials	210626SL	p61	Z11111	197	1.0	225.0	8	2748.697268528338	2748.9041099798974
2748.9875916184105	0.49684138138172784	trials	210626SL	p61	Z11111	180	14.0	135.0	8	2749.1375916184106	2749.334432999792
2751.4192486831435	0.5268415919153995	trials	210626SL	p61	Z11111	327	11.0	225.0	12	2751.5692486831435	2751.7960902750588
2751.859531772935	0.4968413813812731	trials	210626SL	p61	Z11111	68	7.0	180.0	4	2752.009531772935	2752.206373154316
2752.2698146521925	0.5268415919153995	trials	210626SL	p61	Z11111	136	0.0	45.0	8	2752.4198146521926	2752.646656244108
2752.720137812443	0.4968013811003402	trials	210626SL	p61	Z11111	313	12.0	180.0	12	2752.8701378124433	2753.0669391935435
2753.1504208320566	0.4968413813812731	trials	210626SL	p61	Z11111	83	7.0	225.0	4	2753.3004208320567	2753.497262213438
2753.5507036411364	0.4968013811012497	trials	210626SL	p61	Z11111	342	11.0	270.0	12	2753.7007036411364	2753.8975050222375
2753.970986590572	0.49684138138172784	trials	210626SL	p61	Z11111	307	6.0	180.0	12	2754.120986590572	2754.3178279719536
2754.401269610186	0.5068414515594668	trials	210626SL	p61	Z11111	258	2.0	45.0	12	2754.551269610186	2754.7581110617452
2758.594099034366	0.5268815921954229	trials	210626SL	p61	Z11111	137	1.0	45.0	8	2758.744099034366	2758.9709806265614
2759.0344221244377	0.49684138138172784	trials	210626SL	p61	Z11111	139	3.0	45.0	8	2759.184422124438	2759.3812635058193
2759.4447050036956	0.49684138138172784	trials	210626SL	p61	Z11111	227	1.0	315.0	8	2759.5947050036957	2759.7915463850773
2759.8749880233095	0.49684138138172784	trials	210626SL	p61	Z11111	324	8.0	225.0	12	2760.0249880233096	2760.221829404691
2760.3052710429233	0.5368816623736166	trials	210626SL	p61	Z11111	250	9.0	0.0	12	2760.4552710429234	2760.692152705297
2760.7655942733513	0.4968413813812731	trials	210626SL	p61	Z11111	3	2.0	0.0	4	2760.9155942733514	2761.1124356547325
2761.1758771526092	0.5068414515590121	trials	210626SL	p61	Z11111	213	2.0	270.0	8	2761.3258771526093	2761.532718604168
2761.5861600318667	0.5268415919153995	trials	210626SL	p61	Z11111	240	14.0	315.0	8	2761.736160031867	2761.963001623782
2765.648908543173	0.5268815921954229	trials	210626SL	p61	Z11111	337	6.0	270.0	12	2765.798908543173	2766.0257901353684
2766.099231703423	0.49684138138172784	trials	210626SL	p61	Z11111	268	12.0	45.0	12	2766.249231703423	2766.4460730848045
2766.5295147230368	0.4968413813812731	trials	210626SL	p61	Z11111	298	12.0	135.0	12	2766.679514723037	2766.876356104418
2766.9297975321165	0.5068414515594668	trials	210626SL	p61	Z11111	56	10.0	135.0	4	2767.0797975321166	2767.286638983676
2767.3700806219085	0.49684138138081835	trials	210626SL	p61	Z11111	297	11.0	135.0	12	2767.5200806219086	2767.7169220032893
2767.8003636415215	0.49684138138172784	trials	210626SL	p61	Z11111	168	2.0	135.0	8	2767.9503636415216	2768.147205022903
2768.2106465207794	0.49684138138172784	trials	210626SL	p61	Z11111	138	2.0	45.0	8	2768.3606465207795	2768.557487902161
2768.6409295403932	0.4968413813812731	trials	210626SL	p61	Z11111	117	11.0	315.0	4	2768.7909295403933	2768.9877709217744
2772.723718192336	0.5068414515590121	trials	210626SL	p61	Z11111	233	7.0	315.0	8	2772.873718192336	2773.080559643895
2773.1440011417712	0.49684138138172784	trials	210626SL	p61	Z11111	74	13.0	180.0	4	2773.2940011417713	2773.490842523153
2773.574284161385	0.49684138138172784	trials	210626SL	p61	Z11111	15	14.0	0.0	4	2773.724284161385	2773.9211255427667
2774.0046071812794	0.49684138138172784	trials	210626SL	p61	Z11111	133	12.0	0.0	8	2774.1546071812795	2774.351448562661
2774.4248901307155	0.49684138138081835	trials	210626SL	p61	Z11111	264	8.0	45.0	12	2774.5748901307156	2774.7717315120963
2774.8251729397953	0.5068414515590121	trials	210626SL	p61	Z11111	186	5.0	180.0	8	2774.9751729397954	2775.182014391354
2775.255455959409	0.5068414515590121	trials	210626SL	p61	Z11111	326	10.0	225.0	12	2775.405455959409	2775.612297410968
2775.6957390492003	0.49684138138172784	trials	210626SL	p61	Z11111	336	5.0	270.0	12	2775.8457390492003	2776.042580430582
2779.9686490353643	0.5168415217376605	trials	210626SL	p61	Z11111	214	3.0	270.0	8	2780.1186490353643	2780.335490557102
2780.4089321251563	0.5068814518399449	trials	210626SL	p61	Z11111	113	7.0	315.0	4	2780.5589321251564	2780.765813576996
2780.819215004414	0.5268815921954229	trials	210626SL	p61	Z11111	151	0.0	90.0	8	2780.9692150044143	2781.1960965966096
2781.2595380944863	0.5068414515594668	trials	210626SL	p61	Z11111	292	6.0	135.0	12	2781.4095380944864	2781.6163795460457
2781.699821184278	0.49684138138172784	trials	210626SL	p61	Z11111	66	5.0	180.0	4	2781.849821184278	2782.0466625656595
2782.1001039933576	0.5268415919149447	trials	210626SL	p61	Z11111	92	1.0	270.0	4	2782.2501039933577	2782.4769455852725
2782.550427153608	0.49680138110079497	trials	210626SL	p61	Z11111	332	1.0	270.0	12	2782.700427153608	2782.8972285347086
2782.9606700325853	0.5268815921958776	trials	210626SL	p61	Z11111	94	3.0	270.0	4	2783.1106700325854	2783.337551624781
2787.193579738038	0.5068414515590121	trials	210626SL	p61	Z11111	271	0.0	90.0	12	2787.343579738038	2787.550421189597
2787.6238627576513	0.5268415919149447	trials	210626SL	p61	Z11111	57	11.0	135.0	4	2787.7738627576514	2788.000704349566
2788.074145917621	0.4968413813812731	trials	210626SL	p61	Z11111	335	4.0	270.0	12	2788.224145917621	2788.4209872990023
2788.4944288670567	0.4968413813812731	trials	210626SL	p61	Z11111	346	0.0	315.0	12	2788.644428867057	2788.841270248438
2788.9247518869506	0.49684138138172784	trials	210626SL	p61	Z11111	101	10.0	270.0	4	2789.0747518869507	2789.2715932683323
2789.3250346960313	0.5368416620926837	trials	210626SL	p61	Z11111	280	9.0	90.0	12	2789.4750346960313	2789.711876358124
2789.7653177858224	0.5268415919149447	trials	210626SL	p61	Z11111	160	9.0	90.0	8	2789.9153177858225	2790.1421593777372
2790.1956008054362	0.5268815921958776	trials	210626SL	p61	Z11111	75	14.0	180.0	4	2790.3456008054363	2790.572482397632
2794.3284298085487	0.5268415919153995	trials	210626SL	p61	Z11111	152	1.0	90.0	8	2794.4784298085488	2794.705271400464
2794.778712968518	0.4968413813812731	trials	210626SL	p61	Z11111	11	10.0	0.0	4	2794.928712968518	2795.125554349899
2795.178995777598	0.5368816623736166	trials	210626SL	p61	Z11111	191	10.0	180.0	8	2795.3289957775983	2795.5658774399717
2795.6192788673893	0.5268815921963323	trials	210626SL	p61	Z11111	345	14.0	270.0	12	2795.7692788673894	2795.9961604595856
2796.0696020276396	0.49684138138172784	trials	210626SL	p61	Z11111	45	14.0	90.0	4	2796.2196020276397	2796.416443409021
2796.4998850472534	0.4968413813812731	trials	210626SL	p61	Z11111	81	5.0	225.0	4	2796.6498850472535	2796.8467264286346
2796.900167856333	0.5068414515594668	trials	210626SL	p61	Z11111	200	4.0	225.0	8	2797.0501678563332	2797.2570093078925
2797.3404509461247	0.49684138138172784	trials	210626SL	p61	Z11111	59	13.0	135.0	4	2797.490450946125	2797.6872923275064
2801.7534819156213	0.5168415217376605	trials	210626SL	p61	Z11111	163	12.0	90.0	8	2801.9034819156213	2802.120323437359
2802.173764865057	0.5268415919153995	trials	210626SL	p61	Z11111	1	0.0	0.0	4	2802.323764865057	2802.550606456972
2802.6240480250267	0.4968413813812731	trials	210626SL	p61	Z11111	159	8.0	90.0	8	2802.774048025027	2802.970889406408
2803.0443309744624	0.4968413813812731	trials	210626SL	p61	Z11111	164	13.0	90.0	8	2803.1943309744624	2803.3911723558435
2803.4746539943567	0.49684138138172784	trials	210626SL	p61	Z11111	106	0.0	315.0	4	2803.624653994357	2803.8214953757383
2803.874896803156	0.5368816623736166	trials	210626SL	p61	Z11111	208	12.0	225.0	8	2804.024896803156	2804.2617784655295
2804.325219963406	0.5068414515590121	trials	210626SL	p61	Z11111	234	8.0	315.0	8	2804.4752199634063	2804.682061414965
2804.7655030531973	0.49684138138172784	trials	210626SL	p61	Z11111	329	13.0	225.0	12	2804.9155030531974	2805.112344434579
2808.968372547836	0.5268815921954229	trials	210626SL	p61	Z11111	175	9.0	135.0	8	2809.1183725478363	2809.3452541400316
2809.3986555674496	0.5268815921958776	trials	210626SL	p61	Z11111	341	10.0	270.0	12	2809.5486555674497	2809.7755371596454
2809.8489787277	0.4968413813812731	trials	210626SL	p61	Z11111	231	5.0	315.0	8	2809.9989787277	2810.195820109081
2810.2692616771355	0.4968413813812731	trials	210626SL	p61	Z11111	42	11.0	90.0	4	2810.4192616771356	2810.6161030585167
2810.6695444862153	0.49684138138172784	trials	210626SL	p61	Z11111	286	0.0	135.0	12	2810.8195444862154	2811.016385867597
2811.099827505829	0.4968413813812731	trials	210626SL	p61	Z11111	295	9.0	135.0	12	2811.249827505829	2811.4466688872103
2811.510110385087	0.5268415919153995	trials	210626SL	p61	Z11111	111	5.0	315.0	4	2811.660110385087	2811.8869519770024
2811.9503934748786	0.5068414515590121	trials	210626SL	p61	Z11111	330	14.0	225.0	12	2812.1003934748787	2812.3072349264376
2816.183303180331	0.49680138110079497	trials	210626SL	p61	Z11111	127	6.0	0.0	8	2816.3333031803313	2816.530104561432
2816.603586129767	0.49684138138172784	trials	210626SL	p61	Z11111	259	3.0	45.0	12	2816.753586129767	2816.9504275111485
2817.003828938566	0.49684138138172784	trials	210626SL	p61	Z11111	237	11.0	315.0	8	2817.153828938566	2817.3506703199478
2817.4441520286387	0.49684138138172784	trials	210626SL	p61	Z11111	339	8.0	270.0	12	2817.5941520286387	2817.7909934100203
2817.844394837438	0.4968413813812731	trials	210626SL	p61	Z11111	287	1.0	135.0	12	2817.994394837438	2818.191236218819
2818.2747178573322	0.4968413813812731	trials	210626SL	p61	Z11111	353	7.0	315.0	12	2818.4247178573323	2818.6215592387134
2818.68500073659	0.5268415919149447	trials	210626SL	p61	Z11111	155	4.0	90.0	8	2818.8350007365902	2819.061842328505
2819.1352838965595	0.49684138138172784	trials	210626SL	p61	Z11111	300	14.0	135.0	12	2819.2852838965596	2819.482125277941
2836.417045175438	0.5168415217376605	trials	210626SL	p61	Z11111	288	2.0	135.0	12	2836.567045175438	2836.7838866971756
2836.8573282652296	0.4968413813812731	trials	210626SL	p61	Z11111	230	4.0	315.0	8	2837.0073282652297	2837.204169646611
2837.287651285124	0.5068414515594668	trials	210626SL	p61	Z11111	86	10.0	225.0	4	2837.437651285124	2837.6444927366833
2837.7279343749155	0.4968413813812731	trials	210626SL	p61	Z11111	172	6.0	135.0	8	2837.8779343749156	2838.0747757562967
2838.148217324351	0.49684138138172784	trials	210626SL	p61	Z11111	190	9.0	180.0	8	2838.2982173243513	2838.495058705733
2838.548500133431	0.49684138138172784	trials	210626SL	p61	Z11111	315	14.0	180.0	12	2838.698500133431	2838.8953415148126
2838.978783153045	0.5068414515594668	trials	210626SL	p61	Z11111	27	11.0	45.0	4	2839.128783153045	2839.335624604604
2839.4191062431173	0.49680138110079497	trials	210626SL	p61	Z11111	311	10.0	180.0	12	2839.5691062431174	2839.765907624218
2844.2223399509544	0.5268815921958776	trials	210626SL	p61	Z11111	53	7.0	135.0	4	2844.3723399509545	2844.59922154315
2844.672663111204	0.49684138138172784	trials	210626SL	p61	Z11111	32	1.0	90.0	4	2844.8226631112043	2845.019504492586
2845.072945920285	0.52684159191449	trials	210626SL	p61	Z11111	147	11.0	45.0	8	2845.222945920285	2845.4497875121992
2845.523229080254	0.4968413813812731	trials	210626SL	p61	Z11111	262	6.0	45.0	12	2845.6732290802543	2845.8700704616354
2845.923511889334	0.5268415919153995	trials	210626SL	p61	Z11111	100	9.0	270.0	4	2846.073511889334	2846.300353481249
2846.3738350495837	0.49684138138172784	trials	210626SL	p61	Z11111	314	13.0	180.0	12	2846.523835049584	2846.7206764309653
2846.784077928561	0.5268815921958776	trials	210626SL	p61	Z11111	278	7.0	90.0	12	2846.9340779285612	2847.160959520757
2847.2244010186337	0.4968413813812731	trials	210626SL	p61	Z11111	290	4.0	135.0	12	2847.3744010186338	2847.571242400015
2851.417230442813	0.5268815921963323	trials	210626SL	p61	Z11111	206	10.0	225.0	8	2851.567230442813	2851.794112035009
2851.8575535328855	0.5068414515594668	trials	210626SL	p61	Z11111	140	4.0	45.0	8	2852.0075535328856	2852.214394984445
2852.2678364121434	0.5268415919149447	trials	210626SL	p61	Z11111	107	1.0	315.0	4	2852.4178364121435	2852.6446780040583
2852.708119501935	0.4968413813812731	trials	210626SL	p61	Z11111	76	0.0	225.0	4	2852.858119501935	2853.054960883316
2853.12840245137	0.49684138138172784	trials	210626SL	p61	Z11111	305	4.0	180.0	12	2853.2784024513703	2853.475243832752
2853.5386853306286	0.5268815921958776	trials	210626SL	p61	Z11111	62	1.0	180.0	4	2853.6886853306287	2853.9155669228244
2856.180463869939	0.5268815921958776	trials	210626SL	p61	Z11111	72	11.0	180.0	4	2856.330463869939	2856.557345462135
2856.6307870301894	0.4968413813812731	trials	210626SL	p61	Z11111	338	7.0	270.0	12	2856.7807870301895	2856.9776284115705
2857.0610700498028	0.4968413813812731	trials	210626SL	p61	Z11111	205	9.0	225.0	8	2857.211070049803	2857.407911431184
2857.461352858883	0.49684138138172784	trials	210626SL	p61	Z11111	6	5.0	0.0	4	2857.611352858883	2857.8081942402646
2857.901635948674	0.49684138138172784	trials	210626SL	p61	Z11111	306	5.0	180.0	12	2858.051635948674	2858.2484773300557
2858.3019187577547	0.5268815921954229	trials	210626SL	p61	Z11111	263	7.0	45.0	12	2858.451918757755	2858.67880034995
2858.7522419180045	0.49684138138172784	trials	210626SL	p61	Z11111	253	12.0	0.0	12	2858.9022419180046	2859.099083299386
2859.1525247270843	0.5268415919153995	trials	210626SL	p61	Z11111	95	4.0	270.0	4	2859.3025247270843	2859.5293663189996
2863.285313729916	0.5268815921958776	trials	210626SL	p61	Z11111	328	12.0	225.0	12	2863.4353137299163	2863.662195322112
2863.71559674953	0.5368816623736166	trials	210626SL	p61	Z11111	360	14.0	315.0	12	2863.86559674953	2864.1024784119036
2864.16591990978	0.5068414515594668	trials	210626SL	p61	Z11111	187	6.0	180.0	8	2864.31591990978	2864.5227613613392
2864.6062029995715	0.49684138138172784	trials	210626SL	p61	Z11111	235	9.0	315.0	8	2864.7562029995715	2864.953044380953
2865.0064858086516	0.5268815921958776	trials	210626SL	p61	Z11111	249	8.0	0.0	12	2865.1564858086517	2865.3833674008474
2865.4568089689014	0.5268415919153995	trials	210626SL	p61	Z11111	20	4.0	45.0	4	2865.6068089689015	2865.8336505608167
2865.9070921288708	0.49684138138172784	trials	210626SL	p61	Z11111	176	10.0	135.0	8	2866.057092128871	2866.2539335102524
2866.3073749379514	0.5268415919149447	trials	210626SL	p61	Z11111	184	3.0	180.0	8	2866.4573749379515	2866.6842165298663
2870.5002443624116	0.5168415217372058	trials	210626SL	p61	Z11111	60	14.0	135.0	4	2870.6502443624117	2870.8670858841488
2870.930527382025	0.49684138138172784	trials	210626SL	p61	Z11111	128	7.0	0.0	8	2871.080527382025	2871.2773687634067
2871.360810401639	0.4968413813812731	trials	210626SL	p61	Z11111	261	5.0	45.0	12	2871.510810401639	2871.70765178302
2871.7910934212523	0.5068414515594668	trials	210626SL	p61	Z11111	49	3.0	135.0	4	2871.9410934212524	2872.1479348728117
2872.20137630051	0.5268815921958776	trials	210626SL	p61	Z11111	355	9.0	315.0	12	2872.3513763005103	2872.578257892706
2872.6516994607605	0.49684138138172784	trials	210626SL	p61	Z11111	30	14.0	45.0	4	2872.8016994607606	2872.998540842142
2873.05198226984	0.5268415919153995	trials	210626SL	p61	Z11111	212	1.0	270.0	8	2873.2019822698403	2873.4288238617555
2873.482265289454	0.5068414515594668	trials	210626SL	p61	Z11111	98	7.0	270.0	4	2873.632265289454	2873.8391067410134
2877.6350944329224	0.5068414515594668	trials	210626SL	p61	Z11111	356	10.0	315.0	12	2877.7850944329225	2877.991935884482
2878.0653774525363	0.4968413813812731	trials	210626SL	p61	Z11111	114	8.0	315.0	4	2878.2153774525364	2878.4122188339174
2878.485660401972	0.4968413813812731	trials	210626SL	p61	Z11111	129	8.0	0.0	8	2878.635660401972	2878.832501783353
2878.8859432110517	0.5368416620931384	trials	210626SL	p61	Z11111	359	13.0	315.0	12	2879.0359432110517	2879.2727848731447
2879.336226371021	0.5068414515599216	trials	210626SL	p61	Z11111	143	7.0	45.0	8	2879.486226371021	2879.693067822581
2879.746509250279	0.5268815921963323	trials	210626SL	p61	Z11111	282	11.0	90.0	12	2879.896509250279	2880.123390842475
2880.1767922698928	0.5268815921958776	trials	210626SL	p61	Z11111	265	9.0	45.0	12	2880.326792269893	2880.5536738620885
2880.607115289787	0.5068414515594668	trials	210626SL	p61	Z11111	1	0.0	0.0	4	2880.757115289787	2880.9639567413465
2884.6598637309153	0.5268415919149447	trials	210626SL	p61	Z11111	139	3.0	45.0	8	2884.8098637309154	2885.03670532283
2885.110186891165	0.4968013811012497	trials	210626SL	p61	Z11111	5	4.0	0.0	4	2885.260186891165	2885.4569882722662
2885.5104296999643	0.49684138138172784	trials	210626SL	p61	Z11111	223	12.0	270.0	8	2885.6604296999644	2885.857271081346
2885.950752790037	0.5268415919149447	trials	210626SL	p61	Z11111	250	9.0	0.0	12	2886.100752790037	2886.3275943819517
2886.401035950006	0.49684138138172784	trials	210626SL	p61	Z11111	221	10.0	270.0	8	2886.5510359500063	2886.747877331388
2886.83131896962	0.4968413813812731	trials	210626SL	p61	Z11111	216	5.0	270.0	8	2886.98131896962	2887.178160351001
2887.2316017786998	0.5268815921958776	trials	210626SL	p61	Z11111	291	5.0	135.0	12	2887.3816017787	2887.6084833708956
2889.913420599002	0.5268815921963323	trials	210626SL	p61	Z11111	314	13.0	180.0	12	2890.0634205990023	2890.2903021911984
2890.363743759253	0.4968413813812731	trials	210626SL	p61	Z11111	7	6.0	0.0	4	2890.513743759253	2890.710585140634
2890.7640265683326	0.5268415919149447	trials	210626SL	p61	Z11111	218	7.0	270.0	8	2890.9140265683327	2891.1408681602475
2891.1943095879465	0.5068414515590121	trials	210626SL	p61	Z11111	262	6.0	45.0	12	2891.3443095879466	2891.5511510395054
2891.6345926777376	0.49684138138172784	trials	210626SL	p61	Z11111	99	8.0	270.0	4	2891.7845926777377	2891.9814340591192
2892.0348754868182	0.5268415919149447	trials	210626SL	p61	Z11111	71	10.0	180.0	4	2892.1848754868183	2892.411717078733
2892.485198647068	0.49684138138172784	trials	210626SL	p61	Z11111	358	12.0	315.0	12	2892.635198647068	2892.8320400284497
2892.8854414558673	0.49684138138172784	trials	210626SL	p61	Z11111	154	3.0	90.0	8	2893.0354414558674	2893.232282837249
2897.008270388802	0.5068414515594668	trials	210626SL	p61	Z11111	26	10.0	45.0	4	2897.158270388802	2897.3651118403614
2897.438553408416	0.4968413813812731	trials	210626SL	p61	Z11111	343	12.0	270.0	12	2897.588553408416	2897.785394789797
2901.5413422007136	0.5168415217372058	trials	210626SL	p61	Z11111	32	1.0	90.0	4	2901.6913422007137	2901.9081837224508
2901.9816252905052	0.4968413813812731	trials	210626SL	p61	Z11111	63	2.0	180.0	4	2902.1316252905053	2902.3284666718864
2902.3819080995854	0.5068414515590121	trials	210626SL	p61	Z11111	200	4.0	225.0	8	2902.5319080995855	2902.7387495511443
2902.8221911893766	0.49684138138172784	trials	210626SL	p61	Z11111	144	8.0	45.0	8	2902.9721911893766	2903.169032570758
2903.2224739984567	0.5268815921958776	trials	210626SL	p61	Z11111	241	0.0	0.0	12	2903.372473998457	2903.5993555906525
2903.6527570180706	0.5068814518399449	trials	210626SL	p61	Z11111	352	6.0	315.0	12	2903.8027570180707	2904.0096384699104
2904.0930801081427	0.4968413813812731	trials	210626SL	p61	Z11111	309	8.0	180.0	12	2904.2430801081427	2904.439921489524
2904.493362917223	0.49684138138172784	trials	210626SL	p61	Z11111	292	6.0	135.0	12	2904.643362917223	2904.8402042986045
2908.6661922010467	0.5268415919149447	trials	210626SL	p61	Z11111	267	11.0	45.0	12	2908.8161922010468	2909.0430337929615
2909.106475290838	0.49684138138172784	trials	210626SL	p61	Z11111	350	4.0	315.0	12	2909.256475290838	2909.4533166722194
2909.5167581700957	0.5268815921963323	trials	210626SL	p61	Z11111	271	0.0	90.0	12	2909.666758170096	2909.893639762292
2909.9570812601683	0.5068414515594668	trials	210626SL	p61	Z11111	141	5.0	45.0	8	2910.1070812601683	2910.3139227117276
2910.39736434996	0.4968413813812731	trials	210626SL	p61	Z11111	229	3.0	315.0	8	2910.54736434996	2910.744205731341
2910.79764715904	0.4968413813812731	trials	210626SL	p61	Z11111	239	13.0	315.0	8	2910.94764715904	2911.144488540421
2911.1978899678393	0.5268815921958776	trials	210626SL	p61	Z11111	109	3.0	315.0	4	2911.3478899678394	2911.574771560035
2911.648213128089	0.5368816623736166	trials	210626SL	p61	Z11111	177	11.0	135.0	8	2911.798213128089	2912.0350947904626
2914.3000317378583	0.5268415919149447	trials	210626SL	p61	Z11111	146	10.0	45.0	8	2914.4500317378584	2914.676873329773
2914.750314897828	0.4968413813812731	trials	210626SL	p61	Z11111	319	3.0	225.0	12	2914.900314897828	2915.0971562792092
2915.1805979174414	0.49684138138172784	trials	210626SL	p61	Z11111	335	4.0	270.0	12	2915.3305979174415	2915.527439298823
2915.580880726521	0.49684138138172784	trials	210626SL	p61	Z11111	336	5.0	270.0	12	2915.7308807265213	2915.927722107903
2916.0212038165937	0.49684138138172784	trials	210626SL	p61	Z11111	181	0.0	180.0	8	2916.171203816594	2916.3680451979753
2916.421446625393	0.5268815921958776	trials	210626SL	p61	Z11111	204	8.0	225.0	8	2916.571446625393	2916.7983282175887
2916.8517696452873	0.49680138110079497	trials	210626SL	p61	Z11111	46	0.0	135.0	4	2917.0017696452874	2917.198571026388
2917.292052735079	0.4968413813812731	trials	210626SL	p61	Z11111	95	4.0	270.0	4	2917.442052735079	2917.63889411646
2921.4748820890804	0.5268815921958776	trials	210626SL	p61	Z11111	70	9.0	180.0	4	2921.6248820890805	2921.851763681276
2921.905205108975	0.4968413813812731	trials	210626SL	p61	Z11111	164	13.0	90.0	8	2922.0552051089753	2922.2520464903564
2922.3054479177745	0.5268815921954229	trials	210626SL	p61	Z11111	145	9.0	45.0	8	2922.4554479177746	2922.68232950997
2922.7557710780247	0.4968413813812731	trials	210626SL	p61	Z11111	73	12.0	180.0	4	2922.905771078025	2923.102612459406
2923.196054167816	0.49684138138172784	trials	210626SL	p61	Z11111	4	3.0	0.0	4	2923.346054167816	2923.5428955491975
2923.596336976896	0.5268815921958776	trials	210626SL	p61	Z11111	344	13.0	270.0	12	2923.746336976896	2923.973218569092
2924.0466601371463	0.4968413813812731	trials	210626SL	p61	Z11111	346	0.0	315.0	12	2924.1966601371464	2924.3935015185275
2924.4469029459456	0.5268815921958776	trials	210626SL	p61	Z11111	116	10.0	315.0	4	2924.5969029459457	2924.8237845381414
2928.5897320192357	0.49684138138172784	trials	210626SL	p61	Z11111	69	8.0	180.0	4	2928.739732019236	2928.9365734006174
2929.0100149686714	0.49684138138172784	trials	210626SL	p61	Z11111	75	14.0	180.0	4	2929.1600149686715	2929.356856350053
2929.4202978479293	0.5268815921963323	trials	210626SL	p61	Z11111	313	12.0	180.0	12	2929.5702978479294	2929.7971794401255
2929.860620938002	0.5068414515590121	trials	210626SL	p61	Z11111	176	10.0	135.0	8	2930.010620938002	2930.2174623895608
2930.300904027793	0.49684138138172784	trials	210626SL	p61	Z11111	295	9.0	135.0	12	2930.450904027793	2930.6477454091746
2930.701186836873	0.4968413813812731	trials	210626SL	p61	Z11111	68	7.0	180.0	4	2930.8511868368732	2931.0480282182543
2931.1314698564865	0.5068414515599216	trials	210626SL	p61	Z11111	289	3.0	135.0	12	2931.2814698564866	2931.4883113080464
2931.5417527357445	0.5268415919153995	trials	210626SL	p61	Z11111	340	9.0	270.0	12	2931.6917527357446	2931.91859432766
2935.704581949391	0.5268415919153995	trials	210626SL	p61	Z11111	72	11.0	180.0	4	2935.854581949391	2936.0814235413063
2936.1348649690044	0.5368816623736166	trials	210626SL	p61	Z11111	10	9.0	0.0	4	2936.2848649690045	2936.521746631378
2936.5851881292547	0.5068414515594668	trials	210626SL	p61	Z11111	273	2.0	90.0	12	2936.7351881292548	2936.942029580814
2936.9954710085126	0.5268415919153995	trials	210626SL	p61	Z11111	322	6.0	225.0	12	2937.1454710085127	2937.372312600428
2937.435754098304	0.5068414515594668	trials	210626SL	p61	Z11111	197	1.0	225.0	8	2937.5857540983043	2937.7925955498636
2937.876037188096	0.4968413813812731	trials	210626SL	p61	Z11111	294	8.0	135.0	12	2938.026037188096	2938.222878569477
2938.296320137531	0.49684138138172784	trials	210626SL	p61	Z11111	121	0.0	0.0	8	2938.446320137531	2938.6431615189126
2938.6966029466116	0.4968413813812731	trials	210626SL	p61	Z11111	14	13.0	0.0	4	2938.8466029466117	2939.043444327993
2942.879472300894	0.5268415919149447	trials	210626SL	p61	Z11111	324	8.0	225.0	12	2943.029472300894	2943.256313892809
2943.3097553205075	0.49684138138172784	trials	210626SL	p61	Z11111	36	5.0	90.0	4	2943.4597553205076	2943.656596701889
2943.7200381997654	0.49684138138172784	trials	210626SL	p61	Z11111	236	10.0	315.0	8	2943.8700381997655	2944.066879581147
2944.1503212193793	0.4968413813812731	trials	210626SL	p61	Z11111	107	1.0	315.0	4	2944.3003212193794	2944.4971626007605
2944.550604028459	0.5268415919149447	trials	210626SL	p61	Z11111	192	11.0	180.0	8	2944.700604028459	2944.927445620374
2945.000887188429	0.5268815921958776	trials	210626SL	p61	Z11111	112	6.0	315.0	4	2945.150887188429	2945.3777687806246
2945.4512103486786	0.49684138138172784	trials	210626SL	p61	Z11111	132	11.0	0.0	8	2945.6012103486787	2945.7980517300603
2945.8514931577583	0.5268415919153995	trials	210626SL	p61	Z11111	315	14.0	180.0	12	2946.0014931577584	2946.2283347496736
2950.0443225819386	0.5168415217372058	trials	210626SL	p61	Z11111	331	0.0	270.0	12	2950.1943225819386	2950.4111641036757
2950.464605531374	0.5068414515594668	trials	210626SL	p61	Z11111	320	4.0	225.0	12	2950.6146055313743	2950.8214469829336
2961.9024057988636	0.4968413813812731	trials	210626SL	p61	Z11111	353	7.0	315.0	12	2962.0524057988637	2962.2492471802448
2962.332688818477	0.49684138138172784	trials	210626SL	p61	Z11111	300	14.0	135.0	12	2962.482688818477	2962.6795301998586
2962.762971838091	0.4968413813812731	trials	210626SL	p61	Z11111	323	7.0	225.0	12	2962.912971838091	2963.109813219472
2963.163254647171	0.5268415919149447	trials	210626SL	p61	Z11111	183	2.0	180.0	8	2963.313254647171	2963.540096239086
2963.6135378071403	0.4968413813812731	trials	210626SL	p61	Z11111	15	14.0	0.0	4	2963.7635378071404	2963.9603791885215
2964.0138206162205	0.5068414515590121	trials	210626SL	p61	Z11111	191	10.0	180.0	8	2964.1638206162206	2964.3706620677794
2964.4541437062926	0.4968413813812731	trials	210626SL	p61	Z11111	235	9.0	315.0	8	2964.6041437062927	2964.800985087674
2964.854386515092	0.5268815921954229	trials	210626SL	p61	Z11111	61	0.0	180.0	4	2965.004386515092	2965.231268107287
2969.0572560097303	0.5068414515590121	trials	210626SL	p61	Z11111	231	5.0	315.0	8	2969.2072560097304	2969.414097461289
2969.4875790296246	0.49680138110079497	trials	210626SL	p61	Z11111	298	12.0	135.0	12	2969.6375790296247	2969.8343804107253
2969.887821838424	0.5268815921958776	trials	210626SL	p61	Z11111	304	3.0	180.0	12	2970.037821838424	2970.2647034306196
2970.3381449986737	0.49684138138172784	trials	210626SL	p61	Z11111	27	11.0	45.0	4	2970.4881449986738	2970.6849863800553
2970.75842794811	0.49684138138172784	trials	210626SL	p61	Z11111	240	14.0	315.0	8	2970.90842794811	2971.1052693294914
2971.158670756909	0.49684138138172784	trials	210626SL	p61	Z11111	286	0.0	135.0	12	2971.308670756909	2971.5055121382907
2971.5589535659888	0.5268815921963323	trials	210626SL	p61	Z11111	52	6.0	135.0	4	2971.708953565989	2971.935835158185
2972.009276726239	0.4968413813812731	trials	210626SL	p61	Z11111	233	7.0	315.0	8	2972.159276726239	2972.35611810762
2976.132065658893	0.5268815921958776	trials	210626SL	p61	Z11111	120	14.0	315.0	4	2976.2820656588933	2976.508947251089
2976.5723887489653	0.5068414515594668	trials	210626SL	p61	Z11111	48	2.0	135.0	4	2976.7223887489654	2976.9292302005247
2977.012671838757	0.4968413813812731	trials	210626SL	p61	Z11111	202	6.0	225.0	8	2977.162671838757	2977.359513220138
2977.4129546478366	0.5268415919153995	trials	210626SL	p61	Z11111	130	9.0	0.0	8	2977.5629546478367	2977.789796239752
2977.853237737628	0.5268815921958776	trials	210626SL	p61	Z11111	24	8.0	45.0	4	2978.0032377376283	2978.230119329824
2978.2935608277003	0.5068414515599216	trials	210626SL	p61	Z11111	0			0	2978.4435608277004	2978.65040227926
2978.703843706958	0.4968013811012497	trials	210626SL	p61	Z11111	124	3.0	0.0	8	2978.8538437069583	2979.0506450880594
2979.134126726572	0.4968413813812731	trials	210626SL	p61	Z11111	199	3.0	225.0	8	2979.284126726572	2979.4809681079532
2983.3769965019223	0.516841521736751	trials	210626SL	p61	Z11111	308	7.0	180.0	12	2983.5269965019224	2983.743838023659
2983.8072795215353	0.5268815921958776	trials	210626SL	p61	Z11111	111	5.0	315.0	4	2983.9572795215354	2984.184161113731
2984.257602681786	0.49684138138081835	trials	210626SL	p61	Z11111	325	9.0	225.0	12	2984.407602681786	2984.6044440631667
2984.6878857013994	0.4968413813812731	trials	210626SL	p61	Z11111	108	2.0	315.0	4	2984.8378857013995	2985.0347270827806
2985.0881685104796	0.5268415919149447	trials	210626SL	p61	Z11111	328	12.0	225.0	12	2985.2381685104797	2985.4650101023944
2985.5384916707294	0.5068414515590121	trials	210626SL	p61	Z11111	100	9.0	270.0	4	2985.6884916707295	2985.8953331222883
2985.948734549707	0.5268815921954229	trials	210626SL	p61	Z11111	97	6.0	270.0	4	2986.098734549707	2986.325616141902
2986.379057569601	0.4968013811003402	trials	210626SL	p61	Z11111	23	7.0	45.0	4	2986.5290575696013	2986.7258589507014
2993.1736652523796	0.5268415919153995	trials	210626SL	p61	Z11111	40	9.0	90.0	4	2993.3236652523797	2993.550506844295
2993.6139483421716	0.5068814518394902	trials	210626SL	p61	Z11111	316	0.0	225.0	12	2993.7639483421717	2993.970829794011
2994.0242312214295	0.5268815921954229	trials	210626SL	p61	Z11111	3	2.0	0.0	4	2994.1742312214296	2994.401112813625
2994.4745543816794	0.5268415919149447	trials	210626SL	p61	Z11111	342	11.0	270.0	12	2994.6245543816794	2994.851395973594
2994.9248375416487	0.49684138138172784	trials	210626SL	p61	Z11111	188	7.0	180.0	8	2995.074837541649	2995.2716789230303
2995.345160491365	0.4968013811012497	trials	210626SL	p61	Z11111	189	8.0	180.0	8	2995.495160491365	2995.691961872466
2995.745403300164	0.49684138138172784	trials	210626SL	p61	Z11111	171	5.0	135.0	8	2995.895403300164	2996.0922446815457
2996.175726320059	0.49680138110079497	trials	210626SL	p61	Z11111	257	1.0	45.0	12	2996.325726320059	2996.5225277011596
3000.7688385533183	0.5268415919153995	trials	210626SL	p61	Z11111	85	9.0	225.0	4	3000.9188385533184	3001.1456801452337
3001.2091216431104	0.5068414515590121	trials	210626SL	p61	Z11111	12	11.0	0.0	4	3001.3591216431105	3001.5659630946693
3001.6194045223683	0.5268815921954229	trials	210626SL	p61	Z11111	303	2.0	180.0	12	3001.7694045223684	3001.9962861145636
3002.069727682618	0.49684138138172784	trials	210626SL	p61	Z11111	66	5.0	180.0	4	3002.219727682618	3002.4165690639998
3002.4699704914174	0.5268815921958776	trials	210626SL	p61	Z11111	39	8.0	90.0	4	3002.6199704914175	3002.846852083613
3002.9202936516676	0.4968413813812731	trials	210626SL	p61	Z11111	280	9.0	90.0	12	3003.0702936516677	3003.267135033049
3003.320576460748	0.5268415919149447	trials	210626SL	p61	Z11111	138	2.0	45.0	8	3003.470576460748	3003.6974180526627
3003.7708596207167	0.49684138138172784	trials	210626SL	p61	Z11111	288	2.0	135.0	12	3003.920859620717	3004.1177010020983
3007.873648413015	0.5268815921963323	trials	210626SL	p61	Z11111	156	5.0	90.0	8	3008.023648413015	3008.250530005211
3008.323971573265	0.4968413813812731	trials	210626SL	p61	Z11111	270	14.0	45.0	12	3008.4739715732653	3008.6708129546464
3008.7542545928786	0.49684138138172784	trials	210626SL	p61	Z11111	31	0.0	90.0	4	3008.9042545928787	3009.1010959742603
3009.154537401959	0.5368816623740713	trials	210626SL	p61	Z11111	119	13.0	315.0	4	3009.304537401959	3009.541419064333
3009.5948204917504	0.5268815921958776	trials	210626SL	p61	Z11111	274	3.0	90.0	12	3009.7448204917505	3009.971702083946
3010.0451436520007	0.4968413813812731	trials	210626SL	p61	Z11111	6	5.0	0.0	4	3010.1951436520008	3010.391985033382
3010.475426671614	0.49684138138172784	trials	210626SL	p61	Z11111	126	5.0	0.0	8	3010.625426671614	3010.8222680529957
3010.885709550872	0.49684138138172784	trials	210626SL	p61	Z11111	159	8.0	90.0	8	3011.035709550872	3011.2325509322536
3015.1686196072137	0.5268815921963323	trials	210626SL	p61	Z11111	86	10.0	225.0	4	3015.318619607214	3015.54550119941
3015.6089026970058	0.49684138138172784	trials	210626SL	p61	Z11111	84	8.0	225.0	4	3015.758902697006	3015.9557440783874
3016.0191855762637	0.5268815921954229	trials	210626SL	p61	Z11111	310	9.0	180.0	12	3016.1691855762638	3016.396067168459
3016.4695087365135	0.5268415919149447	trials	210626SL	p61	Z11111	287	1.0	135.0	12	3016.6195087365136	3016.8463503284283
3027.927309144359	0.5268415919153995	trials	210626SL	p61	Z11111	53	7.0	135.0	4	3028.077309144359	3028.304150736274
3030.5790877538475	0.4968413813812731	trials	210626SL	p61	Z11111	347	1.0	315.0	12	3030.7290877538476	3030.9259291352287
3030.9994107035636	0.49680138110079497	trials	210626SL	p61	Z11111	22	6.0	45.0	4	3031.1494107035637	3031.3462120846643
3031.429693723177	0.5068414515599216	trials	210626SL	p61	Z11111	161	10.0	90.0	8	3031.579693723177	3031.786535174737
3031.839976602435	0.5268415919153995	trials	210626SL	p61	Z11111	338	7.0	270.0	12	3031.989976602435	3032.2168181943503
3034.631876195256	0.5268415919149447	trials	210626SL	p61	Z11111	42	11.0	90.0	4	3034.7818761952562	3035.008717787171
3035.0821593552255	0.4968413813812731	trials	210626SL	p61	Z11111	153	2.0	90.0	8	3035.2321593552256	3035.4290007366067
3035.482442164305	0.5268415919149447	trials	210626SL	p61	Z11111	318	2.0	225.0	12	3035.6324421643053	3035.85928375622
3035.9327653245555	0.49680138110079497	trials	210626SL	p61	Z11111	8	7.0	0.0	4	3036.0827653245556	3036.279566705656
3036.3530482739916	0.49684138138081835	trials	210626SL	p61	Z11111	215	4.0	270.0	8	3036.5030482739917	3036.6998896553723
3036.753291082791	0.49684138138081835	trials	210626SL	p61	Z11111	133	12.0	0.0	8	3036.903291082791	3037.1001324641716
3037.183614102685	0.5068414515590121	trials	210626SL	p61	Z11111	170	4.0	135.0	8	3037.3336141026853	3037.540455554244
3037.6038970521204	0.49684138138172784	trials	210626SL	p61	Z11111	334	3.0	270.0	12	3037.7538970521205	3037.950738433502
3042.3170901280764	0.5168415217372058	trials	210626SL	p61	Z11111	293	7.0	135.0	12	3042.4670901280765	3042.6839316498135
3042.737373077512	0.5368816623736166	trials	210626SL	p61	Z11111	98	7.0	270.0	4	3042.887373077512	3043.1242547398856
3043.1776561673037	0.5268815921958776	trials	210626SL	p61	Z11111	248	7.0	0.0	12	3043.3276561673038	3043.5545377594995
3043.627979327554	0.4968413813812731	trials	210626SL	p61	Z11111	228	2.0	315.0	8	3043.777979327554	3043.974820708935
3044.0282621366337	0.49684138138172784	trials	210626SL	p61	Z11111	254	13.0	0.0	12	3044.1782621366337	3044.3751035180153
3044.4585451562475	0.49684138138172784	trials	210626SL	p61	Z11111	13	12.0	0.0	4	3044.6085451562476	3044.805386537629
3044.8688280355054	0.5268415919149447	trials	210626SL	p61	Z11111	220	9.0	270.0	8	3045.0188280355055	3045.2456696274203
3045.2991110551193	0.4968413813812731	trials	210626SL	p61	Z11111	349	3.0	315.0	12	3045.4491110551194	3045.6459524365005
3049.481940409121	0.5068814518399449	trials	210626SL	p61	Z11111	217	6.0	270.0	8	3049.631940409121	3049.8388218609607
3049.912263429015	0.49684138138172784	trials	210626SL	p61	Z11111	357	11.0	315.0	12	3050.0622634290153	3050.259104810397
3050.3125062378144	0.5068814518399449	trials	210626SL	p61	Z11111	251	10.0	0.0	12	3050.4625062378145	3050.6693876896543
3053.714850114574	0.516841521736751	trials	210626SL	p61	Z11111	185	4.0	180.0	8	3053.864850114574	3054.0816916363106
3054.1351330640096	0.52684159191449	trials	210626SL	p61	Z11111	49	3.0	135.0	4	3054.2851330640096	3054.511974655924
3054.565416083623	0.5268815921958776	trials	210626SL	p61	Z11111	348	2.0	315.0	12	3054.715416083623	3054.9422976758187
3055.015739243873	0.4968413813812731	trials	210626SL	p61	Z11111	194	13.0	180.0	8	3055.1657392438733	3055.3625806252544
3055.4159820526725	0.5368816623736166	trials	210626SL	p61	Z11111	79	3.0	225.0	4	3055.5659820526726	3055.802863715046
3055.8663052129223	0.5068414515594668	trials	210626SL	p61	Z11111	28	12.0	45.0	4	3056.0163052129224	3056.2231466644816
3056.27658809218	0.5268415919153995	trials	210626SL	p61	Z11111	64	3.0	180.0	4	3056.4265880921803	3056.6534296840955
3056.706871111794	0.5268815921958776	trials	210626SL	p61	Z11111	163	12.0	90.0	8	3056.856871111794	3057.08375270399
3066.8837825306955	0.5168815220176839	trials	210626SL	p61	Z11111	330	14.0	225.0	12	3067.0337825306956	3067.250664052713
3070.15604549458	0.5268415919153995	trials	210626SL	p61	Z11111	211	0.0	270.0	8	3070.3060454945803	3070.5328870864955
3070.60632865455	0.4968413813812731	trials	210626SL	p61	Z11111	0			0	3070.75632865455	3070.953170035931
3071.0366116741634	0.49684138138172784	trials	210626SL	p61	Z11111	123	2.0	0.0	8	3071.1866116741635	3071.383453055545
3071.436894483244	0.5368816623736166	trials	210626SL	p61	Z11111	285	14.0	90.0	12	3071.586894483244	3071.8237761456176
3071.877177573035	0.49684138138172784	trials	210626SL	p61	Z11111	19	3.0	45.0	4	3072.0271775730353	3072.224018954417
3072.3075005929295	0.4968413813812731	trials	210626SL	p61	Z11111	55	9.0	135.0	4	3072.4575005929296	3072.6543419743107
3072.7277835423656	0.49684138138081835	trials	210626SL	p61	Z11111	198	2.0	225.0	8	3072.8777835423657	3073.0746249237463
3073.128026351165	0.5368816623736166	trials	210626SL	p61	Z11111	0			0	3073.278026351165	3073.5149080135384
3077.3809361969734	0.52684159191449	trials	210626SL	p61	Z11111	265	9.0	45.0	12	3077.5309361969735	3077.757777788888
3077.811219216587	0.5068414515594668	trials	210626SL	p61	Z11111	76	0.0	225.0	4	3077.961219216587	3078.168060668146
3078.241542236481	0.5068414515590121	trials	210626SL	p61	Z11111	281	10.0	90.0	12	3078.391542236481	3078.59838368804
3078.6818253262722	0.49684138138172784	trials	210626SL	p61	Z11111	203	7.0	225.0	8	3078.8318253262723	3079.028666707654
3079.082108135353	0.5268415919149447	trials	210626SL	p61	Z11111	89	13.0	225.0	4	3079.232108135353	3079.4589497272677
3079.522391225144	0.5268815921958776	trials	210626SL	p61	Z11111	140	4.0	45.0	8	3079.672391225144	3079.89927281734
3079.9727143853943	0.4968413813812731	trials	210626SL	p61	Z11111	326	10.0	225.0	12	3080.1227143853944	3080.3195557667755
3080.3729571941935	0.4968413813812731	trials	210626SL	p61	Z11111	18	2.0	45.0	4	3080.5229571941936	3080.7197985755747
3084.5758266888315	0.5268815921963323	trials	210626SL	p61	Z11111	329	13.0	225.0	12	3084.7258266888316	3084.9527082810278
3085.016149778904	0.5368416620931384	trials	210626SL	p61	Z11111	355	9.0	315.0	12	3085.166149778904	3085.402991440997
3085.4764330090516	0.4968413813812731	trials	210626SL	p61	Z11111	196	0.0	225.0	8	3085.6264330090517	3085.8232743904327
3085.9067160286654	0.49684138138081835	trials	210626SL	p61	Z11111	253	12.0	0.0	12	3086.0567160286655	3086.253557410046
3086.306998837745	0.5268815921958776	trials	210626SL	p61	Z11111	278	7.0	90.0	12	3086.4569988377452	3086.683880429941
3086.757321997995	0.49684138138172784	trials	210626SL	p61	Z11111	29	13.0	45.0	4	3086.907321997995	3087.1041633793766
3087.167604877253	0.5268415919149447	trials	210626SL	p61	Z11111	190	9.0	180.0	8	3087.317604877253	3087.5444464691677
3087.5978878968667	0.5268415919149447	trials	210626SL	p61	Z11111	57	11.0	135.0	4	3087.747887896867	3087.9747294887816
3091.7807172508687	0.5068414515590121	trials	210626SL	p61	Z11111	92	1.0	270.0	4	3091.930717250869	3092.1375587024277
3092.1910001301267	0.5368816623736166	trials	210626SL	p61	Z11111	212	1.0	270.0	8	3092.3410001301268	3092.5778817925
3092.651323360554	0.49684138138172784	trials	210626SL	p61	Z11111	354	8.0	315.0	12	3092.8013233605543	3092.998164741936
3093.081606380168	0.5268815921958776	trials	210626SL	p61	Z11111	175	9.0	135.0	8	3093.231606380168	3093.458487972364
3093.531929540418	0.49684138138172784	trials	210626SL	p61	Z11111	44	13.0	90.0	4	3093.681929540418	3093.8787709217995
3093.942212419676	0.5268415919153995	trials	210626SL	p61	Z11111	206	10.0	225.0	8	3094.092212419676	3094.319054011591
3094.382495509468	0.4968413813812731	trials	210626SL	p61	Z11111	234	8.0	315.0	8	3094.532495509468	3094.729336890849
3094.802778458903	0.49684138138172784	trials	210626SL	p61	Z11111	51	5.0	135.0	4	3094.952778458903	3095.1496198402847
3098.905567251202	0.5068414515590121	trials	210626SL	p61	Z11111	242	1.0	0.0	12	3099.055567251202	3099.2624087027607
3101.3472243861124	0.5268815921958776	trials	210626SL	p61	Z11111	266	10.0	45.0	12	3101.4972243861125	3101.724105978308
3101.7975475463627	0.4968413813812731	trials	210626SL	p61	Z11111	45	14.0	90.0	4	3101.947547546363	3102.144388927744
3102.1978303554424	0.5268415919153995	trials	210626SL	p61	Z11111	210	14.0	225.0	8	3102.3478303554425	3102.5746719473577
3102.6481135154118	0.49684138138172784	trials	210626SL	p61	Z11111	201	5.0	225.0	8	3102.798113515412	3102.9949548967934
3103.0483963244915	0.49684138138172784	trials	210626SL	p61	Z11111	91	0.0	270.0	4	3103.1983963244916	3103.395237705873
3103.4786793441053	0.5068414515594668	trials	210626SL	p61	Z11111	184	3.0	180.0	8	3103.6286793441054	3103.8355207956647
3103.918962433897	0.49688138166220597	trials	210626SL	p61	Z11111	226	0.0	315.0	8	3104.068962433897	3104.265843815559
3104.319245242977	0.4968413813812731	trials	210626SL	p61	Z11111	306	5.0	180.0	12	3104.469245242977	3104.6660866243583
3108.522114737615	0.5068414515599216	trials	210626SL	p61	Z11111	74	13.0	180.0	4	3108.672114737615	3108.878956189175
3108.952397757229	0.49684138138172784	trials	210626SL	p61	Z11111	167	1.0	135.0	8	3109.102397757229	3109.2992391386106
3109.352680566309	0.5068414515594668	trials	210626SL	p61	Z11111	186	5.0	180.0	8	3109.502680566309	3109.7095220178685
3109.7929636561007	0.5268815921958776	trials	210626SL	p61	Z11111	80	4.0	225.0	4	3109.942963656101	3110.1698452482965
3110.2432868163505	0.49684138138172784	trials	210626SL	p61	Z11111	169	3.0	135.0	8	3110.3932868163506	3110.590128197732
3110.6435696254307	0.5268415919149447	trials	210626SL	p61	Z11111	238	12.0	315.0	8	3110.793569625431	3111.0204112173456
3111.0938527854005	0.49684138138081835	trials	210626SL	p61	Z11111	195	14.0	180.0	8	3111.2438527854006	3111.440694166781
3111.49413559448	0.5368816623736166	trials	210626SL	p61	Z11111	249	8.0	0.0	12	3111.6441355944803	3111.8810172568537
3115.7070051592964	0.4968413813812731	trials	210626SL	p61	Z11111	360	14.0	315.0	12	3115.8570051592965	3116.0538465406776
3116.127288108732	0.49684138138172784	trials	210626SL	p61	Z11111	105	14.0	270.0	4	3116.277288108732	3116.4741294901137
3116.527570917812	0.5068414515594668	trials	210626SL	p61	Z11111	252	11.0	0.0	12	3116.6775709178123	3116.8844123693716
3116.967854007604	0.49684138138172784	trials	210626SL	p61	Z11111	173	7.0	135.0	8	3117.117854007604	3117.3146953889855
3117.3681368166835	0.5268415919153995	trials	210626SL	p61	Z11111	172	6.0	135.0	8	3117.5181368166836	3117.744978408599
3117.818459976934	0.49680138110079497	trials	210626SL	p61	Z11111	104	13.0	270.0	4	3117.968459976934	3118.1652613580345
3118.218702785733	0.5268815921958776	trials	210626SL	p61	Z11111	296	10.0	135.0	12	3118.368702785733	3118.595584377929
3118.6690259459833	0.4968413813812731	trials	210626SL	p61	Z11111	205	9.0	225.0	8	3118.8190259459834	3119.0158673273645
3130.757230777842	0.5168815220176839	trials	210626SL	p61	Z11111	259	3.0	45.0	12	3130.907230777842	3131.1241122998595
3131.197553867914	0.4968413813812731	trials	210626SL	p61	Z11111	207	11.0	225.0	8	3131.347553867914	3131.544395249295
3131.597796676713	0.5268815921958776	trials	210626SL	p61	Z11111	117	11.0	315.0	4	3131.7477966767133	3131.974678268909
3132.0481198369635	0.4968413813812731	trials	210626SL	p61	Z11111	345	14.0	270.0	12	3132.1981198369635	3132.3949612183446
3132.448402646043	0.5068414515594668	trials	210626SL	p61	Z11111	214	3.0	270.0	8	3132.5984026460433	3132.8052440976026
3132.8886857358348	0.4968413813812731	trials	210626SL	p61	Z11111	299	13.0	135.0	12	3133.038685735835	3133.235527117216
3133.288968544915	0.4968413813812731	trials	210626SL	p61	Z11111	62	1.0	180.0	4	3133.438968544915	3133.635809926296
3133.6892513539947	0.5268415919153995	trials	210626SL	p61	Z11111	297	11.0	135.0	12	3133.8392513539948	3134.06609294591
3138.0121616910483	0.5068414515594668	trials	210626SL	p61	Z11111	237	11.0	315.0	8	3138.1621616910484	3138.3690031426077
3138.422444570306	0.5068414515594668	trials	210626SL	p61	Z11111	129	8.0	0.0	8	3138.5724445703063	3138.7792860218656
3138.85272758992	0.49684138138172784	trials	210626SL	p61	Z11111	118	12.0	315.0	4	3139.00272758992	3139.1995689713017
3139.263010469178	0.4968413813812731	trials	210626SL	p61	Z11111	341	10.0	270.0	12	3139.413010469178	3139.609851850559
3139.6933334890723	0.49684138138172784	trials	210626SL	p61	Z11111	134	13.0	0.0	8	3139.8433334890724	3140.040174870454
3140.0935762978716	0.5268815921958776	trials	210626SL	p61	Z11111	11	10.0	0.0	4	3140.2435762978716	3140.4704578900673
3140.5438994581214	0.49684138138172784	trials	210626SL	p61	Z11111	101	10.0	270.0	4	3140.6938994581215	3140.890740839503
3140.964182407557	0.49684138138172784	trials	210626SL	p61	Z11111	81	5.0	225.0	4	3141.114182407557	3141.3110237889387
3145.3571732364176	0.5168415217372058	trials	210626SL	p61	Z11111	263	7.0	45.0	12	3145.5071732364177	3145.7240147581547
3145.797456326209	0.5268815921954229	trials	210626SL	p61	Z11111	243	2.0	0.0	12	3145.9474563262092	3146.1743379184045
3146.2477794864594	0.4968413813812731	trials	210626SL	p61	Z11111	327	11.0	225.0	12	3146.3977794864595	3146.5946208678406
3146.6580623657173	0.5268415919149447	trials	210626SL	p61	Z11111	279	8.0	90.0	12	3146.8080623657174	3147.034903957632
3147.0983454555085	0.5068414515590121	trials	210626SL	p61	Z11111	158	7.0	90.0	8	3147.2483454555086	3147.4551869070674
3147.538668545581	0.4968413813812731	trials	210626SL	p61	Z11111	179	13.0	135.0	8	3147.688668545581	3147.885509926962
3147.9389113543803	0.4968413813812731	trials	210626SL	p61	Z11111	56	10.0	135.0	4	3148.0889113543803	3148.2857527357614
3148.3692343742746	0.5068414515590121	trials	210626SL	p61	Z11111	275	4.0	90.0	12	3148.5192343742747	3148.7260758258335
3152.4920233069283	0.5268415919149447	trials	210626SL	p61	Z11111	317	1.0	225.0	12	3152.6420233069284	3152.868864898843
3152.9423464671786	0.5268415919149447	trials	210626SL	p61	Z11111	157	6.0	90.0	8	3153.0923464671787	3153.3191880590934
3153.392629627148	0.49684138138172784	trials	210626SL	p61	Z11111	165	14.0	90.0	8	3153.542629627148	3153.7394710085296
3153.7929124362277	0.49684138138172784	trials	210626SL	p61	Z11111	90	14.0	225.0	4	3153.9429124362277	3154.1397538176093
3154.2231954558415	0.49684138138172784	trials	210626SL	p61	Z11111	166	0.0	135.0	8	3154.3731954558416	3154.570036837223
3154.6334783350994	0.5268815921954229	trials	210626SL	p61	Z11111	77	1.0	225.0	4	3154.7834783350995	3155.0103599272948
3155.0737614248906	0.49684138138172784	trials	210626SL	p61	Z11111	47	1.0	135.0	4	3155.2237614248907	3155.420602806272
3155.4940843746076	0.5068414515590121	trials	210626SL	p61	Z11111	103	12.0	270.0	4	3155.6440843746077	3155.8509258261665
3160.3773986444294	0.5068414515590121	trials	210626SL	p61	Z11111	356	10.0	315.0	12	3160.5273986444295	3160.7342400959883
3160.7976815938646	0.5068414515599216	trials	210626SL	p61	Z11111	106	0.0	315.0	4	3160.9476815938647	3161.1545230454244
3161.2379646836566	0.4968413813812731	trials	210626SL	p61	Z11111	276	5.0	90.0	12	3161.3879646836567	3161.584806065038
3161.6382474927364	0.5268415919149447	trials	210626SL	p61	Z11111	277	6.0	90.0	12	3161.7882474927364	3162.015089084651
3162.06853051235	0.5268815921958776	trials	210626SL	p61	Z11111	2	1.0	0.0	4	3162.2185305123503	3162.445412104546
3162.5188536726	0.5068414515599216	trials	210626SL	p61	Z11111	305	4.0	180.0	12	3162.6688536726	3162.87569512416
3162.959136762392	0.49684138138081835	trials	210626SL	p61	Z11111	224	13.0	270.0	8	3163.109136762392	3163.305978143773
3163.359419571472	0.5268415919149447	trials	210626SL	p61	Z11111	41	10.0	90.0	4	3163.509419571472	3163.7362611633866
3168.0626125772496	0.5068414515590121	trials	210626SL	p61	Z11111	152	1.0	90.0	8	3168.2126125772497	3168.4194540288086
3168.492895596863	0.49684138138172784	trials	210626SL	p61	Z11111	113	7.0	315.0	4	3168.642895596863	3168.8397369782447
3168.9131785462987	0.49684138138172784	trials	210626SL	p61	Z11111	244	3.0	0.0	12	3169.063178546299	3169.2600199276803
3169.343501566193	0.5068414515599216	trials	210626SL	p61	Z11111	50	4.0	135.0	4	3169.493501566193	3169.700343017753
3169.753784445451	0.5268415919153995	trials	210626SL	p61	Z11111	290	4.0	135.0	12	3169.903784445451	3170.1306260373663
3170.184067465065	0.49684138138172784	trials	210626SL	p61	Z11111	88	12.0	225.0	4	3170.334067465065	3170.5309088464464
3170.6143504846787	0.5068414515590121	trials	210626SL	p61	Z11111	182	1.0	180.0	8	3170.7643504846787	3170.9711919362376
3171.0246333639366	0.5268415919149447	trials	210626SL	p61	Z11111	37	6.0	90.0	4	3171.1746333639367	3171.4014749558514
3175.207462717938	0.5068414515594668	trials	210626SL	p61	Z11111	25	9.0	45.0	4	3175.3574627179382	3175.5643041694975
3175.637745737552	0.49684138138172784	trials	210626SL	p61	Z11111	256	0.0	45.0	12	3175.787745737552	3175.9845871189336
3176.0380285466317	0.5268815921963323	trials	210626SL	p61	Z11111	312	11.0	180.0	12	3176.188028546632	3176.414910138828
3182.0321106115316	0.5168415217372058	trials	210626SL	p61	Z11111	136	0.0	45.0	8	3182.1821106115317	3182.3989521332687
3182.4724337016037	0.49680138110079497	trials	210626SL	p61	Z11111	43	12.0	90.0	4	3182.6224337016038	3182.8192350827044
3186.064858912304	0.5168415217372058	trials	210626SL	p61	Z11111	60	14.0	135.0	4	3186.214858912304	3186.431700434041
3186.505142002095	0.49684138138172784	trials	210626SL	p61	Z11111	135	14.0	0.0	8	3186.655142002095	3186.8519833834766
3186.915424881353	0.5268815921963323	trials	210626SL	p61	Z11111	180	14.0	135.0	8	3187.065424881353	3187.292306473549
3196.8521746148626	0.5168815220181386	trials	210626SL	p61	Z11111	225	14.0	270.0	8	3197.0021746148627	3197.2190561368807
3197.2824976347574	0.52684159191449	trials	210626SL	p61	Z11111	151	0.0	90.0	8	3197.4324976347575	3197.659339226672
3197.7227807245486	0.5068414515590121	trials	210626SL	p61	Z11111	245	4.0	0.0	12	3197.8727807245486	3198.0796221761075
3200.2345183512657	0.4968013811012497	trials	210626SL	p61	Z11111	33	2.0	90.0	4	3200.384518351266	3200.581319732367
3200.644761230243	0.49684138138172784	trials	210626SL	p61	Z11111	283	12.0	90.0	12	3200.7947612302432	3200.991602611625
3201.0750842501375	0.49684138138172784	trials	210626SL	p61	Z11111	247	6.0	0.0	12	3201.2250842501376	3201.421925631519
3201.5053672697513	0.5068414515590121	trials	210626SL	p61	Z11111	82	6.0	225.0	4	3201.6553672697514	3201.8622087213103
3201.9156501490093	0.5268415919149447	trials	210626SL	p61	Z11111	209	13.0	225.0	8	3202.0656501490093	3202.292491740924
3202.3559332388004	0.5068414515594668	trials	210626SL	p61	Z11111	282	11.0	90.0	12	3202.5059332388005	3202.7127746903598
3202.7662161180583	0.5268415919149447	trials	210626SL	p61	Z11111	131	10.0	0.0	8	3202.9162161180584	3203.143057709973
3203.2165392783086	0.4968413813812731	trials	210626SL	p61	Z11111	227	1.0	315.0	8	3203.3665392783087	3203.5633806596898
3207.3893685621324	0.5168415217372058	trials	210626SL	p61	Z11111	149	13.0	45.0	8	3207.5393685621325	3207.7562100838695
3207.8096515115685	0.5068414515590121	trials	210626SL	p61	Z11111	174	8.0	135.0	8	3207.9596515115686	3208.1664929631274
3208.2499346013597	0.49684138138172784	trials	210626SL	p61	Z11111	272	1.0	90.0	12	3208.3999346013597	3208.5967759827413
3208.680257621254	0.5068414515594668	trials	210626SL	p61	Z11111	150	14.0	45.0	8	3208.830257621254	3209.0370990728134
3209.090540500512	0.5268415919153995	trials	210626SL	p61	Z11111	311	10.0	180.0	12	3209.240540500512	3209.467382092427
3209.5308235903035	0.5068414515594668	trials	210626SL	p61	Z11111	208	12.0	225.0	8	3209.6808235903036	3209.887665041863
3209.9411064695614	0.5268415919149447	trials	210626SL	p61	Z11111	0			0	3210.0911064695615	3210.3179480614763
3210.391389629531	0.49684138138081835	trials	210626SL	p61	Z11111	359	13.0	315.0	12	3210.5413896295313	3210.738231010912
3214.6442994753393	0.5268415919149447	trials	210626SL	p61	Z11111	78	2.0	225.0	4	3214.7942994753394	3215.021141067254
3215.084582565131	0.5068414515590121	trials	210626SL	p61	Z11111	160	9.0	90.0	8	3215.234582565131	3215.44142401669
3215.494865444389	0.5268815921958776	trials	210626SL	p61	Z11111	255	14.0	0.0	12	3215.644865444389	3215.8717470365846
3215.9451886046386	0.49684138138172784	trials	210626SL	p61	Z11111	301	0.0	180.0	12	3216.0951886046387	3216.29202998602
3216.3454714137188	0.5268415919153995	trials	210626SL	p61	Z11111	67	6.0	180.0	4	3216.495471413719	3216.722313005634
3216.795754573688	0.4968413813812731	trials	210626SL	p61	Z11111	351	5.0	315.0	12	3216.945754573688	3217.1425959550693
3217.1960373827683	0.5268415919149447	trials	210626SL	p61	Z11111	155	4.0	90.0	8	3217.3460373827684	3217.572878974683
3217.63632047256	0.4968413813812731	trials	210626SL	p61	Z11111	284	13.0	90.0	12	3217.78632047256	3217.983161853941
3222.149392144116	0.5268815921954229	trials	210626SL	p61	Z11111	137	1.0	45.0	8	3222.299392144116	3222.5262737363114
3222.599715304366	0.49684138138172784	trials	210626SL	p61	Z11111	260	4.0	45.0	12	3222.749715304366	3222.9465566857475
3222.999998113446	0.49680138110079497	trials	210626SL	p61	Z11111	114	8.0	315.0	4	3223.149998113446	3223.3467994945468
3223.4302811330595	0.49684138138172784	trials	210626SL	p61	Z11111	232	6.0	315.0	8	3223.5802811330595	3223.777122514441
3223.8405640123174	0.5268415919149447	trials	210626SL	p61	Z11111	143	7.0	45.0	8	3223.9905640123175	3224.217405604232
3224.2908471722867	0.49684138138172784	trials	210626SL	p61	Z11111	54	8.0	135.0	4	3224.440847172287	3224.6376885536683
3224.691129981367	0.5268415919153995	trials	210626SL	p61	Z11111	268	12.0	45.0	12	3224.841129981367	3225.067971573282
3225.1214130009803	0.49684138138172784	trials	210626SL	p61	Z11111	261	5.0	45.0	12	3225.2714130009804	3225.468254382362
3229.3442826359747	0.5268815921958776	trials	210626SL	p61	Z11111	142	6.0	45.0	8	3229.4942826359747	3229.7211642281704
3229.7946057962245	0.5268415919153995	trials	210626SL	p61	Z11111	17	1.0	45.0	4	3229.9446057962246	3230.1714473881398
3230.244888956194	0.49684138138172784	trials	210626SL	p61	Z11111	178	12.0	135.0	8	3230.394888956194	3230.5917303375754
3240.2317190411545	0.5268415919149447	trials	210626SL	p61	Z11111	21	5.0	45.0	4	3240.3817190411546	3240.6085606330694
3240.6720021309457	0.5068414515599216	trials	210626SL	p61	Z11111	16	0.0	45.0	4	3240.8220021309457	3241.0288435825055
3241.0822850102036	0.5268415919153995	trials	210626SL	p61	Z11111	264	8.0	45.0	12	3241.2322850102037	3241.459126602119
3241.5325681701734	0.4968413813812731	trials	210626SL	p61	Z11111	35	4.0	90.0	4	3241.6825681701735	3241.8794095515545
3241.9328509792535	0.49684138138081835	trials	210626SL	p61	Z11111	162	11.0	90.0	8	3242.0828509792536	3242.2796923606343
3242.3631339988665	0.49684138138172784	trials	210626SL	p61	Z11111	332	1.0	270.0	12	3242.5131339988666	3242.709975380248
3242.7734168781244	0.5268815921963323	trials	210626SL	p61	Z11111	230	4.0	315.0	8	3242.9234168781245	3243.1502984703206
3245.485275909242	0.5268415919149447	trials	210626SL	p61	Z11111	148	12.0	45.0	8	3245.635275909242	3245.8621175011567
3245.9155589288553	0.49684138138172784	trials	210626SL	p61	Z11111	9	8.0	0.0	4	3246.0655589288554	3246.262400310237
3246.345841948469	0.4968413813812731	trials	210626SL	p61	Z11111	58	12.0	135.0	4	3246.495841948469	3246.6926833298503
3246.7461247575493	0.5368816623736166	trials	210626SL	p61	Z11111	87	11.0	225.0	4	3246.8961247575494	3247.133006419923
3247.1864478476214	0.49680138110079497	trials	210626SL	p61	Z11111	168	2.0	135.0	8	3247.3364478476215	3247.533249228722
3247.5866906564206	0.5268815921958776	trials	210626SL	p61	Z11111	65	4.0	180.0	4	3247.7366906564207	3247.9635722486164
3248.037013816671	0.4968413813812731	trials	210626SL	p61	Z11111	219	8.0	270.0	8	3248.187013816671	3248.383855198052
3248.4372966257506	0.49684138138172784	trials	210626SL	p61	Z11111	30	14.0	45.0	4	3248.5872966257507	3248.7841380071322
3252.710206611915	0.5268415919149447	trials	210626SL	p61	Z11111	339	8.0	270.0	12	3252.860206611915	3253.08704820383
3253.1404896315285	0.5268415919149447	trials	210626SL	p61	Z11111	110	4.0	315.0	4	3253.2904896315285	3253.5173312234433
3253.5907727914982	0.4968413813812731	trials	210626SL	p61	Z11111	122	1.0	0.0	8	3253.7407727914983	3253.9376141728794
3253.991055600578	0.49684138138172784	trials	210626SL	p61	Z11111	94	3.0	270.0	4	3254.141055600578	3254.3378969819596
3254.401338479836	0.5168415217372058	trials	210626SL	p61	Z11111	125	4.0	0.0	8	3254.551338479836	3254.768180001573
3254.8316214994497	0.5268815921958776	trials	210626SL	p61	Z11111	83	7.0	225.0	4	3254.98162149945	3255.2085030916455
3255.2819446596995	0.49684138138172784	trials	210626SL	p61	Z11111	38	7.0	90.0	4	3255.4319446596996	3255.628786041081
3255.6822274687797	0.5268415919149447	trials	210626SL	p61	Z11111	193	12.0	180.0	8	3255.83222746878	3256.0590690606946
3259.905097103774	0.5068414515590121	trials	210626SL	p61	Z11111	222	11.0	270.0	8	3260.055097103774	3260.261938555333
3260.315379983032	0.4968013811003402	trials	210626SL	p61	Z11111	59	13.0	135.0	4	3260.465379983032	3260.6621813641323
3260.7456630026454	0.4968413813812731	trials	210626SL	p61	Z11111	127	6.0	0.0	8	3260.8956630026455	3261.0925043840266
3261.185946092437	0.4968413813812731	trials	210626SL	p61	Z11111	258	2.0	45.0	12	3261.335946092437	3261.532787473818
3261.5862289015167	0.49684138138172784	trials	210626SL	p61	Z11111	115	9.0	315.0	4	3261.736228901517	3261.9330702828984
3262.0165119211306	0.4968413813812731	trials	210626SL	p61	Z11111	333	2.0	270.0	12	3262.1665119211307	3262.3633533025118
3262.4267948003885	0.5268415919153995	trials	210626SL	p61	Z11111	102	11.0	270.0	4	3262.5767948003886	3262.803636392304
3262.8771179606383	0.49684138138172784	trials	210626SL	p61	Z11111	147	11.0	45.0	8	3263.0271179606384	3263.22395934202
3267.3601494213804	0.5268415919149447	trials	210626SL	p61	Z11111	93	2.0	270.0	4	3267.5101494213804	3267.736991013295
3280.63916261002	0.5268815921958776	trials	210626SL	p61	Z11111	187	6.0	180.0	8	3280.78916261002	3281.0160442022157
3281.0694856299147	0.4968413813812731	trials	210626SL	p61	Z11111	34	3.0	90.0	4	3281.2194856299147	3281.416327011296
3281.4997686495285	0.49684138138081835	trials	210626SL	p61	Z11111	321	5.0	225.0	12	3281.6497686495286	3281.8466100309092
3281.910051528786	0.5268415919153995	trials	210626SL	p61	Z11111	213	2.0	270.0	8	3282.060051528786	3282.2868931207013
3288.7346994223794	0.5268415919149447	trials	210626SL	p61	Z11111	20	4.0	45.0	4	3288.8846994223795	3289.1115410142943
3289.1749825121706	0.49684138138172784	trials	210626SL	p61	Z11111	302	1.0	180.0	12	3289.3249825121707	3289.521823893552
3289.5952654616062	0.49684138138172784	trials	210626SL	p61	Z11111	246	5.0	0.0	12	3289.7452654616063	3289.942106842988
3289.9955482706864	0.5068414515594668	trials	210626SL	p61	Z11111	96	5.0	270.0	4	3290.1455482706865	3290.352389722246
3290.435831360478	0.4968413813812731	trials	210626SL	p61	Z11111	128	7.0	0.0	8	3290.585831360478	3290.782672741859
3290.836114169558	0.5268815921954229	trials	210626SL	p61	Z11111	269	13.0	45.0	12	3290.9861141695583	3291.2129957617535
3291.286437329808	0.49684138138172784	trials	210626SL	p61	Z11111	307	6.0	180.0	12	3291.436437329808	3291.6332787111896
3291.7067202792437	0.49684138138172784	trials	210626SL	p61	Z11111	337	6.0	270.0	12	3291.8567202792437	3292.0535616606253
4001.7858915619986	0.50684145723244	trials	210626SL	p61	Z11111	98	7.0	270.0	4	4001.9358915619987	4002.142733019231
4002.216174593414	0.4968413867804884	trials	210626SL	p61	Z11111	181	0.0	180.0	8	4002.366174593414	4002.5630159801945
4002.6464976251114	0.4968413867804884	trials	210626SL	p61	Z11111	301	0.0	180.0	12	4002.7964976251114	4002.9933390118917
4003.0567405153406	0.5268815984186404	trials	210626SL	p61	Z11111	38	7.0	90.0	4	4003.2067405153407	4003.433622113759
4003.5070636879423	0.4968413867804884	trials	210626SL	p61	Z11111	236	10.0	315.0	8	4003.6570636879424	4003.8539050747227
4003.9373467193577	0.4968413867804884	trials	210626SL	p61	Z11111	321	5.0	225.0	12	4004.087346719358	4004.284188106138
4004.337629539417	0.4968413867804884	trials	210626SL	p61	Z11111	194	13.0	180.0	8	4004.487629539417	4004.6844709261973
4004.7779126412843	0.4968413867804884	trials	210626SL	p61	Z11111	330	14.0	225.0	12	4004.9279126412844	4005.1247540280647
4008.810661052668	0.5268815984186404	trials	210626SL	p61	Z11111	290	4.0	135.0	12	4008.960661052668	4009.1875426510865
4009.250984154817	0.5168415276848464	trials	210626SL	p61	Z11111	18	2.0	45.0	4	4009.4009841548173	4009.617825682502
4009.691267256685	0.4968413867804884	trials	210626SL	p61	Z11111	49	3.0	135.0	4	4009.841267256685	4010.0381086434654
4010.0915500767437	0.5268415981372527	trials	210626SL	p61	Z11111	306	5.0	180.0	12	4010.241550076744	4010.468391674881
4010.5418332490635	0.4968413867804884	trials	210626SL	p61	Z11111	171	5.0	135.0	8	4010.6918332490636	4010.888674635844
4010.952116139575	0.5268815984186404	trials	210626SL	p61	Z11111	11	10.0	0.0	4	4011.102116139575	4011.3289977379936
4011.3824391712724	0.526841598136798	trials	210626SL	p61	Z11111	318	2.0	225.0	12	4011.5324391712725	4011.759280769409
4011.832722343592	0.5268815984186404	trials	210626SL	p61	Z11111	327	11.0	225.0	12	4011.9827223435923	4012.2096039420107
4016.015591812603	0.5268415981372527	trials	210626SL	p61	Z11111	281	10.0	90.0	12	4016.165591812603	4016.39243341074
4016.4658749849227	0.4968413867804884	trials	210626SL	p61	Z11111	188	7.0	180.0	8	4016.615874984923	4016.812716371703
4016.866157804982	0.4968413867804884	trials	210626SL	p61	Z11111	183	2.0	180.0	8	4017.016157804982	4017.2129991917623
4017.2964408363973	0.5068414572328948	trials	210626SL	p61	Z11111	295	9.0	135.0	12	4017.4464408363974	4017.65328229363
4017.7067237269084	0.5268415981372527	trials	210626SL	p61	Z11111	152	1.0	90.0	8	4017.8567237269085	4018.0835653250456
4018.1370067583243	0.49684138678003364	trials	210626SL	p61	Z11111	158	7.0	90.0	8	4018.2870067583244	4018.4838481451043
4018.5673297900216	0.50684145723244	trials	210626SL	p61	Z11111	0			0	4018.7173297900217	4018.924171247254
4019.007612891889	0.4968413867804884	trials	210626SL	p61	Z11111	177	11.0	135.0	8	4019.157612891889	4019.3544542786694
4023.0303612328203	0.50684145723244	trials	210626SL	p61	Z11111	119	13.0	315.0	4	4023.1803612328204	4023.3872026900526
4023.4406441233314	0.496801386498646	trials	210626SL	p61	Z11111	13	12.0	0.0	4	4023.5906441233315	4023.78744550983
4023.8408869431087	0.5268815984186404	trials	210626SL	p61	Z11111	106	0.0	315.0	4	4023.9908869431088	4024.217768541527
4024.271209974806	0.50684145723244	trials	210626SL	p61	Z11111	51	5.0	135.0	4	4024.421209974806	4024.6280514320383
4024.7114930766734	0.4968413867804884	trials	210626SL	p61	Z11111	256	0.0	45.0	12	4024.8614930766735	4025.058334463454
4027.0430695030173	0.50684145723244	trials	210626SL	p61	Z11111	310	9.0	180.0	12	4027.1930695030173	4027.3999109602496
4027.4733525344327	0.5268815984186404	trials	210626SL	p61	Z11111	77	1.0	225.0	4	4027.623352534433	4027.8502341328513
4027.9236757070344	0.4968413867804884	trials	210626SL	p61	Z11111	248	7.0	0.0	12	4028.0736757070345	4028.2705170938148
4044.094669634376	0.5268815984186404	trials	210626SL	p61	Z11111	217	6.0	270.0	8	4044.244669634376	4044.4715512327944
4044.5449928069775	0.4968413867804884	trials	210626SL	p61	Z11111	312	11.0	180.0	12	4044.6949928069776	4044.891834193758
4044.9452356267548	0.4968413867804884	trials	210626SL	p61	Z11111	185	4.0	180.0	8	4045.095235626755	4045.292077013535
4045.385558728904	0.526841598136798	trials	210626SL	p61	Z11111	242	1.0	0.0	12	4045.535558728904	4045.7624003270407
4045.8158417603195	0.4968413867804884	trials	210626SL	p61	Z11111	220	9.0	270.0	8	4045.9658417603196	4046.1626831471
4046.2161245803786	0.4968413867804884	trials	210626SL	p61	Z11111	206	10.0	225.0	8	4046.3661245803787	4046.562965967159
4046.6264074708897	0.526841598136798	trials	210626SL	p61	Z11111	60	14.0	135.0	4	4046.77640747089	4047.0032490690264
4047.0666905727576	0.4968413867804884	trials	210626SL	p61	Z11111	112	6.0	315.0	4	4047.2166905727577	4047.413531959538
4051.5797623680987	0.50684145723244	trials	210626SL	p61	Z11111	258	2.0	45.0	12	4051.729762368099	4051.936603825331
4052.0000453290622	0.50684145723244	trials	210626SL	p61	Z11111	297	11.0	135.0	12	4052.1500453290623	4052.3568867862946
4052.4103282195733	0.526841598136798	trials	210626SL	p61	Z11111	174	8.0	135.0	8	4052.5603282195734	4052.78716981771
4052.860651392175	0.4968413867804884	trials	210626SL	p61	Z11111	227	1.0	315.0	8	4053.010651392175	4053.2074927789554
4053.2909344235904	0.4968413867804884	trials	210626SL	p61	Z11111	69	8.0	180.0	4	4053.4409344235905	4053.637775810371
4053.6912172436496	0.496801386498646	trials	210626SL	p61	Z11111	165	14.0	90.0	8	4053.8412172436497	4054.038018630148
4054.131500345517	0.4968413867804884	trials	210626SL	p61	Z11111	85	9.0	225.0	4	4054.281500345517	4054.4783417322974
4054.5617833769325	0.4968413867804884	trials	210626SL	p61	Z11111	191	10.0	180.0	8	4054.7117833769325	4054.908624763713
4058.704612563853	0.5068414572328948	trials	210626SL	p61	Z11111	170	4.0	135.0	8	4058.854612563853	4059.061454021086
4059.1248955248166	0.50684145723244	trials	210626SL	p61	Z11111	109	3.0	315.0	4	4059.2748955248167	4059.481736982049
4059.5651786266844	0.4968413867804884	trials	210626SL	p61	Z11111	202	6.0	225.0	8	4059.7151786266845	4059.912020013465
4059.965461446743	0.5268815984190951	trials	210626SL	p61	Z11111	79	3.0	225.0	4	4060.115461446743	4060.342343045162
4060.415784619345	0.4968413867804884	trials	210626SL	p61	Z11111	141	5.0	45.0	8	4060.565784619345	4060.762626006125
4060.816027439122	0.5068814575142824	trials	210626SL	p61	Z11111	241	0.0	0.0	12	4060.966027439122	4061.1729088966363
4063.4178057690833	0.5268815984186404	trials	210626SL	p61	Z11111	207	11.0	225.0	8	4063.5678057690834	4063.794687367502
4063.8581288712326	0.50684145723244	trials	210626SL	p61	Z11111	239	13.0	315.0	8	4064.0081288712327	4064.214970328465
4064.2684117617437	0.5268415981372527	trials	210626SL	p61	Z11111	349	3.0	315.0	12	4064.4184117617438	4064.645253359881
4064.7186949340635	0.4968413867804884	trials	210626SL	p61	Z11111	198	2.0	225.0	8	4064.8686949340636	4065.065536320844
4065.148977965479	0.4968413867804884	trials	210626SL	p61	Z11111	56	10.0	135.0	4	4065.298977965479	4065.4958193522593
4065.549260785538	0.5368816688710467	trials	210626SL	p61	Z11111	58	12.0	135.0	4	4065.699260785538	4065.936142454409
4065.9995839581397	0.4968413867804884	trials	210626SL	p61	Z11111	359	13.0	315.0	12	4066.14958395814	4066.34642534492
4066.4198669191032	0.4968413867804884	trials	210626SL	p61	Z11111	102	11.0	270.0	4	4066.5698669191033	4066.7667083058836
4096.600399545975	0.5068414572315305	trials	210626SL	p61	Z11111	278	7.0	90.0	12	4096.750399545975	4096.957241003207
4097.0306825773905	0.49684138677912415	trials	210626SL	p61	Z11111	250	9.0	0.0	12	4097.18068257739	4097.37752396417
4097.43096539745	0.5268415981354337	trials	210626SL	p61	Z11111	209	13.0	225.0	8	4097.580965397449	4097.807806995585
4097.881248569769	0.49684138678003364	trials	210626SL	p61	Z11111	192	11.0	180.0	8	4098.031248569769	4098.228089956549
4098.281531389828	0.5268415981363432	trials	210626SL	p61	Z11111	113	7.0	315.0	4	4098.431531389828	4098.658372987965
4098.721814491696	0.5268815984181856	trials	210626SL	p61	Z11111	148	12.0	45.0	8	4098.871814491696	4099.098696090115
4099.172137664297	0.49684138678003364	trials	210626SL	p61	Z11111	42	11.0	90.0	4	4099.322137664297	4099.518979051078
4099.602420695713	0.49684138678003364	trials	210626SL	p61	Z11111	222	11.0	270.0	8	4099.752420695712	4099.949262082493
4103.825290446533	0.5068414572315305	trials	210626SL	p61	Z11111	184	3.0	180.0	8	4103.975290446532	4104.1821319037645
4104.25561347823	0.5268415981363432	trials	210626SL	p61	Z11111	163	12.0	90.0	8	4104.4056134782295	4104.632455076367
4104.685896509645	0.49684138678003364	trials	210626SL	p61	Z11111	86	10.0	225.0	4	4104.835896509645	4105.032737896426
4105.126179611513	0.49684138678003364	trials	210626SL	p61	Z11111	27	11.0	45.0	4	4105.276179611513	4105.473020998294
4105.526462431572	0.5268415981363432	trials	210626SL	p61	Z11111	57	11.0	135.0	4	4105.676462431572	4105.903304029709
4105.976745603892	0.49684138678003364	trials	210626SL	p61	Z11111	342	11.0	270.0	12	4106.126745603891	4106.323586990672
4106.3970685651375	0.4968013864972818	trials	210626SL	p61	Z11111	288	2.0	135.0	12	4106.547068565137	4106.743869951635
4106.827351596553	0.49684138677912415	trials	210626SL	p61	Z11111	253	12.0	0.0	12	4106.977351596553	4107.174192983332
4111.020181135734	0.50684145723244	trials	210626SL	p61	Z11111	293	7.0	135.0	12	4111.170181135733	4111.377022592967
4111.440464096698	0.5068814575133729	trials	210626SL	p61	Z11111	127	6.0	0.0	8	4111.590464096697	4111.7973455542115
4111.8807871988465	0.49684138678003364	trials	210626SL	p61	Z11111	4	3.0	0.0	4	4112.030787198846	4112.227628585627
4112.281070018906	0.5268415981363432	trials	210626SL	p61	Z11111	353	7.0	315.0	12	4112.431070018905	4112.657911617042
4112.731353191226	0.49684138677912415	trials	210626SL	p61	Z11111	228	2.0	315.0	8	4112.881353191226	4113.078194578005
4113.131636011285	0.5368416685878401	trials	210626SL	p61	Z11111	32	1.0	90.0	4	4113.281636011285	4113.518477679873
4113.581919183604	0.536881668870592	trials	210626SL	p61	Z11111	48	2.0	135.0	4	4113.731919183604	4113.968800852475
4114.032242356207	0.5068414572315305	trials	210626SL	p61	Z11111	187	6.0	180.0	8	4114.182242356206	4114.389083813438
4118.345192741659	0.5168415276839369	trials	210626SL	p61	Z11111	65	4.0	180.0	4	4118.495192741659	4118.712034269343
4118.785475843527	0.49684138677912415	trials	210626SL	p61	Z11111	279	8.0	90.0	12	4118.935475843527	4119.132317230306
4119.195758734038	0.5268415981363432	trials	210626SL	p61	Z11111	147	11.0	45.0	8	4119.345758734037	4119.572600332174
4119.636041835905	0.49684138678003364	trials	210626SL	p61	Z11111	325	9.0	225.0	12	4119.786041835905	4119.982883222686
4120.046324726417	0.5268815984172761	trials	210626SL	p61	Z11111	346	0.0	315.0	12	4120.196324726417	4120.423206324835
4120.476607757832	0.49684138677912415	trials	210626SL	p61	Z11111	196	0.0	225.0	8	4120.626607757832	4120.823449144612
4120.90693078953	0.49684138677912415	trials	210626SL	p61	Z11111	50	4.0	135.0	4	4121.056930789529	4121.253772176309
4121.31721368004	0.5268415981363432	trials	210626SL	p61	Z11111	340	9.0	270.0	12	4121.46721368004	4121.694055278177
4125.450002796228	0.5068414572315305	trials	210626SL	p61	Z11111	343	12.0	270.0	12	4125.600002796227	4125.8068442534595
4125.860285686738	0.49684138678003364	trials	210626SL	p61	Z11111	41	10.0	90.0	4	4126.010285686738	4126.207127073519
4126.290568718154	0.5068414572315305	trials	210626SL	p61	Z11111	139	3.0	45.0	8	4126.440568718153	4126.647410175386
4126.730891820303	0.49684138677912415	trials	210626SL	p61	Z11111	221	10.0	270.0	8	4126.880891820303	4127.077733207083
4127.1511747812665	0.5268415981363432	trials	210626SL	p61	Z11111	213	2.0	270.0	8	4127.301174781266	4127.528016379403
4127.601457953587	0.49684138677912415	trials	210626SL	p61	Z11111	322	6.0	225.0	12	4127.751457953586	4127.948299340366
4128.001740773646	0.5268815984172761	trials	210626SL	p61	Z11111	314	13.0	180.0	12	4128.1517407736455	4128.378622372064
4128.452063946247	0.49684138678003364	trials	210626SL	p61	Z11111	1	0.0	0.0	4	4128.602063946247	4128.7989053330275
4132.77497440187	0.5268815984181856	trials	210626SL	p61	Z11111	280	9.0	90.0	12	4132.92497440187	4133.151856000289
4133.2052974335675	0.49684138678003364	trials	210626SL	p61	Z11111	47	1.0	135.0	4	4133.355297433567	4133.552138820348
4133.605540253345	0.5268815984181856	trials	210626SL	p61	Z11111	262	6.0	45.0	12	4133.755540253344	4133.982421851763
4134.035863285042	0.5068414572315305	trials	210626SL	p61	Z11111	182	1.0	180.0	8	4134.185863285042	4134.392704742274
4134.47614638691	0.49684138677912415	trials	210626SL	p61	Z11111	189	8.0	180.0	8	4134.62614638691	4134.822987773689
4134.876429206969	0.49684138677912415	trials	210626SL	p61	Z11111	33	2.0	90.0	4	4135.026429206969	4135.223270593749
4135.3067122383845	0.5068414572315305	trials	210626SL	p61	Z11111	125	4.0	0.0	8	4135.456712238384	4135.663553695616
4135.716995128895	0.5268415981363432	trials	210626SL	p61	Z11111	303	2.0	180.0	12	4135.866995128895	4136.093836727032
4139.969905091353	0.5168415276839369	trials	210626SL	p61	Z11111	223	12.0	270.0	8	4140.119905091353	4140.3367466190375
4140.410188193221	0.49684138678003364	trials	210626SL	p61	Z11111	0			0	4140.560188193221	4140.7570295800015
4140.820471083733	0.5268415981354337	trials	210626SL	p61	Z11111	95	4.0	270.0	4	4140.970471083732	4141.197312681868
4147.22483620355	0.5268415981363432	trials	210626SL	p61	Z11111	133	12.0	0.0	8	4147.374836203549	4147.6016778016865
4147.665119305418	0.5068414572315305	trials	210626SL	p61	Z11111	81	5.0	225.0	4	4147.815119305417	4148.0219607626495
4148.075402195928	0.5268415981363432	trials	210626SL	p61	Z11111	197	1.0	225.0	8	4148.225402195928	4148.452243794065
4148.525685368249	0.49684138677912415	trials	210626SL	p61	Z11111	211	0.0	270.0	8	4148.675685368248	4148.872526755028
4148.956008399946	0.49684138677912415	trials	210626SL	p61	Z11111	53	7.0	135.0	4	4149.1060083999455	4149.302849786725
4149.3662912904565	0.5268415981363432	trials	210626SL	p61	Z11111	352	6.0	315.0	12	4149.516291290456	4149.743132888593
4157.361707619494	0.5268815984181856	trials	210626SL	p61	Z11111	329	13.0	225.0	12	4157.511707619494	4157.738589217913
4157.802030721644	0.49684138678003364	trials	210626SL	p61	Z11111	249	8.0	0.0	12	4157.9520307216435	4158.148872108424
4158.212313612155	0.5268415981354337	trials	210626SL	p61	Z11111	252	11.0	0.0	12	4158.362313612155	4158.589155210291
4158.662596784475	0.49684138678003364	trials	210626SL	p61	Z11111	224	13.0	270.0	8	4158.812596784474	4159.009438171255
4159.09287981589	0.49684138678003364	trials	210626SL	p61	Z11111	144	8.0	45.0	8	4159.24287981589	4159.439721202671
4159.493162635949	0.5268415981363432	trials	210626SL	p61	Z11111	169	3.0	135.0	8	4159.643162635949	4159.870004234086
4159.9434858085515	0.49684138677912415	trials	210626SL	p61	Z11111	104	13.0	270.0	4	4160.093485808551	4160.290327195331
4160.35372869878	0.5268815984181856	trials	210626SL	p61	Z11111	108	2.0	315.0	4	4160.50372869878	4160.730610297199
4164.466557674345	0.5268415981363432	trials	210626SL	p61	Z11111	63	2.0	180.0	4	4164.616557674344	4164.843399272481
4164.916840846665	0.49684138677912415	trials	210626SL	p61	Z11111	176	10.0	135.0	8	4165.0668408466645	4165.263682233444
4165.317123666723	0.5268815984181856	trials	210626SL	p61	Z11111	356	10.0	315.0	12	4165.467123666723	4165.694005265142
4165.767446839325	0.49684138677912415	trials	210626SL	p61	Z11111	331	0.0	270.0	12	4165.917446839325	4166.114288226105
4166.1676896591025	0.5268815984172761	trials	210626SL	p61	Z11111	266	10.0	45.0	12	4166.317689659102	4166.54457125752
4166.618012831704	0.49684138678003364	trials	210626SL	p61	Z11111	97	6.0	270.0	4	4166.768012831703	4166.964854218484
4167.018295651763	0.5068414572315305	trials	210626SL	p61	Z11111	120	14.0	315.0	4	4167.1682956517625	4167.375137108995
4167.458578753631	0.49684138677912415	trials	210626SL	p61	Z11111	25	9.0	45.0	4	4167.60857875363	4167.80542014041
4171.691448574902	0.5268815984181856	trials	210626SL	p61	Z11111	36	5.0	90.0	4	4171.841448574902	4172.068330173321
4172.141771747504	0.49684138677912415	trials	210626SL	p61	Z11111	308	7.0	180.0	12	4172.291771747504	4172.488613134284
4172.57205477892	0.49684138678003364	trials	210626SL	p61	Z11111	313	12.0	180.0	12	4172.722054778919	4172.9188961657
4173.0123378807875	0.49684138677912415	trials	210626SL	p61	Z11111	44	13.0	90.0	4	4173.162337880787	4173.359179267567
4173.412620700847	0.5268815984172761	trials	210626SL	p61	Z11111	90	14.0	225.0	4	4173.562620700846	4173.789502299264
4173.862943873448	0.49684138678003364	trials	210626SL	p61	Z11111	316	0.0	225.0	12	4174.0129438734475	4174.209785260228
4174.263226693507	0.49684138677912415	trials	210626SL	p61	Z11111	251	10.0	0.0	12	4174.413226693507	4174.6100680802865
4174.663469513284	0.5268815984181856	trials	210626SL	p61	Z11111	122	1.0	0.0	8	4174.813469513284	4175.040351111703
4179.286622084162	0.50684145723244	trials	210626SL	p61	Z11111	19	3.0	45.0	4	4179.436622084162	4179.643463541395
4179.716905115579	0.49684138677912415	trials	210626SL	p61	Z11111	89	13.0	225.0	4	4179.866905115578	4180.063746502358
4180.147228147276	0.49684138677912415	trials	210626SL	p61	Z11111	287	1.0	135.0	12	4180.297228147276	4180.494069534056
4180.557511037787	0.5268415981363432	trials	210626SL	p61	Z11111	259	3.0	45.0	12	4180.707511037786	4180.9343526359235
4180.997794139655	0.5068414572315305	trials	210626SL	p61	Z11111	71	10.0	180.0	4	4181.147794139654	4181.3546355968865
4181.408077030166	0.5268415981354337	trials	210626SL	p61	Z11111	115	9.0	315.0	4	4181.558077030166	4181.784918628302
4181.838360061582	0.49684138677912415	trials	210626SL	p61	Z11111	243	2.0	0.0	12	4181.988360061581	4182.185201448361
4182.238642881641	0.49684138677912415	trials	210626SL	p61	Z11111	100	9.0	270.0	4	4182.38864288164	4182.58548426842
4186.8517953820665	0.50684145723244	trials	210626SL	p61	Z11111	151	0.0	90.0	8	4187.001795382066	4187.208636839299
4187.262038272296	0.49684138678003364	trials	210626SL	p61	Z11111	31	0.0	90.0	4	4187.412038272296	4187.608879659077
4187.6923613039935	0.49684138678003364	trials	210626SL	p61	Z11111	218	7.0	270.0	8	4187.842361303993	4188.039202690774
4188.092604123771	0.49684138677912415	trials	210626SL	p61	Z11111	307	6.0	180.0	12	4188.24260412377	4188.43944551055
4188.502887014282	0.5268815984172761	trials	210626SL	p61	Z11111	299	13.0	135.0	12	4188.652887014282	4188.8797686127
4188.943210116431	0.50684145723244	trials	210626SL	p61	Z11111	230	4.0	315.0	8	4189.093210116431	4189.300051573664
4189.353493006943	0.5268415981363432	trials	210626SL	p61	Z11111	270	14.0	45.0	12	4189.503493006942	4189.730334605079
4189.793776108811	0.5068414572315305	trials	210626SL	p61	Z11111	275	4.0	90.0	12	4189.94377610881	4190.1506175660425
4198.519717584519	0.5268415981363432	trials	210626SL	p61	Z11111	92	1.0	270.0	4	4198.669717584518	4198.896559182655
4198.960000686387	0.5068414572315305	trials	210626SL	p61	Z11111	283	12.0	90.0	12	4199.110000686386	4199.3168421436185
4201.912021483864	0.5068414572315305	trials	210626SL	p61	Z11111	260	4.0	45.0	12	4202.062021483864	4202.268862941096
4205.414406158747	0.5068414572315305	trials	210626SL	p61	Z11111	74	13.0	180.0	4	4205.564406158746	4205.771247615979
4205.83468911971	0.5068414572315305	trials	210626SL	p61	Z11111	72	11.0	180.0	4	4205.984689119709	4206.191530576942
4206.274972221578	0.49684138678003364	trials	210626SL	p61	Z11111	10	9.0	0.0	4	4206.424972221577	4206.621813608358
4206.675255041637	0.49684138677912415	trials	210626SL	p61	Z11111	201	5.0	225.0	8	4206.825255041636	4207.022096428416
4207.105538073052	0.5068414572315305	trials	210626SL	p61	Z11111	107	1.0	315.0	4	4207.255538073052	4207.462379530284
4207.545861175202	0.49684138677912415	trials	210626SL	p61	Z11111	324	8.0	225.0	12	4207.695861175202	4207.892702561981
4207.946143995261	0.4968013864972818	trials	210626SL	p61	Z11111	203	7.0	225.0	8	4208.096143995261	4208.292945381759
4208.3463868150375	0.49684138678003364	trials	210626SL	p61	Z11111	219	8.0	270.0	8	4208.496386815037	4208.693228201818
4212.489216001958	0.50684145723244	trials	210626SL	p61	Z11111	155	4.0	90.0	8	4212.639216001958	4212.846057459191
4212.89949889247	0.5268415981363432	trials	210626SL	p61	Z11111	160	9.0	90.0	8	4213.049498892469	4213.276340490606
4213.329781923885	0.5368816688696825	trials	210626SL	p61	Z11111	231	5.0	315.0	8	4213.479781923885	4213.716663592755
4213.780105096487	0.49684138677912415	trials	210626SL	p61	Z11111	121	0.0	0.0	8	4213.930105096487	4214.126946483267
4214.190347986716	0.5268815984181856	trials	210626SL	p61	Z11111	166	0.0	135.0	8	4214.340347986716	4214.567229585135
4214.630671088866	0.5068414572315305	trials	210626SL	p61	Z11111	351	5.0	315.0	12	4214.780671088865	4214.987512546098
4215.070954190734	0.49684138677912415	trials	210626SL	p61	Z11111	157	6.0	90.0	8	4215.220954190733	4215.417795577513
4215.471237010793	0.5268815984172761	trials	210626SL	p61	Z11111	317	1.0	225.0	12	4215.621237010792	4215.84811860921
4219.574025915623	0.5268815984172761	trials	210626SL	p61	Z11111	22	6.0	45.0	4	4219.724025915622	4219.95090751404
4220.004308947038	0.5268815984172761	trials	210626SL	p61	Z11111	193	12.0	180.0	8	4220.154308947038	4220.381190545456
4220.454632119639	0.49684138678003364	trials	210626SL	p61	Z11111	0			0	4220.604632119639	4220.80147350642
4220.854914939699	0.49684138678003364	trials	210626SL	p61	Z11111	142	6.0	45.0	8	4221.004914939698	4221.201756326479
4221.26519783021	0.5268415981354337	trials	210626SL	p61	Z11111	347	1.0	315.0	12	4221.41519783021	4221.642039428346
4221.705480932078	0.5068414572315305	trials	210626SL	p61	Z11111	319	3.0	225.0	12	4221.855480932078	4222.06232238931
4222.145764033945	0.49684138678003364	trials	210626SL	p61	Z11111	126	5.0	0.0	8	4222.295764033945	4222.492605420725
4222.566046994909	0.49684138677912415	trials	210626SL	p61	Z11111	111	5.0	315.0	4	4222.7160469949085	4222.912888381688
4226.678875970472	0.5268415981363432	trials	210626SL	p61	Z11111	37	6.0	90.0	4	4226.828875970472	4227.055717568609
4229.0304525377205	0.5168815279657792	trials	210626SL	p61	Z11111	84	8.0	225.0	4	4229.18045253772	4229.397334065687
4229.47077563987	0.5268415981363432	trials	210626SL	p61	Z11111	233	7.0	315.0	8	4229.62077563987	4229.847617238007
4229.911058741738	0.5268415981354337	trials	210626SL	p61	Z11111	337	6.0	270.0	12	4230.061058741738	4230.287900339874
4232.2426351680815	0.5068414572315305	trials	210626SL	p61	Z11111	101	10.0	270.0	4	4232.392635168081	4232.599476625313
4232.652918058593	0.5268815984172761	trials	210626SL	p61	Z11111	15	14.0	0.0	4	4232.802918058593	4233.029799657011
4233.08324109029	0.5268415981354337	trials	210626SL	p61	Z11111	309	8.0	180.0	12	4233.23324109029	4233.460082688426
4233.53352426261	0.49684138678003364	trials	210626SL	p61	Z11111	168	2.0	135.0	8	4233.683524262609	4233.88036564939
4233.973807364478	0.49684138677912415	trials	210626SL	p61	Z11111	0			0	4234.123807364477	4234.320648751257
4234.374090184537	0.49684138677912415	trials	210626SL	p61	Z11111	328	12.0	225.0	12	4234.524090184536	4234.720931571316
4234.804413216234	0.4968013864972818	trials	210626SL	p61	Z11111	311	10.0	180.0	12	4234.954413216234	4235.151214602732
4235.244696318101	0.49684138678003364	trials	210626SL	p61	Z11111	190	9.0	180.0	8	4235.394696318101	4235.591537704881
4240.087970439773	0.49684138678003364	trials	210626SL	p61	Z11111	350	4.0	315.0	12	4240.237970439773	4240.434811826553
4240.508253400736	0.49684138678003364	trials	210626SL	p61	Z11111	131	10.0	0.0	8	4240.658253400736	4240.8550947875165
4240.918536291248	0.5268815984181856	trials	210626SL	p61	Z11111	355	9.0	315.0	12	4241.068536291247	4241.295417889666
4241.358859393397	0.49684138677912415	trials	210626SL	p61	Z11111	300	14.0	135.0	12	4241.508859393397	4241.705700780177
4241.769142283908	0.5268415981363432	trials	210626SL	p61	Z11111	78	2.0	225.0	4	4241.919142283908	4242.145983882045
4242.219425456228	0.49684138677912415	trials	210626SL	p61	Z11111	271	0.0	90.0	12	4242.369425456228	4242.566266843008
4242.619708276287	0.5268415981354337	trials	210626SL	p61	Z11111	334	3.0	270.0	12	4242.769708276287	4242.996549874423
4243.070031448889	0.4968013864981913	trials	210626SL	p61	Z11111	91	0.0	270.0	4	4243.220031448888	4243.416832835387
4247.493022609597	0.5168415276839369	trials	210626SL	p61	Z11111	332	1.0	270.0	12	4247.643022609596	4247.859864137281
4247.9333057114645	0.49684138678003364	trials	210626SL	p61	Z11111	83	7.0	225.0	4	4248.083305711464	4248.280147098245
4248.333588531524	0.5368816688696825	trials	210626SL	p61	Z11111	214	3.0	270.0	8	4248.483588531523	4248.720470200394
4248.783911704126	0.49684138677912415	trials	210626SL	p61	Z11111	272	1.0	90.0	12	4248.933911704125	4249.130753090905
4249.194194594636	0.5268415981363432	trials	210626SL	p61	Z11111	62	1.0	180.0	4	4249.344194594636	4249.571036192773
4249.644477766957	0.49684138677912415	trials	210626SL	p61	Z11111	268	12.0	45.0	12	4249.794477766956	4249.991319153736
4250.074760798372	0.49684138677912415	trials	210626SL	p61	Z11111	134	13.0	0.0	8	4250.224760798372	4250.421602185152
4250.475043618431	0.5068414572315305	trials	210626SL	p61	Z11111	245	4.0	0.0	12	4250.625043618431	4250.831885075663
4255.048155836767	0.5268415981354337	trials	210626SL	p61	Z11111	240	14.0	315.0	8	4255.198155836767	4255.424997434903
4255.498479009369	0.5268415981363432	trials	210626SL	p61	Z11111	12	11.0	0.0	4	4255.648479009368	4255.875320607505
4255.948762181689	0.49684138677912415	trials	210626SL	p61	Z11111	59	13.0	135.0	4	4256.0987621816885	4256.295603568468
4256.349045001747	0.5268415981363432	trials	210626SL	p61	Z11111	64	3.0	180.0	4	4256.499045001747	4256.725886599884
4256.7793280331625	0.50684145723244	trials	210626SL	p61	Z11111	247	6.0	0.0	12	4256.929328033162	4257.136169490395
4257.219651135312	0.49684138678003364	trials	210626SL	p61	Z11111	14	13.0	0.0	4	4257.369651135312	4257.566492522093
4257.6198939550895	0.5268815984181856	trials	210626SL	p61	Z11111	17	1.0	45.0	4	4257.769893955089	4257.996775553508
4258.070217127692	0.49684138677912415	trials	210626SL	p61	Z11111	116	10.0	315.0	4	4258.220217127691	4258.417058514471
4262.3631273719575	0.5168415276839369	trials	210626SL	p61	Z11111	261	5.0	45.0	12	4262.513127371957	4262.729968899642
4262.803450474107	0.4968013864981913	trials	210626SL	p61	Z11111	204	8.0	225.0	8	4262.953450474107	4263.150251860606
4263.22373343507	0.49684138678003364	trials	210626SL	p61	Z11111	254	13.0	0.0	12	4263.37373343507	4263.570574821851
4263.623976254848	0.5268815984181856	trials	210626SL	p61	Z11111	159	8.0	90.0	8	4263.773976254847	4264.000857853266
4264.07429942745	0.49684138677912415	trials	210626SL	p61	Z11111	82	6.0	225.0	4	4264.224299427449	4264.421140814229
4264.474582247509	0.49684138677912415	trials	210626SL	p61	Z11111	3	2.0	0.0	4	4264.624582247508	4264.821423634288
4264.914865349377	0.49684138677912415	trials	210626SL	p61	Z11111	339	8.0	270.0	12	4265.064865349376	4265.261706736156
4265.315148169435	0.49684138678003364	trials	210626SL	p61	Z11111	128	7.0	0.0	8	4265.4651481694345	4265.661989556215
4269.578058202345	0.5168415276839369	trials	210626SL	p61	Z11111	282	11.0	90.0	12	4269.728058202345	4269.94489973003
4270.018341304213	0.5268415981363432	trials	210626SL	p61	Z11111	30	14.0	45.0	4	4270.168341304213	4270.39518290235
4270.448624335629	0.49684138677912415	trials	210626SL	p61	Z11111	67	6.0	180.0	4	4270.598624335628	4270.795465722408
4270.878907367044	0.49684138677912415	trials	210626SL	p61	Z11111	137	1.0	45.0	8	4271.028907367044	4271.225748753824
4271.289190257556	0.5268815984172761	trials	210626SL	p61	Z11111	149	13.0	45.0	8	4271.439190257555	4271.666071855973
4271.719513289253	0.49684138677912415	trials	210626SL	p61	Z11111	294	8.0	135.0	12	4271.869513289253	4272.0663546760325
4272.149796320668	0.49684138677912415	trials	210626SL	p61	Z11111	146	10.0	45.0	8	4272.299796320668	4272.496637707448
4272.550079140727	0.50684145723244	trials	210626SL	p61	Z11111	35	4.0	90.0	4	4272.700079140726	4272.9069205979595
4277.393353262399	0.5268815984181856	trials	210626SL	p61	Z11111	16	0.0	45.0	4	4277.543353262398	4277.770234860817
4277.833676364548	0.5068414572315305	trials	210626SL	p61	Z11111	124	3.0	0.0	8	4277.983676364548	4278.19051782178
4283.917799228206	0.5068414572315305	trials	210626SL	p61	Z11111	66	5.0	180.0	4	4284.067799228205	4284.274640685438
4284.338082189169	0.5268415981363432	trials	210626SL	p61	Z11111	138	2.0	45.0	8	4284.488082189168	4284.714923787305
4284.798405432222	0.49684138678003364	trials	210626SL	p61	Z11111	118	12.0	315.0	4	4284.948405432222	4285.145246819003
4285.198648252	0.5268815984181856	trials	210626SL	p61	Z11111	173	7.0	135.0	8	4285.348648251999	4285.575529850418
4285.628971283697	0.50684145723244	trials	210626SL	p61	Z11111	216	5.0	270.0	8	4285.778971283697	4285.98581274093
4286.0392541742085	0.5268415981363432	trials	210626SL	p61	Z11111	273	2.0	90.0	12	4286.189254174208	4286.416095772345
4286.489537346528	0.49684138678003364	trials	210626SL	p61	Z11111	323	7.0	225.0	12	4286.6395373465275	4286.836378733308
4286.889820166587	0.5268415981363432	trials	210626SL	p61	Z11111	123	2.0	0.0	8	4287.039820166587	4287.266661764724
4296.006004391621	0.5268815984181856	trials	210626SL	p61	Z11111	232	6.0	315.0	8	4296.156004391621	4296.3828859900395
4296.456327564223	0.49684138677912415	trials	210626SL	p61	Z11111	326	10.0	225.0	12	4296.606327564223	4296.803168951003
4298.9380250481945	0.5068414572315305	trials	210626SL	p61	Z11111	265	9.0	45.0	12	4299.088025048194	4299.294866505426
4299.348307938705	0.5268415981363432	trials	210626SL	p61	Z11111	43	12.0	90.0	4	4299.498307938705	4299.725149536842
4299.798591111025	0.49684138677912415	trials	210626SL	p61	Z11111	267	11.0	45.0	12	4299.948591111025	4300.145432497805
4300.2188740719885	0.49684138678003364	trials	210626SL	p61	Z11111	289	3.0	135.0	12	4300.368874071988	4300.565715458769
4300.619156892048	0.49684138677912415	trials	210626SL	p61	Z11111	88	12.0	225.0	4	4300.769156892047	4300.965998278827
4301.019439712107	0.5268415981363432	trials	210626SL	p61	Z11111	315	14.0	180.0	12	4301.169439712106	4301.3962813102435
4301.449722743522	0.5068414572315305	trials	210626SL	p61	Z11111	210	14.0	225.0	8	4301.599722743522	4301.806564200754
4301.860005634034	0.5268415981354337	trials	210626SL	p61	Z11111	333	2.0	270.0	12	4302.010005634033	4302.23684723217
4311.756715357999	0.49684138677912415	trials	210626SL	p61	Z11111	205	9.0	225.0	8	4311.906715357999	4312.103556744779
4312.16699824851	0.5268815984181856	trials	210626SL	p61	Z11111	225	14.0	270.0	8	4312.31699824851	4312.543879846929
4312.60732135066	0.49684138678003364	trials	210626SL	p61	Z11111	2	1.0	0.0	4	4312.757321350659	4312.95416273744
4313.007564170437	0.5068814575133729	trials	210626SL	p61	Z11111	80	4.0	225.0	4	4313.157564170437	4313.364445627951
4313.447887272587	0.49684138677912415	trials	210626SL	p61	Z11111	154	3.0	90.0	8	4313.597887272586	4313.794728659366
4313.848130092364	0.4968813870609665	trials	210626SL	p61	Z11111	292	6.0	135.0	12	4313.998130092364	4314.195011479425
4314.278453124061	0.5068414572315305	trials	210626SL	p61	Z11111	117	11.0	315.0	4	4314.428453124061	4314.635294581293
4314.688736014572	0.5268415981363432	trials	210626SL	p61	Z11111	276	5.0	90.0	12	4314.838736014572	4315.065577612709
4318.9016056949395	0.5268415981363432	trials	210626SL	p61	Z11111	132	11.0	0.0	8	4319.051605694939	4319.278447293076
4322.163828677843	0.5268415981354337	trials	210626SL	p61	Z11111	263	7.0	45.0	12	4322.313828677843	4322.540670275979
4322.614111850163	0.49684138678003364	trials	210626SL	p61	Z11111	345	14.0	270.0	12	4322.764111850162	4322.960953236943
4323.014394670222	0.5268415981363432	trials	210626SL	p61	Z11111	195	14.0	180.0	8	4323.164394670222	4323.391236268359
4323.464677842542	0.49684138677912415	trials	210626SL	p61	Z11111	229	3.0	315.0	8	4323.614677842542	4323.811519229322
4323.884960803505	0.49684138677912415	trials	210626SL	p61	Z11111	140	4.0	45.0	8	4324.034960803505	4324.231802190285
4324.3152838352025	0.49684138677912415	trials	210626SL	p61	Z11111	39	8.0	90.0	4	4324.465283835202	4324.662125221982
4324.725566725714	0.5268415981354337	trials	210626SL	p61	Z11111	199	3.0	225.0	8	4324.875566725714	4325.10240832385
4325.165849827581	0.50684145723244	trials	210626SL	p61	Z11111	180	14.0	135.0	8	4325.315849827581	4325.522691284814
4329.388719578401	0.5068414572315305	trials	210626SL	p61	Z11111	304	3.0	180.0	12	4329.538719578401	4329.745561035633
4329.809002539364	0.5268815984181856	trials	210626SL	p61	Z11111	298	12.0	135.0	12	4329.959002539364	4330.1858841377825
4330.23928557078	0.5268815984172761	trials	210626SL	p61	Z11111	234	8.0	315.0	8	4330.38928557078	4330.616167169198
4330.6896087433815	0.49684138677912415	trials	210626SL	p61	Z11111	341	10.0	270.0	12	4330.839608743381	4331.036450130161
4331.089891563441	0.49684138677912415	trials	210626SL	p61	Z11111	274	3.0	90.0	12	4331.23989156344	4331.43673295022
4331.520174594856	0.5068414572315305	trials	210626SL	p61	Z11111	153	2.0	90.0	8	4331.670174594856	4331.877016052088
4331.940457555819	0.49684138678003364	trials	210626SL	p61	Z11111	34	3.0	90.0	4	4332.090457555819	4332.2872989426
4332.380740657687	0.49684138677912415	trials	210626SL	p61	Z11111	70	9.0	180.0	4	4332.530740657687	4332.7275820444665
4337.914539644221	0.4968013864981913	trials	210626SL	p61	Z11111	145	9.0	45.0	8	4338.0645396442205	4338.261341030719
4338.334822605185	0.49684138677912415	trials	210626SL	p61	Z11111	103	12.0	270.0	4	4338.4848226051845	4338.681663991964
4338.735065424962	0.5268815984172761	trials	210626SL	p61	Z11111	257	1.0	45.0	12	4338.885065424962	4339.11194702338
4339.1653884566595	0.5068414572315305	trials	210626SL	p61	Z11111	6	5.0	0.0	4	4339.315388456659	4339.522229913891
4339.605671558526	0.49684138678003364	trials	210626SL	p61	Z11111	5	4.0	0.0	4	4339.755671558526	4339.952512945307
4347.030723869255	0.5168415276839369	trials	210626SL	p61	Z11111	226	0.0	315.0	8	4347.1807238692545	4347.397565396939
4347.46100690067	0.49684138678003364	trials	210626SL	p61	Z11111	212	1.0	270.0	8	4347.61100690067	4347.807848287451
4347.871289791182	0.5268815984172761	trials	210626SL	p61	Z11111	46	0.0	135.0	4	4348.0212897911815	4348.2481713895995
4348.321612963783	0.49684138678003364	trials	210626SL	p61	Z11111	255	14.0	0.0	12	4348.471612963783	4348.6684543505635
4348.7518959951985	0.49684138678003364	trials	210626SL	p61	Z11111	8	7.0	0.0	4	4348.901895995198	4349.098737381979
4349.1721789561625	0.49684138677912415	trials	210626SL	p61	Z11111	75	14.0	180.0	4	4349.322178956162	4349.519020342942
4349.572461776222	0.5268415981354337	trials	210626SL	p61	Z11111	96	5.0	270.0	4	4349.722461776221	4349.949303374357
4350.022744948541	0.49684138678003364	trials	210626SL	p61	Z11111	208	12.0	225.0	8	4350.172744948541	4350.369586335321
4356.046867389486	0.5268415981354337	trials	210626SL	p61	Z11111	344	13.0	270.0	12	4356.196867389485	4356.4237089876215
4356.497150561805	0.49684138678003364	trials	210626SL	p61	Z11111	286	0.0	135.0	12	4356.647150561805	4356.843991948585
4356.897433381864	0.5268415981363432	trials	210626SL	p61	Z11111	358	12.0	315.0	12	4357.047433381864	4357.274274980001
4357.347756554466	0.49684138677912415	trials	210626SL	p61	Z11111	45	14.0	90.0	4	4357.497756554466	4357.694597941246
4357.747999374244	0.5368816688696825	trials	210626SL	p61	Z11111	285	14.0	90.0	12	4357.897999374243	4358.134881043114
4358.198322546845	0.49684138678003364	trials	210626SL	p61	Z11111	23	7.0	45.0	4	4358.348322546844	4358.545163933625
4358.608605437356	0.5268415981354337	trials	210626SL	p61	Z11111	7	6.0	0.0	4	4358.758605437356	4358.985447035492
4359.038888468772	0.49684138677912415	trials	210626SL	p61	Z11111	24	8.0	45.0	4	4359.188888468771	4359.385729855551
4363.261758219591	0.5168415276839369	trials	210626SL	p61	Z11111	26	10.0	45.0	4	4363.41175821959	4363.628599747275
4363.702041321459	0.49684138678003364	trials	210626SL	p61	Z11111	357	11.0	315.0	12	4363.852041321458	4364.048882708239
4364.11232421197	0.5268815984172761	trials	210626SL	p61	Z11111	29	13.0	45.0	4	4364.26232421197	4364.489205810388
4364.55264731412	0.5068414572315305	trials	210626SL	p61	Z11111	172	6.0	135.0	8	4364.7026473141195	4364.909488771352
4364.9629302046305	0.5268415981363432	trials	210626SL	p61	Z11111	246	5.0	0.0	12	4365.11293020463	4365.339771802767
4365.413213376951	0.49684138677912415	trials	210626SL	p61	Z11111	40	9.0	90.0	4	4365.56321337695	4365.76005476373
4365.843536408648	0.4968013864972818	trials	210626SL	p61	Z11111	129	8.0	0.0	8	4365.993536408648	4366.190337795146
4366.243779228425	0.5368816688696825	trials	210626SL	p61	Z11111	178	12.0	135.0	8	4366.393779228425	4366.6306608972955
4370.466648979244	0.50684145723244	trials	210626SL	p61	Z11111	162	11.0	90.0	8	4370.616648979244	4370.823490436477
4370.876931869756	0.49684138677912415	trials	210626SL	p61	Z11111	237	11.0	315.0	8	4371.026931869756	4371.223773256535
4371.277214689815	0.5368816688696825	trials	210626SL	p61	Z11111	186	5.0	180.0	8	4371.427214689815	4371.664096358685
4371.727537862416	0.50684145723244	trials	210626SL	p61	Z11111	9	8.0	0.0	4	4371.877537862416	4372.084379319649
4372.137820752928	0.5268415981363432	trials	210626SL	p61	Z11111	167	1.0	135.0	8	4372.2878207529275	4372.5146623510645
4372.588103925247	0.49684138678003364	trials	210626SL	p61	Z11111	87	11.0	225.0	4	4372.738103925247	4372.934945312028
4373.018386956663	0.49684138678003364	trials	210626SL	p61	Z11111	238	12.0	315.0	8	4373.168386956662	4373.365228343443
4373.418669776722	0.50684145723244	trials	210626SL	p61	Z11111	93	2.0	270.0	4	4373.568669776721	4373.775511233955
4399.936696600631	0.5068414572315305	trials	210626SL	p61	Z11111	28	12.0	45.0	4	4400.086696600631	4400.293538057863
4400.367019632328	0.4968013864972818	trials	210626SL	p61	Z11111	150	14.0	45.0	8	4400.517019632328	4400.713821018826
4400.797302663744	0.49684138677912415	trials	210626SL	p61	Z11111	54	8.0	135.0	4	4400.947302663743	4401.144144050523
4401.197545483521	0.49684138677912415	trials	210626SL	p61	Z11111	244	3.0	0.0	12	4401.347545483521	4401.5443868703005
4401.607828374033	0.5268815984172761	trials	210626SL	p61	Z11111	135	14.0	0.0	8	4401.757828374032	4401.98470997245
4402.058151546634	0.49684138678003364	trials	210626SL	p61	Z11111	264	8.0	45.0	12	4402.208151546633	4402.404992933414
4402.488434578049	0.49684138678003364	trials	210626SL	p61	Z11111	269	13.0	45.0	12	4402.638434578049	4402.83527596483
4402.888717398108	0.5268415981363432	trials	210626SL	p61	Z11111	296	10.0	135.0	12	4403.038717398108	4403.265558996245
4407.211667854013	0.5068414572315305	trials	210626SL	p61	Z11111	305	4.0	180.0	12	4407.361667854013	4407.568509311245
4407.641950885429	0.49684138677912415	trials	210626SL	p61	Z11111	320	4.0	225.0	12	4407.791950885428	4407.988792272208
4408.042233705488	0.5268415981354337	trials	210626SL	p61	Z11111	336	5.0	270.0	12	4408.1922337054875	4408.419075303624
4408.492516877807	0.49684138678003364	trials	210626SL	p61	Z11111	338	7.0	270.0	12	4408.642516877807	4408.839358264588
4408.892799697866	0.49684138678003364	trials	210626SL	p61	Z11111	21	5.0	45.0	4	4409.042799697866	4409.239641084647
4409.333082799734	0.49684138677912415	trials	210626SL	p61	Z11111	68	7.0	180.0	4	4409.483082799734	4409.679924186514
4409.733365619793	0.5268815984181856	trials	210626SL	p61	Z11111	302	1.0	180.0	12	4409.883365619793	4410.110247218212
4410.163688651491	0.4968013864972818	trials	210626SL	p61	Z11111	114	8.0	315.0	4	4410.31368865149	4410.510490037988
4414.416558613667	0.5068414572315305	trials	210626SL	p61	Z11111	354	8.0	315.0	12	4414.5665586136665	4414.773400070899
4414.8268415041775	0.50684145723244	trials	210626SL	p61	Z11111	277	6.0	90.0	12	4414.976841504177	4415.18368296141
4415.267124606045	0.49684138678003364	trials	210626SL	p61	Z11111	110	4.0	315.0	4	4415.417124606045	4415.613965992826
4415.667407426105	0.49684138677912415	trials	210626SL	p61	Z11111	335	4.0	270.0	12	4415.817407426104	4416.014248812884
4416.09769045752	0.5068414572315305	trials	210626SL	p61	Z11111	130	9.0	0.0	8	4416.24769045752	4416.454531914752
4416.507973348032	0.49684138677912415	trials	210626SL	p61	Z11111	164	13.0	90.0	8	4416.657973348031	4416.854814734811
4416.908256168091	0.5268415981354337	trials	210626SL	p61	Z11111	235	9.0	315.0	8	4417.05825616809	4417.2850977662265
4417.35853934041	0.49684138678003364	trials	210626SL	p61	Z11111	76	0.0	225.0	4	4417.50853934041	4417.7053807271905
4421.591449161964	0.5268415981354337	trials	210626SL	p61	Z11111	291	5.0	135.0	12	4421.741449161964	4421.9682907601
4422.031732263831	0.5168415276839369	trials	210626SL	p61	Z11111	215	4.0	270.0	8	4422.181732263831	4422.398573791515
4422.462015295247	0.5268815984181856	trials	210626SL	p61	Z11111	105	14.0	270.0	4	4422.612015295246	4422.838896893665
4425.093833836846	0.5168415276839369	trials	210626SL	p61	Z11111	348	2.0	315.0	12	4425.243833836846	4425.46067536453
4425.534116938714	0.49684138678003364	trials	210626SL	p61	Z11111	360	14.0	315.0	12	4425.6841169387135	4425.880958325494
4425.944399829225	0.5268415981354337	trials	210626SL	p61	Z11111	99	8.0	270.0	4	4426.094399829225	4426.321241427361
4426.374682860641	0.49684138677912415	trials	210626SL	p61	Z11111	175	9.0	135.0	8	4426.5246828606405	4426.72152424742
4426.7749656807	0.5268415981354337	trials	210626SL	p61	Z11111	73	12.0	180.0	4	4426.9249656807	4427.151807278836
4427.225288853301	0.4968013864981913	trials	210626SL	p61	Z11111	52	6.0	135.0	4	4427.375288853301	4427.5720902398
4427.6255316730785	0.5268815984181856	trials	210626SL	p61	Z11111	179	13.0	135.0	8	4427.775531673078	4428.002413271497
4428.07585484568	0.49684138678003364	trials	210626SL	p61	Z11111	61	0.0	180.0	4	4428.225854845679	4428.42269623246
4432.238684173505	0.49684138677912415	trials	210626SL	p61	Z11111	136	0.0	45.0	8	4432.388684173505	4432.585525560285
4432.658967134468	0.49684138678003364	trials	210626SL	p61	Z11111	20	4.0	45.0	4	4432.808967134468	4433.005808521249
4433.079250095432	0.5268415981354337	trials	210626SL	p61	Z11111	55	9.0	135.0	4	4433.229250095432	4433.456091693568
4433.509533126848	0.5068414572315305	trials	210626SL	p61	Z11111	156	5.0	90.0	8	4433.659533126847	4433.8663745840795
4433.949856228996	0.49684138678003364	trials	210626SL	p61	Z11111	161	10.0	90.0	8	4434.099856228996	4434.296697615777
4434.350099048774	0.5268815984181856	trials	210626SL	p61	Z11111	143	7.0	45.0	8	4434.500099048773	4434.726980647192
4434.800422221376	0.49684138677912415	trials	210626SL	p61	Z11111	94	3.0	270.0	4	4434.950422221375	4435.147263608155
4435.200705041435	0.5268415981354337	trials	210626SL	p61	Z11111	200	4.0	225.0	8	4435.350705041435	4435.577546639571
4439.463575074063	0.49684138678003364	trials	210626SL	p61	Z11111	284	13.0	90.0	12	4439.613575074062	4439.810416460843
4439.883858035027	0.49684138677912415	trials	210626SL	p61	Z11111	282	11.0	90.0	12	4440.033858035026	4440.230699421806
4440.294140925537	0.5268815984181856	trials	210626SL	p61	Z11111	330	14.0	225.0	12	4440.444140925537	4440.671022523956
4440.734464027687	0.5068414572315305	trials	210626SL	p61	Z11111	269	13.0	45.0	12	4440.884464027687	4441.091305484919
4441.1447469181985	0.5268415981354337	trials	210626SL	p61	Z11111	297	11.0	135.0	12	4441.294746918198	4441.521588516334
4441.575029949614	0.49684138677912415	trials	210626SL	p61	Z11111	138	2.0	45.0	8	4441.725029949614	4441.921871336393
4441.975312769672	0.49684138678003364	trials	210626SL	p61	Z11111	163	12.0	90.0	8	4442.125312769672	4442.322154156453
4442.405595801089	0.5068414572315305	trials	210626SL	p61	Z11111	71	10.0	180.0	4	4442.555595801088	4442.7624372583205
4446.648465692812	0.5268815984172761	trials	210626SL	p61	Z11111	249	8.0	0.0	12	4446.798465692812	4447.02534729123
4447.088788794961	0.50684145723244	trials	210626SL	p61	Z11111	26	10.0	45.0	4	4447.238788794961	4447.445630252194
4447.529071896829	0.49684138678003364	trials	210626SL	p61	Z11111	76	0.0	225.0	4	4447.679071896829	4447.875913283609
4447.929354716888	0.49684138678003364	trials	210626SL	p61	Z11111	228	2.0	315.0	8	4448.079354716888	4448.276196103669
4448.329637536947	0.49684138678003364	trials	210626SL	p61	Z11111	200	4.0	225.0	8	4448.479637536947	4448.676478923728
4448.769920638815	0.49684138677912415	trials	210626SL	p61	Z11111	335	4.0	270.0	12	4448.919920638815	4449.116762025595
4449.170203458874	0.5268415981354337	trials	210626SL	p61	Z11111	81	5.0	225.0	4	4449.320203458874	4449.54704505701
4449.620486631194	0.49684138678003364	trials	210626SL	p61	Z11111	279	8.0	90.0	12	4449.770486631193	4449.967328017974
4453.973477298737	0.5068414572315305	trials	210626SL	p61	Z11111	290	4.0	135.0	12	4454.123477298736	4454.330318755969
4454.383760189248	0.4968013864972818	trials	210626SL	p61	Z11111	96	5.0	270.0	4	4454.533760189248	4454.730561575746
4454.794003079478	0.5268815984172761	trials	210626SL	p61	Z11111	322	6.0	225.0	12	4454.944003079478	4455.170884677896
4455.234326181627	0.5068414572315305	trials	210626SL	p61	Z11111	144	8.0	45.0	8	4455.384326181626	4455.591167638859
4455.674609283495	0.49684138678003364	trials	210626SL	p61	Z11111	173	7.0	135.0	8	4455.824609283494	4456.021450670275
4456.074892103554	0.5268415981363432	trials	210626SL	p61	Z11111	187	6.0	180.0	8	4456.224892103553	4456.4517337016905
4456.505175134969	0.5068414572315305	trials	210626SL	p61	Z11111	8	7.0	0.0	4	4456.655175134969	4456.862016592201
4456.945498237119	0.49684138677912415	trials	210626SL	p61	Z11111	220	9.0	270.0	8	4457.095498237119	4457.292339623898
4461.17836805839	0.5268415981363432	trials	210626SL	p61	Z11111	302	1.0	180.0	12	4461.32836805839	4461.555209656527
4461.628691230992	0.4968013864972818	trials	210626SL	p61	Z11111	0			0	4461.778691230992	4461.97549261749
4462.02893405077	0.5268815984172761	trials	210626SL	p61	Z11111	278	7.0	90.0	12	4462.178934050769	4462.405815649187
4462.479257223371	0.49684138678003364	trials	210626SL	p61	Z11111	56	10.0	135.0	4	4462.629257223371	4462.826098610151
4462.87954004343	0.5368416685878401	trials	210626SL	p61	Z11111	31	0.0	90.0	4	4463.02954004343	4463.266381712018
4463.32982321575	0.49684138677912415	trials	210626SL	p61	Z11111	175	9.0	135.0	8	4463.47982321575	4463.67666460253
4463.740106106261	0.5268415981363432	trials	210626SL	p61	Z11111	203	7.0	225.0	8	4463.890106106261	4464.116947704398
4464.190429278862	0.4968013864981913	trials	210626SL	p61	Z11111	253	12.0	0.0	12	4464.340429278862	4464.537230665361
4468.543379946124	0.5268415981354337	trials	210626SL	p61	Z11111	125	4.0	0.0	8	4468.693379946124	4468.92022154426
4468.97366297754	0.5268815984172761	trials	210626SL	p61	Z11111	348	2.0	315.0	12	4469.123662977539	4469.350544575957
4469.403946008955	0.49684138677912415	trials	210626SL	p61	Z11111	9	8.0	0.0	4	4469.553946008955	4469.750787395735
4469.8342690406525	0.5068414572315305	trials	210626SL	p61	Z11111	325	9.0	225.0	12	4469.984269040652	4470.191110497884
4470.27455214252	0.49684138677912415	trials	210626SL	p61	Z11111	250	9.0	0.0	12	4470.42455214252	4470.6213935293
4470.674834962579	0.5268415981363432	trials	210626SL	p61	Z11111	341	10.0	270.0	12	4470.824834962578	4471.051676560715
4471.125118134899	0.49684138678003364	trials	210626SL	p61	Z11111	265	9.0	45.0	12	4471.275118134899	4471.471959521679
4471.525400954958	0.5368816688696825	trials	210626SL	p61	Z11111	20	4.0	45.0	4	4471.675400954958	4471.912282623828
4475.698230353235	0.5068414572315305	trials	210626SL	p61	Z11111	157	6.0	90.0	8	4475.848230353235	4476.055071810467
4476.1085132437465	0.49684138677912415	trials	210626SL	p61	Z11111	98	7.0	270.0	4	4476.258513243746	4476.455354630526
4476.548836345895	0.4968013864981913	trials	210626SL	p61	Z11111	186	5.0	180.0	8	4476.698836345895	4476.895637732394
4476.979119377311	0.49684138678003364	trials	210626SL	p61	Z11111	358	12.0	315.0	12	4477.12911937731	4477.325960764091
4477.379362197088	0.536881668870592	trials	210626SL	p61	Z11111	208	12.0	225.0	8	4477.529362197088	4477.766243865959
4477.82968536969	0.49684138677912415	trials	210626SL	p61	Z11111	202	6.0	225.0	8	4477.97968536969	4478.17652675647
4478.249968330653	0.49684138678003364	trials	210626SL	p61	Z11111	273	2.0	90.0	12	4478.399968330653	4478.596809717434
4478.650251150712	0.5068414572315305	trials	210626SL	p61	Z11111	332	1.0	270.0	12	4478.800251150712	4479.007092607944
4482.86312083108	0.49684138677912415	trials	210626SL	p61	Z11111	84	8.0	225.0	4	4483.0131208310795	4483.209962217859
4483.283403792043	0.49684138678003364	trials	210626SL	p61	Z11111	204	8.0	225.0	8	4483.433403792043	4483.630245178823
4483.6936866825545	0.5268415981363432	trials	210626SL	p61	Z11111	94	3.0	270.0	4	4483.843686682554	4484.070528280691
4484.12396971397	0.49684138677912415	trials	210626SL	p61	Z11111	46	0.0	135.0	4	4484.27396971397	4484.470811100749
4484.524252534029	0.5268415981354337	trials	210626SL	p61	Z11111	168	2.0	135.0	8	4484.674252534029	4484.901094132165
4484.974535706348	0.49684138678003364	trials	210626SL	p61	Z11111	55	9.0	135.0	4	4485.124535706348	4485.321377093129
4485.374818526408	0.536881668870592	trials	210626SL	p61	Z11111	230	4.0	315.0	8	4485.524818526407	4485.7617001952785
4490.668415820681	0.5068414572315305	trials	210626SL	p61	Z11111	149	13.0	45.0	8	4490.8184158206805	4491.025257277913
4491.098698852096	0.49684138678003364	trials	210626SL	p61	Z11111	116	10.0	315.0	4	4491.248698852096	4491.445540238877
4491.498981672155	0.5268815984181856	trials	210626SL	p61	Z11111	83	7.0	225.0	4	4491.648981672155	4491.875863270574
4491.929264703571	0.49684138678003364	trials	210626SL	p61	Z11111	182	1.0	180.0	8	4492.0792647035705	4492.276106090351
4492.349547664535	0.49684138677912415	trials	210626SL	p61	Z11111	115	9.0	315.0	4	4492.4995476645345	4492.696389051314
4492.769830625498	0.49684138677912415	trials	210626SL	p61	Z11111	295	9.0	135.0	12	4492.9198306254975	4493.116672012277
4493.170113445557	0.49684138677912415	trials	210626SL	p61	Z11111	32	1.0	90.0	4	4493.320113445557	4493.5169548323365
4493.570396265616	0.5268415981354337	trials	210626SL	p61	Z11111	60	14.0	135.0	4	4493.720396265616	4493.947237863752
4497.823306228074	0.5268415981354337	trials	210626SL	p61	Z11111	283	12.0	90.0	12	4497.973306228074	4498.20014782621
4498.273589400394	0.49684138678003364	trials	210626SL	p61	Z11111	126	5.0	0.0	8	4498.423589400393	4498.620430787174
4498.673872220453	0.5268415981363432	trials	210626SL	p61	Z11111	351	5.0	315.0	12	4498.823872220452	4499.050713818589
4499.124155392772	0.49684138678003364	trials	210626SL	p61	Z11111	108	2.0	315.0	4	4499.274155392772	4499.4709967795525
4499.524438212831	0.49684138678003364	trials	210626SL	p61	Z11111	248	7.0	0.0	12	4499.674438212831	4499.871279599612
4499.934721103343	0.5268815984172761	trials	210626SL	p61	Z11111	311	10.0	180.0	12	4500.084721103342	4500.31160270176
4500.365004134758	0.5268815984181856	trials	210626SL	p61	Z11111	82	6.0	225.0	4	4500.515004134758	4500.741885733177
4500.815327307359	0.49684138678003364	trials	210626SL	p61	Z11111	12	11.0	0.0	4	4500.965327307359	4501.16216869414
4505.008156846541	0.49684138678003364	trials	210626SL	p61	Z11111	199	3.0	225.0	8	4505.158156846541	4505.354998233322
4505.428479807786	0.4968013864981913	trials	210626SL	p61	Z11111	13	12.0	0.0	4	4505.578479807786	4505.775281194285
4505.828722627563	0.49684138678003364	trials	210626SL	p61	Z11111	286	0.0	135.0	12	4505.978722627563	4506.175564014344
4506.239005518075	0.5268815984181856	trials	210626SL	p61	Z11111	308	7.0	180.0	12	4506.389005518075	4506.6158871164935
4506.679328620225	0.5068414572315305	trials	210626SL	p61	Z11111	262	6.0	45.0	12	4506.829328620224	4507.0361700774565
4507.089571510453	0.5268815984181856	trials	210626SL	p61	Z11111	359	13.0	315.0	12	4507.239571510453	4507.466453108872
4507.5398946830555	0.49684138677912415	trials	210626SL	p61	Z11111	160	9.0	90.0	8	4507.689894683055	4507.886736069835
4507.970177714471	0.49684138677912415	trials	210626SL	p61	Z11111	294	8.0	135.0	12	4508.120177714471	4508.3170191012505
4512.123006971844	0.5268815984172761	trials	210626SL	p61	Z11111	136	0.0	45.0	8	4512.273006971844	4512.499888570262
4512.573330144445	0.49684138677912415	trials	210626SL	p61	Z11111	48	2.0	135.0	4	4512.723330144445	4512.920171531225
4513.003613175861	0.49684138677912415	trials	210626SL	p61	Z11111	245	4.0	0.0	12	4513.15361317586	4513.35045456264
4513.413896066372	0.5268415981354337	trials	210626SL	p61	Z11111	106	0.0	315.0	4	4513.563896066372	4513.790737664508
4513.854179168239	0.50684145723244	trials	210626SL	p61	Z11111	74	13.0	180.0	4	4514.004179168239	4514.211020625472
4514.264462058751	0.5268815984181856	trials	210626SL	p61	Z11111	137	1.0	45.0	8	4514.41446205875	4514.641343657169
4514.714785231352	0.49684138678003364	trials	210626SL	p61	Z11111	240	14.0	315.0	8	4514.864785231352	4515.061626618132
4515.145068262767	0.49684138678003364	trials	210626SL	p61	Z11111	89	13.0	225.0	4	4515.295068262767	4515.491909649548
4519.387938154492	0.5068814575133729	trials	210626SL	p61	Z11111	130	9.0	0.0	8	4519.537938154492	4519.744819612006
4519.808221115455	0.5068814575133729	trials	210626SL	p61	Z11111	146	10.0	45.0	8	4519.958221115455	4520.165102572969
4520.228504076418	0.5168815279657792	trials	210626SL	p61	Z11111	247	6.0	0.0	12	4520.378504076418	4520.595385604384
4520.648827037664	0.49684138677912415	trials	210626SL	p61	Z11111	254	13.0	0.0	12	4520.798827037664	4520.9956684244435
4521.079110069079	0.5068414572315305	trials	210626SL	p61	Z11111	45	14.0	90.0	4	4521.229110069079	4521.435951526311
4521.519393170947	0.49684138677912415	trials	210626SL	p61	Z11111	360	14.0	315.0	12	4521.669393170947	4521.866234557727
4521.93967613191	0.5268815984172761	trials	210626SL	p61	Z11111	357	11.0	315.0	12	4522.08967613191	4522.316557730328
4522.369999163608	0.5068414572315305	trials	210626SL	p61	Z11111	296	10.0	135.0	12	4522.519999163607	4522.7268406208395
4526.512788350246	0.5168815279657792	trials	210626SL	p61	Z11111	236	10.0	315.0	8	4526.662788350246	4526.879669878213
4526.943111381944	0.5268415981363432	trials	210626SL	p61	Z11111	39	8.0	90.0	4	4527.093111381943	4527.31995298008
4527.393394554263	0.49684138678003364	trials	210626SL	p61	Z11111	169	3.0	135.0	8	4527.543394554263	4527.7402359410435
4527.793677374322	0.5268415981363432	trials	210626SL	p61	Z11111	67	6.0	180.0	4	4527.943677374322	4528.170518972459
4528.244000546924	0.4968013864972818	trials	210626SL	p61	Z11111	22	6.0	45.0	4	4528.394000546924	4528.590801933422
4528.644243366702	0.5268815984172761	trials	210626SL	p61	Z11111	336	5.0	270.0	12	4528.794243366701	4529.021124965119
4529.094566539303	0.49684138678003364	trials	210626SL	p61	Z11111	299	13.0	135.0	12	4529.2445665393025	4529.441407926083
4529.494849359362	0.5368416685887496	trials	210626SL	p61	Z11111	207	11.0	225.0	8	4529.644849359362	4529.881691027951
4533.767719462442	0.5068814575142824	trials	210626SL	p61	Z11111	216	5.0	270.0	8	4533.917719462442	4534.124600919957
4534.198042494139	0.49684138678003364	trials	210626SL	p61	Z11111	57	11.0	135.0	4	4534.348042494139	4534.54488388092
4534.598285313917	0.5268815984181856	trials	210626SL	p61	Z11111	170	4.0	135.0	8	4534.748285313916	4534.975166912335
4535.048608486519	0.49684138677912415	trials	210626SL	p61	Z11111	101	10.0	270.0	4	4535.198608486518	4535.395449873298
4535.448891306578	0.49684138677912415	trials	210626SL	p61	Z11111	171	5.0	135.0	8	4535.598891306578	4535.795732693357
4535.889174408445	0.49684138678003364	trials	210626SL	p61	Z11111	353	7.0	315.0	12	4536.0391744084445	4536.236015795225
4536.31945743986	0.49684138678003364	trials	210626SL	p61	Z11111	73	12.0	180.0	4	4536.46945743986	4536.666298826641
4536.739740400824	0.49684138677912415	trials	210626SL	p61	Z11111	215	4.0	270.0	8	4536.889740400824	4537.086581787604
4540.992650363282	0.5268415981354337	trials	210626SL	p61	Z11111	53	7.0	135.0	4	4541.142650363282	4541.369491961418
4541.43293346515	0.5068814575133729	trials	210626SL	p61	Z11111	0			0	4541.58293346515	4541.789814922664
4541.873256567299	0.49684138678003364	trials	210626SL	p61	Z11111	309	8.0	180.0	12	4542.023256567299	4542.220097954079
4544.47503489726	0.5168415276839369	trials	210626SL	p61	Z11111	252	11.0	0.0	12	4544.62503489726	4544.8418764249445
4544.915317999128	0.49684138677912415	trials	210626SL	p61	Z11111	210	14.0	225.0	8	4545.065317999128	4545.262159385908
4545.325600889639	0.5268415981363432	trials	210626SL	p61	Z11111	198	2.0	225.0	8	4545.475600889638	4545.702442487775
4545.765883991507	0.5068414572315305	trials	210626SL	p61	Z11111	205	9.0	225.0	8	4545.915883991506	4546.1227254487385
4546.176166882018	0.5268815984172761	trials	210626SL	p61	Z11111	313	12.0	180.0	12	4546.326166882018	4546.553048480436
4546.626490054619	0.49684138678003364	trials	210626SL	p61	Z11111	333	2.0	270.0	12	4546.776490054619	4546.9733314414
4547.026732874397	0.5268815984181856	trials	210626SL	p61	Z11111	114	8.0	315.0	4	4547.176732874396	4547.403614472815
4547.477056046999	0.49684138677912415	trials	210626SL	p61	Z11111	87	11.0	225.0	4	4547.627056046998	4547.823897433778
4553.17093616133	0.5168415276839369	trials	210626SL	p61	Z11111	19	3.0	45.0	4	4553.32093616133	4553.537777689015
4553.601219192746	0.5268815984181856	trials	210626SL	p61	Z11111	178	12.0	135.0	8	4553.751219192745	4553.978100791164
4554.051542365348	0.49684138678003364	trials	210626SL	p61	Z11111	185	4.0	180.0	8	4554.201542365347	4554.398383752128
4554.451825185407	0.5268415981363432	trials	210626SL	p61	Z11111	95	4.0	270.0	4	4554.601825185407	4554.828666783544
4554.902108357726	0.49684138678003364	trials	210626SL	p61	Z11111	225	14.0	270.0	8	4555.052108357726	4555.248949744507
4555.3023911777855	0.5268415981363432	trials	210626SL	p61	Z11111	354	8.0	315.0	12	4555.452391177785	4555.679232775922
4555.752674350106	0.49684138677912415	trials	210626SL	p61	Z11111	340	9.0	270.0	12	4555.902674350105	4556.099515736885
4556.152957170165	0.5368816688696825	trials	210626SL	p61	Z11111	242	1.0	0.0	12	4556.3029571701645	4556.539838839035
4561.026271503474	0.5268815984181856	trials	210626SL	p61	Z11111	21	5.0	45.0	4	4561.176271503474	4561.403153101893
4561.45655453489	0.49684138678003364	trials	210626SL	p61	Z11111	156	5.0	90.0	8	4561.606554534889	4561.80339592167
4561.856837354949	0.49684138678003364	trials	210626SL	p61	Z11111	121	0.0	0.0	8	4562.006837354948	4562.203678741729
4562.2971604570985	0.4968013864981913	trials	210626SL	p61	Z11111	306	5.0	180.0	12	4562.447160457098	4562.643961843597
4562.727443488514	0.49684138678003364	trials	210626SL	p61	Z11111	33	2.0	90.0	4	4562.877443488514	4563.074284875294
4563.1377263790255	0.5268415981354337	trials	210626SL	p61	Z11111	339	8.0	270.0	12	4563.287726379025	4563.514567977161
4563.578009480892	0.49684138678003364	trials	210626SL	p61	Z11111	25	9.0	45.0	4	4563.728009480892	4563.924850867673
4563.988292371404	0.5268415981363432	trials	210626SL	p61	Z11111	0			0	4564.138292371404	4564.365133969541
4568.191161981319	0.5168415276839369	trials	210626SL	p61	Z11111	24	8.0	45.0	4	4568.341161981319	4568.558003509003
4568.631445083187	0.5268815984181856	trials	210626SL	p61	Z11111	34	3.0	90.0	4	4568.781445083187	4569.0083266816055
4569.081768255789	0.49684138677912415	trials	210626SL	p61	Z11111	129	8.0	0.0	8	4569.231768255789	4569.4286096425685
4569.4920511463	0.5268415981363432	trials	210626SL	p61	Z11111	271	0.0	90.0	12	4569.642051146299	4569.868892744436
4569.9323342481675	0.5068414572315305	trials	210626SL	p61	Z11111	30	14.0	45.0	4	4570.082334248167	4570.289175705399
4570.372617350035	0.49684138677912415	trials	210626SL	p61	Z11111	77	1.0	225.0	4	4570.522617350035	4570.719458736815
4570.7729001700945	0.5268815984172761	trials	210626SL	p61	Z11111	111	5.0	315.0	4	4570.922900170094	4571.149781768512
4571.223223342696	0.49684138678003364	trials	210626SL	p61	Z11111	349	3.0	315.0	12	4571.373223342695	4571.570064729476
4575.3660125293345	0.5068814575133729	trials	210626SL	p61	Z11111	222	11.0	270.0	8	4575.516012529334	4575.722893986848
4575.786295490298	0.5068814575142824	trials	210626SL	p61	Z11111	134	13.0	0.0	8	4575.936295490297	4576.143176947812
4576.226618592447	0.49684138678003364	trials	210626SL	p61	Z11111	52	6.0	135.0	4	4576.376618592447	4576.573459979228
4578.508154666249	0.5268815984172761	trials	210626SL	p61	Z11111	72	11.0	180.0	4	4578.658154666248	4578.885036264666
4578.938477697946	0.5268415981363432	trials	210626SL	p61	Z11111	285	14.0	90.0	12	4579.088477697946	4579.315319296083
4579.368760729361	0.5268415981363432	trials	210626SL	p61	Z11111	112	6.0	315.0	4	4579.518760729361	4579.745602327498
4579.819043901682	0.49684138677912415	trials	210626SL	p61	Z11111	287	1.0	135.0	12	4579.969043901681	4580.165885288461
4580.21932672174	0.50684145723244	trials	210626SL	p61	Z11111	258	2.0	45.0	12	4580.3693267217395	4580.576168178973
4580.659609823608	0.49684138678003364	trials	210626SL	p61	Z11111	263	7.0	45.0	12	4580.809609823607	4581.006451210388
4581.059892643667	0.49684138677912415	trials	210626SL	p61	Z11111	150	14.0	45.0	8	4581.2098926436665	4581.406734030446
4581.490175675082	0.49684138677912415	trials	210626SL	p61	Z11111	243	2.0	0.0	12	4581.640175675082	4581.837017061862
4586.363530008674	0.5268415981354337	trials	210626SL	p61	Z11111	103	12.0	270.0	4	4586.513530008674	4586.74037160681
4586.803813110542	0.5268415981354337	trials	210626SL	p61	Z11111	155	4.0	90.0	8	4586.953813110542	4587.180654708678
4587.244096212409	0.49684138678003364	trials	210626SL	p61	Z11111	6	5.0	0.0	4	4587.394096212409	4587.59093759919
4587.654379102921	0.5268815984172761	trials	210626SL	p61	Z11111	176	10.0	135.0	8	4587.80437910292	4588.031260701338
4588.084702134618	0.4968013864981913	trials	210626SL	p61	Z11111	226	0.0	315.0	8	4588.234702134618	4588.431503521117
4588.484944954395	0.5268815984172761	trials	210626SL	p61	Z11111	189	8.0	180.0	8	4588.634944954395	4588.861826552813
4588.935268126997	0.49684138678003364	trials	210626SL	p61	Z11111	153	2.0	90.0	8	4589.085268126996	4589.282109513777
4589.335550947056	0.5368416685878401	trials	210626SL	p61	Z11111	318	2.0	225.0	12	4589.485550947055	4589.722392615644
4594.128784716185	0.5268815984181856	trials	210626SL	p61	Z11111	47	1.0	135.0	4	4594.278784716184	4594.505666314603
4596.610482200156	0.49684138678003364	trials	210626SL	p61	Z11111	221	10.0	270.0	8	4596.760482200156	4596.957323586937
4597.03076516112	0.49684138677912415	trials	210626SL	p61	Z11111	209	13.0	225.0	8	4597.18076516112	4597.3776065479
4597.431047981178	0.5268415981363432	trials	210626SL	p61	Z11111	1	0.0	0.0	4	4597.581047981178	4597.807889579315
4597.871331083046	0.5268815984181856	trials	210626SL	p61	Z11111	107	1.0	315.0	4	4598.021331083046	4598.248212681465
4598.301614114462	0.5268815984181856	trials	210626SL	p61	Z11111	192	11.0	180.0	8	4598.451614114461	4598.67849571288
4598.751937287064	0.49684138677912415	trials	210626SL	p61	Z11111	124	3.0	0.0	8	4598.901937287063	4599.098778673843
4599.152220107123	0.49684138677912415	trials	210626SL	p61	Z11111	275	4.0	90.0	12	4599.302220107123	4599.499061493902
4599.562502997634	0.5268415981363432	trials	210626SL	p61	Z11111	152	1.0	90.0	8	4599.712502997633	4599.93934459577
4603.845413171448	0.5268415981363432	trials	210626SL	p61	Z11111	345	14.0	270.0	12	4603.995413171448	4604.222254769585
4604.285696273316	0.5068414572315305	trials	210626SL	p61	Z11111	159	8.0	90.0	8	4604.435696273315	4604.642537730548
4604.695979163827	0.5268415981354337	trials	210626SL	p61	Z11111	92	1.0	270.0	4	4604.845979163827	4605.072820761963
4605.146302336429	0.49684138678003364	trials	210626SL	p61	Z11111	288	2.0	135.0	12	4605.296302336428	4605.493143723209
4605.546545156206	0.5268815984181856	trials	210626SL	p61	Z11111	28	12.0	45.0	4	4605.6965451562055	4605.923426754624
4605.996868328808	0.49684138677912415	trials	210626SL	p61	Z11111	2	1.0	0.0	4	4606.146868328808	4606.3437097155875
4606.397151148866	0.5268415981363432	trials	210626SL	p61	Z11111	229	3.0	315.0	8	4606.547151148866	4606.773992747003
4606.8474343211865	0.49684138677912415	trials	210626SL	p61	Z11111	281	10.0	90.0	12	4606.997434321186	4607.194275707966
4615.553375655991	0.5268415981363432	trials	210626SL	p61	Z11111	63	2.0	180.0	4	4615.70337565599	4615.9302172541275
4634.986592566235	0.5268415981363432	trials	210626SL	p61	Z11111	29	13.0	45.0	4	4635.136592566235	4635.363434164372
4637.348169203936	0.5168815279657792	trials	210626SL	p61	Z11111	122	1.0	0.0	8	4637.4981692039355	4637.715050731902
4637.788492306086	0.49684138677912415	trials	210626SL	p61	Z11111	266	10.0	45.0	12	4637.938492306085	4638.135333692865
4638.188775126144	0.5368416685887496	trials	210626SL	p61	Z11111	50	4.0	135.0	4	4638.338775126143	4638.575616794733
4638.639058298464	0.5368816688696825	trials	210626SL	p61	Z11111	181	0.0	180.0	8	4638.789058298464	4639.025939967334
4639.089381471065	0.50684145723244	trials	210626SL	p61	Z11111	140	4.0	45.0	8	4639.239381471065	4639.446222928298
4639.529664572933	0.49684138678003364	trials	210626SL	p61	Z11111	307	6.0	180.0	12	4639.679664572933	4639.8765059597135
4639.929947392992	0.49684138678003364	trials	210626SL	p61	Z11111	343	12.0	270.0	12	4640.079947392992	4640.276788779773
4640.360230424408	0.49684138678003364	trials	210626SL	p61	Z11111	193	12.0	180.0	8	4640.510230424407	4640.707071811188
4644.633140527771	0.5068414572315305	trials	210626SL	p61	Z11111	223	12.0	270.0	8	4644.78314052777	4644.9899819850025
4645.063423559186	0.49684138677912415	trials	210626SL	p61	Z11111	145	9.0	45.0	8	4645.213423559186	4645.4102649459655
4645.463706379245	0.5368816688696825	trials	210626SL	p61	Z11111	177	11.0	135.0	8	4645.613706379245	4645.850588048115
4645.903989481112	0.5268815984181856	trials	210626SL	p61	Z11111	334	3.0	270.0	12	4646.053989481112	4646.280871079531
4646.354312653714	0.49684138677912415	trials	210626SL	p61	Z11111	165	14.0	90.0	8	4646.504312653714	4646.701154040494
4646.754595473773	0.5268415981354337	trials	210626SL	p61	Z11111	260	4.0	45.0	12	4646.904595473773	4647.131437071909
4647.204878646093	0.49684138678003364	trials	210626SL	p61	Z11111	17	1.0	45.0	4	4647.354878646092	4647.551720032873
4647.605161466152	0.49684138677912415	trials	210626SL	p61	Z11111	194	13.0	180.0	8	4647.755161466152	4647.952002852931
4675.894400768547	0.50684145723244	trials	210626SL	p61	Z11111	143	7.0	45.0	8	4676.044400768546	4676.25124222578
4678.486179028056	0.50684145723244	trials	210626SL	p61	Z11111	79	3.0	225.0	4	4678.636179028055	4678.843020485288
4678.896461918567	0.49684138678003364	trials	210626SL	p61	Z11111	118	12.0	315.0	4	4679.046461918567	4679.243303305348
4679.306744809079	0.5268415981354337	trials	210626SL	p61	Z11111	184	3.0	180.0	8	4679.456744809078	4679.6835864072145
4679.747027910946	0.50684145723244	trials	210626SL	p61	Z11111	211	0.0	270.0	8	4679.897027910945	4680.1038693681785
4680.187311012814	0.49684138678003364	trials	210626SL	p61	Z11111	251	10.0	0.0	12	4680.337311012813	4680.534152399594
4680.587593832873	0.5268815984181856	trials	210626SL	p61	Z11111	344	13.0	270.0	12	4680.737593832872	4680.964475431291
4681.037917005475	0.49684138677912415	trials	210626SL	p61	Z11111	183	2.0	180.0	8	4681.187917005474	4681.384758392254
4681.448199895985	0.5268415981363432	trials	210626SL	p61	Z11111	70	9.0	180.0	4	4681.598199895985	4681.825041494122
4685.641029435167	0.5268815984172761	trials	210626SL	p61	Z11111	64	3.0	180.0	4	4685.791029435167	4686.017911033585
4686.091352607768	0.5268415981363432	trials	210626SL	p61	Z11111	88	12.0	225.0	4	4686.241352607768	4686.468194205905
4686.541635780089	0.49684138677912415	trials	210626SL	p61	Z11111	86	10.0	225.0	4	4686.691635780088	4686.888477166868
4686.941918600148	0.49684138677912415	trials	210626SL	p61	Z11111	105	14.0	270.0	4	4687.091918600147	4687.288759986927
4687.382201702015	0.49684138678003364	trials	210626SL	p61	Z11111	172	6.0	135.0	8	4687.532201702014	4687.729043088795
4687.812524733712	0.49684138678003364	trials	210626SL	p61	Z11111	319	3.0	225.0	12	4687.962524733712	4688.159366120492
4688.212767553489	0.5068414572315305	trials	210626SL	p61	Z11111	259	3.0	45.0	12	4688.362767553489	4688.569609010721
4688.653090655639	0.49684138678003364	trials	210626SL	p61	Z11111	206	10.0	225.0	8	4688.803090655639	4688.9999320424195
4692.805919913012	0.5168415276839369	trials	210626SL	p61	Z11111	272	1.0	90.0	12	4692.955919913012	4693.172761440696
4693.24620301488	0.49684138677912415	trials	210626SL	p61	Z11111	298	12.0	135.0	12	4693.39620301488	4693.593044401659
4693.646485834938	0.50684145723244	trials	210626SL	p61	Z11111	268	12.0	45.0	12	4693.796485834938	4694.003327292171
4694.086768936806	0.49684138678003364	trials	210626SL	p61	Z11111	5	4.0	0.0	4	4694.236768936806	4694.433610323586
4694.487051756865	0.5268415981363432	trials	210626SL	p61	Z11111	238	12.0	315.0	8	4694.637051756865	4694.863893355002
4694.937374929467	0.49684138677912415	trials	210626SL	p61	Z11111	180	14.0	135.0	8	4695.087374929467	4695.284216316247
4695.337617749244	0.49684138678003364	trials	210626SL	p61	Z11111	0			0	4695.487617749243	4695.684459136024
4695.777940851393	0.49684138678003364	trials	210626SL	p61	Z11111	224	13.0	270.0	8	4695.927940851393	4696.124782238174
4700.080851166113	0.5068414572315305	trials	210626SL	p61	Z11111	274	3.0	90.0	12	4700.230851166112	4700.437692623344
4700.511134197528	0.5268815984172761	trials	210626SL	p61	Z11111	65	4.0	180.0	4	4700.661134197528	4700.888015795946
4700.961457370129	0.49684138678003364	trials	210626SL	p61	Z11111	324	8.0	225.0	12	4701.111457370129	4701.30829875691
4701.391740401545	0.49684138678003364	trials	210626SL	p61	Z11111	54	8.0	135.0	4	4701.541740401544	4701.738581788325
4701.792023221604	0.5068414572315305	trials	210626SL	p61	Z11111	91	0.0	270.0	4	4701.942023221603	4702.148864678836
4702.232306323472	0.5268815984181856	trials	210626SL	p61	Z11111	218	7.0	270.0	8	4702.382306323471	4702.60918792189
4702.682629496074	0.49684138677912415	trials	210626SL	p61	Z11111	97	6.0	270.0	4	4702.832629496073	4703.029470882853
4703.112912527489	0.5368816688696825	trials	210626SL	p61	Z11111	291	5.0	135.0	12	4703.262912527489	4703.499794196359
4707.365822489946	0.5268415981363432	trials	210626SL	p61	Z11111	68	7.0	180.0	4	4707.515822489946	4707.742664088083
4707.796105521362	0.536881668870592	trials	210626SL	p61	Z11111	301	0.0	180.0	12	4707.9461055213615	4708.182987190233
4708.246428693964	0.5068414572315305	trials	210626SL	p61	Z11111	174	8.0	135.0	8	4708.396428693964	4708.603270151196
4708.656671584194	0.5268815984172761	trials	210626SL	p61	Z11111	167	1.0	135.0	8	4708.806671584193	4709.033553182611
4709.106994756795	0.49684138678003364	trials	210626SL	p61	Z11111	62	1.0	180.0	4	4709.2569947567945	4709.453836143575
4709.53727778821	0.49684138678003364	trials	210626SL	p61	Z11111	35	4.0	90.0	4	4709.68727778821	4709.884119174991
4709.937560608269	0.5368816688696825	trials	210626SL	p61	Z11111	123	2.0	0.0	8	4710.087560608269	4710.3244422771395
4710.377843710137	0.5268815984181856	trials	210626SL	p61	Z11111	120	14.0	315.0	4	4710.527843710137	4710.754725308556
4714.750834518584	0.5068414572315305	trials	210626SL	p61	Z11111	300	14.0	135.0	12	4714.900834518584	4715.107675975816
4715.161117409096	0.5268415981363432	trials	210626SL	p61	Z11111	316	0.0	225.0	12	4715.3111174090955	4715.5379590072325
4715.591400440511	0.5268815984181856	trials	210626SL	p61	Z11111	280	9.0	90.0	12	4715.741400440511	4715.96828203893
4718.02305757194	0.5268415981363432	trials	210626SL	p61	Z11111	127	6.0	0.0	8	4718.173057571939	4718.399899170076
4718.453340603355	0.49684138678003364	trials	210626SL	p61	Z11111	213	2.0	270.0	8	4718.603340603355	4718.800181990136
4718.853623423414	0.49684138678003364	trials	210626SL	p61	Z11111	241	0.0	0.0	12	4719.003623423414	4719.200464810195
4719.28390645483	0.50684145723244	trials	210626SL	p61	Z11111	10	9.0	0.0	4	4719.433906454829	4719.640747912063
4719.7242295569795	0.49684138678003364	trials	210626SL	p61	Z11111	23	7.0	45.0	4	4719.874229556979	4720.07107094376
4724.327341986672	0.5268815984181856	trials	210626SL	p61	Z11111	4	3.0	0.0	4	4724.4773419866715	4724.70422358509
4734.214091640468	0.5268415981354337	trials	210626SL	p61	Z11111	162	11.0	90.0	8	4734.364091640467	4734.590933238604
4734.654374742335	0.50684145723244	trials	210626SL	p61	Z11111	270	14.0	45.0	12	4734.804374742334	4735.011216199568
4735.094657844203	0.49684138678003364	trials	210626SL	p61	Z11111	355	9.0	315.0	12	4735.244657844202	4735.441499230983
4735.494940664262	0.5268815984181856	trials	210626SL	p61	Z11111	256	0.0	45.0	12	4735.644940664261	4735.87182226268
4735.925223695677	0.5068414572315305	trials	210626SL	p61	Z11111	132	11.0	0.0	8	4736.075223695677	4736.282065152909
4736.335506586189	0.5268815984181856	trials	210626SL	p61	Z11111	58	12.0	135.0	4	4736.485506586188	4736.712388184607
4736.78582975879	0.49684138678003364	trials	210626SL	p61	Z11111	289	3.0	135.0	12	4736.93582975879	4737.13267114557
4737.186112578849	0.5268415981363432	trials	210626SL	p61	Z11111	37	6.0	90.0	4	4737.336112578849	4737.562954176986
4742.489709943575	0.5268415981363432	trials	210626SL	p61	Z11111	196	0.0	225.0	8	4742.639709943574	4742.8665515417115
4742.939993115895	0.49684138677912415	trials	210626SL	p61	Z11111	139	3.0	45.0	8	4743.089993115895	4743.2868345026745
4743.340275935953	0.49684138678003364	trials	210626SL	p61	Z11111	148	12.0	45.0	8	4743.490275935953	4743.687117322734
4743.740558756012	0.5268415981363432	trials	210626SL	p61	Z11111	41	10.0	90.0	4	4743.890558756012	4744.117400354149
4744.1908819286145	0.4968013864972818	trials	210626SL	p61	Z11111	27	11.0	45.0	4	4744.340881928614	4744.537683315112
4744.591124748392	0.5368816688696825	trials	210626SL	p61	Z11111	350	4.0	315.0	12	4744.7411247483915	4744.978006417262
4745.041447920993	0.5068414572315305	trials	210626SL	p61	Z11111	338	7.0	270.0	12	4745.191447920993	4745.398289378225
4745.451730811505	0.5268415981354337	trials	210626SL	p61	Z11111	191	10.0	180.0	8	4745.601730811504	4745.82857240964
4749.764641196675	0.5268815984172761	trials	210626SL	p61	Z11111	188	7.0	180.0	8	4749.914641196675	4750.141522795093
4750.214964369277	0.49684138677912415	trials	210626SL	p61	Z11111	214	3.0	270.0	8	4750.364964369277	4750.561805756057
4750.615247189336	0.5268415981363432	trials	210626SL	p61	Z11111	261	5.0	45.0	12	4750.765247189335	4750.992088787472
4751.065530361656	0.49684138677912415	trials	210626SL	p61	Z11111	133	12.0	0.0	8	4751.2155303616555	4751.412371748435
4751.485813322619	0.49684138678003364	trials	210626SL	p61	Z11111	231	5.0	315.0	8	4751.635813322619	4751.832654709399
4751.886096142678	0.49684138677912415	trials	210626SL	p61	Z11111	342	11.0	270.0	12	4752.036096142678	4752.232937529458
4752.3163791740935	0.5068414572315305	trials	210626SL	p61	Z11111	102	11.0	270.0	4	4752.466379174093	4752.673220631325
4752.726662064605	0.5268415981354337	trials	210626SL	p61	Z11111	212	1.0	270.0	8	4752.876662064605	4753.103503662741
4758.610663518373	0.5268815984181856	trials	210626SL	p61	Z11111	131	10.0	0.0	8	4758.760663518373	4758.987545116792
4759.060986690975	0.49684138677912415	trials	210626SL	p61	Z11111	326	10.0	225.0	12	4759.210986690975	4759.407828077755
4759.461229510753	0.49684138677912415	trials	210626SL	p61	Z11111	100	9.0	270.0	4	4759.611229510752	4759.808070897532
4759.89155254245	0.5068414572315305	trials	210626SL	p61	Z11111	246	5.0	0.0	12	4760.04155254245	4760.248393999682
4760.331835644318	0.49684138677912415	trials	210626SL	p61	Z11111	320	4.0	225.0	12	4760.4818356443175	4760.678677031097
4760.732118464376	0.49684138678003364	trials	210626SL	p61	Z11111	119	13.0	315.0	4	4760.882118464376	4761.0789598511565
4761.172401566244	0.49684138678003364	trials	210626SL	p61	Z11111	190	9.0	180.0	8	4761.322401566244	4761.519242953024
4761.602684597659	0.49684138678003364	trials	210626SL	p61	Z11111	276	5.0	90.0	12	4761.752684597659	4761.94952598444
4766.075756111192	0.5268415981363432	trials	210626SL	p61	Z11111	315	14.0	180.0	12	4766.225756111192	4766.452597709329
4766.51603921306	0.5068414572315305	trials	210626SL	p61	Z11111	161	10.0	90.0	8	4766.66603921306	4766.872880670292
4766.926322103571	0.5268415981363432	trials	210626SL	p61	Z11111	329	13.0	225.0	12	4767.07632210357	4767.3031637017075
4767.376605275891	0.4968813870609665	trials	210626SL	p61	Z11111	158	7.0	90.0	8	4767.526605275891	4767.723486662952
4767.77688809595	0.49684138677912415	trials	210626SL	p61	Z11111	154	3.0	90.0	8	4767.92688809595	4768.12372948273
4768.2072111276475	0.49684138677912415	trials	210626SL	p61	Z11111	219	8.0	270.0	8	4768.357211127647	4768.554052514427
4768.617454017876	0.5268815984181856	trials	210626SL	p61	Z11111	49	3.0	135.0	4	4768.767454017876	4768.994335616295
4769.057777120026	0.5068414572315305	trials	210626SL	p61	Z11111	90	14.0	225.0	4	4769.207777120026	4769.414618577258
4773.330687223388	0.50684145723244	trials	210626SL	p61	Z11111	164	13.0	90.0	8	4773.480687223388	4773.687528680621
4773.750970184352	0.5268415981354337	trials	210626SL	p61	Z11111	3	2.0	0.0	4	4773.9009701843515	4774.127811782488
4774.181253215767	0.49684138677912415	trials	210626SL	p61	Z11111	328	12.0	225.0	12	4774.331253215767	4774.528094602547
4774.5815360358265	0.5268415981354337	trials	210626SL	p61	Z11111	305	4.0	180.0	12	4774.731536035826	4774.958377633962
4775.031819208146	0.49684138678003364	trials	210626SL	p61	Z11111	331	0.0	270.0	12	4775.1818192081455	4775.378660594926
4775.432102028205	0.536881668870592	trials	210626SL	p61	Z11111	197	1.0	225.0	8	4775.582102028205	4775.818983697076
4775.882425200807	0.49684138677912415	trials	210626SL	p61	Z11111	141	5.0	45.0	8	4776.032425200807	4776.229266587587
4778.504203671672	0.5168415276839369	trials	210626SL	p61	Z11111	18	2.0	45.0	4	4778.654203671672	4778.871045199357
4778.924486632635	0.5068414572315305	trials	210626SL	p61	Z11111	310	9.0	180.0	12	4779.074486632635	4779.281328089867
4779.364769734503	0.49684138677912415	trials	210626SL	p61	Z11111	232	6.0	315.0	8	4779.514769734503	4779.711611121283
4779.7950927662005	0.5068414572315305	trials	210626SL	p61	Z11111	61	0.0	180.0	4	4779.9450927662	4780.151934223432
4780.20533565643	0.49684138677912415	trials	210626SL	p61	Z11111	234	8.0	315.0	8	4780.35533565643	4780.55217704321
4780.6356586881275	0.49684138677912415	trials	210626SL	p61	Z11111	7	6.0	0.0	4	4780.785658688127	4780.982500074907
4781.035901507905	0.5268815984172761	trials	210626SL	p61	Z11111	244	3.0	0.0	12	4781.185901507904	4781.412783106322
4781.486224680506	0.5368816688696825	trials	210626SL	p61	Z11111	264	8.0	45.0	12	4781.636224680506	4781.873106349376
4786.9599432437635	0.5068414572315305	trials	210626SL	p61	Z11111	43	12.0	90.0	4	4787.109943243763	4787.316784700995
4787.390226275179	0.49684138678003364	trials	210626SL	p61	Z11111	292	6.0	135.0	12	4787.540226275179	4787.737067661959
4787.8005091656905	0.5268815984172761	trials	210626SL	p61	Z11111	227	1.0	315.0	8	4787.95050916569	4788.177390764108
4788.240832267839	0.50684145723244	trials	210626SL	p61	Z11111	69	8.0	180.0	4	4788.390832267839	4788.597673725072
4788.651115158351	0.5268415981363432	trials	210626SL	p61	Z11111	142	6.0	45.0	8	4788.8011151583505	4789.027956756488
4789.081398189766	0.49684138678003364	trials	210626SL	p61	Z11111	201	5.0	225.0	8	4789.231398189766	4789.428239576547
4789.511681221182	0.5068414572315305	trials	210626SL	p61	Z11111	16	0.0	45.0	4	4789.661681221181	4789.868522678414
4789.921964111693	0.5268415981354337	trials	210626SL	p61	Z11111	179	13.0	135.0	8	4790.071964111693	4790.298805709829
4795.916046340999	0.5168415276839369	trials	210626SL	p61	Z11111	42	11.0	90.0	4	4796.066046340999	4796.282887868683
4796.356329442867	0.49684138678003364	trials	210626SL	p61	Z11111	235	9.0	315.0	8	4796.506329442866	4796.703170829647
4796.756612262926	0.5268415981363432	trials	210626SL	p61	Z11111	78	2.0	225.0	4	4796.906612262926	4797.133453861063
4797.206935435528	0.49684138677912415	trials	210626SL	p61	Z11111	347	1.0	315.0	12	4797.356935435528	4797.553776822308
4797.617178325757	0.5268815984181856	trials	210626SL	p61	Z11111	323	7.0	225.0	12	4797.7671783257565	4797.994059924175
4798.067501498359	0.49684138677912415	trials	210626SL	p61	Z11111	109	3.0	315.0	4	4798.217501498359	4798.4143428851385
4798.497784529774	0.49684138677912415	trials	210626SL	p61	Z11111	117	11.0	315.0	4	4798.647784529774	4798.844625916554
4798.898067349834	0.49684138677912415	trials	210626SL	p61	Z11111	293	7.0	135.0	12	4799.048067349833	4799.244908736613
4803.140977241839	0.5068414572315305	trials	210626SL	p61	Z11111	321	5.0	225.0	12	4803.290977241839	4803.497818699071
4803.56122020252	0.5068814575133729	trials	210626SL	p61	Z11111	337	6.0	270.0	12	4803.71122020252	4803.918101660034
4803.971503093031	0.5268815984181856	trials	210626SL	p61	Z11111	267	11.0	45.0	12	4804.121503093031	4804.34838469145
4804.421826265633	0.49684138678003364	trials	210626SL	p61	Z11111	104	13.0	270.0	4	4804.571826265633	4804.768667652414
4804.852109297049	0.49684138678003364	trials	210626SL	p61	Z11111	233	7.0	315.0	8	4805.002109297048	4805.198950683829
4805.252392117108	0.5368816688696825	trials	210626SL	p61	Z11111	257	1.0	45.0	12	4805.402392117107	4805.639273785978
4805.70271528971	0.5068414572315305	trials	210626SL	p61	Z11111	75	14.0	180.0	4	4805.8527152897095	4806.059556746942
4806.1129981802205	0.5268415981363432	trials	210626SL	p61	Z11111	147	11.0	45.0	8	4806.26299818022	4806.489839778357
4819.221890534547	0.5268415981363432	trials	210626SL	p61	Z11111	128	7.0	0.0	8	4819.371890534547	4819.598732132684
4819.652173565963	0.49684138678003364	trials	210626SL	p61	Z11111	284	13.0	90.0	12	4819.802173565962	4819.999014952743
4820.062456456474	0.5268815984172761	trials	210626SL	p61	Z11111	277	6.0	90.0	12	4820.212456456474	4820.439338054892
4820.502779558623	0.50684145723244	trials	210626SL	p61	Z11111	195	14.0	180.0	8	4820.652779558623	4820.859621015856
4820.943062660491	0.49684138678003364	trials	210626SL	p61	Z11111	51	5.0	135.0	4	4821.09306266049	4821.289904047271
4821.34334548055	0.5268415981363432	trials	210626SL	p61	Z11111	15	14.0	0.0	4	4821.49334548055	4821.720187078687
4821.793668653152	0.4968013864972818	trials	210626SL	p61	Z11111	14	13.0	0.0	4	4821.943668653152	4822.14047003965
4822.193911472929	0.5068414572315305	trials	210626SL	p61	Z11111	303	2.0	180.0	12	4822.343911472929	4822.550752930161
4826.306700448211	0.49684138678003364	trials	210626SL	p61	Z11111	255	14.0	0.0	12	4826.4567004482105	4826.653541834991
4826.726983409175	0.49684138677912415	trials	210626SL	p61	Z11111	80	4.0	225.0	4	4826.8769834091745	4827.073824795954
4829.128640329247	0.5068414572315305	trials	210626SL	p61	Z11111	151	0.0	90.0	8	4829.278640329247	4829.485481786479
4832.500904087406	0.5068814575142824	trials	210626SL	p61	Z11111	237	11.0	315.0	8	4832.650904087405	4832.85778554492
4832.921227048651	0.4968013864972818	trials	210626SL	p61	Z11111	113	7.0	315.0	4	4833.071227048651	4833.268028435149
4837.014015883029	0.4968013864981913	trials	210626SL	p61	Z11111	217	6.0	270.0	8	4837.164015883029	4837.360817269528
4837.414258702806	0.5268815984172761	trials	210626SL	p61	Z11111	314	13.0	180.0	12	4837.564258702806	4837.791140301224
4837.864581875408	0.49684138678003364	trials	210626SL	p61	Z11111	346	0.0	315.0	12	4838.014581875407	4838.211423262188
4855.606626871066	0.5068414572315305	trials	210626SL	p61	Z11111	99	8.0	270.0	4	4855.756626871065	4855.9634683282975
4856.026909832029	0.5068414572315305	trials	210626SL	p61	Z11111	312	11.0	180.0	12	4856.176909832028	4856.3837512892605
4856.43719272254	0.5268815984172761	trials	210626SL	p61	Z11111	44	13.0	90.0	4	4856.58719272254	4856.814074320958
4856.887515895141	0.49684138677912415	trials	210626SL	p61	Z11111	36	5.0	90.0	4	4857.037515895141	4857.234357281921
4857.287798715201	0.49684138677912415	trials	210626SL	p61	Z11111	66	5.0	180.0	4	4857.4377987152	4857.63464010198
4857.718081746616	0.49684138677912415	trials	210626SL	p61	Z11111	317	1.0	225.0	12	4857.868081746616	4858.0649231333955
4858.118364566675	0.49684138677912415	trials	210626SL	p61	Z11111	304	3.0	180.0	12	4858.268364566675	4858.465205953455
4858.528647457186	0.5268415981363432	trials	210626SL	p61	Z11111	239	13.0	315.0	8	4858.678647457185	4858.9054890553225
4866.323942376335	0.5268415981363432	trials	210626SL	p61	Z11111	40	9.0	90.0	4	4866.473942376335	4866.700783974472
4866.754225407751	0.5268415981363432	trials	210626SL	p61	Z11111	356	10.0	315.0	12	4866.90422540775	4867.131067005887
4867.204508580071	0.49684138677912415	trials	210626SL	p61	Z11111	166	0.0	135.0	8	4867.354508580071	4867.5513499668505
4867.604791400129	0.49684138678003364	trials	210626SL	p61	Z11111	327	11.0	225.0	12	4867.754791400129	4867.95163278691
4868.0351144318265	0.50684145723244	trials	210626SL	p61	Z11111	93	2.0	270.0	4	4868.185114431826	4868.391955889059
4868.445357322056	0.5268815984181856	trials	210626SL	p61	Z11111	59	13.0	135.0	4	4868.595357322056	4868.822238920475
4868.895680494657	0.49684138678003364	trials	210626SL	p61	Z11111	85	9.0	225.0	4	4869.045680494657	4869.242521881438
4869.325963526074	0.49684138677912415	trials	210626SL	p61	Z11111	135	14.0	0.0	8	4869.475963526073	4869.672804912853
4880.753764036828	0.50684145723244	trials	210626SL	p61	Z11111	39	8.0	90.0	4	4880.903764036828	4881.110605494061
4881.17400699751	0.4968813870609665	trials	210626SL	p61	Z11111	251	10.0	0.0	12	4881.32400699751	4881.520888384572
4881.604330029208	0.49684138677912415	trials	210626SL	p61	Z11111	11	10.0	0.0	4	4881.754330029207	4881.951171415987
4882.004612849267	0.5268415981354337	trials	210626SL	p61	Z11111	38	7.0	90.0	4	4882.154612849266	4882.381454447403
4882.454896021586	0.49684138678003364	trials	210626SL	p61	Z11111	117	11.0	315.0	4	4882.604896021586	4882.8017374083665
4882.865178912098	0.5268815984172761	trials	210626SL	p61	Z11111	352	6.0	315.0	12	4883.015178912097	4883.242060510515
4883.295461943513	0.5268815984172761	trials	210626SL	p61	Z11111	137	1.0	45.0	8	4883.445461943513	4883.672343541931
4883.745785116114	0.49684138678003364	trials	210626SL	p61	Z11111	110	4.0	315.0	4	4883.895785116114	4884.092626502895
