onset	duration	nwb_table	ses_ID	pen_ID	sub_ID	cond_ID	stim_ID	mode	pdOnTS	pdOffTS
2740.487436154857	0.5069600138663191	trials	210504TX	p23	Z11111	111	36.0	2.0	2740.637436154857	2740.844396168723
2740.9077161830155	0.5270000152095236	trials	210504TX	p23	Z11111	6	1.0	2.0	2741.0577161830156	2741.284716198225
2741.3379962118447	0.5270000152095236	trials	210504TX	p23	Z11111	97	32.0	0.0	2741.487996211845	2741.714996227054
2741.778276241344	0.5270000152090688	trials	210504TX	p23	Z11111	19	6.0	0.0	2741.928276241344	2742.155276256553
2742.208596270176	0.49696001319625793	trials	210504TX	p23	Z11111	41	13.0	1.0	2742.358596270176	2742.555556283372
2742.618876297665	0.5169600145363802	trials	210504TX	p23	Z11111	75	24.0	2.0	2742.768876297665	2742.985836312201
2743.0491563264936	0.5270000152095236	trials	210504TX	p23	Z11111	34	11.0	0.0	2743.1991563264937	2743.426156341703
2746.6815965698697	0.5069600138667738	trials	210504TX	p23	Z11111	38	12.0	1.0	2746.83159656987	2747.0385565837364
2747.101876598029	0.4969600131967127	trials	210504TX	p23	Z11111	66	21.0	2.0	2747.251876598029	2747.4488366112255
2747.512156625518	0.4969600131967127	trials	210504TX	p23	Z11111	54	17.0	2.0	2747.662156625518	2747.8591166387146
2747.942436654347	0.5270000152090688	trials	210504TX	p23	Z11111	40	13.0	0.0	2748.0924366543472	2748.319436669556
2748.372716683176	0.4970000131993402	trials	210504TX	p23	Z11111	71	23.0	1.0	2748.522716683176	2748.719716696375
2751.0745568642014	0.5069600138667738	trials	210504TX	p23	Z11111	0			2751.2245568642015	2751.431516878068
2751.4948368923606	0.5170000145390077	trials	210504TX	p23	Z11111	0			2751.6448368923607	2751.8618369068995
2751.9151169205193	0.5070000138694013	trials	210504TX	p23	Z11111	17	5.0	1.0	2752.0651169205194	2752.2721169343886
2752.3253969480083	0.4969600131967127	trials	210504TX	p23	Z11111	72	23.0	2.0	2752.4753969480084	2752.672356961205
2752.7356769754974	0.5170000145394624	trials	210504TX	p23	Z11111	14	4.0	1.0	2752.8856769754975	2753.102676990037
2753.1559570036566	0.4969600131967127	trials	210504TX	p23	Z11111	42	13.0	2.0	2753.3059570036567	2753.502917016853
2753.5662370311456	0.4969600131967127	trials	210504TX	p23	Z11111	79	26.0	0.0	2753.7162370311457	2753.9131970443423
2757.448837291283	0.5070000138689466	trials	210504TX	p23	Z11111	39	12.0	2.0	2757.598837291283	2757.8058373051517
2757.8691173194416	0.5270000152095236	trials	210504TX	p23	Z11111	105	34.0	2.0	2758.0191173194416	2758.246117334651
2758.2993973482708	0.5170000145394624	trials	210504TX	p23	Z11111	3	0.0	2.0	2758.449397348271	2758.66639736281
2758.7297173771026	0.5069600138667738	trials	210504TX	p23	Z11111	99	32.0	2.0	2758.8797173771027	2759.0866773909693
2759.169997406602	0.5270000152090688	trials	210504TX	p23	Z11111	73	24.0	0.0	2759.319997406602	2759.546997421811
2759.6102774361007	0.4970000131993402	trials	210504TX	p23	Z11111	67	22.0	0.0	2759.7602774361008	2759.9572774493
2760.0305974642624	0.4969600131967127	trials	210504TX	p23	Z11111	48	15.0	2.0	2760.1805974642625	2760.377557477459
2763.8831977223895	0.5069600138667738	trials	210504TX	p23	Z11111	23	7.0	1.0	2764.0331977223896	2764.240157736256
2764.293437749876	0.5070000138694013	trials	210504TX	p23	Z11111	26	8.0	1.0	2764.443437749876	2764.6504377637452
2764.703717777365	0.5070000138694013	trials	210504TX	p23	Z11111	24	7.0	2.0	2764.853717777365	2765.0607177912343
2765.1339978061937	0.4970000131993402	trials	210504TX	p23	Z11111	109	36.0	0.0	2765.283997806194	2765.480997819393
2765.544277833683	0.4970000131993402	trials	210504TX	p23	Z11111	92	30.0	1.0	2765.694277833683	2765.891277846882
2765.964557861842	0.5070000138694013	trials	210504TX	p23	Z11111	2	0.0	1.0	2766.114557861842	2766.3215578757113
2766.384837890001	0.5170000145394624	trials	210504TX	p23	Z11111	112	37.0	0.0	2766.534837890001	2766.7518379045405
2770.01731813338	0.4969600131967127	trials	210504TX	p23	Z11111	85	28.0	0.0	2770.16731813338	2770.3642781465765
2770.427598160869	0.4969600131967127	trials	210504TX	p23	Z11111	29	9.0	1.0	2770.577598160869	2770.7745581740655
2770.857878189698	0.5270000152095236	trials	210504TX	p23	Z11111	117	38.0	2.0	2771.007878189698	2771.2348782049075
2771.298158219197	0.4970000131993402	trials	210504TX	p23	Z11111	86	28.0	1.0	2771.448158219197	2771.645158232396
2771.708438246686	0.5070000138694013	trials	210504TX	p23	Z11111	28	9.0	0.0	2771.858438246686	2772.0654382605553
2772.118718274175	0.5270000152095236	trials	210504TX	p23	Z11111	108	35.0	2.0	2772.268718274175	2772.4957182893845
2772.5489983030043	0.4970000131993402	trials	210504TX	p23	Z11111	95	31.0	1.0	2772.6989983030044	2772.8959983162035
2776.061358538335	0.5070000138694013	trials	210504TX	p23	Z11111	22	7.0	0.0	2776.211358538335	2776.418358552204
2776.481638566494	0.4970000131993402	trials	210504TX	p23	Z11111	4	1.0	0.0	2776.631638566494	2776.8286385796932
2776.891918593983	0.5170000145394624	trials	210504TX	p23	Z11111	36	11.0	2.0	2777.041918593983	2777.2589186085224
2777.312198622142	0.5270000152095236	trials	210504TX	p23	Z11111	107	35.0	1.0	2777.4621986221423	2777.6891986373516
2777.752518651644	0.49696001319625793	trials	210504TX	p23	Z11111	94	31.0	0.0	2777.902518651644	2778.0994786648403
2778.172798679803	0.5069600138667738	trials	210504TX	p23	Z11111	5	1.0	1.0	2778.322798679803	2778.5297586936695
2778.583078707292	0.4969600131967127	trials	210504TX	p23	Z11111	50	16.0	1.0	2778.733078707292	2778.9300387204885
2782.1554789466454	0.5070000138694013	trials	210504TX	p23	Z11111	57	18.0	2.0	2782.3054789466455	2782.5124789605147
2782.5657589741345	0.5270000152095236	trials	210504TX	p23	Z11111	98	32.0	1.0	2782.7157589741346	2782.942758989344
2783.0060390036338	0.4970000131993402	trials	210504TX	p23	Z11111	1	0.0	0.0	2783.156039003634	2783.353039016833
2783.4263190317924	0.5070000138694013	trials	210504TX	p23	Z11111	113	37.0	1.0	2783.5763190317925	2783.7833190456618
2783.8465990599516	0.5070000138694013	trials	210504TX	p23	Z11111	101	33.0	1.0	2783.9965990599517	2784.203599073821
2784.2668790881107	0.4970000131993402	trials	210504TX	p23	Z11111	56	18.0	1.0	2784.416879088111	2784.61387910131
2784.6771591156	0.5170000145394624	trials	210504TX	p23	Z11111	13	4.0	0.0	2784.8271591156	2785.044159130139
2788.379679363671	0.5169600145368349	trials	210504TX	p23	Z11111	65	21.0	1.0	2788.529679363671	2788.746639378208
2788.8099593925003	0.5270000152095236	trials	210504TX	p23	Z11111	87	28.0	2.0	2788.9599593925004	2789.1869594077098
2789.2402394213295	0.4970000131993402	trials	210504TX	p23	Z11111	32	10.0	1.0	2789.3902394213296	2789.587239434529
2789.6505194488186	0.5170000145390077	trials	210504TX	p23	Z11111	104	34.0	1.0	2789.8005194488187	2790.0175194633575
2790.0807994776474	0.5170000145394624	trials	210504TX	p23	Z11111	15	4.0	2.0	2790.2307994776475	2790.4477994921867
2790.5110795064766	0.4970000131993402	trials	210504TX	p23	Z11111	80	26.0	1.0	2790.6610795064767	2790.858079519676
2790.9413995353084	0.5069600138667738	trials	210504TX	p23	Z11111	18	5.0	2.0	2791.0913995353085	2791.298359549175
2794.633879782707	0.5070000138694013	trials	210504TX	p23	Z11111	30	9.0	2.0	2794.783879782707	2794.9908797965763
2795.044159810196	0.4969600131967127	trials	210504TX	p23	Z11111	118	39.0	0.0	2795.194159810196	2795.3911198233927
2795.454439837685	0.5069600138667738	trials	210504TX	p23	Z11111	16	5.0	0.0	2795.6044398376853	2795.811399851552
2795.8747198658443	0.5069600138667738	trials	210504TX	p23	Z11111	47	15.0	1.0	2796.0247198658444	2796.231679879711
2796.2849998933334	0.4969600131967127	trials	210504TX	p23	Z11111	119	39.0	1.0	2796.4349998933335	2796.63195990653
2796.7052799214925	0.5069600138667738	trials	210504TX	p23	Z11111	45	14.0	2.0	2796.8552799214926	2797.0622399353592
2798.976800073686	0.4969600131967127	trials	210504TX	p23	Z11111	81	26.0	2.0	2799.126800073686	2799.3237600868824
2799.387080101175	0.4969600131967127	trials	210504TX	p23	Z11111	100	33.0	0.0	2799.537080101175	2799.7340401143715
2799.797360128664	0.4969600131967127	trials	210504TX	p23	Z11111	64	21.0	0.0	2799.947360128664	2800.1443201418606
2800.217640156823	0.5069600138667738	trials	210504TX	p23	Z11111	55	18.0	0.0	2800.367640156823	2800.57460017069
2800.627920184312	0.4969600131967127	trials	210504TX	p23	Z11111	33	10.0	2.0	2800.7779201843123	2800.974880197509
2801.0382002118013	0.5169600145368349	trials	210504TX	p23	Z11111	77	25.0	1.0	2801.1882002118014	2801.405160226338
2801.4684802406305	0.5270000152090688	trials	210504TX	p23	Z11111	69	22.0	2.0	2801.6184802406306	2801.8454802558394
2805.0809204826664	0.5069600138667738	trials	210504TX	p23	Z11111	103	34.0	0.0	2805.2309204826665	2805.437880496533
2805.5012005108256	0.5270000152090688	trials	210504TX	p23	Z11111	35	11.0	1.0	2805.6512005108257	2805.8782005260346
2805.931480539655	0.49696001319625793	trials	210504TX	p23	Z11111	12	3.0	2.0	2806.081480539655	2806.278440552851
2806.3617605684835	0.5070000138694013	trials	210504TX	p23	Z11111	44	14.0	1.0	2806.5117605684836	2806.718760582353
2806.7720405959726	0.4970000131993402	trials	210504TX	p23	Z11111	82	27.0	0.0	2806.9220405959727	2807.119040609172
2807.1923206241318	0.5070000138694013	trials	210504TX	p23	Z11111	52	17.0	0.0	2807.342320624132	2807.549320638001
2807.602600651621	0.4970000131993402	trials	210504TX	p23	Z11111	9	2.0	2.0	2807.752600651621	2807.94960066482
2811.225040894327	0.5170000145394624	trials	210504TX	p23	Z11111	61	20.0	0.0	2811.375040894327	2811.5920409088662
2811.655320923156	0.4970000131993402	trials	210504TX	p23	Z11111	115	38.0	0.0	2811.805320923156	2812.0023209363553
2812.065600950645	0.4970000131993402	trials	210504TX	p23	Z11111	27	8.0	2.0	2812.2156009506452	2812.4126009638444
2812.4758809781342	0.5270000152090688	trials	210504TX	p23	Z11111	93	30.0	2.0	2812.6258809781343	2812.852880993343
2812.906161006963	0.5270000152095236	trials	210504TX	p23	Z11111	8	2.0	1.0	2813.056161006963	2813.2831610221724
2813.336481035795	0.5270000152095236	trials	210504TX	p23	Z11111	89	29.0	1.0	2813.486481035795	2813.7134810510042
2813.786761065964	0.5370000158791299	trials	210504TX	p23	Z11111	51	16.0	2.0	2813.936761065964	2814.173761081843
2817.40920130867	0.5070000138694013	trials	210504TX	p23	Z11111	53	17.0	1.0	2817.5592013086703	2817.7662013225395
2817.8194813361592	0.5070000138694013	trials	210504TX	p23	Z11111	37	12.0	0.0	2817.9694813361593	2818.1764813500286
2818.259761365658	0.4970000131993402	trials	210504TX	p23	Z11111	76	25.0	0.0	2818.409761365658	2818.6067613788573
2818.6600413924775	0.5170000145390077	trials	210504TX	p23	Z11111	90	29.0	2.0	2818.8100413924776	2819.0270414070164
2819.0903214213063	0.5070000138694013	trials	210504TX	p23	Z11111	114	37.0	2.0	2819.2403214213064	2819.4473214351756
2819.5006014487954	0.5170000145394624	trials	210504TX	p23	Z11111	43	14.0	0.0	2819.6506014487954	2819.8676014633347
2819.930921477627	0.4969600131967127	trials	210504TX	p23	Z11111	91	30.0	0.0	2820.0809214776273	2820.277881490824
2823.5233217183204	0.4969600131967127	trials	210504TX	p23	Z11111	31	10.0	0.0	2823.6733217183205	2823.870281731517
2823.9336017458095	0.5170000145394624	trials	210504TX	p23	Z11111	25	8.0	0.0	2824.0836017458096	2824.300601760349
2824.3638817746387	0.4970000131993402	trials	210504TX	p23	Z11111	11	3.0	1.0	2824.513881774639	2824.710881787838
2824.7641618014577	0.4969600131967127	trials	210504TX	p23	Z11111	49	16.0	0.0	2824.914161801458	2825.1111218146543
2825.174441828947	0.5170000145394624	trials	210504TX	p23	Z11111	62	20.0	1.0	2825.324441828947	2825.541441843486
2825.604721857776	0.4969600131967127	trials	210504TX	p23	Z11111	120	39.0	2.0	2825.754721857776	2825.9516818709726
2826.025001885935	0.4970000131993402	trials	210504TX	p23	Z11111	46	15.0	0.0	2826.175001885935	2826.3720018991344
2829.5473621219357	0.5070000138694013	trials	210504TX	p23	Z11111	88	29.0	0.0	2829.697362121936	2829.904362135805
2829.967642150095	0.4970000131988854	trials	210504TX	p23	Z11111	106	35.0	0.0	2830.117642150095	2830.3146421632937
2830.367922176914	0.5270000152090688	trials	210504TX	p23	Z11111	70	23.0	0.0	2830.517922176914	2830.744922192123
2832.899642346541	0.49696001319625793	trials	210504TX	p23	Z11111	20	6.0	1.0	2833.049642346541	2833.246602359737
2833.30992237403	0.49696001319625793	trials	210504TX	p23	Z11111	78	25.0	2.0	2833.45992237403	2833.6568823872262
2833.740202402859	0.4969600131967127	trials	210504TX	p23	Z11111	60	19.0	2.0	2833.890202402859	2834.0871624160554
2834.150482430348	0.5270000152095236	trials	210504TX	p23	Z11111	0			2834.300482430348	2834.5274824455573
2834.580762459177	0.5270000152090688	trials	210504TX	p23	Z11111	110	36.0	1.0	2834.730762459177	2834.957762474386
2835.021042488676	0.4970000131993402	trials	210504TX	p23	Z11111	10	3.0	0.0	2835.171042488676	2835.368042501875
2835.4513625175077	0.4969600131967127	trials	210504TX	p23	Z11111	68	22.0	1.0	2835.601362517508	2835.7983225307044
2839.0738027602138	0.4969600131967127	trials	210504TX	p23	Z11111	102	33.0	2.0	2839.223802760214	2839.4207627734104
2839.484082787703	0.5270000152095236	trials	210504TX	p23	Z11111	74	24.0	1.0	2839.634082787703	2839.8610828029123
2839.914362816532	0.5270000152095236	trials	210504TX	p23	Z11111	21	6.0	2.0	2840.064362816532	2840.2913628317415
2840.3546428460313	0.5270000152090688	trials	210504TX	p23	Z11111	58	19.0	0.0	2840.5046428460314	2840.7316428612403
2840.78492287486	0.4970000131993402	trials	210504TX	p23	Z11111	7	2.0	0.0	2840.93492287486	2841.1319228880593
2841.195202902349	0.5170000145394624	trials	210504TX	p23	Z11111	59	19.0	1.0	2841.3452029023492	2841.5622029168885
2841.625522931181	0.4969600131967127	trials	210504TX	p23	Z11111	96	31.0	2.0	2841.775522931181	2841.9724829443776
2845.1378831665115	0.5069600138667738	trials	210504TX	p23	Z11111	84	27.0	2.0	2845.2878831665116	2845.494843180378
2845.5481631940006	0.5270000152095236	trials	210504TX	p23	Z11111	0			2845.6981631940007	2845.92516320921
2845.9884432235	0.5270000152095236	trials	210504TX	p23	Z11111	63	20.0	2.0	2846.1384432235	2846.3654432387093
2846.418723252329	0.5070000138689466	trials	210504TX	p23	Z11111	116	38.0	1.0	2846.568723252329	2846.775723266198
2846.8590432818305	0.5270000152095236	trials	210504TX	p23	Z11111	83	27.0	1.0	2847.0090432818306	2847.23604329704
2847.2893233106597	0.5270000152095236	trials	210504TX	p23	Z11111	28	9.0	0.0	2847.43932331066	2847.666323325869
2847.729603340159	0.5270000152090688	trials	210504TX	p23	Z11111	17	5.0	1.0	2847.879603340159	2848.106603355368
2851.322043580855	0.5069600138667738	trials	210504TX	p23	Z11111	87	28.0	2.0	2851.472043580855	2851.6790035947215
2851.742323609014	0.4969600131967127	trials	210504TX	p23	Z11111	23	7.0	1.0	2851.892323609014	2852.0892836222106
2852.172603637843	0.4970000131993402	trials	210504TX	p23	Z11111	70	23.0	0.0	2852.3226036378433	2852.5196036510424
2852.5828836653322	0.5170000145390077	trials	210504TX	p23	Z11111	0			2852.7328836653323	2852.949883679871
2853.013163694161	0.4970000131993402	trials	210504TX	p23	Z11111	72	23.0	2.0	2853.163163694161	2853.3601637073602
2855.2746838456846	0.4970000131993402	trials	210504TX	p23	Z11111	48	15.0	2.0	2855.4246838456847	2855.621683858884
2855.6849638731737	0.5270000152090688	trials	210504TX	p23	Z11111	20	6.0	1.0	2855.834963873174	2856.0619638883827
2856.1252839026756	0.5270000152090688	trials	210504TX	p23	Z11111	120	39.0	2.0	2856.2752839026757	2856.5022839178846
2856.5555639315044	0.4969600131967127	trials	210504TX	p23	Z11111	109	36.0	0.0	2856.7055639315045	2856.902523944701
2856.9658439589934	0.5069600138667738	trials	210504TX	p23	Z11111	10	3.0	0.0	2857.1158439589935	2857.32280397286
2857.4061239884927	0.4970000131993402	trials	210504TX	p23	Z11111	76	25.0	0.0	2857.556123988493	2857.753124001692
2857.816404015982	0.5270000152090688	trials	210504TX	p23	Z11111	54	17.0	2.0	2857.966404015982	2858.1934040311908
2861.4088442566776	0.5069600138667738	trials	210504TX	p23	Z11111	85	28.0	0.0	2861.5588442566777	2861.7658042705443
2861.829124284837	0.5270000152095236	trials	210504TX	p23	Z11111	38	12.0	1.0	2861.979124284837	2862.206124300046
2862.259404313666	0.5270000152090688	trials	210504TX	p23	Z11111	19	6.0	0.0	2862.409404313666	2862.636404328875
2862.699684343165	0.5270000152095236	trials	210504TX	p23	Z11111	34	11.0	0.0	2862.849684343165	2863.076684358374
2863.129964371994	0.4970000131993402	trials	210504TX	p23	Z11111	66	21.0	2.0	2863.279964371994	2863.4769643851932
2863.560284400826	0.5069600138667738	trials	210504TX	p23	Z11111	1	0.0	0.0	2863.710284400826	2863.9172444146925
2864.000564430325	0.4970000131993402	trials	210504TX	p23	Z11111	16	5.0	0.0	2864.150564430325	2864.3475644435243
2867.633004673701	0.5070000138689466	trials	210504TX	p23	Z11111	31	10.0	0.0	2867.7830046737013	2867.99000468757
2868.05328470186	0.5170000145394624	trials	210504TX	p23	Z11111	84	27.0	2.0	2868.20328470186	2868.4202847163992
2868.483564730689	0.527040015212151	trials	210504TX	p23	Z11111	9	2.0	2.0	2868.633564730689	2868.860604745901
2868.913884759521	0.5270000152095236	trials	210504TX	p23	Z11111	69	22.0	2.0	2869.063884759521	2869.2908847747303
2869.35416478902	0.4970000131993402	trials	210504TX	p23	Z11111	3	0.0	2.0	2869.5041647890203	2869.7011648022194
2869.754444815839	0.5170000145390077	trials	210504TX	p23	Z11111	13	4.0	0.0	2869.9044448158393	2870.121444830378
2870.184724844668	0.5270000152095236	trials	210504TX	p23	Z11111	71	23.0	1.0	2870.334724844668	2870.5617248598774
2873.7070850806685	0.5170000145394624	trials	210504TX	p23	Z11111	119	39.0	1.0	2873.8570850806686	2874.074085095208
2874.1374051095004	0.4969600131967127	trials	210504TX	p23	Z11111	51	16.0	2.0	2874.2874051095005	2874.484365122697
2874.5676851383296	0.4969600131967127	trials	210504TX	p23	Z11111	114	37.0	2.0	2874.7176851383297	2874.914645151526
2875.007965167829	0.5270000152090688	trials	210504TX	p23	Z11111	97	32.0	0.0	2875.157965167829	2875.384965183038
2875.43828519666	0.4969600131967127	trials	210504TX	p23	Z11111	37	12.0	0.0	2875.5882851966603	2875.785245209857
2875.8685652254894	0.5069600138667738	trials	210504TX	p23	Z11111	56	18.0	1.0	2876.0185652254895	2876.225525239356
2876.3088452549887	0.4970000131993402	trials	210504TX	p23	Z11111	43	14.0	0.0	2876.458845254989	2876.655845268188
2879.891245495012	0.5370400158822122	trials	210504TX	p23	Z11111	41	13.0	1.0	2880.041245495012	2880.278285510894
2880.341565525184	0.4970000131993402	trials	210504TX	p23	Z11111	100	33.0	0.0	2880.491565525184	2880.688565538383
2880.771845554013	0.4970000131988854	trials	210504TX	p23	Z11111	6	1.0	2.0	2880.921845554013	2881.118845567212
2881.2121655835144	0.4969600131967127	trials	210504TX	p23	Z11111	40	13.0	0.0	2881.3621655835145	2881.559125596711
2881.6424456123436	0.4969600131967127	trials	210504TX	p23	Z11111	89	29.0	1.0	2881.7924456123437	2881.9894056255403
2882.0527256398327	0.5170000145394624	trials	210504TX	p23	Z11111	36	11.0	2.0	2882.202725639833	2882.419725654372
2882.483005668662	0.4970000131993402	trials	210504TX	p23	Z11111	0			2882.633005668662	2882.830005681861
2886.1354459133777	0.4970000131993402	trials	210504TX	p23	Z11111	49	16.0	0.0	2886.2854459133778	2886.482445926577
2886.5457659408694	0.4969600131967127	trials	210504TX	p23	Z11111	35	11.0	1.0	2886.6957659408695	2886.892725954066
2886.9760459696986	0.4969600131967127	trials	210504TX	p23	Z11111	2	0.0	1.0	2887.1260459696987	2887.323005982895
2887.3863259971877	0.5169600145368349	trials	210504TX	p23	Z11111	93	30.0	2.0	2887.5363259971878	2887.7532860117244
2887.816606026017	0.4969600131967127	trials	210504TX	p23	Z11111	61	20.0	0.0	2887.966606026017	2888.1635660392135
2888.2468860548456	0.4970000131997949	trials	210504TX	p23	Z11111	55	18.0	0.0	2888.3968860548457	2888.5938860680453
2888.6872060843475	0.4969600131967127	trials	210504TX	p23	Z11111	116	38.0	1.0	2888.8372060843476	2889.034166097544
2892.289606325711	0.5070000138694013	trials	210504TX	p23	Z11111	29	9.0	1.0	2892.439606325711	2892.64660633958
2892.6998863532	0.4970000131993402	trials	210504TX	p23	Z11111	15	4.0	2.0	2892.8498863532	2893.046886366399
2893.110166380689	0.5170000145394624	trials	210504TX	p23	Z11111	24	7.0	2.0	2893.260166380689	2893.4771663952283
2893.540446409518	0.5270000152095236	trials	210504TX	p23	Z11111	22	7.0	0.0	2893.6904464095182	2893.9174464247276
2893.97076643835	0.4969600131967127	trials	210504TX	p23	Z11111	108	35.0	2.0	2894.12076643835	2894.3177264515466
2894.3810064658364	0.5070000138694013	trials	210504TX	p23	Z11111	74	24.0	1.0	2894.5310064658365	2894.7380064797057
2894.8012864939956	0.5070000138689466	trials	210504TX	p23	Z11111	67	22.0	0.0	2894.9512864939957	2895.1582865078644
2898.6038467487697	0.5070000138694013	trials	210504TX	p23	Z11111	105	34.0	2.0	2898.75384674877	2898.960846762639
2899.024126776929	0.4970000131993402	trials	210504TX	p23	Z11111	21	6.0	2.0	2899.174126776929	2899.371126790128
2899.4444468050906	0.5069600138663191	trials	210504TX	p23	Z11111	102	33.0	2.0	2899.5944468050907	2899.801406818957
2899.8547268325797	0.5069600138663191	trials	210504TX	p23	Z11111	68	22.0	1.0	2900.0047268325798	2900.211686846446
2900.2950068620785	0.4969600131967127	trials	210504TX	p23	Z11111	5	1.0	1.0	2900.4450068620786	2900.641966875275
2900.6952868888975	0.5169600145368349	trials	210504TX	p23	Z11111	115	38.0	0.0	2900.8452868888976	2901.0622469034342
2901.1155669170566	0.5069600138667738	trials	210504TX	p23	Z11111	0			2901.2655669170567	2901.4725269309233
2904.70796715775	0.5070000138694013	trials	210504TX	p23	Z11111	18	5.0	2.0	2904.85796715775	2905.064967171619
2905.128247185909	0.5270000152095236	trials	210504TX	p23	Z11111	99	32.0	2.0	2905.278247185909	2905.5052472011184
2907.4098073387754	0.4969600131967127	trials	210504TX	p23	Z11111	78	25.0	2.0	2907.5598073387755	2907.756767351972
2907.8200873662645	0.4969600131967127	trials	210504TX	p23	Z11111	73	24.0	0.0	2907.9700873662646	2908.167047379461
2908.230327393751	0.5070000138689466	trials	210504TX	p23	Z11111	30	9.0	2.0	2908.380327393751	2908.58732740762
2908.6506074219096	0.4970000131993402	trials	210504TX	p23	Z11111	101	33.0	1.0	2908.8006074219097	2908.997607435109
2909.0608874493987	0.4970000131993402	trials	210504TX	p23	Z11111	91	30.0	0.0	2909.210887449399	2909.407887462598
2909.4912074782305	0.4969600131967127	trials	210504TX	p23	Z11111	32	10.0	1.0	2909.6412074782306	2909.838167491427
2909.9214875070597	0.4969600131967127	trials	210504TX	p23	Z11111	88	29.0	0.0	2910.07148750706	2910.2684475202564
2913.6139677544584	0.4969600131967127	trials	210504TX	p23	Z11111	42	13.0	2.0	2913.7639677544585	2913.960927767655
2914.0242477819475	0.4969600131967127	trials	210504TX	p23	Z11111	103	34.0	0.0	2914.1742477819475	2914.371207795144
2914.4545278107767	0.4970000131993402	trials	210504TX	p23	Z11111	26	8.0	1.0	2914.6045278107767	2914.801527823976
2914.9048478409486	0.5170000145390077	trials	210504TX	p23	Z11111	44	14.0	1.0	2915.0548478409487	2915.2718478554875
2915.3251278691073	0.5270000152095236	trials	210504TX	p23	Z11111	98	32.0	1.0	2915.4751278691074	2915.7021278843167
2915.7654078986066	0.4970000131993402	trials	210504TX	p23	Z11111	81	26.0	2.0	2915.9154078986066	2916.112407911806
2916.1656879254256	0.5270000152095236	trials	210504TX	p23	Z11111	53	17.0	1.0	2916.3156879254257	2916.542687940635
2919.758088166119	0.5170000145394624	trials	210504TX	p23	Z11111	59	19.0	1.0	2919.908088166119	2920.125088180658
2920.1784081942806	0.5269600152068961	trials	210504TX	p23	Z11111	111	36.0	2.0	2920.3284081942807	2920.5553682094874
2920.6086882231098	0.5270000152095236	trials	210504TX	p23	Z11111	118	39.0	0.0	2920.75868822311	2920.985688238319
2921.048968252609	0.4970000131993402	trials	210504TX	p23	Z11111	112	37.0	0.0	2921.198968252609	2921.3959682658083
2921.479248281438	0.5270000152095236	trials	210504TX	p23	Z11111	113	37.0	1.0	2921.629248281438	2921.856248296647
2921.9195683109397	0.4969600131967127	trials	210504TX	p23	Z11111	79	26.0	0.0	2922.0695683109398	2922.2665283241363
2922.349848339769	0.4969600131967127	trials	210504TX	p23	Z11111	8	2.0	1.0	2922.499848339769	2922.6968083529655
2925.942248580462	0.4970000131993402	trials	210504TX	p23	Z11111	39	12.0	2.0	2926.092248580462	2926.2892485936613
2926.352528607951	0.5270000152095236	trials	210504TX	p23	Z11111	90	29.0	2.0	2926.5025286079513	2926.7295286231606
2926.782848636783	0.5270000152095236	trials	210504TX	p23	Z11111	12	3.0	2.0	2926.932848636783	2927.1598486519924
2927.2231286662823	0.5270000152090688	trials	210504TX	p23	Z11111	94	31.0	0.0	2927.3731286662824	2927.6001286814912
2927.653408695111	0.4970000131993402	trials	210504TX	p23	Z11111	50	16.0	1.0	2927.803408695111	2928.0004087083103
2928.08368872394	0.5070000138694013	trials	210504TX	p23	Z11111	57	18.0	2.0	2928.2336887239403	2928.4406887378095
2928.4939687514293	0.5270000152095236	trials	210504TX	p23	Z11111	65	21.0	1.0	2928.6439687514294	2928.8709687666387
2932.1064089934653	0.4970000131993402	trials	210504TX	p23	Z11111	4	1.0	0.0	2932.2564089934654	2932.4534090066645
2932.5166890209543	0.5270000152095236	trials	210504TX	p23	Z11111	92	30.0	1.0	2932.6666890209544	2932.893689036164
2932.9570090504562	0.4969600131967127	trials	210504TX	p23	Z11111	107	35.0	1.0	2933.1070090504563	2933.303969063653
2933.3672490779427	0.5070000138694013	trials	210504TX	p23	Z11111	52	17.0	0.0	2933.517249077943	2933.724249091812
2933.7875291061014	0.4970000131997949	trials	210504TX	p23	Z11111	96	31.0	2.0	2933.9375291061015	2934.134529119301
2934.1978091335905	0.5270000152095236	trials	210504TX	p23	Z11111	62	20.0	1.0	2934.3478091335905	2934.5748091488
2934.6281291624223	0.4969600131967127	trials	210504TX	p23	Z11111	33	10.0	2.0	2934.7781291624224	2934.975089175619
2938.2405294044556	0.5070000138694013	trials	210504TX	p23	Z11111	0			2938.3905294044557	2938.597529418325
2938.6608094326148	0.4970000131993402	trials	210504TX	p23	Z11111	47	15.0	1.0	2938.810809432615	2939.007809445814
2939.0911294614466	0.4969600131967127	trials	210504TX	p23	Z11111	83	27.0	1.0	2939.2411294614467	2939.438089474643
2939.5014094889357	0.5169600145368349	trials	210504TX	p23	Z11111	117	38.0	2.0	2939.6514094889358	2939.8683695034724
2939.931689517765	0.5270000152090688	trials	210504TX	p23	Z11111	11	3.0	1.0	2940.081689517765	2940.308689532974
2940.3619695465936	0.5270000152095236	trials	210504TX	p23	Z11111	110	36.0	1.0	2940.5119695465937	2940.738969561803
2940.8122895767656	0.5169600145368349	trials	210504TX	p23	Z11111	45	14.0	2.0	2940.9622895767657	2941.1792495913023
2944.464729821482	0.5070000138694013	trials	210504TX	p23	Z11111	60	19.0	2.0	2944.614729821482	2944.821729835351
2944.885009849641	0.5270000152090688	trials	210504TX	p23	Z11111	58	19.0	0.0	2945.035009849641	2945.26200986485
2945.3152898784697	0.5270000152095236	trials	210504TX	p23	Z11111	82	27.0	0.0	2945.46528987847	2945.692289893679
2945.7556099079716	0.4969600131967127	trials	210504TX	p23	Z11111	46	15.0	0.0	2945.9056099079717	2946.102569921168
2946.1758899361307	0.4969600131967127	trials	210504TX	p23	Z11111	7	2.0	0.0	2946.325889936131	2946.5228499493273
2946.58616996362	0.4969600131967127	trials	210504TX	p23	Z11111	104	34.0	1.0	2946.73616996362	2946.9331299768164
2947.016449992449	0.5070000138689466	trials	210504TX	p23	Z11111	64	21.0	0.0	2947.166449992449	2947.373450006318
2950.608850233142	0.5070000138694013	trials	210504TX	p23	Z11111	14	4.0	1.0	2950.7588502331423	2950.9658502470115
2951.0191302606313	0.5270000152095236	trials	210504TX	p23	Z11111	80	26.0	1.0	2951.1691302606314	2951.3961302758407
2951.449450289463	0.5270000152090688	trials	210504TX	p23	Z11111	77	25.0	1.0	2951.599450289463	2951.826450304672
2951.889730318962	0.5270000152095236	trials	210504TX	p23	Z11111	75	24.0	2.0	2952.039730318962	2952.2667303341714
2952.320010347791	0.5070000138694013	trials	210504TX	p23	Z11111	95	31.0	1.0	2952.4700103477912	2952.6770103616605
2952.7402903759503	0.4970000131993402	trials	210504TX	p23	Z11111	25	8.0	0.0	2952.8902903759504	2953.0872903891495
2953.1505704034394	0.4970000131993402	trials	210504TX	p23	Z11111	27	8.0	2.0	2953.3005704034395	2953.4975704166386
2956.893090654191	0.5070000138694013	trials	210504TX	p23	Z11111	106	35.0	0.0	2957.043090654191	2957.2500906680602
2957.31337068235	0.5170000145390077	trials	210504TX	p23	Z11111	63	20.0	2.0	2957.46337068235	2957.680370696889
2957.7336507105088	0.4970000131993402	trials	210504TX	p23	Z11111	86	28.0	1.0	2957.883650710509	2958.080650723708
2958.143930737998	0.4970000131993402	trials	210504TX	p23	Z11111	46	15.0	0.0	2958.293930737998	2958.490930751197
2958.5742507668297	0.4969600131967127	trials	210504TX	p23	Z11111	21	6.0	2.0	2958.7242507668298	2958.9212107800263
2959.014530796329	0.5270000152090688	trials	210504TX	p23	Z11111	31	10.0	0.0	2959.164530796329	2959.391530811538
2959.4448108251577	0.4970000131993402	trials	210504TX	p23	Z11111	42	13.0	2.0	2959.5948108251578	2959.791810838357
2963.067251067864	0.5070000138689466	trials	210504TX	p23	Z11111	59	19.0	1.0	2963.2172510678643	2963.424251081733
2963.4775310953532	0.5270000152090688	trials	210504TX	p23	Z11111	45	14.0	2.0	2963.6275310953533	2963.854531110562
2963.917811124852	0.5270000152095236	trials	210504TX	p23	Z11111	78	25.0	2.0	2964.067811124852	2964.2948111400615
2964.348131153684	0.4969600131967127	trials	210504TX	p23	Z11111	27	8.0	2.0	2964.498131153684	2964.6950911668805
2964.778411182513	0.5069600138663191	trials	210504TX	p23	Z11111	55	18.0	0.0	2964.928411182513	2965.1353711963793
2965.1986912106718	0.4969600131967127	trials	210504TX	p23	Z11111	99	32.0	2.0	2965.348691210672	2965.5456512238684
2965.6089712381613	0.5170000145390077	trials	210504TX	p23	Z11111	28	9.0	0.0	2965.7589712381614	2965.9759712527
2969.1413314748315	0.5070000138694013	trials	210504TX	p23	Z11111	61	20.0	0.0	2969.2913314748316	2969.498331488701
2969.5516115023206	0.5270000152095236	trials	210504TX	p23	Z11111	112	37.0	0.0	2969.7016115023207	2969.92861151753
2969.9819315311524	0.4969600131967127	trials	210504TX	p23	Z11111	110	36.0	1.0	2970.1319315311525	2970.328891544349
2970.4222115606517	0.4969600131967127	trials	210504TX	p23	Z11111	10	3.0	0.0	2970.572211560652	2970.7691715738483
2970.8224915874707	0.4969600131967127	trials	210504TX	p23	Z11111	0			2970.972491587471	2971.1694516006673
2971.2527716163	0.49696001319625793	trials	210504TX	p23	Z11111	23	7.0	1.0	2971.4027716163	2971.599731629496
2971.663051643789	0.5170000145390077	trials	210504TX	p23	Z11111	87	28.0	2.0	2971.813051643789	2972.030051658328
2975.275491885825	0.5069600138667738	trials	210504TX	p23	Z11111	13	4.0	0.0	2975.425491885825	2975.6324518996917
2975.6857319133114	0.4970000131993402	trials	210504TX	p23	Z11111	88	29.0	0.0	2975.8357319133115	2976.0327319265107
2976.116051942143	0.5069600138667738	trials	210504TX	p23	Z11111	58	19.0	0.0	2976.266051942143	2976.4730119560095
2976.556331971642	0.4970000131993402	trials	210504TX	p23	Z11111	119	39.0	1.0	2976.706331971642	2976.9033319848413
2979.098052141939	0.5069600138667738	trials	210504TX	p23	Z11111	3	0.0	2.0	2979.2480521419393	2979.455012155806
2979.5183321700983	0.4969600131967127	trials	210504TX	p23	Z11111	118	39.0	0.0	2979.6683321700984	2979.865292183295
2979.9186121969174	0.5169600145363802	trials	210504TX	p23	Z11111	94	31.0	0.0	2980.0686121969175	2980.2855722114537
2980.348892225746	0.4969600131967127	trials	210504TX	p23	Z11111	90	29.0	2.0	2980.498892225746	2980.6958522389427
2980.7591722532356	0.5170000145390077	trials	210504TX	p23	Z11111	116	38.0	1.0	2980.9091722532357	2981.1261722677746
2981.1794522813943	0.4969600131967127	trials	210504TX	p23	Z11111	93	30.0	2.0	2981.3294522813944	2981.526412294591
2981.5897323088834	0.5170000145394624	trials	210504TX	p23	Z11111	106	35.0	0.0	2981.7397323088835	2981.956732323423
2985.20217255092	0.5069600138663191	trials	210504TX	p23	Z11111	111	36.0	2.0	2985.35217255092	2985.559132564786
2985.6224525790785	0.5270000152095236	trials	210504TX	p23	Z11111	48	15.0	2.0	2985.7724525790786	2985.999452594288
2986.0527326079077	0.5270000152095236	trials	210504TX	p23	Z11111	92	30.0	1.0	2986.202732607908	2986.429732623117
2986.493012637407	0.4970000131993402	trials	210504TX	p23	Z11111	39	12.0	2.0	2986.643012637407	2986.8400126506062
2986.9233326662384	0.4969600131967127	trials	210504TX	p23	Z11111	18	5.0	2.0	2987.0733326662385	2987.270292679435
2987.333572693725	0.5170000145394624	trials	210504TX	p23	Z11111	65	21.0	1.0	2987.483572693725	2987.700572708264
2987.7638927225566	0.4969600131967127	trials	210504TX	p23	Z11111	115	38.0	0.0	2987.9138927225567	2988.1108527357533
2991.3963329659327	0.4969600131967127	trials	210504TX	p23	Z11111	105	34.0	2.0	2991.546332965933	2991.7432929791294
2991.806612993422	0.4969600131967127	trials	210504TX	p23	Z11111	15	4.0	2.0	2991.956612993422	2992.1535730066184
2992.216893020911	0.5169600145368349	trials	210504TX	p23	Z11111	1	0.0	0.0	2992.366893020911	2992.5838530354476
2992.63717304907	0.4969600131967127	trials	210504TX	p23	Z11111	60	19.0	2.0	2992.78717304907	2992.9841330622667
2993.047453076559	0.4969600131967127	trials	210504TX	p23	Z11111	6	1.0	2.0	2993.197453076559	2993.3944130897557
2993.4677331047183	0.5069600138663191	trials	210504TX	p23	Z11111	104	34.0	1.0	2993.6177331047184	2993.8246931185845
2993.888013132877	0.5170000145394624	trials	210504TX	p23	Z11111	49	16.0	0.0	2994.038013132877	2994.2550131474163
2998.070813413128	0.5070000138694013	trials	210504TX	p23	Z11111	20	6.0	1.0	2998.220813413128	2998.427813426997
2998.481093440617	0.5270000152090688	trials	210504TX	p23	Z11111	73	24.0	0.0	2998.631093440617	2998.858093455826
2998.9214134701188	0.5269600152064413	trials	210504TX	p23	Z11111	43	14.0	0.0	2999.071413470119	2999.298373485325
2999.3616934996176	0.5170000145394624	trials	210504TX	p23	Z11111	4	1.0	0.0	2999.5116934996176	2999.728693514157
2999.7919735284468	0.4970000131993402	trials	210504TX	p23	Z11111	72	23.0	2.0	2999.941973528447	3000.138973541646
3000.222253557276	0.4970000131993402	trials	210504TX	p23	Z11111	35	11.0	1.0	3000.372253557276	3000.569253570475
3000.6525735861073	0.4969600131967127	trials	210504TX	p23	Z11111	101	33.0	1.0	3000.8025735861074	3000.999533599304
3004.264973828141	0.4970000131993402	trials	210504TX	p23	Z11111	67	22.0	0.0	3004.4149738281412	3004.6119738413404
3004.7152938583126	0.5070000138694013	trials	210504TX	p23	Z11111	38	12.0	1.0	3004.8652938583127	3005.072293872182
3005.135573886472	0.4969600131967127	trials	210504TX	p23	Z11111	5	1.0	1.0	3005.285573886472	3005.4825338996684
3005.555853914631	0.5070000138694013	trials	210504TX	p23	Z11111	41	13.0	1.0	3005.705853914631	3005.9128539285
3005.96613394212	0.5070000138694013	trials	210504TX	p23	Z11111	0			3006.11613394212	3006.3231339559893
3006.386413970279	0.5070000138689466	trials	210504TX	p23	Z11111	22	7.0	0.0	3006.536413970279	3006.743413984148
3006.806693998438	0.4969600131967127	trials	210504TX	p23	Z11111	97	32.0	0.0	3006.956693998438	3007.1536540116344
3010.5192142471797	0.5169600145363802	trials	210504TX	p23	Z11111	11	3.0	1.0	3010.6692142471798	3010.886174261716
3010.949494276009	0.5069600138663191	trials	210504TX	p23	Z11111	54	17.0	2.0	3011.099494276009	3011.306454289875
3011.3597743034975	0.4969600131967127	trials	210504TX	p23	Z11111	77	25.0	1.0	3011.5097743034976	3011.706734316694
3011.8200943343395	0.5069600138667738	trials	210504TX	p23	Z11111	82	27.0	0.0	3011.9700943343396	3012.177054348206
3012.230334361826	0.5070000138694013	trials	210504TX	p23	Z11111	70	23.0	0.0	3012.380334361826	3012.5873343756953
3012.650614389985	0.5270000152090688	trials	210504TX	p23	Z11111	91	30.0	0.0	3012.800614389985	3013.027614405194
3013.0809344188165	0.5270000152095236	trials	210504TX	p23	Z11111	75	24.0	2.0	3013.2309344188166	3013.457934434026
3016.873494672921	0.4969600131967127	trials	210504TX	p23	Z11111	40	13.0	0.0	3017.023494672921	3017.2204546861176
3017.2837347004074	0.5270000152090688	trials	210504TX	p23	Z11111	17	5.0	1.0	3017.4337347004075	3017.6607347156164
3017.7140547292393	0.49696001319625793	trials	210504TX	p23	Z11111	66	21.0	2.0	3017.8640547292393	3018.0610147424354
3018.134334757398	0.5069600138667738	trials	210504TX	p23	Z11111	114	37.0	2.0	3018.284334757398	3018.4912947712646
3018.574614786897	0.5070000138694013	trials	210504TX	p23	Z11111	16	5.0	0.0	3018.7246147868973	3018.9316148007665
3019.014934816399	0.49696001319625793	trials	210504TX	p23	Z11111	96	31.0	2.0	3019.164934816399	3019.3618948295953
3019.425174843885	0.5270000152095236	trials	210504TX	p23	Z11111	34	11.0	0.0	3019.575174843885	3019.8021748590945
3023.4178951114004	0.5169600145368349	trials	210504TX	p23	Z11111	68	22.0	1.0	3023.5678951114005	3023.784855125937
3023.8581751408997	0.49696001319625793	trials	210504TX	p23	Z11111	53	17.0	1.0	3024.0081751408998	3024.205135154096
3026.4198953125365	0.5370000158795847	trials	210504TX	p23	Z11111	86	28.0	1.0	3026.5698953125366	3026.806895328416
3026.8902153440486	0.4969600131967127	trials	210504TX	p23	Z11111	44	14.0	1.0	3027.0402153440486	3027.237175357245
3027.3004953715376	0.49696001319625793	trials	210504TX	p23	Z11111	52	17.0	0.0	3027.4504953715377	3027.647455384734
3027.7107753990263	0.5070000138694013	trials	210504TX	p23	Z11111	25	8.0	0.0	3027.8607753990264	3028.0677754128956
3028.1310554271854	0.5070000138694013	trials	210504TX	p23	Z11111	120	39.0	2.0	3028.2810554271855	3028.4880554410547
3028.5413354546745	0.5170000145394624	trials	210504TX	p23	Z11111	56	18.0	1.0	3028.6913354546746	3028.908335469214
3028.9616154828336	0.5070000138694013	trials	210504TX	p23	Z11111	51	16.0	2.0	3029.1116154828337	3029.318615496703
3032.5740557248696	0.5069600138667738	trials	210504TX	p23	Z11111	71	23.0	1.0	3032.7240557248697	3032.9310157387363
3032.9843357523587	0.5069600138667738	trials	210504TX	p23	Z11111	62	20.0	1.0	3033.1343357523588	3033.3412957662254
3033.404615780518	0.5270000152095236	trials	210504TX	p23	Z11111	84	27.0	2.0	3033.554615780518	3033.7816157957272
3033.834895809347	0.5070000138694013	trials	210504TX	p23	Z11111	0			3033.984895809347	3034.1918958232163
3034.275175838846	0.5270000152095236	trials	210504TX	p23	Z11111	50	16.0	1.0	3034.425175838846	3034.6521758540553
3034.7054958676777	0.5270000152095236	trials	210504TX	p23	Z11111	12	3.0	2.0	3034.8554958676777	3035.082495882887
3036.9970160212115	0.5070000138689466	trials	210504TX	p23	Z11111	117	38.0	2.0	3037.1470160212116	3037.3540160350803
3037.4072960487006	0.5070000138689466	trials	210504TX	p23	Z11111	32	10.0	1.0	3037.5572960487007	3037.7642960625694
3037.817576076189	0.5270000152095236	trials	210504TX	p23	Z11111	85	28.0	0.0	3037.9675760761893	3038.1945760913986
3038.267896106361	0.5270000152095236	trials	210504TX	p23	Z11111	81	26.0	2.0	3038.4178961063612	3038.6448961215706
3038.7081761358604	0.4969600131967127	trials	210504TX	p23	Z11111	14	4.0	1.0	3038.8581761358605	3039.055136149057
3039.1184561633495	0.49696001319625793	trials	210504TX	p23	Z11111	8	2.0	1.0	3039.2684561633496	3039.4654161765457
3039.5287361908386	0.49696001319625793	trials	210504TX	p23	Z11111	0			3039.6787361908387	3039.8756962040347
3043.1811764355543	0.4970000131993402	trials	210504TX	p23	Z11111	108	35.0	2.0	3043.3311764355544	3043.5281764487536
3043.5914564630434	0.4970000131993402	trials	210504TX	p23	Z11111	98	32.0	1.0	3043.7414564630435	3043.9384564762427
3044.0317764925453	0.5169600145368349	trials	210504TX	p23	Z11111	36	11.0	2.0	3044.1817764925454	3044.398736507082
3044.4620565213745	0.5169600145363802	trials	210504TX	p23	Z11111	24	7.0	2.0	3044.6120565213746	3044.829016535911
3044.8923365502033	0.4969600131967127	trials	210504TX	p23	Z11111	57	18.0	2.0	3045.0423365502033	3045.2392965634
3045.3226165790325	0.5070000138694013	trials	210504TX	p23	Z11111	26	8.0	1.0	3045.4726165790325	3045.6796165929018
3045.7629366085343	0.4969600131967127	trials	210504TX	p23	Z11111	113	37.0	1.0	3045.9129366085344	3046.109896621731
3049.3653368498976	0.5070000138694013	trials	210504TX	p23	Z11111	103	34.0	0.0	3049.5153368498977	3049.722336863767
3049.7756168773867	0.5270000152095236	trials	210504TX	p23	Z11111	7	2.0	0.0	3049.925616877387	3050.152616892596
3050.2159369068886	0.5269600152064413	trials	210504TX	p23	Z11111	9	2.0	2.0	3050.3659369068887	3050.592896922095
3050.646216935718	0.5270000152090688	trials	210504TX	p23	Z11111	19	6.0	0.0	3050.796216935718	3051.023216950927
3051.0864969652166	0.5270000152095236	trials	210504TX	p23	Z11111	109	36.0	0.0	3051.2364969652167	3051.463496980426
3051.5168169940484	0.5269600152064413	trials	210504TX	p23	Z11111	74	24.0	1.0	3051.6668169940485	3051.893777009255
3051.947097022877	0.5270000152095236	trials	210504TX	p23	Z11111	100	33.0	0.0	3052.0970970228773	3052.3240970380866
3055.5895372669233	0.5170000145394624	trials	210504TX	p23	Z11111	2	0.0	1.0	3055.7395372669234	3055.9565372814627
3056.0198172957525	0.4970000131993402	trials	210504TX	p23	Z11111	30	9.0	2.0	3056.1698172957526	3056.366817308952
3056.4500973245817	0.4970000131993402	trials	210504TX	p23	Z11111	29	9.0	1.0	3056.600097324582	3056.797097337781
3056.860377352071	0.4970000131993402	trials	210504TX	p23	Z11111	76	25.0	0.0	3057.010377352071	3057.20737736527
3057.27065737956	0.5270000152090688	trials	210504TX	p23	Z11111	33	10.0	2.0	3057.42065737956	3057.647657394769
3057.7009774083917	0.5270000152090688	trials	210504TX	p23	Z11111	102	33.0	2.0	3057.850977408392	3058.0779774236007
3058.1412574378905	0.5270000152095236	trials	210504TX	p23	Z11111	64	21.0	0.0	3058.2912574378906	3058.5182574531
3061.923817691325	0.5069600138663191	trials	210504TX	p23	Z11111	63	20.0	2.0	3062.073817691325	3062.280777705191
3062.3340577188114	0.5270000152090688	trials	210504TX	p23	Z11111	47	15.0	1.0	3062.4840577188115	3062.7110577340204
3062.784377748983	0.4970000131993402	trials	210504TX	p23	Z11111	89	29.0	1.0	3062.934377748983	3063.131377762182
3063.194657776472	0.5270000152095236	trials	210504TX	p23	Z11111	95	31.0	1.0	3063.344657776472	3063.5716577916814
3063.624937805301	0.5270000152095236	trials	210504TX	p23	Z11111	80	26.0	1.0	3063.7749378053013	3064.0019378205106
3064.065257834803	0.49696001319625793	trials	210504TX	p23	Z11111	37	12.0	0.0	3064.215257834803	3064.4122178479993
3064.475537862292	0.49696001319625793	trials	210504TX	p23	Z11111	83	27.0	1.0	3064.6255378622923	3064.8224978754884
3068.0679381029854	0.4969600131967127	trials	210504TX	p23	Z11111	107	35.0	1.0	3068.2179381029855	3068.414898116182
3070.3694982571915	0.5069600138667738	trials	210504TX	p23	Z11111	47	15.0	1.0	3070.5194982571916	3070.726458271058
3070.7797782846806	0.4969600131967127	trials	210504TX	p23	Z11111	80	26.0	1.0	3070.9297782846807	3071.126738297877
3071.190018312167	0.5170000145394624	trials	210504TX	p23	Z11111	76	25.0	0.0	3071.340018312167	3071.5570183267064
3071.620338340999	0.4969600131967127	trials	210504TX	p23	Z11111	69	22.0	2.0	3071.770338340999	3071.9672983541955
3072.0506183698276	0.5270000152095236	trials	210504TX	p23	Z11111	79	26.0	0.0	3072.2006183698277	3072.427618385037
3072.490898399327	0.5270000152095236	trials	210504TX	p23	Z11111	17	5.0	1.0	3072.640898399327	3072.8678984145363
3072.9212184281587	0.5069600138667738	trials	210504TX	p23	Z11111	109	36.0	0.0	3073.0712184281588	3073.2781784420254
3076.523618669522	0.5070000138694013	trials	210504TX	p23	Z11111	23	7.0	1.0	3076.673618669522	3076.8806186833913
3076.943898697681	0.5170000145394624	trials	210504TX	p23	Z11111	35	11.0	1.0	3077.093898697681	3077.3108987122205
3077.374218726513	0.4969600131967127	trials	210504TX	p23	Z11111	93	30.0	2.0	3077.524218726513	3077.7211787397096
3077.8044987553417	0.4969600131967127	trials	210504TX	p23	Z11111	66	21.0	2.0	3077.954498755342	3078.1514587685383
3078.244778784841	0.5270000152095236	trials	210504TX	p23	Z11111	0			3078.394778784841	3078.6217788000504
3078.67505881367	0.4970000131993402	trials	210504TX	p23	Z11111	102	33.0	2.0	3078.8250588136702	3079.0220588268694
3079.1153788431716	0.5270000152095236	trials	210504TX	p23	Z11111	85	28.0	0.0	3079.2653788431717	3079.492378858381
3083.2481391200695	0.5070000138694013	trials	210504TX	p23	Z11111	28	9.0	0.0	3083.3981391200696	3083.605139133939
3083.6584191475586	0.5070000138694013	trials	210504TX	p23	Z11111	89	29.0	1.0	3083.8084191475587	3084.015419161428
3084.0987391770605	0.5270000152095236	trials	210504TX	p23	Z11111	58	19.0	0.0	3084.2487391770605	3084.47573919227
3087.3308993936175	0.5070000138694013	trials	210504TX	p23	Z11111	104	34.0	1.0	3087.4808993936176	3087.687899407487
3087.7411794211066	0.4969600131967127	trials	210504TX	p23	Z11111	29	9.0	1.0	3087.8911794211067	3088.0881394343032
3088.171459449936	0.5070000138694013	trials	210504TX	p23	Z11111	110	36.0	1.0	3088.321459449936	3088.528459463805
3088.6117794794377	0.49696001319625793	trials	210504TX	p23	Z11111	118	39.0	0.0	3088.761779479438	3088.958739492634
3089.0220595069263	0.5069600138667738	trials	210504TX	p23	Z11111	86	28.0	1.0	3089.1720595069264	3089.379019520793
3089.4423395350855	0.5069600138667738	trials	210504TX	p23	Z11111	111	36.0	2.0	3089.5923395350856	3089.799299548952
3089.8526195625745	0.5269600152068961	trials	210504TX	p23	Z11111	114	37.0	2.0	3090.0026195625746	3090.2295795777814
3093.5350998093036	0.5069600138663191	trials	210504TX	p23	Z11111	96	31.0	2.0	3093.6850998093037	3093.89205982317
3093.9453798367927	0.49696001319625793	trials	210504TX	p23	Z11111	55	18.0	0.0	3094.0953798367927	3094.292339849989
3094.3556198642787	0.4970000131997949	trials	210504TX	p23	Z11111	0			3094.5056198642787	3094.7026198774784
3094.765899891768	0.4970000131988854	trials	210504TX	p23	Z11111	68	22.0	1.0	3094.9158998917683	3095.112899904967
3095.196179920597	0.5070000138694013	trials	210504TX	p23	Z11111	59	19.0	1.0	3095.346179920597	3095.5531799344662
3095.6164999487587	0.5069600138667738	trials	210504TX	p23	Z11111	24	7.0	2.0	3095.766499948759	3095.9734599626254
3096.036779976918	0.5270000152095236	trials	210504TX	p23	Z11111	71	23.0	1.0	3096.186779976918	3096.4137799921273
3101.8807003684647	0.4969600131967127	trials	210504TX	p23	Z11111	60	19.0	2.0	3102.0307003684647	3102.2276603816613
3102.2909803959537	0.4969600131967127	trials	210504TX	p23	Z11111	20	6.0	1.0	3102.440980395954	3102.6379404091504
3102.701260423443	0.5170000145394624	trials	210504TX	p23	Z11111	18	5.0	2.0	3102.851260423443	3103.068260437982
3103.131540452272	0.4969600131967127	trials	210504TX	p23	Z11111	21	6.0	2.0	3103.281540452272	3103.4785004654686
3103.531820479091	0.5169600145363802	trials	210504TX	p23	Z11111	14	4.0	1.0	3103.681820479091	3103.8987804936273
3105.7833406299446	0.5069600138663191	trials	210504TX	p23	Z11111	73	24.0	0.0	3105.9333406299447	3106.140300643811
3106.2036206581033	0.4969600131967127	trials	210504TX	p23	Z11111	81	26.0	2.0	3106.3536206581034	3106.5505806713
3106.6139006855924	0.5169600145368349	trials	210504TX	p23	Z11111	108	35.0	2.0	3106.7639006855925	3106.980860700129
3107.0441807144216	0.4969600131967127	trials	210504TX	p23	Z11111	61	20.0	0.0	3107.1941807144217	3107.391140727618
3107.4444607412406	0.4969600131967127	trials	210504TX	p23	Z11111	91	30.0	0.0	3107.5944607412407	3107.7914207544372
3107.854700768727	0.5070000138694013	trials	210504TX	p23	Z11111	53	17.0	1.0	3108.004700768727	3108.2117007825964
3108.275020796889	0.4969600131967127	trials	210504TX	p23	Z11111	8	2.0	1.0	3108.425020796889	3108.6219808100855
3111.917461040935	0.5069600138663191	trials	210504TX	p23	Z11111	13	4.0	0.0	3112.067461040935	3112.274421054801
3112.327741068424	0.4969600131967127	trials	210504TX	p23	Z11111	106	35.0	0.0	3112.477741068424	3112.6747010816207
3112.738021095913	0.5069600138663191	trials	210504TX	p23	Z11111	120	39.0	2.0	3112.8880210959132	3113.0949811097794
3113.158301124072	0.4969600131967127	trials	210504TX	p23	Z11111	49	16.0	0.0	3113.308301124072	3113.5052611372685
3113.568581151561	0.4969600131967127	trials	210504TX	p23	Z11111	56	18.0	1.0	3113.718581151561	3113.9155411647575
3113.99886118039	0.5170000145394624	trials	210504TX	p23	Z11111	26	8.0	1.0	3114.14886118039	3114.3658611949295
3114.4391412098894	0.5270000152090688	trials	210504TX	p23	Z11111	95	31.0	1.0	3114.5891412098895	3114.8161412250984
3118.0715814532655	0.5370000158791299	trials	210504TX	p23	Z11111	54	17.0	2.0	3118.2215814532656	3118.4585814691445
3118.5119014827674	0.5270000152090688	trials	210504TX	p23	Z11111	62	20.0	1.0	3118.6619014827675	3118.8889014979763
3118.952181512266	0.4970000131993402	trials	210504TX	p23	Z11111	0			3119.1021815122663	3119.2991815254654
3119.352461539085	0.5270000152095236	trials	210504TX	p23	Z11111	1	0.0	0.0	3119.5024615390853	3119.7294615542946
3119.7927415685845	0.5170000145394624	trials	210504TX	p23	Z11111	50	16.0	1.0	3119.9427415685846	3120.159741583124
3120.2230615974163	0.5270000152090688	trials	210504TX	p23	Z11111	2	0.0	1.0	3120.3730615974164	3120.6000616126253
3120.653341626245	0.4969600131967127	trials	210504TX	p23	Z11111	92	30.0	1.0	3120.803341626245	3121.0003016394417
3124.125661858893	0.5070000138694013	trials	210504TX	p23	Z11111	77	25.0	1.0	3124.2756618588933	3124.4826618727625
3124.5359418863823	0.5270000152090688	trials	210504TX	p23	Z11111	48	15.0	2.0	3124.6859418863824	3124.9129419015912
3124.976261915884	0.5270000152090688	trials	210504TX	p23	Z11111	101	33.0	1.0	3125.1262619158842	3125.353261931093
3125.406541944713	0.5170000145394624	trials	210504TX	p23	Z11111	9	2.0	2.0	3125.556541944713	3125.7735419592523
3125.856821974882	0.5070000138689466	trials	210504TX	p23	Z11111	36	11.0	2.0	3126.0068219748823	3126.213821988751
3126.287142003714	0.5370000158791299	trials	210504TX	p23	Z11111	103	34.0	0.0	3126.437142003714	3126.674142019593
3126.727422033213	0.5270000152095236	trials	210504TX	p23	Z11111	7	2.0	0.0	3126.877422033213	3127.1044220484223
3130.4199022806115	0.4970000131993402	trials	210504TX	p23	Z11111	33	10.0	2.0	3130.5699022806116	3130.7669022938107
3130.8301823081006	0.5170000145394624	trials	210504TX	p23	Z11111	117	38.0	2.0	3130.9801823081007	3131.19718232264
3131.26046233693	0.4970000131993402	trials	210504TX	p23	Z11111	94	31.0	0.0	3131.41046233693	3131.607462350129
3131.670742364419	0.5170000145394624	trials	210504TX	p23	Z11111	57	18.0	2.0	3131.820742364419	3132.0377423789582
3132.101022393248	0.4970000131993402	trials	210504TX	p23	Z11111	69	22.0	2.0	3132.251022393248	3132.4480224064473
3132.53134242208	0.49696001319625793	trials	210504TX	p23	Z11111	6	1.0	2.0	3132.68134242208	3132.878302435276
3132.9416224495685	0.5169600145368349	trials	210504TX	p23	Z11111	10	3.0	0.0	3133.0916224495686	3133.3085824641053
3136.6541026983077	0.4969600131967127	trials	210504TX	p23	Z11111	30	9.0	2.0	3136.804102698308	3137.0010627115043
3137.064382725797	0.5270000152090688	trials	210504TX	p23	Z11111	100	33.0	0.0	3137.214382725797	3137.441382741006
3137.4946627546256	0.5270000152095236	trials	210504TX	p23	Z11111	79	26.0	0.0	3137.6446627546256	3137.871662769835
3137.9449827847975	0.4969600131967127	trials	210504TX	p23	Z11111	4	1.0	0.0	3138.0949827847976	3138.291942797994
3138.3552628122866	0.5270000152095236	trials	210504TX	p23	Z11111	46	15.0	0.0	3138.5052628122867	3138.732262827496
3138.785542841116	0.4969600131967127	trials	210504TX	p23	Z11111	63	20.0	2.0	3138.935542841116	3139.1325028543124
3139.2158228699445	0.5070000138694013	trials	210504TX	p23	Z11111	112	37.0	0.0	3139.3658228699446	3139.572822883814
3142.838263112651	0.5070000138689466	trials	210504TX	p23	Z11111	3	0.0	2.0	3142.988263112651	3143.19526312652
3143.2585431408097	0.5170000145394624	trials	210504TX	p23	Z11111	11	3.0	1.0	3143.40854314081	3143.625543155349
3143.688823169639	0.5270000152095236	trials	210504TX	p23	Z11111	64	21.0	0.0	3143.838823169639	3144.0658231848483
3144.1191431984707	0.4969600131967127	trials	210504TX	p23	Z11111	70	23.0	0.0	3144.269143198471	3144.4661032116674
3144.5594232279695	0.4970000131993402	trials	210504TX	p23	Z11111	32	10.0	1.0	3144.7094232279696	3144.906423241169
3144.9897032567987	0.5270000152095236	trials	210504TX	p23	Z11111	51	16.0	2.0	3145.139703256799	3145.366703272008
3145.4300232863006	0.5270000152090688	trials	210504TX	p23	Z11111	87	28.0	2.0	3145.5800232863007	3145.8070233015096
3149.012423526324	0.5070000138694013	trials	210504TX	p23	Z11111	97	32.0	0.0	3149.162423526324	3149.369423540193
3149.422703553813	0.5270000152095236	trials	210504TX	p23	Z11111	44	14.0	1.0	3149.572703553813	3149.7997035690223
3149.852983582642	0.5070000138694013	trials	210504TX	p23	Z11111	65	21.0	1.0	3150.002983582642	3150.2099835965114
3150.263263610131	0.5070000138694013	trials	210504TX	p23	Z11111	98	32.0	1.0	3150.4132636101313	3150.6202636240005
3150.6735436376202	0.4969600131967127	trials	210504TX	p23	Z11111	107	35.0	1.0	3150.8235436376203	3151.020503650817
3151.0838236651093	0.5170000145394624	trials	210504TX	p23	Z11111	67	22.0	0.0	3151.2338236651094	3151.4508236796487
3151.5041036932685	0.5070000138694013	trials	210504TX	p23	Z11111	113	37.0	1.0	3151.6541036932686	3151.8611037071378
3155.0965039339617	0.5070000138694013	trials	210504TX	p23	Z11111	31	10.0	0.0	3155.246503933962	3155.453503947831
3155.5067839614508	0.5070000138694013	trials	210504TX	p23	Z11111	42	13.0	2.0	3155.656783961451	3155.86378397532
3157.7483041116343	0.4969600131967127	trials	210504TX	p23	Z11111	82	27.0	0.0	3157.8983041116344	3158.095264124831
3158.1585841391234	0.5170000145394624	trials	210504TX	p23	Z11111	88	29.0	0.0	3158.3085841391235	3158.5255841536627
3160.4901442953396	0.5070000138689466	trials	210504TX	p23	Z11111	72	23.0	2.0	3160.6401442953397	3160.8471443092085
3160.9004243228287	0.5070000138694013	trials	210504TX	p23	Z11111	5	1.0	1.0	3161.050424322829	3161.257424336698
3161.320704350988	0.5170000145390077	trials	210504TX	p23	Z11111	40	13.0	0.0	3161.470704350988	3161.6877043655268
3161.7409843791465	0.4970000131993402	trials	210504TX	p23	Z11111	83	27.0	1.0	3161.8909843791466	3162.087984392346
3162.1512644066356	0.5270000152095236	trials	210504TX	p23	Z11111	115	38.0	0.0	3162.3012644066357	3162.528264421845
3162.581544435465	0.5270000152095236	trials	210504TX	p23	Z11111	116	38.0	1.0	3162.731544435465	3162.9585444506743
3163.0218644649667	0.4969600131967127	trials	210504TX	p23	Z11111	74	24.0	1.0	3163.171864464967	3163.3688244781633
3166.5041846982845	0.5070000138694013	trials	210504TX	p23	Z11111	105	34.0	2.0	3166.6541846982846	3166.8611847121538
3166.9144647257735	0.5270000152095236	trials	210504TX	p23	Z11111	52	17.0	0.0	3167.0644647257736	3167.291464740983
3167.3547847552754	0.5169600145363802	trials	210504TX	p23	Z11111	37	12.0	0.0	3167.5047847552755	3167.7217447698117
3167.7750647834346	0.5069600138663191	trials	210504TX	p23	Z11111	41	13.0	1.0	3167.9250647834347	3168.132024797301
3168.1853448109237	0.5069600138663191	trials	210504TX	p23	Z11111	19	6.0	0.0	3168.3353448109237	3168.54230482479
3168.6156248397524	0.4969600131967127	trials	210504TX	p23	Z11111	12	3.0	2.0	3168.7656248397525	3168.962584852949
3169.0259048672415	0.4969600131967127	trials	210504TX	p23	Z11111	22	7.0	0.0	3169.1759048672416	3169.372864880438
3172.6583451106176	0.5070000138694013	trials	210504TX	p23	Z11111	45	14.0	2.0	3172.8083451106177	3173.015345124487
3173.0686251381067	0.4969600131967127	trials	210504TX	p23	Z11111	34	11.0	0.0	3173.2186251381067	3173.4155851513033
3173.4789051655957	0.5170000145394624	trials	210504TX	p23	Z11111	25	8.0	0.0	3173.628905165596	3173.845905180135
3173.899185193755	0.5069600138667738	trials	210504TX	p23	Z11111	39	12.0	2.0	3174.049185193755	3174.2561452076216
3174.309465221244	0.5270000152090688	trials	210504TX	p23	Z11111	119	39.0	1.0	3174.459465221244	3174.686465236453
3174.739745250073	0.5070000138689466	trials	210504TX	p23	Z11111	27	8.0	2.0	3174.8897452500732	3175.096745263942
3175.180025279572	0.5270000152095236	trials	210504TX	p23	Z11111	90	29.0	2.0	3175.330025279572	3175.5570252947814
3178.8825455276437	0.5069600138663191	trials	210504TX	p23	Z11111	15	4.0	2.0	3179.032545527644	3179.23950554151
3179.292825555133	0.5269600152064413	trials	210504TX	p23	Z11111	75	24.0	2.0	3179.442825555133	3179.669785570339
3179.7331055846316	0.4969600131967127	trials	210504TX	p23	Z11111	16	5.0	0.0	3179.8831055846317	3180.0800655978283
3180.1433856121207	0.4969600131967127	trials	210504TX	p23	Z11111	99	32.0	2.0	3180.293385612121	3180.4903456253173
3180.58366564162	0.4970000131993402	trials	210504TX	p23	Z11111	78	25.0	2.0	3180.73366564162	3180.930665654819
3181.0139856704513	0.4969600131967127	trials	210504TX	p23	Z11111	43	14.0	0.0	3181.1639856704514	3181.360945683648
3181.4442656992805	0.5069600138667738	trials	210504TX	p23	Z11111	0			3181.5942656992806	3181.8012257131472
3185.0466659406443	0.5070000138689466	trials	210504TX	p23	Z11111	38	12.0	1.0	3185.1966659406444	3185.403665954513
3185.466945968803	0.5270000152095236	trials	210504TX	p23	Z11111	84	27.0	2.0	3185.616945968803	3185.8439459840124
3185.897265997635	0.5270000152095236	trials	210504TX	p23	Z11111	118	39.0	0.0	3186.047265997635	3186.2742660128442
3186.337546027134	0.5270000152090688	trials	210504TX	p23	Z11111	119	39.0	1.0	3186.487546027134	3186.714546042343
3186.767826055963	0.5270000152095236	trials	210504TX	p23	Z11111	2	0.0	1.0	3186.917826055963	3187.1448260711722
3187.2081460854647	0.4969600131967127	trials	210504TX	p23	Z11111	37	12.0	0.0	3187.358146085465	3187.5551060986613
3187.638426114294	0.4969600131967127	trials	210504TX	p23	Z11111	76	25.0	0.0	3187.788426114294	3187.9853861274905
3191.29086635901	0.4970000131993402	trials	210504TX	p23	Z11111	90	29.0	2.0	3191.44086635901	3191.6378663722094
3191.7311863885116	0.5270000152095236	trials	210504TX	p23	Z11111	19	6.0	0.0	3191.8811863885117	3192.108186403721
3192.171466418011	0.4970000131993402	trials	210504TX	p23	Z11111	116	38.0	1.0	3192.321466418011	3192.51846643121
3192.5817464455	0.5070000138694013	trials	210504TX	p23	Z11111	55	18.0	0.0	3192.7317464455	3192.938746459369
3193.002026473659	0.4970000131993402	trials	210504TX	p23	Z11111	102	33.0	2.0	3193.152026473659	3193.3490264868583
3193.412306501148	0.4970000131993402	trials	210504TX	p23	Z11111	0			3193.562306501148	3193.7593065143474
3193.812586527967	0.5170000145394624	trials	210504TX	p23	Z11111	82	27.0	0.0	3193.9625865279672	3194.1795865425065
3197.5951067813985	0.4970000131993402	trials	210504TX	p23	Z11111	60	19.0	2.0	3197.7451067813986	3197.9421067945977
3198.0454268115705	0.5170000145394624	trials	210504TX	p23	Z11111	30	9.0	2.0	3198.1954268115705	3198.41242682611
3198.505746842412	0.4969600131967127	trials	210504TX	p23	Z11111	58	19.0	0.0	3198.655746842412	3198.8527068556086
3198.916026869901	0.5169600145368349	trials	210504TX	p23	Z11111	79	26.0	0.0	3199.066026869901	3199.282986884438
3199.3463068987303	0.5270000152095236	trials	210504TX	p23	Z11111	109	36.0	0.0	3199.4963068987304	3199.7233069139397
3199.7765869275595	0.5270000152090688	trials	210504TX	p23	Z11111	44	14.0	1.0	3199.9265869275596	3200.1535869427685
3200.216906957061	0.5270000152095236	trials	210504TX	p23	Z11111	114	37.0	2.0	3200.366906957061	3200.5939069722704
3203.9894272098227	0.5170000145394624	trials	210504TX	p23	Z11111	104	34.0	1.0	3204.1394272098228	3204.356427224362
3204.409707237982	0.5270000152090688	trials	210504TX	p23	Z11111	18	5.0	2.0	3204.559707237982	3204.786707253191
3204.8500272674837	0.5270000152090688	trials	210504TX	p23	Z11111	15	4.0	2.0	3205.000027267484	3205.2270272826927
3205.2803072963125	0.5270000152095236	trials	210504TX	p23	Z11111	40	13.0	0.0	3205.4303072963125	3205.657307311522
3205.7205873258117	0.5270000152090688	trials	210504TX	p23	Z11111	0			3205.870587325812	3206.0975873410207
3206.1509073546436	0.49696001319625793	trials	210504TX	p23	Z11111	84	27.0	2.0	3206.3009073546436	3206.4978673678397
3206.5611473821295	0.5170000145394624	trials	210504TX	p23	Z11111	33	10.0	2.0	3206.7111473821296	3206.928147396669
3210.2836676315414	0.49696001319625793	trials	210504TX	p23	Z11111	25	8.0	0.0	3210.4336676315415	3210.6306276447376
3210.7039476597006	0.5270000152090688	trials	210504TX	p23	Z11111	13	4.0	0.0	3210.8539476597007	3211.0809476749096
3211.164267690542	0.5069600138667738	trials	210504TX	p23	Z11111	73	24.0	0.0	3211.3142676905422	3211.521227704409
3211.574547718031	0.5170000145394624	trials	210504TX	p23	Z11111	48	15.0	2.0	3211.7245477180313	3211.9415477325706
3212.0048277468604	0.5270000152090688	trials	210504TX	p23	Z11111	14	4.0	1.0	3212.1548277468605	3212.3818277620694
3212.435107775689	0.5070000138694013	trials	210504TX	p23	Z11111	56	18.0	1.0	3212.5851077756893	3212.7921077895585
3212.8453878031783	0.5170000145394624	trials	210504TX	p23	Z11111	97	32.0	0.0	3212.9953878031783	3213.2123878177176
3216.4478280445446	0.4969600131967127	trials	210504TX	p23	Z11111	9	2.0	2.0	3216.5978280445447	3216.7947880577412
3216.8581080720337	0.5270000152090688	trials	210504TX	p23	Z11111	21	6.0	2.0	3217.008108072034	3217.2351080872427
3217.2883881008624	0.5270000152095236	trials	210504TX	p23	Z11111	5	1.0	1.0	3217.4383881008625	3217.665388116072
3217.7286681303617	0.5270000152095236	trials	210504TX	p23	Z11111	16	5.0	0.0	3217.878668130362	3218.105668145571
3218.158948159191	0.4970000131993402	trials	210504TX	p23	Z11111	49	16.0	0.0	3218.308948159191	3218.50594817239
3218.5992681886923	0.4969600131967127	trials	210504TX	p23	Z11111	110	36.0	1.0	3218.7492681886924	3218.946228201889
3218.9995482155114	0.5169600145368349	trials	210504TX	p23	Z11111	115	38.0	0.0	3219.1495482155115	3219.366508230048
3222.611948457545	0.5270000152090688	trials	210504TX	p23	Z11111	100	33.0	0.0	3222.7619484575453	3222.988948472754
3223.0422684863765	0.5069600138667738	trials	210504TX	p23	Z11111	67	22.0	0.0	3223.1922684863766	3223.399228500243
3223.4625485145357	0.5270000152095236	trials	210504TX	p23	Z11111	81	26.0	2.0	3223.612548514536	3223.839548529745
3223.902828544035	0.5170000145390077	trials	210504TX	p23	Z11111	69	22.0	2.0	3224.052828544035	3224.269828558574
3224.3331085728637	0.4970000131997949	trials	210504TX	p23	Z11111	51	16.0	2.0	3224.483108572864	3224.6801085860634
3224.7534286010255	0.5069600138667738	trials	210504TX	p23	Z11111	28	9.0	0.0	3224.9034286010256	3225.110388614892
3225.1737086291846	0.4969600131967127	trials	210504TX	p23	Z11111	112	37.0	0.0	3225.3237086291847	3225.520668642381
3228.8561888759136	0.5169600145363802	trials	210504TX	p23	Z11111	57	18.0	2.0	3229.0061888759137	3229.22314889045
3229.2864689047424	0.4969600131967127	trials	210504TX	p23	Z11111	75	24.0	2.0	3229.4364689047425	3229.633428917939
3229.6967489322315	0.5270000152095236	trials	210504TX	p23	Z11111	43	14.0	0.0	3229.8467489322315	3230.073748947441
3230.1370289617307	0.4970000131993402	trials	210504TX	p23	Z11111	66	21.0	2.0	3230.287028961731	3230.48402897493
3230.56730899056	0.5270000152090688	trials	210504TX	p23	Z11111	103	34.0	0.0	3230.71730899056	3230.944309005769
3231.007629020062	0.5270000152090688	trials	210504TX	p23	Z11111	1	0.0	0.0	3231.157629020062	3231.384629035271
3231.4379090488906	0.4969600131967127	trials	210504TX	p23	Z11111	0			3231.5879090488907	3231.784869062087
3235.0503492909265	0.5170000145394624	trials	210504TX	p23	Z11111	105	34.0	2.0	3235.2003492909266	3235.417349305466
3235.4706293190857	0.5270000152095236	trials	210504TX	p23	Z11111	96	31.0	2.0	3235.6206293190858	3235.847629334295
3235.910909348585	0.4970000131993402	trials	210504TX	p23	Z11111	34	11.0	0.0	3236.060909348585	3236.257909361784
3236.341189377414	0.4970000131988854	trials	210504TX	p23	Z11111	11	3.0	1.0	3236.4911893774142	3236.688189390613
3236.7514694049028	0.5070000138694013	trials	210504TX	p23	Z11111	120	39.0	2.0	3236.901469404903	3237.108469418772
3237.171749433062	0.4970000131993402	trials	210504TX	p23	Z11111	106	35.0	0.0	3237.321749433062	3237.518749446261
3237.582029460551	0.5170000145394624	trials	210504TX	p23	Z11111	7	2.0	0.0	3237.732029460551	3237.9490294750904
3241.1644697005772	0.5069600138667738	trials	210504TX	p23	Z11111	27	8.0	2.0	3241.3144697005773	3241.521429714444
3243.6961498702017	0.5070000138694013	trials	210504TX	p23	Z11111	4	1.0	0.0	3243.8461498702018	3244.053149884071
3244.1164298983604	0.4970000131993402	trials	210504TX	p23	Z11111	77	25.0	1.0	3244.2664298983605	3244.4634299115596
3244.546749927192	0.5370000158795847	trials	210504TX	p23	Z11111	88	29.0	0.0	3244.6967499271923	3244.9337499430717
3244.9870299566915	0.5270000152095236	trials	210504TX	p23	Z11111	107	35.0	1.0	3245.1370299566915	3245.364029971901
3245.4273099861907	0.5270000152090688	trials	210504TX	p23	Z11111	61	20.0	0.0	3245.577309986191	3245.8043100013997
3245.857630015022	0.5269600152068961	trials	210504TX	p23	Z11111	91	30.0	0.0	3246.007630015022	3246.234590030229
3246.2979100445214	0.5170000145394624	trials	210504TX	p23	Z11111	31	10.0	0.0	3246.4479100445214	3246.6649100590607
3249.9403502885675	0.5070000138694013	trials	210504TX	p23	Z11111	45	14.0	2.0	3250.0903502885676	3250.297350302437
3250.3606303167267	0.5270000152090688	trials	210504TX	p23	Z11111	32	10.0	1.0	3250.5106303167267	3250.7376303319356
3250.790950345558	0.4969600131967127	trials	210504TX	p23	Z11111	46	15.0	0.0	3250.940950345558	3251.1379103587547
3251.2011903730445	0.5070000138694013	trials	210504TX	p23	Z11111	59	19.0	1.0	3251.3511903730446	3251.558190386914
3251.6215104012063	0.4969600131967127	trials	210504TX	p23	Z11111	86	28.0	1.0	3251.7715104012063	3251.968470414403
3252.0317904286953	0.4969600131967127	trials	210504TX	p23	Z11111	108	35.0	2.0	3252.1817904286954	3252.378750441892
3252.4520704568545	0.5069600138667738	trials	210504TX	p23	Z11111	64	21.0	0.0	3252.6020704568546	3252.809030470721
3256.0945107009006	0.5069600138667738	trials	210504TX	p23	Z11111	68	22.0	1.0	3256.2445107009007	3256.4514707147673
3256.5147907290598	0.5170000145390077	trials	210504TX	p23	Z11111	65	21.0	1.0	3256.66479072906	3256.8817907435987
3256.9450707578885	0.4970000131997949	trials	210504TX	p23	Z11111	89	29.0	1.0	3257.0950707578886	3257.292070771088
3257.3753507867177	0.5370400158822122	trials	210504TX	p23	Z11111	41	13.0	1.0	3257.525350786718	3257.7623908026
3257.84567081823	0.5270000152090688	trials	210504TX	p23	Z11111	0			3257.99567081823	3258.2226708334388
3258.2859908477312	0.4969600131967127	trials	210504TX	p23	Z11111	35	11.0	1.0	3258.4359908477313	3258.632950860928
3258.6962708752203	0.5069600138667738	trials	210504TX	p23	Z11111	22	7.0	0.0	3258.8462708752204	3259.053230889087
3262.388751122619	0.5069600138667738	trials	210504TX	p23	Z11111	63	20.0	2.0	3262.538751122619	3262.7457111364856
3262.7990311501085	0.49696001319625793	trials	210504TX	p23	Z11111	42	13.0	2.0	3262.9490311501086	3263.1459911633046
3263.209311177597	0.5069600138667738	trials	210504TX	p23	Z11111	20	6.0	1.0	3263.359311177597	3263.566271191464
3263.6295912057562	0.5069600138667738	trials	210504TX	p23	Z11111	70	23.0	0.0	3263.7795912057563	3263.986551219623
3264.0698712352555	0.4969600131967127	trials	210504TX	p23	Z11111	87	28.0	2.0	3264.2198712352556	3264.416831248452
3264.5001512640843	0.5370000158795847	trials	210504TX	p23	Z11111	24	7.0	2.0	3264.6501512640843	3264.8871512799637
3264.940471293586	0.5270000152095236	trials	210504TX	p23	Z11111	83	27.0	1.0	3265.0904712935862	3265.3174713087956
3268.492831531597	0.5070000138694013	trials	210504TX	p23	Z11111	71	23.0	1.0	3268.642831531597	3268.8498315454663
3268.903111559086	0.5270000152090688	trials	210504TX	p23	Z11111	95	31.0	1.0	3269.053111559086	3269.280111574295
3269.343431588588	0.5170000145394624	trials	210504TX	p23	Z11111	26	8.0	1.0	3269.493431588588	3269.7104316031273
3269.7637116167466	0.4969600131967127	trials	210504TX	p23	Z11111	78	25.0	2.0	3269.9137116167467	3270.110671629943
3270.203991646246	0.4970000131993402	trials	210504TX	p23	Z11111	39	12.0	2.0	3270.353991646246	3270.550991659445
3270.614271673735	0.5270000152095236	trials	210504TX	p23	Z11111	101	33.0	1.0	3270.764271673735	3270.9912716889444
3271.044551702564	0.5270000152090688	trials	210504TX	p23	Z11111	94	31.0	0.0	3271.1945517025642	3271.421551717773
3274.687031946613	0.49696001319625793	trials	210504TX	p23	Z11111	10	3.0	0.0	3274.837031946613	3275.033991959809
3275.0872719734293	0.4970000131993402	trials	210504TX	p23	Z11111	52	17.0	0.0	3275.2372719734294	3275.4342719866286
3275.4975520009184	0.5270000152090688	trials	210504TX	p23	Z11111	93	30.0	2.0	3275.6475520009185	3275.8745520161274
3275.9278720297502	0.5270000152090688	trials	210504TX	p23	Z11111	85	28.0	0.0	3276.0778720297503	3276.304872044959
3276.368152059249	0.4969600131967127	trials	210504TX	p23	Z11111	6	1.0	2.0	3276.518152059249	3276.7151120724457
3276.778432086738	0.4969600131967127	trials	210504TX	p23	Z11111	17	5.0	1.0	3276.928432086738	3277.1253920999347
3277.2187121162374	0.5170000145390077	trials	210504TX	p23	Z11111	36	11.0	2.0	3277.3687121162375	3277.5857121307763
3280.771112354251	0.4970000131993402	trials	210504TX	p23	Z11111	80	26.0	1.0	3280.921112354251	3281.11811236745
3281.1813923817394	0.4969600131967127	trials	210504TX	p23	Z11111	111	36.0	2.0	3281.3313923817395	3281.528352394936
3281.591672409229	0.5070000138694013	trials	210504TX	p23	Z11111	8	2.0	1.0	3281.741672409229	3281.9486724230983
3282.0119524373877	0.4969600131967127	trials	210504TX	p23	Z11111	47	15.0	1.0	3282.1619524373878	3282.3589124505843
3282.4222324648767	0.5270000152095236	trials	210504TX	p23	Z11111	38	12.0	1.0	3282.572232464877	3282.799232480086
3282.852512493706	0.5270000152095236	trials	210504TX	p23	Z11111	98	32.0	1.0	3283.002512493706	3283.2295125089154
3283.2927925232048	0.5170000145394624	trials	210504TX	p23	Z11111	113	37.0	1.0	3283.442792523205	3283.659792537744
3286.925272766584	0.49696001319625793	trials	210504TX	p23	Z11111	50	16.0	1.0	3287.075272766584	3287.27223277978
3287.335552794073	0.4969600131967127	trials	210504TX	p23	Z11111	12	3.0	2.0	3287.485552794073	3287.6825128072696
3289.747152955652	0.4970000131993402	trials	210504TX	p23	Z11111	29	9.0	1.0	3289.897152955652	3290.094152968851
3290.1574329831406	0.5270000152095236	trials	210504TX	p23	Z11111	74	24.0	1.0	3290.3074329831406	3290.53443299835
3290.59771301264	0.5270000152095236	trials	210504TX	p23	Z11111	54	17.0	2.0	3290.74771301264	3290.9747130278492
3291.0280330414716	0.5270000152095236	trials	210504TX	p23	Z11111	99	32.0	2.0	3291.1780330414717	3291.405033056681
3291.4983530729833	0.4969600131967127	trials	210504TX	p23	Z11111	23	7.0	1.0	3291.6483530729834	3291.84531308618
3291.9286331018125	0.4969600131967127	trials	210504TX	p23	Z11111	117	38.0	2.0	3292.0786331018126	3292.275593115009
3292.3389131293015	0.5170000145394624	trials	210504TX	p23	Z11111	92	30.0	1.0	3292.4889131293016	3292.705913143841
3297.2421934578247	0.5070000138694013	trials	210504TX	p23	Z11111	53	17.0	1.0	3297.3921934578248	3297.599193471694
3297.652473485314	0.5170000145390077	trials	210504TX	p23	Z11111	62	20.0	1.0	3297.8024734853143	3298.019473499853
3298.082753514143	0.5070000138694013	trials	210504TX	p23	Z11111	72	23.0	2.0	3298.232753514143	3298.4397535280123
3298.523073543645	0.5270000152090688	trials	210504TX	p23	Z11111	3	0.0	2.0	3298.673073543645	3298.900073558854
3298.9533535724736	0.5270000152095236	trials	210504TX	p23	Z11111	103	34.0	0.0	3299.1033535724737	3299.330353587683
3299.393633601973	0.5270000152095236	trials	210504TX	p23	Z11111	49	16.0	0.0	3299.543633601973	3299.7706336171823
3299.8239536308047	0.5270000152090688	trials	210504TX	p23	Z11111	13	4.0	0.0	3299.9739536308048	3300.2009536460137
3303.426353872168	0.5070000138694013	trials	210504TX	p23	Z11111	99	32.0	2.0	3303.576353872168	3303.7833538860373
3303.846633900327	0.4970000131993402	trials	210504TX	p23	Z11111	34	11.0	0.0	3303.996633900327	3304.1936339135264
3304.2669139284862	0.4970000131993402	trials	210504TX	p23	Z11111	3	0.0	2.0	3304.4169139284863	3304.6139139416855
3304.6771939559753	0.4970000131993402	trials	210504TX	p23	Z11111	27	8.0	2.0	3304.8271939559754	3305.0241939691746
3305.1075139848067	0.4969600131967127	trials	210504TX	p23	Z11111	96	31.0	2.0	3305.257513984807	3305.4544739980033
3305.5177540122936	0.5170000145390077	trials	210504TX	p23	Z11111	71	23.0	1.0	3305.6677540122937	3305.8847540268325
3305.938074040455	0.4969600131967127	trials	210504TX	p23	Z11111	113	37.0	1.0	3306.088074040455	3306.2850340536515
3309.600514285841	0.5070000138694013	trials	210504TX	p23	Z11111	20	6.0	1.0	3309.7505142858413	3309.9575142997105
3310.0107943133303	0.5070000138694013	trials	210504TX	p23	Z11111	93	30.0	2.0	3310.1607943133304	3310.3677943271996
3310.4310743414894	0.4969600131967127	trials	210504TX	p23	Z11111	5	1.0	1.0	3310.5810743414895	3310.778034354686
3310.8413543689785	0.5070000138694013	trials	210504TX	p23	Z11111	73	24.0	0.0	3310.9913543689786	3311.198354382848
3311.2716343978077	0.5170000145390077	trials	210504TX	p23	Z11111	60	19.0	2.0	3311.421634397808	3311.6386344123466
3311.701954426639	0.5269600152068961	trials	210504TX	p23	Z11111	10	3.0	0.0	3311.851954426639	3312.078914441846
3312.1522344568084	0.4970000131993402	trials	210504TX	p23	Z11111	87	28.0	2.0	3312.3022344568085	3312.4992344700077
3315.7846747001845	0.5070000138694013	trials	210504TX	p23	Z11111	30	9.0	2.0	3315.9346747001846	3316.141674714054
3316.2049547283436	0.5170000145390077	trials	210504TX	p23	Z11111	79	26.0	0.0	3316.3549547283437	3316.5719547428826
3316.635274757175	0.4969600131967127	trials	210504TX	p23	Z11111	21	6.0	2.0	3316.785274757175	3316.9822347703716
3317.045514784662	0.5170000145390077	trials	210504TX	p23	Z11111	114	37.0	2.0	3317.195514784662	3317.412514799201
3317.5058348155035	0.4970000131993402	trials	210504TX	p23	Z11111	45	14.0	2.0	3317.6558348155036	3317.8528348287027
3317.9161148429926	0.5070000138694013	trials	210504TX	p23	Z11111	29	9.0	1.0	3318.0661148429926	3318.273114856862
3318.3463948718213	0.4970000131993402	trials	210504TX	p23	Z11111	84	27.0	2.0	3318.4963948718214	3318.6933948850206
3321.738675099107	0.5070000138694013	trials	210504TX	p23	Z11111	76	25.0	0.0	3321.888675099107	3322.095675112976
3322.158955127266	0.5270000152090688	trials	210504TX	p23	Z11111	72	23.0	2.0	3322.308955127266	3322.535955142475
3322.5892751560973	0.5270000152095236	trials	210504TX	p23	Z11111	109	36.0	0.0	3322.7392751560974	3322.9662751713067
3323.0295551855966	0.4970000131993402	trials	210504TX	p23	Z11111	47	15.0	1.0	3323.1795551855967	3323.376555198796
3323.4498352137557	0.5070000138694013	trials	210504TX	p23	Z11111	59	19.0	1.0	3323.599835213756	3323.806835227625
3323.870115241915	0.5070000138694013	trials	210504TX	p23	Z11111	108	35.0	2.0	3324.020115241915	3324.227115255784
3324.290395270074	0.5070000138694013	trials	210504TX	p23	Z11111	81	26.0	2.0	3324.440395270074	3324.6473952839433
3327.9428755147924	0.5069600138667738	trials	210504TX	p23	Z11111	0			3328.0928755147925	3328.299835528659
3328.3631555429515	0.5270000152095236	trials	210504TX	p23	Z11111	1	0.0	0.0	3328.5131555429516	3328.740155558161
3328.7934355717807	0.5270000152095236	trials	210504TX	p23	Z11111	17	5.0	1.0	3328.943435571781	3329.17043558699
3329.22371560061	0.5270000152090688	trials	210504TX	p23	Z11111	22	7.0	0.0	3329.37371560061	3329.600715615819
3329.664035630112	0.49696001319625793	trials	210504TX	p23	Z11111	67	22.0	0.0	3329.814035630112	3330.010995643308
3330.0943156589406	0.4969600131967127	trials	210504TX	p23	Z11111	48	15.0	2.0	3330.2443156589406	3330.441275672137
3330.5045956864296	0.5270000152095236	trials	210504TX	p23	Z11111	91	30.0	0.0	3330.6545956864297	3330.881595701639
3334.157035931146	0.5370400158817574	trials	210504TX	p23	Z11111	65	21.0	1.0	3334.307035931146	3334.5440759470275
3334.5973559606477	0.5270000152090688	trials	210504TX	p23	Z11111	105	34.0	2.0	3334.747355960648	3334.9743559758567
3335.0376359901466	0.4970000131993402	trials	210504TX	p23	Z11111	41	13.0	1.0	3335.1876359901466	3335.384636003346
3335.4679160189758	0.5270000152095236	trials	210504TX	p23	Z11111	111	36.0	2.0	3335.617916018976	3335.844916034185
3335.8982360478076	0.5069600138663191	trials	210504TX	p23	Z11111	95	31.0	1.0	3336.0482360478077	3336.255196061674
3336.3185160759663	0.4969600131967127	trials	210504TX	p23	Z11111	106	35.0	0.0	3336.4685160759664	3336.665476089163
3336.728796103456	0.5169600145363802	trials	210504TX	p23	Z11111	4	1.0	0.0	3336.878796103456	3337.095756117992
3340.321196344149	0.5270000152090688	trials	210504TX	p23	Z11111	43	14.0	0.0	3340.471196344149	3340.698196359358
3340.7514763729782	0.5070000138694013	trials	210504TX	p23	Z11111	75	24.0	2.0	3340.9014763729783	3341.1084763868475
3341.1817964018096	0.4969600131967127	trials	210504TX	p23	Z11111	70	23.0	0.0	3341.3317964018097	3341.5287564150062
3341.592076429299	0.5169600145363802	trials	210504TX	p23	Z11111	28	9.0	0.0	3341.7420764292992	3341.9590364438354
3342.022356458128	0.4969600131967127	trials	210504TX	p23	Z11111	98	32.0	1.0	3342.172356458128	3342.3693164713245
3342.432636485617	0.5069600138667738	trials	210504TX	p23	Z11111	64	21.0	0.0	3342.582636485617	3342.7895964994837
3342.852916513776	0.5069600138663191	trials	210504TX	p23	Z11111	37	12.0	0.0	3343.002916513776	3343.2098765276423
3346.515356759162	0.4970000131997949	trials	210504TX	p23	Z11111	102	33.0	2.0	3346.665356759162	3346.8623567723616
3346.9256367866515	0.4970000131988854	trials	210504TX	p23	Z11111	69	22.0	2.0	3347.0756367866516	3347.2726367998503
3347.34591681481	0.5070000138694013	trials	210504TX	p23	Z11111	39	12.0	2.0	3347.4959168148102	3347.7029168286795
3347.7661968429693	0.4970000131993402	trials	210504TX	p23	Z11111	119	39.0	1.0	3347.9161968429694	3348.1131968561685
3348.1864768711284	0.4970000131993402	trials	210504TX	p23	Z11111	6	1.0	2.0	3348.3364768711285	3348.5334768843277
3348.5967568986175	0.5170000145394624	trials	210504TX	p23	Z11111	58	19.0	0.0	3348.7467568986176	3348.963756913157
3349.0270769274493	0.4969600131967127	trials	210504TX	p23	Z11111	42	13.0	2.0	3349.1770769274494	3349.374036940646
3352.6294771688126	0.5070000138694013	trials	210504TX	p23	Z11111	101	33.0	1.0	3352.7794771688127	3352.986477182682
3353.0497571969718	0.4970000131993402	trials	210504TX	p23	Z11111	92	30.0	1.0	3353.199757196972	3353.396757210171
3353.460037224461	0.4970000131993402	trials	210504TX	p23	Z11111	19	6.0	0.0	3353.610037224461	3353.80703723766
3353.87031725195	0.5170000145394624	trials	210504TX	p23	Z11111	85	28.0	0.0	3354.02031725195	3354.2373172664893
3354.3005972807787	0.4970000131993402	trials	210504TX	p23	Z11111	53	17.0	1.0	3354.4505972807788	3354.647597293978
3354.700877307598	0.5170000145390077	trials	210504TX	p23	Z11111	66	21.0	2.0	3354.8508773075982	3355.067877322137
3355.131157336427	0.4970000131993402	trials	210504TX	p23	Z11111	115	38.0	0.0	3355.281157336427	3355.478157349626
3358.753597579133	0.4970000131997949	trials	210504TX	p23	Z11111	100	33.0	0.0	3358.903597579133	3359.1005975923326
3359.163877606622	0.4970000131993402	trials	210504TX	p23	Z11111	80	26.0	1.0	3359.313877606622	3359.5108776198213
3359.574157634111	0.5170000145394624	trials	210504TX	p23	Z11111	33	10.0	2.0	3359.724157634111	3359.9411576486505
3359.9944376622702	0.4970000131993402	trials	210504TX	p23	Z11111	0			3360.1444376622703	3360.3414376754695
3360.4047176897593	0.4969600131967127	trials	210504TX	p23	Z11111	54	17.0	2.0	3360.5547176897594	3360.751677702956
3360.8249977179184	0.5070000138694013	trials	210504TX	p23	Z11111	25	8.0	0.0	3360.9749977179185	3361.1819977317878
3361.2452777460776	0.5170000145394624	trials	210504TX	p23	Z11111	61	20.0	0.0	3361.3952777460777	3361.612277760617
3364.767677982081	0.5069600138667738	trials	210504TX	p23	Z11111	0			3364.917677982081	3365.1246379959475
3365.1879180102374	0.4970000131988854	trials	210504TX	p23	Z11111	68	22.0	1.0	3365.3379180102374	3365.534918023436
3365.5881980370564	0.5170000145390077	trials	210504TX	p23	Z11111	94	31.0	0.0	3365.7381980370565	3365.9551980515953
3366.0185180658877	0.4969600131967127	trials	210504TX	p23	Z11111	12	3.0	2.0	3366.168518065888	3366.3654780790844
3366.428758093374	0.4970000131993402	trials	210504TX	p23	Z11111	36	11.0	2.0	3366.5787580933743	3366.7757581065734
3366.8290381201937	0.5170000145390077	trials	210504TX	p23	Z11111	38	12.0	1.0	3366.9790381201938	3367.1960381347326
3367.2493181483524	0.5070000138694013	trials	210504TX	p23	Z11111	90	29.0	2.0	3367.3993181483524	3367.6063181622217
3370.811718387036	0.5370000158791299	trials	210504TX	p23	Z11111	88	29.0	0.0	3370.961718387036	3371.198718402915
3371.2620384172073	0.4969600131971674	trials	210504TX	p23	Z11111	78	25.0	2.0	3371.4120384172074	3371.6089984304044
3371.6823184453665	0.5069600138667738	trials	210504TX	p23	Z11111	16	5.0	0.0	3371.8323184453666	3372.039278459233
3372.0925984728556	0.4969600131967127	trials	210504TX	p23	Z11111	26	8.0	1.0	3372.2425984728557	3372.439558486052
3372.5228785016848	0.4969600131967127	trials	210504TX	p23	Z11111	50	16.0	1.0	3372.672878501685	3372.8698385148814
3372.933158529174	0.4969600131967127	trials	210504TX	p23	Z11111	83	27.0	1.0	3373.083158529174	3373.2801185423705
3373.333438555993	0.5169600145368349	trials	210504TX	p23	Z11111	86	28.0	1.0	3373.483438555993	3373.7003985705296
3377.005878802049	0.4970000131988854	trials	210504TX	p23	Z11111	104	34.0	1.0	3377.1558788020493	3377.352878815248
3377.4161588295383	0.5270000152090688	trials	210504TX	p23	Z11111	52	17.0	0.0	3377.5661588295384	3377.7931588447473
3377.8464788583697	0.5269600152068961	trials	210504TX	p23	Z11111	55	18.0	0.0	3377.9964788583698	3378.2234388735765
3378.286758887869	0.5170000145394624	trials	210504TX	p23	Z11111	56	18.0	1.0	3378.436758887869	3378.6537589024083
3378.707038916028	0.5070000138694013	trials	210504TX	p23	Z11111	62	20.0	1.0	3378.857038916028	3379.0640389298974
3379.1273189441868	0.5070000138694013	trials	210504TX	p23	Z11111	118	39.0	0.0	3379.277318944187	3379.484318958056
3379.547598972346	0.4970000131997949	trials	210504TX	p23	Z11111	23	7.0	1.0	3379.697598972346	3379.8945989855456
3383.2000792170647	0.5069600138667738	trials	210504TX	p23	Z11111	35	11.0	1.0	3383.350079217065	3383.5570392309314
3383.610359244554	0.4969600131967127	trials	210504TX	p23	Z11111	117	38.0	2.0	3383.760359244554	3383.9573192577504
3384.0205992720403	0.5170000145394624	trials	210504TX	p23	Z11111	57	18.0	2.0	3384.1705992720404	3384.3875992865796
3384.450919300872	0.4969600131967127	trials	210504TX	p23	Z11111	32	10.0	1.0	3384.600919300872	3384.7978793140687
3384.861199328361	0.4969600131967127	trials	210504TX	p23	Z11111	8	2.0	1.0	3385.0111993283613	3385.208159341558
3385.2814793565203	0.4969600131967127	trials	210504TX	p23	Z11111	82	27.0	0.0	3385.4314793565204	3385.628439369717
3385.6917593840094	0.49696001319625793	trials	210504TX	p23	Z11111	51	16.0	2.0	3385.8417593840095	3386.0387193972056
3389.324199627385	0.5069600138667738	trials	210504TX	p23	Z11111	7	2.0	0.0	3389.474199627385	3389.6811596412517
3389.744479655544	0.4969600131967127	trials	210504TX	p23	Z11111	107	35.0	1.0	3389.8944796555443	3390.091439668741
3390.1647596837033	0.4969600131967127	trials	210504TX	p23	Z11111	9	2.0	2.0	3390.3147596837034	3390.5117196969
3390.5750397111924	0.4969600131967127	trials	210504TX	p23	Z11111	18	5.0	2.0	3390.7250397111925	3390.921999724389
3390.9853197386815	0.5069600138667738	trials	210504TX	p23	Z11111	40	13.0	0.0	3391.1353197386816	3391.342279752548
3391.4055997668406	0.4969600131967127	trials	210504TX	p23	Z11111	110	36.0	1.0	3391.5555997668407	3391.7525597800372
3391.8158797943297	0.4969600131967127	trials	210504TX	p23	Z11111	116	38.0	1.0	3391.96587979433	3392.1628398075263
3395.438280037033	0.5070000138694013	trials	210504TX	p23	Z11111	89	29.0	1.0	3395.588280037033	3395.7952800509024
3395.848560064522	0.5170000145394624	trials	210504TX	p23	Z11111	15	4.0	2.0	3395.9985600645223	3396.2155600790616
3396.268880092684	0.4969600131967127	trials	210504TX	p23	Z11111	74	24.0	1.0	3396.418880092684	3396.6158401058806
3396.6791201201704	0.4970000131993402	trials	210504TX	p23	Z11111	46	15.0	0.0	3396.8291201201705	3397.0261201333697
3397.1094401490022	0.49696001319625793	trials	210504TX	p23	Z11111	97	32.0	0.0	3397.2594401490023	3397.4564001621984
3397.5197201764913	0.4969600131967127	trials	210504TX	p23	Z11111	2	0.0	1.0	3397.6697201764914	3397.866680189688
3397.94000020465	0.5069600138667738	trials	210504TX	p23	Z11111	11	3.0	1.0	3398.09000020465	3398.2969602185167
3401.5524404466864	0.5169600145363802	trials	210504TX	p23	Z11111	120	39.0	2.0	3401.7024404466865	3401.9194004612227
3401.982720475515	0.5069600138667738	trials	210504TX	p23	Z11111	112	37.0	0.0	3402.1327204755153	3402.339680489382
3402.4030005036743	0.5270000152095236	trials	210504TX	p23	Z11111	63	20.0	2.0	3402.5530005036744	3402.7800005188838
3402.8332805325035	0.5170000145394624	trials	210504TX	p23	Z11111	77	25.0	1.0	3402.9832805325036	3403.200280547043
3403.2635605613327	0.4970000131993402	trials	210504TX	p23	Z11111	24	7.0	2.0	3403.413560561333	3403.610560574532
3403.703880590834	0.4969600131967127	trials	210504TX	p23	Z11111	14	4.0	1.0	3403.8538805908343	3404.050840604031
3404.1141606183232	0.5069600138667738	trials	210504TX	p23	Z11111	44	14.0	1.0	3404.2641606183233	3404.47112063219
3407.7766008637095	0.5070000138694013	trials	210504TX	p23	Z11111	31	10.0	0.0	3407.9266008637096	3408.133600877579
3408.1868808911986	0.5270000152090688	trials	210504TX	p23	Z11111	0			3408.3368808911987	3408.5638809064076
3410.938721075574	0.5070000138689466	trials	210504TX	p23	Z11111	93	30.0	2.0	3411.088721075574	3411.295721089443
3411.3590011037327	0.4970000131993402	trials	210504TX	p23	Z11111	32	10.0	1.0	3411.5090011037328	3411.706001116932
3411.769281131222	0.4970000131988854	trials	210504TX	p23	Z11111	4	1.0	0.0	3411.9192811312223	3412.116281144421
3412.189561159381	0.5070000138694013	trials	210504TX	p23	Z11111	103	34.0	0.0	3412.339561159381	3412.54656117325
3412.59984118687	0.5170000145394624	trials	210504TX	p23	Z11111	104	34.0	1.0	3412.74984118687	3412.9668412014094
3413.030161215702	0.4969600131967127	trials	210504TX	p23	Z11111	42	13.0	2.0	3413.180161215702	3413.3771212288984
3413.440441243191	0.4969600131967127	trials	210504TX	p23	Z11111	48	15.0	2.0	3413.590441243191	3413.7874012563875
3417.2029614952826	0.5069600138663191	trials	210504TX	p23	Z11111	47	15.0	1.0	3417.3529614952827	3417.559921509149
3417.6232415234413	0.4969600131971674	trials	210504TX	p23	Z11111	81	26.0	2.0	3417.7732415234414	3417.9702015366383
3418.0234815502577	0.5170000145394624	trials	210504TX	p23	Z11111	117	38.0	2.0	3418.1734815502577	3418.390481564797
3418.4538015790895	0.4969600131967127	trials	210504TX	p23	Z11111	6	1.0	2.0	3418.6038015790896	3418.800761592286
3418.8640816065786	0.5169600145368349	trials	210504TX	p23	Z11111	85	28.0	0.0	3419.0140816065787	3419.2310416211153
3419.2843616347377	0.5069600138667738	trials	210504TX	p23	Z11111	51	16.0	2.0	3419.434361634738	3419.6413216486044
3419.724641664237	0.4970000131988854	trials	210504TX	p23	Z11111	25	8.0	0.0	3419.874641664237	3420.0716416774358
3423.3771219089554	0.5069600138667738	trials	210504TX	p23	Z11111	91	30.0	0.0	3423.5271219089555	3423.734081922822
3425.658642061819	0.5070000138694013	trials	210504TX	p23	Z11111	37	12.0	0.0	3425.8086420618192	3426.0156420756884
3426.0789220899783	0.4970000131988854	trials	210504TX	p23	Z11111	53	17.0	1.0	3426.2289220899784	3426.425922103177
3426.4892021174674	0.5170000145394624	trials	210504TX	p23	Z11111	92	30.0	1.0	3426.6392021174674	3426.8562021320067
3426.919482146296	0.5270000152095236	trials	210504TX	p23	Z11111	40	13.0	0.0	3427.069482146296	3427.2964821615055
3427.349802175128	0.5269600152068961	trials	210504TX	p23	Z11111	106	35.0	0.0	3427.499802175128	3427.7267621903347
3427.790082204627	0.4969600131967127	trials	210504TX	p23	Z11111	72	23.0	2.0	3427.9400822046273	3428.137042217824
3428.220362233456	0.4970000131997949	trials	210504TX	p23	Z11111	101	33.0	1.0	3428.370362233456	3428.5673622466556
3431.842802476162	0.5070000138694013	trials	210504TX	p23	Z11111	68	22.0	1.0	3431.992802476162	3432.1998024900313
3432.2530825036515	0.5270000152090688	trials	210504TX	p23	Z11111	41	13.0	1.0	3432.4030825036516	3432.6300825188605
3432.6933625331503	0.5170000145394624	trials	210504TX	p23	Z11111	78	25.0	2.0	3432.8433625331504	3433.0603625476897
3433.113682561312	0.4969600131967127	trials	210504TX	p23	Z11111	112	37.0	0.0	3433.263682561312	3433.4606425745087
3433.5239225887985	0.4970000131993402	trials	210504TX	p23	Z11111	16	5.0	0.0	3433.6739225887986	3433.870922601998
3433.9342026162876	0.5070000138694013	trials	210504TX	p23	Z11111	82	27.0	0.0	3434.0842026162877	3434.291202630157
3434.3544826444468	0.4970000131993402	trials	210504TX	p23	Z11111	22	7.0	0.0	3434.504482644447	3434.701482657646
3438.0369628911753	0.5170000145394624	trials	210504TX	p23	Z11111	97	32.0	0.0	3438.1869628911754	3438.4039629057147
3438.4572429193345	0.4970000131993402	trials	210504TX	p23	Z11111	7	2.0	0.0	3438.6072429193346	3438.8042429325337
3438.8675229468236	0.5070000138694013	trials	210504TX	p23	Z11111	50	16.0	1.0	3439.0175229468236	3439.224522960693
3439.2878029749827	0.4970000131993402	trials	210504TX	p23	Z11111	35	11.0	1.0	3439.437802974983	3439.634802988182
3439.698083002472	0.4970000131993402	trials	210504TX	p23	Z11111	69	22.0	2.0	3439.848083002472	3440.045083015671
3440.118363030631	0.5070000138694013	trials	210504TX	p23	Z11111	96	31.0	2.0	3440.268363030631	3440.4753630445
3440.52864305812	0.5070000138689466	trials	210504TX	p23	Z11111	0			3440.67864305812	3440.885643071989
3444.0310032927805	0.4970000131993402	trials	210504TX	p23	Z11111	31	10.0	0.0	3444.1810032927806	3444.3780033059797
3444.481323322952	0.4969600131971674	trials	210504TX	p23	Z11111	71	23.0	1.0	3444.631323322952	3444.828283336149
3444.911603351781	0.4969600131967127	trials	210504TX	p23	Z11111	66	21.0	2.0	3445.0616033517813	3445.258563364978
3445.3218833792703	0.5170000145394624	trials	210504TX	p23	Z11111	61	20.0	0.0	3445.4718833792704	3445.6888833938096
3445.7521634080995	0.5270000152090688	trials	210504TX	p23	Z11111	79	26.0	0.0	3445.9021634080996	3446.1291634233085
3446.1824434369287	0.5070000138694013	trials	210504TX	p23	Z11111	115	38.0	0.0	3446.3324434369288	3446.539443450798
3446.5927234644173	0.5170000145394624	trials	210504TX	p23	Z11111	107	35.0	1.0	3446.7427234644174	3446.9597234789567
3450.485363725227	0.4969600131967127	trials	210504TX	p23	Z11111	13	4.0	0.0	3450.6353637252273	3450.832323738424
3450.8956437527163	0.4969600131967127	trials	210504TX	p23	Z11111	110	36.0	1.0	3451.0456437527164	3451.242603765913
3451.3059237802054	0.4969600131967127	trials	210504TX	p23	Z11111	64	21.0	0.0	3451.4559237802055	3451.652883793402
3451.7262038083645	0.5069600138663191	trials	210504TX	p23	Z11111	23	7.0	1.0	3451.8762038083646	3452.0831638222307
3452.1464838365237	0.5069600138663191	trials	210504TX	p23	Z11111	73	24.0	0.0	3452.2964838365237	3452.50344385039
3452.5667638646823	0.4969600131967127	trials	210504TX	p23	Z11111	65	21.0	1.0	3452.7167638646824	3452.913723877879
3452.977043892172	0.5170000145390077	trials	210504TX	p23	Z11111	83	27.0	1.0	3453.127043892172	3453.344043906711
3456.5894441342048	0.5070000138694013	trials	210504TX	p23	Z11111	86	28.0	1.0	3456.739444134205	3456.946444148074
3457.009724162364	0.4970000131993402	trials	210504TX	p23	Z11111	0			3457.159724162364	3457.356724175563
3457.410004189183	0.5170000145394624	trials	210504TX	p23	Z11111	84	27.0	2.0	3457.560004189183	3457.7770042037223
3457.8403242180148	0.4969600131967127	trials	210504TX	p23	Z11111	28	9.0	0.0	3457.990324218015	3458.1872842312114
3458.250564245501	0.4970000131993402	trials	210504TX	p23	Z11111	44	14.0	1.0	3458.4005642455013	3458.5975642587005
3458.670884273663	0.4969600131967127	trials	210504TX	p23	Z11111	57	18.0	2.0	3458.820884273663	3459.0178442868596
3459.0811243011494	0.5170000145394624	trials	210504TX	p23	Z11111	60	19.0	2.0	3459.2311243011495	3459.448124315689
3462.6635645411757	0.5169600145363802	trials	210504TX	p23	Z11111	80	26.0	1.0	3462.8135645411758	3463.030524555712
3463.0938445700044	0.5270000152095236	trials	210504TX	p23	Z11111	46	15.0	0.0	3463.2438445700045	3463.470844585214
3463.5241245988336	0.5270000152090688	trials	210504TX	p23	Z11111	33	10.0	2.0	3463.6741245988337	3463.9011246140426
3463.9644446283355	0.4969600131967127	trials	210504TX	p23	Z11111	49	16.0	0.0	3464.1144446283356	3464.311404641532
3464.3947246571647	0.5170000145390077	trials	210504TX	p23	Z11111	27	8.0	2.0	3464.544724657165	3464.7617246717036
3464.8350046866635	0.5270000152090688	trials	210504TX	p23	Z11111	89	29.0	1.0	3464.9850046866636	3465.2120047018725
3465.2753247161654	0.5069600138663191	trials	210504TX	p23	Z11111	18	5.0	2.0	3465.4253247161655	3465.6322847300316
3468.9077649595415	0.5370000158791299	trials	210504TX	p23	Z11111	95	31.0	1.0	3469.0577649595416	3469.2947649754205
3469.3480449890403	0.5270000152095236	trials	210504TX	p23	Z11111	43	14.0	0.0	3469.4980449890404	3469.7250450042498
3469.788365018542	0.5270000152095236	trials	210504TX	p23	Z11111	105	34.0	2.0	3469.9383650185423	3470.1653650337516
3470.2186450473714	0.49696001319625793	trials	210504TX	p23	Z11111	87	28.0	2.0	3470.3686450473715	3470.5656050605676
3470.6489250762	0.4970000131997949	trials	210504TX	p23	Z11111	0			3470.7989250762002	3470.9959250894
3471.0592051036892	0.5170000145394624	trials	210504TX	p23	Z11111	120	39.0	2.0	3471.2092051036893	3471.4262051182286
3471.4894851325184	0.5270000152095236	trials	210504TX	p23	Z11111	39	12.0	2.0	3471.6394851325185	3471.866485147728
3475.2220053826	0.5070000138694013	trials	210504TX	p23	Z11111	118	39.0	0.0	3475.3720053826	3475.5790053964693
3475.642285410759	0.5570400172218797	trials	210504TX	p23	Z11111	77	25.0	1.0	3475.792285410759	3476.049325427981
3476.142605444281	0.4970000131993402	trials	210504TX	p23	Z11111	34	11.0	0.0	3476.292605444281	3476.48960545748
3476.5729254731127	0.5270000152090688	trials	210504TX	p23	Z11111	8	2.0	1.0	3476.722925473113	3476.9499254883217
3477.013205502612	0.5270000152090688	trials	210504TX	p23	Z11111	62	20.0	1.0	3477.163205502612	3477.390205517821
3477.4435255314434	0.4969600131967127	trials	210504TX	p23	Z11111	90	29.0	2.0	3477.5935255314434	3477.79048554464
3477.8738055602726	0.5270000152090688	trials	210504TX	p23	Z11111	38	12.0	1.0	3478.0238055602726	3478.2508055754815
3481.5962858096814	0.5070000138694013	trials	210504TX	p23	Z11111	113	37.0	1.0	3481.7462858096815	3481.9532858235507
3482.0065658371705	0.5170000145394624	trials	210504TX	p23	Z11111	59	19.0	1.0	3482.1565658371705	3482.37356585171
3482.4268458653296	0.4970000131993402	trials	210504TX	p23	Z11111	74	24.0	1.0	3482.5768458653297	3482.773845878529
3482.857125894159	0.4970000131988854	trials	210504TX	p23	Z11111	94	31.0	0.0	3483.007125894159	3483.2041259073576
3483.2674059216474	0.5170000145394624	trials	210504TX	p23	Z11111	70	23.0	0.0	3483.4174059216475	3483.634405936187
3483.687725949809	0.4969600131967127	trials	210504TX	p23	Z11111	5	1.0	1.0	3483.8377259498093	3484.034685963006
3484.0979659772956	0.5070000138694013	trials	210504TX	p23	Z11111	67	22.0	0.0	3484.2479659772957	3484.454965991165
3487.7304062206717	0.5070000138694013	trials	210504TX	p23	Z11111	15	4.0	2.0	3487.880406220672	3488.087406234541
3488.1507262488335	0.5270000152095236	trials	210504TX	p23	Z11111	100	33.0	0.0	3488.3007262488336	3488.527726264043
3488.5810062776627	0.4969600131967127	trials	210504TX	p23	Z11111	111	36.0	2.0	3488.731006277663	3488.9279662908593
3488.991286305152	0.5069600138667738	trials	210504TX	p23	Z11111	76	25.0	0.0	3489.141286305152	3489.3482463190185
3489.411566333311	0.5370000158791299	trials	210504TX	p23	Z11111	45	14.0	2.0	3489.561566333311	3489.79856634919
3489.86184636348	0.4970000131993402	trials	210504TX	p23	Z11111	12	3.0	2.0	3490.01184636348	3490.208846376679
3490.272126390969	0.4970000131993402	trials	210504TX	p23	Z11111	3	0.0	2.0	3490.422126390969	3490.619126404168
3493.854566630995	0.5069600138667738	trials	210504TX	p23	Z11111	30	9.0	2.0	3494.004566630995	3494.211526644862
3494.304846661164	0.5270000152095236	trials	210504TX	p23	Z11111	1	0.0	0.0	3494.454846661164	3494.6818466763734
3494.735126689993	0.5270000152090688	trials	210504TX	p23	Z11111	29	9.0	1.0	3494.8851266899933	3495.112126705202
3495.185446720165	0.49696001319625793	trials	210504TX	p23	Z11111	36	11.0	2.0	3495.3354467201652	3495.5324067333613
3495.5957267476538	0.5170000145394624	trials	210504TX	p23	Z11111	24	7.0	2.0	3495.745726747654	3495.962726762193
3496.026006776483	0.4970000131993402	trials	210504TX	p23	Z11111	52	17.0	0.0	3496.176006776483	3496.373006789682
3496.456286805312	0.5270000152095236	trials	210504TX	p23	Z11111	63	20.0	2.0	3496.6062868053123	3496.8332868205216
3500.0887270486883	0.5470400165518186	trials	210504TX	p23	Z11111	108	35.0	2.0	3500.2387270486884	3500.48576706524
3500.53904707886	0.5270000152090688	trials	210504TX	p23	Z11111	21	6.0	2.0	3500.6890470788603	3500.916047094069
3500.979327108359	0.5070000138694013	trials	210504TX	p23	Z11111	55	18.0	0.0	3501.129327108359	3501.3363271222283
3501.399607136518	0.4970000131993402	trials	210504TX	p23	Z11111	75	24.0	2.0	3501.5496071365183	3501.7466071497174
3501.82992716535	0.49696001319625793	trials	210504TX	p23	Z11111	58	19.0	0.0	3501.97992716535	3502.176887178546
3502.2602071941787	0.4969600131967127	trials	210504TX	p23	Z11111	54	17.0	2.0	3502.410207194179	3502.6071672073754
3502.6704872216683	0.5170000145390077	trials	210504TX	p23	Z11111	10	3.0	0.0	3502.8204872216684	3503.037487236207
3506.352967468397	0.4969600131967127	trials	210504TX	p23	Z11111	19	6.0	0.0	3506.502967468397	3506.6999274815935
3506.763247495886	0.5270000152095236	trials	210504TX	p23	Z11111	56	18.0	1.0	3506.913247495886	3507.1402475110954
3507.1935275247147	0.5270000152095236	trials	210504TX	p23	Z11111	20	6.0	1.0	3507.343527524715	3507.570527539924
3507.633807554214	0.5270000152095236	trials	210504TX	p23	Z11111	102	33.0	2.0	3507.783807554214	3508.0108075694234
3508.064127583046	0.4969600131967127	trials	210504TX	p23	Z11111	2	0.0	1.0	3508.214127583046	3508.4110875962424
3508.474367610532	0.4970000131993402	trials	210504TX	p23	Z11111	11	3.0	1.0	3508.6243676105323	3508.8213676237315
3508.894687638694	0.4969600131967127	trials	210504TX	p23	Z11111	17	5.0	1.0	3509.044687638694	3509.2416476518906
3512.316967867989	0.5070000138694013	trials	210504TX	p23	Z11111	26	8.0	1.0	3512.4669678679893	3512.6739678818585
3512.747247896818	0.4970000131993402	trials	210504TX	p23	Z11111	116	38.0	1.0	3512.897247896818	3513.094247910017
3513.1575279243075	0.5070000138689466	trials	210504TX	p23	Z11111	14	4.0	1.0	3513.3075279243076	3513.5145279381763
3513.587847953139	0.5270000152095236	trials	210504TX	p23	Z11111	119	39.0	1.0	3513.737847953139	3513.9648479683483
3514.018127981968	0.4969600131967127	trials	210504TX	p23	Z11111	0			3514.168127981968	3514.3650879951647
3514.428408009457	0.5069600138667738	trials	210504TX	p23	Z11111	88	29.0	0.0	3514.5784080094572	3514.785368023324
3514.8486880376163	0.49696001319625793	trials	210504TX	p23	Z11111	99	32.0	2.0	3514.9986880376164	3515.1956480508125
3518.371048273617	0.5070000138694013	trials	210504TX	p23	Z11111	98	32.0	1.0	3518.521048273617	3518.728048287486
3518.7913283017756	0.5270000152095236	trials	210504TX	p23	Z11111	9	2.0	2.0	3518.9413283017757	3519.168328316985
3519.2216083306052	0.5270000152090688	trials	210504TX	p23	Z11111	109	36.0	0.0	3519.3716083306053	3519.5986083458142
3519.6519283594366	0.5069600138667738	trials	210504TX	p23	Z11111	114	37.0	2.0	3519.8019283594367	3520.0088883733033
3520.0722083875958	0.4969600131967127	trials	210504TX	p23	Z11111	5	1.0	1.0	3520.222208387596	3520.4191684007924
3520.482488415085	0.5169600145368349	trials	210504TX	p23	Z11111	39	12.0	2.0	3520.632488415085	3520.8494484296216
3520.912768443914	0.49696001319625793	trials	210504TX	p23	Z11111	91	30.0	0.0	3521.062768443914	3521.25972845711
3524.475168682597	0.5370000158795847	trials	210504TX	p23	Z11111	101	33.0	1.0	3524.625168682597	3524.8621686984766
3524.9254487127664	0.5270000152090688	trials	210504TX	p23	Z11111	84	27.0	2.0	3525.0754487127665	3525.3024487279754
3525.375768742938	0.4969600131967127	trials	210504TX	p23	Z11111	66	21.0	2.0	3525.525768742938	3525.7227287561345
3525.786048770427	0.5069600138667738	trials	210504TX	p23	Z11111	16	5.0	0.0	3525.936048770427	3526.1430087842937
3526.216328799256	0.5270000152095236	trials	210504TX	p23	Z11111	112	37.0	0.0	3526.3663287992563	3526.5933288144656
3526.6466088280854	0.5270000152095236	trials	210504TX	p23	Z11111	27	8.0	2.0	3526.7966088280855	3527.023608843295
3527.0869288575873	0.49696001319625793	trials	210504TX	p23	Z11111	61	20.0	0.0	3527.2369288575874	3527.4338888707834
3530.919489114371	0.5070000138694013	trials	210504TX	p23	Z11111	46	15.0	0.0	3531.069489114371	3531.2764891282404
3531.3297691418607	0.5270000152090688	trials	210504TX	p23	Z11111	96	31.0	2.0	3531.4797691418607	3531.7067691570696
3531.7700491713595	0.4970000131993402	trials	210504TX	p23	Z11111	38	12.0	1.0	3531.9200491713596	3532.1170491845587
3532.2003692001913	0.4969600131967127	trials	210504TX	p23	Z11111	74	24.0	1.0	3532.3503692001914	3532.547329213388
3535.092289393952	0.5070000138694013	trials	210504TX	p23	Z11111	0			3535.242289393952	3535.449289407821
3535.512569422111	0.5170000145394624	trials	210504TX	p23	Z11111	100	33.0	0.0	3535.662569422111	3535.8795694366504
3535.942889450943	0.4969600131967127	trials	210504TX	p23	Z11111	90	29.0	2.0	3536.092889450943	3536.2898494641395
3536.353169478432	0.5169600145363802	trials	210504TX	p23	Z11111	11	3.0	1.0	3536.503169478432	3536.720129492968
3536.7834495072607	0.4969600131967127	trials	210504TX	p23	Z11111	88	29.0	0.0	3536.933449507261	3537.1304095204573
3537.18372953408	0.5169600145363802	trials	210504TX	p23	Z11111	28	9.0	0.0	3537.3337295340802	3537.5506895486164
3537.614009562909	0.4969600131967127	trials	210504TX	p23	Z11111	49	16.0	0.0	3537.764009562909	3537.9609695761055
3541.256449806955	0.5070000138694013	trials	210504TX	p23	Z11111	107	35.0	1.0	3541.406449806955	3541.6134498208244
3541.676729835114	0.5070000138694013	trials	210504TX	p23	Z11111	113	37.0	1.0	3541.8267298351143	3542.0337298489835
3542.0870098626033	0.5170000145394624	trials	210504TX	p23	Z11111	83	27.0	1.0	3542.2370098626034	3542.4540098771427
3542.517289891432	0.5270000152095236	trials	210504TX	p23	Z11111	36	11.0	2.0	3542.667289891432	3542.8942899066415
3542.957609920934	0.5270000152095236	trials	210504TX	p23	Z11111	86	28.0	1.0	3543.107609920934	3543.3346099361434
3543.387889949763	0.5270000152095236	trials	210504TX	p23	Z11111	73	24.0	0.0	3543.537889949763	3543.7648899649726
3543.828169979262	0.5270000152095236	trials	210504TX	p23	Z11111	63	20.0	2.0	3543.978169979262	3544.2051699944714
3547.4406102212984	0.5070000138694013	trials	210504TX	p23	Z11111	89	29.0	1.0	3547.5906102212984	3547.7976102351677
3547.8508902487874	0.4970000131993402	trials	210504TX	p23	Z11111	18	5.0	2.0	3548.0008902487875	3548.1978902619867
3548.2611702762765	0.5170000145394624	trials	210504TX	p23	Z11111	97	32.0	0.0	3548.4111702762766	3548.628170290816
3548.6914503051053	0.4970000131997949	trials	210504TX	p23	Z11111	69	22.0	2.0	3548.8414503051054	3549.038450318305
3549.101730332595	0.5070000138694013	trials	210504TX	p23	Z11111	118	39.0	0.0	3549.251730332595	3549.458730346464
3549.5220103607535	0.4970000131993402	trials	210504TX	p23	Z11111	17	5.0	1.0	3549.6720103607536	3549.8690103739527
3549.9322903882426	0.5170000145394624	trials	210504TX	p23	Z11111	82	27.0	0.0	3550.0822903882427	3550.299290402782
3553.6047706343015	0.5070000138694013	trials	210504TX	p23	Z11111	0			3553.7547706343016	3553.961770648171
3556.366610819347	0.5070000138689466	trials	210504TX	p23	Z11111	71	23.0	1.0	3556.516610819347	3556.723610833216
3556.7768908468356	0.5070000138694013	trials	210504TX	p23	Z11111	1	0.0	0.0	3556.9268908468357	3557.133890860705
3557.187170874325	0.4970000131988854	trials	210504TX	p23	Z11111	53	17.0	1.0	3557.3371708743252	3557.534170887524
3559.6388110385865	0.5070000138694013	trials	210504TX	p23	Z11111	34	11.0	0.0	3559.7888110385866	3559.995811052456
3560.0591310667483	0.4969600131967127	trials	210504TX	p23	Z11111	68	22.0	1.0	3560.2091310667483	3560.406091079945
3560.4693710942347	0.5170000145394624	trials	210504TX	p23	Z11111	21	6.0	2.0	3560.619371094235	3560.836371108774
3560.8896911223965	0.4969600131967127	trials	210504TX	p23	Z11111	15	4.0	2.0	3561.0396911223966	3561.236651135593
3561.2999711498856	0.49696001319625793	trials	210504TX	p23	Z11111	116	38.0	1.0	3561.4499711498856	3561.6469311630817
3561.7302511787143	0.4969600131971674	trials	210504TX	p23	Z11111	99	32.0	2.0	3561.8802511787144	3562.0772111919114
3562.140531206204	0.5169600145363802	trials	210504TX	p23	Z11111	33	10.0	2.0	3562.290531206204	3562.50749122074
3565.7929714509196	0.4969600131967127	trials	210504TX	p23	Z11111	3	0.0	2.0	3565.9429714509197	3566.139931464116
3566.2032514784087	0.4969600131967127	trials	210504TX	p23	Z11111	57	18.0	2.0	3566.3532514784088	3566.5502114916053
3566.6035315052277	0.5169600145368349	trials	210504TX	p23	Z11111	102	33.0	2.0	3566.753531505228	3566.9704915197644
3567.033811534057	0.4969600131967127	trials	210504TX	p23	Z11111	60	19.0	2.0	3567.183811534057	3567.3807715472535
3567.444091561546	0.5170000145394624	trials	210504TX	p23	Z11111	8	2.0	1.0	3567.594091561546	3567.8110915760853
3567.874371590375	0.5270000152090688	trials	210504TX	p23	Z11111	2	0.0	1.0	3568.0243715903753	3568.251371605584
3568.304651619204	0.4970000131993402	trials	210504TX	p23	Z11111	120	39.0	2.0	3568.454651619204	3568.651651632403
3572.56753190482	0.4969600131967127	trials	210504TX	p23	Z11111	55	18.0	0.0	3572.71753190482	3572.9144919180167
3572.977811932309	0.5170000145394624	trials	210504TX	p23	Z11111	62	20.0	1.0	3573.127811932309	3573.3448119468485
3573.3980919604683	0.5070000138694013	trials	210504TX	p23	Z11111	75	24.0	2.0	3573.5480919604684	3573.7550919743376
3573.8083719879573	0.4969600131967127	trials	210504TX	p23	Z11111	0			3573.9583719879574	3574.155332001154
3574.2186520154464	0.5170000145394624	trials	210504TX	p23	Z11111	51	16.0	2.0	3574.3686520154465	3574.585652029986
3574.6389320436056	0.5069600138663191	trials	210504TX	p23	Z11111	37	12.0	0.0	3574.7889320436057	3574.995892057472
3575.0492120710946	0.5170000145390077	trials	210504TX	p23	Z11111	70	23.0	0.0	3575.1992120710947	3575.4162120856336
3578.6816523144703	0.5069600138667738	trials	210504TX	p23	Z11111	94	31.0	0.0	3578.8316523144704	3579.038612328337
3579.1319323446396	0.5270000152090688	trials	210504TX	p23	Z11111	40	13.0	0.0	3579.2819323446397	3579.5089323598486
3579.592252375481	0.4970000131997949	trials	210504TX	p23	Z11111	24	7.0	2.0	3579.7422523754813	3579.939252388681
3579.9925324023	0.5070000138694013	trials	210504TX	p23	Z11111	31	10.0	0.0	3580.1425324023003	3580.3495324161695
3580.4028124297897	0.5270000152090688	trials	210504TX	p23	Z11111	78	25.0	2.0	3580.55281242979	3580.7798124449987
3580.8330924586185	0.5270000152095236	trials	210504TX	p23	Z11111	119	39.0	1.0	3580.9830924586186	3581.210092473828
3581.2733724881177	0.5070000138694013	trials	210504TX	p23	Z11111	108	35.0	2.0	3581.423372488118	3581.630372501987
3585.035932740212	0.5069600138663191	trials	210504TX	p23	Z11111	19	6.0	0.0	3585.185932740212	3585.3928927540783
3585.446212767701	0.5069600138667738	trials	210504TX	p23	Z11111	26	8.0	1.0	3585.596212767701	3585.803172781568
3585.8564927951898	0.5169600145368349	trials	210504TX	p23	Z11111	48	15.0	2.0	3586.00649279519	3586.2234528097265
3586.286772824019	0.4969600131967127	trials	210504TX	p23	Z11111	81	26.0	2.0	3586.436772824019	3586.6337328372156
3586.687052850838	0.4969600131967127	trials	210504TX	p23	Z11111	0			3586.837052850838	3587.0340128640346
3587.0972928783244	0.5070000138694013	trials	210504TX	p23	Z11111	42	13.0	2.0	3587.2472928783245	3587.4542928921937
3587.517612906486	0.4969600131967127	trials	210504TX	p23	Z11111	109	36.0	0.0	3587.6676129064863	3587.864572919683
3591.1800531518725	0.5370000158791299	trials	210504TX	p23	Z11111	13	4.0	0.0	3591.3300531518726	3591.5670531677515
3591.6203731813744	0.5069600138663191	trials	210504TX	p23	Z11111	25	8.0	0.0	3591.7703731813745	3591.9773331952406
3592.050653210203	0.5069600138667738	trials	210504TX	p23	Z11111	104	34.0	1.0	3592.200653210203	3592.40761322407
3592.460933237692	0.5169600145368349	trials	210504TX	p23	Z11111	103	34.0	0.0	3592.6109332376923	3592.827893252229
3592.8912132665214	0.4969600131967127	trials	210504TX	p23	Z11111	10	3.0	0.0	3593.0412132665215	3593.238173279718
3593.3014932940105	0.5069600138663191	trials	210504TX	p23	Z11111	56	18.0	1.0	3593.4514932940106	3593.6584533078767
3593.721773322169	0.4969600131971674	trials	210504TX	p23	Z11111	54	17.0	2.0	3593.8717733221692	3594.0687333353662
3597.3542135655457	0.5170000145390077	trials	210504TX	p23	Z11111	67	22.0	0.0	3597.504213565546	3597.7212135800846
3597.774493593705	0.4970000131988854	trials	210504TX	p23	Z11111	95	31.0	1.0	3597.924493593705	3598.1214936069036
3598.1847736211935	0.5170000145394624	trials	210504TX	p23	Z11111	45	14.0	2.0	3598.3347736211936	3598.551773635733
3600.7965337961837	0.5070000138694013	trials	210504TX	p23	Z11111	77	25.0	1.0	3600.9465337961838	3601.153533810053
3601.2068138236723	0.4969600131967127	trials	210504TX	p23	Z11111	98	32.0	1.0	3601.3568138236724	3601.553773836869
3603.9386540067076	0.5069600138667738	trials	210504TX	p23	Z11111	43	14.0	0.0	3604.0886540067077	3604.2956140205742
3604.378934036207	0.4970000131993402	trials	210504TX	p23	Z11111	50	16.0	1.0	3604.528934036207	3604.725934049406
3604.789214063696	0.5270000152090688	trials	210504TX	p23	Z11111	117	38.0	2.0	3604.939214063696	3605.166214078905
3605.219494092525	0.5270000152095236	trials	210504TX	p23	Z11111	30	9.0	2.0	3605.369494092525	3605.5964941077345
3605.6498141213565	0.5270000152095236	trials	210504TX	p23	Z11111	41	13.0	1.0	3605.7998141213566	3606.026814136566
3606.0900941508557	0.5070000138694013	trials	210504TX	p23	Z11111	29	9.0	1.0	3606.240094150856	3606.447094164725
3606.510374179015	0.4970000131993402	trials	210504TX	p23	Z11111	72	23.0	2.0	3606.660374179015	3606.857374192214
3610.192854425744	0.5070000138689466	trials	210504TX	p23	Z11111	7	2.0	0.0	3610.342854425744	3610.549854439613
3610.6031344532325	0.4969600131971674	trials	210504TX	p23	Z11111	44	14.0	1.0	3610.7531344532326	3610.9500944664296
3611.013414480722	0.5070000138689466	trials	210504TX	p23	Z11111	115	38.0	0.0	3611.163414480722	3611.370414494591
3611.4336945088808	0.4969600131967127	trials	210504TX	p23	Z11111	59	19.0	1.0	3611.583694508881	3611.7806545220774
3611.84397453637	0.4969600131967127	trials	210504TX	p23	Z11111	58	19.0	0.0	3611.99397453637	3612.1909345495665
3612.244254563189	0.4969600131967127	trials	210504TX	p23	Z11111	22	7.0	0.0	3612.394254563189	3612.5912145763855
3612.654534590678	0.4969600131967127	trials	210504TX	p23	Z11111	114	37.0	2.0	3612.804534590678	3613.0014946038746
3616.367014839417	0.5070000138689466	trials	210504TX	p23	Z11111	23	7.0	1.0	3616.5170148394172	3616.724014853286
3616.7872948675763	0.5370000158791299	trials	210504TX	p23	Z11111	4	1.0	0.0	3616.9372948675764	3617.1742948834553
3617.227574897075	0.5170000145394624	trials	210504TX	p23	Z11111	106	35.0	0.0	3617.377574897075	3617.5945749116145
3617.677894927247	0.49696001319625793	trials	210504TX	p23	Z11111	9	2.0	2.0	3617.827894927247	3618.024854940443
3618.0881749547357	0.5170000145394624	trials	210504TX	p23	Z11111	35	11.0	1.0	3618.2381749547358	3618.455174969275
3620.4097351102823	0.49696001319625793	trials	210504TX	p23	Z11111	14	4.0	1.0	3620.5597351102824	3620.7566951234785
3620.820015137771	0.4969600131967127	trials	210504TX	p23	Z11111	52	17.0	0.0	3620.970015137771	3621.1669751509676
3621.2302951652605	0.5170000145390077	trials	210504TX	p23	Z11111	12	3.0	2.0	3621.3802951652606	3621.5972951797994
3621.650575193419	0.4969600131967127	trials	210504TX	p23	Z11111	65	21.0	1.0	3621.8005751934193	3621.997535206616
3622.0608552209083	0.4969600131967127	trials	210504TX	p23	Z11111	92	30.0	1.0	3622.2108552209083	3622.407815234105
3622.4911352497375	0.5070000138689466	trials	210504TX	p23	Z11111	85	28.0	0.0	3622.6411352497375	3622.8481352636063
3622.9314152792363	0.5270000152095236	trials	210504TX	p23	Z11111	110	36.0	1.0	3623.0814152792364	3623.3084152944457
3626.623935526638	0.5069600138667738	trials	210504TX	p23	Z11111	80	26.0	1.0	3626.773935526638	3626.9808955405047
3627.0341755541244	0.5070000138694013	trials	210504TX	p23	Z11111	87	28.0	2.0	3627.1841755541245	3627.3911755679937
3627.4444555816135	0.4970000131993402	trials	210504TX	p23	Z11111	76	25.0	0.0	3627.5944555816136	3627.7914555948128
3627.8547356091026	0.4970000131988854	trials	210504TX	p23	Z11111	32	10.0	1.0	3628.0047356091027	3628.2017356223014
3628.2950556386045	0.49696001319625793	trials	210504TX	p23	Z11111	105	34.0	2.0	3628.4450556386046	3628.6420156518006
3628.705335666093	0.5169600145368349	trials	210504TX	p23	Z11111	79	26.0	0.0	3628.855335666093	3629.07229568063
3629.1256156942522	0.4969600131967127	trials	210504TX	p23	Z11111	20	6.0	1.0	3629.2756156942523	3629.472575707449
3632.7580559376283	0.4969600131967127	trials	210504TX	p23	Z11111	47	15.0	1.0	3632.9080559376284	3633.105015950825
3633.1683359651174	0.5169600145368349	trials	210504TX	p23	Z11111	6	1.0	2.0	3633.3183359651175	3633.535295979654
3633.6186159952863	0.4970000131997949	trials	210504TX	p23	Z11111	93	30.0	2.0	3633.7686159952864	3633.965616008486
3634.0488960241155	0.4970000131993402	trials	210504TX	p23	Z11111	64	21.0	0.0	3634.1988960241156	3634.3958960373147
3634.4591760516046	0.5170000145394624	trials	210504TX	p23	Z11111	111	36.0	2.0	3634.6091760516047	3634.826176066144
