onset	duration	nwb_table	ses_ID	pen_ID	sub_ID	cond_ID	stim_ID	mode	pdOnTS	pdOffTS
2611.0543425207206	0.526879978564466	trials	210614TX	p54	Z11111	106	35.0	0.0	2611.2043425207207	2611.431222499285
2611.4846224800676	0.49687998139870615	trials	210614TX	p54	Z11111	53	17.0	1.0	2611.6346224800677	2611.8315024614662
2611.8949024413037	0.526879978564466	trials	210614TX	p54	Z11111	33	10.0	2.0	2612.0449024413037	2612.271782419868
2612.3251824006506	0.526879978564466	trials	210614TX	p54	Z11111	23	7.0	1.0	2612.4751824006507	2612.702062379215
2612.775502358104	0.526879978564466	trials	210614TX	p54	Z11111	84	27.0	2.0	2612.925502358104	2613.1523823366683
2613.2258223155573	0.49683998140289987	trials	210614TX	p54	Z11111	105	34.0	2.0	2613.3758223155573	2613.57266229696
2613.626062277742	0.526879978564466	trials	210614TX	p54	Z11111	94	31.0	0.0	2613.7760622777423	2614.0029422563066
2617.2485019354913	0.5068799804539594	trials	210614TX	p54	Z11111	86	28.0	1.0	2617.3985019354914	2617.605381915945
2617.678821894834	0.526879978564466	trials	210614TX	p54	Z11111	11	3.0	1.0	2617.828821894834	2618.0557018733984
2618.119101853236	0.5068799804544142	trials	210614TX	p54	Z11111	81	26.0	2.0	2618.269101853236	2618.47598183369
2618.5293818144723	0.49683998140289987	trials	210614TX	p54	Z11111	41	13.0	1.0	2618.6793818144724	2618.876221795875
2618.9596617738193	0.49687998139870615	trials	210614TX	p54	Z11111	92	30.0	1.0	2619.1096617738194	2619.306541755218
2619.3799417341106	0.4968799813991609	trials	210614TX	p54	Z11111	57	18.0	2.0	2619.5299417341107	2619.7268217155097
2619.8102216934576	0.49687998139870615	trials	210614TX	p54	Z11111	60	19.0	2.0	2619.9602216934577	2620.157101674856
2623.432661351206	0.5068799804539594	trials	210614TX	p54	Z11111	93	30.0	2.0	2623.5826613512063	2623.78954133166
2623.8429413124427	0.5068799804539594	trials	210614TX	p54	Z11111	85	28.0	0.0	2623.992941312443	2624.1998212928966
2624.2832612708407	0.526879978564466	trials	210614TX	p54	Z11111	45	14.0	2.0	2624.433261270841	2624.660141249405
2624.7135412301877	0.4968399814024451	trials	210614TX	p54	Z11111	88	29.0	0.0	2624.863541230188	2625.06038121159
2625.113821192369	0.5068399804576984	trials	210614TX	p54	Z11111	0			2625.263821192369	2625.4706611728266
2625.5541011507707	0.526879978564466	trials	210614TX	p54	Z11111	59	19.0	1.0	2625.704101150771	2625.930981129335
2625.9843811101177	0.5369199776155256	trials	210614TX	p54	Z11111	101	33.0	1.0	2626.134381110118	2626.371301087733
2629.706900758411	0.5068799804539594	trials	210614TX	p54	Z11111	109	36.0	0.0	2629.856900758411	2630.063780738865
2630.1171807196474	0.5268799785640113	trials	210614TX	p54	Z11111	95	31.0	1.0	2630.2671807196475	2630.4940606982113
2630.547460678994	0.5068799804539594	trials	210614TX	p54	Z11111	27	8.0	2.0	2630.697460678994	2630.904340659448
2630.9877406373957	0.4968799813991609	trials	210614TX	p54	Z11111	14	4.0	1.0	2631.137740637396	2631.334620618795
2631.418060596739	0.4968399814024451	trials	210614TX	p54	Z11111	9	2.0	2.0	2631.568060596739	2631.7649005781414
2631.8283405579755	0.5268799785640113	trials	210614TX	p54	Z11111	51	16.0	2.0	2631.9783405579756	2632.2052205365394
2632.258620517322	0.526879978564466	trials	210614TX	p54	Z11111	43	14.0	0.0	2632.408620517322	2632.6355004958864
2635.841020178854	0.526879978564466	trials	210614TX	p54	Z11111	4	1.0	0.0	2635.991020178854	2636.217900157418
2636.271300138201	0.49687998139870615	trials	210614TX	p54	Z11111	96	31.0	2.0	2636.421300138201	2636.6181801195994
2636.6916200984883	0.49683998140289987	trials	210614TX	p54	Z11111	2	0.0	1.0	2636.8416200984884	2637.038460079891
2637.0918600606733	0.526879978564466	trials	210614TX	p54	Z11111	47	15.0	1.0	2637.2418600606734	2637.4687400392377
2637.542180018127	0.4968399814024451	trials	210614TX	p54	Z11111	82	27.0	0.0	2637.692180018127	2637.8890199995294
2637.942459980308	0.5368799776197193	trials	210614TX	p54	Z11111	10	3.0	0.0	2638.092459980308	2638.3293399579275
2638.3927399377653	0.5368799776192645	trials	210614TX	p54	Z11111	72	23.0	2.0	2638.5427399377654	2638.7796199153845
2642.065219590786	0.5068799804539594	trials	210614TX	p54	Z11111	55	18.0	0.0	2642.215219590786	2642.42209957124
2642.4754995520225	0.4968399814024451	trials	210614TX	p54	Z11111	119	39.0	1.0	2642.6254995520226	2642.822339533425
2642.9057795113695	0.5068799804539594	trials	210614TX	p54	Z11111	30	9.0	2.0	2643.0557795113696	2643.2626594918233
2643.3160594726055	0.526879978564466	trials	210614TX	p54	Z11111	76	25.0	0.0	2643.4660594726056	2643.69293945117
2643.7663794300593	0.4968399814024451	trials	210614TX	p54	Z11111	44	14.0	1.0	2643.9163794300594	2644.1132194114616
2644.196659389406	0.4968399814024451	trials	210614TX	p54	Z11111	61	20.0	0.0	2644.346659389406	2644.543499370808
2644.636939347808	0.49687998139870615	trials	210614TX	p54	Z11111	38	12.0	1.0	2644.786939347808	2644.9838193292067
2648.189339012174	0.5168799795092127	trials	210614TX	p54	Z11111	77	25.0	1.0	2648.339339012174	2648.556218991683
2648.619618971521	0.5268799785640113	trials	210614TX	p54	Z11111	17	5.0	1.0	2648.769618971521	2648.996498950085
2649.0699389289744	0.5268799785640113	trials	210614TX	p54	Z11111	32	10.0	1.0	2649.2199389289744	2649.4468189075383
2649.500218888321	0.49687998139870615	trials	210614TX	p54	Z11111	65	21.0	1.0	2649.650218888321	2649.8470988697195
2649.930498847668	0.5068799804539594	trials	210614TX	p54	Z11111	110	36.0	1.0	2650.080498847668	2650.2873788281217
2650.3407788089044	0.5268799785640113	trials	210614TX	p54	Z11111	73	24.0	0.0	2650.4907788089045	2650.7176587874683
2650.801098765413	0.5368799776192645	trials	210614TX	p54	Z11111	115	38.0	0.0	2650.951098765413	2651.187978743032
2654.2434184401795	0.5068799804539594	trials	210614TX	p54	Z11111	26	8.0	1.0	2654.3934184401796	2654.6002984206334
2654.663698400471	0.5068799804539594	trials	210614TX	p54	Z11111	1	0.0	0.0	2654.813698400471	2655.0205783809247
2655.0839783607626	0.49687998139870615	trials	210614TX	p54	Z11111	63	20.0	2.0	2655.2339783607626	2655.430858342161
2655.494258321999	0.4968399814024451	trials	210614TX	p54	Z11111	102	33.0	2.0	2655.644258321999	2655.8410983034014
2655.9245382813456	0.4968799813991609	trials	210614TX	p54	Z11111	54	17.0	2.0	2656.0745382813457	2656.2714182627446
2656.324818243527	0.526879978564466	trials	210614TX	p54	Z11111	87	28.0	2.0	2656.474818243527	2656.701698222091
2656.755098202874	0.5068799804539594	trials	210614TX	p54	Z11111	58	19.0	0.0	2656.905098202874	2657.1119781833277
2660.5976978398216	0.5168799795092127	trials	210614TX	p54	Z11111	37	12.0	0.0	2660.7476978398217	2660.9645778193308
2661.027977799168	0.4968799813991609	trials	210614TX	p54	Z11111	111	36.0	2.0	2661.1779777991683	2661.3748577805673
2661.458257758515	0.49687998139870615	trials	210614TX	p54	Z11111	103	34.0	0.0	2661.6082577585153	2661.805137739914
2661.888577717858	0.5068399804576984	trials	210614TX	p54	Z11111	0			2662.038577717858	2662.2454176983156
2662.3088576781497	0.5368799776197193	trials	210614TX	p54	Z11111	12	3.0	2.0	2662.45885767815	2662.6957376557693
2662.7491376365515	0.526879978564466	trials	210614TX	p54	Z11111	22	7.0	0.0	2662.8991376365516	2663.126017615116
2663.1794175958985	0.526879978564466	trials	210614TX	p54	Z11111	75	24.0	2.0	2663.3294175958986	2663.556297574463
2666.671777265937	0.5168799795092127	trials	210614TX	p54	Z11111	68	22.0	1.0	2666.8217772659373	2667.0386572454463
2667.092057226229	0.5068799804539594	trials	210614TX	p54	Z11111	20	6.0	1.0	2667.242057226229	2667.448937206683
2667.532377184627	0.49683998140289987	trials	210614TX	p54	Z11111	71	23.0	1.0	2667.682377184627	2667.87921716603
2667.962657143974	0.5368799776192645	trials	210614TX	p54	Z11111	79	26.0	0.0	2668.112657143974	2668.349537121593
2668.4029371023757	0.526879978564466	trials	210614TX	p54	Z11111	112	37.0	0.0	2668.552937102376	2668.77981708094
2668.853257059829	0.526879978564466	trials	210614TX	p54	Z11111	83	27.0	1.0	2669.003257059829	2669.2301370383934
2669.283537019176	0.49687998139870615	trials	210614TX	p54	Z11111	15	4.0	2.0	2669.433537019176	2669.6304170005747
2672.705856695832	0.5068399804576984	trials	210614TX	p54	Z11111	56	18.0	1.0	2672.8558566958322	2673.0626966762898
2673.1461366542344	0.5068799804539594	trials	210614TX	p54	Z11111	46	15.0	0.0	2673.2961366542345	2673.5030166346883
2673.586416612636	0.526919978560727	trials	210614TX	p54	Z11111	89	29.0	1.0	2673.7364166126363	2673.963336591197
2674.0367365700895	0.49687998139870615	trials	210614TX	p54	Z11111	0			2674.1867365700896	2674.383616551488
2674.4670165294365	0.49687998139870615	trials	210614TX	p54	Z11111	49	16.0	0.0	2674.6170165294366	2674.813896510835
2674.8772964906725	0.526879978564466	trials	210614TX	p54	Z11111	66	21.0	2.0	2675.0272964906726	2675.254176469237
2675.3075764500195	0.526879978564466	trials	210614TX	p54	Z11111	100	33.0	0.0	2675.4575764500196	2675.684456428584
2678.82997611722	0.5168799795092127	trials	210614TX	p54	Z11111	99	32.0	2.0	2678.9799761172203	2679.1968560967293
2679.2602560765667	0.49683998140289987	trials	210614TX	p54	Z11111	120	39.0	2.0	2679.410256076567	2679.6070960579696
2679.6905360359137	0.526879978564466	trials	210614TX	p54	Z11111	24	7.0	2.0	2679.840536035914	2680.067416014478
2680.1208559952565	0.5068399804576984	trials	210614TX	p54	Z11111	48	15.0	2.0	2680.2708559952566	2680.477695975714
2680.561135953659	0.5268799785640113	trials	210614TX	p54	Z11111	8	2.0	1.0	2680.711135953659	2680.9380159322227
2681.011415911116	0.526879978564466	trials	210614TX	p54	Z11111	118	39.0	0.0	2681.161415911116	2681.38829588968
2681.4417358704586	0.5368799776197193	trials	210614TX	p54	Z11111	42	13.0	2.0	2681.5917358704587	2681.8286158480782
2684.914055542391	0.526879978564466	trials	210614TX	p54	Z11111	35	11.0	1.0	2685.064055542391	2685.2909355209554
2685.3743754988996	0.526879978564466	trials	210614TX	p54	Z11111	34	11.0	0.0	2685.5243754988996	2685.751255477464
2685.8246554563566	0.4968799813991609	trials	210614TX	p54	Z11111	28	9.0	0.0	2685.9746554563567	2686.1715354377557
2686.224935418538	0.5068799804539594	trials	210614TX	p54	Z11111	21	6.0	2.0	2686.374935418538	2686.5818153989917
2688.606535193522	0.526879978564466	trials	210614TX	p54	Z11111	13	4.0	0.0	2688.7565351935223	2688.9834151720866
2689.0368551528654	0.4968399814024451	trials	210614TX	p54	Z11111	74	24.0	1.0	2689.1868551528655	2689.383695134268
2689.477135111267	0.49683998140289987	trials	210614TX	p54	Z11111	70	23.0	0.0	2689.6271351112673	2689.82397509267
2689.8774150734484	0.526879978564466	trials	210614TX	p54	Z11111	113	37.0	1.0	2690.0274150734485	2690.254295052013
2693.9901746848714	0.5068799804539594	trials	210614TX	p54	Z11111	50	16.0	1.0	2694.1401746848715	2694.3470546653252
2694.410454645163	0.526879978564466	trials	210614TX	p54	Z11111	3	0.0	2.0	2694.560454645163	2694.7873346237275
2694.8407346045096	0.526879978564466	trials	210614TX	p54	Z11111	7	2.0	0.0	2694.9907346045097	2695.217614583074
2695.281054562908	0.5268799785640113	trials	210614TX	p54	Z11111	97	32.0	0.0	2695.4310545629082	2695.657934541472
2695.7113345222547	0.4968399814024451	trials	210614TX	p54	Z11111	90	29.0	2.0	2695.8613345222548	2696.058174503657
2696.1416144816017	0.49687998139870615	trials	210614TX	p54	Z11111	52	17.0	0.0	2696.2916144816018	2696.4884944630003
2696.561894441893	0.4968799813991609	trials	210614TX	p54	Z11111	40	13.0	0.0	2696.711894441893	2696.908774423292
2700.184334099642	0.5068799804539594	trials	210614TX	p54	Z11111	16	5.0	0.0	2700.334334099642	2700.541214080096
2700.5946140608785	0.5268799785640113	trials	210614TX	p54	Z11111	18	5.0	2.0	2700.7446140608786	2700.9714940394424
2701.044934018332	0.4968399814024451	trials	210614TX	p54	Z11111	36	11.0	2.0	2701.194934018332	2701.391773999734
2701.4451739805168	0.5068799804539594	trials	210614TX	p54	Z11111	108	35.0	2.0	2701.595173980517	2701.8020539609706
2701.885493938915	0.526879978564466	trials	210614TX	p54	Z11111	67	22.0	0.0	2702.035493938915	2702.262373917479
2702.315773898262	0.5268799785640113	trials	210614TX	p54	Z11111	64	21.0	0.0	2702.465773898262	2702.6926538768257
2704.6173336808083	0.5168799795092127	trials	210614TX	p54	Z11111	80	26.0	1.0	2704.7673336808084	2704.9842136603174
2705.047613640155	0.49683998140289987	trials	210614TX	p54	Z11111	0			2705.197613640155	2705.3944536215577
2705.447893602336	0.526879978564466	trials	210614TX	p54	Z11111	29	9.0	1.0	2705.597893602336	2705.8247735809005
2705.878173561683	0.4968399814024451	trials	210614TX	p54	Z11111	31	10.0	0.0	2706.028173561683	2706.2250135430854
2706.2784535238643	0.5068399804576984	trials	210614TX	p54	Z11111	117	38.0	2.0	2706.4284535238644	2706.635293504322
2706.718733482266	0.49687998139870615	trials	210614TX	p54	Z11111	19	6.0	0.0	2706.868733482266	2707.0656134636647
2707.149013441613	0.49687998139870615	trials	210614TX	p54	Z11111	104	34.0	1.0	2707.299013441613	2707.4958934230117
2710.651373110707	0.5068799804539594	trials	210614TX	p54	Z11111	69	22.0	2.0	2710.801373110707	2711.008253091161
2711.0816530700536	0.4968799813991609	trials	210614TX	p54	Z11111	6	1.0	2.0	2711.2316530700537	2711.4285330514526
2711.511973029397	0.5068399804576984	trials	210614TX	p54	Z11111	116	38.0	1.0	2711.661973029397	2711.8688130098544
2711.9222529906333	0.526879978564466	trials	210614TX	p54	Z11111	91	30.0	0.0	2712.0722529906334	2712.2991329691977
2714.463932750493	0.526879978564466	trials	210614TX	p54	Z11111	62	20.0	1.0	2714.613932750493	2714.8408127290572
2714.894252709836	0.526879978564466	trials	210614TX	p54	Z11111	107	35.0	1.0	2715.044252709836	2715.2711326884005
2715.3245326691826	0.5368799776197193	trials	210614TX	p54	Z11111	25	8.0	0.0	2715.4745326691827	2715.7114126468023
2715.764812627585	0.526879978564466	trials	210614TX	p54	Z11111	78	25.0	2.0	2715.914812627585	2716.1416926061493
2716.1951325869277	0.5068399804576984	trials	210614TX	p54	Z11111	5	1.0	1.0	2716.345132586928	2716.5519725673853
2716.63541254533	0.4968399814024451	trials	210614TX	p54	Z11111	39	12.0	2.0	2716.78541254533	2716.9822525267323
2717.035692507511	0.5268799785640113	trials	210614TX	p54	Z11111	114	37.0	2.0	2717.1856925075112	2717.412572486075
2720.588092171877	0.5068399804576984	trials	210614TX	p54	Z11111	98	32.0	1.0	2720.7380921718773	2720.944932152335
2720.9983321331174	0.526879978564466	trials	210614TX	p54	Z11111	118	39.0	0.0	2721.1483321331175	2721.375212111682
2721.4486520905707	0.4968399814024451	trials	210614TX	p54	Z11111	78	25.0	2.0	2721.598652090571	2721.795492071973
2721.848932052752	0.5368799776197193	trials	210614TX	p54	Z11111	34	11.0	0.0	2721.998932052752	2722.2358120303716
2722.2892120111537	0.526879978564466	trials	210614TX	p54	Z11111	60	19.0	2.0	2722.439212011154	2722.666091989718
2722.7495319676623	0.49683998140289987	trials	210614TX	p54	Z11111	112	37.0	0.0	2722.8995319676624	2723.096371949065
2723.1598119288988	0.526879978564466	trials	210614TX	p54	Z11111	30	9.0	2.0	2723.309811928899	2723.536691907463
2726.7922515857026	0.5068799804544142	trials	210614TX	p54	Z11111	107	35.0	1.0	2726.9422515857027	2727.149131566157
2727.202531546939	0.49683998140289987	trials	210614TX	p54	Z11111	2	0.0	1.0	2727.352531546939	2727.549371528342
2727.632811506286	0.5068799804539594	trials	210614TX	p54	Z11111	29	9.0	1.0	2727.782811506286	2727.98969148674
2728.073091464688	0.49687998139870615	trials	210614TX	p54	Z11111	76	25.0	0.0	2728.223091464688	2728.4199714460865
2728.503411424031	0.4968399814024451	trials	210614TX	p54	Z11111	13	4.0	0.0	2728.653411424031	2728.8502514054335
2728.913691385267	0.526879978564466	trials	210614TX	p54	Z11111	57	18.0	2.0	2729.0636913852672	2729.2905713638315
2729.343971344614	0.4968399814024451	trials	210614TX	p54	Z11111	0			2729.4939713446142	2729.6908113260165
2732.9664110023627	0.5168799795092127	trials	210614TX	p54	Z11111	93	30.0	2.0	2733.116411002363	2733.333290981872
2733.3966909617097	0.49687998139870615	trials	210614TX	p54	Z11111	81	26.0	2.0	2733.54669096171	2733.7435709431084
2733.8269709210563	0.4968799813991609	trials	210614TX	p54	Z11111	114	37.0	2.0	2733.9769709210564	2734.1738509024553
2734.2272508832375	0.526879978564466	trials	210614TX	p54	Z11111	19	6.0	0.0	2734.3772508832376	2734.604130861802
2734.677570840691	0.526879978564466	trials	210614TX	p54	Z11111	61	20.0	0.0	2734.827570840691	2735.054450819255
2735.117850799093	0.526879978564466	trials	210614TX	p54	Z11111	109	36.0	0.0	2735.267850799093	2735.4947307776574
2735.56813075655	0.49687998139870615	trials	210614TX	p54	Z11111	91	30.0	0.0	2735.71813075655	2735.9150107379487
2739.100530422806	0.5068799804539594	trials	210614TX	p54	Z11111	46	15.0	0.0	2739.250530422806	2739.45741040326
2739.5108103840425	0.4968399814024451	trials	210614TX	p54	Z11111	10	3.0	0.0	2739.6608103840426	2739.857650365445
2739.9510903424443	0.526879978564466	trials	210614TX	p54	Z11111	75	24.0	2.0	2740.1010903424444	2740.3279703210087
2740.4014102998976	0.526879978564466	trials	210614TX	p54	Z11111	86	28.0	1.0	2740.5514102998977	2740.778290278462
2740.8316902592446	0.5068799804539594	trials	210614TX	p54	Z11111	36	11.0	2.0	2740.9816902592447	2741.1885702396985
2741.2720102176427	0.526879978564466	trials	210614TX	p54	Z11111	85	28.0	0.0	2741.4220102176428	2741.648890196207
2741.7022901769897	0.4968399814024451	trials	210614TX	p54	Z11111	51	16.0	2.0	2741.8522901769898	2742.049130158392
2745.3347298337935	0.526879978564466	trials	210614TX	p54	Z11111	106	35.0	0.0	2745.4847298337936	2745.711609812358
2745.76500979314	0.5068799804539594	trials	210614TX	p54	Z11111	72	23.0	2.0	2745.91500979314	2746.121889773594
2746.2053297515386	0.4968399814024451	trials	210614TX	p54	Z11111	35	11.0	1.0	2746.3553297515386	2746.552169732941
2746.635609710885	0.4968399814024451	trials	210614TX	p54	Z11111	0			2746.785609710885	2746.9824496922874
2747.0758896692873	0.49687998139870615	trials	210614TX	p54	Z11111	42	13.0	2.0	2747.2258896692874	2747.422769650686
2747.506169628634	0.49687998139870615	trials	210614TX	p54	Z11111	56	18.0	1.0	2747.656169628634	2747.8530496100325
2747.946489587032	0.526879978564466	trials	210614TX	p54	Z11111	105	34.0	2.0	2748.096489587032	2748.3233695655963
2751.5789292438362	0.5068799804539594	trials	210614TX	p54	Z11111	67	22.0	0.0	2751.7289292438363	2751.93580922429
2752.0092092031828	0.526879978564466	trials	210614TX	p54	Z11111	59	19.0	1.0	2752.159209203183	2752.386089181747
2752.459529160636	0.526879978564466	trials	210614TX	p54	Z11111	38	12.0	1.0	2752.609529160636	2752.8364091392004
2752.90984911809	0.5268399785677502	trials	210614TX	p54	Z11111	24	7.0	2.0	2753.05984911809	2753.2866890966575
2753.360129075547	0.49687998139870615	trials	210614TX	p54	Z11111	37	12.0	0.0	2753.510129075547	2753.7070090569455
2753.760409037728	0.5268799785640113	trials	210614TX	p54	Z11111	90	29.0	2.0	2753.910409037728	2754.137289016292
2754.20068899613	0.49687998139870615	trials	210614TX	p54	Z11111	117	38.0	2.0	2754.35068899613	2754.5475689775285
2757.8131286548237	0.5068799804539594	trials	210614TX	p54	Z11111	66	21.0	2.0	2757.963128654824	2758.1700086352776
2758.24340861417	0.5368799776197193	trials	210614TX	p54	Z11111	0			2758.3934086141703	2758.63028859179
2758.713728569734	0.49687998139870615	trials	210614TX	p54	Z11111	115	38.0	0.0	2758.863728569734	2759.0606085511326
2759.144008529081	0.49687998139870615	trials	210614TX	p54	Z11111	11	3.0	1.0	2759.294008529081	2759.4908885104796
2759.554288490317	0.526879978564466	trials	210614TX	p54	Z11111	111	36.0	2.0	2759.704288490317	2759.9311684688814
2759.9846084496603	0.526879978564466	trials	210614TX	p54	Z11111	89	29.0	1.0	2760.1346084496604	2760.3614884282247
2760.424888408062	0.526879978564466	trials	210614TX	p54	Z11111	88	29.0	0.0	2760.574888408062	2760.8017683866265
2763.9172480781012	0.5068399804576984	trials	210614TX	p54	Z11111	9	2.0	2.0	2764.0672480781013	2764.274088058559
2764.3375280383925	0.526879978564466	trials	210614TX	p54	Z11111	31	10.0	0.0	2764.4875280383926	2764.714408016957
2764.7678079977395	0.49687998139870615	trials	210614TX	p54	Z11111	8	2.0	1.0	2764.9178079977396	2765.114687979138
2765.1680879599207	0.5268799785640113	trials	210614TX	p54	Z11111	103	34.0	0.0	2765.318087959921	2765.5449679384847
2765.6083679183225	0.526879978564466	trials	210614TX	p54	Z11111	98	32.0	1.0	2765.7583679183226	2765.985247896887
2766.058687875776	0.526879978564466	trials	210614TX	p54	Z11111	65	21.0	1.0	2766.208687875776	2766.43556785434
2766.508967833233	0.526879978564466	trials	210614TX	p54	Z11111	80	26.0	1.0	2766.658967833233	2766.8858478117972
2769.8912475136726	0.5068799804539594	trials	210614TX	p54	Z11111	41	13.0	1.0	2770.0412475136727	2770.2481274941265
2770.3215674730154	0.4968399814024451	trials	210614TX	p54	Z11111	5	1.0	1.0	2770.4715674730155	2770.668407454418
2770.7218074352004	0.49687998139870615	trials	210614TX	p54	Z11111	21	6.0	2.0	2770.8718074352005	2771.068687416599
2771.152087394547	0.5369199776159803	trials	210614TX	p54	Z11111	12	3.0	2.0	2771.302087394547	2771.539007372163
2774.1040871156397	0.5068799804539594	trials	210614TX	p54	Z11111	0			2774.25408711564	2774.4609670960936
2774.5344070749825	0.5368799776197193	trials	210614TX	p54	Z11111	100	33.0	0.0	2774.6844070749826	2774.921287052602
2775.00468703055	0.526879978564466	trials	210614TX	p54	Z11111	116	38.0	1.0	2775.15468703055	2775.3815670091144
2775.4650069870586	0.5068799804539594	trials	210614TX	p54	Z11111	74	24.0	1.0	2775.6150069870587	2775.8218869675125
2775.905286945461	0.5269199785602723	trials	210614TX	p54	Z11111	27	8.0	2.0	2776.055286945461	2776.282206924021
2776.355606902914	0.49687998139870615	trials	210614TX	p54	Z11111	43	14.0	0.0	2776.505606902914	2776.7024868843127
2776.795886861316	0.526879978564466	trials	210614TX	p54	Z11111	70	23.0	0.0	2776.945886861316	2777.1727668398803
2780.2782465323	0.5068799804539594	trials	210614TX	p54	Z11111	68	22.0	1.0	2780.4282465323	2780.6351265127537
2780.7085264916464	0.4968799813991609	trials	210614TX	p54	Z11111	73	24.0	0.0	2780.8585264916464	2781.0554064730454
2781.1388464509896	0.4968399814024451	trials	210614TX	p54	Z11111	28	9.0	0.0	2781.2888464509897	2781.485686432392
2781.5390864131746	0.5368799776192645	trials	210614TX	p54	Z11111	49	16.0	0.0	2781.6890864131747	2781.9259663907937
2781.9794063715726	0.526879978564466	trials	210614TX	p54	Z11111	14	4.0	1.0	2782.1294063715727	2782.356286350137
2782.4296863290297	0.4968799813991609	trials	210614TX	p54	Z11111	87	28.0	2.0	2782.5796863290298	2782.7765663104287
2782.829966291211	0.526879978564466	trials	210614TX	p54	Z11111	119	39.0	1.0	2782.979966291211	2783.2068462697753
2786.3923659546326	0.516879979508758	trials	210614TX	p54	Z11111	39	12.0	2.0	2786.5423659546327	2786.7592459341413
2786.812645914924	0.49687998139870615	trials	210614TX	p54	Z11111	4	1.0	0.0	2786.962645914924	2787.1595258963225
2787.242925874271	0.5368799776192645	trials	210614TX	p54	Z11111	26	8.0	1.0	2787.392925874271	2787.62980585189
2787.693245831724	0.4968399814024451	trials	210614TX	p54	Z11111	83	27.0	1.0	2787.8432458317243	2788.0400858131266
2788.133525790126	0.526879978564466	trials	210614TX	p54	Z11111	7	2.0	0.0	2788.283525790126	2788.5104057686904
2788.5838457475797	0.4968399814024451	trials	210614TX	p54	Z11111	17	5.0	1.0	2788.73384574758	2788.930685728982
2788.9841257097605	0.49683998140289987	trials	210614TX	p54	Z11111	64	21.0	0.0	2789.1341257097606	2789.3309656911633
2792.4764853797997	0.4968399814024451	trials	210614TX	p54	Z11111	40	13.0	0.0	2792.6264853797998	2792.823325361202
2792.88672534104	0.49687998139870615	trials	210614TX	p54	Z11111	47	15.0	1.0	2793.03672534104	2793.2336053224385
2793.3170053003864	0.49687998139870615	trials	210614TX	p54	Z11111	92	30.0	1.0	2793.4670053003865	2793.663885281785
2793.7473252597297	0.4968399814024451	trials	210614TX	p54	Z11111	15	4.0	2.0	2793.8973252597298	2794.094165241132
2794.1576052209657	0.526879978564466	trials	210614TX	p54	Z11111	69	22.0	2.0	2794.307605220966	2794.53448519953
2794.607885178423	0.49687998139870615	trials	210614TX	p54	Z11111	113	37.0	1.0	2794.7578851784233	2794.954765159822
2795.038205137766	0.4968399814024451	trials	210614TX	p54	Z11111	95	31.0	1.0	2795.188205137766	2795.3850451191684
2798.5705648040257	0.5068799804539594	trials	210614TX	p54	Z11111	71	23.0	1.0	2798.720564804026	2798.9274447844796
2798.9908447643174	0.5268799785640113	trials	210614TX	p54	Z11111	52	17.0	0.0	2799.1408447643175	2799.3677247428814
2799.4411647217707	0.4968399814024451	trials	210614TX	p54	Z11111	120	39.0	2.0	2799.591164721771	2799.788004703173
2799.851404683011	0.49687998139870615	trials	210614TX	p54	Z11111	96	31.0	2.0	2800.001404683011	2800.1982846644096
2800.291724641409	0.4968399814024451	trials	210614TX	p54	Z11111	79	26.0	0.0	2800.441724641409	2800.6385646228114
2800.7220046007556	0.4968799813991609	trials	210614TX	p54	Z11111	45	14.0	2.0	2800.8720046007556	2801.0688845821546
2801.132284561992	0.526879978564466	trials	210614TX	p54	Z11111	55	18.0	0.0	2801.282284561992	2801.5091645405564
2804.97488419894	0.5068399804576984	trials	210614TX	p54	Z11111	54	17.0	2.0	2805.12488419894	2805.3317241793975
2805.3951641592316	0.526879978564466	trials	210614TX	p54	Z11111	108	35.0	2.0	2805.5451641592317	2805.772044137796
2805.8454441166887	0.526879978564466	trials	210614TX	p54	Z11111	63	20.0	2.0	2805.9954441166888	2806.222324095253
2806.295764074142	0.49683998140289987	trials	210614TX	p54	Z11111	33	10.0	2.0	2806.445764074142	2806.642604055545
2806.726044033489	0.49687998139870615	trials	210614TX	p54	Z11111	16	5.0	0.0	2806.876044033489	2807.0729240148876
2807.1363239947254	0.526879978564466	trials	210614TX	p54	Z11111	58	19.0	0.0	2807.2863239947255	2807.51320397329
2807.566603954072	0.526879978564466	trials	210614TX	p54	Z11111	110	36.0	1.0	2807.716603954072	2807.9434839326364
2811.099003620328	0.5068399804576984	trials	210614TX	p54	Z11111	1	0.0	0.0	2811.249003620328	2811.4558436007856
2811.529283579675	0.49687998139870615	trials	210614TX	p54	Z11111	77	25.0	1.0	2811.679283579675	2811.8761635610736
2811.9295635418557	0.49683998140289987	trials	210614TX	p54	Z11111	44	14.0	1.0	2812.079563541856	2812.2764035232585
2812.3598435012027	0.5068799804539594	trials	210614TX	p54	Z11111	6	1.0	2.0	2812.509843501203	2812.7167234816566
2812.8001234596045	0.4968799813991609	trials	210614TX	p54	Z11111	48	15.0	2.0	2812.9501234596046	2813.1470034410036
2813.2304434189477	0.5068399804576984	trials	210614TX	p54	Z11111	94	31.0	0.0	2813.380443418948	2813.5872833994054
2813.6707233773495	0.526879978564466	trials	210614TX	p54	Z11111	104	34.0	1.0	2813.8207233773496	2814.047603355914
2817.103043053061	0.526879978564466	trials	210614TX	p54	Z11111	25	8.0	0.0	2817.253043053061	2817.4799230316253
2817.5533230105184	0.5268799785640113	trials	210614TX	p54	Z11111	53	17.0	1.0	2817.7033230105185	2817.9302029890823
2817.983642969861	0.526879978564466	trials	210614TX	p54	Z11111	84	27.0	2.0	2818.1336429698613	2818.3605229484256
2818.4239229282634	0.49687998139870615	trials	210614TX	p54	Z11111	97	32.0	0.0	2818.5739229282635	2818.770802909662
2818.85420288761	0.49687998139870615	trials	210614TX	p54	Z11111	20	6.0	1.0	2819.00420288761	2819.2010828690086
2819.294522846008	0.49683998140289987	trials	210614TX	p54	Z11111	101	33.0	1.0	2819.444522846008	2819.641362827411
2819.724802805355	0.4968399814024451	trials	210614TX	p54	Z11111	99	32.0	2.0	2819.874802805355	2820.0716427867574
2823.4272824555414	0.5068799804539594	trials	210614TX	p54	Z11111	102	33.0	2.0	2823.5772824555415	2823.7841624359953
2823.837562416778	0.49687998139870615	trials	210614TX	p54	Z11111	3	0.0	2.0	2823.987562416778	2824.1844423981765
2824.277882375176	0.4968399814024451	trials	210614TX	p54	Z11111	18	5.0	2.0	2824.427882375176	2824.6247223565783
2824.708162334523	0.4968399814024451	trials	210614TX	p54	Z11111	50	16.0	1.0	2824.858162334523	2825.0550023159253
2825.108402296708	0.5269199785602723	trials	210614TX	p54	Z11111	22	7.0	0.0	2825.258402296708	2825.485322275268
2825.5587222541612	0.49687998139870615	trials	210614TX	p54	Z11111	32	10.0	1.0	2825.7087222541613	2825.90560223556
2825.9690022153977	0.5268799785640113	trials	210614TX	p54	Z11111	62	20.0	1.0	2826.119002215398	2826.3458821939616
2829.5514018769295	0.5168799795092127	trials	210614TX	p54	Z11111	82	27.0	0.0	2829.7014018769296	2829.9182818564386
2829.9817218362723	0.4968399814024451	trials	210614TX	p54	Z11111	23	7.0	1.0	2830.1317218362724	2830.3285618176747
2830.4120017956193	0.4968399814024451	trials	210614TX	p54	Z11111	58	19.0	0.0	2830.5620017956194	2830.7588417770216
2830.8322817559106	0.526879978564466	trials	210614TX	p54	Z11111	78	25.0	2.0	2830.9822817559107	2831.209161734475
2831.292601712419	0.5068399804581531	trials	210614TX	p54	Z11111	51	16.0	2.0	2831.442601712419	2831.649441692877
2831.7328816708214	0.49687998139870615	trials	210614TX	p54	Z11111	28	9.0	0.0	2831.8828816708215	2832.07976165222
2832.163161630168	0.49687998139870615	trials	210614TX	p54	Z11111	76	25.0	0.0	2832.313161630168	2832.5100416115665
2835.8156412850785	0.5068399804576984	trials	210614TX	p54	Z11111	79	26.0	0.0	2835.9656412850786	2836.172481265536
2836.2359212453703	0.526879978564466	trials	210614TX	p54	Z11111	0			2836.3859212453704	2836.6128012239346
2836.6862012028273	0.526879978564466	trials	210614TX	p54	Z11111	119	39.0	1.0	2836.8362012028274	2837.0630811813917
2837.1365211602806	0.526879978564466	trials	210614TX	p54	Z11111	21	6.0	2.0	2837.2865211602807	2837.513401138845
2837.586841117734	0.49683998140289987	trials	210614TX	p54	Z11111	3	0.0	2.0	2837.736841117734	2837.9336810991367
2837.987081079919	0.526879978564466	trials	210614TX	p54	Z11111	37	12.0	0.0	2838.137081079919	2838.3639610584833
2838.417401039262	0.5068399804576984	trials	210614TX	p54	Z11111	91	30.0	0.0	2838.567401039262	2838.7742410197197
2841.9898007017387	0.5068399804576984	trials	210614TX	p54	Z11111	48	15.0	2.0	2842.1398007017387	2842.3466406821963
2842.4100806620304	0.5268799785640113	trials	210614TX	p54	Z11111	36	11.0	2.0	2842.5600806620305	2842.7869606405943
2842.840360621377	0.526879978564466	trials	210614TX	p54	Z11111	4	1.0	0.0	2842.990360621377	2843.2172405999413
2843.2906805788302	0.49683998140289987	trials	210614TX	p54	Z11111	82	27.0	0.0	2843.4406805788303	2843.637520560233
2843.690920541015	0.4968799813991609	trials	210614TX	p54	Z11111	31	10.0	0.0	2843.8409205410153	2844.0378005224143
2844.0912005031964	0.526879978564466	trials	210614TX	p54	Z11111	94	31.0	0.0	2844.2412005031965	2844.468080481761
2844.54152046065	0.4968399814024451	trials	210614TX	p54	Z11111	0			2844.6915204606503	2844.8883604420525
2848.1839601165093	0.5068799804539594	trials	210614TX	p54	Z11111	55	18.0	0.0	2848.3339601165094	2848.540840096963
2848.5942400777453	0.49683998140289987	trials	210614TX	p54	Z11111	63	20.0	2.0	2848.7442400777454	2848.941080059148
2849.0245200370923	0.49687998139870615	trials	210614TX	p54	Z11111	50	16.0	1.0	2849.1745200370924	2849.371400018491
2849.4247999992735	0.5368799776197193	trials	210614TX	p54	Z11111	84	27.0	2.0	2849.5747999992736	2849.811679976893
2849.8650799576753	0.526879978564466	trials	210614TX	p54	Z11111	32	10.0	1.0	2850.0150799576754	2850.2419599362397
2850.3153999151286	0.526879978564466	trials	210614TX	p54	Z11111	110	36.0	1.0	2850.4653999151287	2850.692279893693
2850.765679872586	0.49687998139870615	trials	210614TX	p54	Z11111	66	21.0	2.0	2850.915679872586	2851.1125598539847
2854.738359497244	0.5068799804539594	trials	210614TX	p54	Z11111	19	6.0	0.0	2854.888359497244	2855.0952394776978
2855.1486394584804	0.49687998139870615	trials	210614TX	p54	Z11111	81	26.0	2.0	2855.2986394584805	2855.495519439879
2855.578919417827	0.5368799776197193	trials	210614TX	p54	Z11111	97	32.0	0.0	2855.728919417827	2855.9657993954465
2856.02923937528	0.49683998140289987	trials	210614TX	p54	Z11111	70	23.0	0.0	2856.1792393752803	2856.376079356683
2858.610959131357	0.5068799804544142	trials	210614TX	p54	Z11111	2	0.0	1.0	2858.760959131357	2858.9678391118114
2859.031239091649	0.526879978564466	trials	210614TX	p54	Z11111	118	39.0	0.0	2859.181239091649	2859.408119070213
2859.481559049102	0.526879978564466	trials	210614TX	p54	Z11111	85	28.0	0.0	2859.631559049102	2859.8584390276665
2859.9318790065554	0.526879978564466	trials	210614TX	p54	Z11111	80	26.0	1.0	2860.0818790065555	2860.3087589851198
2860.382158964013	0.49687998139870615	trials	210614TX	p54	Z11111	39	12.0	2.0	2860.532158964013	2860.7290389454115
2860.8124389233594	0.49687998139870615	trials	210614TX	p54	Z11111	23	7.0	1.0	2860.9624389233595	2861.159318904758
2861.222718884596	0.526879978564466	trials	210614TX	p54	Z11111	18	5.0	2.0	2861.372718884596	2861.5995988631603
2864.8351585432897	0.5068799804539594	trials	210614TX	p54	Z11111	101	33.0	1.0	2864.98515854329	2865.1920385237436
2865.2454385045257	0.4968799813991609	trials	210614TX	p54	Z11111	6	1.0	2.0	2865.395438504526	2865.592318485925
2865.6857584629242	0.5268399785677502	trials	210614TX	p54	Z11111	90	29.0	2.0	2865.8357584629243	2866.062598441492
2866.116038422271	0.4968399814024451	trials	210614TX	p54	Z11111	52	17.0	0.0	2866.266038422271	2866.462878403673
2866.5263183835073	0.526879978564466	trials	210614TX	p54	Z11111	54	17.0	2.0	2866.6763183835074	2866.9031983620716
2866.966598341909	0.5068799804539594	trials	210614TX	p54	Z11111	102	33.0	2.0	2867.116598341909	2867.323478322363
2867.4068783003113	0.49687998139870615	trials	210614TX	p54	Z11111	13	4.0	0.0	2867.5568783003114	2867.75375828171
2870.8792379722395	0.5068799804539594	trials	210614TX	p54	Z11111	114	37.0	2.0	2871.0292379722396	2871.2361179526933
2871.289517933476	0.526879978564466	trials	210614TX	p54	Z11111	104	34.0	1.0	2871.439517933476	2871.6663979120403
2871.739797890933	0.4968799813991609	trials	210614TX	p54	Z11111	60	19.0	2.0	2871.889797890933	2872.086677872332
2872.1701178502763	0.4968399814024451	trials	210614TX	p54	Z11111	5	1.0	1.0	2872.3201178502763	2872.5169578316786
2872.570357812461	0.5368799776192645	trials	210614TX	p54	Z11111	7	2.0	0.0	2872.7203578124613	2872.9572377900804
2873.0106777708593	0.526879978564466	trials	210614TX	p54	Z11111	10	3.0	0.0	2873.1606777708594	2873.3875577494236
2873.4409577302063	0.5368799776192645	trials	210614TX	p54	Z11111	105	34.0	2.0	2873.5909577302064	2873.8278377078254
2877.1034373841717	0.5068399804581531	trials	210614TX	p54	Z11111	9	2.0	2.0	2877.253437384172	2877.4602773646297
2877.543717342574	0.49687998139870615	trials	210614TX	p54	Z11111	33	10.0	2.0	2877.693717342574	2877.8905973239725
2877.9739973019205	0.4968799813991609	trials	210614TX	p54	Z11111	20	6.0	1.0	2878.1239973019206	2878.3208772833195
2878.3742772641017	0.5368799776197193	trials	210614TX	p54	Z11111	117	38.0	2.0	2878.524277264102	2878.7611572417213
2878.814557222504	0.49687998139870615	trials	210614TX	p54	Z11111	16	5.0	0.0	2878.964557222504	2879.1614372039026
2879.2448771818467	0.4968399814024451	trials	210614TX	p54	Z11111	87	28.0	2.0	2879.394877181847	2879.591717163249
2879.685157140249	0.5268799785640113	trials	210614TX	p54	Z11111	116	38.0	1.0	2879.835157140249	2880.062037118813
2883.287596799887	0.5168399795129517	trials	210614TX	p54	Z11111	113	37.0	1.0	2883.437596799887	2883.6544367794
2883.707876760179	0.5368799776192645	trials	210614TX	p54	Z11111	107	35.0	1.0	2883.857876760179	2884.094756737798
2884.1781967157426	0.4968399814024451	trials	210614TX	p54	Z11111	1	0.0	0.0	2884.3281967157427	2884.525036697145
2884.588436676983	0.5269199785602723	trials	210614TX	p54	Z11111	73	24.0	0.0	2884.738436676983	2884.965356655543
2885.0487566334914	0.49687998139870615	trials	210614TX	p54	Z11111	26	8.0	1.0	2885.1987566334915	2885.39563661489
2885.4890765918894	0.526879978564466	trials	210614TX	p54	Z11111	22	7.0	0.0	2885.6390765918895	2885.865956570454
2885.9193565512364	0.5268799785640113	trials	210614TX	p54	Z11111	103	34.0	0.0	2886.0693565512365	2886.2962365298004
2889.4417162184404	0.5068799804539594	trials	210614TX	p54	Z11111	59	19.0	1.0	2889.5917162184405	2889.7985961988943
2889.851996179677	0.526879978564466	trials	210614TX	p54	Z11111	14	4.0	1.0	2890.001996179677	2890.2288761582413
2890.30231613713	0.49683998140289987	trials	210614TX	p54	Z11111	120	39.0	2.0	2890.4523161371303	2890.649156118533
2890.732596096477	0.5368799776197193	trials	210614TX	p54	Z11111	92	30.0	1.0	2890.8825960964773	2891.119476074097
2891.1929160529858	0.4968399814024451	trials	210614TX	p54	Z11111	42	13.0	2.0	2891.342916052986	2891.539756034388
2891.6231960123328	0.4968399814024451	trials	210614TX	p54	Z11111	67	22.0	0.0	2891.773196012333	2891.970035993735
2892.0234759745135	0.5068399804581531	trials	210614TX	p54	Z11111	62	20.0	1.0	2892.1734759745136	2892.3803159549716
2895.9160756067376	0.5168799795092127	trials	210614TX	p54	Z11111	95	31.0	1.0	2896.0660756067377	2896.2829555862468
2896.336355567029	0.526879978564466	trials	210614TX	p54	Z11111	64	21.0	0.0	2896.486355567029	2896.7132355455933
2896.7866755244827	0.5368799776192645	trials	210614TX	p54	Z11111	75	24.0	2.0	2896.936675524483	2897.173555502102
2899.4084352767763	0.5168799795092127	trials	210614TX	p54	Z11111	93	30.0	2.0	2899.5584352767764	2899.7753152562855
2899.8387152361233	0.5268799785640113	trials	210614TX	p54	Z11111	56	18.0	1.0	2899.9887152361234	2900.2155952146873
2900.269035195466	0.526839978568205	trials	210614TX	p54	Z11111	45	14.0	2.0	2900.419035195466	2900.6458751740342
2900.719315152923	0.49687998139870615	trials	210614TX	p54	Z11111	99	32.0	2.0	2900.8693151529233	2901.066195134322
2901.1595951113254	0.5268799785640113	trials	210614TX	p54	Z11111	15	4.0	2.0	2901.3095951113255	2901.5364750898893
2901.589915070668	0.526879978564466	trials	210614TX	p54	Z11111	41	13.0	1.0	2901.7399150706683	2901.9667950492326
2902.03019502907	0.526879978564466	trials	210614TX	p54	Z11111	83	27.0	1.0	2902.18019502907	2902.4070750076344
2905.5825946934365	0.5168799795092127	trials	210614TX	p54	Z11111	100	33.0	0.0	2905.7325946934366	2905.9494746729456
2906.0028746537278	0.5068799804544142	trials	210614TX	p54	Z11111	61	20.0	0.0	2906.152874653728	2906.359754634182
2906.44315461213	0.526879978564466	trials	210614TX	p54	Z11111	30	9.0	2.0	2906.59315461213	2906.8200345906944
2906.8934745695833	0.4968399814024451	trials	210614TX	p54	Z11111	115	38.0	0.0	2907.0434745695834	2907.2403145509857
2907.313754529875	0.526879978564466	trials	210614TX	p54	Z11111	106	35.0	0.0	2907.463754529875	2907.6906345084394
2907.784074485439	0.526879978564466	trials	210614TX	p54	Z11111	44	14.0	1.0	2907.934074485439	2908.160954464003
2908.2143544447854	0.4968799813991609	trials	210614TX	p54	Z11111	11	3.0	1.0	2908.3643544447855	2908.5612344261845
2911.786754107262	0.5068799804544142	trials	210614TX	p54	Z11111	46	15.0	0.0	2911.936754107262	2912.1436340877162
2912.2270740656604	0.4968399814024451	trials	210614TX	p54	Z11111	43	14.0	0.0	2912.3770740656605	2912.5739140470628
2912.6473540259517	0.49683998140289987	trials	210614TX	p54	Z11111	17	5.0	1.0	2912.797354025952	2912.9941940073545
2913.0776339852987	0.4968399814024451	trials	210614TX	p54	Z11111	88	29.0	0.0	2913.227633985299	2913.424473966701
2913.487913946535	0.526879978564466	trials	210614TX	p54	Z11111	96	31.0	2.0	2913.6379139465353	2913.8647939250995
2913.9382339039885	0.526879978564466	trials	210614TX	p54	Z11111	24	7.0	2.0	2914.0882339039886	2914.315113882553
2914.3885138614455	0.526879978564466	trials	210614TX	p54	Z11111	109	36.0	0.0	2914.5385138614456	2914.76539384001
2917.9709135229773	0.5068799804539594	trials	210614TX	p54	Z11111	35	11.0	1.0	2918.1209135229774	2918.327793503431
2918.381193484214	0.49687998139870615	trials	210614TX	p54	Z11111	108	35.0	2.0	2918.531193484214	2918.7280734656124
2918.821513442612	0.526879978564466	trials	210614TX	p54	Z11111	65	21.0	1.0	2918.971513442612	2919.198393421176
2919.271793400069	0.526879978564466	trials	210614TX	p54	Z11111	38	12.0	1.0	2919.421793400069	2919.6486733786332
2919.702073359416	0.5369199776159803	trials	210614TX	p54	Z11111	74	24.0	1.0	2919.852073359416	2920.0889933370318
2920.1723933149797	0.49687998139870615	trials	210614TX	p54	Z11111	29	9.0	1.0	2920.3223933149798	2920.5192732963783
2920.6027132743225	0.5068399804576984	trials	210614TX	p54	Z11111	72	23.0	2.0	2920.7527132743226	2920.95955325478
2924.295192925454	0.5168799795092127	trials	210614TX	p54	Z11111	68	22.0	1.0	2924.445192925454	2924.662072904963
2924.7254728848006	0.526879978564466	trials	210614TX	p54	Z11111	57	18.0	2.0	2924.8754728848007	2925.102352863365
2925.185792841309	0.5368799776197193	trials	210614TX	p54	Z11111	77	25.0	1.0	2925.3357928413093	2925.572672818929
2925.6360727987667	0.5068799804535047	trials	210614TX	p54	Z11111	49	16.0	0.0	2925.786072798767	2925.99295277922
2926.0763927571647	0.4968399814024451	trials	210614TX	p54	Z11111	86	28.0	1.0	2926.226392757165	2926.423232738567
2926.4966727174565	0.5268799785640113	trials	210614TX	p54	Z11111	12	3.0	2.0	2926.6466727174566	2926.8735526960204
2926.9469526749135	0.526879978564466	trials	210614TX	p54	Z11111	27	8.0	2.0	2927.0969526749136	2927.323832653478
2932.9910321038637	0.5068799804539594	trials	210614TX	p54	Z11111	111	36.0	2.0	2933.141032103864	2933.3479120843176
2933.4213120632103	0.49687998139870615	trials	210614TX	p54	Z11111	0			2933.5713120632104	2933.768192044609
2933.8516320225535	0.4968399814024451	trials	210614TX	p54	Z11111	98	32.0	1.0	2934.0016320225536	2934.198472003956
2934.2919119809553	0.526879978564466	trials	210614TX	p54	Z11111	47	15.0	1.0	2934.4419119809554	2934.6687919595197
2934.7221919403023	0.49687998139870615	trials	210614TX	p54	Z11111	40	13.0	0.0	2934.8721919403024	2935.069071921701
2935.152511899645	0.5068399804576984	trials	210614TX	p54	Z11111	25	8.0	0.0	2935.302511899645	2935.5093518801027
2935.592791858047	0.49683998140289987	trials	210614TX	p54	Z11111	53	17.0	1.0	2935.742791858047	2935.9396318394497
2939.0751115290345	0.526919978560727	trials	210614TX	p54	Z11111	69	22.0	2.0	2939.2251115290346	2939.452031507595
2939.525431486488	0.526879978564466	trials	210614TX	p54	Z11111	71	23.0	1.0	2939.675431486488	2939.902311465052
2939.955711445835	0.5369199776155256	trials	210614TX	p54	Z11111	34	11.0	0.0	2940.105711445835	2940.3426314234503
2940.396031404233	0.526879978564466	trials	210614TX	p54	Z11111	0			2940.546031404233	2940.7729113827972
2940.8263113635794	0.4968799813991609	trials	210614TX	p54	Z11111	8	2.0	1.0	2940.9763113635795	2941.1731913449785
2941.2265913257606	0.526879978564466	trials	210614TX	p54	Z11111	89	29.0	1.0	2941.3765913257607	2941.603471304325
2941.666871284163	0.49687998139870615	trials	210614TX	p54	Z11111	112	37.0	0.0	2941.816871284163	2942.0137512655615
2945.179230952312	0.526879978564466	trials	210614TX	p54	Z11111	7	2.0	0.0	2945.329230952312	2945.5561109308765
2945.6295509097654	0.4968399814024451	trials	210614TX	p54	Z11111	50	16.0	1.0	2945.7795509097655	2945.9763908911677
2946.059830869112	0.4968799813991609	trials	210614TX	p54	Z11111	120	39.0	2.0	2946.209830869112	2946.406710850511
2946.5001508275104	0.526839978568205	trials	210614TX	p54	Z11111	94	31.0	0.0	2946.6501508275105	2946.8769908060785
2946.930430786857	0.49683998140289987	trials	210614TX	p54	Z11111	103	34.0	0.0	2947.080430786857	2947.2772707682598
2947.370710745259	0.5268799785640113	trials	210614TX	p54	Z11111	66	21.0	2.0	2947.5207107452593	2947.747590723823
2947.8009907046057	0.49687998139870615	trials	210614TX	p54	Z11111	0			2947.950990704606	2948.1478706860044
2951.573550348171	0.5168799795092127	trials	210614TX	p54	Z11111	108	35.0	2.0	2951.723550348171	2951.94043032768
2954.325390088175	0.5168799795092127	trials	210614TX	p54	Z11111	90	29.0	2.0	2954.475390088175	2954.692270067684
2954.7556700475216	0.5168799795092127	trials	210614TX	p54	Z11111	16	5.0	0.0	2954.9056700475217	2955.1225500270307
2955.1759900078096	0.526879978564466	trials	210614TX	p54	Z11111	101	33.0	1.0	2955.3259900078097	2955.552869986374
2955.6262699652666	0.5368799776197193	trials	210614TX	p54	Z11111	79	26.0	0.0	2955.7762699652667	2956.0131499428862
2956.07658992272	0.5068399804581531	trials	210614TX	p54	Z11111	5	1.0	1.0	2956.22658992272	2956.433429903178
2956.516869881122	0.5268799785640113	trials	210614TX	p54	Z11111	102	33.0	2.0	2956.6668698811222	2956.893749859686
2956.9471498404687	0.5369199776159803	trials	210614TX	p54	Z11111	29	9.0	1.0	2957.097149840469	2957.3340698180846
2960.589629496324	0.5068399804581531	trials	210614TX	p54	Z11111	118	39.0	0.0	2960.739629496324	2960.946469476782
2961.009909456616	0.4968399814024451	trials	210614TX	p54	Z11111	0			2961.159909456616	2961.356749438018
2961.4301894169075	0.4968399814024451	trials	210614TX	p54	Z11111	51	16.0	2.0	2961.5801894169076	2961.77702939831
2964.1119891635285	0.5068799804539594	trials	210614TX	p54	Z11111	60	19.0	2.0	2964.2619891635286	2964.4688691439824
2964.5422691228755	0.49687998139870615	trials	210614TX	p54	Z11111	76	25.0	0.0	2964.6922691228756	2964.889149104274
2964.9425490850567	0.4968399814024451	trials	210614TX	p54	Z11111	52	17.0	0.0	2965.092549085057	2965.289389066459
2965.3828290434585	0.526879978564466	trials	210614TX	p54	Z11111	32	10.0	1.0	2965.5328290434586	2965.759709022023
2965.843148999967	0.5368799776197193	trials	210614TX	p54	Z11111	26	8.0	1.0	2965.993148999967	2966.2300289775867
2966.313468955531	0.4968399814024451	trials	210614TX	p54	Z11111	27	8.0	2.0	2966.463468955531	2966.6603089369332
2966.7537489139327	0.526879978564466	trials	210614TX	p54	Z11111	53	17.0	1.0	2966.9037489139328	2967.130628892497
2970.296148579244	0.526879978564466	trials	210614TX	p54	Z11111	37	12.0	0.0	2970.446148579244	2970.6730285578083
2970.746468536697	0.4968399814024451	trials	210614TX	p54	Z11111	85	28.0	0.0	2970.8964685366973	2971.0933085180995
2971.166748496989	0.4968399814024451	trials	210614TX	p54	Z11111	86	28.0	1.0	2971.316748496989	2971.5135884783913
2971.566988459174	0.49687998139870615	trials	210614TX	p54	Z11111	100	33.0	0.0	2971.716988459174	2971.9138684405725
2971.9973084185167	0.5068399804576984	trials	210614TX	p54	Z11111	8	2.0	1.0	2972.147308418517	2972.3541483989743
2972.437588376919	0.49687998139870615	trials	210614TX	p54	Z11111	10	3.0	0.0	2972.587588376919	2972.7844683583176
2972.8378683391	0.5268799785640113	trials	210614TX	p54	Z11111	40	13.0	0.0	2972.9878683391003	2973.214748317664
2982.4943474267475	0.5068799804539594	trials	210614TX	p54	Z11111	1	0.0	0.0	2982.6443474267476	2982.8512274072013
2982.904627387984	0.5268799785640113	trials	210614TX	p54	Z11111	89	29.0	1.0	2983.054627387984	2983.281507366548
2989.338946780064	0.5168799795092127	trials	210614TX	p54	Z11111	110	36.0	1.0	2989.488946780064	2989.705826759573
2989.779266738462	0.526879978564466	trials	210614TX	p54	Z11111	64	21.0	0.0	2989.929266738462	2990.1561467170263
2990.229546695919	0.49687998139870615	trials	210614TX	p54	Z11111	109	36.0	0.0	2990.379546695919	2990.5764266773176
2993.711906366903	0.5168799795092127	trials	210614TX	p54	Z11111	65	21.0	1.0	2993.861906366903	2994.078786346412
2994.1421863262494	0.5168799795092127	trials	210614TX	p54	Z11111	105	34.0	2.0	2994.2921863262495	2994.5090663057586
2994.562466286541	0.526879978564466	trials	210614TX	p54	Z11111	99	32.0	2.0	2994.7124662865413	2994.9393462651055
2995.0127862439945	0.4968399814024451	trials	210614TX	p54	Z11111	12	3.0	2.0	2995.1627862439946	2995.359626225397
3001.1269056663273	0.5168799795092127	trials	210614TX	p54	Z11111	6	1.0	2.0	3001.2769056663274	3001.4937856458364
3001.5771856237843	0.526879978564466	trials	210614TX	p54	Z11111	42	13.0	2.0	3001.7271856237844	3001.9540656023487
3002.037505580293	0.5368799776197193	trials	210614TX	p54	Z11111	3	0.0	2.0	3002.187505580293	3002.4243855579125
3002.4778255386914	0.4968399814024451	trials	210614TX	p54	Z11111	4	1.0	0.0	3002.6278255386915	3002.8246655200937
3002.908105498038	0.4968399814024451	trials	210614TX	p54	Z11111	106	35.0	0.0	3003.058105498038	3003.2549454794403
3003.3483854564397	0.526879978564466	trials	210614TX	p54	Z11111	84	27.0	2.0	3003.49838545644	3003.725265435004
3003.7987054138935	0.4968399814024451	trials	210614TX	p54	Z11111	93	30.0	2.0	3003.9487054138935	3004.145545395296
3010.4431847861174	0.5268799785640113	trials	210614TX	p54	Z11111	39	12.0	2.0	3010.5931847861175	3010.8200647646813
3010.873464745464	0.5068799804539594	trials	210614TX	p54	Z11111	61	20.0	0.0	3011.023464745464	3011.230344725918
3011.3037447048105	0.4968799813991609	trials	210614TX	p54	Z11111	55	18.0	0.0	3011.4537447048106	3011.6506246862095
3011.744064663209	0.526879978564466	trials	210614TX	p54	Z11111	104	34.0	1.0	3011.894064663209	3012.1209446417733
3012.194344620666	0.49687998139870615	trials	210614TX	p54	Z11111	21	6.0	2.0	3012.344344620666	3012.5412246020646
3014.6259843909224	0.5068799804539594	trials	210614TX	p54	Z11111	22	7.0	0.0	3014.7759843909225	3014.9828643713763
3015.036264352159	0.4968399814024451	trials	210614TX	p54	Z11111	45	14.0	2.0	3015.186264352159	3015.3831043335613
3015.466544311506	0.49687998139870615	trials	210614TX	p54	Z11111	92	30.0	1.0	3015.616544311506	3015.8134242929045
3015.8768242727424	0.49687998139870615	trials	210614TX	p54	Z11111	57	18.0	2.0	3016.0268242727425	3016.223704254141
3016.307104232089	0.49687998139870615	trials	210614TX	p54	Z11111	67	22.0	0.0	3016.457104232089	3016.6539842134875
3016.70738419427	0.526879978564466	trials	210614TX	p54	Z11111	56	18.0	1.0	3016.8573841942703	3017.0842641728345
3019.189063959799	0.5268799785640113	trials	210614TX	p54	Z11111	18	5.0	2.0	3019.339063959799	3019.565943938363
3019.6193439191456	0.526879978564466	trials	210614TX	p54	Z11111	15	4.0	2.0	3019.7693439191457	3019.99622389771
3020.069663876599	0.4968399814024451	trials	210614TX	p54	Z11111	119	39.0	1.0	3020.219663876599	3020.4165038580013
3020.499943835946	0.5068799804539594	trials	210614TX	p54	Z11111	44	14.0	1.0	3020.649943835946	3020.8568238164
3020.9402237943477	0.49687998139870615	trials	210614TX	p54	Z11111	46	15.0	0.0	3021.090223794348	3021.2871037757463
3021.340503756529	0.49687998139870615	trials	210614TX	p54	Z11111	91	30.0	0.0	3021.490503756529	3021.6873837379276
3021.770783715876	0.5068799804539594	trials	210614TX	p54	Z11111	116	38.0	1.0	3021.920783715876	3022.12766369633
3025.6233833518786	0.5068799804539594	trials	210614TX	p54	Z11111	14	4.0	1.0	3025.7733833518787	3025.9802633323325
3026.0536633112256	0.49687998139870615	trials	210614TX	p54	Z11111	23	7.0	1.0	3026.2036633112257	3026.400543292624
3026.463943272462	0.526879978564466	trials	210614TX	p54	Z11111	72	23.0	2.0	3026.613943272462	3026.8408232510264
3026.894263231805	0.526879978564466	trials	210614TX	p54	Z11111	80	26.0	1.0	3027.044263231805	3027.2711432103692
3027.324543191152	0.5368799776192645	trials	210614TX	p54	Z11111	19	6.0	0.0	3027.474543191152	3027.711423168771
3027.774823148609	0.5068799804539594	trials	210614TX	p54	Z11111	28	9.0	0.0	3027.924823148609	3028.1317031290628
3028.1851031098454	0.526879978564466	trials	210614TX	p54	Z11111	87	28.0	2.0	3028.3351031098455	3028.5619830884098
3032.498022702357	0.5068799804539594	trials	210614TX	p54	Z11111	30	9.0	2.0	3032.648022702357	3032.854902682811
3032.9183026626483	0.526879978564466	trials	210614TX	p54	Z11111	107	35.0	1.0	3033.0683026626484	3033.2951826412127
3033.368582620106	0.49687998139870615	trials	210614TX	p54	Z11111	113	37.0	1.0	3033.518582620106	3033.7154626015044
3033.7989025794486	0.4968399814024451	trials	210614TX	p54	Z11111	95	31.0	1.0	3033.9489025794487	3034.145742560851
3034.209182540685	0.526879978564466	trials	210614TX	p54	Z11111	117	38.0	2.0	3034.359182540685	3034.5860625192495
3034.649462499087	0.5068799804539594	trials	210614TX	p54	Z11111	62	20.0	1.0	3034.799462499087	3035.0063424795408
3035.089742457489	0.49687998139870615	trials	210614TX	p54	Z11111	35	11.0	1.0	3035.2397424574892	3035.4366224388878
3039.2225420670184	0.5068799804544142	trials	210614TX	p54	Z11111	75	24.0	2.0	3039.3725420670185	3039.5794220474727
3039.6528220263654	0.49687998139870615	trials	210614TX	p54	Z11111	88	29.0	0.0	3039.8028220263654	3039.999702007764
3040.063101987602	0.5268799785640113	trials	210614TX	p54	Z11111	68	22.0	1.0	3040.213101987602	3040.4399819661658
3040.503421946	0.4968399814024451	trials	210614TX	p54	Z11111	98	32.0	1.0	3040.653421946	3040.8502619274022
3040.943701904402	0.5268799785640113	trials	210614TX	p54	Z11111	74	24.0	1.0	3041.093701904402	3041.320581882966
3041.3940218618554	0.4968399814024451	trials	210614TX	p54	Z11111	9	2.0	2.0	3041.5440218618555	3041.740861843258
3041.7942618240404	0.49687998139870615	trials	210614TX	p54	Z11111	81	26.0	2.0	3041.9442618240405	3042.141141805439
3045.626861461933	0.5068399804576984	trials	210614TX	p54	Z11111	0			3045.776861461933	3045.9837014423906
3046.0571414212795	0.49687998139870615	trials	210614TX	p54	Z11111	82	27.0	0.0	3046.2071414212796	3046.404021402678
3046.497421379682	0.526879978564466	trials	210614TX	p54	Z11111	34	11.0	0.0	3046.647421379682	3046.874301358246
3046.9277413390246	0.526879978564466	trials	210614TX	p54	Z11111	41	13.0	1.0	3047.0777413390247	3047.304621317589
3047.3780212964816	0.4968799813991609	trials	210614TX	p54	Z11111	38	12.0	1.0	3047.5280212964817	3047.7249012778807
3047.788301257718	0.49687998139870615	trials	210614TX	p54	Z11111	31	10.0	0.0	3047.938301257718	3048.1351812391167
3048.218581217065	0.49687998139870615	trials	210614TX	p54	Z11111	49	16.0	0.0	3048.368581217065	3048.5654611984637
3052.191260841723	0.5068799804539594	trials	210614TX	p54	Z11111	115	38.0	0.0	3052.341260841723	3052.5481408221767
3052.6015408029593	0.526879978564466	trials	210614TX	p54	Z11111	69	22.0	2.0	3052.7515408029594	3052.9784207815237
3053.0518607604126	0.4968399814024451	trials	210614TX	p54	Z11111	111	36.0	2.0	3053.2018607604127	3053.398700741815
3053.482140719759	0.49687998139870615	trials	210614TX	p54	Z11111	97	32.0	0.0	3053.6321407197593	3053.829020701158
3053.8924206809957	0.526879978564466	trials	210614TX	p54	Z11111	47	15.0	1.0	3054.0424206809957	3054.26930065956
3054.3227006403426	0.526879978564466	trials	210614TX	p54	Z11111	36	11.0	2.0	3054.4727006403427	3054.699580618907
3054.752980599689	0.5369199776159803	trials	210614TX	p54	Z11111	63	20.0	2.0	3054.9029805996893	3055.139900577305
3058.625620233799	0.5068399804576984	trials	210614TX	p54	Z11111	83	27.0	1.0	3058.775620233799	3058.9824602142567
3059.0559001931456	0.4968399814024451	trials	210614TX	p54	Z11111	25	8.0	0.0	3059.2059001931457	3059.402740174548
3059.456180155327	0.526879978564466	trials	210614TX	p54	Z11111	11	3.0	1.0	3059.606180155327	3059.833060133891
3059.886460114674	0.5068399804576984	trials	210614TX	p54	Z11111	24	7.0	2.0	3060.036460114674	3060.2433000951314
3060.2967400759103	0.4968399814024451	trials	210614TX	p54	Z11111	17	5.0	1.0	3060.4467400759104	3060.6435800573126
3060.727020035257	0.4968399814024451	trials	210614TX	p54	Z11111	59	19.0	1.0	3060.877020035257	3061.073860016659
3061.127299997438	0.526879978564466	trials	210614TX	p54	Z11111	77	25.0	1.0	3061.277299997438	3061.5041799760024
3065.159979616427	0.5168799795092127	trials	210614TX	p54	Z11111	2	0.0	1.0	3065.309979616427	3065.526859595936
3065.580299576715	0.526879978564466	trials	210614TX	p54	Z11111	71	23.0	1.0	3065.730299576715	3065.9571795552793
3066.0105795360614	0.526879978564466	trials	210614TX	p54	Z11111	78	25.0	2.0	3066.1605795360615	3066.387459514626
3066.460859493519	0.49687998139870615	trials	210614TX	p54	Z11111	48	15.0	2.0	3066.610859493519	3066.8077394749175
3066.901179451917	0.526879978564466	trials	210614TX	p54	Z11111	43	14.0	0.0	3067.051179451917	3067.2780594304813
3067.331459411264	0.5268799785640113	trials	210614TX	p54	Z11111	54	17.0	2.0	3067.481459411264	3067.708339389828
3067.7817793687173	0.5368799776192645	trials	210614TX	p54	Z11111	112	37.0	0.0	3067.9317793687173	3068.1686593463364
3071.674379000941	0.5168799795092127	trials	210614TX	p54	Z11111	70	23.0	0.0	3071.824379000941	3072.04125898045
3072.104658960288	0.49687998139870615	trials	210614TX	p54	Z11111	33	10.0	2.0	3072.254658960288	3072.4515389416865
3072.5349789196307	0.4968399814024451	trials	210614TX	p54	Z11111	73	24.0	0.0	3072.684978919631	3072.881818901033
3072.9352188818157	0.526879978564466	trials	210614TX	p54	Z11111	0			3073.0852188818158	3073.31209886038
3073.385538839269	0.4968399814024451	trials	210614TX	p54	Z11111	20	6.0	1.0	3073.535538839269	3073.7323788206713
3073.7958188005055	0.526879978564466	trials	210614TX	p54	Z11111	13	4.0	0.0	3073.9458188005055	3074.17269877907
3074.2360987589072	0.5068799804539594	trials	210614TX	p54	Z11111	96	31.0	2.0	3074.3860987589073	3074.592978739361
3078.45893835993	0.526879978564466	trials	210614TX	p54	Z11111	58	19.0	0.0	3078.60893835993	3078.8358183384944
3078.9092583173833	0.526879978564466	trials	210614TX	p54	Z11111	114	37.0	2.0	3079.0592583173834	3079.2861382959477
3079.3595382748404	0.49687998139870615	trials	210614TX	p54	Z11111	14	4.0	1.0	3079.5095382748405	3079.706418256239
3079.7898582341836	0.5068399804576984	trials	210614TX	p54	Z11111	95	31.0	1.0	3079.9398582341837	3080.146698214641
3080.2001381954196	0.526879978564466	trials	210614TX	p54	Z11111	0			3080.3501381954197	3080.577018173984
3080.6304181547666	0.526879978564466	trials	210614TX	p54	Z11111	18	5.0	2.0	3080.7804181547667	3081.007298133331
3081.0806981122237	0.49687998139870615	trials	210614TX	p54	Z11111	110	36.0	1.0	3081.2306981122238	3081.4275780936223
3084.9132977501163	0.5168799795092127	trials	210614TX	p54	Z11111	69	22.0	2.0	3085.0632977501164	3085.2801777296254
3085.333577710408	0.526879978564466	trials	210614TX	p54	Z11111	111	36.0	2.0	3085.483577710408	3085.7104576889724
3085.763857669755	0.49687998139870615	trials	210614TX	p54	Z11111	52	17.0	0.0	3085.913857669755	3086.1107376511536
3086.194177629098	0.4968399814024451	trials	210614TX	p54	Z11111	66	21.0	2.0	3086.344177629098	3086.5410176105
3086.604417590338	0.5268799785640113	trials	210614TX	p54	Z11111	42	13.0	2.0	3086.754417590338	3086.981297568902
3087.034737549681	0.526879978564466	trials	210614TX	p54	Z11111	118	39.0	0.0	3087.184737549681	3087.411617528245
3087.465017509028	0.5068799804539594	trials	210614TX	p54	Z11111	88	29.0	0.0	3087.615017509028	3087.8218974894817
3091.637817114778	0.526879978564466	trials	210614TX	p54	Z11111	65	21.0	1.0	3091.787817114778	3092.0146970933424
3092.0680970741246	0.4968799813991609	trials	210614TX	p54	Z11111	105	34.0	2.0	3092.2180970741247	3092.4149770555237
3092.498417033468	0.5068399804576984	trials	210614TX	p54	Z11111	45	14.0	2.0	3092.648417033468	3092.8552570139254
3092.9386969918696	0.49687998139870615	trials	210614TX	p54	Z11111	49	16.0	0.0	3093.0886969918697	3093.2855769732682
3093.338976954051	0.526879978564466	trials	210614TX	p54	Z11111	44	14.0	1.0	3093.488976954051	3093.715856932615
3093.779256912453	0.5268799785640113	trials	210614TX	p54	Z11111	11	3.0	1.0	3093.929256912453	3094.156136891017
3094.2095368717996	0.526879978564466	trials	210614TX	p54	Z11111	20	6.0	1.0	3094.3595368717997	3094.586416850364
3098.112176503075	0.5068799804539594	trials	210614TX	p54	Z11111	0			3098.262176503075	3098.4690564835287
3098.542456462422	0.49687998139870615	trials	210614TX	p54	Z11111	82	27.0	0.0	3098.692456462422	3098.8893364438204
3098.9727764217646	0.4968399814024451	trials	210614TX	p54	Z11111	31	10.0	0.0	3099.1227764217647	3099.319616403167
3099.383016383005	0.526919978560727	trials	210614TX	p54	Z11111	33	10.0	2.0	3099.533016383005	3099.7599363615655
3099.833336340458	0.4968799813991609	trials	210614TX	p54	Z11111	117	38.0	2.0	3099.983336340458	3100.180216321857
3100.263616299805	0.49687998139870615	trials	210614TX	p54	Z11111	58	19.0	0.0	3100.413616299805	3100.6104962812037
3100.6638962619863	0.5268799785640113	trials	210614TX	p54	Z11111	92	30.0	1.0	3100.8138962619864	3101.0407762405503
3104.5364958960995	0.526879978564466	trials	210614TX	p54	Z11111	19	6.0	0.0	3104.6864958960996	3104.913375874664
3104.976815854498	0.5368799776192645	trials	210614TX	p54	Z11111	74	24.0	1.0	3105.126815854498	3105.363695832117
3105.427095811955	0.5068799804539594	trials	210614TX	p54	Z11111	116	38.0	1.0	3105.577095811955	3105.783975792409
3105.867415770353	0.4968399814024451	trials	210614TX	p54	Z11111	73	24.0	0.0	3106.017415770353	3106.2142557517554
3106.267655732538	0.526879978564466	trials	210614TX	p54	Z11111	104	34.0	1.0	3106.417655732538	3106.6445357111024
3106.7079756909366	0.5268799785640113	trials	210614TX	p54	Z11111	38	12.0	1.0	3106.8579756909367	3107.0848556695005
3107.138255650283	0.526879978564466	trials	210614TX	p54	Z11111	75	24.0	2.0	3107.288255650283	3107.5151356288475
3111.0108552843963	0.5068799804544142	trials	210614TX	p54	Z11111	56	18.0	1.0	3111.1608552843963	3111.3677352648506
3111.4211352456327	0.49687998139870615	trials	210614TX	p54	Z11111	12	3.0	2.0	3111.571135245633	3111.7680152270314
3111.8514152049797	0.5369199776159803	trials	210614TX	p54	Z11111	27	8.0	2.0	3112.00141520498	3112.2383351825956
3112.291735163378	0.526879978564466	trials	210614TX	p54	Z11111	103	34.0	0.0	3112.441735163378	3112.668615141942
3112.7220151227248	0.5268799785640113	trials	210614TX	p54	Z11111	51	16.0	2.0	3112.872015122725	3113.0988951012887
3113.1622950811266	0.526879978564466	trials	210614TX	p54	Z11111	60	19.0	2.0	3113.3122950811266	3113.539175059691
3113.59261504047	0.526879978564466	trials	210614TX	p54	Z11111	107	35.0	1.0	3113.74261504047	3113.969495019034
3117.4451746764767	0.5068799804539594	trials	210614TX	p54	Z11111	25	8.0	0.0	3117.5951746764767	3117.8020546569305
3117.8754946358195	0.4968399814024451	trials	210614TX	p54	Z11111	93	30.0	2.0	3118.0254946358195	3118.222334617222
3118.2757345980044	0.526919978560727	trials	210614TX	p54	Z11111	91	30.0	0.0	3118.4257345980045	3118.652654576565
3118.7160545564025	0.526879978564466	trials	210614TX	p54	Z11111	28	9.0	0.0	3118.8660545564026	3119.092934534967
3119.166374513856	0.526839978568205	trials	210614TX	p54	Z11111	37	12.0	0.0	3119.3163745138563	3119.5432144924243
3119.6166544713133	0.49687998139870615	trials	210614TX	p54	Z11111	0			3119.7666544713134	3119.963534452712
3120.016934433494	0.526879978564466	trials	210614TX	p54	Z11111	2	0.0	1.0	3120.166934433494	3120.3938144120584
3123.9195340647734	0.5068799804539594	trials	210614TX	p54	Z11111	61	20.0	0.0	3124.0695340647735	3124.2764140452273
3124.32981402601	0.49687998139870615	trials	210614TX	p54	Z11111	112	37.0	0.0	3124.47981402601	3124.6766940074085
3124.7601339853527	0.5068399804576984	trials	210614TX	p54	Z11111	17	5.0	1.0	3124.910133985353	3125.1169739658103
3125.2004139437545	0.49683998140289987	trials	210614TX	p54	Z11111	81	26.0	2.0	3125.3504139437546	3125.5472539251573
3125.6006939059357	0.49683998140289987	trials	210614TX	p54	Z11111	13	4.0	0.0	3125.750693905936	3125.9475338873385
3126.040973864338	0.49687998139870615	trials	210614TX	p54	Z11111	119	39.0	1.0	3126.190973864338	3126.3878538457366
3126.471253823685	0.49687998139870615	trials	210614TX	p54	Z11111	16	5.0	0.0	3126.621253823685	3126.8181338050836
3130.4039334521217	0.526879978564466	trials	210614TX	p54	Z11111	39	12.0	2.0	3130.553933452122	3130.780813430686
3130.8342134114687	0.5368799776192645	trials	210614TX	p54	Z11111	70	23.0	0.0	3130.9842134114688	3131.221093389088
3131.2744933698705	0.526879978564466	trials	210614TX	p54	Z11111	40	13.0	0.0	3131.4244933698706	3131.651373348435
3131.704773329217	0.49687998139870615	trials	210614TX	p54	Z11111	77	25.0	1.0	3131.854773329217	3132.0516533106156
3132.1150532904535	0.526879978564466	trials	210614TX	p54	Z11111	7	2.0	0.0	3132.2650532904536	3132.491933269018
3132.555373248852	0.4968399814024451	trials	210614TX	p54	Z11111	21	6.0	2.0	3132.705373248852	3132.9022132302543
3132.9656532100885	0.5268799785640113	trials	210614TX	p54	Z11111	47	15.0	1.0	3133.1156532100886	3133.3425331886524
3136.818252846091	0.5068399804581531	trials	210614TX	p54	Z11111	99	32.0	2.0	3136.968252846091	3137.175092826549
3137.238532806383	0.4968399814024451	trials	210614TX	p54	Z11111	68	22.0	1.0	3137.388532806383	3137.585372787785
3137.6488127676193	0.5268799785640113	trials	210614TX	p54	Z11111	3	0.0	2.0	3137.7988127676194	3138.0256927461833
3138.0990927250764	0.526879978564466	trials	210614TX	p54	Z11111	36	11.0	2.0	3138.2490927250765	3138.4759727036408
3138.5494126825297	0.526879978564466	trials	210614TX	p54	Z11111	78	25.0	2.0	3138.69941268253	3138.926292661094
3138.9996926399867	0.4968799813991609	trials	210614TX	p54	Z11111	94	31.0	0.0	3139.149692639987	3139.346572621386
3139.4299725993337	0.49687998139870615	trials	210614TX	p54	Z11111	35	11.0	1.0	3139.579972599334	3139.7768525807323
3143.3726522268257	0.5168799795092127	trials	210614TX	p54	Z11111	102	33.0	2.0	3143.522652226826	3143.739532206335
3143.812932185228	0.526879978564466	trials	210614TX	p54	Z11111	87	28.0	2.0	3143.962932185228	3144.1898121637923
3144.2632521426813	0.4968399814024451	trials	210614TX	p54	Z11111	53	17.0	1.0	3144.4132521426814	3144.6100921240836
3144.6735321039178	0.526879978564466	trials	210614TX	p54	Z11111	34	11.0	0.0	3144.823532103918	3145.050412082482
3145.1138120623195	0.5068799804539594	trials	210614TX	p54	Z11111	84	27.0	2.0	3145.2638120623196	3145.4706920427734
3145.554132020718	0.4968399814024451	trials	210614TX	p54	Z11111	41	13.0	1.0	3145.704132020718	3145.9009720021204
3145.954371982903	0.526879978564466	trials	210614TX	p54	Z11111	80	26.0	1.0	3146.104371982903	3146.3312519614674
3148.235931767339	0.526879978564466	trials	210614TX	p54	Z11111	10	3.0	0.0	3148.385931767339	3148.6128117459034
3148.666211726686	0.4968399814024451	trials	210614TX	p54	Z11111	113	37.0	1.0	3148.816211726686	3149.0130517080884
3149.0964916860326	0.5068799804539594	trials	210614TX	p54	Z11111	96	31.0	2.0	3149.2464916860326	3149.4533716664864
3149.536811644431	0.5268799785640113	trials	210614TX	p54	Z11111	98	32.0	1.0	3149.686811644431	3149.913691622995
3149.987091601888	0.49687998139870615	trials	210614TX	p54	Z11111	59	19.0	1.0	3150.137091601888	3150.3339715832867
3150.387371564069	0.526879978564466	trials	210614TX	p54	Z11111	43	14.0	0.0	3150.537371564069	3150.7642515426332
3150.8376915215226	0.4968399814024451	trials	210614TX	p54	Z11111	114	37.0	2.0	3150.9876915215227	3151.184531502925
3154.7302911537463	0.5168799795092127	trials	210614TX	p54	Z11111	83	27.0	1.0	3154.8802911537464	3155.0971711332554
3155.170571112148	0.4968799813991609	trials	210614TX	p54	Z11111	71	23.0	1.0	3155.320571112148	3155.517451093547
3155.5708510743293	0.4968799813991609	trials	210614TX	p54	Z11111	72	23.0	2.0	3155.7208510743294	3155.9177310557284
3156.0011310336763	0.5068799804539594	trials	210614TX	p54	Z11111	1	0.0	0.0	3156.1511310336764	3156.35801101413
3156.4414509920744	0.49683998140289987	trials	210614TX	p54	Z11111	120	39.0	2.0	3156.5914509920744	3156.788290973477
3156.8717309514213	0.5068799804539594	trials	210614TX	p54	Z11111	8	2.0	1.0	3157.0217309514214	3157.228610931875
3157.312010909823	0.49687998139870615	trials	210614TX	p54	Z11111	63	20.0	2.0	3157.462010909823	3157.6588908912217
3161.0945705524437	0.526879978564466	trials	210614TX	p54	Z11111	50	16.0	1.0	3161.2445705524437	3161.471450531008
3161.544890509897	0.49683998140289987	trials	210614TX	p54	Z11111	24	7.0	2.0	3161.694890509897	3161.8917304912998
3161.945130472082	0.526879978564466	trials	210614TX	p54	Z11111	85	28.0	0.0	3162.095130472082	3162.3220104506463
3162.3954504295357	0.4968399814024451	trials	210614TX	p54	Z11111	89	29.0	1.0	3162.545450429536	3162.742290410938
3162.795730391717	0.5368799776192645	trials	210614TX	p54	Z11111	15	4.0	2.0	3162.945730391717	3163.182610369336
3165.0472501789914	0.5168399795129517	trials	210614TX	p54	Z11111	55	18.0	0.0	3165.1972501789915	3165.414090158504
3165.477530138338	0.526879978564466	trials	210614TX	p54	Z11111	79	26.0	0.0	3165.627530138338	3165.8544101169023
3167.969209902922	0.5268799785640113	trials	210614TX	p54	Z11111	6	1.0	2.0	3168.119209902922	3168.346089881486
3168.3994898622686	0.526879978564466	trials	210614TX	p54	Z11111	5	1.0	1.0	3168.5494898622687	3168.776369840833
3168.849809819722	0.4968399814024451	trials	210614TX	p54	Z11111	97	32.0	0.0	3168.999809819722	3169.1966498011243
3169.250049781907	0.5369199776159803	trials	210614TX	p54	Z11111	76	25.0	0.0	3169.400049781907	3169.636969759523
3169.7203697374707	0.49687998139870615	trials	210614TX	p54	Z11111	4	1.0	0.0	3169.870369737471	3170.0672497188693
3170.120649699652	0.5368799776192645	trials	210614TX	p54	Z11111	67	22.0	0.0	3170.270649699652	3170.507529677271
3170.5709696571053	0.4968399814024451	trials	210614TX	p54	Z11111	9	2.0	2.0	3170.7209696571053	3170.9178096385076
3174.5136092846014	0.5068799804539594	trials	210614TX	p54	Z11111	100	33.0	0.0	3174.6636092846015	3174.8704892650553
3174.9238892458375	0.526879978564466	trials	210614TX	p54	Z11111	48	15.0	2.0	3175.0738892458376	3175.300769224402
3175.3541692051845	0.5368799776197193	trials	210614TX	p54	Z11111	22	7.0	0.0	3175.5041692051846	3175.741049182804
3175.7944891635825	0.526879978564466	trials	210614TX	p54	Z11111	30	9.0	2.0	3175.9444891635826	3176.171369142147
3176.2247691229295	0.5068399804576984	trials	210614TX	p54	Z11111	101	33.0	1.0	3176.3747691229296	3176.581609103387
3176.6650490813313	0.526879978564466	trials	210614TX	p54	Z11111	90	29.0	2.0	3176.8150490813314	3177.0419290598957
3177.0953690406745	0.4968399814024451	trials	210614TX	p54	Z11111	26	8.0	1.0	3177.2453690406746	3177.442209022077
3180.8678886842436	0.5068799804539594	trials	210614TX	p54	Z11111	0			3181.0178886842436	3181.2247686646974
3181.29816864359	0.49687998139870615	trials	210614TX	p54	Z11111	115	38.0	0.0	3181.44816864359	3181.6450486249887
3181.6984486057713	0.526879978564466	trials	210614TX	p54	Z11111	29	9.0	1.0	3181.8484486057714	3182.0753285843357
3182.148728563229	0.49687998139870615	trials	210614TX	p54	Z11111	57	18.0	2.0	3182.298728563229	3182.4956085446274
3182.5790485225716	0.4968399814024451	trials	210614TX	p54	Z11111	46	15.0	0.0	3182.7290485225717	3182.925888503974
3183.0193284809734	0.526879978564466	trials	210614TX	p54	Z11111	106	35.0	0.0	3183.1693284809735	3183.396208459538
3183.4496084403204	0.5068799804539594	trials	210614TX	p54	Z11111	62	20.0	1.0	3183.5996084403205	3183.8064884207743
3187.2922080772682	0.5168799795092127	trials	210614TX	p54	Z11111	23	7.0	1.0	3187.4422080772683	3187.6590880567774
3187.7324880356705	0.49687998139870615	trials	210614TX	p54	Z11111	109	36.0	0.0	3187.8824880356706	3188.079368017069
3188.1628079950133	0.5068399804576984	trials	210614TX	p54	Z11111	32	10.0	1.0	3188.3128079950134	3188.519647975471
3188.603087953415	0.49687998139870615	trials	210614TX	p54	Z11111	108	35.0	2.0	3188.753087953415	3188.9499679348137
3189.033367912762	0.5068799804539594	trials	210614TX	p54	Z11111	54	17.0	2.0	3189.183367912762	3189.390247893216
3189.4436478739985	0.526879978564466	trials	210614TX	p54	Z11111	86	28.0	1.0	3189.5936478739986	3189.820527852563
3189.873927833345	0.49687998139870615	trials	210614TX	p54	Z11111	64	21.0	0.0	3190.023927833345	3190.2208078147437
3193.7965674627308	0.5068799804539594	trials	210614TX	p54	Z11111	11	3.0	1.0	3193.946567462731	3194.1534474431846
3194.2068474239672	0.49687998139870615	trials	210614TX	p54	Z11111	50	16.0	1.0	3194.3568474239673	3194.553727405366
3194.63716738331	0.49683998140289987	trials	210614TX	p54	Z11111	21	6.0	2.0	3194.78716738331	3194.984007364713
3195.0474473445465	0.526879978564466	trials	210614TX	p54	Z11111	22	7.0	0.0	3195.1974473445466	3195.424327323111
3195.477727303893	0.49683998140289987	trials	210614TX	p54	Z11111	67	22.0	0.0	3195.627727303893	3195.824567285296
3195.877967266078	0.526919978560727	trials	210614TX	p54	Z11111	24	7.0	2.0	3196.027967266078	3196.2548872446387
3196.328287223532	0.49687998139870615	trials	210614TX	p54	Z11111	98	32.0	1.0	3196.478287223532	3196.6751672049304
3200.150846862373	0.526879978564466	trials	210614TX	p54	Z11111	53	17.0	1.0	3200.300846862373	3200.5277268409372
3200.5911668207714	0.4968399814024451	trials	210614TX	p54	Z11111	12	3.0	2.0	3200.7411668207715	3200.9380068021737
3201.031446779173	0.49687998139870615	trials	210614TX	p54	Z11111	86	28.0	1.0	3201.1814467791733	3201.378326760572
3201.4617267385197	0.49687998139870615	trials	210614TX	p54	Z11111	87	28.0	2.0	3201.61172673852	3201.8086067199183
3201.872006699756	0.526879978564466	trials	210614TX	p54	Z11111	85	28.0	0.0	3202.0220066997563	3202.2488866783206
3202.3323266562647	0.526879978564466	trials	210614TX	p54	Z11111	120	39.0	2.0	3202.482326656265	3202.709206634829
3202.782646613718	0.49683998140289987	trials	210614TX	p54	Z11111	38	12.0	1.0	3202.932646613718	3203.129486595121
3206.6852462449974	0.526879978564466	trials	210614TX	p54	Z11111	0			3206.8352462449975	3207.062126223562
3207.11556620434	0.526879978564466	trials	210614TX	p54	Z11111	37	12.0	0.0	3207.2655662043403	3207.4924461829046
3207.555846162742	0.526879978564466	trials	210614TX	p54	Z11111	31	10.0	0.0	3207.705846162742	3207.9327261413064
3207.986126122089	0.49687998139870615	trials	210614TX	p54	Z11111	119	39.0	1.0	3208.136126122089	3208.3330061034876
3208.426446080487	0.49683998140289987	trials	210614TX	p54	Z11111	58	19.0	0.0	3208.576446080487	3208.77328606189
3208.856726039834	0.4968399814024451	trials	210614TX	p54	Z11111	111	36.0	2.0	3209.006726039834	3209.2035660212364
3209.2570060020153	0.5268799785640113	trials	210614TX	p54	Z11111	1	0.0	0.0	3209.4070060020154	3209.633885980579
3213.149605634239	0.5168799795092127	trials	210614TX	p54	Z11111	45	14.0	2.0	3213.299605634239	3213.516485613748
3213.5899255926374	0.5268799785640113	trials	210614TX	p54	Z11111	107	35.0	1.0	3213.7399255926375	3213.9668055712013
3214.030205551039	0.4968399814024451	trials	210614TX	p54	Z11111	56	18.0	1.0	3214.1802055510393	3214.3770455324416
3214.4604855103858	0.49687998139870615	trials	210614TX	p54	Z11111	88	29.0	0.0	3214.610485510386	3214.8073654917844
3214.8907654697327	0.49687998139870615	trials	210614TX	p54	Z11111	116	38.0	1.0	3215.040765469733	3215.2376454511314
3215.331085428131	0.49683998140289987	trials	210614TX	p54	Z11111	4	1.0	0.0	3215.481085428131	3215.6779254095336
3215.761365387478	0.49687998139870615	trials	210614TX	p54	Z11111	112	37.0	0.0	3215.911365387478	3216.1082453688764
3219.583925026319	0.526879978564466	trials	210614TX	p54	Z11111	60	19.0	2.0	3219.733925026319	3219.9608050048832
3220.024244984717	0.5068799804539594	trials	210614TX	p54	Z11111	118	39.0	0.0	3220.174244984717	3220.381124965171
3220.4345249459534	0.526879978564466	trials	210614TX	p54	Z11111	96	31.0	2.0	3220.5845249459535	3220.811404924518
3220.8648049053004	0.49687998139870615	trials	210614TX	p54	Z11111	61	20.0	0.0	3221.0148049053005	3221.211684886699
3221.275084866537	0.5168799795092127	trials	210614TX	p54	Z11111	79	26.0	0.0	3221.425084866537	3221.641964846046
3221.7153648249387	0.49687998139870615	trials	210614TX	p54	Z11111	2	0.0	1.0	3221.8653648249388	3222.0622448063373
3222.1556847833367	0.526879978564466	trials	210614TX	p54	Z11111	68	22.0	1.0	3222.305684783337	3222.532564761901
3226.2084044004323	0.526879978564466	trials	210614TX	p54	Z11111	114	37.0	2.0	3226.3584044004324	3226.5852843789967
3226.638684359779	0.526879978564466	trials	210614TX	p54	Z11111	108	35.0	2.0	3226.788684359779	3227.015564338343
3227.0890043172326	0.4968399814024451	trials	210614TX	p54	Z11111	65	21.0	1.0	3227.2390043172327	3227.435844298635
3227.5192842765796	0.49687998139870615	trials	210614TX	p54	Z11111	0			3227.6692842765797	3227.866164257978
3227.9295642378156	0.526879978564466	trials	210614TX	p54	Z11111	75	24.0	2.0	3228.0795642378157	3228.30644421638
3228.3698441962174	0.5068799804539594	trials	210614TX	p54	Z11111	6	1.0	2.0	3228.5198441962175	3228.7267241766713
3228.810164154616	0.4968399814024451	trials	210614TX	p54	Z11111	104	34.0	1.0	3228.960164154616	3229.1570041360183
3232.682763788729	0.5168799795096675	trials	210614TX	p54	Z11111	49	16.0	0.0	3232.832763788729	3233.0496437682386
3233.1230437471313	0.49687998139870615	trials	210614TX	p54	Z11111	0			3233.2730437471314	3233.46992372853
3233.5633637055294	0.4968399814024451	trials	210614TX	p54	Z11111	78	25.0	2.0	3233.7133637055294	3233.9102036869317
3233.9936436648763	0.4968399814024451	trials	210614TX	p54	Z11111	84	27.0	2.0	3234.1436436648764	3234.3404836462787
3234.3939236270576	0.5268799785640113	trials	210614TX	p54	Z11111	62	20.0	1.0	3234.5439236270577	3234.7708036056215
3234.8442035845146	0.49687998139870615	trials	210614TX	p54	Z11111	102	33.0	2.0	3234.9942035845147	3235.1910835659132
3235.254483545751	0.5268799785640113	trials	210614TX	p54	Z11111	42	13.0	2.0	3235.404483545751	3235.631363524315
3239.0870831836437	0.5068399804576984	trials	210614TX	p54	Z11111	100	33.0	0.0	3239.237083183644	3239.4439231641013
3239.5173631429902	0.526879978564466	trials	210614TX	p54	Z11111	41	13.0	1.0	3239.6673631429903	3239.8942431215546
3239.947643102337	0.49687998139870615	trials	210614TX	p54	Z11111	46	15.0	0.0	3240.0976431023373	3240.294523083736
3240.3479230645185	0.526879978564466	trials	210614TX	p54	Z11111	27	8.0	2.0	3240.4979230645185	3240.724803043083
3240.7982430219718	0.4968399814024451	trials	210614TX	p54	Z11111	109	36.0	0.0	3240.948243021972	3241.145083003374
3241.208482983212	0.526879978564466	trials	210614TX	p54	Z11111	17	5.0	1.0	3241.358482983212	3241.5853629617764
3241.64880294161	0.5068399804576984	trials	210614TX	p54	Z11111	25	8.0	0.0	3241.79880294161	3242.0056429220676
3245.3913225880137	0.5068399804576984	trials	210614TX	p54	Z11111	95	31.0	1.0	3245.541322588014	3245.7481625684713
3245.80160254925	0.4968399814024451	trials	210614TX	p54	Z11111	52	17.0	0.0	3245.9516025492503	3246.1484425306526
3246.2318825085968	0.5068799804539594	trials	210614TX	p54	Z11111	14	4.0	1.0	3246.381882508597	3246.5887624890506
3246.6421624698332	0.526879978564466	trials	210614TX	p54	Z11111	55	18.0	0.0	3246.7921624698333	3247.0190424483976
3247.0924424272903	0.526879978564466	trials	210614TX	p54	Z11111	83	27.0	1.0	3247.2424424272904	3247.4693224058547
3247.5227623866335	0.4968399814024451	trials	210614TX	p54	Z11111	66	21.0	2.0	3247.6727623866336	3247.869602368036
3247.9630423450353	0.49687998139870615	trials	210614TX	p54	Z11111	26	8.0	1.0	3248.1130423450354	3248.309922326434
3251.8156419810384	0.5168799795092127	trials	210614TX	p54	Z11111	35	11.0	1.0	3251.9656419810385	3252.1825219605475
3252.245921940385	0.526879978564466	trials	210614TX	p54	Z11111	81	26.0	2.0	3252.395921940385	3252.6228019189493
3252.6962418978387	0.4968399814024451	trials	210614TX	p54	Z11111	7	2.0	0.0	3252.846241897839	3253.043081879241
3253.1265218571853	0.49683998140289987	trials	210614TX	p54	Z11111	105	34.0	2.0	3253.2765218571853	3253.473361838588
3253.5268018193665	0.526879978564466	trials	210614TX	p54	Z11111	74	24.0	1.0	3253.6768018193666	3253.903681797931
3253.9670817777683	0.4968799813991609	trials	210614TX	p54	Z11111	15	4.0	2.0	3254.1170817777684	3254.3139617591673
3254.3973617371153	0.49687998139870615	trials	210614TX	p54	Z11111	3	0.0	2.0	3254.5473617371154	3254.744241718514
3258.890401312609	0.5068799804539594	trials	210614TX	p54	Z11111	33	10.0	2.0	3259.040401312609	3259.2472812930628
3259.320681271956	0.526879978564466	trials	210614TX	p54	Z11111	106	35.0	0.0	3259.470681271956	3259.6975612505203
3259.771001229409	0.4968399814024451	trials	210614TX	p54	Z11111	9	2.0	2.0	3259.9210012294093	3260.1178412108115
3260.1712811915904	0.526879978564466	trials	210614TX	p54	Z11111	5	1.0	1.0	3260.3212811915905	3260.548161170155
3260.6215611490475	0.49687998139870615	trials	210614TX	p54	Z11111	70	23.0	0.0	3260.7715611490476	3260.968441130446
3261.0518411083945	0.49687998139870615	trials	210614TX	p54	Z11111	64	21.0	0.0	3261.2018411083945	3261.398721089793
3261.4621210696305	0.526879978564466	trials	210614TX	p54	Z11111	99	32.0	2.0	3261.6121210696306	3261.839001048195
3265.2746807094168	0.526879978564466	trials	210614TX	p54	Z11111	18	5.0	2.0	3265.424680709417	3265.651560687981
3265.7050006687596	0.526879978564466	trials	210614TX	p54	Z11111	19	6.0	0.0	3265.8550006687597	3266.081880647324
3266.145280627162	0.526879978564466	trials	210614TX	p54	Z11111	72	23.0	2.0	3266.295280627162	3266.522160605726
3266.5855605855636	0.5068799804539594	trials	210614TX	p54	Z11111	103	34.0	0.0	3266.7355605855637	3266.9424405660175
3267.025880543962	0.4968399814024451	trials	210614TX	p54	Z11111	89	29.0	1.0	3267.175880543962	3267.3727205253645
3267.4261605061433	0.5268799785640113	trials	210614TX	p54	Z11111	47	15.0	1.0	3267.5761605061434	3267.8030404847073
3267.8764404636004	0.49687998139870615	trials	210614TX	p54	Z11111	51	16.0	2.0	3268.0264404636005	3268.223320444999
3271.6990401024377	0.526879978564466	trials	210614TX	p54	Z11111	32	10.0	1.0	3271.849040102438	3272.075920081002
3272.1293200617843	0.526879978564466	trials	210614TX	p54	Z11111	92	30.0	1.0	3272.2793200617843	3272.5062000403486
3272.5596000211312	0.526879978564466	trials	210614TX	p54	Z11111	101	33.0	1.0	3272.7096000211313	3272.9364799996956
3272.9998799795335	0.5268799785640113	trials	210614TX	p54	Z11111	43	14.0	0.0	3273.1498799795336	3273.3767599580974
3273.450199936987	0.49687998139870615	trials	210614TX	p54	Z11111	71	23.0	1.0	3273.600199936987	3273.7970799183854
3273.8804798963333	0.49687998139870615	trials	210614TX	p54	Z11111	29	9.0	1.0	3274.0304798963334	3274.227359877732
3274.2807598585146	0.5068799804539594	trials	210614TX	p54	Z11111	0			3274.4307598585146	3274.6376398389684
3278.8237994292845	0.5068799804539594	trials	210614TX	p54	Z11111	91	30.0	0.0	3278.9737994292846	3279.1806794097383
3279.2541193886273	0.49683998140289987	trials	210614TX	p54	Z11111	54	17.0	2.0	3279.4041193886274	3279.60095937003
3279.6843993479742	0.4968399814024451	trials	210614TX	p54	Z11111	36	11.0	2.0	3279.8343993479743	3280.0312393293766
3280.084679310155	0.5368799776197193	trials	210614TX	p54	Z11111	13	4.0	0.0	3280.234679310155	3280.4715592877747
3280.5349592676125	0.5068799804539594	trials	210614TX	p54	Z11111	30	9.0	2.0	3280.6849592676126	3280.8918392480664
3280.9752792260106	0.4968399814024451	trials	210614TX	p54	Z11111	94	31.0	0.0	3281.1252792260107	3281.322119207413
3283.657078972632	0.5268799785640113	trials	210614TX	p54	Z11111	63	20.0	2.0	3283.807078972632	3284.033958951196
3284.0873589319785	0.49687998139870615	trials	210614TX	p54	Z11111	82	27.0	0.0	3284.2373589319786	3284.434238913377
3284.5176388913255	0.49687998139870615	trials	210614TX	p54	Z11111	48	15.0	2.0	3284.6676388913256	3284.864518872724
3284.9179188535068	0.5368799776192645	trials	210614TX	p54	Z11111	8	2.0	1.0	3285.067918853507	3285.304798831126
3285.36823881096	0.5068399804576984	trials	210614TX	p54	Z11111	110	36.0	1.0	3285.51823881096	3285.7250787914177
3285.808518769362	0.4968399814024451	trials	210614TX	p54	Z11111	20	6.0	1.0	3285.958518769362	3286.155358750764
3286.208798731543	0.526879978564466	trials	210614TX	p54	Z11111	97	32.0	0.0	3286.358798731543	3286.5856787101075
3290.061398367546	0.5068399804576984	trials	210614TX	p54	Z11111	73	24.0	0.0	3290.2113983675463	3290.418238348004
3290.491678326893	0.4968399814024451	trials	210614TX	p54	Z11111	117	38.0	2.0	3290.6416783268933	3290.8385183082955
3290.9219582862397	0.49687998139870615	trials	210614TX	p54	Z11111	59	19.0	1.0	3291.07195828624	3291.2688382676383
3291.322238248421	0.5068399804576984	trials	210614TX	p54	Z11111	40	13.0	0.0	3291.472238248421	3291.6790782288786
3291.7625182068227	0.4968799813991609	trials	210614TX	p54	Z11111	113	37.0	1.0	3291.912518206823	3292.109398188222
3292.162798169004	0.49683998140289987	trials	210614TX	p54	Z11111	77	25.0	1.0	3292.312798169004	3292.5096381504068
3292.593078128351	0.49687998139870615	trials	210614TX	p54	Z11111	10	3.0	0.0	3292.743078128351	3292.9399581097496
3296.545757754898	0.5068399804576984	trials	210614TX	p54	Z11111	28	9.0	0.0	3296.6957577548983	3296.902597735356
3296.96603771519	0.526879978564466	trials	210614TX	p54	Z11111	34	11.0	0.0	3297.11603771519	3297.3429176937543
3297.416317672647	0.4968799813991609	trials	210614TX	p54	Z11111	57	18.0	2.0	3297.566317672647	3297.763197654046
3297.816597634828	0.526879978564466	trials	210614TX	p54	Z11111	69	22.0	2.0	3297.9665976348283	3298.1934776133926
3298.2669175922815	0.4968399814024451	trials	210614TX	p54	Z11111	80	26.0	1.0	3298.4169175922816	3298.613757573684
3298.6671575544665	0.526879978564466	trials	210614TX	p54	Z11111	39	12.0	2.0	3298.8171575544666	3299.044037533031
3299.1174775119202	0.49687998139870615	trials	210614TX	p54	Z11111	23	7.0	1.0	3299.2674775119203	3299.464357493319
3302.9900771460334	0.5068799804539594	trials	210614TX	p54	Z11111	76	25.0	0.0	3303.1400771460335	3303.3469571264873
3303.40035710727	0.5268799785640113	trials	210614TX	p54	Z11111	16	5.0	0.0	3303.55035710727	3303.777237085834
3303.850677064723	0.4968399814024451	trials	210614TX	p54	Z11111	90	29.0	2.0	3304.0006770647233	3304.1975170461255
3304.2609570259597	0.526879978564466	trials	210614TX	p54	Z11111	93	30.0	2.0	3304.4109570259598	3304.637837004524
3304.6912369853067	0.5268799785640113	trials	210614TX	p54	Z11111	115	38.0	0.0	3304.8412369853068	3305.0681169638706
3305.1415169427637	0.49687998139870615	trials	210614TX	p54	Z11111	44	14.0	1.0	3305.291516942764	3305.4883969241623
3305.541796904945	0.5268799785640113	trials	210614TX	p54	Z11111	30	9.0	2.0	3305.691796904945	3305.918676883509
3309.3943965409476	0.526879978564466	trials	210614TX	p54	Z11111	46	15.0	0.0	3309.5443965409477	3309.771276519512
3309.8246765002946	0.526879978564466	trials	210614TX	p54	Z11111	53	17.0	1.0	3309.9746765002947	3310.201556478859
3310.274996457748	0.49683998140289987	trials	210614TX	p54	Z11111	90	29.0	2.0	3310.424996457748	3310.6218364391507
3310.705276417095	0.5068799804539594	trials	210614TX	p54	Z11111	74	24.0	1.0	3310.855276417095	3311.0621563975487
3311.1455563754967	0.49687998139870615	trials	210614TX	p54	Z11111	11	3.0	1.0	3311.2955563754967	3311.4924363568953
3311.57587633484	0.5068399804576984	trials	210614TX	p54	Z11111	8	2.0	1.0	3311.72587633484	3311.9327163152975
3312.0161562932417	0.49687998139870615	trials	210614TX	p54	Z11111	56	18.0	1.0	3312.166156293242	3312.3630362746403
3315.918795924517	0.5068399804576984	trials	210614TX	p54	Z11111	110	36.0	1.0	3316.068795924517	3316.2756359049745
3316.349075883864	0.4968399814024451	trials	210614TX	p54	Z11111	89	29.0	1.0	3316.499075883864	3316.695915865266
3316.7793558432104	0.49687998139870615	trials	210614TX	p54	Z11111	61	20.0	0.0	3316.9293558432105	3317.126235824609
3317.1796358053916	0.5068799804539594	trials	210614TX	p54	Z11111	39	12.0	2.0	3317.3296358053917	3317.5365157858455
3317.589915766628	0.5268799785640113	trials	210614TX	p54	Z11111	29	9.0	1.0	3317.739915766628	3317.966795745192
3318.03019572503	0.5068799804539594	trials	210614TX	p54	Z11111	60	19.0	2.0	3318.18019572503	3318.3870757054838
3318.4705156834284	0.4968399814024451	trials	210614TX	p54	Z11111	59	19.0	1.0	3318.6205156834285	3318.8173556648308
3322.273075324159	0.5068399804576984	trials	210614TX	p54	Z11111	78	25.0	2.0	3322.423075324159	3322.6299153046166
3322.703355283506	0.4968399814024451	trials	210614TX	p54	Z11111	51	16.0	2.0	3322.853355283506	3323.0501952649083
3323.133635242853	0.49687998139870615	trials	210614TX	p54	Z11111	17	5.0	1.0	3323.283635242853	3323.4805152242516
3323.543915204089	0.526879978564466	trials	210614TX	p54	Z11111	98	32.0	1.0	3323.693915204089	3323.9207951826534
3323.974195163436	0.49687998139870615	trials	210614TX	p54	Z11111	86	28.0	1.0	3324.124195163436	3324.3210751448346
3324.4044751227825	0.49687998139870615	trials	210614TX	p54	Z11111	104	34.0	1.0	3324.5544751227826	3324.751355104181
3324.8047550849637	0.5068799804539594	trials	210614TX	p54	Z11111	77	25.0	1.0	3324.954755084964	3325.1616350654176
3328.697394717184	0.516879979508758	trials	210614TX	p54	Z11111	22	7.0	0.0	3328.847394717184	3329.064274696693
3329.1276746765307	0.526879978564466	trials	210614TX	p54	Z11111	15	4.0	2.0	3329.2776746765308	3329.504554655095
3329.577994633984	0.526879978564466	trials	210614TX	p54	Z11111	21	6.0	2.0	3329.727994633984	3329.9548746125483
3330.0282745914415	0.49687998139870615	trials	210614TX	p54	Z11111	96	31.0	2.0	3330.1782745914416	3330.37515457284
3330.4285545536222	0.526879978564466	trials	210614TX	p54	Z11111	10	3.0	0.0	3330.5785545536223	3330.8054345321866
3330.858834512969	0.5368799776192645	trials	210614TX	p54	Z11111	64	21.0	0.0	3331.0088345129693	3331.2457144905884
3331.319154469478	0.4968399814024451	trials	210614TX	p54	Z11111	33	10.0	2.0	3331.469154469478	3331.66599445088
3335.201754102646	0.526879978564466	trials	210614TX	p54	Z11111	67	22.0	0.0	3335.3517541026463	3335.5786340812106
3335.6320740619894	0.5268799785640113	trials	210614TX	p54	Z11111	106	35.0	0.0	3335.7820740619895	3336.0089540405534
3336.062354021336	0.5368799776197193	trials	210614TX	p54	Z11111	37	12.0	0.0	3336.212354021336	3336.4492339989556
3336.502633979738	0.526879978564466	trials	210614TX	p54	Z11111	72	23.0	2.0	3336.6526339797383	3336.8795139583026
3336.9529539371915	0.526879978564466	trials	210614TX	p54	Z11111	62	20.0	1.0	3337.1029539371916	3337.329833915756
3337.4032338946486	0.49687998139870615	trials	210614TX	p54	Z11111	107	35.0	1.0	3337.5532338946487	3337.750113876047
3337.80351385683	0.526879978564466	trials	210614TX	p54	Z11111	85	28.0	0.0	3337.95351385683	3338.180393835394
3341.6761134909434	0.5068799804539594	trials	210614TX	p54	Z11111	79	26.0	0.0	3341.8261134909435	3342.0329934713973
3342.10639345029	0.4968799813991609	trials	210614TX	p54	Z11111	27	8.0	2.0	3342.25639345029	3342.453273431689
3342.5367134096327	0.49683998140289987	trials	210614TX	p54	Z11111	108	35.0	2.0	3342.686713409633	3342.8835533910355
3342.936953371818	0.5268799785640113	trials	210614TX	p54	Z11111	47	15.0	1.0	3343.0869533718183	3343.313833350382
3343.3872733292715	0.49687998139870615	trials	210614TX	p54	Z11111	101	33.0	1.0	3343.5372733292716	3343.73415331067
3343.7875532914527	0.5068399804576984	trials	210614TX	p54	Z11111	119	39.0	1.0	3343.937553291453	3344.1443932719103
3344.2278332498545	0.4968799813991609	trials	210614TX	p54	Z11111	34	11.0	0.0	3344.3778332498546	3344.5747132312536
3348.1204728820744	0.49683998140289987	trials	210614TX	p54	Z11111	4	1.0	0.0	3348.2704728820745	3348.467312863477
3348.540752842366	0.4968399814024451	trials	210614TX	p54	Z11111	88	29.0	0.0	3348.6907528423662	3348.8875928237685
3348.940992804551	0.526919978560727	trials	210614TX	p54	Z11111	94	31.0	0.0	3349.090992804551	3349.3179127831118
3349.3813127629496	0.5268799785640113	trials	210614TX	p54	Z11111	14	4.0	1.0	3349.5313127629497	3349.7581927415135
3349.831632720403	0.5268799785640113	trials	210614TX	p54	Z11111	58	19.0	0.0	3349.981632720403	3350.208512698967
3350.2619126797495	0.5068399804576984	trials	210614TX	p54	Z11111	7	2.0	0.0	3350.4119126797495	3350.618752660207
3350.7021926381517	0.5268799785640113	trials	210614TX	p54	Z11111	81	26.0	2.0	3350.852192638152	3351.0790726167156
3354.5347922760443	0.526879978564466	trials	210614TX	p54	Z11111	49	16.0	0.0	3354.6847922760444	3354.9116722546087
3354.965072235391	0.526879978564466	trials	210614TX	p54	Z11111	24	7.0	2.0	3355.115072235391	3355.341952213955
3357.46675199903	0.5068799804544142	trials	210614TX	p54	Z11111	115	38.0	0.0	3357.61675199903	3357.823631979484
3357.8870319593216	0.5368799776197193	trials	210614TX	p54	Z11111	80	26.0	1.0	3358.0370319593217	3358.273911936941
3358.3573519148854	0.4968399814024451	trials	210614TX	p54	Z11111	41	13.0	1.0	3358.5073519148855	3358.7041918962877
3358.7976318732876	0.49687998139870615	trials	210614TX	p54	Z11111	118	39.0	0.0	3358.9476318732877	3359.1445118546862
3359.2279518326304	0.4968399814024451	trials	210614TX	p54	Z11111	12	3.0	2.0	3359.3779518326305	3359.574791814033
3359.6281917948154	0.5268799785640113	trials	210614TX	p54	Z11111	6	1.0	2.0	3359.7781917948155	3360.0050717733793
3360.0785117522687	0.4968399814024451	trials	210614TX	p54	Z11111	95	31.0	1.0	3360.228511752269	3360.425351733671
3363.8210313986724	0.5068799804539594	trials	210614TX	p54	Z11111	83	27.0	1.0	3363.9710313986725	3364.1779113791263
3364.231311359909	0.5268799785640113	trials	210614TX	p54	Z11111	43	14.0	0.0	3364.381311359909	3364.608191338473
3366.873071110313	0.526879978564466	trials	210614TX	p54	Z11111	68	22.0	1.0	3367.023071110313	3367.2499510888774
3367.3233910677664	0.4968399814024451	trials	210614TX	p54	Z11111	113	37.0	1.0	3367.4733910677664	3367.6702310491687
3369.92515082195	0.5068399804576984	trials	210614TX	p54	Z11111	40	13.0	0.0	3370.07515082195	3370.2819908024076
3370.3654307803517	0.526879978564466	trials	210614TX	p54	Z11111	100	33.0	0.0	3370.515430780352	3370.742310758916
3370.8057107387535	0.49687998139870615	trials	210614TX	p54	Z11111	31	10.0	0.0	3370.9557107387536	3371.152590720152
3371.236030698097	0.4968399814024451	trials	210614TX	p54	Z11111	73	24.0	0.0	3371.386030698097	3371.582870679499
3371.6362706602818	0.526879978564466	trials	210614TX	p54	Z11111	92	30.0	1.0	3371.786270660282	3372.013150638846
3372.07659061868	0.526879978564466	trials	210614TX	p54	Z11111	109	36.0	0.0	3372.22659061868	3372.453470597244
3372.5068705780263	0.4968799813991609	trials	210614TX	p54	Z11111	36	11.0	2.0	3372.6568705780264	3372.8537505594254
3376.3594702140294	0.5068799804539594	trials	210614TX	p54	Z11111	0			3376.5094702140295	3376.7163501944833
3376.7897501733764	0.49687998139870615	trials	210614TX	p54	Z11111	26	8.0	1.0	3376.9397501733765	3377.136630154775
3377.2200301327234	0.49687998139870615	trials	210614TX	p54	Z11111	103	34.0	0.0	3377.3700301327235	3377.566910114122
3377.63031009396	0.5268799785640113	trials	210614TX	p54	Z11111	63	20.0	2.0	3377.78031009396	3378.007190072524
3378.0806300514128	0.526879978564466	trials	210614TX	p54	Z11111	82	27.0	0.0	3378.230630051413	3378.457510029977
3378.5109100107597	0.49687998139870615	trials	210614TX	p54	Z11111	97	32.0	0.0	3378.66091001076	3378.8577899921584
3378.9411899701067	0.5068799804539594	trials	210614TX	p54	Z11111	2	0.0	1.0	3379.091189970107	3379.2980699505606
3382.733749611782	0.5068799804539594	trials	210614TX	p54	Z11111	102	33.0	2.0	3382.883749611782	3383.090629592236
3383.1440295730185	0.526879978564466	trials	210614TX	p54	Z11111	65	21.0	1.0	3383.2940295730186	3383.520909551583
3385.605709340437	0.526879978564466	trials	210614TX	p54	Z11111	76	25.0	0.0	3385.755709340437	3385.9825893190014
3386.055989297894	0.526879978564466	trials	210614TX	p54	Z11111	105	34.0	2.0	3386.205989297894	3386.4328692764584
3386.506309255348	0.4968399814024451	trials	210614TX	p54	Z11111	112	37.0	0.0	3386.656309255348	3386.85314923675
3386.9065492175328	0.5268799785640113	trials	210614TX	p54	Z11111	71	23.0	1.0	3387.056549217533	3387.2834291960967
3387.346869175931	0.526879978564466	trials	210614TX	p54	Z11111	42	13.0	2.0	3387.496869175931	3387.723749154495
3387.797189133384	0.526839978568205	trials	210614TX	p54	Z11111	32	10.0	1.0	3387.947189133384	3388.174029111952
3388.247469090841	0.4968799813991609	trials	210614TX	p54	Z11111	117	38.0	2.0	3388.3974690908412	3388.59434907224
3392.1300687240096	0.5068799804544142	trials	210614TX	p54	Z11111	114	37.0	2.0	3392.2800687240097	3392.486948704464
3392.560388683353	0.4968399814024451	trials	210614TX	p54	Z11111	9	2.0	2.0	3392.710388683353	3392.907228664755
3392.960628645538	0.526879978564466	trials	210614TX	p54	Z11111	0			3393.110628645538	3393.337508624102
3393.4009486039363	0.5268799785640113	trials	210614TX	p54	Z11111	70	23.0	0.0	3393.5509486039364	3393.7778285825
3393.8512285613933	0.49687998139870615	trials	210614TX	p54	Z11111	75	24.0	2.0	3394.0012285613934	3394.198108542792
3394.281548520736	0.4968399814024451	trials	210614TX	p54	Z11111	120	39.0	2.0	3394.431548520736	3394.6283885021385
3394.681788482921	0.5368799776197193	trials	210614TX	p54	Z11111	18	5.0	2.0	3394.831788482921	3395.0686684605407
3398.524388119869	0.5168799795092127	trials	210614TX	p54	Z11111	19	6.0	0.0	3398.674388119869	3398.891268099378
3398.9647080782674	0.4968399814024451	trials	210614TX	p54	Z11111	54	17.0	2.0	3399.1147080782675	3399.31154805967
3399.3649480404524	0.5368799776192645	trials	210614TX	p54	Z11111	69	22.0	2.0	3399.5149480404525	3399.7518280180716
3399.8152679979057	0.4968399814024451	trials	210614TX	p54	Z11111	91	30.0	0.0	3399.965267997906	3400.162107979308
3400.2255479591417	0.49683998140289987	trials	210614TX	p54	Z11111	0			3400.375547959142	3400.5723879405446
3400.6558279184887	0.4968399814024451	trials	210614TX	p54	Z11111	16	5.0	0.0	3400.805827918489	3401.002667899891
3401.05610788067	0.526879978564466	trials	210614TX	p54	Z11111	5	1.0	1.0	3401.20610788067	3401.4329878592343
3404.938707513839	0.5268799785640113	trials	210614TX	p54	Z11111	44	14.0	1.0	3405.088707513839	3405.3155874924028
3405.3689874731854	0.5368799776197193	trials	210614TX	p54	Z11111	0			3405.5189874731855	3405.755867450805
3405.8193074306387	0.5068399804576984	trials	210614TX	p54	Z11111	20	6.0	1.0	3405.9693074306388	3406.1761474110963
3406.259587389041	0.49687998139870615	trials	210614TX	p54	Z11111	93	30.0	2.0	3406.409587389041	3406.6064673704395
3406.6898673483875	0.49687998139870615	trials	210614TX	p54	Z11111	35	11.0	1.0	3406.8398673483875	3407.036747329786
3407.0901473105687	0.5068799804539594	trials	210614TX	p54	Z11111	55	18.0	0.0	3407.240147310569	3407.4470272910226
3407.5304672689667	0.49683998140289987	trials	210614TX	p54	Z11111	116	38.0	1.0	3407.680467268967	3407.8773072503695
3411.2829869144257	0.5068399804576984	trials	210614TX	p54	Z11111	57	18.0	2.0	3411.432986914426	3411.6398268948833
3411.693266875662	0.526879978564466	trials	210614TX	p54	Z11111	50	16.0	1.0	3411.8432668756623	3412.0701468542266
3412.143546833119	0.49687998139870615	trials	210614TX	p54	Z11111	111	36.0	2.0	3412.2935468331193	3412.490426814518
3412.5538267943552	0.526879978564466	trials	210614TX	p54	Z11111	23	7.0	1.0	3412.7038267943553	3412.9307067729196
3412.9941067527575	0.49687998139870615	trials	210614TX	p54	Z11111	48	15.0	2.0	3413.1441067527576	3413.340986734156
3413.434426711156	0.4968399814024451	trials	210614TX	p54	Z11111	87	28.0	2.0	3413.584426711156	3413.7812666925583
3413.8347066733368	0.526879978564466	trials	210614TX	p54	Z11111	99	32.0	2.0	3413.984706673337	3414.211586651901
3417.8673862923256	0.5068799804539594	trials	210614TX	p54	Z11111	1	0.0	0.0	3418.0173862923257	3418.2242662727795
3418.297706251669	0.4968399814024451	trials	210614TX	p54	Z11111	52	17.0	0.0	3418.447706251669	3418.644546233071
3418.7079862129053	0.526879978564466	trials	210614TX	p54	Z11111	84	27.0	2.0	3418.8579862129054	3419.0848661914697
3419.148266171307	0.5368799776197193	trials	210614TX	p54	Z11111	28	9.0	0.0	3419.298266171307	3419.5351461489267
3419.588546129709	0.526919978560727	trials	210614TX	p54	Z11111	66	21.0	2.0	3419.738546129709	3419.9654661082695
3420.0288660881074	0.526879978564466	trials	210614TX	p54	Z11111	13	4.0	0.0	3420.1788660881075	3420.405746066672
3420.489186044616	0.4968399814024451	trials	210614TX	p54	Z11111	25	8.0	0.0	3420.639186044616	3420.8360260260183
3424.311745683457	0.5068799804544142	trials	210614TX	p54	Z11111	38	12.0	1.0	3424.461745683457	3424.6686256639114
3424.742025642804	0.5268799785640113	trials	210614TX	p54	Z11111	45	14.0	2.0	3424.892025642804	3425.118905621368
3425.1923456002573	0.526879978564466	trials	210614TX	p54	Z11111	3	0.0	2.0	3425.3423456002574	3425.5692255788217
3425.6226255596043	0.49687998139870615	trials	210614TX	p54	Z11111	91	30.0	0.0	3425.7726255596044	3425.969505541003
3426.032905520841	0.5268799785640113	trials	210614TX	p54	Z11111	1	0.0	0.0	3426.182905520841	3426.4097854994047
3426.473185479242	0.5068799804544142	trials	210614TX	p54	Z11111	35	11.0	1.0	3426.6231854792422	3426.8300654596965
3426.8834654404786	0.526879978564466	trials	210614TX	p54	Z11111	96	31.0	2.0	3427.0334654404787	3427.260345419043
3430.7861050717543	0.5168799795092127	trials	210614TX	p54	Z11111	113	37.0	1.0	3430.9361050717544	3431.1529850512634
3431.226385030156	0.49687998139870615	trials	210614TX	p54	Z11111	111	36.0	2.0	3431.376385030156	3431.5732650115547
3431.666704988554	0.49683998140289987	trials	210614TX	p54	Z11111	24	7.0	2.0	3431.816704988554	3432.013544969957
3432.096984947901	0.4968399814024451	trials	210614TX	p54	Z11111	79	26.0	0.0	3432.246984947901	3432.4438249293034
3432.4972649100823	0.526879978564466	trials	210614TX	p54	Z11111	78	25.0	2.0	3432.6472649100824	3432.8741448886467
3432.937544868484	0.49687998139870615	trials	210614TX	p54	Z11111	23	7.0	1.0	3433.087544868484	3433.2844248498827
3433.367824827831	0.49687998139870615	trials	210614TX	p54	Z11111	104	34.0	1.0	3433.517824827831	3433.7147048092297
3437.2704644591063	0.526879978564466	trials	210614TX	p54	Z11111	73	24.0	0.0	3437.4204644591064	3437.6473444376707
3439.5419842444912	0.5168799795092127	trials	210614TX	p54	Z11111	74	24.0	1.0	3439.6919842444913	3439.9088642240004
3439.972304203834	0.4968399814024451	trials	210614TX	p54	Z11111	37	12.0	0.0	3440.122304203834	3440.3191441852364
3440.412584162236	0.49683998140289987	trials	210614TX	p54	Z11111	52	17.0	0.0	3440.562584162236	3440.7594241436386
3440.842864121583	0.49687998139870615	trials	210614TX	p54	Z11111	101	33.0	1.0	3440.992864121583	3441.1897441029814
3441.243144083764	0.5368799776197193	trials	210614TX	p54	Z11111	44	14.0	1.0	3441.393144083764	3441.6300240613837
3441.693424041221	0.4968799813991609	trials	210614TX	p54	Z11111	100	33.0	0.0	3441.843424041221	3442.04030402262
3442.1037040024576	0.526879978564466	trials	210614TX	p54	Z11111	97	32.0	0.0	3442.2537040024577	3442.480583981022
3445.966303637516	0.5268799785640113	trials	210614TX	p54	Z11111	0			3446.116303637516	3446.34318361608
3446.3966235968587	0.4968399814024451	trials	210614TX	p54	Z11111	102	33.0	2.0	3446.546623596859	3446.743463578261
3446.7968635590437	0.526879978564466	trials	210614TX	p54	Z11111	41	13.0	1.0	3446.946863559044	3447.173743537608
3447.237183517442	0.5268799785640113	trials	210614TX	p54	Z11111	48	15.0	2.0	3447.3871835174423	3447.614063496006
3447.6874634748992	0.49687998139870615	trials	210614TX	p54	Z11111	17	5.0	1.0	3447.8374634748993	3448.034343456298
3448.117783434242	0.4968399814024451	trials	210614TX	p54	Z11111	110	36.0	1.0	3448.267783434242	3448.4646234156444
3448.5280633954785	0.526879978564466	trials	210614TX	p54	Z11111	112	37.0	0.0	3448.6780633954786	3448.904943374043
3452.4907030210848	0.5068799804539594	trials	210614TX	p54	Z11111	86	28.0	1.0	3452.640703021085	3452.8475830015386
3452.921022980428	0.4968399814024451	trials	210614TX	p54	Z11111	107	35.0	1.0	3453.071022980428	3453.2678629618304
3453.321262942613	0.526879978564466	trials	210614TX	p54	Z11111	50	16.0	1.0	3453.471262942613	3453.6981429211774
3453.7515429019595	0.5068799804544142	trials	210614TX	p54	Z11111	33	10.0	2.0	3453.9015429019596	3454.108422882414
3454.191862860358	0.4968399814024451	trials	210614TX	p54	Z11111	6	1.0	2.0	3454.341862860358	3454.5387028417604
3454.592142822539	0.526879978564466	trials	210614TX	p54	Z11111	103	34.0	0.0	3454.742142822539	3454.969022801103
3455.032422780941	0.526879978564466	trials	210614TX	p54	Z11111	58	19.0	0.0	3455.182422780941	3455.4093027595054
3458.935062412216	0.5068399804576984	trials	210614TX	p54	Z11111	15	4.0	2.0	3459.0850624122163	3459.291902392674
3459.3453423734527	0.526879978564466	trials	210614TX	p54	Z11111	45	14.0	2.0	3459.495342373453	3459.722222352017
3459.7756223327992	0.4968399814024451	trials	210614TX	p54	Z11111	93	30.0	2.0	3459.9256223327993	3460.1224623142016
3460.175862294984	0.526879978564466	trials	210614TX	p54	Z11111	77	25.0	1.0	3460.3258622949843	3460.5527422735486
3460.626182252438	0.5068799804539594	trials	210614TX	p54	Z11111	30	9.0	2.0	3460.776182252438	3460.983062232892
3461.066502210836	0.4968399814024451	trials	210614TX	p54	Z11111	20	6.0	1.0	3461.216502210836	3461.4133421922384
3461.4967821701825	0.49683998140289987	trials	210614TX	p54	Z11111	83	27.0	1.0	3461.6467821701826	3461.8436221515854
3465.3893818024067	0.5168799795092127	trials	210614TX	p54	Z11111	7	2.0	0.0	3465.5393818024068	3465.756261781916
3465.8297017608047	0.526879978564466	trials	210614TX	p54	Z11111	76	25.0	0.0	3465.979701760805	3466.206581739369
3466.2799817182618	0.49687998139870615	trials	210614TX	p54	Z11111	59	19.0	1.0	3466.429981718262	3466.6268616996604
3466.6902616794982	0.526879978564466	trials	210614TX	p54	Z11111	105	34.0	2.0	3466.8402616794983	3467.0671416580626
3467.150581636007	0.49683998140289987	trials	210614TX	p54	Z11111	9	2.0	2.0	3467.300581636007	3467.4974216174096
3467.550861598188	0.526879978564466	trials	210614TX	p54	Z11111	89	29.0	1.0	3467.700861598188	3467.9277415767524
3467.99114155659	0.4968799813991609	trials	210614TX	p54	Z11111	92	30.0	1.0	3468.14114155659	3468.338021537989
3471.843741192593	0.5068799804539594	trials	210614TX	p54	Z11111	119	39.0	1.0	3471.993741192593	3472.200621173047
3472.2540211538294	0.526879978564466	trials	210614TX	p54	Z11111	0			3472.4040211538295	3472.630901132394
3472.704301111287	0.49687998139870615	trials	210614TX	p54	Z11111	56	18.0	1.0	3472.854301111287	3473.0511810926855
3473.1346210706297	0.5068399804576984	trials	210614TX	p54	Z11111	25	8.0	0.0	3473.28462107063	3473.4914610510873
3473.5749010290315	0.49687998139870615	trials	210614TX	p54	Z11111	18	5.0	2.0	3473.7249010290316	3473.92178101043
3473.9751809912127	0.526879978564466	trials	210614TX	p54	Z11111	5	1.0	1.0	3474.125180991213	3474.352060969777
3474.415460949615	0.526879978564466	trials	210614TX	p54	Z11111	94	31.0	0.0	3474.565460949615	3474.7923409281793
3478.338100579	0.4968799813991609	trials	210614TX	p54	Z11111	47	15.0	1.0	3478.4881005790003	3478.6849805603993
3478.758380539292	0.49687998139870615	trials	210614TX	p54	Z11111	70	23.0	0.0	3478.908380539292	3479.1052605206905
3479.188660498639	0.5068799804539594	trials	210614TX	p54	Z11111	4	1.0	0.0	3479.338660498639	3479.545540479093
3479.628980457037	0.4968399814024451	trials	210614TX	p54	Z11111	14	4.0	1.0	3479.778980457037	3479.9758204384393
3480.029260419218	0.5068399804576984	trials	210614TX	p54	Z11111	120	39.0	2.0	3480.1792604192183	3480.386100399676
3480.4595403785647	0.5068799804539594	trials	210614TX	p54	Z11111	34	11.0	0.0	3480.609540378565	3480.8164203590186
3480.899820336967	0.49687998139870615	trials	210614TX	p54	Z11111	109	36.0	0.0	3481.049820336967	3481.2467003183656
3484.6723799805322	0.5068399804576984	trials	210614TX	p54	Z11111	118	39.0	0.0	3484.8223799805323	3485.02921996099
3485.102659939879	0.526879978564466	trials	210614TX	p54	Z11111	75	24.0	2.0	3485.252659939879	3485.479539918443
3485.5529798973325	0.4968399814024451	trials	210614TX	p54	Z11111	53	17.0	1.0	3485.7029798973326	3485.899819878735
3485.983259856679	0.49683998140289987	trials	210614TX	p54	Z11111	114	37.0	2.0	3486.133259856679	3486.330099838082
3486.423539815081	0.4968799813991609	trials	210614TX	p54	Z11111	63	20.0	2.0	3486.573539815081	3486.77041979648
3486.823819777262	0.526879978564466	trials	210614TX	p54	Z11111	2	0.0	1.0	3486.973819777262	3487.2006997558265
3487.254099736609	0.49687998139870615	trials	210614TX	p54	Z11111	84	27.0	2.0	3487.404099736609	3487.6009797180077
3491.136739369774	0.5268799785640113	trials	210614TX	p54	Z11111	62	20.0	1.0	3491.2867393697743	3491.513619348338
3491.5870193272312	0.49687998139870615	trials	210614TX	p54	Z11111	117	38.0	2.0	3491.7370193272313	3491.93389930863
3491.987299289412	0.49683998140289987	trials	210614TX	p54	Z11111	49	16.0	0.0	3492.137299289412	3492.334139270815
3492.4275792478143	0.526879978564466	trials	210614TX	p54	Z11111	36	11.0	2.0	3492.5775792478144	3492.8044592263786
3492.857899207157	0.526879978564466	trials	210614TX	p54	Z11111	85	28.0	0.0	3493.007899207157	3493.2347791857214
3493.3081791646146	0.49687998139870615	trials	210614TX	p54	Z11111	87	28.0	2.0	3493.4581791646146	3493.655059146013
3493.708459126796	0.5368799776192645	trials	210614TX	p54	Z11111	0			3493.858459126796	3494.095339104415
3497.7011387495636	0.5068799804539594	trials	210614TX	p54	Z11111	0			3497.8511387495637	3498.0580187300175
3498.1314187089106	0.526879978564466	trials	210614TX	p54	Z11111	90	29.0	2.0	3498.2814187089107	3498.508298687475
3498.581738666364	0.49683998140289987	trials	210614TX	p54	Z11111	40	13.0	0.0	3498.731738666364	3498.9285786477667
3499.012018625711	0.49687998139870615	trials	210614TX	p54	Z11111	27	8.0	2.0	3499.162018625711	3499.3588986071095
3503.38497821255	0.5268799785640113	trials	210614TX	p54	Z11111	60	19.0	2.0	3503.53497821255	3503.761858191114
3503.8252581709517	0.5068799804539594	trials	210614TX	p54	Z11111	82	27.0	0.0	3503.9752581709517	3504.1821381514055
3506.507057917573	0.5268799785640113	trials	210614TX	p54	Z11111	68	22.0	1.0	3506.657057917573	3506.883937896137
3520.1762566260954	0.5068799804539594	trials	210614TX	p54	Z11111	42	13.0	2.0	3520.3262566260955	3520.5331366065493
3520.6065765854382	0.4968399814024451	trials	210614TX	p54	Z11111	108	35.0	2.0	3520.7565765854383	3520.9534165668406
3521.006816547623	0.526879978564466	trials	210614TX	p54	Z11111	43	14.0	0.0	3521.1568165476233	3521.3836965261876
3521.4571365050765	0.4968399814024451	trials	210614TX	p54	Z11111	54	17.0	2.0	3521.6071365050766	3521.803976486479
3521.8874164644235	0.5068799804539594	trials	210614TX	p54	Z11111	71	23.0	1.0	3522.0374164644236	3522.2442964448774
3522.2976964256595	0.526879978564466	trials	210614TX	p54	Z11111	116	38.0	1.0	3522.4476964256596	3522.674576404224
3522.748016383113	0.49683998140289987	trials	210614TX	p54	Z11111	51	16.0	2.0	3522.898016383113	3523.0948563645156
3526.5705760219544	0.5068799804539594	trials	210614TX	p54	Z11111	95	31.0	1.0	3526.7205760219545	3526.9274560024082
3526.990855982246	0.5168799795092127	trials	210614TX	p54	Z11111	55	18.0	0.0	3527.140855982246	3527.357735961755
3527.431135940648	0.49687998139870615	trials	210614TX	p54	Z11111	98	32.0	1.0	3527.581135940648	3527.7780159220465
3527.861455899991	0.4968399814024451	trials	210614TX	p54	Z11111	10	3.0	0.0	3528.0114558999912	3528.2082958813935
3528.261695862176	0.5369199776155256	trials	210614TX	p54	Z11111	66	21.0	2.0	3528.411695862176	3528.6486158397915
3528.702015820574	0.5268799785640113	trials	210614TX	p54	Z11111	46	15.0	0.0	3528.8520158205743	3529.078895799138
3529.1322957799207	0.526879978564466	trials	210614TX	p54	Z11111	11	3.0	1.0	3529.282295779921	3529.509175758485
3532.90481542349	0.5068799804539594	trials	210614TX	p54	Z11111	31	10.0	0.0	3533.0548154234903	3533.261695403944
3533.3150953847266	0.49687998139870615	trials	210614TX	p54	Z11111	106	35.0	0.0	3533.4650953847267	3533.6619753661253
3533.7454153440694	0.4968399814024451	trials	210614TX	p54	Z11111	64	21.0	0.0	3533.8954153440695	3534.092255325472
3534.155695305306	0.5268799785640113	trials	210614TX	p54	Z11111	115	38.0	0.0	3534.305695305306	3534.53257528387
3534.615975261818	0.49687998139870615	trials	210614TX	p54	Z11111	38	12.0	1.0	3534.7659752618183	3534.962855243217
3535.0262552230547	0.5268799785640113	trials	210614TX	p54	Z11111	99	32.0	2.0	3535.176255223055	3535.4031352016186
3535.4565751823975	0.4968399814024451	trials	210614TX	p54	Z11111	57	18.0	2.0	3535.6065751823976	3535.8034151638
3539.329174816511	0.516879979508758	trials	210614TX	p54	Z11111	72	23.0	2.0	3539.479174816511	3539.69605479602
3539.7494547768024	0.5068399804576984	trials	210614TX	p54	Z11111	61	20.0	0.0	3539.8994547768025	3540.10629475726
3540.1897347352046	0.49687998139870615	trials	210614TX	p54	Z11111	8	2.0	1.0	3540.3397347352047	3540.5366147166033
3540.620014694551	0.4968799813991609	trials	210614TX	p54	Z11111	81	26.0	2.0	3540.7700146945513	3540.9668946759502
3541.0302946557877	0.49687998139870615	trials	210614TX	p54	Z11111	65	21.0	1.0	3541.1802946557877	3541.3771746371863
3541.4606146151305	0.49683998140289987	trials	210614TX	p54	Z11111	3	0.0	2.0	3541.6106146151305	3541.8074545965333
3541.8908945744774	0.4968399814024451	trials	210614TX	p54	Z11111	32	10.0	1.0	3542.0408945744775	3542.23773455588
3545.7434942104805	0.526879978564466	trials	210614TX	p54	Z11111	88	29.0	0.0	3545.8934942104806	3546.120374189045
3546.1937741679376	0.49687998139870615	trials	210614TX	p54	Z11111	67	22.0	0.0	3546.3437741679377	3546.540654149336
3546.6240941272804	0.5068399804581531	trials	210614TX	p54	Z11111	22	7.0	0.0	3546.7740941272805	3546.9809341077384
3547.0643740856826	0.4968399814024451	trials	210614TX	p54	Z11111	28	9.0	0.0	3547.2143740856827	3547.411214067085
3547.464654047864	0.4968399814024451	trials	210614TX	p54	Z11111	12	3.0	2.0	3547.614654047864	3547.811494029266
3547.894934007211	0.4968399814024451	trials	210614TX	p54	Z11111	80	26.0	1.0	3548.044934007211	3548.241773988613
3548.305213968447	0.49683998140289987	trials	210614TX	p54	Z11111	29	9.0	1.0	3548.455213968447	3548.6520539498497
3552.41797357987	0.526879978564466	trials	210614TX	p54	Z11111	19	6.0	0.0	3552.56797357987	3552.794853558434
3552.848253539217	0.5268799785640113	trials	210614TX	p54	Z11111	21	6.0	2.0	3552.998253539217	3553.2251335177807
3553.2885334976186	0.49687998139870615	trials	210614TX	p54	Z11111	69	22.0	2.0	3553.4385334976187	3553.635413479017
3553.718853456962	0.4968399814024451	trials	210614TX	p54	Z11111	13	4.0	0.0	3553.868853456962	3554.065693438364
3554.1491334163084	0.5068799804539594	trials	210614TX	p54	Z11111	26	8.0	1.0	3554.2991334163085	3554.5060133967622
3554.58941337471	0.49687998139870615	trials	210614TX	p54	Z11111	39	12.0	2.0	3554.7394133747102	3554.9362933561088
3554.9896933368914	0.526879978564466	trials	210614TX	p54	Z11111	16	5.0	0.0	3555.1396933368915	3555.3665733154558
