onset	duration	nwb_table	ses_ID	pen_ID	sub_ID	cond_ID	stim_ID	mode	pdOnTS	pdOffTS
2749.6981979011043	0.5068800334952357	trials	210610TX	p50	Z11111	25	8.0	0.0	2749.8481979011044	2750.0550779345995
2750.1084379675244	0.5269200367397389	trials	210610TX	p50	Z11111	31	10.0	0.0	2750.2584379675245	2750.485358004264
2750.5787580436718	0.5269200367397389	trials	210610TX	p50	Z11111	76	25.0	0.0	2750.728758043672	2750.9556780804114
2751.009078113343	0.5268800367330186	trials	210610TX	p50	Z11111	94	31.0	0.0	2751.159078113343	2751.385958150076
2751.449358184627	0.5268800367334734	trials	210610TX	p50	Z11111	49	16.0	0.0	2751.599358184627	2751.82623822136
2751.8796382542914	0.5269200367397389	trials	210610TX	p50	Z11111	113	37.0	1.0	2752.0296382542915	2752.256558291031
2752.319918325575	0.5269200367401936	trials	210610TX	p50	Z11111	91	30.0	0.0	2752.4699183255752	2752.6968383623152
2755.882318902348	0.5069200335019559	trials	210610TX	p50	Z11111	89	29.0	1.0	2756.032318902348	2756.2392389358497
2756.2925989687747	0.5269200367397389	trials	210610TX	p50	Z11111	15	4.0	2.0	2756.4425989687747	2756.6695190055143
2758.8943593900144	0.5068800334952357	trials	210610TX	p50	Z11111	24	7.0	2.0	2759.0443593900145	2759.2512394235096
2759.304639456441	0.5269200367397389	trials	210610TX	p50	Z11111	120	39.0	2.0	2759.454639456441	2759.6815594931804
2761.7662798549945	0.5069200335015012	trials	210610TX	p50	Z11111	111	36.0	2.0	2761.9162798549946	2762.123199888496
2762.1865999230463	0.4968800318765716	trials	210610TX	p50	Z11111	1	0.0	0.0	2762.3365999230464	2762.5334799549228
2762.6168799927113	0.5268800367334734	trials	210610TX	p50	Z11111	59	19.0	1.0	2762.7668799927114	2762.9937600294447
2763.047160062376	0.5369200383588577	trials	210610TX	p50	Z11111	30	9.0	2.0	2763.197160062376	2763.4340801007347
2763.4874401336597	0.5269200367401936	trials	210610TX	p50	Z11111	68	22.0	1.0	2763.6374401336598	2763.8643601704
2763.9577602098075	0.5269200367397389	trials	210610TX	p50	Z11111	27	8.0	2.0	2764.1077602098076	2764.334680246547
2764.3880802794783	0.5268800367334734	trials	210610TX	p50	Z11111	110	36.0	1.0	2764.5380802794784	2764.7649603162117
2767.9904808627275	0.5069200335015012	trials	210610TX	p50	Z11111	96	31.0	2.0	2768.1404808627276	2768.347400896229
2770.4021212531857	0.5068800334952357	trials	210610TX	p50	Z11111	116	38.0	1.0	2770.5521212531858	2770.759001286681
2770.8324013228503	0.5269200367397389	trials	210610TX	p50	Z11111	21	6.0	2.0	2770.9824013228504	2771.20932135959
2771.262681392515	0.5269200367401936	trials	210610TX	p50	Z11111	7	2.0	0.0	2771.412681392515	2771.639601429255
2771.7030014638053	0.5268800367334734	trials	210610TX	p50	Z11111	95	31.0	1.0	2771.8530014638054	2772.0798815005387
2772.13328153347	0.5269200367401936	trials	210610TX	p50	Z11111	47	15.0	1.0	2772.28328153347	2772.51020157021
2772.563561603135	0.5369200383588577	trials	210610TX	p50	Z11111	67	22.0	0.0	2772.713561603135	2772.9504816414938
2773.003881674425	0.5268800367334734	trials	210610TX	p50	Z11111	108	35.0	2.0	2773.153881674425	2773.3807617111584
2776.4161622268925	0.5068800334952357	trials	210610TX	p50	Z11111	13	4.0	0.0	2776.5661622268926	2776.7730422603877
2776.8364422949385	0.5269200367397389	trials	210610TX	p50	Z11111	80	26.0	1.0	2776.9864422949386	2777.213362331678
2777.266722364603	0.5269200367397389	trials	210610TX	p50	Z11111	52	17.0	0.0	2777.416722364603	2777.6436424013427
2779.448202717797	0.5068800334952357	trials	210610TX	p50	Z11111	28	9.0	0.0	2779.598202717797	2779.805082751292
2779.8985227907065	0.5268800367330186	trials	210610TX	p50	Z11111	22	7.0	0.0	2780.0485227907066	2780.2754028274394
2780.328802860371	0.5269200367397389	trials	210610TX	p50	Z11111	92	30.0	1.0	2780.478802860371	2780.7057228971107
2780.7991229365184	0.5268800367334734	trials	210610TX	p50	Z11111	75	24.0	2.0	2780.9491229365185	2781.176002973252
2783.1607233188747	0.5068800334952357	trials	210610TX	p50	Z11111	14	4.0	1.0	2783.310723318875	2783.51760335237
2783.570963385295	0.5569600416038156	trials	210610TX	p50	Z11111	0			2783.720963385295	2783.9779234268985
2785.9525637708894	0.5069200335019559	trials	210610TX	p50	Z11111	77	25.0	1.0	2786.1025637708894	2786.309483804391
2788.7944842310126	0.5069200335015012	trials	210610TX	p50	Z11111	55	18.0	0.0	2788.9444842310127	2789.151404264514
2792.056684759181	0.5069200335019559	trials	210610TX	p50	Z11111	114	37.0	2.0	2792.206684759181	2792.4136047926827
2794.688485185284	0.5068800334952357	trials	210610TX	p50	Z11111	64	21.0	0.0	2794.8384851852843	2795.0453652187794
2797.2401655984154	0.5069200335019559	trials	210610TX	p50	Z11111	117	38.0	2.0	2797.3901655984155	2797.5970856319173
2797.690485671325	0.5269200367397389	trials	210610TX	p50	Z11111	29	9.0	1.0	2797.840485671325	2798.0674057080646
2798.150805745853	0.5068800334952357	trials	210610TX	p50	Z11111	85	28.0	0.0	2798.3008057458533	2798.5076857793483
2800.9726862027314	0.5069200335019559	trials	210610TX	p50	Z11111	107	35.0	1.0	2801.1226862027315	2801.3296062362333
2801.3829662691583	0.5068800334952357	trials	210610TX	p50	Z11111	74	24.0	1.0	2801.5329662691584	2801.7398463026534
2801.823246340442	0.5269200367397389	trials	210610TX	p50	Z11111	90	29.0	2.0	2801.973246340442	2802.2001663771816
2802.293606416596	0.5268800367334734	trials	210610TX	p50	Z11111	35	11.0	1.0	2802.443606416596	2802.6704864533294
2802.7338864878798	0.5369200383588577	trials	210610TX	p50	Z11111	112	37.0	0.0	2802.88388648788	2803.1208065262385
2803.2042065640276	0.536920038358403	trials	210610TX	p50	Z11111	2	0.0	1.0	2803.3542065640277	2803.591126602386
2803.6444866353113	0.5269200367397389	trials	210610TX	p50	Z11111	3	0.0	2.0	2803.7944866353114	2804.021406672051
2807.146847202363	0.5068800334952357	trials	210610TX	p50	Z11111	11	3.0	1.0	2807.296847202363	2807.503727235858
2807.55712726879	0.5269200367397389	trials	210610TX	p50	Z11111	119	39.0	1.0	2807.70712726879	2807.9340473055295
2808.027447344937	0.5269200367397389	trials	210610TX	p50	Z11111	84	27.0	2.0	2808.1774473449373	2808.404367381677
2808.457727414602	0.5269200367397389	trials	210610TX	p50	Z11111	101	33.0	1.0	2808.607727414602	2808.8346474513414
2808.898047485892	0.5268800367330186	trials	210610TX	p50	Z11111	56	18.0	1.0	2809.0480474858923	2809.274927522625
2809.328327555557	0.5268800367334734	trials	210610TX	p50	Z11111	41	13.0	1.0	2809.478327555557	2809.70520759229
2811.9600879816535	0.5068800334952357	trials	210610TX	p50	Z11111	81	26.0	2.0	2812.1100879816536	2812.3169680151486
2812.4003680529377	0.5369200383588577	trials	210610TX	p50	Z11111	54	17.0	2.0	2812.5503680529378	2812.7872880912964
2812.860688127466	0.5269200367397389	trials	210610TX	p50	Z11111	37	12.0	0.0	2813.010688127466	2813.2376081642055
2813.291008197137	0.5268800367334734	trials	210610TX	p50	Z11111	5	1.0	1.0	2813.4410081971373	2813.6678882338706
2815.572528566528	0.5068800334952357	trials	210610TX	p50	Z11111	32	10.0	1.0	2815.722528566528	2815.929408600023
2815.982808632955	0.5268800367330186	trials	210610TX	p50	Z11111	33	10.0	2.0	2816.132808632955	2816.359688669688
2816.4230887042386	0.5269200367397389	trials	210610TX	p50	Z11111	71	23.0	1.0	2816.5730887042387	2816.8000087409782
2816.853368773903	0.5269200367401936	trials	210610TX	p50	Z11111	18	5.0	2.0	2817.0033687739033	2817.2302888106433
2817.2936888451936	0.5269200367397389	trials	210610TX	p50	Z11111	88	29.0	0.0	2817.4436888451937	2817.6706088819333
2817.7239689148582	0.5269200367397389	trials	210610TX	p50	Z11111	102	33.0	2.0	2817.8739689148583	2818.100888951598
2818.1642889861487	0.5268800367334734	trials	210610TX	p50	Z11111	93	30.0	2.0	2818.3142889861488	2818.541169022882
2821.9768496034235	0.5068800334952357	trials	210610TX	p50	Z11111	10	3.0	0.0	2822.1268496034236	2822.3337296369186
2822.3871296698503	0.5268800367334734	trials	210610TX	p50	Z11111	44	14.0	1.0	2822.5371296698504	2822.7640097065837
2822.827409741134	0.5269200367397389	trials	210610TX	p50	Z11111	58	19.0	0.0	2822.977409741134	2823.2043297778737
2823.2576898107986	0.5269200367401936	trials	210610TX	p50	Z11111	61	20.0	0.0	2823.4076898107987	2823.6346098475387
2825.539250180196	0.5068800334952357	trials	210610TX	p50	Z11111	17	5.0	1.0	2825.6892501801963	2825.8961302136913
2825.949530246623	0.5368800383521375	trials	210610TX	p50	Z11111	115	38.0	0.0	2826.099530246623	2826.336410284975
2826.3898103179067	0.5269200367397389	trials	210610TX	p50	Z11111	79	26.0	0.0	2826.539810317907	2826.7667303546464
2826.8200903875713	0.5269200367401936	trials	210610TX	p50	Z11111	38	12.0	1.0	2826.9700903875714	2827.1970104243114
2827.2604104588618	0.5268800367334734	trials	210610TX	p50	Z11111	82	27.0	0.0	2827.410410458862	2827.637290495595
2829.6019708379736	0.5068800334952357	trials	210610TX	p50	Z11111	0			2829.7519708379737	2829.9588508714687
2830.022250906019	0.5269200367401936	trials	210610TX	p50	Z11111	16	5.0	0.0	2830.172250906019	2830.399170942759
2830.452530975684	0.5269200367397389	trials	210610TX	p50	Z11111	118	39.0	0.0	2830.602530975684	2830.8294510124238
2830.8828110453487	0.5369200383588577	trials	210610TX	p50	Z11111	97	32.0	0.0	2831.032811045349	2831.2697310837075
2831.323131116639	0.5269200367397389	trials	210610TX	p50	Z11111	12	3.0	2.0	2831.4731311166393	2831.700051153379
2831.7934511927865	0.5268800367334734	trials	210610TX	p50	Z11111	6	1.0	2.0	2831.9434511927866	2832.17033122952
2832.223731262451	0.5269200367401936	trials	210610TX	p50	Z11111	39	12.0	2.0	2832.373731262451	2832.600651299191
2836.076331886209	0.5068800334952357	trials	210610TX	p50	Z11111	23	7.0	1.0	2836.226331886209	2836.4332119197043
2836.4866119526355	0.5268800367334734	trials	210610TX	p50	Z11111	62	20.0	1.0	2836.6366119526356	2836.863491989369
2836.9268920239197	0.5269200367397389	trials	210610TX	p50	Z11111	78	25.0	2.0	2837.0768920239198	2837.3038120606593
2837.387212098448	0.5369200383588577	trials	210610TX	p50	Z11111	66	21.0	2.0	2837.537212098448	2837.7741321368067
2841.580052777292	0.5068800334952357	trials	210610TX	p50	Z11111	43	14.0	0.0	2841.7300527772923	2841.9369328107873
2841.990332843719	0.5268800367334734	trials	210610TX	p50	Z11111	87	28.0	2.0	2842.140332843719	2842.3672128804524
2842.4306129150027	0.5268800367334734	trials	210610TX	p50	Z11111	63	20.0	2.0	2842.580612915003	2842.807492951736
2842.8608929846673	0.5269200367401936	trials	210610TX	p50	Z11111	0			2843.0108929846674	2843.2378130214074
2843.2911730543324	0.5369200383588577	trials	210610TX	p50	Z11111	0			2843.4411730543325	2843.678093092691
2843.7614931304797	0.5269200367397389	trials	210610TX	p50	Z11111	9	2.0	2.0	2843.91149313048	2844.1384131672194
2844.20181320177	0.5268800367330186	trials	210610TX	p50	Z11111	106	35.0	0.0	2844.3518132017703	2844.578693238503
2847.9843338141814	0.5069200335019559	trials	210610TX	p50	Z11111	73	24.0	0.0	2848.1343338141814	2848.341253847683
2848.394613880608	0.5269200367397389	trials	210610TX	p50	Z11111	60	19.0	2.0	2848.5446138806083	2848.771533917348
2848.834933951898	0.5268800367334734	trials	210610TX	p50	Z11111	100	33.0	0.0	2848.9849339518983	2849.2118139886315
2851.526734387716	0.5068800334952357	trials	210610TX	p50	Z11111	86	28.0	1.0	2851.676734387716	2851.883614421211
2851.9470144557617	0.5269200367397389	trials	210610TX	p50	Z11111	99	32.0	2.0	2852.097014455762	2852.3239344925014
2852.3772945254264	0.5269200367397389	trials	210610TX	p50	Z11111	48	15.0	2.0	2852.5272945254264	2852.754214562166
2852.817614596717	0.5268800367330186	trials	210610TX	p50	Z11111	104	34.0	1.0	2852.967614596717	2853.1944946334497
2853.2478946663814	0.5268800367334734	trials	210610TX	p50	Z11111	34	11.0	0.0	2853.3978946663815	2853.624774703115
2853.678174736046	0.5369200383588577	trials	210610TX	p50	Z11111	69	22.0	2.0	2853.828174736046	2854.0650947744048
2854.11845480733	0.5269200367397389	trials	210610TX	p50	Z11111	45	14.0	2.0	2854.2684548073303	2854.49537484407
2857.9710554310877	0.5069200335015012	trials	210610TX	p50	Z11111	50	16.0	1.0	2858.121055431088	2858.327975464589
2858.381335497514	0.5269200367401936	trials	210610TX	p50	Z11111	109	36.0	0.0	2858.531335497514	2858.758255534254
2858.8216555688045	0.5268800367334734	trials	210610TX	p50	Z11111	83	27.0	1.0	2858.9716555688046	2859.198535605538
2859.2519356384696	0.5269200367397389	trials	210610TX	p50	Z11111	26	8.0	1.0	2859.4019356384697	2859.6288556752093
2859.682215708134	0.5369200383588577	trials	210610TX	p50	Z11111	103	34.0	0.0	2859.8322157081343	2860.069135746493
2860.122535779424	0.5268800367334734	trials	210610TX	p50	Z11111	4	1.0	0.0	2860.2725357794243	2860.4994158161576
2862.774296208759	0.4968800318765716	trials	210610TX	p50	Z11111	98	32.0	1.0	2862.924296208759	2863.1211762406356
2865.1458965927345	0.5068800334952357	trials	210610TX	p50	Z11111	42	13.0	2.0	2865.2958965927346	2865.5027766262297
2865.5561766591613	0.5269200367397389	trials	210610TX	p50	Z11111	53	17.0	1.0	2865.7061766591614	2865.933096695901
2865.996456730445	0.5269200367397389	trials	210610TX	p50	Z11111	65	21.0	1.0	2866.146456730445	2866.3733767671847
2868.3480571111827	0.5168800351138998	trials	210610TX	p50	Z11111	20	6.0	1.0	2868.498057111183	2868.7149371462965
2871.1799775696863	0.5068800334952357	trials	210610TX	p50	Z11111	40	13.0	0.0	2871.3299775696864	2871.5368576031815
2871.600257637732	0.5268800367334734	trials	210610TX	p50	Z11111	57	18.0	2.0	2871.750257637732	2871.977137674465
2872.030537707397	0.5269200367397389	trials	210610TX	p50	Z11111	51	16.0	2.0	2872.180537707397	2872.4074577441365
2872.5008577835442	0.5269200367397389	trials	210610TX	p50	Z11111	46	15.0	0.0	2872.6508577835443	2872.877777820284
2872.931137853209	0.5269200367401936	trials	210610TX	p50	Z11111	70	23.0	0.0	2873.081137853209	2873.308057889949
2875.462858263109	0.506880033494781	trials	210610TX	p50	Z11111	8	2.0	1.0	2875.612858263109	2875.8197382966036
2875.8731383295353	0.5268800367334734	trials	210610TX	p50	Z11111	19	6.0	0.0	2876.0231383295354	2876.2500183662687
2876.313418400819	0.5269200367401936	trials	210610TX	p50	Z11111	72	23.0	2.0	2876.463418400819	2876.690338437559
2876.743698470484	0.5269200367397389	trials	210610TX	p50	Z11111	36	11.0	2.0	2876.893698470484	2877.1206185072238
2877.184018541774	0.5268800367334734	trials	210610TX	p50	Z11111	105	34.0	2.0	2877.334018541774	2877.5608985785075
2877.614298611439	0.5268800367330186	trials	210610TX	p50	Z11111	6	1.0	2.0	2877.7642986114392	2877.991178648172
2880.3361390521204	0.5268800367330186	trials	210610TX	p50	Z11111	63	20.0	2.0	2880.4861390521205	2880.7130190888533
2880.776419123404	0.5269200367397389	trials	210610TX	p50	Z11111	91	30.0	0.0	2880.9264191234042	2881.153339160144
2881.216699194688	0.5269200367397389	trials	210610TX	p50	Z11111	64	21.0	0.0	2881.366699194688	2881.5936192314275
2881.647019264359	0.5268800367334734	trials	210610TX	p50	Z11111	1	0.0	0.0	2881.7970192643593	2882.0238993010926
2882.077299334024	0.5269200367397389	trials	210610TX	p50	Z11111	82	27.0	0.0	2882.227299334024	2882.4542193707634
2882.5175794053075	0.5269200367401936	trials	210610TX	p50	Z11111	83	27.0	1.0	2882.6675794053076	2882.8944994420476
2885.0592998168268	0.5068800334952357	trials	210610TX	p50	Z11111	3	0.0	2.0	2885.209299816827	2885.416179850322
2885.509619889736	0.5268800367334734	trials	210610TX	p50	Z11111	78	25.0	2.0	2885.659619889736	2885.8864999264692
2885.9398999594005	0.5369200383588577	trials	210610TX	p50	Z11111	70	23.0	0.0	2886.0898999594006	2886.3268199977592
2888.2114203271726	0.5069200335015012	trials	210610TX	p50	Z11111	108	35.0	2.0	2888.3614203271727	2888.568340360674
2888.621700393599	0.5269200367401936	trials	210610TX	p50	Z11111	117	38.0	2.0	2888.771700393599	2888.998620430339
2889.092020469747	0.5269200367397389	trials	210610TX	p50	Z11111	81	26.0	2.0	2889.242020469747	2889.4689405064864
2889.5223005394114	0.5269200367397389	trials	210610TX	p50	Z11111	52	17.0	0.0	2889.6723005394115	2889.899220576151
2889.9526206090827	0.5368800383521375	trials	210610TX	p50	Z11111	42	13.0	2.0	2890.102620609083	2890.3395006474348
2890.3929006803664	0.5269200367397389	trials	210610TX	p50	Z11111	118	39.0	0.0	2890.5429006803665	2890.769820717106
2890.83318075165	0.5269200367397389	trials	210610TX	p50	Z11111	66	21.0	2.0	2890.9831807516503	2891.21010078839
2894.6457413689254	0.5069200335015012	trials	210610TX	p50	Z11111	69	22.0	2.0	2894.7957413689255	2895.002661402427
2895.0960614418345	0.5269200367397389	trials	210610TX	p50	Z11111	55	18.0	0.0	2895.2460614418346	2895.472981478574
2895.526341511499	0.5269200367401936	trials	210610TX	p50	Z11111	11	3.0	1.0	2895.6763415114992	2895.9032615482392
2895.9666615827896	0.5268800367334734	trials	210610TX	p50	Z11111	13	4.0	0.0	2896.1166615827897	2896.343541619523
2896.3969416524546	0.5269200367397389	trials	210610TX	p50	Z11111	0			2896.5469416524547	2896.7738616891943
2896.8272217221192	0.5369200383588577	trials	210610TX	p50	Z11111	30	9.0	2.0	2896.9772217221193	2897.214141760478
2897.2675417934092	0.5268800367334734	trials	210610TX	p50	Z11111	87	28.0	2.0	2897.4175417934093	2897.6444218301426
2901.200182430126	0.5068800334952357	trials	210610TX	p50	Z11111	39	12.0	2.0	2901.350182430126	2901.557062463621
2901.620462498172	0.5268800367330186	trials	210610TX	p50	Z11111	56	18.0	1.0	2901.770462498172	2901.997342534905
2904.51238296639	0.5069200335019559	trials	210610TX	p50	Z11111	73	24.0	0.0	2904.66238296639	2904.8693029998917
2904.9226630328167	0.5369200383588577	trials	210610TX	p50	Z11111	9	2.0	2.0	2905.0726630328168	2905.3095830711754
2905.3629831041067	0.5268800367334734	trials	210610TX	p50	Z11111	88	29.0	0.0	2905.5129831041068	2905.73986314084
2905.7932631737717	0.5269200367397389	trials	210610TX	p50	Z11111	107	35.0	1.0	2905.943263173772	2906.1701832105114
2906.2335432450554	0.5269200367397389	trials	210610TX	p50	Z11111	86	28.0	1.0	2906.3835432450555	2906.610463281795
2906.6638633147268	0.5268800367330186	trials	210610TX	p50	Z11111	62	20.0	1.0	2906.813863314727	2907.0407433514597
2907.1041433860105	0.5269200367397389	trials	210610TX	p50	Z11111	45	14.0	2.0	2907.2541433860106	2907.48106342275
2910.8867039984284	0.5068800334952357	trials	210610TX	p50	Z11111	79	26.0	0.0	2911.0367039984285	2911.2435840319235
2911.3369840713312	0.5269200367397389	trials	210610TX	p50	Z11111	34	11.0	0.0	2911.4869840713313	2911.713904108071
2911.7673041410026	0.5268800367330186	trials	210610TX	p50	Z11111	36	11.0	2.0	2911.9173041410027	2912.1441841777355
2912.2075842122863	0.5269200367397389	trials	210610TX	p50	Z11111	46	15.0	0.0	2912.3575842122864	2912.584504249026
2912.637864281951	0.5269200367397389	trials	210610TX	p50	Z11111	53	17.0	1.0	2912.787864281951	2913.0147843186905
2913.0681443516155	0.5269200367401936	trials	210610TX	p50	Z11111	25	8.0	0.0	2913.2181443516156	2913.4450643883556
2913.508464422906	0.5269200367397389	trials	210610TX	p50	Z11111	50	16.0	1.0	2913.658464422906	2913.8853844596456
2917.3710650482826	0.5168800351143545	trials	210610TX	p50	Z11111	14	4.0	1.0	2917.5210650482827	2917.737945083397
2919.5625454030956	0.5068800334952357	trials	210610TX	p50	Z11111	20	6.0	1.0	2919.7125454030956	2919.9194254365907
2920.0128254759984	0.5269200367397389	trials	210610TX	p50	Z11111	38	12.0	1.0	2920.1628254759985	2920.389745512738
2920.4431455456697	0.5368800383525922	trials	210610TX	p50	Z11111	17	5.0	1.0	2920.59314554567	2920.830025584022
2920.8834256169534	0.5269200367401936	trials	210610TX	p50	Z11111	85	28.0	0.0	2921.0334256169535	2921.2603456536935
2921.3537456931012	0.5269200367397389	trials	210610TX	p50	Z11111	102	33.0	2.0	2921.5037456931013	2921.730665729841
2921.784025762766	0.5269200367397389	trials	210610TX	p50	Z11111	19	6.0	0.0	2921.934025762766	2922.1609457995055
2922.2243058340496	0.5269200367397389	trials	210610TX	p50	Z11111	110	36.0	1.0	2922.3743058340497	2922.601225870789
2926.126946465909	0.49688003187611685	trials	210610TX	p50	Z11111	112	37.0	0.0	2926.276946465909	2926.473826497785
2926.537226532336	0.5269200367397389	trials	210610TX	p50	Z11111	41	13.0	1.0	2926.687226532336	2926.9141465690755
2926.9675066020004	0.5269200367397389	trials	210610TX	p50	Z11111	84	27.0	2.0	2927.1175066020005	2927.34442663874
2927.407826673291	0.5268800367330186	trials	210610TX	p50	Z11111	33	10.0	2.0	2927.557826673291	2927.784706710024
2927.8381067429555	0.5269200367397389	trials	210610TX	p50	Z11111	98	32.0	1.0	2927.9881067429556	2928.215026779695
2928.278386814239	0.5269200367401936	trials	210610TX	p50	Z11111	68	22.0	1.0	2928.4283868142393	2928.6553068509793
2928.738706888768	0.5369200383588577	trials	210610TX	p50	Z11111	89	29.0	1.0	2928.888706888768	2929.1256269271266
2932.481227494703	0.506880033494781	trials	210610TX	p50	Z11111	67	22.0	0.0	2932.631227494703	2932.8381075281977
2932.8915075611294	0.5269200367397389	trials	210610TX	p50	Z11111	119	39.0	1.0	2933.0415075611295	2933.268427597869
2933.3217876307945	0.5269200367397389	trials	210610TX	p50	Z11111	51	16.0	2.0	2933.4717876307946	2933.698707667534
2933.7821077053227	0.5068800334952357	trials	210610TX	p50	Z11111	74	24.0	1.0	2933.932107705323	2934.138987738818
2934.1923877717495	0.5269200367397389	trials	210610TX	p50	Z11111	58	19.0	0.0	2934.3423877717496	2934.569307808489
2934.6326678430332	0.5269200367397389	trials	210610TX	p50	Z11111	111	36.0	2.0	2934.7826678430333	2935.009587879773
2935.0629879127046	0.5268800367330186	trials	210610TX	p50	Z11111	24	7.0	2.0	2935.2129879127046	2935.4398679494375
2939.0856685639988	0.5069200335019559	trials	210610TX	p50	Z11111	113	37.0	1.0	2939.235668563999	2939.4425885975006
2939.4959486304256	0.5269200367397389	trials	210610TX	p50	Z11111	90	29.0	2.0	2939.6459486304257	2939.872868667165
2939.936268701716	0.5268800367330186	trials	210610TX	p50	Z11111	5	1.0	1.0	2940.086268701716	2940.313148738449
2940.3665487713806	0.5268800367334734	trials	210610TX	p50	Z11111	114	37.0	2.0	2940.5165487713807	2940.743428808114
2940.796828841045	0.5369200383588577	trials	210610TX	p50	Z11111	101	33.0	1.0	2940.9468288410453	2941.183748879404
2943.1684292250206	0.5068800334952357	trials	210610TX	p50	Z11111	61	20.0	0.0	2943.3184292250207	2943.525309258516
2943.5787092914475	0.5269200367397389	trials	210610TX	p50	Z11111	44	14.0	1.0	2943.7287092914476	2943.955629328187
2944.008989361112	0.5269200367397389	trials	210610TX	p50	Z11111	35	11.0	1.0	2944.158989361112	2944.3859093978517
2944.4492694323962	0.5269200367397389	trials	210610TX	p50	Z11111	99	32.0	2.0	2944.5992694323963	2944.826189469136
2944.879589502067	0.5268800367334734	trials	210610TX	p50	Z11111	8	2.0	1.0	2945.029589502067	2945.2564695388005
2945.3198695733513	0.5269200367397389	trials	210610TX	p50	Z11111	15	4.0	2.0	2945.4698695733514	2945.696789610091
2945.750149643016	0.5269200367397389	trials	210610TX	p50	Z11111	100	33.0	0.0	2945.900149643016	2946.1270696797556
2949.632790271637	0.5068800334952357	trials	210610TX	p50	Z11111	37	12.0	0.0	2949.782790271637	2949.989670305132
2950.053070339683	0.5268800367330186	trials	210610TX	p50	Z11111	57	18.0	2.0	2950.203070339683	2950.429950376416
2950.4833504093476	0.5269200367397389	trials	210610TX	p50	Z11111	105	34.0	2.0	2950.6333504093477	2950.8602704460873
2950.9236304806313	0.5269200367397389	trials	210610TX	p50	Z11111	116	38.0	1.0	2951.0736304806314	2951.300550517371
2951.3539505503027	0.5268800367334734	trials	210610TX	p50	Z11111	48	15.0	2.0	2951.5039505503028	2951.730830587036
2951.7842306199673	0.5369200383588577	trials	210610TX	p50	Z11111	26	8.0	1.0	2951.9342306199674	2952.171150658326
2952.2245106912515	0.5269200367397389	trials	210610TX	p50	Z11111	75	24.0	2.0	2952.3745106912515	2952.601430727991
2956.1071513198726	0.5068800334952357	trials	210610TX	p50	Z11111	27	8.0	2.0	2956.2571513198727	2956.464031353368
2956.5174313862994	0.5368800383521375	trials	210610TX	p50	Z11111	92	30.0	1.0	2956.6674313862995	2956.9043114246515
2956.957711457583	0.5269200367397389	trials	210610TX	p50	Z11111	71	23.0	1.0	2957.1077114575833	2957.334631494323
2959.2692718318376	0.5068800334952357	trials	210610TX	p50	Z11111	43	14.0	0.0	2959.4192718318377	2959.6261518653328
2959.6795518982644	0.5268800367330186	trials	210610TX	p50	Z11111	59	19.0	1.0	2959.8295518982645	2960.0564319349974
2960.119831969548	0.5269200367397389	trials	210610TX	p50	Z11111	7	2.0	0.0	2960.2698319695482	2960.496752006288
2960.5501120392128	0.5269200367397389	trials	210610TX	p50	Z11111	21	6.0	2.0	2960.700112039213	2960.9270320759524
2960.990432110503	0.5269200367397389	trials	210610TX	p50	Z11111	18	5.0	2.0	2961.1404321105033	2961.367352147243
2961.420712180168	0.5269200367397389	trials	210610TX	p50	Z11111	80	26.0	1.0	2961.570712180168	2961.7976322169075
2961.860992251452	0.5269200367397389	trials	210610TX	p50	Z11111	4	1.0	0.0	2962.010992251452	2962.2379122881916
2965.813672891413	0.5068800334952357	trials	210610TX	p50	Z11111	65	21.0	1.0	2965.963672891413	2966.170552924908
2966.2239529578396	0.5268800367330186	trials	210610TX	p50	Z11111	10	3.0	0.0	2966.3739529578397	2966.6008329945726
2966.6542330275042	0.5269200367397389	trials	210610TX	p50	Z11111	0			2966.8042330275043	2967.031153064244
2967.094513098788	0.5269200367401936	trials	210610TX	p50	Z11111	16	5.0	0.0	2967.244513098788	2967.471433135528
2967.5248331684593	0.5268800367334734	trials	210610TX	p50	Z11111	22	7.0	0.0	2967.6748331684594	2967.9017132051927
2967.965113239743	0.5269200367397389	trials	210610TX	p50	Z11111	95	31.0	1.0	2968.115113239743	2968.3420332764827
2968.395393309408	0.4969200318823823	trials	210610TX	p50	Z11111	0			2968.545393309408	2968.7423133412904
2972.2179939283083	0.5068800334952357	trials	210610TX	p50	Z11111	77	25.0	1.0	2972.3679939283084	2972.5748739618034
2972.628273994735	0.5268800367334734	trials	210610TX	p50	Z11111	40	13.0	0.0	2972.778273994735	2973.0051540314685
2973.068554066019	0.5269200367397389	trials	210610TX	p50	Z11111	60	19.0	2.0	2973.218554066019	2973.4454741027585
2973.498834135684	0.5269200367397389	trials	210610TX	p50	Z11111	28	9.0	0.0	2973.648834135684	2973.8757541724235
2973.9291542053547	0.5268800367334734	trials	210610TX	p50	Z11111	49	16.0	0.0	2974.079154205355	2974.306034242088
2974.369434276639	0.5269200367397389	trials	210610TX	p50	Z11111	103	34.0	0.0	2974.519434276639	2974.7463543133786
2974.8397543527863	0.5269200367397389	trials	210610TX	p50	Z11111	109	36.0	0.0	2974.9897543527863	2975.216674389526
2978.652314970061	0.5269200367397389	trials	210610TX	p50	Z11111	12	3.0	2.0	2978.802314970061	2979.0292350068007
2979.082595039726	0.5269200367397389	trials	210610TX	p50	Z11111	115	38.0	0.0	2979.232595039726	2979.459515076466
2979.522915111016	0.5268800367334734	trials	210610TX	p50	Z11111	2	0.0	1.0	2979.672915111016	2979.8997951477495
2982.134675533875	0.5068800334952357	trials	210610TX	p50	Z11111	29	9.0	1.0	2982.284675533875	2982.49155556737
2982.544915600295	0.5269200367397389	trials	210610TX	p50	Z11111	72	23.0	2.0	2982.694915600295	2982.9218356370347
2982.985235671585	0.5269200367401936	trials	210610TX	p50	Z11111	47	15.0	1.0	2983.135235671585	2983.362155708325
2983.41551574125	0.5269200367397389	trials	210610TX	p50	Z11111	54	17.0	2.0	2983.5655157412502	2983.79243577799
2983.8558358125406	0.5268800367330186	trials	210610TX	p50	Z11111	96	31.0	2.0	2984.0058358125407	2984.2327158492735
2984.286115882205	0.5268800367334734	trials	210610TX	p50	Z11111	0			2984.4361158822053	2984.6629959189386
2984.71639595187	0.5369200383588577	trials	210610TX	p50	Z11111	94	31.0	0.0	2984.86639595187	2985.1033159902286
2986.9479163131655	0.5068800334952357	trials	210610TX	p50	Z11111	23	7.0	1.0	2987.0979163131656	2987.3047963466606
2987.3581563795856	0.5369200383593125	trials	210610TX	p50	Z11111	93	30.0	2.0	2987.5081563795857	2987.745076417945
2987.8284764557334	0.5269200367397389	trials	210610TX	p50	Z11111	32	10.0	1.0	2987.9784764557335	2988.205396492473
2988.2687965270234	0.5269200367397389	trials	210610TX	p50	Z11111	120	39.0	2.0	2988.4187965270235	2988.645716563763
2988.6990765966884	0.5269200367397389	trials	210610TX	p50	Z11111	104	34.0	1.0	2988.8490765966885	2989.075996633428
2989.1393966679784	0.5268800367334734	trials	210610TX	p50	Z11111	97	32.0	0.0	2989.2893966679785	2989.516276704712
2989.5696767376435	0.5268800367330186	trials	210610TX	p50	Z11111	106	35.0	0.0	2989.7196767376436	2989.9465567743764
2993.452277366258	0.5269200367401936	trials	210610TX	p50	Z11111	76	25.0	0.0	2993.602277366258	2993.829197402998
2993.882557435923	0.5269200367397389	trials	210610TX	p50	Z11111	31	10.0	0.0	2994.032557435923	2994.2594774726626
2994.3228775072134	0.5268800367330186	trials	210610TX	p50	Z11111	65	21.0	1.0	2994.4728775072135	2994.6997575439464
2994.753157576878	0.5269200367397389	trials	210610TX	p50	Z11111	103	34.0	0.0	2994.903157576878	2995.1300776136177
2995.1934376481618	0.5269200367397389	trials	210610TX	p50	Z11111	71	23.0	1.0	2995.343437648162	2995.5703576849014
2995.623757717833	0.5268800367334734	trials	210610TX	p50	Z11111	42	13.0	2.0	2995.773757717833	2996.0006377545665
2996.064037789117	0.5269200367397389	trials	210610TX	p50	Z11111	72	23.0	2.0	2996.214037789117	2996.4409578258565
3000.026718430697	0.5068800334952357	trials	210610TX	p50	Z11111	60	19.0	2.0	3000.1767184306973	3000.3835984641923
3000.4469984987427	0.5268800367334734	trials	210610TX	p50	Z11111	70	23.0	0.0	3000.596998498743	3000.823878535476
3000.8772785684077	0.5269200367397389	trials	210610TX	p50	Z11111	38	12.0	1.0	3001.027278568408	3001.2541986051474
3001.3075586380724	0.5269200367397389	trials	210610TX	p50	Z11111	23	7.0	1.0	3001.4575586380724	3001.684478674812
3001.747878709363	0.5268800367330186	trials	210610TX	p50	Z11111	37	12.0	0.0	3001.897878709363	3002.1247587460957
3002.1781587790274	0.5269200367397389	trials	210610TX	p50	Z11111	73	24.0	0.0	3002.3281587790275	3002.555078815767
3002.618438850311	0.5269200367397389	trials	210610TX	p50	Z11111	113	37.0	1.0	3002.768438850311	3002.9953588870508
3006.5210794821705	0.5068800334952357	trials	210610TX	p50	Z11111	75	24.0	2.0	3006.6710794821706	3006.8779595156657
3006.9313595485974	0.5269200367397389	trials	210610TX	p50	Z11111	36	11.0	2.0	3007.0813595485974	3007.308279585337
3007.361639618262	0.5369200383588577	trials	210610TX	p50	Z11111	56	18.0	1.0	3007.511639618262	3007.7485596566207
3007.8019196895457	0.5269200367397389	trials	210610TX	p50	Z11111	91	30.0	0.0	3007.951919689546	3008.1788397262853
3008.232239759217	0.5268800367334734	trials	210610TX	p50	Z11111	0			3008.382239759217	3008.6091197959504
3008.6725198305007	0.5269200367401936	trials	210610TX	p50	Z11111	15	4.0	2.0	3008.822519830501	3009.049439867241
3009.102799900166	0.5269200367397389	trials	210610TX	p50	Z11111	117	38.0	2.0	3009.252799900166	3009.4797199369054
3012.995440530406	0.5068800334952357	trials	210610TX	p50	Z11111	78	25.0	2.0	3013.145440530406	3013.3523205639012
3013.43572060169	0.49688003187611685	trials	210610TX	p50	Z11111	17	5.0	1.0	3013.58572060169	3013.782600633566
3013.866040671361	0.5368800383521375	trials	210610TX	p50	Z11111	4	1.0	0.0	3014.016040671361	3014.252920709713
3014.306320742645	0.5269200367397389	trials	210610TX	p50	Z11111	98	32.0	1.0	3014.456320742645	3014.6832407793845
3014.7366008123095	0.5369200383588577	trials	210610TX	p50	Z11111	55	18.0	0.0	3014.8866008123096	3015.1235208506682
3015.1769208836	0.5268800367334734	trials	210610TX	p50	Z11111	47	15.0	1.0	3015.3269208836	3015.5538009203333
3015.6072009532645	0.5268800367334734	trials	210610TX	p50	Z11111	112	37.0	0.0	3015.7572009532646	3015.984080989998
3019.6098816013214	0.5069200335015012	trials	210610TX	p50	Z11111	27	8.0	2.0	3019.7598816013215	3019.966801634823
3020.0602016742305	0.5268800367334734	trials	210610TX	p50	Z11111	50	16.0	1.0	3020.2102016742306	3020.437081710964
3020.530521750378	0.5268800367334734	trials	210610TX	p50	Z11111	74	24.0	1.0	3020.680521750378	3020.907401787111
3020.960801820043	0.5269200367397389	trials	210610TX	p50	Z11111	106	35.0	0.0	3021.110801820043	3021.3377218567825
3021.4010818913266	0.5269200367397389	trials	210610TX	p50	Z11111	11	3.0	1.0	3021.5510818913267	3021.7780019280663
3021.831401960998	0.5268800367330186	trials	210610TX	p50	Z11111	0			3021.981401960998	3022.208281997731
3024.4431623838564	0.5068800334952357	trials	210610TX	p50	Z11111	111	36.0	2.0	3024.5931623838565	3024.8000424173515
3024.8634424519023	0.5268800367330186	trials	210610TX	p50	Z11111	48	15.0	2.0	3025.0134424519024	3025.2403224886352
3025.3237225264243	0.5369200383588577	trials	210610TX	p50	Z11111	40	13.0	0.0	3025.4737225264244	3025.710642564783
3025.7640425977143	0.5268800367334734	trials	210610TX	p50	Z11111	33	10.0	2.0	3025.9140425977143	3026.1409226344476
3028.5759230529734	0.5068800334952357	trials	210610TX	p50	Z11111	13	4.0	0.0	3028.7259230529735	3028.9328030864685
3029.026243125883	0.5268800367334734	trials	210610TX	p50	Z11111	120	39.0	2.0	3029.176243125883	3029.4031231626163
3029.4565231955476	0.5269200367397389	trials	210610TX	p50	Z11111	43	14.0	0.0	3029.6065231955477	3029.833443232287
3029.8968032668313	0.5269200367401936	trials	210610TX	p50	Z11111	35	11.0	1.0	3030.0468032668314	3030.2737233035714
3030.3271233365026	0.5268800367334734	trials	210610TX	p50	Z11111	1	0.0	0.0	3030.4771233365027	3030.704003373236
3030.767403407787	0.5269200367397389	trials	210610TX	p50	Z11111	59	19.0	1.0	3030.917403407787	3031.1443234445264
3031.227723482315	0.5268800367334734	trials	210610TX	p50	Z11111	61	20.0	0.0	3031.377723482315	3031.6046035190484
3035.0802841060663	0.5069200335015012	trials	210610TX	p50	Z11111	89	29.0	1.0	3035.2302841060664	3035.4372041395677
3035.4906041724994	0.5368800383521375	trials	210610TX	p50	Z11111	88	29.0	0.0	3035.6406041724995	3035.8774842108514
3035.930884243783	0.5268800367334734	trials	210610TX	p50	Z11111	81	26.0	2.0	3036.080884243783	3036.3077642805165
3036.3611643134477	0.5369200383588577	trials	210610TX	p50	Z11111	110	36.0	1.0	3036.511164313448	3036.7480843518065
3036.8214843879764	0.5268800367330186	trials	210610TX	p50	Z11111	41	13.0	1.0	3036.9714843879765	3037.1983644247093
3037.251764457641	0.5269200367397389	trials	210610TX	p50	Z11111	28	9.0	0.0	3037.401764457641	3037.6286844943806
3037.6920845289314	0.5268800367330186	trials	210610TX	p50	Z11111	94	31.0	0.0	3037.8420845289315	3038.0689645656644
3041.7548051867084	0.5068800334952357	trials	210610TX	p50	Z11111	100	33.0	0.0	3041.9048051867085	3042.1116852202035
3042.1750852547543	0.5269200367397389	trials	210610TX	p50	Z11111	32	10.0	1.0	3042.3250852547544	3042.552005291494
3042.6354053292825	0.5268800367334734	trials	210610TX	p50	Z11111	79	26.0	0.0	3042.7854053292826	3043.012285366016
3043.0756854005667	0.5269200367397389	trials	210610TX	p50	Z11111	118	39.0	0.0	3043.225685400567	3043.4526054373064
3043.5059654702313	0.5269200367397389	trials	210610TX	p50	Z11111	63	20.0	2.0	3043.6559654702314	3043.882885506971
3043.946285541522	0.5268800367330186	trials	210610TX	p50	Z11111	20	6.0	1.0	3044.096285541522	3044.3231655782547
3044.3765656111864	0.5269200367397389	trials	210610TX	p50	Z11111	87	28.0	2.0	3044.5265656111865	3044.753485647926
3048.299206246284	0.5068800334952357	trials	210610TX	p50	Z11111	107	35.0	1.0	3048.449206246284	3048.656086279779
3048.7094863127104	0.5269200367397389	trials	210610TX	p50	Z11111	19	6.0	0.0	3048.8594863127105	3049.08640634945
3049.149766383994	0.5269200367401936	trials	210610TX	p50	Z11111	62	20.0	1.0	3049.299766383994	3049.526686420734
3054.683487279935	0.5069200335015012	trials	210610TX	p50	Z11111	57	18.0	2.0	3054.833487279935	3055.0404073134364
3055.0937673463613	0.5269200367397389	trials	210610TX	p50	Z11111	30	9.0	2.0	3055.2437673463614	3055.470687383101
3055.534087417652	0.5268800367334734	trials	210610TX	p50	Z11111	82	27.0	0.0	3055.684087417652	3055.910967454385
3055.9643674873164	0.5269200367397389	trials	210610TX	p50	Z11111	54	17.0	2.0	3056.1143674873165	3056.341287524056
3056.4046475586006	0.5269200367397389	trials	210610TX	p50	Z11111	8	2.0	1.0	3056.5546475586007	3056.78156759534
3056.8349676282714	0.5268800367334734	trials	210610TX	p50	Z11111	101	33.0	1.0	3056.9849676282715	3057.211847665005
3057.2752476995556	0.5269200367397389	trials	210610TX	p50	Z11111	92	30.0	1.0	3057.4252476995557	3057.6521677362953
3061.2379283411356	0.5068800334952357	trials	210610TX	p50	Z11111	9	2.0	2.0	3061.3879283411356	3061.5948083746307
3061.6582084091815	0.5268800367330186	trials	210610TX	p50	Z11111	115	38.0	0.0	3061.8082084091816	3062.0350884459144
3062.088488478846	0.5269200367397389	trials	210610TX	p50	Z11111	34	11.0	0.0	3062.238488478846	3062.4654085155858
3062.5187685485107	0.5369200383588577	trials	210610TX	p50	Z11111	18	5.0	2.0	3062.668768548511	3062.9056885868695
3062.959088619801	0.5268800367334734	trials	210610TX	p50	Z11111	66	21.0	2.0	3063.1090886198012	3063.3359686565345
3063.3893686894658	0.5269200367401936	trials	210610TX	p50	Z11111	109	36.0	0.0	3063.539368689466	3063.766288726206
3065.971089107461	0.5069200335015012	trials	210610TX	p50	Z11111	85	28.0	0.0	3066.121089107461	3066.3280091409624
3066.3913691755065	0.5269200367401936	trials	210610TX	p50	Z11111	49	16.0	0.0	3066.5413691755066	3066.7682892122466
3066.821689245178	0.5268800367334734	trials	210610TX	p50	Z11111	39	12.0	2.0	3066.971689245178	3067.198569281911
3067.251969314843	0.536920038358403	trials	210610TX	p50	Z11111	99	32.0	2.0	3067.401969314843	3067.638889353201
3067.6922493861266	0.5269200367397389	trials	210610TX	p50	Z11111	86	28.0	1.0	3067.8422493861267	3068.0691694228663
3068.122529455791	0.5269200367397389	trials	210610TX	p50	Z11111	29	9.0	1.0	3068.2725294557913	3068.499449492531
3068.5628495270817	0.5269200367397389	trials	210610TX	p50	Z11111	108	35.0	2.0	3068.7128495270817	3068.9397695638213
3072.3454101394996	0.506880033494781	trials	210610TX	p50	Z11111	52	17.0	0.0	3072.4954101394997	3072.7022901729943
3072.795690212402	0.4968800318765716	trials	210610TX	p50	Z11111	116	38.0	1.0	3072.945690212402	3073.1425702442784
3073.225970282067	0.5269200367397389	trials	210610TX	p50	Z11111	76	25.0	0.0	3073.375970282067	3073.6028903188067
3073.6662903533575	0.5268800367330186	trials	210610TX	p50	Z11111	90	29.0	2.0	3073.8162903533575	3074.0431703900904
3074.096570423022	0.5269200367397389	trials	210610TX	p50	Z11111	53	17.0	1.0	3074.246570423022	3074.4734904597617
3074.536850494306	0.5269200367397389	trials	210610TX	p50	Z11111	104	34.0	1.0	3074.686850494306	3074.9137705310454
3074.997170568834	0.5269200367401936	trials	210610TX	p50	Z11111	5	1.0	1.0	3075.147170568834	3075.374090605574
3079.089931231475	0.5369200383588577	trials	210610TX	p50	Z11111	25	8.0	0.0	3079.239931231475	3079.476851269834
3079.5702513092415	0.5269200367401936	trials	210610TX	p50	Z11111	0			3079.7202513092416	3079.9471713459816
3080.0005313789065	0.5269200367397389	trials	210610TX	p50	Z11111	0			3080.1505313789066	3080.377451415646
3080.430851448578	0.5368800383521375	trials	210610TX	p50	Z11111	3	0.0	2.0	3080.580851448578	3080.81773148693
3080.8711315198616	0.5269200367397389	trials	210610TX	p50	Z11111	67	22.0	0.0	3081.0211315198617	3081.2480515566012
3081.301411589526	0.5269200367397389	trials	210610TX	p50	Z11111	10	3.0	0.0	3081.4514115895263	3081.678331626266
3081.7417316608166	0.5268800367330186	trials	210610TX	p50	Z11111	46	15.0	0.0	3081.8917316608167	3082.1186116975496
3085.674372297533	0.5068800334952357	trials	210610TX	p50	Z11111	64	21.0	0.0	3085.824372297533	3086.031252331028
3086.08465236396	0.5268800367334734	trials	210610TX	p50	Z11111	114	37.0	2.0	3086.23465236396	3086.461532400693
3086.5249324352435	0.5269200367397389	trials	210610TX	p50	Z11111	31	10.0	0.0	3086.6749324352436	3086.901852471983
3088.8364928094984	0.506880033494781	trials	210610TX	p50	Z11111	12	3.0	2.0	3088.9864928094985	3089.193372842993
3089.2768128807884	0.5368800383525922	trials	210610TX	p50	Z11111	68	22.0	1.0	3089.4268128807885	3089.663692919141
3091.6984132728594	0.5069200335015012	trials	210610TX	p50	Z11111	16	5.0	0.0	3091.8484132728595	3092.055333306361
3092.1086933392858	0.5269200367397389	trials	210610TX	p50	Z11111	105	34.0	2.0	3092.258693339286	3092.4856133760254
3092.538973408951	0.536920038358403	trials	210610TX	p50	Z11111	58	19.0	0.0	3092.688973408951	3092.925893447309
3092.979293480241	0.5268800367334734	trials	210610TX	p50	Z11111	21	6.0	2.0	3093.129293480241	3093.356173516974
3093.4095735499054	0.5369200383593125	trials	210610TX	p50	Z11111	80	26.0	1.0	3093.5595735499055	3093.7964935882646
3095.781173933881	0.5068800334952357	trials	210610TX	p50	Z11111	51	16.0	2.0	3095.931173933881	3096.138053967376
3098.1727743210945	0.49688003187611685	trials	210610TX	p50	Z11111	95	31.0	1.0	3098.3227743210946	3098.5196543529705
3098.5830543875213	0.49688003187611685	trials	210610TX	p50	Z11111	45	14.0	2.0	3098.7330543875214	3098.9299344193973
3099.013334457186	0.5269200367397389	trials	210610TX	p50	Z11111	44	14.0	1.0	3099.163334457186	3099.3902544939256
3099.4536545284764	0.5268800367334734	trials	210610TX	p50	Z11111	14	4.0	1.0	3099.6036545284765	3099.8305345652097
3099.883934598141	0.5269200367397389	trials	210610TX	p50	Z11111	24	7.0	2.0	3100.033934598141	3100.2608546348806
3100.3242146694247	0.5269200367397389	trials	210610TX	p50	Z11111	22	7.0	0.0	3100.474214669425	3100.7011347061643
3100.754534739096	0.5268800367334734	trials	210610TX	p50	Z11111	6	1.0	2.0	3100.904534739096	3101.1314147758294
3104.727175382289	0.5069200335019559	trials	210610TX	p50	Z11111	83	27.0	1.0	3104.877175382289	3105.0840954157907
3105.1374554487156	0.5269200367397389	trials	210610TX	p50	Z11111	77	25.0	1.0	3105.2874554487157	3105.5143754854553
3105.5777755200056	0.5268800367334734	trials	210610TX	p50	Z11111	97	32.0	0.0	3105.7277755200057	3105.954655556739
3107.8993358958796	0.5068800334952357	trials	210610TX	p50	Z11111	119	39.0	1.0	3108.0493358958797	3108.256215929375
3108.319615963925	0.5269200367397389	trials	210610TX	p50	Z11111	93	30.0	2.0	3108.469615963925	3108.6965360006648
3108.74989603359	0.5269200367397389	trials	210610TX	p50	Z11111	84	27.0	2.0	3108.8998960335903	3109.12681607033
3109.180176103255	0.5369200383588577	trials	210610TX	p50	Z11111	7	2.0	0.0	3109.330176103255	3109.5670961416135
3109.620496174545	0.5268800367330186	trials	210610TX	p50	Z11111	2	0.0	1.0	3109.7704961745453	3109.997376211278
3110.05077624421	0.5369200383588577	trials	210610TX	p50	Z11111	96	31.0	2.0	3110.20077624421	3110.4376962825686
3110.4910563154936	0.5269200367397389	trials	210610TX	p50	Z11111	26	8.0	1.0	3110.6410563154936	3110.867976352233
3114.4237369522166	0.5068800334952357	trials	210610TX	p50	Z11111	69	22.0	2.0	3114.5737369522167	3114.7806169857117
3114.8339770186367	0.5369200383588577	trials	210610TX	p50	Z11111	102	33.0	2.0	3114.983977018637	3115.2208970569955
3115.274297089927	0.5269200367397389	trials	210610TX	p50	Z11111	112	37.0	0.0	3115.424297089927	3115.651217126667
3115.7045771595917	0.5269200367401936	trials	210610TX	p50	Z11111	46	15.0	0.0	3115.854577159592	3116.081497196332
3116.144897230882	0.5268800367334734	trials	210610TX	p50	Z11111	69	22.0	2.0	3116.2948972308823	3116.5217772676156
3118.736617650496	0.5069200335019559	trials	210610TX	p50	Z11111	93	30.0	2.0	3118.886617650496	3119.093537683998
3119.146897716923	0.5369200383588577	trials	210610TX	p50	Z11111	9	2.0	2.0	3119.296897716923	3119.5338177552817
3119.5872177882134	0.5268800367330186	trials	210610TX	p50	Z11111	82	27.0	0.0	3119.7372177882135	3119.9640978249463
3120.057497864354	0.5269200367401936	trials	210610TX	p50	Z11111	41	13.0	1.0	3120.207497864354	3120.434417901094
3120.4878179340253	0.5268800367334734	trials	210610TX	p50	Z11111	67	22.0	0.0	3120.6378179340254	3120.8646979707587
3122.889418322858	0.5068800334952357	trials	210610TX	p50	Z11111	75	24.0	2.0	3123.039418322858	3123.2462983563532
3123.299698389285	0.5269200367397389	trials	210610TX	p50	Z11111	6	1.0	2.0	3123.449698389285	3123.6766184260246
3123.7399784605686	0.5269200367397389	trials	210610TX	p50	Z11111	56	18.0	1.0	3123.8899784605687	3124.1168984973083
3124.1702985302395	0.5268800367334734	trials	210610TX	p50	Z11111	110	36.0	1.0	3124.3202985302396	3124.547178566973
3124.6005785999046	0.5369200383588577	trials	210610TX	p50	Z11111	114	37.0	2.0	3124.7505785999047	3124.9874986382633
3125.0408586711883	0.5269200367397389	trials	210610TX	p50	Z11111	0			3125.1908586711884	3125.417778707928
3125.4711787408596	0.5268800367334734	trials	210610TX	p50	Z11111	107	35.0	1.0	3125.6211787408597	3125.848058777593
3129.3938193759573	0.506880033494781	trials	210610TX	p50	Z11111	2	0.0	1.0	3129.5438193759574	3129.750699409452
3129.834099447241	0.5369200383588577	trials	210610TX	p50	Z11111	3	0.0	2.0	3129.984099447241	3130.2210194855998
3130.3044195233883	0.5369200383588577	trials	210610TX	p50	Z11111	26	8.0	1.0	3130.4544195233884	3130.691339561747
3130.744699594672	0.5269200367397389	trials	210610TX	p50	Z11111	117	38.0	2.0	3130.894699594672	3131.1216196314117
3133.136339981892	0.5068800334952357	trials	210610TX	p50	Z11111	71	23.0	1.0	3133.286339981892	3133.493220015387
3133.556620049938	0.5268800367334734	trials	210610TX	p50	Z11111	100	33.0	0.0	3133.706620049938	3133.9335000866713
3133.9869001196025	0.5268800367334734	trials	210610TX	p50	Z11111	17	5.0	1.0	3134.1369001196026	3134.363780156336
3134.4271801908862	0.5269200367401936	trials	210610TX	p50	Z11111	34	11.0	0.0	3134.5771801908863	3134.8041002276263
3134.8574602605513	0.5269200367397389	trials	210610TX	p50	Z11111	62	20.0	1.0	3135.0074602605514	3135.234380297291
3135.2977803318413	0.5269200367401936	trials	210610TX	p50	Z11111	115	38.0	0.0	3135.4477803318414	3135.6747003685814
3135.7280604015064	0.5269200367397389	trials	210610TX	p50	Z11111	76	25.0	0.0	3135.8780604015064	3136.104980438246
3139.6307010333658	0.5068800334952357	trials	210610TX	p50	Z11111	119	39.0	1.0	3139.780701033366	3139.987581066861
3140.040981099792	0.5268800367334734	trials	210610TX	p50	Z11111	92	30.0	1.0	3140.190981099792	3140.4178611365255
3140.4812611710763	0.5269200367397389	trials	210610TX	p50	Z11111	73	24.0	0.0	3140.6312611710764	3140.858181207816
3140.911541240741	0.5269200367397389	trials	210610TX	p50	Z11111	66	21.0	2.0	3141.061541240741	3141.2884612774806
3141.3518613120314	0.5268800367330186	trials	210610TX	p50	Z11111	11	3.0	1.0	3141.5018613120315	3141.7287413487643
3141.782141381696	0.5269200367397389	trials	210610TX	p50	Z11111	18	5.0	2.0	3141.932141381696	3142.1590614184356
3142.2524614578433	0.5269200367397389	trials	210610TX	p50	Z11111	39	12.0	2.0	3142.4024614578434	3142.629381494583
3146.11506208322	0.5068800334952357	trials	210610TX	p50	Z11111	72	23.0	2.0	3146.26506208322	3146.471942116715
3146.535342151266	0.5269200367397389	trials	210610TX	p50	Z11111	43	14.0	0.0	3146.685342151266	3146.9122621880056
3146.995662225794	0.5369200383588577	trials	210610TX	p50	Z11111	54	17.0	2.0	3147.1456622257942	3147.382582264153
3147.435942297078	0.5269200367401936	trials	210610TX	p50	Z11111	22	7.0	0.0	3147.585942297078	3147.812862333818
3147.866222366743	0.5269200367397389	trials	210610TX	p50	Z11111	4	1.0	0.0	3148.016222366743	3148.2431424034826
3148.3065424380334	0.5268800367330186	trials	210610TX	p50	Z11111	47	15.0	1.0	3148.4565424380335	3148.6834224747663
3148.7668625125616	0.5368800383525922	trials	210610TX	p50	Z11111	91	30.0	0.0	3148.9168625125617	3149.153742550914
3152.769543160618	0.5068800334952357	trials	210610TX	p50	Z11111	74	24.0	1.0	3152.919543160618	3153.126423194113
3153.1898232286635	0.5269200367401936	trials	210610TX	p50	Z11111	79	26.0	0.0	3153.3398232286636	3153.5667432654036
3153.6201032983286	0.5269200367397389	trials	210610TX	p50	Z11111	40	13.0	0.0	3153.7701032983286	3153.997023335068
3154.0604233696185	0.5268800367334734	trials	210610TX	p50	Z11111	98	32.0	1.0	3154.2104233696186	3154.437303406352
3154.4907034392836	0.5268800367334734	trials	210610TX	p50	Z11111	1	0.0	0.0	3154.6407034392837	3154.867583476017
3154.9309835105673	0.5269200367397389	trials	210610TX	p50	Z11111	38	12.0	1.0	3155.0809835105674	3155.307903547307
3155.361263580232	0.5269200367397389	trials	210610TX	p50	Z11111	0			3155.511263580232	3155.7381836169716
3159.1338241910307	0.5068800334952357	trials	210610TX	p50	Z11111	20	6.0	1.0	3159.283824191031	3159.490704224526
3159.5441042574575	0.5269200367397389	trials	210610TX	p50	Z11111	10	3.0	0.0	3159.6941042574576	3159.921024294197
3159.974384327122	0.5269200367397389	trials	210610TX	p50	Z11111	24	7.0	2.0	3160.1243843271222	3160.351304363862
3160.4147043984126	0.5268800367330186	trials	210610TX	p50	Z11111	84	27.0	2.0	3160.5647043984127	3160.7915844351455
3160.844984468077	0.5268800367334734	trials	210610TX	p50	Z11111	53	17.0	1.0	3160.9949844680773	3161.2218645048106
3161.285264539361	0.5269200367401936	trials	210610TX	p50	Z11111	7	2.0	0.0	3161.435264539361	3161.662184576101
3161.715544609026	0.5269200367397389	trials	210610TX	p50	Z11111	120	39.0	2.0	3161.865544609026	3162.0924646457656
3164.0171049816613	0.5068800334952357	trials	210610TX	p50	Z11111	32	10.0	1.0	3164.1671049816614	3164.3739850151564
3164.4574250529517	0.5268800367330186	trials	210610TX	p50	Z11111	104	34.0	1.0	3164.607425052952	3164.8343050896847
3167.1592254903885	0.5068800334952357	trials	210610TX	p50	Z11111	16	5.0	0.0	3167.3092254903886	3167.5161055238837
3167.569505556815	0.5269200367397389	trials	210610TX	p50	Z11111	70	23.0	0.0	3167.719505556815	3167.9464255935545
3168.0097856280986	0.5269200367401936	trials	210610TX	p50	Z11111	19	6.0	0.0	3168.1597856280987	3168.3867056648387
3170.351386007217	0.5068800334952357	trials	210610TX	p50	Z11111	103	34.0	0.0	3170.501386007217	3170.7082660407123
3170.761666073644	0.5268800367330186	trials	210610TX	p50	Z11111	35	11.0	1.0	3170.911666073644	3171.138546110377
3171.2019461449277	0.5269200367397389	trials	210610TX	p50	Z11111	63	20.0	2.0	3171.3519461449278	3171.5788661816673
3171.6322262145923	0.5269200367397389	trials	210610TX	p50	Z11111	61	20.0	0.0	3171.7822262145924	3172.009146251332
3174.0939066131523	0.5068800334952357	trials	210610TX	p50	Z11111	60	19.0	2.0	3174.2439066131524	3174.4507866466474
3174.5141866811978	0.5268800367334734	trials	210610TX	p50	Z11111	15	4.0	2.0	3174.664186681198	3174.891066717931
3174.9745067557265	0.5368800383521375	trials	210610TX	p50	Z11111	88	29.0	0.0	3175.1245067557265	3175.3613867940785
3175.41478682701	0.5269200367397389	trials	210610TX	p50	Z11111	44	14.0	1.0	3175.5647868270103	3175.79170686375
3175.845066896675	0.5369200383588577	trials	210610TX	p50	Z11111	83	27.0	1.0	3175.995066896675	3176.2319869350335
3176.285386967965	0.5268800367330186	trials	210610TX	p50	Z11111	31	10.0	0.0	3176.4353869679653	3176.662267004698
3176.7556670441063	0.5269200367397389	trials	210610TX	p50	Z11111	77	25.0	1.0	3176.9056670441064	3177.132587080846
3180.5682676613874	0.5068800334956904	trials	210610TX	p50	Z11111	80	26.0	1.0	3180.7182676613875	3180.925147694883
3180.978547727814	0.5168800351143545	trials	210610TX	p50	Z11111	116	38.0	1.0	3181.1285477278143	3181.3454277629285
3181.418827799098	0.5269200367397389	trials	210610TX	p50	Z11111	12	3.0	2.0	3181.568827799098	3181.7957478358376
3181.8591078703816	0.5269200367401936	trials	210610TX	p50	Z11111	97	32.0	0.0	3182.0091078703817	3182.2360279071218
3184.1806682462557	0.5069200335015012	trials	210610TX	p50	Z11111	68	22.0	1.0	3184.3306682462558	3184.537588279757
3184.600948314301	0.5269200367397389	trials	210610TX	p50	Z11111	49	16.0	0.0	3184.7509483143012	3184.977868351041
3185.0312683839725	0.5268800367334734	trials	210610TX	p50	Z11111	81	26.0	2.0	3185.1812683839726	3185.408148420706
3185.4615484536375	0.536920038358403	trials	210610TX	p50	Z11111	23	7.0	1.0	3185.6115484536376	3185.848468491996
3185.901828524921	0.5269200367401936	trials	210610TX	p50	Z11111	99	32.0	2.0	3186.051828524921	3186.278748561661
3186.3721486010686	0.5269200367397389	trials	210610TX	p50	Z11111	65	21.0	1.0	3186.5221486010687	3186.7490686378083
3186.802428670733	0.5269200367397389	trials	210610TX	p50	Z11111	58	19.0	0.0	3186.9524286707333	3187.179348707473
3190.785149315558	0.5068800334952357	trials	210610TX	p50	Z11111	0			3190.935149315558	3191.1420293490532
3191.205429383604	0.5268800367330186	trials	210610TX	p50	Z11111	27	8.0	2.0	3191.355429383604	3191.582309420337
3191.6357094532686	0.5269200367397389	trials	210610TX	p50	Z11111	90	29.0	2.0	3191.7857094532687	3192.0126294900083
3192.0759895245524	0.5269200367397389	trials	210610TX	p50	Z11111	55	18.0	0.0	3192.2259895245525	3192.452909561292
3192.5063095942237	0.5268800367330186	trials	210610TX	p50	Z11111	95	31.0	1.0	3192.656309594224	3192.8831896309566
3192.9465896655074	0.5269200367397389	trials	210610TX	p50	Z11111	113	37.0	1.0	3193.0965896655075	3193.323509702247
3193.376869735172	0.5269200367401936	trials	210610TX	p50	Z11111	94	31.0	0.0	3193.526869735172	3193.753789771912
3195.6584301045696	0.5068800334952357	trials	210610TX	p50	Z11111	50	16.0	1.0	3195.8084301045697	3196.0153101380647
3198.450270556584	0.5069200335019559	trials	210610TX	p50	Z11111	8	2.0	1.0	3198.6002705565843	3198.807190590086
3198.860550623011	0.5269200367397389	trials	210610TX	p50	Z11111	106	35.0	0.0	3199.010550623011	3199.2374706597507
3199.300870694301	0.5269200367397389	trials	210610TX	p50	Z11111	42	13.0	2.0	3199.450870694301	3199.6777907310407
3199.731150763966	0.5269200367397389	trials	210610TX	p50	Z11111	0			3199.881150763966	3200.1080708007057
3200.17143083525	0.5269200367397389	trials	210610TX	p50	Z11111	118	39.0	0.0	3200.32143083525	3200.5483508719894
3200.601750904921	0.5268800367330186	trials	210610TX	p50	Z11111	101	33.0	1.0	3200.751750904921	3200.978630941654
3201.042030976205	0.5269200367397389	trials	210610TX	p50	Z11111	30	9.0	2.0	3201.192030976205	3201.4189510129445
3204.8846315983433	0.5068800334952357	trials	210610TX	p50	Z11111	108	35.0	2.0	3205.0346315983434	3205.2415116318384
3205.304911666389	0.5269200367397389	trials	210610TX	p50	Z11111	37	12.0	0.0	3205.4549116663893	3205.681831703129
3205.735191736054	0.5269200367397389	trials	210610TX	p50	Z11111	36	11.0	2.0	3205.885191736054	3206.1121117727935
3206.1754718073375	0.5269200367401936	trials	210610TX	p50	Z11111	5	1.0	1.0	3206.3254718073376	3206.5523918440776
3206.605791877009	0.5268800367334734	trials	210610TX	p50	Z11111	105	34.0	2.0	3206.755791877009	3206.9826719137423
3207.036071946674	0.536920038358403	trials	210610TX	p50	Z11111	51	16.0	2.0	3207.186071946674	3207.4229919850322
3207.476352017957	0.5269200367401936	trials	210610TX	p50	Z11111	33	10.0	2.0	3207.6263520179573	3207.8532720546973
3211.378992649817	0.5068800334952357	trials	210610TX	p50	Z11111	96	31.0	2.0	3211.528992649817	3211.735872683312
3211.819272721101	0.5369200383588577	trials	210610TX	p50	Z11111	85	28.0	0.0	3211.969272721101	3212.2061927594596
3212.2595927923912	0.5269200367397389	trials	210610TX	p50	Z11111	78	25.0	2.0	3212.4095927923913	3212.636512829131
3212.689872862056	0.5269200367397389	trials	210610TX	p50	Z11111	45	14.0	2.0	3212.839872862056	3213.0667928987955
3213.1301929333463	0.5268800367330186	trials	210610TX	p50	Z11111	59	19.0	1.0	3213.2801929333464	3213.507072970079
3213.560473003011	0.5268800367334734	trials	210610TX	p50	Z11111	102	33.0	2.0	3213.710473003011	3213.9373530397443
3214.0007530742946	0.5269200367401936	trials	210610TX	p50	Z11111	14	4.0	1.0	3214.1507530742947	3214.3776731110347
3217.9333937110114	0.5269200367397389	trials	210610TX	p50	Z11111	89	29.0	1.0	3218.0833937110115	3218.310313747751
3218.3937137855396	0.5269200367401936	trials	210610TX	p50	Z11111	28	9.0	0.0	3218.5437137855397	3218.7706338222797
3218.833993856824	0.5269200367392841	trials	210610TX	p50	Z11111	13	4.0	0.0	3218.983993856824	3219.210913893563
3219.304313932971	0.5269200367397389	trials	210610TX	p50	Z11111	25	8.0	0.0	3219.454313932971	3219.681233969711
3221.836034342871	0.49688003187611685	trials	210610TX	p50	Z11111	52	17.0	0.0	3221.986034342871	3222.182914374747
3222.2463144092976	0.5269200367392841	trials	210610TX	p50	Z11111	86	28.0	1.0	3222.3963144092977	3222.623234446037
3222.676594478962	0.5269200367397389	trials	210610TX	p50	Z11111	64	21.0	0.0	3222.8265944789623	3223.053514515702
3223.116914550252	0.5268800367334734	trials	210610TX	p50	Z11111	48	15.0	2.0	3223.2669145502523	3223.4937945869856
3223.5471946199173	0.5268800367330186	trials	210610TX	p50	Z11111	57	18.0	2.0	3223.6971946199174	3223.92407465665
3224.0175146960646	0.5268800367334734	trials	210610TX	p50	Z11111	21	6.0	2.0	3224.1675146960647	3224.394394732798
3224.447794765729	0.5269200367401936	trials	210610TX	p50	Z11111	111	36.0	2.0	3224.5977947657293	3224.8247148024693
3228.350435397589	0.506880033494781	trials	210610TX	p50	Z11111	109	36.0	0.0	3228.500435397589	3228.7073154310838
3228.8007154704915	0.4968800318765716	trials	210610TX	p50	Z11111	87	28.0	2.0	3228.9507154704916	3229.147595502368
3229.2309955401565	0.5269200367397389	trials	210610TX	p50	Z11111	29	9.0	1.0	3229.3809955401566	3229.607915576896
3229.671315611447	0.5269200367392841	trials	210610TX	p50	Z11111	98	32.0	1.0	3229.821315611447	3230.048235648186
3230.1015956811116	0.5269200367397389	trials	210610TX	p50	Z11111	38	12.0	1.0	3230.2515956811117	3230.478515717851
3230.5419157524016	0.5268800367334734	trials	210610TX	p50	Z11111	4	1.0	0.0	3230.6919157524017	3230.918795789135
3231.002195826924	0.536920038358403	trials	210610TX	p50	Z11111	50	16.0	1.0	3231.152195826924	3231.3891158652823
3236.4658767115243	0.5069200335015012	trials	210610TX	p50	Z11111	56	18.0	1.0	3236.6158767115244	3236.8227967450257
3236.876156777951	0.5269200367397389	trials	210610TX	p50	Z11111	13	4.0	0.0	3237.026156777951	3237.2530768146908
3237.316436849235	0.5269200367397389	trials	210610TX	p50	Z11111	32	10.0	1.0	3237.466436849235	3237.6933568859745
3237.746756918906	0.5268800367330186	trials	210610TX	p50	Z11111	49	16.0	0.0	3237.8967569189062	3238.123636955639
3240.178397312602	0.5068800334952357	trials	210610TX	p50	Z11111	119	39.0	1.0	3240.328397312602	3240.5352773460972
3240.588677379029	0.5268800367334734	trials	210610TX	p50	Z11111	31	10.0	0.0	3240.738677379029	3240.9655574157623
3243.2204378051256	0.5068800334952357	trials	210610TX	p50	Z11111	115	38.0	0.0	3243.3704378051257	3243.5773178386207
3243.6307178715524	0.5268800367334734	trials	210610TX	p50	Z11111	0			3243.7807178715525	3244.007597908286
3246.612718354355	0.5068800334952357	trials	210610TX	p50	Z11111	97	32.0	0.0	3246.762718354355	3246.96959838785
3247.0329984224004	0.5269200367401936	trials	210610TX	p50	Z11111	15	4.0	2.0	3247.1829984224005	3247.4099184591405
3247.493318496929	0.5369200383588577	trials	210610TX	p50	Z11111	116	38.0	1.0	3247.643318496929	3247.880238535288
3247.933598568213	0.5269200367397389	trials	210610TX	p50	Z11111	67	22.0	0.0	3248.083598568213	3248.3105186049524
3248.3638786378774	0.5269200367401936	trials	210610TX	p50	Z11111	8	2.0	1.0	3248.5138786378775	3248.7407986746175
3248.804198709168	0.5269200367397389	trials	210610TX	p50	Z11111	70	23.0	0.0	3248.954198709168	3249.1811187459075
3249.2645187836965	0.5368800383521375	trials	210610TX	p50	Z11111	65	21.0	1.0	3249.4145187836966	3249.6513988220486
3253.277199433372	0.49688003187611685	trials	210610TX	p50	Z11111	19	6.0	0.0	3253.427199433372	3253.624079465248
3253.6874794997984	0.5269200367397389	trials	210610TX	p50	Z11111	51	16.0	2.0	3253.8374794997985	3254.064399536538
3254.1177595694635	0.5269200367397389	trials	210610TX	p50	Z11111	10	3.0	0.0	3254.2677595694636	3254.494679606203
3254.5580796407535	0.5268800367334734	trials	210610TX	p50	Z11111	37	12.0	0.0	3254.7080796407536	3254.934959677487
3254.9883597104185	0.5269200367397389	trials	210610TX	p50	Z11111	78	25.0	2.0	3255.1383597104186	3255.365279747158
3255.4286397817023	0.5269200367397389	trials	210610TX	p50	Z11111	11	3.0	1.0	3255.5786397817023	3255.805559818442
3255.858959851373	0.5268800367334734	trials	210610TX	p50	Z11111	30	9.0	2.0	3256.008959851373	3256.2358398881065
3259.711520475125	0.5069200335015012	trials	210610TX	p50	Z11111	22	7.0	0.0	3259.861520475125	3260.0684405086263
3260.1218005415512	0.5269200367397389	trials	210610TX	p50	Z11111	0			3260.2718005415513	3260.498720578291
3260.5621206128417	0.5268800367330186	trials	210610TX	p50	Z11111	114	37.0	2.0	3260.7121206128418	3260.9390006495746
3260.9924006825063	0.5269200367397389	trials	210610TX	p50	Z11111	33	10.0	2.0	3261.1424006825064	3261.369320719246
3261.43268075379	0.5269200367397389	trials	210610TX	p50	Z11111	45	14.0	2.0	3261.58268075379	3261.8096007905297
3261.8630008234613	0.5268800367334734	trials	210610TX	p50	Z11111	14	4.0	1.0	3262.0130008234614	3262.2398808601947
3262.293280893126	0.5369200383588577	trials	210610TX	p50	Z11111	90	29.0	2.0	3262.443280893126	3262.6802009314847
3266.2659615363254	0.5068800334952357	trials	210610TX	p50	Z11111	100	33.0	0.0	3266.4159615363255	3266.6228415698206
3266.676241602752	0.5368800383525922	trials	210610TX	p50	Z11111	68	22.0	1.0	3266.826241602752	3267.0631216411043
3267.116521674036	0.5269200367397389	trials	210610TX	p50	Z11111	83	27.0	1.0	3267.266521674036	3267.4934417107756
3269.7983221082345	0.5068800334952357	trials	210610TX	p50	Z11111	93	30.0	2.0	3269.9483221082346	3270.1552021417297
3270.208602174661	0.5269200367397389	trials	210610TX	p50	Z11111	80	26.0	1.0	3270.358602174661	3270.5855222114005
3270.648882245945	0.5269200367397389	trials	210610TX	p50	Z11111	99	32.0	2.0	3270.798882245945	3271.0258022826847
3271.079202315616	0.5268800367334734	trials	210610TX	p50	Z11111	74	24.0	1.0	3271.229202315616	3271.4560823523493
3271.5194823869	0.5269200367392841	trials	210610TX	p50	Z11111	52	17.0	0.0	3271.6694823869	3271.8964024236393
3274.461482863226	0.5068800334952357	trials	210610TX	p50	Z11111	18	5.0	2.0	3274.6114828632262	3274.8183628967213
3282.3567641415166	0.5069200335019559	trials	210610TX	p50	Z11111	106	35.0	0.0	3282.5067641415167	3282.7136841750184
3282.7670442079434	0.5269200367397389	trials	210610TX	p50	Z11111	23	7.0	1.0	3282.9170442079435	3283.143964244683
3283.2073642792334	0.5268800367334734	trials	210610TX	p50	Z11111	94	31.0	0.0	3283.3573642792335	3283.5842443159668
3283.677684355381	0.5268800367330186	trials	210610TX	p50	Z11111	27	8.0	2.0	3283.8276843553813	3284.054564392114
3284.107964425046	0.5268800367334734	trials	210610TX	p50	Z11111	39	12.0	2.0	3284.257964425046	3284.484844461779
3284.5482444963295	0.5269200367401936	trials	210610TX	p50	Z11111	79	26.0	0.0	3284.6982444963296	3284.9251645330696
3285.008564570858	0.5269200367397389	trials	210610TX	p50	Z11111	91	30.0	0.0	3285.1585645708583	3285.385484607598
3288.9812452140573	0.5068800334952357	trials	210610TX	p50	Z11111	43	14.0	0.0	3289.1312452140573	3289.3381252475524
3289.391525280484	0.5268800367330186	trials	210610TX	p50	Z11111	16	5.0	0.0	3289.541525280484	3289.768405317217
3289.831805351768	0.5269200367397389	trials	210610TX	p50	Z11111	44	14.0	1.0	3289.981805351768	3290.2087253885074
3290.292125426296	0.5369200383588577	trials	210610TX	p50	Z11111	21	6.0	2.0	3290.442125426296	3290.679045464655
3290.73240549758	0.5269200367397389	trials	210610TX	p50	Z11111	26	8.0	1.0	3290.8824054975803	3291.10932553432
3294.144726050054	0.5068800334952357	trials	210610TX	p50	Z11111	55	18.0	0.0	3294.294726050054	3294.501606083549
3294.5650061180995	0.5269200367397389	trials	210610TX	p50	Z11111	9	2.0	2.0	3294.7150061180996	3294.941926154839
3294.995286187764	0.5269200367401936	trials	210610TX	p50	Z11111	96	31.0	2.0	3295.145286187764	3295.372206224504
3295.4356062590546	0.5268800367334734	trials	210610TX	p50	Z11111	29	9.0	1.0	3295.5856062590547	3295.812486295788
3295.8658863287196	0.5268800367330186	trials	210610TX	p50	Z11111	117	38.0	2.0	3296.0158863287197	3296.2427663654526
3296.336206404867	0.5268800367334734	trials	210610TX	p50	Z11111	76	25.0	0.0	3296.486206404867	3296.7130864416004
3296.7664864745316	0.5269200367397389	trials	210610TX	p50	Z11111	48	15.0	2.0	3296.9164864745317	3297.143406511271
3300.689127109629	0.5068800334952357	trials	210610TX	p50	Z11111	24	7.0	2.0	3300.8391271096293	3301.0460071431244
3301.129407180913	0.5369200383588577	trials	210610TX	p50	Z11111	118	39.0	0.0	3301.279407180913	3301.5163272192717
3301.5697272522034	0.5268800367330186	trials	210610TX	p50	Z11111	47	15.0	1.0	3301.7197272522035	3301.9466072889363
3302.0400473283507	0.5268800367334734	trials	210610TX	p50	Z11111	61	20.0	0.0	3302.190047328351	3302.416927365084
3302.4703273980153	0.5269200367401936	trials	210610TX	p50	Z11111	112	37.0	0.0	3302.6203273980154	3302.8472474347554
3302.9106074692995	0.5269200367392841	trials	210610TX	p50	Z11111	73	24.0	0.0	3303.0606074692996	3303.2875275060387
3303.340927538971	0.5268800367330186	trials	210610TX	p50	Z11111	6	1.0	2.0	3303.490927538971	3303.717807575704
3307.1434881546265	0.5068800334952357	trials	210610TX	p50	Z11111	3	0.0	2.0	3307.2934881546266	3307.5003681881217
3307.5537282210466	0.5269200367397389	trials	210610TX	p50	Z11111	0			3307.7037282210467	3307.9306482577863
3307.994048292337	0.5268800367330186	trials	210610TX	p50	Z11111	35	11.0	1.0	3308.144048292337	3308.37092832907
3308.4243283620017	0.5269200367397389	trials	210610TX	p50	Z11111	69	22.0	2.0	3308.574328362002	3308.8012483987413
3308.8646084332854	0.5269200367401936	trials	210610TX	p50	Z11111	88	29.0	0.0	3309.0146084332855	3309.2415284700255
3309.2949285029567	0.5268800367334734	trials	210610TX	p50	Z11111	89	29.0	1.0	3309.444928502957	3309.67180853969
3309.725208572622	0.536920038358403	trials	210610TX	p50	Z11111	46	15.0	0.0	3309.875208572622	3310.11212861098
3313.647849207719	0.5068800334952357	trials	210610TX	p50	Z11111	34	11.0	0.0	3313.797849207719	3314.004729241214
3314.058129274146	0.5369200383588577	trials	210610TX	p50	Z11111	111	36.0	2.0	3314.208129274146	3314.4450493125046
3314.4984093454295	0.5269200367397389	trials	210610TX	p50	Z11111	1	0.0	0.0	3314.6484093454296	3314.875329382169
3314.928689415094	0.5269200367401936	trials	210610TX	p50	Z11111	84	27.0	2.0	3315.0786894150942	3315.3056094518342
3315.3690094863846	0.5269200367397389	trials	210610TX	p50	Z11111	120	39.0	2.0	3315.5190094863847	3315.7459295231242
3315.799289556049	0.5269200367397389	trials	210610TX	p50	Z11111	40	13.0	0.0	3315.9492895560493	3316.176209592789
3316.2396096273396	0.5268800367334734	trials	210610TX	p50	Z11111	28	9.0	0.0	3316.3896096273397	3316.616489664073
3320.1722502640564	0.506880033494781	trials	210610TX	p50	Z11111	5	1.0	1.0	3320.3222502640565	3320.529130297551
3320.5825303304828	0.5268800367334734	trials	210610TX	p50	Z11111	75	24.0	2.0	3320.732530330483	3320.959410367216
3321.0228104017665	0.5269200367401936	trials	210610TX	p50	Z11111	87	28.0	2.0	3321.1728104017666	3321.3997304385066
3321.4530904714316	0.5269200367397389	trials	210610TX	p50	Z11111	103	34.0	0.0	3321.6030904714316	3321.830010508171
3321.883410541103	0.5368800383521375	trials	210610TX	p50	Z11111	12	3.0	2.0	3322.033410541103	3322.270290579455
3322.3536906172435	0.5269200367401936	trials	210610TX	p50	Z11111	25	8.0	0.0	3322.5036906172436	3322.7306106539836
3322.794010688534	0.5269200367397389	trials	210610TX	p50	Z11111	109	36.0	0.0	3322.944010688534	3323.1709307252736
3326.6466113122915	0.5168800351143545	trials	210610TX	p50	Z11111	17	5.0	1.0	3326.7966113122916	3327.0134913474058
3327.0768913819566	0.5269200367397389	trials	210610TX	p50	Z11111	105	34.0	2.0	3327.2268913819566	3327.453811418696
3327.537211456485	0.5369200383588577	trials	210610TX	p50	Z11111	36	11.0	2.0	3327.687211456485	3327.9241314948436
3328.007531532632	0.5268800367334734	trials	210610TX	p50	Z11111	85	28.0	0.0	3328.157531532632	3328.3844115693655
3328.447811603916	0.5269200367401936	trials	210610TX	p50	Z11111	86	28.0	1.0	3328.597811603916	3328.824731640656
3328.878091673581	0.5269200367397389	trials	210610TX	p50	Z11111	82	27.0	0.0	3329.028091673581	3329.2550117103206
3331.579932111024	0.5068800334952357	trials	210610TX	p50	Z11111	63	20.0	2.0	3331.729932111024	3331.936812144519
3332.0202121823077	0.5369200383588577	trials	210610TX	p50	Z11111	62	20.0	1.0	3332.1702121823078	3332.4071322206664
3334.9221726521514	0.5068800334952357	trials	210610TX	p50	Z11111	60	19.0	2.0	3335.0721726521515	3335.2790526856465
3335.332452718578	0.5268800367330186	trials	210610TX	p50	Z11111	59	19.0	1.0	3335.4824527185783	3335.709332755311
3335.772732789862	0.5269200367397389	trials	210610TX	p50	Z11111	113	37.0	1.0	3335.922732789862	3336.1496528266016
3336.203052859533	0.5268800367339281	trials	210610TX	p50	Z11111	95	31.0	1.0	3336.353052859533	3336.5799328962667
3336.643332930817	0.5269200367397389	trials	210610TX	p50	Z11111	92	30.0	1.0	3336.793332930817	3337.0202529675566
3337.0736130004816	0.5269200367397389	trials	210610TX	p50	Z11111	20	6.0	1.0	3337.2236130004817	3337.4505330372212
3337.513933071772	0.5268800367334734	trials	210610TX	p50	Z11111	107	35.0	1.0	3337.663933071772	3337.8908131085054
3341.356493693904	0.5069200335015012	trials	210610TX	p50	Z11111	0			3341.5064936939043	3341.7134137274056
3341.77677376195	0.5269200367392841	trials	210610TX	p50	Z11111	81	26.0	2.0	3341.9267737619502	3342.1536937986893
3342.207093831621	0.5268800367334734	trials	210610TX	p50	Z11111	57	18.0	2.0	3342.357093831621	3342.5839738683544
3342.6473739029047	0.5269200367401936	trials	210610TX	p50	Z11111	64	21.0	0.0	3342.797373902905	3343.024293939645
3343.07765397257	0.5269200367397389	trials	210610TX	p50	Z11111	66	21.0	2.0	3343.22765397257	3343.4545740093095
3343.51797404386	0.5268800367334734	trials	210610TX	p50	Z11111	53	17.0	1.0	3343.66797404386	3343.894854080593
3343.948254113525	0.5268800367330186	trials	210610TX	p50	Z11111	77	25.0	1.0	3344.098254113525	3344.325134150258
3347.8308547421398	0.506880033494781	trials	210610TX	p50	Z11111	58	19.0	0.0	3347.98085474214	3348.1877347756345
3348.2511348101852	0.5269200367397389	trials	210610TX	p50	Z11111	54	17.0	2.0	3348.4011348101853	3348.628054846925
3348.7014548830944	0.5268800367334734	trials	210610TX	p50	Z11111	42	13.0	2.0	3348.8514548830944	3349.0783349198277
3349.1317349527594	0.5269200367397389	trials	210610TX	p50	Z11111	108	35.0	2.0	3349.2817349527595	3349.508654989499
3349.572015024043	0.5269200367397389	trials	210610TX	p50	Z11111	7	2.0	0.0	3349.7220150240432	3349.948935060783
3350.0023350937145	0.5268800367334734	trials	210610TX	p50	Z11111	2	0.0	1.0	3350.1523350937146	3350.379215130448
3350.4726151698555	0.5269200367397389	trials	210610TX	p50	Z11111	102	33.0	2.0	3350.6226151698556	3350.849535206595
3354.375255801715	0.5069200335015012	trials	210610TX	p50	Z11111	71	23.0	1.0	3354.525255801715	3354.7321758352164
3354.815575873005	0.5368800383525922	trials	210610TX	p50	Z11111	72	23.0	2.0	3354.965575873005	3355.2024559113574
3355.255855944289	0.5269200367397389	trials	210610TX	p50	Z11111	104	34.0	1.0	3355.405855944289	3355.6327759810288
3357.7174963428424	0.5069200335015012	trials	210610TX	p50	Z11111	101	33.0	1.0	3357.8674963428425	3358.074416376344
3358.127776409269	0.5269200367401936	trials	210610TX	p50	Z11111	110	36.0	1.0	3358.277776409269	3358.504696446009
3358.5680964805592	0.5268800367334734	trials	210610TX	p50	Z11111	41	13.0	1.0	3358.7180964805593	3358.9449765172926
3358.9983765502243	0.5269200367392841	trials	210610TX	p50	Z11111	80	26.0	1.0	3359.1483765502244	3359.3752965869635
3359.438656621508	0.5269200367397389	trials	210610TX	p50	Z11111	47	15.0	1.0	3359.588656621508	3359.8155766582477
3361.820297007109	0.5068800334952357	trials	210610TX	p50	Z11111	28	9.0	0.0	3361.970297007109	3362.177177040604
3362.2305770735356	0.5268800367330186	trials	210610TX	p50	Z11111	68	22.0	1.0	3362.3805770735357	3362.6074571102686
3364.6121374591235	0.5069200335019559	trials	210610TX	p50	Z11111	51	16.0	2.0	3364.7621374591236	3364.9690574926253
3365.0224175255503	0.5269200367397389	trials	210610TX	p50	Z11111	27	8.0	2.0	3365.1724175255504	3365.39933756229
3365.452737595221	0.5368800383525922	trials	210610TX	p50	Z11111	78	25.0	2.0	3365.6027375952212	3365.8396176335737
3365.893017666505	0.5269200367401936	trials	210610TX	p50	Z11111	22	7.0	0.0	3366.043017666505	3366.269937703245
3366.32329773617	0.5269200367397389	trials	210610TX	p50	Z11111	58	19.0	0.0	3366.47329773617	3366.7002177729096
3366.7936178123173	0.5269200367397389	trials	210610TX	p50	Z11111	15	4.0	2.0	3366.9436178123174	3367.170537849057
3367.2339378836077	0.5268800367334734	trials	210610TX	p50	Z11111	7	2.0	0.0	3367.383937883608	3367.610817920341
3371.9871386531777	0.5068800334952357	trials	210610TX	p50	Z11111	34	11.0	0.0	3372.1371386531778	3372.344018686673
3372.397418719604	0.5268800367334734	trials	210610TX	p50	Z11111	33	10.0	2.0	3372.547418719604	3372.7742987563374
3372.837698790888	0.5269200367397389	trials	210610TX	p50	Z11111	52	17.0	0.0	3372.9876987908883	3373.214618827628
3373.267978860553	0.5269200367397389	trials	210610TX	p50	Z11111	76	25.0	0.0	3373.417978860553	3373.6448988972925
3373.6982589302174	0.5269200367397389	trials	210610TX	p50	Z11111	45	14.0	2.0	3373.8482589302175	3374.075178966957
3374.138579001508	0.5268800367330186	trials	210610TX	p50	Z11111	62	20.0	1.0	3374.288579001508	3374.515459038241
3374.5688590711725	0.5269200367397389	trials	210610TX	p50	Z11111	53	17.0	1.0	3374.7188590711726	3374.945779107912
3378.4414596981683	0.5069200335019559	trials	210610TX	p50	Z11111	9	2.0	2.0	3378.5914596981684	3378.79837973167
3378.851739764595	0.5269200367397389	trials	210610TX	p50	Z11111	43	14.0	0.0	3379.001739764595	3379.2286598013347
3379.292019835879	0.5269200367397389	trials	210610TX	p50	Z11111	30	9.0	2.0	3379.442019835879	3379.6689398726185
3379.72233990555	0.5268800367334734	trials	210610TX	p50	Z11111	35	11.0	1.0	3379.8723399055502	3380.0992199422835
3380.1526199752147	0.5369200383588577	trials	210610TX	p50	Z11111	64	21.0	0.0	3380.302619975215	3380.5395400135735
3380.5929000464985	0.5269200367397389	trials	210610TX	p50	Z11111	100	33.0	0.0	3380.7429000464986	3380.969820083238
3381.02322011617	0.5368800383525922	trials	210610TX	p50	Z11111	26	8.0	1.0	3381.17322011617	3381.4101001545223
3385.1459807836677	0.5068800334956904	trials	210610TX	p50	Z11111	40	13.0	0.0	3385.295980783668	3385.5028608171633
3385.5562608500945	0.5269200367401936	trials	210610TX	p50	Z11111	11	3.0	1.0	3385.7062608500946	3385.9331808868346
3387.7577412065266	0.5068800334952357	trials	210610TX	p50	Z11111	19	6.0	0.0	3387.9077412065267	3388.1146212400217
3388.1680212729534	0.49688003187611685	trials	210610TX	p50	Z11111	0			3388.3180212729535	3388.5149013048294
3388.598301342618	0.5369200383588577	trials	210610TX	p50	Z11111	82	27.0	0.0	3388.748301342618	3388.985221380977
3389.0386214139085	0.5268800367330186	trials	210610TX	p50	Z11111	16	5.0	0.0	3389.1886214139085	3389.4155014506414
3389.468901483573	0.5369200383588577	trials	210610TX	p50	Z11111	111	36.0	2.0	3389.618901483573	3389.855821521932
3389.909181554857	0.5269200367397389	trials	210610TX	p50	Z11111	75	24.0	2.0	3390.059181554857	3390.2861015915964
3390.3795016310046	0.5269200367397389	trials	210610TX	p50	Z11111	115	38.0	0.0	3390.5295016310047	3390.7564216677442
3394.6323823195694	0.5068800334956904	trials	210610TX	p50	Z11111	50	16.0	1.0	3394.7823823195695	3394.989262353065
3395.042662385996	0.5268800367334734	trials	210610TX	p50	Z11111	106	35.0	0.0	3395.1926623859963	3395.4195424227296
3395.48294245728	0.5269200367397389	trials	210610TX	p50	Z11111	63	20.0	2.0	3395.63294245728	3395.8598624940196
3395.913222526945	0.49688003187611685	trials	210610TX	p50	Z11111	0			3396.063222526945	3396.260102558821
3396.3435025966096	0.5269200367397389	trials	210610TX	p50	Z11111	110	36.0	1.0	3396.4935025966097	3396.7204226333492
3396.7838226679	0.5269200367397389	trials	210610TX	p50	Z11111	46	15.0	0.0	3396.9338226679	3397.1607427046397
3397.2541427440474	0.5268800367334734	trials	210610TX	p50	Z11111	77	25.0	1.0	3397.4041427440475	3397.6310227807808
3401.186783380764	0.506880033494781	trials	210610TX	p50	Z11111	61	20.0	0.0	3401.3367833807642	3401.543663414259
3401.5970634471905	0.5269200367397389	trials	210610TX	p50	Z11111	2	0.0	1.0	3401.7470634471906	3401.97398348393
3402.0373435184742	0.5269200367401936	trials	210610TX	p50	Z11111	57	18.0	2.0	3402.1873435184743	3402.4142635552143
3402.4676235881393	0.5269200367397389	trials	210610TX	p50	Z11111	65	21.0	1.0	3402.6176235881394	3402.844543624879
3402.9079436594293	0.5269200367397389	trials	210610TX	p50	Z11111	14	4.0	1.0	3403.0579436594294	3403.284863696169
3405.599744095247	0.5069200335019559	trials	210610TX	p50	Z11111	93	30.0	2.0	3405.749744095247	3405.956664128749
3406.0500641681565	0.5268800367334734	trials	210610TX	p50	Z11111	108	35.0	2.0	3406.2000641681566	3406.42694420489
3406.520384244304	0.5268800367334734	trials	210610TX	p50	Z11111	8	2.0	1.0	3406.670384244304	3406.897264281037
3406.950664313969	0.5269200367397389	trials	210610TX	p50	Z11111	92	30.0	1.0	3407.100664313969	3407.3275843507085
3407.4209843901162	0.5269200367397389	trials	210610TX	p50	Z11111	20	6.0	1.0	3407.5709843901163	3407.797904426856
3407.851264459781	0.5269200367397389	trials	210610TX	p50	Z11111	48	15.0	2.0	3408.001264459781	3408.2281844965205
3408.2915445310646	0.5269200367397389	trials	210610TX	p50	Z11111	24	7.0	2.0	3408.4415445310647	3408.668464567804
3412.0941051467207	0.5069200335015012	trials	210610TX	p50	Z11111	81	26.0	2.0	3412.244105146721	3412.451025180222
3412.504425213154	0.5268800367334734	trials	210610TX	p50	Z11111	94	31.0	0.0	3412.654425213154	3412.881305249887
3412.9347052828184	0.5268800367334734	trials	210610TX	p50	Z11111	74	24.0	1.0	3413.0847052828185	3413.311585319552
3413.374985354102	0.5269200367397389	trials	210610TX	p50	Z11111	49	16.0	0.0	3413.5249853541022	3413.751905390842
3413.805265423767	0.5269200367397389	trials	210610TX	p50	Z11111	36	11.0	2.0	3413.9552654237673	3414.182185460507
3414.245585495057	0.5268800367334734	trials	210610TX	p50	Z11111	6	1.0	2.0	3414.3955854950573	3414.6224655317906
3414.6758655647222	0.5269200367397389	trials	210610TX	p50	Z11111	98	32.0	1.0	3414.8258655647223	3415.052785601462
3418.52846618848	0.5068800334952357	trials	210610TX	p50	Z11111	39	12.0	2.0	3418.67846618848	3418.885346221975
3418.938746254906	0.5268800367334734	trials	210610TX	p50	Z11111	84	27.0	2.0	3419.0887462549063	3419.3156262916395
3419.3790263261903	0.5269200367397389	trials	210610TX	p50	Z11111	120	39.0	2.0	3419.5290263261904	3419.75594636293
3419.809306395855	0.5269200367397389	trials	210610TX	p50	Z11111	88	29.0	0.0	3419.959306395855	3420.1862264325946
3420.2496264671454	0.5268800367334734	trials	210610TX	p50	Z11111	83	27.0	1.0	3420.3996264671455	3420.6265065038788
3420.67990653681	0.5269200367401936	trials	210610TX	p50	Z11111	0			3420.82990653681	3421.05682657355
3421.120186608094	0.5269200367392841	trials	210610TX	p50	Z11111	31	10.0	0.0	3421.2701866080943	3421.4971066448334
3425.182947265878	0.506880033494781	trials	210610TX	p50	Z11111	104	34.0	1.0	3425.332947265878	3425.5398272993725
3425.6032273339233	0.5269200367397389	trials	210610TX	p50	Z11111	114	37.0	2.0	3425.7532273339234	3425.980147370663
3426.0635074084453	0.5269200367397389	trials	210610TX	p50	Z11111	109	36.0	0.0	3426.2135074084454	3426.440427445185
3426.5038274797357	0.5269200367397389	trials	210610TX	p50	Z11111	113	37.0	1.0	3426.653827479736	3426.8807475164754
3426.9341075494003	0.5269200367397389	trials	210610TX	p50	Z11111	87	28.0	2.0	3427.0841075494004	3427.31102758614
3427.3744276206908	0.5268800367334734	trials	210610TX	p50	Z11111	96	31.0	2.0	3427.524427620691	3427.751307657424
3427.8047076903554	0.5269200367397389	trials	210610TX	p50	Z11111	90	29.0	2.0	3427.9547076903555	3428.181627727095
3432.0075483708188	0.5068800334952357	trials	210610TX	p50	Z11111	18	5.0	2.0	3432.157548370819	3432.364428404314
3432.417788437239	0.5369200383593125	trials	210610TX	p50	Z11111	23	7.0	1.0	3432.567788437239	3432.804708475598
3432.8881085133867	0.5269200367397389	trials	210610TX	p50	Z11111	70	23.0	0.0	3433.0381085133868	3433.2650285501263
3433.3284285846767	0.5268800367334734	trials	210610TX	p50	Z11111	118	39.0	0.0	3433.4784285846767	3433.70530862141
3433.7587086543417	0.5269200367397389	trials	210610TX	p50	Z11111	21	6.0	2.0	3433.908708654342	3434.1356286910814
3434.1990287256317	0.5268800367334734	trials	210610TX	p50	Z11111	67	22.0	0.0	3434.349028725632	3434.575908762365
3436.5605891079817	0.5069200335019559	trials	210610TX	p50	Z11111	79	26.0	0.0	3436.710589107982	3436.9175091414836
3436.9708691744086	0.5269200367397389	trials	210610TX	p50	Z11111	72	23.0	2.0	3437.1208691744087	3437.347789211148
3437.4111492456923	0.5269200367397389	trials	210610TX	p50	Z11111	32	10.0	1.0	3437.5611492456924	3437.788069282432
3437.841469315363	0.5268800367339281	trials	210610TX	p50	Z11111	119	39.0	1.0	3437.9914693153632	3438.218349352097
3440.193029696094	0.4968800318765716	trials	210610TX	p50	Z11111	56	18.0	1.0	3440.343029696094	3440.5399097279706
3440.603309762521	0.5269200367397389	trials	210610TX	p50	Z11111	42	13.0	2.0	3440.753309762521	3440.9802297992605
3441.033589832186	0.5269200367392841	trials	210610TX	p50	Z11111	105	34.0	2.0	3441.183589832186	3441.410509868925
3441.473909903476	0.5269200367397389	trials	210610TX	p50	Z11111	1	0.0	0.0	3441.623909903476	3441.8508299402156
3441.9041899731405	0.5269200367401936	trials	210610TX	p50	Z11111	4	1.0	0.0	3442.0541899731406	3442.2811100098806
3442.3444700444247	0.5269200367397389	trials	210610TX	p50	Z11111	71	23.0	1.0	3442.494470044425	3442.7213900811644
3442.804790118953	0.5269200367397389	trials	210610TX	p50	Z11111	89	29.0	1.0	3442.954790118953	3443.1817101556926
3446.6773907459487	0.5069200335015012	trials	210610TX	p50	Z11111	25	8.0	0.0	3446.827390745949	3447.03431077945
3447.0876708123756	0.5269200367397389	trials	210610TX	p50	Z11111	73	24.0	0.0	3447.2376708123757	3447.464590849115
3447.5279908836656	0.5268800367334734	trials	210610TX	p50	Z11111	41	13.0	1.0	3447.6779908836656	3447.904870920399
3447.95827095333	0.5269200367401936	trials	210610TX	p50	Z11111	99	32.0	2.0	3448.1082709533302	3448.3351909900703
3450.6701113923928	0.5068800334952357	trials	210610TX	p50	Z11111	17	5.0	1.0	3450.820111392393	3451.026991425888
3451.0903914604382	0.5268800367334734	trials	210610TX	p50	Z11111	112	37.0	0.0	3451.2403914604383	3451.4672714971716
3451.5206715301033	0.5269200367397389	trials	210610TX	p50	Z11111	12	3.0	2.0	3451.6706715301034	3451.897591566843
3451.9909916062506	0.5269200367397389	trials	210610TX	p50	Z11111	86	28.0	1.0	3452.1409916062507	3452.3679116429903
3452.4212716759152	0.5269200367397389	trials	210610TX	p50	Z11111	102	33.0	2.0	3452.5712716759153	3452.798191712655
3452.861551747199	0.5269200367397389	trials	210610TX	p50	Z11111	117	38.0	2.0	3453.011551747199	3453.2384717839386
3453.2918718168703	0.5268800367334734	trials	210610TX	p50	Z11111	3	0.0	2.0	3453.4418718168704	3453.6687518536037
3458.6654726868865	0.5068800334952357	trials	210610TX	p50	Z11111	38	12.0	1.0	3458.8154726868866	3459.0223527203816
3459.085752754932	0.5269200367401936	trials	210610TX	p50	Z11111	10	3.0	0.0	3459.235752754932	3459.462672791672
3459.516032824597	0.5269200367397389	trials	210610TX	p50	Z11111	54	17.0	2.0	3459.666032824597	3459.8929528613367
3459.9463528942683	0.5369200383588577	trials	210610TX	p50	Z11111	97	32.0	0.0	3460.0963528942684	3460.333272932627
3462.7782333527657	0.5069200335015012	trials	210610TX	p50	Z11111	103	34.0	0.0	3462.928233352766	3463.135153386267
3463.198513420811	0.5269200367397389	trials	210610TX	p50	Z11111	5	1.0	1.0	3463.3485134208113	3463.575433457551
3463.65883349534	0.5369200383588577	trials	210610TX	p50	Z11111	55	18.0	0.0	3463.80883349534	3464.0457535336986
3464.09915356663	0.5268800367334734	trials	210610TX	p50	Z11111	95	31.0	1.0	3464.24915356663	3464.4760336033632
3464.5294336362945	0.5369200383593125	trials	210610TX	p50	Z11111	101	33.0	1.0	3464.6794336362946	3464.9163536746537
3464.9697137075786	0.5269200367397389	trials	210610TX	p50	Z11111	116	38.0	1.0	3465.1197137075787	3465.3466337443183
3465.440033783726	0.5269200367397389	trials	210610TX	p50	Z11111	107	35.0	1.0	3465.590033783726	3465.8169538204656
3469.3026344091027	0.5068800334952357	trials	210610TX	p50	Z11111	0			3469.4526344091028	3469.659514442598
3469.7229144771486	0.5269200367397389	trials	210610TX	p50	Z11111	59	19.0	1.0	3469.8729144771487	3470.0998345138883
3470.15323454682	0.5268800367330186	trials	210610TX	p50	Z11111	66	21.0	2.0	3470.30323454682	3470.530114583553
3470.5835146164845	0.5368800383521375	trials	210610TX	p50	Z11111	69	22.0	2.0	3470.7335146164846	3470.9703946548366
3471.0237946877683	0.5269200367397389	trials	210610TX	p50	Z11111	60	19.0	2.0	3471.1737946877683	3471.400714724508
3471.454074757433	0.5269200367397389	trials	210610TX	p50	Z11111	13	4.0	0.0	3471.604074757433	3471.8309947941725
3471.8943948287233	0.5268800367334734	trials	210610TX	p50	Z11111	85	28.0	0.0	3472.0443948287234	3472.2712748654567
3475.82703546544	0.506880033494781	trials	210610TX	p50	Z11111	44	14.0	1.0	3475.97703546544	3476.1839154989348
3476.2373155318664	0.5268800367334734	trials	210610TX	p50	Z11111	29	9.0	1.0	3476.3873155318665	3476.6141955686
3476.67759560315	0.5269200367401936	trials	210610TX	p50	Z11111	37	12.0	0.0	3476.8275956031503	3477.0545156398903
3477.1079156728215	0.5268800367334734	trials	210610TX	p50	Z11111	91	30.0	0.0	3477.2579156728216	3477.484795709555
3477.5481957441057	0.5269200367392841	trials	210610TX	p50	Z11111	19	6.0	0.0	3477.6981957441058	3477.925115780845
3478.008515818634	0.5368800383521375	trials	210610TX	p50	Z11111	2	0.0	1.0	3478.158515818634	3478.395395856986
3478.4487958899176	0.5269200367397389	trials	210610TX	p50	Z11111	10	3.0	0.0	3478.5987958899177	3478.8257159266573
3497.3014789422728	0.5069200335019559	trials	210610TX	p50	Z11111	79	26.0	0.0	3497.451478942273	3497.6583989757746
3500.083359392675	0.49688003187611685	trials	210610TX	p50	Z11111	115	38.0	0.0	3500.233359392675	3500.430239424551
3500.4936394591014	0.5269200367401936	trials	210610TX	p50	Z11111	55	18.0	0.0	3500.6436394591015	3500.8705594958415
3500.9239195287664	0.5269200367397389	trials	210610TX	p50	Z11111	117	38.0	2.0	3501.0739195287665	3501.300839565506
3501.3642396000564	0.5268800367334734	trials	210610TX	p50	Z11111	92	30.0	1.0	3501.5142396000565	3501.74111963679
3501.7945196697215	0.5269200367397389	trials	210610TX	p50	Z11111	25	8.0	0.0	3501.9445196697216	3502.171439706461
3502.234799741005	0.5269200367397389	trials	210610TX	p50	Z11111	29	9.0	1.0	3502.3847997410053	3502.611719777745
3502.6651198106765	0.5268800367334734	trials	210610TX	p50	Z11111	26	8.0	1.0	3502.8151198106766	3503.04199984741
3506.6878004619707	0.5069200335019559	trials	210610TX	p50	Z11111	50	16.0	1.0	3506.837800461971	3507.0447204954726
3507.0980805283975	0.5269200367401936	trials	210610TX	p50	Z11111	7	2.0	0.0	3507.2480805283976	3507.4750005651376
3507.5684006045453	0.5269200367397389	trials	210610TX	p50	Z11111	64	21.0	0.0	3507.7184006045454	3507.945320641285
3507.99868067421	0.5269200367397389	trials	210610TX	p50	Z11111	52	17.0	0.0	3508.14868067421	3508.3756007109496
3508.4390007455	0.5268800367334734	trials	210610TX	p50	Z11111	11	3.0	1.0	3508.5890007455	3508.8158807822333
3508.869280815165	0.5269200367397389	trials	210610TX	p50	Z11111	12	3.0	2.0	3509.019280815165	3509.2462008519046
3509.3095608864487	0.5269200367397389	trials	210610TX	p50	Z11111	110	36.0	1.0	3509.459560886449	3509.6864809231884
3513.2422415231717	0.5168800351143545	trials	210610TX	p50	Z11111	48	15.0	2.0	3513.392241523172	3513.609121558286
3513.6925215960746	0.5269200367397389	trials	210610TX	p50	Z11111	34	11.0	0.0	3513.8425215960747	3514.0694416328142
3519.196242487158	0.5068800334952357	trials	210610TX	p50	Z11111	1	0.0	0.0	3519.346242487158	3519.5531225206532
3519.6065225535845	0.5268800367334734	trials	210610TX	p50	Z11111	58	19.0	0.0	3519.7565225535845	3519.983402590318
3520.0468026248686	0.5269200367397389	trials	210610TX	p50	Z11111	87	28.0	2.0	3520.1968026248687	3520.4237226616083
3520.4770826945332	0.5269200367397389	trials	210610TX	p50	Z11111	84	27.0	2.0	3520.6270826945333	3520.854002731273
3520.907362764198	0.5369200383593125	trials	210610TX	p50	Z11111	68	22.0	1.0	3521.057362764198	3521.294282802557
3521.3476828354883	0.5269200367397389	trials	210610TX	p50	Z11111	108	35.0	2.0	3521.4976828354884	3521.724602872228
3521.777962905153	0.5369200383588577	trials	210610TX	p50	Z11111	88	29.0	0.0	3521.927962905153	3522.1648829435117
3525.7006035402505	0.5068800334952357	trials	210610TX	p50	Z11111	85	28.0	0.0	3525.8506035402506	3526.0574835737457
3526.15092361316	0.5268800367330186	trials	210610TX	p50	Z11111	41	13.0	1.0	3526.30092361316	3526.527803649893
3526.5812036828247	0.5269200367397389	trials	210610TX	p50	Z11111	33	10.0	2.0	3526.731203682825	3526.9581237195644
3527.0214837541084	0.5269200367397389	trials	210610TX	p50	Z11111	49	16.0	0.0	3527.1714837541085	3527.398403790848
3527.4518038237798	0.5268800367334734	trials	210610TX	p50	Z11111	60	19.0	2.0	3527.60180382378	3527.828683860513
3532.6852846711095	0.5269200367401936	trials	210610TX	p50	Z11111	21	6.0	2.0	3532.8352846711095	3533.0622047078496
3535.3671251053147	0.5068800334952357	trials	210610TX	p50	Z11111	18	5.0	2.0	3535.517125105315	3535.72400513881
3535.777405171741	0.5268800367339281	trials	210610TX	p50	Z11111	116	38.0	1.0	3535.927405171741	3536.154285208475
3536.2176852430252	0.5269200367397389	trials	210610TX	p50	Z11111	0			3536.3676852430253	3536.594605279765
3536.64796531269	0.5269200367397389	trials	210610TX	p50	Z11111	97	32.0	0.0	3536.79796531269	3537.0248853494295
3539.569925785772	0.4969200318823823	trials	210610TX	p50	Z11111	46	15.0	0.0	3539.719925785772	3539.916845817654
3539.9802058521987	0.5269200367392841	trials	210610TX	p50	Z11111	24	7.0	2.0	3540.1302058521987	3540.357125888938
3540.4105259218695	0.5268800367334734	trials	210610TX	p50	Z11111	13	4.0	0.0	3540.5605259218696	3540.787405958603
3542.7320862977435	0.4968800318756621	trials	210610TX	p50	Z11111	40	13.0	0.0	3542.8820862977436	3543.078966329619
3543.14236636417	0.5268800367334734	trials	210610TX	p50	Z11111	69	22.0	2.0	3543.29236636417	3543.5192464009033
3543.5726464338345	0.5269200367401936	trials	210610TX	p50	Z11111	4	1.0	0.0	3543.7226464338346	3543.9495664705746
3544.0129265051187	0.5269200367397389	trials	210610TX	p50	Z11111	3	0.0	2.0	3544.162926505119	3544.3898465418583
3544.4432465747896	0.5268800367334734	trials	210610TX	p50	Z11111	96	31.0	2.0	3544.5932465747896	3544.820126611523
3544.8735266444546	0.5369200383588577	trials	210610TX	p50	Z11111	105	34.0	2.0	3545.0235266444547	3545.2604466828134
3545.3138067157383	0.5269200367397389	trials	210610TX	p50	Z11111	101	33.0	1.0	3545.4638067157384	3545.690726752478
3549.3965673767602	0.5068800334952357	trials	210610TX	p50	Z11111	112	37.0	0.0	3549.5465673767603	3549.7534474102554
3549.8168474448057	0.5269200367397389	trials	210610TX	p50	Z11111	43	14.0	0.0	3549.966847444806	3550.1937674815454
3550.247127514471	0.5269200367397389	trials	210610TX	p50	Z11111	23	7.0	1.0	3550.397127514471	3550.6240475512104
3550.717447590618	0.5269200367397389	trials	210610TX	p50	Z11111	51	16.0	2.0	3550.867447590618	3551.0943676273578
3553.849568097726	0.506880033494781	trials	210610TX	p50	Z11111	5	1.0	1.0	3553.9995680977263	3554.206448131221
3554.2598481641526	0.5068800334952357	trials	210610TX	p50	Z11111	47	15.0	1.0	3554.4098481641527	3554.6167281976477
3554.6700882305727	0.5269200367401936	trials	210610TX	p50	Z11111	90	29.0	2.0	3554.8200882305728	3555.047008267313
3555.1304083051014	0.5269200367397389	trials	210610TX	p50	Z11111	8	2.0	1.0	3555.2804083051014	3555.507328341841
3555.5707283763913	0.5268800367334734	trials	210610TX	p50	Z11111	70	23.0	0.0	3555.7207283763914	3555.9476084131247
3556.0310084509133	0.5269200367397389	trials	210610TX	p50	Z11111	99	32.0	2.0	3556.1810084509134	3556.407928487653
3556.4713285222037	0.5269200367397389	trials	210610TX	p50	Z11111	59	19.0	1.0	3556.621328522204	3556.8482485589434
3560.4039691589205	0.5068800334952357	trials	210610TX	p50	Z11111	100	33.0	0.0	3560.5539691589206	3560.7608491924157
3560.814249225347	0.5269200367401936	trials	210610TX	p50	Z11111	0			3560.964249225347	3561.191169262087
3561.254529296631	0.5269200367392841	trials	210610TX	p50	Z11111	32	10.0	1.0	3561.404529296631	3561.6314493333703
3561.684849366302	0.5268800367334734	trials	210610TX	p50	Z11111	0			3561.834849366302	3562.0617294030353
3562.1251294375857	0.5269200367401936	trials	210610TX	p50	Z11111	67	22.0	0.0	3562.2751294375857	3562.5020494743258
3562.5554095072507	0.5269200367397389	trials	210610TX	p50	Z11111	14	4.0	1.0	3562.705409507251	3562.9323295439904
3562.9957295785407	0.5268800367334734	trials	210610TX	p50	Z11111	107	35.0	1.0	3563.145729578541	3563.372609615274
3566.8282901990538	0.5068800334952357	trials	210610TX	p50	Z11111	20	6.0	1.0	3566.978290199054	3567.185170232549
3567.2385702654806	0.5269200367397389	trials	210610TX	p50	Z11111	118	39.0	0.0	3567.3885702654807	3567.61549030222
3567.708890341628	0.5269200367397389	trials	210610TX	p50	Z11111	111	36.0	2.0	3567.858890341628	3568.0858103783676
3568.139170411293	0.5269200367397389	trials	210610TX	p50	Z11111	104	34.0	1.0	3568.289170411293	3568.5160904480326
3568.579490482583	0.5268800367334734	trials	210610TX	p50	Z11111	35	11.0	1.0	3568.729490482583	3568.9563705193164
3571.161210900578	0.5068800334952357	trials	210610TX	p50	Z11111	57	18.0	2.0	3571.3112109005783	3571.5180909340734
3573.6829313088588	0.5068800334952357	trials	210610TX	p50	Z11111	65	21.0	1.0	3573.832931308859	3574.039811342354
3574.1332113817616	0.5269200367397389	trials	210610TX	p50	Z11111	113	37.0	1.0	3574.2832113817617	3574.5101314185013
3574.563491451426	0.5269200367401936	trials	210610TX	p50	Z11111	120	39.0	2.0	3574.7134914514263	3574.9404114881663
3575.0038115227167	0.5268800367334734	trials	210610TX	p50	Z11111	119	39.0	1.0	3575.1538115227168	3575.38069155945
3575.4340915923817	0.5269200367397389	trials	210610TX	p50	Z11111	78	25.0	2.0	3575.584091592382	3575.8110116291214
3575.8643716620463	0.5369200383588577	trials	210610TX	p50	Z11111	72	23.0	2.0	3576.0143716620464	3576.251291700405
3576.3046917333363	0.5268800367334734	trials	210610TX	p50	Z11111	6	1.0	2.0	3576.4546917333364	3576.6815717700697
3580.1272523522307	0.49688003187611685	trials	210610TX	p50	Z11111	77	25.0	1.0	3580.277252352231	3580.4741323841067
3580.5375324186575	0.5269200367392841	trials	210610TX	p50	Z11111	89	29.0	1.0	3580.6875324186576	3580.9144524553967
3580.967812488322	0.5269200367397389	trials	210610TX	p50	Z11111	80	26.0	1.0	3581.117812488322	3581.3447325250618
3581.408132559612	0.5268800367334734	trials	210610TX	p50	Z11111	53	17.0	1.0	3581.558132559612	3581.7850125963455
3581.838412629277	0.5268800367330186	trials	210610TX	p50	Z11111	15	4.0	2.0	3581.9884126292773	3582.21529266601
3582.278692700561	0.5269200367397389	trials	210610TX	p50	Z11111	74	24.0	1.0	3582.428692700561	3582.6556127373005
3582.7089727702255	0.5269200367401936	trials	210610TX	p50	Z11111	56	18.0	1.0	3582.8589727702256	3583.0858928069656
3586.581613397228	0.5068800334952357	trials	210610TX	p50	Z11111	76	25.0	0.0	3586.731613397228	3586.938493430723
3586.991853463648	0.5269200367397389	trials	210610TX	p50	Z11111	31	10.0	0.0	3587.141853463648	3587.3687735003878
3587.4221735333194	0.5369200383588577	trials	210610TX	p50	Z11111	9	2.0	2.0	3587.5721735333195	3587.809093571678
3589.8237739221518	0.5068800334952357	trials	210610TX	p50	Z11111	54	17.0	2.0	3589.973773922152	3590.180653955647
3590.2340539885786	0.5269200367397389	trials	210610TX	p50	Z11111	102	33.0	2.0	3590.3840539885787	3590.6109740253182
3590.6743340598623	0.5269200367397389	trials	210610TX	p50	Z11111	71	23.0	1.0	3590.8243340598624	3591.051254096602
3591.1046541295336	0.5268800367334734	trials	210610TX	p50	Z11111	28	9.0	0.0	3591.2546541295337	3591.481534166267
3591.5449342008174	0.5269200367401936	trials	210610TX	p50	Z11111	44	14.0	1.0	3591.6949342008174	3591.9218542375575
3592.005254275346	0.5268800367330186	trials	210610TX	p50	Z11111	83	27.0	1.0	3592.155254275346	3592.382134312079
3592.4455343466298	0.5269200367397389	trials	210610TX	p50	Z11111	45	14.0	2.0	3592.59553434663	3592.8224543833694
3596.348174978489	0.5068800334952357	trials	210610TX	p50	Z11111	0			3596.4981749784893	3596.7050550119843
3599.14005543051	0.5068800334952357	trials	210610TX	p50	Z11111	81	26.0	2.0	3599.29005543051	3599.496935464005
3599.550335496937	0.5268800367334734	trials	210610TX	p50	Z11111	91	30.0	0.0	3599.700335496937	3599.9272155336703
3599.9906155682206	0.5269200367397389	trials	210610TX	p50	Z11111	27	8.0	2.0	3600.1406155682207	3600.3675356049603
3600.4509356427493	0.5269200367392841	trials	210610TX	p50	Z11111	94	31.0	0.0	3600.6009356427494	3600.8278556794885
3604.873896358851	0.5069200335015012	trials	210610TX	p50	Z11111	37	12.0	0.0	3605.0238963588513	3605.2308163923526
3605.2941764268967	0.5269200367401936	trials	210610TX	p50	Z11111	98	32.0	1.0	3605.444176426897	3605.671096463637
3605.7544965014254	0.5269200367397389	trials	210610TX	p50	Z11111	42	13.0	2.0	3605.9044965014255	3606.131416538165
3606.194816572716	0.5268800367330186	trials	210610TX	p50	Z11111	95	31.0	1.0	3606.344816572716	3606.5716966094487
3606.6250966423804	0.5268800367334734	trials	210610TX	p50	Z11111	17	5.0	1.0	3606.7750966423805	3607.001976679114
3607.055376712045	0.5369200383588577	trials	210610TX	p50	Z11111	39	12.0	2.0	3607.205376712045	3607.442296750404
3607.525696788193	0.5269200367392841	trials	210610TX	p50	Z11111	38	12.0	1.0	3607.675696788193	3607.902616824932
3611.568417442732	0.506880033494781	trials	210610TX	p50	Z11111	73	24.0	0.0	3611.718417442732	3611.9252974762267
3611.9786975091583	0.5269200367397389	trials	210610TX	p50	Z11111	30	9.0	2.0	3612.1286975091584	3612.355617545898
3612.408977578823	0.5269200367401936	trials	210610TX	p50	Z11111	36	11.0	2.0	3612.558977578823	3612.785897615563
3612.8492976501134	0.5268800367334734	trials	210610TX	p50	Z11111	86	28.0	1.0	3612.9992976501135	3613.2261776868468
3613.2795777197784	0.5268800367330186	trials	210610TX	p50	Z11111	63	20.0	2.0	3613.4295777197785	3613.6564577565114
3613.719857791062	0.5269200367397389	trials	210610TX	p50	Z11111	93	30.0	2.0	3613.8698577910623	3614.096777827802
3614.150177860733	0.5268800367334734	trials	210610TX	p50	Z11111	16	5.0	0.0	3614.300177860733	3614.5270578974664
3618.0227784877293	0.506880033494781	trials	210610TX	p50	Z11111	75	24.0	2.0	3618.1727784877294	3618.379658521224
3618.4330585541557	0.5268800367334734	trials	210610TX	p50	Z11111	82	27.0	0.0	3618.5830585541557	3618.809938590889
3621.2949790175167	0.5068800334952357	trials	210610TX	p50	Z11111	66	21.0	2.0	3621.4449790175167	3621.651859051012
3621.7152590855626	0.5268800367330186	trials	210610TX	p50	Z11111	103	34.0	0.0	3621.8652590855627	3622.0921391222955
3624.136859477633	0.5069200335015012	trials	210610TX	p50	Z11111	61	20.0	0.0	3624.2868594776332	3624.4937795111346
3624.5571395456786	0.5269200367401936	trials	210610TX	p50	Z11111	62	20.0	1.0	3624.7071395456787	3624.9340595824187
3624.98745961535	0.5268800367334734	trials	210610TX	p50	Z11111	22	7.0	0.0	3625.13745961535	3625.3643396520833
3625.4277396866337	0.5269200367397389	trials	210610TX	p50	Z11111	106	35.0	0.0	3625.577739686634	3625.8046597233733
3625.8580197562987	0.5269200367397389	trials	210610TX	p50	Z11111	109	36.0	0.0	3626.008019756299	3626.2349397930384
3626.2983398275887	0.5268800367334734	trials	210610TX	p50	Z11111	114	37.0	2.0	3626.448339827589	3626.675219864322
3626.728619897254	0.5269200367397389	trials	210610TX	p50	Z11111	109	36.0	0.0	3626.878619897254	3627.1055399339934
3634.2637011172255	0.5068800334952357	trials	210610TX	p50	Z11111	40	13.0	0.0	3634.4137011172256	3634.6205811507207
3634.7039811885093	0.5269200367401936	trials	210610TX	p50	Z11111	87	28.0	2.0	3634.8539811885094	3635.0809012252494
3635.1443012597997	0.5268800367334734	trials	210610TX	p50	Z11111	33	10.0	2.0	3635.2943012598	3635.521181296533
3637.575941653496	0.5068800334952357	trials	210610TX	p50	Z11111	43	14.0	0.0	3637.725941653496	3637.9328216869912
3637.986181719916	0.5269200367397389	trials	210610TX	p50	Z11111	39	12.0	2.0	3638.1361817199163	3638.363101756656
3638.4565017960635	0.5269200367397389	trials	210610TX	p50	Z11111	41	13.0	1.0	3638.6065017960636	3638.833421832803
3638.886821865735	0.5268800367330186	trials	210610TX	p50	Z11111	85	28.0	0.0	3639.036821865735	3639.263701902468
3639.3171019353995	0.5369200383588577	trials	210610TX	p50	Z11111	77	25.0	1.0	3639.4671019353996	3639.7040219737582
3639.757382006683	0.5269200367401936	trials	210610TX	p50	Z11111	89	29.0	1.0	3639.9073820066833	3640.1343020434233
3640.227702082831	0.5269200367397389	trials	210610TX	p50	Z11111	67	22.0	0.0	3640.377702082831	3640.6046221195706
3644.4605427681513	0.5069200335019559	trials	210610TX	p50	Z11111	48	15.0	2.0	3644.6105427681514	3644.817462801653
3644.8808228361972	0.5269200367397389	trials	210610TX	p50	Z11111	64	21.0	0.0	3645.0308228361973	3645.257742872937
3647.3024632282745	0.51692003512062	trials	210610TX	p50	Z11111	107	35.0	1.0	3647.4524632282746	3647.669383263395
3647.7527833011836	0.5269200367397389	trials	210610TX	p50	Z11111	71	23.0	1.0	3647.9027833011837	3648.1297033379233
3648.2231033773314	0.5268800367330186	trials	210610TX	p50	Z11111	37	12.0	0.0	3648.3731033773315	3648.5999834140644
3648.653383446996	0.5269200367397389	trials	210610TX	p50	Z11111	76	25.0	0.0	3648.803383446996	3649.0303034837357
3649.0936635182798	0.5269200367397389	trials	210610TX	p50	Z11111	44	14.0	1.0	3649.24366351828	3649.4705835550194
3649.523983587951	0.5268800367334734	trials	210610TX	p50	Z11111	112	37.0	0.0	3649.673983587951	3649.9008636246845
3649.964263659235	0.5269200367397389	trials	210610TX	p50	Z11111	62	20.0	1.0	3650.114263659235	3650.3411836959745
3657.9396249504907	0.5069200335015012	trials	210610TX	p50	Z11111	0			3658.089624950491	3658.296544983992
3658.359905018536	0.5269200367397389	trials	210610TX	p50	Z11111	96	31.0	2.0	3658.5099050185363	3658.736825055276
3658.7902250882075	0.5268800367334734	trials	210610TX	p50	Z11111	79	26.0	0.0	3658.9402250882076	3659.167105124941
3659.2305051594913	0.5269200367397389	trials	210610TX	p50	Z11111	25	8.0	0.0	3659.3805051594913	3659.607425196231
3659.6607852291563	0.5269200367397389	trials	210610TX	p50	Z11111	5	1.0	1.0	3659.8107852291564	3660.037705265896
3660.1311053053037	0.5269200367397389	trials	210610TX	p50	Z11111	82	27.0	0.0	3660.2811053053038	3660.5080253420433
3660.5613853749683	0.5269200367397389	trials	210610TX	p50	Z11111	74	24.0	1.0	3660.7113853749684	3660.938305411708
3664.7141860473303	0.5069200335015012	trials	210610TX	p50	Z11111	105	34.0	2.0	3664.8641860473303	3665.0711060808317
3665.1645061202394	0.5269200367401936	trials	210610TX	p50	Z11111	60	19.0	2.0	3665.3145061202395	3665.5414261569795
3665.5947861899044	0.5269200367392841	trials	210610TX	p50	Z11111	46	15.0	0.0	3665.7447861899045	3665.9717062266436
3666.0351062611944	0.5268800367334734	trials	210610TX	p50	Z11111	119	39.0	1.0	3666.1851062611945	3666.411986297928
3666.465386330859	0.5268800367334734	trials	210610TX	p50	Z11111	116	38.0	1.0	3666.615386330859	3666.8422663675924
3666.905666402143	0.5269200367397389	trials	210610TX	p50	Z11111	61	20.0	0.0	3667.0556664021433	3667.282586438883
3667.3659864766714	0.5369200383588577	trials	210610TX	p50	Z11111	118	39.0	0.0	3667.5159864766715	3667.75290651503
3671.3086271150073	0.5069200335015012	trials	210610TX	p50	Z11111	52	17.0	0.0	3671.4586271150074	3671.6655471485087
3671.7189071814337	0.5269200367397389	trials	210610TX	p50	Z11111	80	26.0	1.0	3671.8689071814338	3672.0958272181733
3672.1491872510983	0.5369200383593125	trials	210610TX	p50	Z11111	115	38.0	0.0	3672.2991872510984	3672.5361072894575
3672.5895073223887	0.5268800367334734	trials	210610TX	p50	Z11111	16	5.0	0.0	3672.739507322389	3672.966387359122
3673.019787392054	0.5269200367397389	trials	210610TX	p50	Z11111	11	3.0	1.0	3673.169787392054	3673.3967074287934
3673.4600674633375	0.5269200367397389	trials	210610TX	p50	Z11111	31	10.0	0.0	3673.6100674633376	3673.836987500077
3673.890387533009	0.5268800367330186	trials	210610TX	p50	Z11111	34	11.0	0.0	3674.040387533009	3674.2672675697418
3677.8430281729634	0.5069200335015012	trials	210610TX	p50	Z11111	65	21.0	1.0	3677.9930281729635	3678.199948206465
3678.2533082393898	0.5369200383593125	trials	210610TX	p50	Z11111	17	5.0	1.0	3678.40330823939	3678.640228277749
3678.693588310674	0.5269200367397389	trials	210610TX	p50	Z11111	19	6.0	0.0	3678.843588310674	3679.0705083474136
3679.1239083803453	0.5268800367330186	trials	210610TX	p50	Z11111	50	16.0	1.0	3679.2739083803453	3679.500788417078
3679.564188451629	0.5269200367397389	trials	210610TX	p50	Z11111	84	27.0	2.0	3679.714188451629	3679.9411084883686
3680.024508526157	0.5369200383588577	trials	210610TX	p50	Z11111	9	2.0	2.0	3680.1745085261573	3680.411428564516
3680.464788597441	0.5269200367397389	trials	210610TX	p50	Z11111	51	16.0	2.0	3680.614788597441	3680.8417086341806
3684.2973892179607	0.5268800367334734	trials	210610TX	p50	Z11111	54	17.0	2.0	3684.447389217961	3684.674269254694
3684.7576692924827	0.5369200383588577	trials	210610TX	p50	Z11111	12	3.0	2.0	3684.9076692924828	3685.1445893308414
3685.197989363773	0.5269200367397389	trials	210610TX	p50	Z11111	20	6.0	1.0	3685.347989363773	3685.5749094005128
3685.6683094399204	0.5269200367397389	trials	210610TX	p50	Z11111	24	7.0	2.0	3685.8183094399205	3686.04522947666
3686.098589509585	0.5269200367401936	trials	210610TX	p50	Z11111	97	32.0	0.0	3686.248589509585	3686.475509546325
3686.5388695808692	0.5269200367392841	trials	210610TX	p50	Z11111	0			3686.6888695808693	3686.9157896176084
3686.9691896505406	0.5268800367330186	trials	210610TX	p50	Z11111	53	17.0	1.0	3687.1191896505406	3687.3460696872735
3691.0619103131744	0.49692003188283707	trials	210610TX	p50	Z11111	35	11.0	1.0	3691.2119103131745	3691.408830345057
3691.472230379608	0.5268800367334734	trials	210610TX	p50	Z11111	106	35.0	0.0	3691.622230379608	3691.8491104163413
3691.9025104492725	0.5268800367334734	trials	210610TX	p50	Z11111	70	23.0	0.0	3692.0525104492726	3692.279390486006
3694.584310883471	0.5068800334952357	trials	210610TX	p50	Z11111	81	26.0	2.0	3694.734310883471	3694.941190916966
3694.994590949898	0.5369200383588577	trials	210610TX	p50	Z11111	10	3.0	0.0	3695.144590949898	3695.3815109882567
3695.4348710211816	0.5269200367397389	trials	210610TX	p50	Z11111	15	4.0	2.0	3695.5848710211817	3695.8117910579213
3695.865151090846	0.5269200367401936	trials	210610TX	p50	Z11111	91	30.0	0.0	3696.0151510908463	3696.2420711275863
3696.3054711621367	0.5269200367401936	trials	210610TX	p50	Z11111	22	7.0	0.0	3696.4554711621367	3696.6823911988768
3696.775791238284	0.5268800367334734	trials	210610TX	p50	Z11111	2	0.0	1.0	3696.925791238284	3697.1526712750174
3697.2060713079486	0.5269200367401936	trials	210610TX	p50	Z11111	3	0.0	2.0	3697.3560713079487	3697.5829913446887
3702.0293120888587	0.5069200335019559	trials	210610TX	p50	Z11111	4	1.0	0.0	3702.1793120888588	3702.3862321223605
3702.469632160149	0.5368800383521375	trials	210610TX	p50	Z11111	28	9.0	0.0	3702.619632160149	3702.856512198501
3702.909912231433	0.5269200367397389	trials	210610TX	p50	Z11111	13	4.0	0.0	3703.059912231433	3703.2868322681725
3703.3401923010974	0.5369200383588577	trials	210610TX	p50	Z11111	73	24.0	0.0	3703.4901923010975	3703.727112339456
3703.8105123772452	0.5269200367397389	trials	210610TX	p50	Z11111	26	8.0	1.0	3703.9605123772453	3704.187432413985
3704.250832448535	0.5268800367334734	trials	210610TX	p50	Z11111	49	16.0	0.0	3704.4008324485353	3704.6277124852686
3704.6811125182	0.5268800367334734	trials	210610TX	p50	Z11111	93	30.0	2.0	3704.8311125182	3705.057992554933
3712.066073713867	0.5068800334952357	trials	210610TX	p50	Z11111	94	31.0	0.0	3712.216073713867	3712.422953747362
3712.4863537819124	0.5269200367397389	trials	210610TX	p50	Z11111	27	8.0	2.0	3712.6363537819125	3712.863273818652
3712.946673856441	0.5269200367392841	trials	210610TX	p50	Z11111	90	29.0	2.0	3713.096673856441	3713.3235938931803
3713.4069539309626	0.5069200335019559	trials	210610TX	p50	Z11111	114	37.0	2.0	3713.5569539309627	3713.7638739644644
3713.847274002253	0.5269200367401936	trials	210610TX	p50	Z11111	47	15.0	1.0	3713.997274002253	3714.224194038993
3714.287554073537	0.5269200367392841	trials	210610TX	p50	Z11111	7	2.0	0.0	3714.4375540735373	3714.6644741102764
3714.717874143208	0.5268800367334734	trials	210610TX	p50	Z11111	0			3714.867874143208	3715.0947541799414
3718.590474770204	0.4968800318765716	trials	210610TX	p50	Z11111	69	22.0	2.0	3718.740474770204	3718.9373548020803
3719.0007548366307	0.5268800367330186	trials	210610TX	p50	Z11111	18	5.0	2.0	3719.1507548366308	3719.3776348733636
3719.4310349062953	0.5269200367397389	trials	210610TX	p50	Z11111	42	13.0	2.0	3719.5810349062954	3719.807954943035
3719.871314977579	0.5269200367401936	trials	210610TX	p50	Z11111	120	39.0	2.0	3720.021314977579	3720.248235014319
3720.3016350472503	0.5268800367330186	trials	210610TX	p50	Z11111	21	6.0	2.0	3720.4516350472504	3720.6785150839833
3720.741915118534	0.5269200367397389	trials	210610TX	p50	Z11111	103	34.0	0.0	3720.891915118534	3721.1188351552737
3721.1721951881987	0.5269200367401936	trials	210610TX	p50	Z11111	0			3721.3221951881987	3721.5491152249388
3725.5751559010628	0.5169200351210748	trials	210610TX	p50	Z11111	111	36.0	2.0	3725.725155901063	3725.9420759361838
3727.916756280181	0.5068800334956904	trials	210610TX	p50	Z11111	63	20.0	2.0	3728.066756280181	3728.2736363136764
3728.3270363466077	0.5369200383593125	trials	210610TX	p50	Z11111	117	38.0	2.0	3728.4770363466077	3728.713956384967
3728.767316417892	0.5269200367397389	trials	210610TX	p50	Z11111	6	1.0	2.0	3728.917316417892	3729.1442364546315
3729.1975964875564	0.5269200367397389	trials	210610TX	p50	Z11111	23	7.0	1.0	3729.3475964875565	3729.574516524296
3729.6379165588464	0.5268800367339281	trials	210610TX	p50	Z11111	101	33.0	1.0	3729.7879165588465	3730.0147965955803
3730.0881966317497	0.5269200367397389	trials	210610TX	p50	Z11111	55	18.0	0.0	3730.23819663175	3730.4651166684894
3730.518516701421	0.5268800367330186	trials	210610TX	p50	Z11111	30	9.0	2.0	3730.668516701421	3730.895396738154
3736.2023176216603	0.49688003187611685	trials	210610TX	p50	Z11111	86	28.0	1.0	3736.3523176216604	3736.5491976535363
3736.6125976880867	0.5269200367397389	trials	210610TX	p50	Z11111	95	31.0	1.0	3736.7625976880868	3736.9895177248263
3737.0429177577576	0.5268800367339281	trials	210610TX	p50	Z11111	59	19.0	1.0	3737.1929177577576	3737.4197977944914
3737.4831978290417	0.5268800367334734	trials	210610TX	p50	Z11111	45	14.0	2.0	3737.633197829042	3737.860077865775
3737.9434779035637	0.5369200383588577	trials	210610TX	p50	Z11111	108	35.0	2.0	3738.093477903564	3738.3303979419225
3738.383797974854	0.5269200367397389	trials	210610TX	p50	Z11111	100	33.0	0.0	3738.533797974854	3738.760718011594
3738.8140780445187	0.5269200367397389	trials	210610TX	p50	Z11111	57	18.0	2.0	3738.964078044519	3739.1909980812584
3742.716718676378	0.5068800334952357	trials	210610TX	p50	Z11111	58	19.0	0.0	3742.8667186763782	3743.0735987098733
3743.1269987428045	0.5369200383593125	trials	210610TX	p50	Z11111	99	32.0	2.0	3743.2769987428046	3743.5139187811637
3743.5672788140887	0.5269200367401936	trials	210610TX	p50	Z11111	92	30.0	1.0	3743.717278814089	3743.944198850829
3743.9975588837538	0.536920038358403	trials	210610TX	p50	Z11111	14	4.0	1.0	3744.147558883754	3744.384478922112
3746.35915926611	0.5269200367392841	trials	210610TX	p50	Z11111	110	36.0	1.0	3746.50915926611	3746.7360793028492
3746.7994393373933	0.5269200367401936	trials	210610TX	p50	Z11111	113	37.0	1.0	3746.9494393373934	3747.1763593741334
3747.269759413541	0.5269200367397389	trials	210610TX	p50	Z11111	83	27.0	1.0	3747.419759413541	3747.6466794502808
3747.7000794832124	0.5268800367330186	trials	210610TX	p50	Z11111	98	32.0	1.0	3747.8500794832125	3748.0769595199454
3748.130359552877	0.5269200367397389	trials	210610TX	p50	Z11111	38	12.0	1.0	3748.280359552877	3748.5072795896167
3748.570639624161	0.5269200367401936	trials	210610TX	p50	Z11111	8	2.0	1.0	3748.720639624161	3748.947559660901
3749.000959693832	0.5268800367334734	trials	210610TX	p50	Z11111	29	9.0	1.0	3749.150959693832	3749.3778397305655
3752.873560320828	0.5068800334952357	trials	210610TX	p50	Z11111	88	29.0	0.0	3753.023560320828	3753.230440354323
3753.2838403872547	0.5268800367334734	trials	210610TX	p50	Z11111	68	22.0	1.0	3753.433840387255	3753.660720423988
3753.7241204585384	0.5269200367397389	trials	210610TX	p50	Z11111	66	21.0	2.0	3753.8741204585385	3754.101040495278
3754.154400528203	0.5269200367397389	trials	210610TX	p50	Z11111	32	10.0	1.0	3754.304400528203	3754.5313205649427
3754.5846805978676	0.5369200383593125	trials	210610TX	p50	Z11111	104	34.0	1.0	3754.7346805978677	3754.971600636227
3755.025000669158	0.5269200367401936	trials	210610TX	p50	Z11111	36	11.0	2.0	3755.175000669158	3755.401920705898
3755.455280738823	0.5269200367392841	trials	210610TX	p50	Z11111	1	0.0	0.0	3755.6052807388232	3755.8322007755623
3759.4479613852604	0.5069200335019559	trials	210610TX	p50	Z11111	102	33.0	2.0	3759.5979613852605	3759.8048814187623
3759.8582414516873	0.5269200367392841	trials	210610TX	p50	Z11111	72	23.0	2.0	3760.0082414516874	3760.2351614884265
3762.4600018729266	0.4968800318765716	trials	210610TX	p50	Z11111	78	25.0	2.0	3762.6100018729267	3762.806881904803
3762.8702819393534	0.5269200367397389	trials	210610TX	p50	Z11111	56	18.0	1.0	3763.0202819393535	3763.247201976093
3763.300562009018	0.5269200367397389	trials	210610TX	p50	Z11111	75	24.0	2.0	3763.450562009018	3763.6774820457576
