onset	duration	nwb_table	ses_ID	pen_ID	sub_ID	cond_ID	stim_ID	mode	pdOnTS	pdOffTS
2659.194126797831	0.5068814626993117	trials	210620TX	p57	Z11111	120	39.0	2.0	2659.344126797831	2659.55100826053
2659.6244098400302	0.5268816041048012	trials	210620TX	p57	Z11111	20	6.0	1.0	2659.7744098400303	2660.001291444135
2660.074733023918	0.5268816041048012	trials	210620TX	p57	Z11111	34	11.0	0.0	2660.224733023918	2660.4516146280225
2660.5250562078054	0.526881604105256	trials	210620TX	p57	Z11111	2	0.0	1.0	2660.6750562078055	2660.9019378119106
2660.9653393207077	0.5268816041048012	trials	210620TX	p57	Z11111	105	34.0	2.0	2661.115339320708	2661.3422209248124
2661.4156625045957	0.49684139171358765	trials	210620TX	p57	Z11111	28	9.0	0.0	2661.565662504596	2661.762503896309
2661.845945546795	0.5368816748073186	trials	210620TX	p57	Z11111	103	34.0	0.0	2661.995945546795	2662.2328272216023
2665.3983706632516	0.5068414624165598	trials	210620TX	p57	Z11111	68	22.0	1.0	2665.5483706632517	2665.755212125668
2667.709947006624	0.5068414624165598	trials	210620TX	p57	Z11111	38	12.0	1.0	2667.859947006624	2668.0667884690406
2668.1402300488235	0.526881604105256	trials	210620TX	p57	Z11111	104	34.0	1.0	2668.2902300488236	2668.5171116529286
2668.5905132324287	0.5268816041048012	trials	210620TX	p57	Z11111	16	5.0	0.0	2668.740513232429	2668.9673948365335
2671.092250920285	0.4968413917140424	trials	210620TX	p57	Z11111	10	3.0	0.0	2671.242250920285	2671.439092311999
2671.5325340331874	0.49684139171358765	trials	210620TX	p57	Z11111	48	15.0	2.0	2671.6825340331875	2671.879375424901
2671.9328168632783	0.526881604105256	trials	210620TX	p57	Z11111	108	35.0	2.0	2672.0828168632784	2672.3096984673834
2672.3831000468836	0.5268816041048012	trials	210620TX	p57	Z11111	52	17.0	0.0	2672.5331000468836	2672.7599816509883
2672.843423301474	0.5268816041048012	trials	210620TX	p57	Z11111	69	22.0	2.0	2672.993423301474	2673.220304905579
2673.2737063436734	0.5268816041048012	trials	210620TX	p57	Z11111	92	30.0	1.0	2673.4237063436735	2673.650587947778
2673.714029456858	0.526881604105256	trials	210620TX	p57	Z11111	12	3.0	2.0	2673.864029456858	2674.090911060963
2677.316454926829	0.4968813919963395	trials	210620TX	p57	Z11111	18	5.0	2.0	2677.466454926829	2677.6633363188253
2677.7367378983254	0.526881604105256	trials	210620TX	p57	Z11111	46	15.0	0.0	2677.8867378983255	2678.1136195024305
2678.1870610822134	0.49684139171358765	trials	210620TX	p57	Z11111	102	33.0	2.0	2678.3370610822135	2678.533902473927
2678.5973439830072	0.5268816041048012	trials	210620TX	p57	Z11111	116	38.0	1.0	2678.7473439830073	2678.974225587112
2679.0276270252066	0.5268816041048012	trials	210620TX	p57	Z11111	72	23.0	2.0	2679.1776270252067	2679.4045086293113
2679.477950209094	0.49684139171358765	trials	210620TX	p57	Z11111	62	20.0	1.0	2679.6279502090943	2679.8247916008077
2679.9082332512935	0.5368816748077734	trials	210620TX	p57	Z11111	5	1.0	1.0	2680.0582332512936	2680.295114926101
2683.4306181553593	0.5068814626993117	trials	210620TX	p57	Z11111	30	9.0	2.0	2683.5806181553594	2683.7874996180585
2683.8609011975586	0.5268816041048012	trials	210620TX	p57	Z11111	54	17.0	2.0	2684.0109011975587	2684.2377828016633
2684.311224381446	0.4968413917140424	trials	210620TX	p57	Z11111	19	6.0	0.0	2684.4612243814463	2684.65806577316
2684.7415074236455	0.5368816748077734	trials	210620TX	p57	Z11111	97	32.0	0.0	2684.8915074236456	2685.128389098453
2685.201830678236	0.5268816041048012	trials	210620TX	p57	Z11111	119	39.0	1.0	2685.351830678236	2685.578712282341
2685.652153862124	0.5268416038220494	trials	210620TX	p57	Z11111	94	31.0	0.0	2685.802153862124	2686.028995465946
2686.102437045729	0.4968813919963395	trials	210620TX	p57	Z11111	76	25.0	0.0	2686.252437045729	2686.449318437725
2689.6248219497943	0.49688139199679426	trials	210620TX	p57	Z11111	40	13.0	0.0	2689.7748219497944	2689.971703341791
2690.035104850588	0.526881604105256	trials	210620TX	p57	Z11111	88	29.0	0.0	2690.1851048505882	2690.4119864546933
2690.4654278930707	0.5268416038220494	trials	210620TX	p57	Z11111	33	10.0	2.0	2690.615427893071	2690.8422694968926
2690.9157110766755	0.5268816041048012	trials	210620TX	p57	Z11111	86	28.0	1.0	2691.0657110766756	2691.29259268078
2691.366034260563	0.5268816041048012	trials	210620TX	p57	Z11111	77	25.0	1.0	2691.516034260563	2691.742915864668
2691.8063173734654	0.5268816041048012	trials	210620TX	p57	Z11111	101	33.0	1.0	2691.9563173734655	2692.18319897757
2692.2366004156647	0.5268816041048012	trials	210620TX	p57	Z11111	58	19.0	0.0	2692.386600415665	2692.6134820197694
2695.718985036919	0.5068814626993117	trials	210620TX	p57	Z11111	98	32.0	1.0	2695.868985036919	2696.0758664996183
2696.1492680791184	0.5268816041048012	trials	210620TX	p57	Z11111	82	27.0	0.0	2696.2992680791185	2696.526149683223
2696.5895911923035	0.5268816041048012	trials	210620TX	p57	Z11111	50	16.0	1.0	2696.7395911923036	2696.966472796408
2697.019874234503	0.5268816041048012	trials	210620TX	p57	Z11111	114	37.0	2.0	2697.169874234503	2697.3967558386075
2697.4701574181076	0.526881604105256	trials	210620TX	p57	Z11111	6	1.0	2.0	2697.6201574181077	2697.847039022213
2697.9104805312927	0.49684139171358765	trials	210620TX	p57	Z11111	26	8.0	1.0	2698.060480531293	2698.257321923006
2698.340763573492	0.5268816041048012	trials	210620TX	p57	Z11111	75	24.0	2.0	2698.490763573492	2698.7176451775968
2701.9632291851512	0.5068814626993117	trials	210620TX	p57	Z11111	7	2.0	0.0	2702.1132291851513	2702.3201106478505
2702.373512085945	0.5268816041048012	trials	210620TX	p57	Z11111	63	20.0	2.0	2702.523512085945	2702.75039369005
2702.82379526955	0.5268816041048012	trials	210620TX	p57	Z11111	95	31.0	1.0	2702.97379526955	2703.2006768736546
2703.264118382735	0.5268816041048012	trials	210620TX	p57	Z11111	57	18.0	2.0	2703.414118382735	2703.6409999868397
2703.7144415666226	0.5268416038220494	trials	210620TX	p57	Z11111	118	39.0	0.0	2703.8644415666226	2704.0912831704445
2704.1647247502274	0.526881604105256	trials	210620TX	p57	Z11111	112	37.0	0.0	2704.3147247502275	2704.5416063543325
2704.5950077924267	0.526881604105256	trials	210620TX	p57	Z11111	14	4.0	1.0	2704.745007792427	2704.971889396532
2708.1374328381808	0.5068814626993117	trials	210620TX	p57	Z11111	8	2.0	1.0	2708.287432838181	2708.49431430088
2708.56771588038	0.526881604105256	trials	210620TX	p57	Z11111	15	4.0	2.0	2708.71771588038	2708.9445974844853
2709.0079989932824	0.5068814626993117	trials	210620TX	p57	Z11111	13	4.0	0.0	2709.1579989932825	2709.3648804559816
2709.4483221064675	0.49684139171358765	trials	210620TX	p57	Z11111	42	13.0	2.0	2709.5983221064675	2709.795163498181
2709.878605148667	0.5368816748077734	trials	210620TX	p57	Z11111	60	19.0	2.0	2710.028605148667	2710.2654868234745
2710.3389284032573	0.5268816041048012	trials	210620TX	p57	Z11111	41	13.0	1.0	2710.4889284032574	2710.715810007362
2710.789251587145	0.526881604105256	trials	210620TX	p57	Z11111	4	1.0	0.0	2710.939251587145	2711.16613319125
2714.341636703319	0.5068814626993117	trials	210620TX	p57	Z11111	107	35.0	1.0	2714.4916367033193	2714.6985181660184
2714.7719197455185	0.5269216043875531	trials	210620TX	p57	Z11111	67	22.0	0.0	2714.9219197455186	2715.148841349906
2715.2022427880006	0.5268816041048012	trials	210620TX	p57	Z11111	100	33.0	0.0	2715.3522427880007	2715.5791243921053
2715.6425259009025	0.526881604105256	trials	210620TX	p57	Z11111	47	15.0	1.0	2715.7925259009025	2716.0194075050076
2716.0928490847905	0.5268816041048012	trials	210620TX	p57	Z11111	106	35.0	0.0	2716.2428490847906	2716.469730688895
2716.52313212699	0.5268816041048012	trials	210620TX	p57	Z11111	32	10.0	1.0	2716.67313212699	2716.9000137310945
2716.963415239892	0.5268816041048012	trials	210620TX	p57	Z11111	99	32.0	2.0	2717.113415239892	2717.340296843997
2720.4758400735377	0.5068414624165598	trials	210620TX	p57	Z11111	93	30.0	2.0	2720.625840073538	2720.832681535954
2720.906123115737	0.5268816041048012	trials	210620TX	p57	Z11111	79	26.0	0.0	2721.056123115737	2721.2830047198418
2721.356406299342	0.5268816041048012	trials	210620TX	p57	Z11111	71	23.0	1.0	2721.506406299342	2721.7332879034466
2721.796729412527	0.5268816041048012	trials	210620TX	p57	Z11111	22	7.0	0.0	2721.946729412527	2722.1736110166316
2722.2270124547263	0.5268816041048012	trials	210620TX	p57	Z11111	0			2722.3770124547264	2722.603894058831
2722.677335638614	0.4968413917140424	trials	210620TX	p57	Z11111	36	11.0	2.0	2722.827335638614	2723.024177030328
2723.117618751516	0.5268816041048012	trials	210620TX	p57	Z11111	96	31.0	2.0	2723.2676187515162	2723.494500355621
2726.9702459904706	0.49684139171358765	trials	210620TX	p57	Z11111	78	25.0	2.0	2727.1202459904707	2727.317087382184
2727.390528961967	0.5268816041048012	trials	210620TX	p57	Z11111	87	28.0	2.0	2727.540528961967	2727.7674105660717
2727.8508522165575	0.5268816041048012	trials	210620TX	p57	Z11111	73	24.0	0.0	2728.0008522165576	2728.2277338206623
2728.3011354001624	0.526881604105256	trials	210620TX	p57	Z11111	29	9.0	1.0	2728.4511354001625	2728.6780170042675
2728.7314184423617	0.526881604105256	trials	210620TX	p57	Z11111	35	11.0	1.0	2728.881418442362	2729.108300046467
2729.1817416262497	0.5268816041048012	trials	210620TX	p57	Z11111	83	27.0	1.0	2729.33174162625	2729.5586232303544
2729.6220247391516	0.526881604105256	trials	210620TX	p57	Z11111	113	37.0	1.0	2729.7720247391517	2729.9989063432567
2733.154449714203	0.5068814626993117	trials	210620TX	p57	Z11111	84	27.0	2.0	2733.304449714203	2733.5113311769023
2733.564732614997	0.5268816041048012	trials	210620TX	p57	Z11111	91	30.0	0.0	2733.714732614997	2733.9416142191017
2734.005015727899	0.526881604105256	trials	210620TX	p57	Z11111	65	21.0	1.0	2734.155015727899	2734.381897332004
2734.435298770098	0.526881604105256	trials	210620TX	p57	Z11111	55	18.0	0.0	2734.5852987700982	2734.8121803742033
2734.885621953986	0.5268816041048012	trials	210620TX	p57	Z11111	115	38.0	0.0	2735.0356219539863	2735.262503558091
2735.325905066888	0.526881604105256	trials	210620TX	p57	Z11111	27	8.0	2.0	2735.475905066888	2735.702786670993
2735.7562281093706	0.5268816041048012	trials	210620TX	p57	Z11111	9	2.0	2.0	2735.9062281093707	2736.1331097134753
2739.358653579341	0.5068814626993117	trials	210620TX	p57	Z11111	74	24.0	1.0	2739.508653579341	2739.7155350420403
2739.7789365508374	0.5168815334022838	trials	210620TX	p57	Z11111	25	8.0	0.0	2739.9289365508375	2740.1458180842396
2740.2192596640225	0.4968413917140424	trials	210620TX	p57	Z11111	0			2740.3692596640226	2740.5661010557365
2740.6295425648163	0.5268816041048012	trials	210620TX	p57	Z11111	21	6.0	2.0	2740.7795425648164	2741.006424168921
2741.079825748421	0.526881604105256	trials	210620TX	p57	Z11111	17	5.0	1.0	2741.2298257484213	2741.4567073525263
2741.5101487909037	0.5268816041048012	trials	210620TX	p57	Z11111	117	38.0	2.0	2741.660148790904	2741.8870303950084
2741.9504319038056	0.526881604105256	trials	210620TX	p57	Z11111	45	14.0	2.0	2742.1004319038057	2742.3273135079107
2745.512857090965	0.5068814626993117	trials	210620TX	p57	Z11111	85	28.0	0.0	2745.662857090965	2745.8697385536643
2745.9431401331644	0.526881604105256	trials	210620TX	p57	Z11111	66	21.0	2.0	2746.0931401331645	2746.3200217372696
2746.3834632463495	0.516841533119532	trials	210620TX	p57	Z11111	39	12.0	2.0	2746.5334632463496	2746.750304779469
2746.823746359252	0.5368816748077734	trials	210620TX	p57	Z11111	56	18.0	1.0	2746.973746359252	2747.2106280340595
2747.2840696138423	0.5268816041048012	trials	210620TX	p57	Z11111	110	36.0	1.0	2747.4340696138424	2747.660951217947
2747.734352797447	0.5268816041048012	trials	210620TX	p57	Z11111	90	29.0	2.0	2747.8843527974473	2748.111234401552
2748.1846759813347	0.526881604105256	trials	210620TX	p57	Z11111	80	26.0	1.0	2748.334675981335	2748.56155758544
2751.7070608854006	0.49688139199679426	trials	210620TX	p57	Z11111	43	14.0	0.0	2751.8570608854006	2752.0539422773973
2752.127343856897	0.526881604105256	trials	210620TX	p57	Z11111	31	10.0	0.0	2752.277343856897	2752.504225461002
2752.567666970082	0.526881604105256	trials	210620TX	p57	Z11111	37	12.0	0.0	2752.717666970082	2752.944548574187
2753.0179501536873	0.5268816041048012	trials	210620TX	p57	Z11111	70	23.0	0.0	2753.1679501536873	2753.394831757792
2753.458273266872	0.516841533119532	trials	210620TX	p57	Z11111	1	0.0	0.0	2753.608273266872	2753.8251147999913
2753.888556309071	0.526881604105256	trials	210620TX	p57	Z11111	0			2754.0385563090713	2754.2654379131764
2754.3388394926765	0.5268816041048012	trials	210620TX	p57	Z11111	11	3.0	1.0	2754.4888394926766	2754.715721096781
2757.961305104335	0.49688139199679426	trials	210620TX	p57	Z11111	49	16.0	0.0	2758.1113051043353	2758.308186496332
2758.381588075832	0.5268816041048012	trials	210620TX	p57	Z11111	81	26.0	2.0	2758.531588075832	2758.7584696799368
2758.8419113304226	0.5268816041048012	trials	210620TX	p57	Z11111	24	7.0	2.0	2758.9919113304227	2759.2187929345273
2759.29223451431	0.5268816041048012	trials	210620TX	p57	Z11111	3	0.0	2.0	2759.4422345143103	2759.669116118415
2761.883972838492	0.5168815334022838	trials	210620TX	p57	Z11111	59	19.0	1.0	2762.033972838492	2762.250854371894
2762.33429602238	0.5268816041048012	trials	210620TX	p57	Z11111	44	14.0	1.0	2762.48429602238	2762.7111776264846
2762.7845792059848	0.5269216043875531	trials	210620TX	p57	Z11111	109	36.0	0.0	2762.934579205985	2763.161500810372
2763.2349023898723	0.5268816041048012	trials	210620TX	p57	Z11111	61	20.0	0.0	2763.3849023898724	2763.611783993977
2763.6852255737604	0.5268816041048012	trials	210620TX	p57	Z11111	0			2763.8352255737605	2764.062107177865
2764.125508686662	0.5268816041048012	trials	210620TX	p57	Z11111	53	17.0	1.0	2764.2755086866623	2764.502390290767
2764.5557917288615	0.526881604105256	trials	210620TX	p57	Z11111	64	21.0	0.0	2764.7057917288616	2764.9326733329667
2768.008136137725	0.5068814626993117	trials	210620TX	p57	Z11111	89	29.0	1.0	2768.1581361377253	2768.3650176004244
2768.4384591802072	0.5268816041048012	trials	210620TX	p57	Z11111	23	7.0	1.0	2768.5884591802073	2768.815340784312
2771.2603591316843	0.49688139199679426	trials	210620TX	p57	Z11111	51	16.0	2.0	2771.4103591316843	2771.607240523681
2771.6806421031806	0.49688139199679426	trials	210620TX	p57	Z11111	0			2771.8306421031807	2772.0275234951773
2772.0909250039745	0.5168815334022838	trials	210620TX	p57	Z11111	10	3.0	0.0	2772.2409250039746	2772.4578065373767
2772.521208046174	0.526881604105256	trials	210620TX	p57	Z11111	0			2772.671208046174	2772.898089650279
2772.9515310886563	0.5268816041048012	trials	210620TX	p57	Z11111	111	36.0	2.0	2773.1015310886564	2773.328412692761
2773.391814201558	0.526881604105256	trials	210620TX	p57	Z11111	21	6.0	2.0	2773.5418142015583	2773.7686958056634
2773.842137385446	0.5268816041048012	trials	210620TX	p57	Z11111	77	25.0	1.0	2773.9921373854463	2774.219018989551
2777.39452250162	0.5068814626993117	trials	210620TX	p57	Z11111	71	23.0	1.0	2777.54452250162	2777.7514039643193
2777.824845544102	0.526881604105256	trials	210620TX	p57	Z11111	5	1.0	1.0	2777.974845544102	2778.2017271482073
2778.275128727707	0.526881604105256	trials	210620TX	p57	Z11111	48	15.0	2.0	2778.425128727707	2778.652010331812
2778.7054117699067	0.5268816041048012	trials	210620TX	p57	Z11111	26	8.0	1.0	2778.855411769907	2779.0822933740114
2779.1557349537943	0.5268816041048012	trials	210620TX	p57	Z11111	30	9.0	2.0	2779.3057349537944	2779.532616557899
2779.606058137682	0.526881604105256	trials	210620TX	p57	Z11111	32	10.0	1.0	2779.756058137682	2779.982939741787
2780.0563413212867	0.5368816748077734	trials	210620TX	p57	Z11111	9	2.0	2.0	2780.206341321287	2780.4432229960944
2783.748847428148	0.5068814626997664	trials	210620TX	p57	Z11111	0			2783.898847428148	2784.105728890848
2784.159130328942	0.526881604105256	trials	210620TX	p57	Z11111	14	4.0	1.0	2784.309130328942	2784.536011933047
2784.60945351283	0.5268816041048012	trials	210620TX	p57	Z11111	67	22.0	0.0	2784.75945351283	2784.9863351169347
2785.049736625732	0.526881604105256	trials	210620TX	p57	Z11111	120	39.0	2.0	2785.199736625732	2785.426618229837
2785.4800596682144	0.5268416038220494	trials	210620TX	p57	Z11111	115	38.0	0.0	2785.6300596682145	2785.8569012720363
2785.930342851819	0.5268816041048012	trials	210620TX	p57	Z11111	65	21.0	1.0	2786.0803428518193	2786.307224455924
2786.380666035707	0.5268816041048012	trials	210620TX	p57	Z11111	116	38.0	1.0	2786.530666035707	2786.7575476398115
2790.003131647366	0.5068414624165598	trials	210620TX	p57	Z11111	109	36.0	0.0	2790.153131647366	2790.3599731097825
2790.41341454816	0.5268416038220494	trials	210620TX	p57	Z11111	61	20.0	0.0	2790.56341454816	2790.790256151982
2790.8536976610617	0.526881604105256	trials	210620TX	p57	Z11111	117	38.0	2.0	2791.003697661062	2791.230579265167
2791.303980844667	0.4968813919963395	trials	210620TX	p57	Z11111	33	10.0	2.0	2791.453980844667	2791.650862236663
2791.734303887149	0.5268816041048012	trials	210620TX	p57	Z11111	2	0.0	1.0	2791.884303887149	2792.1111854912538
2792.184587070754	0.5268816041048012	trials	210620TX	p57	Z11111	113	37.0	1.0	2792.334587070754	2792.5614686748586
2792.624910183939	0.5268816041048012	trials	210620TX	p57	Z11111	96	31.0	2.0	2792.774910183939	2793.0017917880436
2796.2273356539094	0.49688139199679426	trials	210620TX	p57	Z11111	114	37.0	2.0	2796.3773356539095	2796.574217045906
2798.899154544279	0.5168815334022838	trials	210620TX	p57	Z11111	23	7.0	1.0	2799.049154544279	2799.2660360776813
2799.339477657464	0.5368816748077734	trials	210620TX	p57	Z11111	39	12.0	2.0	2799.4894776574642	2799.726359332272
2799.799760911772	0.5268816041048012	trials	210620TX	p57	Z11111	98	32.0	1.0	2799.949760911772	2800.1766425158767
2800.230083954254	0.5268816041048012	trials	210620TX	p57	Z11111	70	23.0	0.0	2800.380083954254	2800.6069655583588
2800.6703670671563	0.5268816041048012	trials	210620TX	p57	Z11111	99	32.0	2.0	2800.8203670671564	2801.047248671261
2801.1006501093557	0.5268816041048012	trials	210620TX	p57	Z11111	78	25.0	2.0	2801.250650109356	2801.4775317134604
2801.5509732932433	0.526881604105256	trials	210620TX	p57	Z11111	50	16.0	1.0	2801.7009732932434	2801.9278548973484
2804.9232771362017	0.49684139171358765	trials	210620TX	p57	Z11111	56	18.0	1.0	2805.073277136202	2805.270118527915
2805.353560178401	0.49684139171358765	trials	210620TX	p57	Z11111	57	18.0	2.0	2805.503560178401	2805.7004015701145
2805.7838432206004	0.5268816041048012	trials	210620TX	p57	Z11111	13	4.0	0.0	2805.9338432206005	2806.160724824705
2806.234166404488	0.526881604105256	trials	210620TX	p57	Z11111	76	25.0	0.0	2806.384166404488	2806.611048008593
2806.6744495173903	0.5268816041048012	trials	210620TX	p57	Z11111	15	4.0	2.0	2806.8244495173903	2807.051331121495
2807.124772701278	0.526881604105256	trials	210620TX	p57	Z11111	87	28.0	2.0	2807.274772701278	2807.501654305383
2807.575055884883	0.5268816041048012	trials	210620TX	p57	Z11111	54	17.0	2.0	2807.725055884883	2807.951937488988
2811.097480789231	0.4968413917140424	trials	210620TX	p57	Z11111	27	8.0	2.0	2811.2474807892313	2811.444322180945
2811.5177237604453	0.5269216043875531	trials	210620TX	p57	Z11111	82	27.0	0.0	2811.6677237604454	2811.8946453648327
2811.95804687363	0.526881604105256	trials	210620TX	p57	Z11111	46	15.0	0.0	2812.10804687363	2812.334928477735
2812.408370057518	0.5268816041048012	trials	210620TX	p57	Z11111	6	1.0	2.0	2812.558370057518	2812.7852516616226
2812.8586532411227	0.5268816041048012	trials	210620TX	p57	Z11111	43	14.0	0.0	2813.008653241123	2813.2355348452274
2813.3089764250103	0.526881604105256	trials	210620TX	p57	Z11111	42	13.0	2.0	2813.4589764250104	2813.6858580291155
2813.7492595379126	0.5268816041048012	trials	210620TX	p57	Z11111	7	2.0	0.0	2813.8992595379127	2814.1261411420173
2817.3417249374634	0.5268816041048012	trials	210620TX	p57	Z11111	35	11.0	1.0	2817.4917249374635	2817.718606541568
2817.792008121068	0.526881604105256	trials	210620TX	p57	Z11111	52	17.0	0.0	2817.9420081210683	2818.1688897251734
2818.242331304956	0.49684139171358765	trials	210620TX	p57	Z11111	104	34.0	1.0	2818.3923313049563	2818.5891726966697
2818.682614417858	0.526881604105256	trials	210620TX	p57	Z11111	62	20.0	1.0	2818.832614417858	2819.0594960219632
2819.132937601746	0.5268816041048012	trials	210620TX	p57	Z11111	20	6.0	1.0	2819.282937601746	2819.509819205851
2819.583220785351	0.5268816041048012	trials	210620TX	p57	Z11111	19	6.0	0.0	2819.733220785351	2819.9601023894556
2820.0335439692385	0.4968413917140424	trials	210620TX	p57	Z11111	69	22.0	2.0	2820.1835439692386	2820.3803853609525
2823.5559288733043	0.4968813919963395	trials	210620TX	p57	Z11111	119	39.0	1.0	2823.7059288733044	2823.9028102653006
2823.9762118448007	0.526881604105256	trials	210620TX	p57	Z11111	112	37.0	0.0	2824.1262118448008	2824.353093448906
2824.4165349579857	0.5268816041048012	trials	210620TX	p57	Z11111	3	0.0	2.0	2824.566534957986	2824.7934165620904
2824.8668181415906	0.526881604105256	trials	210620TX	p57	Z11111	79	26.0	0.0	2825.0168181415906	2825.2436997456957
2825.3171413254786	0.5268816041048012	trials	210620TX	p57	Z11111	74	24.0	1.0	2825.4671413254787	2825.6940229295833
2825.7674245090834	0.5268816041048012	trials	210620TX	p57	Z11111	85	28.0	0.0	2825.9174245090835	2826.144306113188
2826.2077476222685	0.5268816041048012	trials	210620TX	p57	Z11111	89	29.0	1.0	2826.3577476222686	2826.584629226373
2829.7901729508335	0.5068814626993117	trials	210620TX	p57	Z11111	75	24.0	2.0	2829.9401729508336	2830.1470544135327
2830.2004558516273	0.5268816041048012	trials	210620TX	p57	Z11111	37	12.0	0.0	2830.3504558516274	2830.577337455732
2830.650779035515	0.526881604105256	trials	210620TX	p57	Z11111	38	12.0	1.0	2830.800779035515	2831.02766063962
2831.091062148417	0.5268816041048012	trials	210620TX	p57	Z11111	47	15.0	1.0	2831.2410621484173	2831.467943752522
2831.541385332305	0.526881604105256	trials	210620TX	p57	Z11111	44	14.0	1.0	2831.691385332305	2831.91826693641
2831.971668374504	0.526881604105256	trials	210620TX	p57	Z11111	81	26.0	2.0	2832.121668374504	2832.3485499786093
2832.4119514874064	0.5268816041048012	trials	210620TX	p57	Z11111	108	35.0	2.0	2832.5619514874065	2832.788833091511
2836.064457311457	0.5068414624165598	trials	210620TX	p57	Z11111	31	10.0	0.0	2836.214457311457	2836.4212987738733
2836.4747402122507	0.5268816041048012	trials	210620TX	p57	Z11111	40	13.0	0.0	2836.624740212251	2836.8516218163554
2836.9250233958555	0.5268816041048012	trials	210620TX	p57	Z11111	17	5.0	1.0	2837.0750233958556	2837.3019049999602
2837.375346579743	0.5268816041048012	trials	210620TX	p57	Z11111	88	29.0	0.0	2837.525346579743	2837.752228183848
2837.825629763348	0.526881604105256	trials	210620TX	p57	Z11111	72	23.0	2.0	2837.975629763348	2838.202511367453
2838.275952947236	0.5268816041048012	trials	210620TX	p57	Z11111	111	36.0	2.0	2838.425952947236	2838.6528345513407
2838.7362762018265	0.5268816041048012	trials	210620TX	p57	Z11111	103	34.0	0.0	2838.8862762018266	2839.113157805931
2842.288701318283	0.4968413917140424	trials	210620TX	p57	Z11111	53	17.0	1.0	2842.438701318283	2842.635542709997
2842.708944289497	0.5269216043875531	trials	210620TX	p57	Z11111	106	35.0	0.0	2842.8589442894972	2843.0858658938846
2843.1592674733847	0.5368816748077734	trials	210620TX	p57	Z11111	80	26.0	1.0	2843.309267473385	2843.5461491481924
2843.6195907279753	0.5268816041048012	trials	210620TX	p57	Z11111	22	7.0	0.0	2843.7695907279754	2843.99647233208
2844.0498737701746	0.5268816041048012	trials	210620TX	p57	Z11111	91	30.0	0.0	2844.1998737701747	2844.4267553742793
2844.500196954062	0.526881604105256	trials	210620TX	p57	Z11111	95	31.0	1.0	2844.6501969540623	2844.8770785581673
2844.9404800669645	0.5268816041048012	trials	210620TX	p57	Z11111	86	28.0	1.0	2845.0904800669646	2845.317361671069
2848.5229053955295	0.5068814626993117	trials	210620TX	p57	Z11111	110	36.0	1.0	2848.6729053955296	2848.8797868582287
2848.9532284380116	0.526881604105256	trials	210620TX	p57	Z11111	55	18.0	0.0	2849.1032284380117	2849.3301100421168
2849.383511480211	0.526881604105256	trials	210620TX	p57	Z11111	0			2849.533511480211	2849.760393084316
2849.8237945931132	0.5268816041048012	trials	210620TX	p57	Z11111	25	8.0	0.0	2849.9737945931133	2850.200676197218
2850.2741177770013	0.5268816041048012	trials	210620TX	p57	Z11111	49	16.0	0.0	2850.4241177770014	2850.650999381106
2850.7044008192006	0.5268816041048012	trials	210620TX	p57	Z11111	41	13.0	1.0	2850.8544008192007	2851.0812824233053
2851.1446839321025	0.5269216043880078	trials	210620TX	p57	Z11111	18	5.0	2.0	2851.2946839321025	2851.5216055364904
2855.2575130107434	0.5268816041048012	trials	210620TX	p57	Z11111	66	21.0	2.0	2855.4075130107435	2855.634394614848
2855.6877960529428	0.5268816041048012	trials	210620TX	p57	Z11111	28	9.0	0.0	2855.837796052943	2856.0646776570475
2856.1381192368303	0.526881604105256	trials	210620TX	p57	Z11111	45	14.0	2.0	2856.2881192368304	2856.5150008409355
2856.5784023497326	0.5268816041048012	trials	210620TX	p57	Z11111	16	5.0	0.0	2856.7284023497327	2856.9552839538374
2857.0286855333375	0.5269216043880078	trials	210620TX	p57	Z11111	4	1.0	0.0	2857.1786855333376	2857.4056071377254
2857.4790087172255	0.5268816041048012	trials	210620TX	p57	Z11111	8	2.0	1.0	2857.6290087172256	2857.85589032133
2857.929331901113	0.5268816041048012	trials	210620TX	p57	Z11111	107	35.0	1.0	2858.079331901113	2858.306213505218
2861.4517168051784	0.5068814626997664	trials	210620TX	p57	Z11111	101	33.0	1.0	2861.6017168051785	2861.808598267878
2861.8619997059723	0.526881604105256	trials	210620TX	p57	Z11111	63	20.0	2.0	2862.0119997059724	2862.2388813100774
2862.3022828188746	0.5268816041048012	trials	210620TX	p57	Z11111	29	9.0	1.0	2862.4522828188747	2862.6791644229793
2862.732565861074	0.5268816041048012	trials	210620TX	p57	Z11111	93	30.0	2.0	2862.882565861074	2863.1094474651786
2863.182889044962	0.5268816041048012	trials	210620TX	p57	Z11111	102	33.0	2.0	2863.332889044962	2863.5597706490666
2863.6332122288495	0.5268816041048012	trials	210620TX	p57	Z11111	51	16.0	2.0	2863.7832122288496	2864.010093832954
2864.0734953417514	0.526881604105256	trials	210620TX	p57	Z11111	94	31.0	0.0	2864.2234953417515	2864.4503769458565
2867.7560013779103	0.5068814626993117	trials	210620TX	p57	Z11111	36	11.0	2.0	2867.9060013779103	2868.1128828406095
2868.166284278704	0.5268816041048012	trials	210620TX	p57	Z11111	12	3.0	2.0	2868.316284278704	2868.543165882809
2868.606567391606	0.526881604105256	trials	210620TX	p57	Z11111	73	24.0	0.0	2868.756567391606	2868.983448995711
2869.0368904340885	0.5268816041048012	trials	210620TX	p57	Z11111	64	21.0	0.0	2869.1868904340886	2869.413772038193
2869.4771735469903	0.526881604105256	trials	210620TX	p57	Z11111	24	7.0	2.0	2869.6271735469904	2869.8540551510955
2869.9074565891897	0.526881604105256	trials	210620TX	p57	Z11111	60	19.0	2.0	2870.0574565891898	2870.284338193295
2870.337739631389	0.5068814626997664	trials	210620TX	p57	Z11111	90	29.0	2.0	2870.487739631389	2870.6946210940887
2874.490568992841	0.5068814626993117	trials	210620TX	p57	Z11111	97	32.0	0.0	2874.640568992841	2874.84745045554
2874.920892035323	0.526881604105256	trials	210620TX	p57	Z11111	105	34.0	2.0	2875.070892035323	2875.297773639428
2875.3611751482254	0.5268816041048012	trials	210620TX	p57	Z11111	68	22.0	1.0	2875.5111751482254	2875.73805675233
2875.7914581904247	0.526881604105256	trials	210620TX	p57	Z11111	11	3.0	1.0	2875.941458190425	2876.16833979453
2876.2417813743127	0.5268816041048012	trials	210620TX	p57	Z11111	34	11.0	0.0	2876.391781374313	2876.6186629784174
2876.6920645579175	0.5369216750905252	trials	210620TX	p57	Z11111	92	30.0	1.0	2876.8420645579176	2877.078986233008
2877.1323876711026	0.5268816041048012	trials	210620TX	p57	Z11111	83	27.0	1.0	2877.2823876711027	2877.5092692752073
2880.654772575168	0.49688139199679426	trials	210620TX	p57	Z11111	1	0.0	0.0	2880.804772575168	2881.0016539671647
2881.0750555466648	0.5268816041048012	trials	210620TX	p57	Z11111	58	19.0	0.0	2881.225055546665	2881.4519371507695
2881.5253787305523	0.5368816748077734	trials	210620TX	p57	Z11111	84	27.0	2.0	2881.6753787305524	2881.91226040536
2881.9656618434547	0.5268816041048012	trials	210620TX	p57	Z11111	59	19.0	1.0	2882.1156618434547	2882.3425434475594
2882.4159850273422	0.5268816041048012	trials	210620TX	p57	Z11111	100	33.0	0.0	2882.5659850273423	2882.792866631447
2882.866268210947	0.526881604105256	trials	210620TX	p57	Z11111	118	39.0	0.0	2883.016268210947	2883.243149815052
2883.316591394835	0.5268816041048012	trials	210620TX	p57	Z11111	36	11.0	2.0	2883.466591394835	2883.69347299894
2887.2692593410998	0.5068814626993117	trials	210620TX	p57	Z11111	23	7.0	1.0	2887.4192593411	2887.626140803799
2887.6895423125966	0.5269216043875531	trials	210620TX	p57	Z11111	27	8.0	2.0	2887.8395423125967	2888.066463916984
2888.1198653550787	0.5268816041048012	trials	210620TX	p57	Z11111	17	5.0	1.0	2888.2698653550788	2888.4967469591834
2888.5701485386835	0.49688139199679426	trials	210620TX	p57	Z11111	31	10.0	0.0	2888.7201485386836	2888.91702993068
2889.0104716518686	0.5268816041048012	trials	210620TX	p57	Z11111	78	25.0	2.0	2889.1604716518686	2889.3873532559733
2889.4607548354734	0.5268816041048012	trials	210620TX	p57	Z11111	76	25.0	0.0	2889.6107548354735	2889.837636439578
2889.8910378776727	0.5269216043880078	trials	210620TX	p57	Z11111	61	20.0	0.0	2890.041037877673	2890.2679594820606
2894.193988300515	0.5068814626993117	trials	210620TX	p57	Z11111	47	15.0	1.0	2894.343988300515	2894.550869763214
2894.624271342714	0.49688139199679426	trials	210620TX	p57	Z11111	96	31.0	2.0	2894.774271342714	2894.971152734711
2895.064594455899	0.4968413917140424	trials	210620TX	p57	Z11111	66	21.0	2.0	2895.2145944558993	2895.411435847613
2895.4948774980985	0.526881604105256	trials	210620TX	p57	Z11111	99	32.0	2.0	2895.6448774980986	2895.8717591022037
2895.945160681704	0.5268816041048012	trials	210620TX	p57	Z11111	49	16.0	0.0	2896.095160681704	2896.3220422858085
2896.3954838655914	0.49684139171358765	trials	210620TX	p57	Z11111	13	4.0	0.0	2896.5454838655915	2896.742325257305
2896.835766978493	0.526881604105256	trials	210620TX	p57	Z11111	69	22.0	2.0	2896.9857669784933	2897.2126485825984
2900.3681919535447	0.5068814626993117	trials	210620TX	p57	Z11111	118	39.0	0.0	2900.518191953545	2900.725073416244
2900.7784748543386	0.5268816041048012	trials	210620TX	p57	Z11111	102	33.0	2.0	2900.9284748543387	2901.1553564584433
2901.2187579672404	0.526881604105256	trials	210620TX	p57	Z11111	100	33.0	0.0	2901.3687579672405	2901.5956395713456
2903.8805767869076	0.5068814626993117	trials	210620TX	p57	Z11111	106	35.0	0.0	2904.0305767869077	2904.237458249607
2904.2908596877014	0.5268816041048012	trials	210620TX	p57	Z11111	33	10.0	2.0	2904.4408596877015	2904.667741291806
2904.7411428713062	0.5268816041048012	trials	210620TX	p57	Z11111	12	3.0	2.0	2904.8911428713063	2905.118024475411
2905.1814659844913	0.5268816041048012	trials	210620TX	p57	Z11111	28	9.0	0.0	2905.3314659844914	2905.558347588596
2905.6117490266906	0.5268816041048012	trials	210620TX	p57	Z11111	114	37.0	2.0	2905.7617490266907	2905.9886306307953
2906.0520721398757	0.5268816041048012	trials	210620TX	p57	Z11111	41	13.0	1.0	2906.202072139876	2906.4289537439804
2906.482355182075	0.5268816041048012	trials	210620TX	p57	Z11111	120	39.0	2.0	2906.632355182075	2906.8592367861797
2910.1548611475305	0.5068414624165598	trials	210620TX	p57	Z11111	6	1.0	2.0	2910.3048611475306	2910.511702609947
2910.58514418973	0.526881604105256	trials	210620TX	p57	Z11111	107	35.0	1.0	2910.73514418973	2910.962025793835
2911.035427373335	0.5268816041048012	trials	210620TX	p57	Z11111	40	13.0	0.0	2911.185427373335	2911.41230897744
2911.4857505572227	0.5268816041048012	trials	210620TX	p57	Z11111	25	8.0	0.0	2911.6357505572228	2911.8626321613274
2911.9360737411102	0.526881604105256	trials	210620TX	p57	Z11111	51	16.0	2.0	2912.0860737411103	2912.3129553452154
2912.3763568540126	0.5168815334022838	trials	210620TX	p57	Z11111	38	12.0	1.0	2912.5263568540126	2912.7432383874147
2912.8266400376174	0.526881604105256	trials	210620TX	p57	Z11111	14	4.0	1.0	2912.9766400376175	2913.2035216417225
2916.3690650833714	0.5068814626997664	trials	210620TX	p57	Z11111	22	7.0	0.0	2916.5190650833715	2916.725946546071
2916.799348125571	0.5268816041048012	trials	210620TX	p57	Z11111	52	17.0	0.0	2916.9493481255713	2917.176229729676
2917.239671238756	0.526881604105256	trials	210620TX	p57	Z11111	42	13.0	2.0	2917.389671238756	2917.616552842861
2917.6899544223606	0.526881604105256	trials	210620TX	p57	Z11111	50	16.0	1.0	2917.8399544223607	2918.066836026466
2918.1402776062487	0.5268816041048012	trials	210620TX	p57	Z11111	0			2918.2902776062488	2918.5171592103534
2918.5905607898535	0.5269216043875531	trials	210620TX	p57	Z11111	110	36.0	1.0	2918.7405607898536	2918.967482394241
2919.0308839030386	0.5268816041048012	trials	210620TX	p57	Z11111	37	12.0	0.0	2919.1808839030386	2919.4077655071433
2930.4086043461202	0.5068814626993117	trials	210620TX	p57	Z11111	90	29.0	2.0	2930.5586043461203	2930.7654858088194
2930.818887246914	0.5268816041048012	trials	210620TX	p57	Z11111	103	34.0	0.0	2930.968887246914	2931.195768851019
2931.2692104308016	0.49684139171358765	trials	210620TX	p57	Z11111	63	20.0	2.0	2931.4192104308017	2931.616051822515
2931.699493473001	0.5368816748077734	trials	210620TX	p57	Z11111	32	10.0	1.0	2931.849493473001	2932.0863751478087
2932.1598167275915	0.5268816041048012	trials	210620TX	p57	Z11111	58	19.0	0.0	2932.3098167275916	2932.5366983316962
2932.590099769791	0.5268816041048012	trials	210620TX	p57	Z11111	45	14.0	2.0	2932.740099769791	2932.9669813738956
2933.030422882976	0.5268816041048012	trials	210620TX	p57	Z11111	67	22.0	0.0	2933.180422882976	2933.4073044870806
2936.8830101216477	0.4968813919963395	trials	210620TX	p57	Z11111	4	1.0	0.0	2937.0330101216477	2937.229891513644
2937.303293093144	0.5268816041048012	trials	210620TX	p57	Z11111	35	11.0	1.0	2937.453293093144	2937.6801746972487
2937.743616206329	0.5268816041048012	trials	210620TX	p57	Z11111	3	0.0	2.0	2937.893616206329	2938.120497810434
2938.193899389934	0.5268816041048012	trials	210620TX	p57	Z11111	0			2938.343899389934	2938.5707809940386
2938.6442225738215	0.526881604105256	trials	210620TX	p57	Z11111	101	33.0	1.0	2938.7942225738216	2939.0211041779266
2939.0945457577095	0.5268816041048012	trials	210620TX	p57	Z11111	15	4.0	2.0	2939.2445457577096	2939.471427361814
2939.5348288706114	0.526881604105256	trials	210620TX	p57	Z11111	46	15.0	0.0	2939.6848288706115	2939.9117104747165
2943.06721384538	0.5068814626993117	trials	210620TX	p57	Z11111	116	38.0	1.0	2943.2172138453802	2943.4240953080794
2943.497536887862	0.5268816041048012	trials	210620TX	p57	Z11111	111	36.0	2.0	2943.6475368878623	2943.874418491967
2943.9278199300616	0.5268816041048012	trials	210620TX	p57	Z11111	75	24.0	2.0	2944.0778199300617	2944.3047015341663
2944.368103042964	0.5268816041048012	trials	210620TX	p57	Z11111	108	35.0	2.0	2944.518103042964	2944.7449846470686
2944.798426085446	0.5268816041048012	trials	210620TX	p57	Z11111	24	7.0	2.0	2944.948426085446	2945.1753076895507
2945.238709198348	0.526881604105256	trials	210620TX	p57	Z11111	60	19.0	2.0	2945.388709198348	2945.615590802453
2945.668992240547	0.526881604105256	trials	210620TX	p57	Z11111	89	29.0	1.0	2945.8189922405472	2946.0458738446523
2949.2514175691126	0.5068814626993117	trials	210620TX	p57	Z11111	95	31.0	1.0	2949.4014175691127	2949.608299031812
2949.6817406115947	0.5268816041048012	trials	210620TX	p57	Z11111	26	8.0	1.0	2949.831740611595	2950.0586222156994
2950.1320237951995	0.5268816041048012	trials	210620TX	p57	Z11111	54	17.0	2.0	2950.2820237951996	2950.5089053993042
2950.5723469083846	0.5268816041048012	trials	210620TX	p57	Z11111	85	28.0	0.0	2950.7223469083847	2950.9492285124893
2951.0226300919894	0.5268816041048012	trials	210620TX	p57	Z11111	115	38.0	0.0	2951.1726300919895	2951.399511696094
2951.4729532758774	0.5268816041048012	trials	210620TX	p57	Z11111	98	32.0	1.0	2951.6229532758775	2951.849834879982
2951.923276459765	0.5268416038220494	trials	210620TX	p57	Z11111	81	26.0	2.0	2952.073276459765	2952.300118063587
2955.515701859033	0.49684139171358765	trials	210620TX	p57	Z11111	59	19.0	1.0	2955.665701859033	2955.8625432507465
2955.9359848305294	0.5268816041048012	trials	210620TX	p57	Z11111	39	12.0	2.0	2956.0859848305295	2956.312866434634
2956.3762679434317	0.5268816041048012	trials	210620TX	p57	Z11111	97	32.0	0.0	2956.526267943432	2956.7531495475364
2956.8265911273193	0.5268816041048012	trials	210620TX	p57	Z11111	65	21.0	1.0	2956.9765911273194	2957.203472731424
2957.2768743109245	0.5269216043875531	trials	210620TX	p57	Z11111	62	20.0	1.0	2957.4268743109246	2957.653795915312
2957.727197494812	0.5268816041048012	trials	210620TX	p57	Z11111	109	36.0	0.0	2957.877197494812	2958.104079098917
2958.1674806077144	0.5269216043875531	trials	210620TX	p57	Z11111	5	1.0	1.0	2958.3174806077145	2958.544402212102
2966.433099047524	0.5068814626993117	trials	210620TX	p57	Z11111	77	25.0	1.0	2966.5830990475242	2966.7899805102234
2966.863422090006	0.5068814626993117	trials	210620TX	p57	Z11111	112	37.0	0.0	2967.0134220900063	2967.2203035527054
2967.2737049908	0.5368816748077734	trials	210620TX	p57	Z11111	20	6.0	1.0	2967.4237049908	2967.6605866656078
2967.7139881037024	0.5268816041048012	trials	210620TX	p57	Z11111	119	39.0	1.0	2967.8639881037025	2968.090869707807
2968.16431128759	0.5268816041048012	trials	210620TX	p57	Z11111	113	37.0	1.0	2968.31431128759	2968.5411928916947
2968.5945943297893	0.5368816748077734	trials	210620TX	p57	Z11111	0			2968.7445943297894	2968.981476004597
2969.0348774426916	0.5268816041048012	trials	210620TX	p57	Z11111	92	30.0	1.0	2969.1848774426917	2969.4117590467963
2972.677383196039	0.49684139171358765	trials	210620TX	p57	Z11111	83	27.0	1.0	2972.827383196039	2973.0242245877525
2973.087666096833	0.5268816041048012	trials	210620TX	p57	Z11111	57	18.0	2.0	2973.237666096833	2973.4645477009376
2973.5279492097347	0.5368816748077734	trials	210620TX	p57	Z11111	73	24.0	0.0	2973.677949209735	2973.9148308845424
2973.9882724643253	0.526881604105256	trials	210620TX	p57	Z11111	79	26.0	0.0	2974.1382724643254	2974.3651540684305
2974.4385556479306	0.5268816041048012	trials	210620TX	p57	Z11111	43	14.0	0.0	2974.5885556479307	2974.8154372520353
2974.888878831818	0.5268816041048012	trials	210620TX	p57	Z11111	70	23.0	0.0	2975.0388788318182	2975.265760435923
2975.3291619447205	0.5168815334018291	trials	210620TX	p57	Z11111	34	11.0	0.0	2975.4791619447205	2975.696043478122
2979.682152721359	0.49684139171358765	trials	210620TX	p57	Z11111	80	26.0	1.0	2979.8321527213593	2980.0289941130727
2980.09239562187	0.526881604105256	trials	210620TX	p57	Z11111	18	5.0	2.0	2980.24239562187	2980.469277225975
2980.542718805758	0.5268816041048012	trials	210620TX	p57	Z11111	9	2.0	2.0	2980.692718805758	2980.9196004098626
2980.9930419896455	0.5268816041048012	trials	210620TX	p57	Z11111	104	34.0	1.0	2981.1430419896456	2981.36992359375
2981.4433251732503	0.526881604105256	trials	210620TX	p57	Z11111	55	18.0	0.0	2981.5933251732504	2981.8202067773555
2981.8836482864353	0.5268816041048012	trials	210620TX	p57	Z11111	64	21.0	0.0	2982.0336482864354	2982.26052989054
2982.33393147004	0.526881604105256	trials	210620TX	p57	Z11111	74	24.0	1.0	2982.4839314700403	2982.7108130741453
2989.809024320654	0.5268816041048012	trials	210620TX	p57	Z11111	8	2.0	1.0	2989.959024320654	2990.1859059247586
2990.2593475045414	0.5268816041048012	trials	210620TX	p57	Z11111	7	2.0	0.0	2990.4093475045415	2990.636229108646
2990.7096306881463	0.526881604105256	trials	210620TX	p57	Z11111	56	18.0	1.0	2990.8596306881464	2991.0865122922514
2991.1399137303456	0.5369216750905252	trials	210620TX	p57	Z11111	0			2991.2899137303457	2991.526835405436
2991.5802368435307	0.5268816041048012	trials	210620TX	p57	Z11111	44	14.0	1.0	2991.7302368435307	2991.9571184476354
2992.0305200271355	0.526881604105256	trials	210620TX	p57	Z11111	16	5.0	0.0	2992.1805200271356	2992.4074016312406
2992.4808432110235	0.5268816041048012	trials	210620TX	p57	Z11111	93	30.0	2.0	2992.6308432110236	2992.857724815128
2996.083268680994	0.5068814626993117	trials	210620TX	p57	Z11111	30	9.0	2.0	2996.233268680994	2996.4401501436932
2996.493551581788	0.5268816041048012	trials	210620TX	p57	Z11111	72	23.0	2.0	2996.643551581788	2996.8704331858926
2996.933874694973	0.5268816041048012	trials	210620TX	p57	Z11111	53	17.0	1.0	2997.083874694973	2997.3107562990776
2997.3641577371723	0.5268816041048012	trials	210620TX	p57	Z11111	105	34.0	2.0	2997.5141577371724	2997.741039341277
2997.81448092106	0.526881604105256	trials	210620TX	p57	Z11111	11	3.0	1.0	2997.96448092106	2998.191362525165
2998.264764104665	0.5268816041048012	trials	210620TX	p57	Z11111	2	0.0	1.0	2998.414764104665	2998.64164570877
2998.7250873592557	0.5268816041048012	trials	210620TX	p57	Z11111	88	29.0	0.0	2998.8750873592558	2999.1019689633604
3002.377553183023	0.5068814626993117	trials	210620TX	p57	Z11111	29	9.0	1.0	3002.527553183023	3002.734434645722
3002.7878360838167	0.5268816041048012	trials	210620TX	p57	Z11111	91	30.0	0.0	3002.937836083817	3003.1647176879214
3003.218159126299	0.5268816041048012	trials	210620TX	p57	Z11111	10	3.0	0.0	3003.368159126299	3003.5950407304035
3003.6684423099036	0.526881604105256	trials	210620TX	p57	Z11111	19	6.0	0.0	3003.8184423099037	3004.045323914009
3004.1087654230887	0.5268816041048012	trials	210620TX	p57	Z11111	94	31.0	0.0	3004.258765423089	3004.4856470271934
3004.5590486066935	0.526881604105256	trials	210620TX	p57	Z11111	68	22.0	1.0	3004.7090486066936	3004.9359302107987
3004.989331648893	0.526881604105256	trials	210620TX	p57	Z11111	21	6.0	2.0	3005.139331648893	3005.366213252998
3008.561796907038	0.5068414624165598	trials	210620TX	p57	Z11111	48	15.0	2.0	3008.711796907038	3008.9186383694546
3008.972039807549	0.5268816041048012	trials	210620TX	p57	Z11111	1	0.0	0.0	3009.1220398075493	3009.348921411654
3009.4123629207343	0.5268816041048012	trials	210620TX	p57	Z11111	82	27.0	0.0	3009.5623629207344	3009.789244524839
3009.862646104339	0.5268816041048012	trials	210620TX	p57	Z11111	71	23.0	1.0	3010.012646104339	3010.239527708444
3010.3129692882267	0.526881604105256	trials	210620TX	p57	Z11111	86	28.0	1.0	3010.4629692882268	3010.689850892332
3010.7632924721147	0.5268816041048012	trials	210620TX	p57	Z11111	117	38.0	2.0	3010.913292472115	3011.1401740762194
3011.2135756557195	0.5268816041048012	trials	210620TX	p57	Z11111	87	28.0	2.0	3011.3635756557196	3011.5904572598242
3018.5485875159284	0.49684139171358765	trials	210620TX	p57	Z11111	118	39.0	0.0	3018.6985875159285	3018.895428907642
3018.9688704874247	0.5068414624165598	trials	210620TX	p57	Z11111	58	19.0	0.0	3019.118870487425	3019.325711949841
3019.409153600327	0.5268816041048012	trials	210620TX	p57	Z11111	10	3.0	0.0	3019.559153600327	3019.7860352044318
3019.8594767842146	0.526881604105256	trials	210620TX	p57	Z11111	109	36.0	0.0	3020.0094767842147	3020.23635838832
3020.30975996782	0.5268816041048012	trials	210620TX	p57	Z11111	97	32.0	0.0	3020.45975996782	3020.6866415719246
3020.7600831517075	0.5068814626993117	trials	210620TX	p57	Z11111	84	27.0	2.0	3020.9100831517076	3021.1169646144067
3021.20036626461	0.5268816041048012	trials	210620TX	p57	Z11111	99	32.0	2.0	3021.35036626461	3021.5772478687145
3024.782791593175	0.5068814626993117	trials	210620TX	p57	Z11111	82	27.0	0.0	3024.932791593175	3025.139673055874
3025.1930744939687	0.5268816041048012	trials	210620TX	p57	Z11111	96	31.0	2.0	3025.3430744939687	3025.5699560980734
3025.6333976071537	0.5268816041048012	trials	210620TX	p57	Z11111	24	7.0	2.0	3025.783397607154	3026.0102792112584
3026.0836807907585	0.5268816041048012	trials	210620TX	p57	Z11111	19	6.0	0.0	3026.2336807907586	3026.4605623948632
3026.534003974646	0.526881604105256	trials	210620TX	p57	Z11111	113	37.0	1.0	3026.684003974646	3026.9108855787513
3026.984327158534	0.5268816041048012	trials	210620TX	p57	Z11111	0			3027.1343271585342	3027.361208762639
3027.434610342139	0.5268816041048012	trials	210620TX	p57	Z11111	46	15.0	0.0	3027.584610342139	3027.8114919462437
3030.9870354585955	0.5068814626997664	trials	210620TX	p57	Z11111	107	35.0	1.0	3031.1370354585956	3031.343916921295
3031.4173185007953	0.5268816041048012	trials	210620TX	p57	Z11111	42	13.0	2.0	3031.5673185007954	3031.7942001049
3031.85764161398	0.526881604105256	trials	210620TX	p57	Z11111	12	3.0	2.0	3032.00764161398	3032.234523218085
3032.2879246561793	0.526881604105256	trials	210620TX	p57	Z11111	11	3.0	1.0	3032.4379246561793	3032.6648062602844
3032.7382078397845	0.5268816041048012	trials	210620TX	p57	Z11111	45	14.0	2.0	3032.8882078397846	3033.1150894438892
3033.188531023672	0.5268816041048012	trials	210620TX	p57	Z11111	60	19.0	2.0	3033.338531023672	3033.565412627777
3033.6288141365744	0.5268816041048012	trials	210620TX	p57	Z11111	89	29.0	1.0	3033.7788141365745	3034.005695740679
3040.9538259260803	0.5068414624165598	trials	210620TX	p57	Z11111	20	6.0	1.0	3041.1038259260804	3041.3106673884968
3041.3841089682796	0.5268816041048012	trials	210620TX	p57	Z11111	120	39.0	2.0	3041.5341089682797	3041.7609905723843
3041.8343921518845	0.526881604105256	trials	210620TX	p57	Z11111	57	18.0	2.0	3041.9843921518845	3042.2112737559896
3042.2847153357725	0.5268816041048012	trials	210620TX	p57	Z11111	30	9.0	2.0	3042.4347153357726	3042.661596939877
3042.7249984486743	0.526881604105256	trials	210620TX	p57	Z11111	75	24.0	2.0	3042.8749984486744	3043.1018800527795
3043.1753216325624	0.5268816041048012	trials	210620TX	p57	Z11111	86	28.0	1.0	3043.3253216325625	3043.552203236667
3043.615604745464	0.5168815334022838	trials	210620TX	p57	Z11111	110	36.0	1.0	3043.7656047454643	3043.9824862788664
3047.308150852609	0.5068414624165598	trials	210620TX	p57	Z11111	93	30.0	2.0	3047.458150852609	3047.6649923150253
3047.738433894808	0.5268816041048012	trials	210620TX	p57	Z11111	94	31.0	0.0	3047.8884338948083	3048.115315498913
3048.17871700771	0.5268816041048012	trials	210620TX	p57	Z11111	79	26.0	0.0	3048.32871700771	3048.5555986118147
3048.609040050192	0.526881604105256	trials	210620TX	p57	Z11111	35	11.0	1.0	3048.759040050192	3048.9859216542973
3049.0493231630944	0.5268816041048012	trials	210620TX	p57	Z11111	37	12.0	0.0	3049.1993231630945	3049.426204767199
3049.4796062052937	0.5268816041048012	trials	210620TX	p57	Z11111	22	7.0	0.0	3049.629606205294	3049.8564878093985
3049.9299293891813	0.526881604105256	trials	210620TX	p57	Z11111	40	13.0	0.0	3050.0799293891814	3050.3068109932865
3054.943324835032	0.49688139199679426	trials	210620TX	p57	Z11111	13	4.0	0.0	3055.093324835032	3055.2902062270286
3055.3636078065288	0.5268816041048012	trials	210620TX	p57	Z11111	74	24.0	1.0	3055.513607806529	3055.7404894106335
3055.803890919431	0.5269216043875531	trials	210620TX	p57	Z11111	17	5.0	1.0	3055.953890919431	3056.1808125238185
3056.2542141033186	0.5268816041048012	trials	210620TX	p57	Z11111	18	5.0	2.0	3056.4042141033187	3056.6310957074234
3056.694497216221	0.5168815334018291	trials	210620TX	p57	Z11111	15	4.0	2.0	3056.844497216221	3057.0613787496227
3057.1348203294056	0.5368816748077734	trials	210620TX	p57	Z11111	6	1.0	2.0	3057.2848203294056	3057.5217020042132
3057.595143583996	0.526881604105256	trials	210620TX	p57	Z11111	95	31.0	1.0	3057.745143583996	3057.9720251881013
3061.147568700453	0.49684139171358765	trials	210620TX	p57	Z11111	92	30.0	1.0	3061.297568700453	3061.4944100921666
3061.5678116716667	0.5369216750905252	trials	210620TX	p57	Z11111	23	7.0	1.0	3061.717811671667	3061.954733346757
3062.008134784852	0.5268816041048012	trials	210620TX	p57	Z11111	105	34.0	2.0	3062.158134784852	3062.3850163889565
3062.4584579687394	0.526881604105256	trials	210620TX	p57	Z11111	80	26.0	1.0	3062.6084579687395	3062.8353395728445
3062.8987410816417	0.5268816041048012	trials	210620TX	p57	Z11111	9	2.0	2.0	3063.0487410816418	3063.2756226857464
3063.339024194544	0.5369216750905252	trials	210620TX	p57	Z11111	0			3063.489024194544	3063.7259458696344
3063.7793473077286	0.526881604105256	trials	210620TX	p57	Z11111	49	16.0	0.0	3063.9293473077287	3064.1562289118338
3067.611934404995	0.5068814626993117	trials	210620TX	p57	Z11111	103	34.0	0.0	3067.761934404995	3067.968815867694
3068.032217376491	0.526881604105256	trials	210620TX	p57	Z11111	72	23.0	2.0	3068.1822173764913	3068.4090989805964
3068.482540560379	0.5268816041048012	trials	210620TX	p57	Z11111	29	9.0	1.0	3068.6325405603793	3068.859422164484
3068.932863744267	0.5268816041048012	trials	210620TX	p57	Z11111	52	17.0	0.0	3069.082863744267	3069.3097453483715
3069.3831469278716	0.526881604105256	trials	210620TX	p57	Z11111	39	12.0	2.0	3069.5331469278717	3069.760028531977
3069.823430040774	0.5168815334022838	trials	210620TX	p57	Z11111	59	19.0	1.0	3069.973430040774	3070.190311574176
3070.2737532246615	0.49688139199679426	trials	210620TX	p57	Z11111	7	2.0	0.0	3070.4237532246616	3070.620634616658
3073.8161782704155	0.5068414624165598	trials	210620TX	p57	Z11111	0			3073.9661782704156	3074.173019732832
3074.246461312615	0.5268816041048012	trials	210620TX	p57	Z11111	106	35.0	0.0	3074.396461312615	3074.6233429167196
3074.696784496503	0.5368816748073186	trials	210620TX	p57	Z11111	3	0.0	2.0	3074.846784496503	3075.08366617131
3075.1570677508103	0.526881604105256	trials	210620TX	p57	Z11111	26	8.0	1.0	3075.3070677508103	3075.5339493549154
3075.6073909346983	0.5268816041048012	trials	210620TX	p57	Z11111	111	36.0	2.0	3075.7573909346984	3075.984272538803
3076.057674118303	0.5268816041048012	trials	210620TX	p57	Z11111	36	11.0	2.0	3076.207674118303	3076.434555722408
3076.5079973021907	0.526881604105256	trials	210620TX	p57	Z11111	1	0.0	0.0	3076.657997302191	3076.884878906296
3080.080422560053	0.49688139199679426	trials	210620TX	p57	Z11111	104	34.0	1.0	3080.2304225600533	3080.42730395205
3080.5107056022525	0.5168815334022838	trials	210620TX	p57	Z11111	5	1.0	1.0	3080.6607056022526	3080.8775871356547
3080.9410286447346	0.526881604105256	trials	210620TX	p57	Z11111	43	14.0	0.0	3081.0910286447347	3081.31791024884
3081.39131182834	0.5268816041048012	trials	210620TX	p57	Z11111	31	10.0	0.0	3081.54131182834	3081.7681934324446
3081.8316349415245	0.526881604105256	trials	210620TX	p57	Z11111	34	11.0	0.0	3081.9816349415246	3082.2085165456297
3082.28191812513	0.5268816041048012	trials	210620TX	p57	Z11111	77	25.0	1.0	3082.43191812513	3082.6587997292345
3082.7322413090174	0.5268816041048012	trials	210620TX	p57	Z11111	62	20.0	1.0	3082.8822413090174	3083.109122913122
3086.344666849691	0.5068814626993117	trials	210620TX	p57	Z11111	102	33.0	2.0	3086.494666849691	3086.70154831239
3086.774989892173	0.4968413917140424	trials	210620TX	p57	Z11111	116	38.0	1.0	3086.924989892173	3087.121831283887
3087.2052729343723	0.49688139199679426	trials	210620TX	p57	Z11111	0			3087.3552729343724	3087.552154326369
3087.615555835166	0.526881604105256	trials	210620TX	p57	Z11111	53	17.0	1.0	3087.765555835166	3087.9924374392713
3088.0458388773654	0.526881604105256	trials	210620TX	p57	Z11111	63	20.0	2.0	3088.1958388773655	3088.4227204814706
3088.4961620612535	0.5268816041048012	trials	210620TX	p57	Z11111	90	29.0	2.0	3088.6461620612536	3088.873043665358
3088.9364451741553	0.526881604105256	trials	210620TX	p57	Z11111	51	16.0	2.0	3089.0864451741554	3089.3133267782605
3092.618951210314	0.5068814626993117	trials	210620TX	p57	Z11111	54	17.0	2.0	3092.7689512103143	3092.9758326730134
3093.0492342525135	0.5268816041048012	trials	210620TX	p57	Z11111	69	22.0	2.0	3093.1992342525136	3093.4261158566183
3093.499557436401	0.5268816041048012	trials	210620TX	p57	Z11111	85	28.0	0.0	3093.649557436401	3093.876439040506
3093.949840620006	0.5269216043880078	trials	210620TX	p57	Z11111	47	15.0	1.0	3094.099840620006	3094.326762224394
3094.400163803894	0.4968813919963395	trials	210620TX	p57	Z11111	27	8.0	2.0	3094.550163803894	3094.74704519589
3094.810446704688	0.5168815334018291	trials	210620TX	p57	Z11111	16	5.0	0.0	3094.960446704688	3095.1773282380896
3095.240729746887	0.5268816041048012	trials	210620TX	p57	Z11111	38	12.0	1.0	3095.3907297468872	3095.617611350992
3098.863195358546	0.5168815334022838	trials	210620TX	p57	Z11111	67	22.0	0.0	3099.013195358546	3099.230076891948
3099.2834783300427	0.5268816041048012	trials	210620TX	p57	Z11111	44	14.0	1.0	3099.433478330043	3099.6603599341474
3099.7338015139303	0.5268816041048012	trials	210620TX	p57	Z11111	56	18.0	1.0	3099.8838015139304	3100.110683118035
3100.194124768521	0.5268816041048012	trials	210620TX	p57	Z11111	32	10.0	1.0	3100.344124768521	3100.5710063726256
3100.6444079521257	0.526881604105256	trials	210620TX	p57	Z11111	108	35.0	2.0	3100.7944079521258	3101.021289556231
3101.0947311360137	0.5268816041048012	trials	210620TX	p57	Z11111	71	23.0	1.0	3101.244731136014	3101.4716127401184
3101.5450143196185	0.5268816041048012	trials	210620TX	p57	Z11111	88	29.0	0.0	3101.6950143196186	3101.9218959237232
3105.2875607802766	0.49688139199679426	trials	210620TX	p57	Z11111	76	25.0	0.0	3105.4375607802767	3105.6344421722733
3105.6978436810705	0.5268816041048012	trials	210620TX	p57	Z11111	50	16.0	1.0	3105.8478436810706	3106.074725285175
3106.12812672327	0.5268816041048012	trials	210620TX	p57	Z11111	2	0.0	1.0	3106.27812672327	3106.5050083273745
3106.558449765752	0.4968413917140424	trials	210620TX	p57	Z11111	91	30.0	0.0	3106.708449765752	3106.905291157466
3106.998732878654	0.5268816041048012	trials	210620TX	p57	Z11111	4	1.0	0.0	3107.1487328786543	3107.375614482759
3107.4290159208535	0.5268816041048012	trials	210620TX	p57	Z11111	21	6.0	2.0	3107.5790159208536	3107.8058975249583
3107.8693390340386	0.5268816041048012	trials	210620TX	p57	Z11111	87	28.0	2.0	3108.0193390340387	3108.2462206381433
3111.4417642919007	0.4968413917140424	trials	210620TX	p57	Z11111	101	33.0	1.0	3111.5917642919007	3111.7886056836146
3111.8620472633975	0.5268816041048012	trials	210620TX	p57	Z11111	115	38.0	0.0	3112.0120472633976	3112.238928867502
3112.312370447285	0.526881604105256	trials	210620TX	p57	Z11111	64	21.0	0.0	3112.462370447285	3112.68925205139
3112.76265363089	0.526881604105256	trials	210620TX	p57	Z11111	55	18.0	0.0	3112.91265363089	3113.139535234995
3113.212976814778	0.5368816748077734	trials	210620TX	p57	Z11111	25	8.0	0.0	3113.362976814778	3113.5998584895856
3113.6732600690857	0.5268816041048012	trials	210620TX	p57	Z11111	28	9.0	0.0	3113.823260069086	3114.0501416731904
3114.1235832529733	0.5268816041048012	trials	210620TX	p57	Z11111	73	24.0	0.0	3114.2735832529734	3114.500464857078
3117.9461702795365	0.4968813919963395	trials	210620TX	p57	Z11111	66	21.0	2.0	3118.0961702795366	3118.293051671533
3118.366453251033	0.5068814626997664	trials	210620TX	p57	Z11111	114	37.0	2.0	3118.516453251033	3118.7233347137326
3118.806776364218	0.5268816041048012	trials	210620TX	p57	Z11111	84	27.0	2.0	3118.956776364218	3119.1836579683227
3119.257059547823	0.526881604105256	trials	210620TX	p57	Z11111	65	21.0	1.0	3119.407059547823	3119.633941151928
3119.707382731711	0.49684139171358765	trials	210620TX	p57	Z11111	70	23.0	0.0	3119.857382731711	3120.0542241234243
3120.13766577391	0.4968813919963395	trials	210620TX	p57	Z11111	119	39.0	1.0	3120.2876657739102	3120.4845471659064
3120.547948674704	0.5268816041048012	trials	210620TX	p57	Z11111	100	33.0	0.0	3120.697948674704	3120.9248302788087
3125.781505677147	0.5268816041048012	trials	210620TX	p57	Z11111	98	32.0	1.0	3125.931505677147	3126.1583872812516
3126.2117887193463	0.5268816041048012	trials	210620TX	p57	Z11111	78	25.0	2.0	3126.3617887193464	3126.588670323451
3126.6521118325313	0.5268816041048012	trials	210620TX	p57	Z11111	81	26.0	2.0	3126.8021118325314	3127.028993436636
3143.3634699856498	0.5068814626993117	trials	210620TX	p57	Z11111	112	37.0	0.0	3143.51346998565	3143.720351448349
3143.793753027849	0.5268816041048012	trials	210620TX	p57	Z11111	41	13.0	1.0	3143.943753027849	3144.170634631954
3144.2240360700484	0.5269216043875531	trials	210620TX	p57	Z11111	33	10.0	2.0	3144.3740360700485	3144.600957674436
3144.674359253936	0.5268816041048012	trials	210620TX	p57	Z11111	68	22.0	1.0	3144.824359253936	3145.0512408580407
3145.1246824378236	0.5068414624165598	trials	210620TX	p57	Z11111	8	2.0	1.0	3145.2746824378237	3145.48152390024
3145.564965550726	0.5268816041048012	trials	210620TX	p57	Z11111	117	38.0	2.0	3145.714965550726	3145.9418471548306
3146.0152887346135	0.526881604105256	trials	210620TX	p57	Z11111	61	20.0	0.0	3146.1652887346136	3146.3921703387186
3149.597714063179	0.5068814626993117	trials	210620TX	p57	Z11111	14	4.0	1.0	3149.747714063179	3149.954595525878
3150.0279971053783	0.5268816041048012	trials	210620TX	p57	Z11111	83	27.0	1.0	3150.1779971053784	3150.404878709483
3150.468320218563	0.526881604105256	trials	210620TX	p57	Z11111	48	15.0	2.0	3150.618320218563	3150.845201822668
3150.918603402168	0.5268816041048012	trials	210620TX	p57	Z11111	100	33.0	0.0	3151.0686034021683	3151.295485006273
3151.3689265860557	0.5268816041048012	trials	210620TX	p57	Z11111	84	27.0	2.0	3151.518926586056	3151.7458081901605
3151.8192097696606	0.526881604105256	trials	210620TX	p57	Z11111	105	34.0	2.0	3151.9692097696607	3152.1960913737657
3152.2695329535486	0.5268816041048012	trials	210620TX	p57	Z11111	66	21.0	2.0	3152.4195329535487	3152.6464145576533
3156.4523625271086	0.49688139199679426	trials	210620TX	p57	Z11111	74	24.0	1.0	3156.6023625271087	3156.7992439191053
3156.8626454279024	0.526881604105256	trials	210620TX	p57	Z11111	64	21.0	0.0	3157.0126454279025	3157.2395270320076
3157.3029685410875	0.5268816041048012	trials	210620TX	p57	Z11111	62	20.0	1.0	3157.4529685410876	3157.679850145192
3157.74325165399	0.5268816041048012	trials	210620TX	p57	Z11111	20	6.0	1.0	3157.89325165399	3158.1201332580945
3158.173534696189	0.5268816041048012	trials	210620TX	p57	Z11111	112	37.0	0.0	3158.323534696189	3158.550416300294
3158.6138578093737	0.526881604105256	trials	210620TX	p57	Z11111	28	9.0	0.0	3158.763857809374	3158.990739413479
3159.064140992979	0.5268816041048012	trials	210620TX	p57	Z11111	52	17.0	0.0	3159.214140992979	3159.4410225970837
3162.8166875243396	0.49688139199679426	trials	210620TX	p57	Z11111	92	30.0	1.0	3162.9666875243397	3163.1635689163363
3163.2570106375247	0.5168815334022838	trials	210620TX	p57	Z11111	120	39.0	2.0	3163.4070106375248	3163.623892170927
3163.697293750427	0.4968813919963395	trials	210620TX	p57	Z11111	78	25.0	2.0	3163.847293750427	3164.0441751424232
3164.1275767926263	0.5269216043875531	trials	210620TX	p57	Z11111	32	10.0	1.0	3164.2775767926264	3164.504498397014
3164.5678999058114	0.5268816041048012	trials	210620TX	p57	Z11111	80	26.0	1.0	3164.7178999058115	3164.944781509916
3175.675458438787	0.5068414624161051	trials	210620TX	p57	Z11111	33	10.0	2.0	3175.825458438787	3176.032299901203
3176.08574133958	0.526881604105256	trials	210620TX	p57	Z11111	71	23.0	1.0	3176.2357413395803	3176.4626229436853
3176.5360245231855	0.5268816041048012	trials	210620TX	p57	Z11111	23	7.0	1.0	3176.6860245231856	3176.91290612729
3176.97634763637	0.526881604105256	trials	210620TX	p57	Z11111	85	28.0	0.0	3177.12634763637	3177.3532292404752
3177.4266308199753	0.5268816041048012	trials	210620TX	p57	Z11111	73	24.0	0.0	3177.5766308199754	3177.80351242408
3177.8569138621747	0.5268816041048012	trials	210620TX	p57	Z11111	22	7.0	0.0	3178.0069138621748	3178.2337954662794
3178.2972369753593	0.526881604105256	trials	210620TX	p57	Z11111	29	9.0	1.0	3178.4472369753594	3178.6741185794644
3181.7996217380196	0.49684139171358765	trials	210620TX	p57	Z11111	56	18.0	1.0	3181.9496217380197	3182.146463129733
3182.229904780219	0.5268816041048012	trials	210620TX	p57	Z11111	81	26.0	2.0	3182.379904780219	3182.6067863843236
3182.6802279641065	0.526881604105256	trials	210620TX	p57	Z11111	86	28.0	1.0	3182.8302279641066	3183.0571095682117
3183.130511147712	0.5268816041048012	trials	210620TX	p57	Z11111	8	2.0	1.0	3183.280511147712	3183.5073927518165
3183.5808343315994	0.5268816041048012	trials	210620TX	p57	Z11111	5	1.0	1.0	3183.7308343315995	3183.957715935704
3184.0111173737987	0.5268816041048012	trials	210620TX	p57	Z11111	69	22.0	2.0	3184.161117373799	3184.3879989779034
3184.4614405576863	0.5368816748077734	trials	210620TX	p57	Z11111	107	35.0	1.0	3184.6114405576864	3184.848322232494
3188.2840275842495	0.5068814626993117	trials	210620TX	p57	Z11111	68	22.0	1.0	3188.4340275842496	3188.6409090469488
3188.6943104850434	0.5268816041048012	trials	210620TX	p57	Z11111	26	8.0	1.0	3188.8443104850435	3189.071192089148
3189.144633668931	0.526881604105256	trials	210620TX	p57	Z11111	98	32.0	1.0	3189.294633668931	3189.521515273036
3189.5949168525362	0.5368816748077734	trials	210620TX	p57	Z11111	24	7.0	2.0	3189.7449168525363	3189.981798527344
3190.035199965438	0.5269216043880078	trials	210620TX	p57	Z11111	58	19.0	0.0	3190.185199965438	3190.412121569826
3190.46552300792	0.5368816748077734	trials	210620TX	p57	Z11111	49	16.0	0.0	3190.6155230079203	3190.852404682728
3190.9258462625107	0.5268416038225041	trials	210620TX	p57	Z11111	4	1.0	0.0	3191.075846262511	3191.302687866333
3194.508271591076	0.5068414624165598	trials	210620TX	p57	Z11111	57	18.0	2.0	3194.6582715910763	3194.8651130534927
3194.9385546332755	0.5268816041048012	trials	210620TX	p57	Z11111	7	2.0	0.0	3195.0885546332756	3195.3154362373803
3195.368837675475	0.5268816041048012	trials	210620TX	p57	Z11111	83	27.0	1.0	3195.518837675475	3195.7457192795796
3195.8191608593625	0.5268816041048012	trials	210620TX	p57	Z11111	51	16.0	2.0	3195.9691608593625	3196.196042463467
3196.2694440429673	0.526881604105256	trials	210620TX	p57	Z11111	35	11.0	1.0	3196.4194440429674	3196.6463256470724
3196.7197672268553	0.5368816748077734	trials	210620TX	p57	Z11111	90	29.0	2.0	3196.8697672268554	3197.106648901663
3197.180090481446	0.5268816041048012	trials	210620TX	p57	Z11111	70	23.0	0.0	3197.330090481446	3197.5569720855506
3200.7825159514164	0.5068814626993117	trials	210620TX	p57	Z11111	76	25.0	0.0	3200.9325159514165	3201.1393974141156
3201.2128389938985	0.526881604105256	trials	210620TX	p57	Z11111	44	14.0	1.0	3201.3628389938985	3201.5897205980036
3201.6631221775037	0.5268816041048012	trials	210620TX	p57	Z11111	47	15.0	1.0	3201.813122177504	3202.0400037816084
3202.093405219703	0.5268816041048012	trials	210620TX	p57	Z11111	67	22.0	0.0	3202.243405219703	3202.470286823808
3202.5337283328877	0.526881604105256	trials	210620TX	p57	Z11111	42	13.0	2.0	3202.6837283328878	3202.910609936993
3202.964011375087	0.526881604105256	trials	210620TX	p57	Z11111	109	36.0	0.0	3203.114011375087	3203.340892979192
3203.3942944172863	0.526881604105256	trials	210620TX	p57	Z11111	0			3203.5442944172864	3203.7711760213915
3207.166881090336	0.5068414624165598	trials	210620TX	p57	Z11111	117	38.0	2.0	3207.316881090336	3207.5237225527526
3207.5771639911295	0.526881604105256	trials	210620TX	p57	Z11111	95	31.0	1.0	3207.7271639911296	3207.9540455952347
3208.027447174735	0.5268816041048012	trials	210620TX	p57	Z11111	14	4.0	1.0	3208.177447174735	3208.4043287788395
3208.4777703586224	0.5368816748077734	trials	210620TX	p57	Z11111	11	3.0	1.0	3208.6277703586225	3208.86465203343
3208.9180534715247	0.5268816041048012	trials	210620TX	p57	Z11111	65	21.0	1.0	3209.0680534715248	3209.2949350756294
3209.3683766554122	0.5268816041048012	trials	210620TX	p57	Z11111	17	5.0	1.0	3209.5183766554123	3209.745258259517
3209.818659839017	0.526881604105256	trials	210620TX	p57	Z11111	82	27.0	0.0	3209.968659839017	3210.1955414431222
3213.9414889883606	0.5068414624165598	trials	210620TX	p57	Z11111	0			3214.0914889883607	3214.298330450777
3214.3517718891544	0.5268816041048012	trials	210620TX	p57	Z11111	0			3214.5017718891545	3214.728653493259
3214.7920550020567	0.5268816041048012	trials	210620TX	p57	Z11111	75	24.0	2.0	3214.942055002057	3215.1689366061614
3215.2423781859443	0.5268816041048012	trials	210620TX	p57	Z11111	59	19.0	1.0	3215.3923781859444	3215.619259790049
3215.6926613695496	0.5268816041048012	trials	210620TX	p57	Z11111	94	31.0	0.0	3215.8426613695497	3216.0695429736543
3216.1229844120317	0.5268816041048012	trials	210620TX	p57	Z11111	1	0.0	0.0	3216.2729844120317	3216.4998660161364
3216.563267524934	0.5268816041043465	trials	210620TX	p57	Z11111	6	1.0	2.0	3216.713267524934	3216.940149129038
3220.786137381588	0.5068814626993117	trials	210620TX	p57	Z11111	2	0.0	1.0	3220.936137381588	3221.1430188442873
3221.1964202823815	0.526881604105256	trials	210620TX	p57	Z11111	34	11.0	0.0	3221.3464202823816	3221.5733018864867
3221.646703465987	0.5268816041048012	trials	210620TX	p57	Z11111	115	38.0	0.0	3221.796703465987	3222.0235850700915
3222.0970266498744	0.5268816041048012	trials	210620TX	p57	Z11111	48	15.0	2.0	3222.2470266498744	3222.473908253979
3222.547349833762	0.4968413917140424	trials	210620TX	p57	Z11111	0			3222.697349833762	3222.894191225476
3222.9876329466642	0.5268816041048012	trials	210620TX	p57	Z11111	12	3.0	2.0	3223.1376329466643	3223.364514550769
3223.4179159888636	0.5268816041048012	trials	210620TX	p57	Z11111	89	29.0	1.0	3223.5679159888637	3223.7947975929683
3227.991028321812	0.5168815334022838	trials	210620TX	p57	Z11111	119	39.0	1.0	3228.141028321812	3228.357909855214
3228.421311364011	0.526881604105256	trials	210620TX	p57	Z11111	13	4.0	0.0	3228.5713113640113	3228.7981929681164
3228.8716345478992	0.5268816041048012	trials	210620TX	p57	Z11111	103	34.0	0.0	3229.0216345478993	3229.248516152004
3229.321957731787	0.4968413917140424	trials	210620TX	p57	Z11111	113	37.0	1.0	3229.471957731787	3229.668799123501
3229.7522407739866	0.5268816041048012	trials	210620TX	p57	Z11111	25	8.0	0.0	3229.9022407739867	3230.1291223780913
3230.202523957591	0.53692167509098	trials	210620TX	p57	Z11111	31	10.0	0.0	3230.352523957591	3230.589445632682
3230.6428470707765	0.5268816041043465	trials	210620TX	p57	Z11111	16	5.0	0.0	3230.7928470707766	3231.0197286748808
3234.6655955125266	0.5068414624165598	trials	210620TX	p57	Z11111	39	12.0	2.0	3234.8155955125267	3235.022436974943
3235.075838413037	0.526881604105256	trials	210620TX	p57	Z11111	40	13.0	0.0	3235.2258384130373	3235.4527200171424
3235.5061614555193	0.526881604105256	trials	210620TX	p57	Z11111	9	2.0	2.0	3235.6561614555194	3235.8830430596245
3235.9564446391246	0.5368816748077734	trials	210620TX	p57	Z11111	99	32.0	2.0	3236.1064446391247	3236.3433263139323
3236.396767752309	0.526881604105256	trials	210620TX	p57	Z11111	91	30.0	0.0	3236.5467677523093	3236.7736493564144
3236.8370508652115	0.5168815334022838	trials	210620TX	p57	Z11111	106	35.0	0.0	3236.9870508652116	3237.2039323986137
3237.277333978114	0.5369216750905252	trials	210620TX	p57	Z11111	111	36.0	2.0	3237.427333978114	3237.6642556532042
3240.8397591652733	0.49688139199679426	trials	210620TX	p57	Z11111	46	15.0	0.0	3240.9897591652734	3241.18664055727
3241.250042066067	0.5268816041048012	trials	210620TX	p57	Z11111	118	39.0	0.0	3241.4000420660673	3241.626923670172
3241.6803651085493	0.5268816041048012	trials	210620TX	p57	Z11111	43	14.0	0.0	3241.8303651085494	3242.057246712654
3242.1206482214516	0.5268816041048012	trials	210620TX	p57	Z11111	18	5.0	2.0	3242.2706482214517	3242.4975298255563
3242.570971405339	0.5268816041048012	trials	210620TX	p57	Z11111	54	17.0	2.0	3242.7209714053392	3242.947853009444
3243.0012544475385	0.5268816041048012	trials	210620TX	p57	Z11111	96	31.0	2.0	3243.1512544475386	3243.378136051643
3243.4515376311433	0.49688139199679426	trials	210620TX	p57	Z11111	45	14.0	2.0	3243.6015376311434	3243.79841902314
3249.6857817086725	0.49688139199679426	trials	210620TX	p57	Z11111	108	35.0	2.0	3249.8357817086726	3250.032663100669
3250.0960646094663	0.5268816041048012	trials	210620TX	p57	Z11111	53	17.0	1.0	3250.2460646094664	3250.472946213571
3250.5463877933544	0.5268816041048012	trials	210620TX	p57	Z11111	37	12.0	0.0	3250.6963877933545	3250.923269397459
3250.996670976959	0.5268816041048012	trials	210620TX	p57	Z11111	30	9.0	2.0	3251.1466709769593	3251.373552581064
3251.4469941608468	0.5268816041048012	trials	210620TX	p57	Z11111	10	3.0	0.0	3251.596994160847	3251.8238757649515
3251.8972773444516	0.5269216043880078	trials	210620TX	p57	Z11111	3	0.0	2.0	3252.0472773444517	3252.2741989488395
3252.3476005283396	0.5268816041048012	trials	210620TX	p57	Z11111	72	23.0	2.0	3252.4976005283397	3252.7244821324443
3256.240268050388	0.5068414624165598	trials	210620TX	p57	Z11111	87	28.0	2.0	3256.390268050388	3256.5971095128043
3256.670551092587	0.4968413917140424	trials	210620TX	p57	Z11111	60	19.0	2.0	3256.8205510925873	3257.017392484301
3257.1008341347865	0.5268816041048012	trials	210620TX	p57	Z11111	61	20.0	0.0	3257.2508341347866	3257.477715738891
3257.541117247689	0.5269216043875531	trials	210620TX	p57	Z11111	88	29.0	0.0	3257.691117247689	3257.9180388520763
3257.971440290171	0.5268816041048012	trials	210620TX	p57	Z11111	41	13.0	1.0	3258.121440290171	3258.3483218942756
3258.4217234737757	0.526881604105256	trials	210620TX	p57	Z11111	36	11.0	2.0	3258.571723473776	3258.798605077881
3258.8720466576638	0.5268816041048012	trials	210620TX	p57	Z11111	77	25.0	1.0	3259.022046657664	3259.2489282617685
3262.564552764525	0.5068814626993117	trials	210620TX	p57	Z11111	19	6.0	0.0	3262.7145527645253	3262.9214342272244
3262.9748356653186	0.526881604105256	trials	210620TX	p57	Z11111	114	37.0	2.0	3263.1248356653186	3263.3517172694237
3263.405118707518	0.526881604105256	trials	210620TX	p57	Z11111	102	33.0	2.0	3263.555118707518	3263.782000311623
3263.855441891406	0.49684139171358765	trials	210620TX	p57	Z11111	93	30.0	2.0	3264.005441891406	3264.2022832831194
3264.2957250043078	0.526881604105256	trials	210620TX	p57	Z11111	63	20.0	2.0	3264.445725004308	3264.672606608413
3264.746048188196	0.5268816041048012	trials	210620TX	p57	Z11111	79	26.0	0.0	3264.896048188196	3265.1229297923005
3265.176331230395	0.5268816041048012	trials	210620TX	p57	Z11111	50	16.0	1.0	3265.326331230395	3265.5532128345
3268.7487564882576	0.5068814626993117	trials	210620TX	p57	Z11111	101	33.0	1.0	3268.8987564882577	3269.105637950957
3269.169039459754	0.5168815334022838	trials	210620TX	p57	Z11111	116	38.0	1.0	3269.319039459754	3269.535920993156
3269.5993225019533	0.526881604105256	trials	210620TX	p57	Z11111	38	12.0	1.0	3269.7493225019534	3269.9762041060585
3270.0296455444354	0.526881604105256	trials	210620TX	p57	Z11111	104	34.0	1.0	3270.1796455444355	3270.4065271485406
3272.9416261328033	0.5068414624165598	trials	210620TX	p57	Z11111	15	4.0	2.0	3273.0916261328034	3273.29846759522
3273.3619091042997	0.526881604105256	trials	210620TX	p57	Z11111	55	18.0	0.0	3273.5119091043	3273.738790708405
3273.792192146499	0.526881604105256	trials	210620TX	p57	Z11111	97	32.0	0.0	3273.942192146499	3274.169073750604
3274.242515330387	0.5268816041048012	trials	210620TX	p57	Z11111	21	6.0	2.0	3274.392515330387	3274.6193969344918
3274.692798513992	0.5268816041048012	trials	210620TX	p57	Z11111	110	36.0	1.0	3274.842798513992	3275.0696801180966
3275.1431216978795	0.526881604105256	trials	210620TX	p57	Z11111	27	8.0	2.0	3275.2931216978795	3275.5200033019846
3275.5834048107818	0.5268816041048012	trials	210620TX	p57	Z11111	2	0.0	1.0	3275.733404810782	3275.9602864148865
3290.8237925638036	0.5068414624165598	trials	210620TX	p57	Z11111	37	12.0	0.0	3290.9737925638037	3291.18063402622
3291.234075464597	0.5268416038225041	trials	210620TX	p57	Z11111	92	30.0	1.0	3291.384075464597	3291.6109170684194
3291.6743585774993	0.5268816041048012	trials	210620TX	p57	Z11111	86	28.0	1.0	3291.8243585774994	3292.051240181604
3292.124641761104	0.526881604105256	trials	210620TX	p57	Z11111	26	8.0	1.0	3292.2746417611042	3292.5015233652093
3292.574964944992	0.4968813919963395	trials	210620TX	p57	Z11111	0			3292.7249649449923	3292.9218463369884
3293.0052479871915	0.5268816041048012	trials	210620TX	p57	Z11111	14	4.0	1.0	3293.1552479871916	3293.3821295912962
3293.455571171079	0.5368816748077734	trials	210620TX	p57	Z11111	27	8.0	2.0	3293.605571171079	3293.842452845887
3316.481213967632	0.5068814626993117	trials	210620TX	p57	Z11111	47	15.0	1.0	3316.631213967632	3316.838095430331
3316.8914968684253	0.49688139199679426	trials	210620TX	p57	Z11111	30	9.0	2.0	3317.0414968684254	3317.238378260422
3317.331819981611	0.5268816041048012	trials	210620TX	p57	Z11111	117	38.0	2.0	3317.481819981611	3317.7087015857155
3317.7821031652156	0.5268816041048012	trials	210620TX	p57	Z11111	97	32.0	0.0	3317.9321031652157	3318.1589847693203
3318.2124262076977	0.5268416038220494	trials	210620TX	p57	Z11111	115	38.0	0.0	3318.362426207698	3318.5892678115197
3318.6527093206	0.5268816041048012	trials	210620TX	p57	Z11111	5	1.0	1.0	3318.8027093206	3319.0295909247047
3319.0829923627994	0.5268816041048012	trials	210620TX	p57	Z11111	52	17.0	0.0	3319.2329923627995	3319.459873966904
3322.755498328255	0.4968413917140424	trials	210620TX	p57	Z11111	59	19.0	1.0	3322.905498328255	3323.1023397199688
3323.185781370454	0.526881604105256	trials	210620TX	p57	Z11111	100	33.0	0.0	3323.3357813704542	3323.5626629745593
3323.636104554342	0.5268816041048012	trials	210620TX	p57	Z11111	82	27.0	0.0	3323.7861045543423	3324.012986158447
3324.0663875965415	0.5268816041048012	trials	210620TX	p57	Z11111	46	15.0	0.0	3324.2163875965416	3324.4432692006462
3324.516710780429	0.526881604105256	trials	210620TX	p57	Z11111	43	14.0	0.0	3324.666710780429	3324.8935923845343
3324.966993964034	0.526881604105256	trials	210620TX	p57	Z11111	60	19.0	2.0	3325.116993964034	3325.343875568139
3325.407277076936	0.5269216043875531	trials	210620TX	p57	Z11111	0			3325.5572770769363	3325.7841986813237
3329.5401062969827	0.5068814626993117	trials	210620TX	p57	Z11111	64	21.0	0.0	3329.690106296983	3329.896987759682
3329.970389339182	0.5268816041048012	trials	210620TX	p57	Z11111	1	0.0	0.0	3330.120389339182	3330.3472709432867
3330.4207125230696	0.526881604105256	trials	210620TX	p57	Z11111	72	23.0	2.0	3330.5707125230697	3330.7975941271748
3330.860995635972	0.5268816041048012	trials	210620TX	p57	Z11111	38	12.0	1.0	3331.010995635972	3331.2378772400766
3331.291318678454	0.526881604105256	trials	210620TX	p57	Z11111	15	4.0	2.0	3331.441318678454	3331.668200282559
3331.741601862059	0.526881604105256	trials	210620TX	p57	Z11111	17	5.0	1.0	3331.891601862059	3332.118483466164
3332.191925045947	0.5268816041048012	trials	210620TX	p57	Z11111	7	2.0	0.0	3332.341925045947	3332.5688066500516
3342.989281385722	0.5068414624165598	trials	210620TX	p57	Z11111	101	33.0	1.0	3343.139281385722	3343.3461228481383
3343.4095243569354	0.5269216043875531	trials	210620TX	p57	Z11111	103	34.0	0.0	3343.5595243569355	3343.786445961323
3343.869847611526	0.5268816041048012	trials	210620TX	p57	Z11111	32	10.0	1.0	3344.019847611526	3344.2467292156307
3344.310170724711	0.5168415331190772	trials	210620TX	p57	Z11111	81	26.0	2.0	3344.460170724711	3344.67701225783
3344.750453837613	0.5368816748077734	trials	210620TX	p57	Z11111	91	30.0	0.0	3344.900453837613	3345.1373355124206
3345.2107770922034	0.526881604105256	trials	210620TX	p57	Z11111	49	16.0	0.0	3345.3607770922035	3345.5876586963086
3345.6610602758087	0.5268816041048012	trials	210620TX	p57	Z11111	45	14.0	2.0	3345.811060275809	3346.0379418799134
3349.5837280099654	0.4968813919963395	trials	210620TX	p57	Z11111	89	29.0	1.0	3349.7337280099655	3349.9306094019616
3350.0140510524475	0.5168415331190772	trials	210620TX	p57	Z11111	13	4.0	0.0	3350.1640510524476	3350.3808925855665
3350.4543341653493	0.5368816748077734	trials	210620TX	p57	Z11111	10	3.0	0.0	3350.6043341653494	3350.841215840157
3350.91465741994	0.4968413917140424	trials	210620TX	p57	Z11111	113	37.0	1.0	3351.06465741994	3351.261498811654
3351.344940462139	0.526881604105256	trials	210620TX	p57	Z11111	87	28.0	2.0	3351.4949404621393	3351.7218220662444
3351.7952636460273	0.5268816041048012	trials	210620TX	p57	Z11111	83	27.0	1.0	3351.9452636460273	3352.172145250132
3352.245546829632	0.5268816041048012	trials	210620TX	p57	Z11111	95	31.0	1.0	3352.395546829632	3352.622428433737
3356.19825477618	0.5068414624165598	trials	210620TX	p57	Z11111	107	35.0	1.0	3356.34825477618	3356.5550962385964
3356.648537959785	0.49688139199679426	trials	210620TX	p57	Z11111	98	32.0	1.0	3356.798537959785	3356.9954193517815
3357.078861002267	0.526881604105256	trials	210620TX	p57	Z11111	44	14.0	1.0	3357.228861002267	3357.455742606372
3357.529144185872	0.5068814626993117	trials	210620TX	p57	Z11111	29	9.0	1.0	3357.6791441858722	3357.8860256485714
3357.969427298774	0.5269216043880078	trials	210620TX	p57	Z11111	34	11.0	0.0	3358.119427298774	3358.346348903162
3358.419750482662	0.4968813919963395	trials	210620TX	p57	Z11111	21	6.0	2.0	3358.569750482662	3358.7666318746583
3358.8500335248614	0.5369216750905252	trials	210620TX	p57	Z11111	58	19.0	0.0	3359.0000335248615	3359.236955199952
3363.0629033108125	0.49688139199679426	trials	210620TX	p57	Z11111	31	10.0	0.0	3363.2129033108126	3363.4097847028092
3363.483186282309	0.5368816748077734	trials	210620TX	p57	Z11111	66	21.0	2.0	3363.633186282309	3363.8700679571166
3363.9235093954944	0.5268816041048012	trials	210620TX	p57	Z11111	0			3364.0735093954945	3364.300390999599
3364.3737925790992	0.5268816041048012	trials	210620TX	p57	Z11111	6	1.0	2.0	3364.5237925790993	3364.750674183204
3364.814115692284	0.526881604105256	trials	210620TX	p57	Z11111	22	7.0	0.0	3364.964115692284	3365.190997296389
3365.2643988758887	0.526881604105256	trials	210620TX	p57	Z11111	25	8.0	0.0	3365.4143988758888	3365.641280479994
3365.6946819180885	0.5269216043875531	trials	210620TX	p57	Z11111	88	29.0	0.0	3365.8446819180886	3366.071603522476
3370.5980365859255	0.5068814626993117	trials	210620TX	p57	Z11111	54	17.0	2.0	3370.7480365859255	3370.9549180486247
3371.028319628125	0.526881604105256	trials	210620TX	p57	Z11111	119	39.0	1.0	3371.178319628125	3371.40520123223
3371.478642812013	0.5268816041048012	trials	210620TX	p57	Z11111	110	36.0	1.0	3371.628642812013	3371.8555244161175
3371.9289259956176	0.5068814626993117	trials	210620TX	p57	Z11111	96	31.0	2.0	3372.0789259956177	3372.285807458317
3372.3692491088027	0.5268816041048012	trials	210620TX	p57	Z11111	19	6.0	0.0	3372.519249108803	3372.7461307129074
3372.8195322924075	0.5268816041048012	trials	210620TX	p57	Z11111	9	2.0	2.0	3372.9695322924076	3373.1964138965122
3373.269855476295	0.49688139199679426	trials	210620TX	p57	Z11111	77	25.0	1.0	3373.419855476295	3373.616736868292
3377.022402007656	0.5068814626993117	trials	210620TX	p57	Z11111	90	29.0	2.0	3377.1724020076563	3377.3792834703554
3377.4526850498555	0.5268816041048012	trials	210620TX	p57	Z11111	61	20.0	0.0	3377.6026850498556	3377.8295666539602
3380.9050294587187	0.5068814626993117	trials	210620TX	p57	Z11111	50	16.0	1.0	3381.0550294587188	3381.261910921418
3381.335352501201	0.5268816041048012	trials	210620TX	p57	Z11111	18	5.0	2.0	3381.4853525012013	3381.712234105306
3381.7656355434005	0.5268816041048012	trials	210620TX	p57	Z11111	36	11.0	2.0	3381.9156355434006	3382.1425171475053
3382.215958727288	0.5268816041048012	trials	210620TX	p57	Z11111	80	26.0	1.0	3382.365958727288	3382.592840331393
3382.666241910893	0.5068814626993117	trials	210620TX	p57	Z11111	62	20.0	1.0	3382.816241910893	3383.023123373592
3383.1065250237953	0.5269216043875531	trials	210620TX	p57	Z11111	8	2.0	1.0	3383.2565250237953	3383.4834466281827
3383.5468481369803	0.5268816041048012	trials	210620TX	p57	Z11111	79	26.0	0.0	3383.6968481369804	3383.923729741085
3387.259354385247	0.5068814626993117	trials	210620TX	p57	Z11111	111	36.0	2.0	3387.4093543852473	3387.6162358479464
3387.6796373567436	0.5269216043880078	trials	210620TX	p57	Z11111	73	24.0	0.0	3387.8296373567437	3388.0565589611315
3388.139960611334	0.49688139199679426	trials	210620TX	p57	Z11111	33	10.0	2.0	3388.289960611334	3388.486842003331
3388.5702436535335	0.5369216750905252	trials	210620TX	p57	Z11111	109	36.0	0.0	3388.7202436535335	3388.957165328624
3389.0105667667185	0.5268816041048012	trials	210620TX	p57	Z11111	85	28.0	0.0	3389.1605667667186	3389.387448370823
3389.4608499503233	0.526881604105256	trials	210620TX	p57	Z11111	94	31.0	0.0	3389.6108499503234	3389.8377315544285
3389.9111731342114	0.5268816041048012	trials	210620TX	p57	Z11111	105	34.0	2.0	3390.0611731342115	3390.288054738316
3393.733760160774	0.5068814626997664	trials	210620TX	p57	Z11111	69	22.0	2.0	3393.8837601607743	3394.090641623474
3394.144043061568	0.5368816748077734	trials	210620TX	p57	Z11111	116	38.0	1.0	3394.294043061568	3394.5309247363757
3394.6143663868615	0.5268816041048012	trials	210620TX	p57	Z11111	35	11.0	1.0	3394.7643663868616	3394.9912479909663
3395.064689570749	0.526881604105256	trials	210620TX	p57	Z11111	102	33.0	2.0	3395.214689570749	3395.4415711748543
3395.524972825057	0.5068814626993117	trials	210620TX	p57	Z11111	74	24.0	1.0	3395.674972825057	3395.881854287756
3395.9352557258508	0.5268816041048012	trials	210620TX	p57	Z11111	75	24.0	2.0	3396.085255725851	3396.3121373299555
3396.3855789097383	0.526881604105256	trials	210620TX	p57	Z11111	11	3.0	1.0	3396.5355789097384	3396.7624605138435
3400.188165794896	0.5068814626993117	trials	210620TX	p57	Z11111	12	3.0	2.0	3400.338165794896	3400.5450472575953
3400.59844869569	0.5268816041048012	trials	210620TX	p57	Z11111	106	35.0	0.0	3400.74844869569	3400.9753302997947
3401.0487718795775	0.526881604105256	trials	210620TX	p57	Z11111	68	22.0	1.0	3401.1987718795776	3401.4256534836827
3401.48905499248	0.5268816041048012	trials	210620TX	p57	Z11111	0			3401.63905499248	3401.8659365965846
3401.919338034679	0.5268816041048012	trials	210620TX	p57	Z11111	16	5.0	0.0	3402.0693380346793	3402.296219638784
3402.359621147581	0.5269216043880078	trials	210620TX	p57	Z11111	118	39.0	0.0	3402.509621147581	3402.736542751969
3402.809944331469	0.5268816041048012	trials	210620TX	p57	Z11111	71	23.0	1.0	3402.959944331469	3403.186825935574
3406.56249086283	0.5068814626993117	trials	210620TX	p57	Z11111	76	25.0	0.0	3406.7124908628302	3406.9193723255294
3407.0028139760147	0.526881604105256	trials	210620TX	p57	Z11111	99	32.0	2.0	3407.152813976015	3407.37969558012
3407.443097088917	0.5268816041048012	trials	210620TX	p57	Z11111	39	12.0	2.0	3407.593097088917	3407.8199786930218
3407.8934202728046	0.526881604105256	trials	210620TX	p57	Z11111	51	16.0	2.0	3408.0434202728047	3408.27030187691
3408.323703315004	0.526881604105256	trials	210620TX	p57	Z11111	57	18.0	2.0	3408.473703315004	3408.700584919109
3408.7739864986092	0.4968813919963395	trials	210620TX	p57	Z11111	65	21.0	1.0	3408.9239864986093	3409.1208678906055
3409.214309611794	0.526881604105256	trials	210620TX	p57	Z11111	78	25.0	2.0	3409.364309611794	3409.591191215899
3430.1785778339577	0.526881604105256	trials	210620TX	p57	Z11111	93	30.0	2.0	3430.3285778339578	3430.555459438063
3430.61886094686	0.5068814626993117	trials	210620TX	p57	Z11111	67	22.0	0.0	3430.76886094686	3430.975742409559
3431.029143847654	0.5168815334018291	trials	210620TX	p57	Z11111	108	35.0	2.0	3431.179143847654	3431.3960253810556
3431.4694269605557	0.5369216750905252	trials	210620TX	p57	Z11111	28	9.0	0.0	3431.6194269605558	3431.856348635646
3431.929750215146	0.526881604105256	trials	210620TX	p57	Z11111	24	7.0	2.0	3432.0797502151463	3432.3066318192514
3432.3600332573455	0.526881604105256	trials	210620TX	p57	Z11111	48	15.0	2.0	3432.5100332573456	3432.7369148614507
3432.8103564412336	0.5268816041048012	trials	210620TX	p57	Z11111	84	27.0	2.0	3432.9603564412337	3433.1872380453383
3436.692983892296	0.5068814626993117	trials	210620TX	p57	Z11111	53	17.0	1.0	3436.842983892296	3437.0498653549953
3437.113266863793	0.5268816041048012	trials	210620TX	p57	Z11111	20	6.0	1.0	3437.263266863793	3437.4901484678976
3437.543589906275	0.5268816041048012	trials	210620TX	p57	Z11111	3	0.0	2.0	3437.693589906275	3437.9204715103797
3437.99387308988	0.49688139199679426	trials	210620TX	p57	Z11111	23	7.0	1.0	3438.14387308988	3438.3407544818765
3438.434196203065	0.5268816041048012	trials	210620TX	p57	Z11111	104	34.0	1.0	3438.584196203065	3438.8110778071696
3438.864479245264	0.5268816041048012	trials	210620TX	p57	Z11111	56	18.0	1.0	3439.0144792452643	3439.241360849369
3439.314762428869	0.526881604105256	trials	210620TX	p57	Z11111	4	1.0	0.0	3439.464762428869	3439.691644032974
3442.937228040528	0.5068814626993117	trials	210620TX	p57	Z11111	41	13.0	1.0	3443.0872280405283	3443.2941095032274
3443.3675510830103	0.5268816041048012	trials	210620TX	p57	Z11111	120	39.0	2.0	3443.5175510830104	3443.744432687115
3443.7978341252096	0.526881604105256	trials	210620TX	p57	Z11111	70	23.0	0.0	3443.9478341252097	3444.174715729315
3444.238117238112	0.5268816041048012	trials	210620TX	p57	Z11111	55	18.0	0.0	3444.388117238112	3444.6149988422167
3444.668440280594	0.5268816041048012	trials	210620TX	p57	Z11111	114	37.0	2.0	3444.818440280594	3445.0453218846988
3445.118723464199	0.526881604105256	trials	210620TX	p57	Z11111	42	13.0	2.0	3445.268723464199	3445.495605068304
3445.559006577101	0.5269216043875531	trials	210620TX	p57	Z11111	40	13.0	0.0	3445.7090065771013	3445.9359281814886
3449.1915122597457	0.5068414624165598	trials	210620TX	p57	Z11111	63	20.0	2.0	3449.3415122597457	3449.548353722162
3449.621795301945	0.526881604105256	trials	210620TX	p57	Z11111	112	37.0	0.0	3449.771795301945	3449.99867690605
3450.07207848555	0.5269216043880078	trials	210620TX	p57	Z11111	101	33.0	1.0	3450.22207848555	3450.4490000899377
3450.522401669438	0.5268816041048012	trials	210620TX	p57	Z11111	67	22.0	0.0	3450.672401669438	3450.8992832735426
3450.9727248533254	0.526881604105256	trials	210620TX	p57	Z11111	30	9.0	2.0	3451.1227248533255	3451.3496064574306
3451.4230080369302	0.49688139199679426	trials	210620TX	p57	Z11111	89	29.0	1.0	3451.5730080369303	3451.769889428927
3451.8633311501158	0.5268816041043465	trials	210620TX	p57	Z11111	115	38.0	0.0	3452.013331150116	3452.24021275422
3455.435756407978	0.4968413917140424	trials	210620TX	p57	Z11111	8	2.0	1.0	3455.585756407978	3455.7825977996918
3455.8460393087717	0.5268816041048012	trials	210620TX	p57	Z11111	94	31.0	0.0	3455.9960393087717	3456.2229209128764
3456.2963224923765	0.5268816041048012	trials	210620TX	p57	Z11111	6	1.0	2.0	3456.4463224923766	3456.673204096481
3456.726605534576	0.526881604105256	trials	210620TX	p57	Z11111	70	23.0	0.0	3456.876605534576	3457.103487138681
3457.166928647761	0.5268816041048012	trials	210620TX	p57	Z11111	29	9.0	1.0	3457.316928647761	3457.5438102518656
3457.59721168996	0.5268816041048012	trials	210620TX	p57	Z11111	17	5.0	1.0	3457.7472116899603	3457.974093294065
3458.047534873848	0.526881604105256	trials	210620TX	p57	Z11111	116	38.0	1.0	3458.197534873848	3458.424416477953
3461.8200815466143	0.5168815334022838	trials	210620TX	p57	Z11111	49	16.0	0.0	3461.9700815466144	3462.1869630800165
3462.2604046597994	0.5268816041048012	trials	210620TX	p57	Z11111	39	12.0	2.0	3462.4104046597995	3462.637286263904
3462.7106878434042	0.5368816748077734	trials	210620TX	p57	Z11111	72	23.0	2.0	3462.8606878434043	3463.097569518212
3463.171011097995	0.5268816041048012	trials	210620TX	p57	Z11111	23	7.0	1.0	3463.321011097995	3463.5478927020995
3463.6212942815996	0.5269216043880078	trials	210620TX	p57	Z11111	64	21.0	0.0	3463.7712942815997	3463.9982158859875
3464.0716174654876	0.5268816041048012	trials	210620TX	p57	Z11111	53	17.0	1.0	3464.2216174654877	3464.4484990695923
3464.521940649375	0.5268816041048012	trials	210620TX	p57	Z11111	59	19.0	1.0	3464.6719406493753	3464.89882225348
3468.2044466855336	0.5068414624165598	trials	210620TX	p57	Z11111	40	13.0	0.0	3468.3544466855337	3468.56128814795
3468.634729727733	0.526881604105256	trials	210620TX	p57	Z11111	61	20.0	0.0	3468.784729727733	3469.011611331838
3469.0750128406353	0.5268816041048012	trials	210620TX	p57	Z11111	26	8.0	1.0	3469.2250128406354	3469.45189444474
3469.5253360245233	0.5268816041048012	trials	210620TX	p57	Z11111	99	32.0	2.0	3469.6753360245234	3469.902217628628
3469.955619066722	0.49688139199679426	trials	210620TX	p57	Z11111	48	15.0	2.0	3470.1056190667223	3470.302500458719
3470.3959421799077	0.5268816041048012	trials	210620TX	p57	Z11111	91	30.0	0.0	3470.545942179908	3470.7728237840124
3470.8462253635125	0.5268816041048012	trials	210620TX	p57	Z11111	9	2.0	2.0	3470.9962253635126	3471.2231069676172
3475.419337696461	0.49688139199679426	trials	210620TX	p57	Z11111	81	26.0	2.0	3475.569337696461	3475.7662190884575
3475.8296205972547	0.5268816041048012	trials	210620TX	p57	Z11111	69	22.0	2.0	3475.979620597255	3476.2065022013594
3476.2799437811423	0.526881604105256	trials	210620TX	p57	Z11111	95	31.0	1.0	3476.4299437811424	3476.6568253852474
3476.7302269647475	0.5268816041048012	trials	210620TX	p57	Z11111	110	36.0	1.0	3476.8802269647476	3477.1071085688523
3477.180550148635	0.49684139171358765	trials	210620TX	p57	Z11111	5	1.0	1.0	3477.330550148635	3477.5273915403486
3477.6208332615374	0.5268816041048012	trials	210620TX	p57	Z11111	71	23.0	1.0	3477.7708332615375	3477.997714865642
3478.071156445425	0.5268816041048012	trials	210620TX	p57	Z11111	42	13.0	2.0	3478.221156445425	3478.4480380495297
3482.2539860189854	0.5068814626993117	trials	210620TX	p57	Z11111	111	36.0	2.0	3482.4039860189855	3482.6108674816846
3482.6842690611843	0.526881604105256	trials	210620TX	p57	Z11111	50	16.0	1.0	3482.8342690611844	3483.0611506652895
3520.5100164978567	0.49684139171358765	trials	210620TX	p57	Z11111	18	5.0	2.0	3520.6600164978568	3520.85685788957
3520.9202993986505	0.5268816041048012	trials	210620TX	p57	Z11111	102	33.0	2.0	3521.0702993986506	3521.297181002755
3521.3705825822553	0.5268816041048012	trials	210620TX	p57	Z11111	73	24.0	0.0	3521.5205825822554	3521.74746418636
3521.8209057661434	0.5268816041048012	trials	210620TX	p57	Z11111	0			3521.9709057661435	3522.197787370248
3522.261188879045	0.5268816041048012	trials	210620TX	p57	Z11111	88	29.0	0.0	3522.4111888790453	3522.63807048315
3522.6915119215278	0.5268816041043465	trials	210620TX	p57	Z11111	46	15.0	0.0	3522.841511921528	3523.068393525632
3523.1217949637266	0.526881604105256	trials	210620TX	p57	Z11111	21	6.0	2.0	3523.2717949637267	3523.498676567832
3526.6742200801837	0.5068414624165598	trials	210620TX	p57	Z11111	33	10.0	2.0	3526.8242200801837	3527.0310615426
3527.104503122383	0.5268816041048012	trials	210620TX	p57	Z11111	107	35.0	1.0	3527.254503122383	3527.4813847264877
3527.554786305988	0.526881604105256	trials	210620TX	p57	Z11111	16	5.0	0.0	3527.704786305988	3527.931667910093
3527.995109419173	0.5268816041048012	trials	210620TX	p57	Z11111	74	24.0	1.0	3528.145109419173	3528.3719910232776
3528.425392461372	0.5268816041048012	trials	210620TX	p57	Z11111	97	32.0	0.0	3528.5753924613723	3528.802274065477
3528.87571564526	0.5068414624165598	trials	210620TX	p57	Z11111	11	3.0	1.0	3529.02571564526	3529.2325571076763
3529.315998758162	0.5268816041048012	trials	210620TX	p57	Z11111	28	9.0	0.0	3529.465998758162	3529.692880362267
3532.8684238746187	0.5068414624170146	trials	210620TX	p57	Z11111	117	38.0	2.0	3533.0184238746187	3533.2252653370356
3533.2987069168184	0.5268816041048012	trials	210620TX	p57	Z11111	32	10.0	1.0	3533.4487069168185	3533.675588520923
3533.728989959018	0.5268816041048012	trials	210620TX	p57	Z11111	44	14.0	1.0	3533.878989959018	3534.1058715631225
3534.169313072203	0.5268816041048012	trials	210620TX	p57	Z11111	109	36.0	0.0	3534.319313072203	3534.5461946763076
3534.599596114402	0.5268816041048012	trials	210620TX	p57	Z11111	76	25.0	0.0	3534.7495961144023	3534.976477718507
3535.0298791566015	0.5268816041048012	trials	210620TX	p57	Z11111	80	26.0	1.0	3535.1798791566016	3535.406760760706
3535.4701622695034	0.5269216043880078	trials	210620TX	p57	Z11111	105	34.0	2.0	3535.6201622695035	3535.8470838738913
3539.08262781046	0.5068814626993117	trials	210620TX	p57	Z11111	37	12.0	0.0	3539.23262781046	3539.4395092731593
3539.512950852942	0.49684139171358765	trials	210620TX	p57	Z11111	93	30.0	2.0	3539.6629508529422	3539.8597922446556
3539.953233965844	0.526881604105256	trials	210620TX	p57	Z11111	0			3540.103233965844	3540.330115569949
3540.403557149732	0.5268816041048012	trials	210620TX	p57	Z11111	47	15.0	1.0	3540.553557149732	3540.7804387538367
3540.853840333337	0.5268816041048012	trials	210620TX	p57	Z11111	104	34.0	1.0	3541.003840333337	3541.2307219374416
3541.3041635172244	0.526881604105256	trials	210620TX	p57	Z11111	68	22.0	1.0	3541.4541635172245	3541.6810451213296
3541.7544467008297	0.5268816041048012	trials	210620TX	p57	Z11111	120	39.0	2.0	3541.90444670083	3542.1313283049344
3545.3269119589745	0.5068414624165598	trials	210620TX	p57	Z11111	45	14.0	2.0	3545.4769119589746	3545.683753421391
3545.757195001174	0.526881604105256	trials	210620TX	p57	Z11111	66	21.0	2.0	3545.907195001174	3546.134076605279
3546.187478043373	0.4968413917140424	trials	210620TX	p57	Z11111	58	19.0	0.0	3546.3374780433733	3546.534319435087
3546.6177610855725	0.5068814626997664	trials	210620TX	p57	Z11111	0			3546.7677610855726	3546.974642548272
3547.0580841987576	0.5268816041048012	trials	210620TX	p57	Z11111	43	14.0	0.0	3547.2080841987577	3547.4349658028623
3547.5083673823624	0.526881604105256	trials	210620TX	p57	Z11111	25	8.0	0.0	3547.6583673823625	3547.8852489864676
3547.9586905662504	0.5268816041048012	trials	210620TX	p57	Z11111	79	26.0	0.0	3548.1086905662505	3548.335572170355
3551.611156390018	0.5068814626993117	trials	210620TX	p57	Z11111	31	10.0	0.0	3551.761156390018	3551.9680378527173
3552.0314393615145	0.5168815334022838	trials	210620TX	p57	Z11111	36	11.0	2.0	3552.1814393615145	3552.3983208949167
3552.481762545402	0.526881604105256	trials	210620TX	p57	Z11111	4	1.0	0.0	3552.631762545402	3552.858644149507
3552.9120455876014	0.526881604105256	trials	210620TX	p57	Z11111	38	12.0	1.0	3553.0620455876015	3553.2889271917065
3553.3623687714894	0.49684139171358765	trials	210620TX	p57	Z11111	0			3553.5123687714895	3553.709210163203
3553.8026518843913	0.526881604105256	trials	210620TX	p57	Z11111	96	31.0	2.0	3553.9526518843913	3554.1795334884964
3554.2529750682793	0.5268816041048012	trials	210620TX	p57	Z11111	7	2.0	0.0	3554.4029750682794	3554.629856672384
3558.175642802436	0.49684139171358765	trials	210620TX	p57	Z11111	57	18.0	2.0	3558.325642802436	3558.5224841941495
3558.5959257739323	0.5268816041048012	trials	210620TX	p57	Z11111	92	30.0	1.0	3558.7459257739324	3558.972807378037
3559.0362088868346	0.5268816041048012	trials	210620TX	p57	Z11111	20	6.0	1.0	3559.1862088868347	3559.4130904909393
3559.486532070722	0.5268816041048012	trials	210620TX	p57	Z11111	35	11.0	1.0	3559.6365320707223	3559.863413674827
3559.9168151129215	0.5268816041048012	trials	210620TX	p57	Z11111	3	0.0	2.0	3560.0668151129216	3560.2936967170263
3560.367138296809	0.4968413917140424	trials	210620TX	p57	Z11111	34	11.0	0.0	3560.517138296809	3560.713979688523
3560.8074214097114	0.5268816041048012	trials	210620TX	p57	Z11111	112	37.0	0.0	3560.9574214097115	3561.184303013816
3564.7100890024626	0.5168815334018291	trials	210620TX	p57	Z11111	90	29.0	2.0	3564.8600890024627	3565.0769705358643
3565.140372044662	0.5268816041048012	trials	210620TX	p57	Z11111	75	24.0	2.0	3565.290372044662	3565.5172536487667
3565.5906552282668	0.5269216043880078	trials	210620TX	p57	Z11111	114	37.0	2.0	3565.740655228267	3565.9675768326547
3566.040978412155	0.4968813919963395	trials	210620TX	p57	Z11111	78	25.0	2.0	3566.190978412155	3566.387859804151
3566.471261454354	0.5368816748073186	trials	210620TX	p57	Z11111	27	8.0	2.0	3566.621261454354	3566.8581431291614
3566.9315847089442	0.526881604105256	trials	210620TX	p57	Z11111	12	3.0	2.0	3567.0815847089443	3567.3084663130494
3567.3819078928323	0.526881604105256	trials	210620TX	p57	Z11111	77	25.0	1.0	3567.5319078928324	3567.7587894969374
3571.234495131504	0.5068814626993117	trials	210620TX	p57	Z11111	2	0.0	1.0	3571.384495131504	3571.591376594203
3571.6447780322974	0.526881604105256	trials	210620TX	p57	Z11111	63	20.0	2.0	3571.7947780322975	3572.0216596364025
3572.115101357591	0.4968813919963395	trials	210620TX	p57	Z11111	14	4.0	1.0	3572.265101357591	3572.461982749587
3572.545424400073	0.5268816041048012	trials	210620TX	p57	Z11111	100	33.0	0.0	3572.695424400073	3572.9223060041777
3572.9857075129753	0.5268816041048012	trials	210620TX	p57	Z11111	13	4.0	0.0	3573.1357075129754	3573.36258911708
3573.43599069658	0.5269216043875531	trials	210620TX	p57	Z11111	87	28.0	2.0	3573.58599069658	3573.8129123009676
3573.8863138804677	0.526881604105256	trials	210620TX	p57	Z11111	60	19.0	2.0	3574.036313880468	3574.263195484573
3577.5688199166266	0.5068814626993117	trials	210620TX	p57	Z11111	24	7.0	2.0	3577.7188199166267	3577.925701379326
3577.999102958826	0.5268816041048012	trials	210620TX	p57	Z11111	22	7.0	0.0	3578.149102958826	3578.3759845629306
3578.4494261427135	0.5268816041048012	trials	210620TX	p57	Z11111	83	27.0	1.0	3578.5994261427136	3578.826307746818
3578.889709255616	0.5268816041048012	trials	210620TX	p57	Z11111	118	39.0	0.0	3579.039709255616	3579.2665908597205
3579.3400324395034	0.526881604105256	trials	210620TX	p57	Z11111	98	32.0	1.0	3579.4900324395035	3579.7169140436085
3579.770315481703	0.5268816041043465	trials	210620TX	p57	Z11111	106	35.0	0.0	3579.9203154817033	3580.1471970858074
3580.2206386655907	0.5268816041048012	trials	210620TX	p57	Z11111	86	28.0	1.0	3580.370638665591	3580.5975202696955
3584.0132254800455	0.49684139171358765	trials	210620TX	p57	Z11111	62	20.0	1.0	3584.1632254800456	3584.360066871759
3584.433508451542	0.5368816748077734	trials	210620TX	p57	Z11111	15	4.0	2.0	3584.583508451542	3584.8203901263496
3584.873791564444	0.5268816041048012	trials	210620TX	p57	Z11111	54	17.0	2.0	3585.0237915644443	3585.250673168549
3585.3040746066436	0.5268816041048012	trials	210620TX	p57	Z11111	85	28.0	0.0	3585.4540746066436	3585.6809562107483
3585.764397861234	0.5268816041048012	trials	210620TX	p57	Z11111	52	17.0	0.0	3585.914397861234	3586.141279465339
3586.2147210451217	0.526881604105256	trials	210620TX	p57	Z11111	113	37.0	1.0	3586.3647210451218	3586.591602649227
3586.645004087321	0.526881604105256	trials	210620TX	p57	Z11111	1	0.0	0.0	3586.795004087321	3587.021885691426
3590.7477930949763	0.5068814626993117	trials	210620TX	p57	Z11111	51	16.0	2.0	3590.8977930949764	3591.1046745576755
3593.6797738247496	0.5068814626993117	trials	210620TX	p57	Z11111	65	21.0	1.0	3593.8297738247497	3594.036655287449
3594.0900567255435	0.5268816041048012	trials	210620TX	p57	Z11111	119	39.0	1.0	3594.2400567255436	3594.466938329648
3594.540379909431	0.526881604105256	trials	210620TX	p57	Z11111	19	6.0	0.0	3594.690379909431	3594.9172615135362
3594.9806630223334	0.5268816041048012	trials	210620TX	p57	Z11111	41	13.0	1.0	3595.1306630223335	3595.357544626438
3595.4309862062214	0.5268816041043465	trials	210620TX	p57	Z11111	10	3.0	0.0	3595.5809862062215	3595.8078678103257
3595.8612692484203	0.526881604105256	trials	210620TX	p57	Z11111	84	27.0	2.0	3596.0112692484204	3596.2381508525255
3596.3115924323083	0.5268416038220494	trials	210620TX	p57	Z11111	56	18.0	1.0	3596.4615924323084	3596.6884340361303
3600.0140986098722	0.5068414624165598	trials	210620TX	p57	Z11111	103	34.0	0.0	3600.1640986098723	3600.3709400722887
3600.434381581369	0.5168815334022838	trials	210620TX	p57	Z11111	108	35.0	2.0	3600.584381581369	3600.8012631147712
3600.8746646942714	0.5268816041048012	trials	210620TX	p57	Z11111	82	27.0	0.0	3601.0246646942715	3601.251546298376
3601.324987878159	0.5368816748073186	trials	210620TX	p57	Z11111	55	18.0	0.0	3601.474987878159	3601.711869552966
3601.7853111327495	0.5268816041048012	trials	210620TX	p57	Z11111	103	34.0	0.0	3601.9353111327496	3602.162192736854
3602.215594174949	0.49684139171358765	trials	210620TX	p57	Z11111	0			3602.365594174949	3602.5624355666623
3602.655877287851	0.5268816041048012	trials	210620TX	p57	Z11111	52	17.0	0.0	3602.805877287851	3603.032758891956
3606.2083024043077	0.4968813919963395	trials	210620TX	p57	Z11111	120	39.0	2.0	3606.358302404308	3606.555183796304
3606.628585375804	0.526881604105256	trials	210620TX	p57	Z11111	110	36.0	1.0	3606.778585375804	3607.005466979909
3607.0688684887064	0.5269216043875531	trials	210620TX	p57	Z11111	54	17.0	2.0	3607.2188684887064	3607.445790093094
3607.519191672594	0.526881604105256	trials	210620TX	p57	Z11111	0			3607.669191672594	3607.896073276699
3607.969514856482	0.5268816041048012	trials	210620TX	p57	Z11111	10	3.0	0.0	3608.119514856482	3608.3463964605867
3608.419798040087	0.5268816041048012	trials	210620TX	p57	Z11111	33	10.0	2.0	3608.569798040087	3608.7966796441915
3608.860121153272	0.5268816041048012	trials	210620TX	p57	Z11111	108	35.0	2.0	3609.010121153272	3609.2370027573766
3612.3424657742435	0.5068814626993117	trials	210620TX	p57	Z11111	36	11.0	2.0	3612.4924657742436	3612.6993472369427
3612.7727888167256	0.5268416038220494	trials	210620TX	p57	Z11111	100	33.0	0.0	3612.9227888167256	3613.1496304205475
3613.203071858925	0.5268816041048012	trials	210620TX	p57	Z11111	38	12.0	1.0	3613.353071858925	3613.5799534630296
3613.643354971827	0.5268816041048012	trials	210620TX	p57	Z11111	104	34.0	1.0	3613.7933549718273	3614.020236575932
3614.0936781557148	0.5268816041048012	trials	210620TX	p57	Z11111	17	5.0	1.0	3614.243678155715	3614.4705597598195
3614.5439613393196	0.526881604105256	trials	210620TX	p57	Z11111	106	35.0	0.0	3614.6939613393197	3614.9208429434248
3614.9942845232076	0.5268816041048012	trials	210620TX	p57	Z11111	99	32.0	2.0	3615.1442845232077	3615.3711661273123
3618.546709639664	0.516841533119532	trials	210620TX	p57	Z11111	22	7.0	0.0	3618.6967096396643	3618.9135511727836
3618.9869927525665	0.5368816748077734	trials	210620TX	p57	Z11111	49	16.0	0.0	3619.1369927525666	3619.373874427374
3619.447316007157	0.5268816041048012	trials	210620TX	p57	Z11111	76	25.0	0.0	3619.597316007157	3619.8241976112618
3619.897599190762	0.5268816041048012	trials	210620TX	p57	Z11111	56	18.0	1.0	3620.047599190762	3620.2744807948666
3620.3479223746494	0.526881604105256	trials	210620TX	p57	Z11111	55	18.0	0.0	3620.4979223746495	3620.7248039787546
3620.7982455585375	0.5268816041048012	trials	210620TX	p57	Z11111	30	9.0	2.0	3620.9482455585376	3621.175127162642
3621.23852867144	0.5268816041048012	trials	210620TX	p57	Z11111	101	33.0	1.0	3621.38852867144	3621.6154102755445
3628.753621804864	0.49688139199679426	trials	210620TX	p57	Z11111	60	19.0	2.0	3628.903621804864	3629.1005031968607
3629.183944847346	0.5168815334027386	trials	210620TX	p57	Z11111	53	17.0	1.0	3629.333944847346	3629.5508263807487
3629.6242279602484	0.5368816748077734	trials	210620TX	p57	Z11111	41	13.0	1.0	3629.7742279602485	3630.011109635056
3630.084551214839	0.5268816041048012	trials	210620TX	p57	Z11111	37	12.0	0.0	3630.234551214839	3630.4614328189436
3630.5348343984438	0.526881604105256	trials	210620TX	p57	Z11111	117	38.0	2.0	3630.684834398444	3630.911716002549
3630.985157582332	0.5268816041048012	trials	210620TX	p57	Z11111	72	23.0	2.0	3631.135157582332	3631.3620391864365
3631.4354807662194	0.5268816041048012	trials	210620TX	p57	Z11111	6	1.0	2.0	3631.5854807662195	3631.812362370324
3635.007906024082	0.5068414624165598	trials	210620TX	p57	Z11111	83	27.0	1.0	3635.157906024082	3635.3647474864983
3635.438189066281	0.49684139171358765	trials	210620TX	p57	Z11111	23	7.0	1.0	3635.5881890662813	3635.7850304579947
3635.8684721084805	0.5268816041048012	trials	210620TX	p57	Z11111	77	25.0	1.0	3636.0184721084806	3636.2453537125853
3636.3187952923686	0.5268816041043465	trials	210620TX	p57	Z11111	28	9.0	0.0	3636.4687952923687	3636.695676896473
3636.7690784759734	0.5268816041048012	trials	210620TX	p57	Z11111	42	13.0	2.0	3636.9190784759735	3637.145960080078
3637.219401659861	0.5268816041048012	trials	210620TX	p57	Z11111	2	0.0	1.0	3637.369401659861	3637.5962832639657
3637.659684772763	0.526881604105256	trials	210620TX	p57	Z11111	115	38.0	0.0	3637.809684772763	3638.036566376868
3645.2248582602674	0.5068414624165598	trials	210620TX	p57	Z11111	8	2.0	1.0	3645.3748582602675	3645.581699722684
3645.635141161061	0.526881604105256	trials	210620TX	p57	Z11111	45	14.0	2.0	3645.785141161061	3646.012022765166
3646.085424344666	0.5268816041048012	trials	210620TX	p57	Z11111	18	5.0	2.0	3646.235424344666	3646.462305948771
3646.525707457568	0.5269216043880078	trials	210620TX	p57	Z11111	82	27.0	0.0	3646.675707457568	3646.902629061956
3646.976030641456	0.5268816041048012	trials	210620TX	p57	Z11111	67	22.0	0.0	3647.126030641456	3647.3529122455607
3647.4263538253435	0.5268816041048012	trials	210620TX	p57	Z11111	1	0.0	0.0	3647.5763538253436	3647.8032354294483
3647.8766370089484	0.526881604105256	trials	210620TX	p57	Z11111	105	34.0	2.0	3648.0266370089485	3648.2535186130535
3651.459062337514	0.5068814626993117	trials	210620TX	p57	Z11111	107	35.0	1.0	3651.609062337514	3651.815943800213
3651.889385379996	0.5268816041048012	trials	210620TX	p57	Z11111	43	14.0	0.0	3652.039385379996	3652.2662669841006
3652.329668492898	0.526881604105256	trials	210620TX	p57	Z11111	84	27.0	2.0	3652.479668492898	3652.706550097003
3652.779991676786	0.5268816041048012	trials	210620TX	p57	Z11111	111	36.0	2.0	3652.929991676786	3653.1568732808905
3653.2302748603906	0.5268816041048012	trials	210620TX	p57	Z11111	90	29.0	2.0	3653.3802748603907	3653.6071564644953
3653.680598044278	0.526881604105256	trials	210620TX	p57	Z11111	15	4.0	2.0	3653.8305980442783	3654.0574796483834
3654.1108810864775	0.526881604105256	trials	210620TX	p57	Z11111	98	32.0	1.0	3654.2608810864776	3654.4877626905827
3661.5659737956853	0.4968413917140424	trials	210620TX	p57	Z11111	0			3661.7159737956854	3661.9128151873992
3661.986256767182	0.5368816748077734	trials	210620TX	p57	Z11111	86	28.0	1.0	3662.136256767182	3662.37313844199
3662.4265398800844	0.5268816041048012	trials	210620TX	p57	Z11111	48	15.0	2.0	3662.5765398800845	3662.803421484189
3662.876863063972	0.526881604105256	trials	210620TX	p57	Z11111	79	26.0	0.0	3663.026863063972	3663.253744668077
3663.3271462475773	0.5268816041043465	trials	210620TX	p57	Z11111	29	9.0	1.0	3663.4771462475774	3663.7040278516815
3663.767469360762	0.526881604105256	trials	210620TX	p57	Z11111	4	1.0	0.0	3663.917469360762	3664.144350964867
3664.217752544367	0.5268816041043465	trials	210620TX	p57	Z11111	7	2.0	0.0	3664.3677525443672	3664.5946341484714
3668.030339500227	0.5068814626997664	trials	210620TX	p57	Z11111	97	32.0	0.0	3668.180339500227	3668.3872209629267
3668.4606625427095	0.5268816041048012	trials	210620TX	p57	Z11111	25	8.0	0.0	3668.6106625427096	3668.8375441468143
3668.900945655612	0.5268816041043465	trials	210620TX	p57	Z11111	26	8.0	1.0	3669.050945655612	3669.277827259716
3669.351268839499	0.526881604105256	trials	210620TX	p57	Z11111	87	28.0	2.0	3669.501268839499	3669.728150443604
3669.8015520231043	0.526881604105256	trials	210620TX	p57	Z11111	9	2.0	2.0	3669.9515520231043	3670.1784336272094
3670.2518752069923	0.5268816041048012	trials	210620TX	p57	Z11111	96	31.0	2.0	3670.4018752069924	3670.628756811097
3670.702158390597	0.4968813919963395	trials	210620TX	p57	Z11111	93	30.0	2.0	3670.852158390597	3671.0490397825934
3674.244583436351	0.49684139171358765	trials	210620TX	p57	Z11111	68	22.0	1.0	3674.3945834363512	3674.5914248280646
3674.6548663371445	0.526881604105256	trials	210620TX	p57	Z11111	57	18.0	2.0	3674.8048663371446	3675.0317479412497
3675.10514952075	0.5268816041048012	trials	210620TX	p57	Z11111	112	37.0	0.0	3675.25514952075	3675.4820311248545
3675.535472563232	0.526881604105256	trials	210620TX	p57	Z11111	59	19.0	1.0	3675.685472563232	3675.912354167337
3675.9857557468367	0.5268816041048012	trials	210620TX	p57	Z11111	65	21.0	1.0	3676.135755746837	3676.3626373509414
3676.426078860022	0.526881604105256	trials	210620TX	p57	Z11111	102	33.0	2.0	3676.576078860022	3676.802960464127
3676.856361902221	0.526881604105256	trials	210620TX	p57	Z11111	95	31.0	1.0	3677.006361902221	3677.2332435063263
3680.5588680797855	0.5068814626993117	trials	210620TX	p57	Z11111	19	6.0	0.0	3680.7088680797856	3680.9157495424847
3680.9891511219844	0.526881604105256	trials	210620TX	p57	Z11111	51	16.0	2.0	3681.1391511219845	3681.3660327260895
3681.4394743058724	0.526881604105256	trials	210620TX	p57	Z11111	78	25.0	2.0	3681.5894743058725	3681.8163559099776
3681.8797574187747	0.5268816041048012	trials	210620TX	p57	Z11111	116	38.0	1.0	3682.029757418775	3682.2566390228794
3682.3300806026623	0.5268816041048012	trials	210620TX	p57	Z11111	24	7.0	2.0	3682.4800806026624	3682.706962206767
3682.78040378655	0.526881604105256	trials	210620TX	p57	Z11111	81	26.0	2.0	3682.93040378655	3683.157285390655
3683.220686899452	0.5168815334022838	trials	210620TX	p57	Z11111	16	5.0	0.0	3683.3706868994523	3683.5875684328544
3687.683718454104	0.5068814626997664	trials	210620TX	p57	Z11111	74	24.0	1.0	3687.833718454104	3688.040599916804
3688.1140014963034	0.526881604105256	trials	210620TX	p57	Z11111	34	11.0	0.0	3688.2640014963035	3688.4908831004086
3688.554324609489	0.5268816041048012	trials	210620TX	p57	Z11111	58	19.0	0.0	3688.704324609489	3688.9312062135937
3689.0046077930933	0.526881604105256	trials	210620TX	p57	Z11111	89	29.0	1.0	3689.1546077930934	3689.3814893971985
3689.4549309769814	0.526881604105256	trials	210620TX	p57	Z11111	63	20.0	2.0	3689.6049309769814	3689.8318125810865
3689.9052541608694	0.5268816041043465	trials	210620TX	p57	Z11111	39	12.0	2.0	3690.0552541608695	3690.2821357649736
3690.355537344474	0.4968813919963395	trials	210620TX	p57	Z11111	27	8.0	2.0	3690.5055373444743	3690.7024187364705
3693.978002956133	0.5068814626993117	trials	210620TX	p57	Z11111	61	20.0	0.0	3694.128002956133	3694.334884418832
3694.388285856927	0.526881604105256	trials	210620TX	p57	Z11111	20	6.0	1.0	3694.538285856927	3694.765167461032
3694.8385690405316	0.5269216043880078	trials	210620TX	p57	Z11111	71	23.0	1.0	3694.9885690405317	3695.2154906449196
3695.2888922244197	0.526881604105256	trials	210620TX	p57	Z11111	92	30.0	1.0	3695.4388922244198	3695.665773828525
3695.729175337322	0.5269216043875531	trials	210620TX	p57	Z11111	46	15.0	0.0	3695.879175337322	3696.1060969417094
3696.1794985212096	0.526881604105256	trials	210620TX	p57	Z11111	64	21.0	0.0	3696.3294985212096	3696.5563801253147
3696.609781563409	0.526881604105256	trials	210620TX	p57	Z11111	35	11.0	1.0	3696.759781563409	3696.986663167514
3700.282287528865	0.5068814626993117	trials	210620TX	p57	Z11111	113	37.0	1.0	3700.432287528865	3700.639168991564
3700.712610571347	0.5268416038220494	trials	210620TX	p57	Z11111	109	36.0	0.0	3700.862610571347	3701.089452175169
3701.1628937549517	0.526881604105256	trials	210620TX	p57	Z11111	12	3.0	2.0	3701.312893754952	3701.539775359057
3701.6132169388397	0.49684139171358765	trials	210620TX	p57	Z11111	47	15.0	1.0	3701.76321693884	3701.9600583305532
3702.043499981039	0.526881604105256	trials	210620TX	p57	Z11111	69	22.0	2.0	3702.193499981039	3702.4203815851442
3702.493783164644	0.5369216750905252	trials	210620TX	p57	Z11111	85	28.0	0.0	3702.643783164644	3702.8807048397343
3706.0762484934917	0.5168815334022838	trials	210620TX	p57	Z11111	13	4.0	0.0	3706.2262484934918	3706.443130026894
3706.5165316063944	0.5268816041043465	trials	210620TX	p57	Z11111	80	26.0	1.0	3706.6665316063945	3706.8934132104987
3706.9668547902816	0.526881604105256	trials	210620TX	p57	Z11111	88	29.0	0.0	3707.1168547902816	3707.3437363943867
3707.417137973887	0.5268816041048012	trials	210620TX	p57	Z11111	21	6.0	2.0	3707.567137973887	3707.7940195779915
3707.847421016086	0.49688139199679426	trials	210620TX	p57	Z11111	0			3707.9974210160863	3708.194302408083
3708.2577039168796	0.5168815334027386	trials	210620TX	p57	Z11111	40	13.0	0.0	3708.4077039168797	3708.624585450282
3708.7080271007676	0.526881604105256	trials	210620TX	p57	Z11111	11	3.0	1.0	3708.8580271007677	3709.0849087048728
3712.520614056628	0.5068814626997664	trials	210620TX	p57	Z11111	50	16.0	1.0	3712.670614056628	3712.8774955193276
3712.9408970281243	0.5168815334022838	trials	210620TX	p57	Z11111	75	24.0	2.0	3713.0908970281243	3713.3077785615264
3713.381180141027	0.5369216750905252	trials	210620TX	p57	Z11111	5	1.0	1.0	3713.531180141027	3713.7681018161175
3713.8215032542116	0.526881604105256	trials	210620TX	p57	Z11111	32	10.0	1.0	3713.9715032542117	3714.198384858317
3714.2718264380997	0.5268816041048012	trials	210620TX	p57	Z11111	66	21.0	2.0	3714.4218264380997	3714.6487080422044
3714.7221096217045	0.5268816041048012	trials	210620TX	p57	Z11111	73	24.0	0.0	3714.8721096217046	3715.098991225809
3715.172432805592	0.526881604105256	trials	210620TX	p57	Z11111	119	39.0	1.0	3715.322432805592	3715.549314409697
3719.165141034951	0.5068814626993117	trials	210620TX	p57	Z11111	44	14.0	1.0	3719.315141034951	3719.52202249765
3719.5754239357448	0.5268816041048012	trials	210620TX	p57	Z11111	14	4.0	1.0	3719.725423935745	3719.9523055398495
3720.0257071193496	0.526881604105256	trials	210620TX	p57	Z11111	70	23.0	0.0	3720.1757071193497	3720.4025887234548
3720.4760303032376	0.49684139171358765	trials	210620TX	p57	Z11111	114	37.0	2.0	3720.6260303032377	3720.822871694951
3720.9163134161395	0.526881604105256	trials	210620TX	p57	Z11111	91	30.0	0.0	3721.0663134161396	3721.2931950202446
3721.3466364586216	0.526881604105256	trials	210620TX	p57	Z11111	31	10.0	0.0	3721.4966364586217	3721.7235180627267
3721.796919642227	0.49688139199679426	trials	210620TX	p57	Z11111	3	0.0	2.0	3721.946919642227	3722.1438010342235
3725.699587234978	0.5068814626993117	trials	210620TX	p57	Z11111	62	20.0	1.0	3725.849587234978	3726.0564686976772
3726.1198702064744	0.5168815334022838	trials	210620TX	p57	Z11111	94	31.0	0.0	3726.2698702064745	3726.4867517398766
3726.5501532486737	0.526881604105256	trials	210620TX	p57	Z11111	118	39.0	0.0	3726.700153248674	3726.927034852779
