onset	duration	nwb_table	ses_ID	pen_ID	sub_ID	cond_ID	stim_ID	mode	pdOnTS	pdOffTS
943.4342017217042	0.5028812536671694	trials	200628TX	p51	Z08115	100	33.0	0.0	943.5842017217042	943.7870829753714
943.8509242967643	0.5278814081509609	trials	200628TX	p51	Z08115	48	15.0	2.0	944.0009242967643	944.2288057049153
944.3176871810393	0.527841407903793	trials	200628TX	p51	Z08115	45	14.0	2.0	944.4676871810393	944.6955285889431
944.7510498589238	0.5278814081510745	trials	200628TX	p51	Z08115	0			944.9010498589238	945.1289312670749
945.1927725884678	0.5195613567386772	trials	200628TX	p51	Z08115	7	2.0	0.0	945.3427725884678	945.5623339452065
945.6261752665995	0.519521356491623	trials	200628TX	p51	Z08115	55	18.0	0.0	945.7761752665995	945.9956966230911
946.0595779447312	0.5278414079039067	trials	200628TX	p51	Z08115	25	8.0	0.0	946.2095779447312	946.4374193526352
946.492980622863	0.527841407903793	trials	200628TX	p51	Z08115	40	13.0	0.0	946.642980622863	946.8708220307668
950.2601239012286	0.5028412534200015	trials	200628TX	p51	Z08115	46	15.0	0.0	950.4101239012285	950.6129651546486
950.6768464762887	0.519521356491623	trials	200628TX	p51	Z08115	112	37.0	0.0	950.8268464762887	951.0463678327803
951.1102491544204	0.519521356491623	trials	200628TX	p51	Z08115	33	10.0	2.0	951.2602491544204	951.4797705109121
951.543611832305	0.5278814081509609	trials	200628TX	p51	Z08115	37	12.0	0.0	951.693611832305	951.921493240456
951.9770145104368	0.5028812536670557	trials	200628TX	p51	Z08115	42	13.0	2.0	952.1270145104368	952.3298957641039
952.4104171885684	0.5278414079039067	trials	200628TX	p51	Z08115	94	31.0	0.0	952.5604171885684	952.7882585964724
952.8521399181125	0.5195213564915093	trials	200628TX	p51	Z08115	75	24.0	2.0	953.0021399181124	953.221661274604
953.2855425962442	0.5195213564915093	trials	200628TX	p51	Z08115	106	35.0	0.0	953.4355425962442	953.6550639527358
958.6195755569149	0.5112013050793394	trials	200628TX	p51	Z08115	9	2.0	2.0	958.7695755569149	958.9807768619943
959.0362981319751	0.5278814081509609	trials	200628TX	p51	Z08115	72	23.0	2.0	959.186298131975	959.414179540126
959.4697008101067	0.5278414079039067	trials	200628TX	p51	Z08115	21	6.0	2.0	959.6197008101067	959.8475422180106
959.9030634879913	0.5278814081510745	trials	200628TX	p51	Z08115	78	25.0	2.0	960.0530634879913	960.2809448961424
960.336466166123	0.5278814081509609	trials	200628TX	p51	Z08115	58	19.0	0.0	960.486466166123	960.714347574274
960.778188895667	0.519521356491623	trials	200628TX	p51	Z08115	54	17.0	2.0	960.928188895667	961.1477102521586
961.2115915737987	0.49452120200783156	trials	200628TX	p51	Z08115	93	30.0	2.0	961.3615915737987	961.5561127758066
961.6449942519305	0.527841407903793	trials	200628TX	p51	Z08115	67	22.0	0.0	961.7949942519305	962.0228356598343
965.2121362944254	0.5028412534200015	trials	200628TX	p51	Z08115	81	26.0	2.0	965.3621362944253	965.5649775478454
965.6288188692383	0.5195613567387909	trials	200628TX	p51	Z08115	88	29.0	0.0	965.7788188692383	965.9983802259771
966.0622215473701	0.5278814081509609	trials	200628TX	p51	Z08115	22	7.0	0.0	966.2122215473701	966.4401029555211
966.4955842252547	0.5279214083981287	trials	200628TX	p51	Z08115	49	16.0	0.0	966.6455842252547	966.8735056336528
966.9289869033863	0.5278814081510745	trials	200628TX	p51	Z08115	117	38.0	2.0	967.0789869033863	967.3068683115374
967.3623895815181	0.5278814081510745	trials	200628TX	p51	Z08115	43	14.0	0.0	967.512389581518	967.7402709896692
967.8041123110621	0.5195613567386772	trials	200628TX	p51	Z08115	6	1.0	2.0	967.9541123110621	968.1736736678008
968.2375149891938	0.519521356491623	trials	200628TX	p51	Z08115	61	20.0	0.0	968.3875149891937	968.6070363456854
971.7963369802765	0.49452120200783156	trials	200628TX	p51	Z08115	1	0.0	0.0	971.9463369802764	972.1408581822843
972.196379452265	0.5278814081509609	trials	200628TX	p51	Z08115	15	4.0	2.0	972.346379452265	972.574260860416
974.6633546964825	0.5028812536671694	trials	200628TX	p51	Z08115	120	39.0	2.0	974.8133546964825	975.0162359501497
975.0717572201304	0.5278814081509609	trials	200628TX	p51	Z08115	0			975.2217572201304	975.4496386282814
975.5218400013338	0.527841407903793	trials	200628TX	p51	Z08115	73	24.0	0.0	975.6718400013337	975.8996814092376
975.9635227306305	0.5195613567387909	trials	200628TX	p51	Z08115	99	32.0	2.0	976.1135227306305	976.3330840873693
976.3969254087623	0.5278814081509609	trials	200628TX	p51	Z08115	51	16.0	2.0	976.5469254087623	976.7748068169133
976.830328086894	0.5278814081509609	trials	200628TX	p51	Z08115	3	0.0	2.0	976.980328086894	977.208209495045
977.272050816438	0.519521356491623	trials	200628TX	p51	Z08115	19	6.0	0.0	977.422050816438	977.6415721729296
977.7137735459819	0.5028812536671694	trials	200628TX	p51	Z08115	28	9.0	0.0	977.8637735459819	978.0666547996491
983.289528000326	0.5028412534200015	trials	200628TX	p51	Z08115	114	37.0	2.0	983.4395280003259	983.642369253746
983.7062505753861	0.527841407903793	trials	200628TX	p51	Z08115	96	31.0	2.0	983.8562505753861	984.0840919832899
984.1396132532707	0.5278814081509609	trials	200628TX	p51	Z08115	115	38.0	0.0	984.2896132532707	984.5174946614217
984.5730159314023	0.5278814081510745	trials	200628TX	p51	Z08115	52	17.0	0.0	984.7230159314023	984.9508973395534
985.0064186095341	0.5278814081510745	trials	200628TX	p51	Z08115	111	36.0	2.0	985.1564186095341	985.3843000176852
985.4481413390781	0.5195213564915093	trials	200628TX	p51	Z08115	39	12.0	2.0	985.5981413390781	985.8176626955697
985.8815440172098	0.519521356491623	trials	200628TX	p51	Z08115	24	7.0	2.0	986.0315440172097	986.2510653737014
986.3149066950944	0.5278814081510745	trials	200628TX	p51	Z08115	34	11.0	0.0	986.4649066950943	986.6927881032454
989.8320484286216	0.5028812536670557	trials	200628TX	p51	Z08115	31	10.0	0.0	989.9820484286216	990.1849296822887
990.2404509522695	0.527841407903793	trials	200628TX	p51	Z08115	0			990.3904509522695	990.6182923601733
990.6821736818134	0.519521356491623	trials	200628TX	p51	Z08115	87	28.0	2.0	990.8321736818134	991.0516950383051
991.115536359698	0.5278814081509609	trials	200628TX	p51	Z08115	82	27.0	0.0	991.265536359698	991.493417767849
991.5489390378298	0.5278814081509609	trials	200628TX	p51	Z08115	13	4.0	0.0	991.6989390378297	991.9268204459808
991.9823417159615	0.5278814081509609	trials	200628TX	p51	Z08115	85	28.0	0.0	992.1323417159615	992.3602231241125
992.4157043938461	0.5278814081509609	trials	200628TX	p51	Z08115	18	5.0	2.0	992.5657043938461	992.7935858019971
992.8574671236372	0.519521356491623	trials	200628TX	p51	Z08115	30	9.0	2.0	993.0074671236372	993.2269884801289
996.3579287540928	0.5028412534200015	trials	200628TX	p51	Z08115	91	30.0	0.0	996.5079287540927	996.7107700075128
996.7662912774936	0.5278814081509609	trials	200628TX	p51	Z08115	63	20.0	2.0	996.9162912774935	997.1441726856445
997.1996939556253	0.5278814081509609	trials	200628TX	p51	Z08115	108	35.0	2.0	997.3496939556253	997.5775753637763
997.6414166851692	0.5195613567387909	trials	200628TX	p51	Z08115	102	33.0	2.0	997.7914166851692	998.0109780419081
1000.1000718779745	0.5028812536671694	trials	200628TX	p51	Z08115	76	25.0	0.0	1000.2500718779745	1000.4529531316417
1000.5167944530347	0.5195613567387909	trials	200628TX	p51	Z08115	69	22.0	2.0	1000.6667944530346	1000.8863558097735
1000.9501971311664	0.519521356491623	trials	200628TX	p51	Z08115	10	3.0	0.0	1001.1001971311664	1001.3197184876581
1001.3835998092982	0.527841407903793	trials	200628TX	p51	Z08115	64	21.0	0.0	1001.5335998092982	1001.761441217202
1001.8169624871826	0.5278814081510745	trials	200628TX	p51	Z08115	118	39.0	0.0	1001.9669624871826	1002.1948438953337
1002.2503651653144	0.5278814081510745	trials	200628TX	p51	Z08115	109	36.0	0.0	1002.4003651653144	1002.6282465734655
1002.6920878948584	0.5195613567386772	trials	200628TX	p51	Z08115	12	3.0	2.0	1002.8420878948584	1003.0616492515971
1003.1254905729901	0.519521356491623	trials	200628TX	p51	Z08115	60	19.0	2.0	1003.2754905729901	1003.4950119294817
1006.8593136454597	0.5028812536671694	trials	200628TX	p51	Z08115	16	5.0	0.0	1007.0093136454597	1007.2121948991269
1007.3093564264158	0.5278814081510745	trials	200628TX	p51	Z08115	4	1.0	0.0	1007.4593564264158	1007.6872378345669
1007.7677592590313	0.5278814081510745	trials	200628TX	p51	Z08115	105	34.0	2.0	1007.9177592590313	1008.1456406671824
1008.2094819885754	0.5195613567387909	trials	200628TX	p51	Z08115	97	32.0	0.0	1008.3594819885753	1008.5790433453142
1008.6428846667071	0.5278814081509609	trials	200628TX	p51	Z08115	27	8.0	2.0	1008.7928846667071	1009.0207660748581
1009.0762873448388	0.5278414079039067	trials	200628TX	p51	Z08115	90	29.0	2.0	1009.2262873448387	1009.4541287527427
1009.5096900229705	0.527841407903793	trials	200628TX	p51	Z08115	79	26.0	0.0	1009.6596900229705	1009.8875314308743
1009.9430527008551	0.5278814081509609	trials	200628TX	p51	Z08115	103	34.0	0.0	1010.0930527008551	1010.3209341090061
1012.1600264002343	0.5028412534200015	trials	200628TX	p51	Z08115	70	23.0	0.0	1012.3100264002343	1012.5128676536543
1012.5767489752944	0.519521356491623	trials	200628TX	p51	Z08115	57	18.0	2.0	1012.7267489752944	1012.9462703317861
1013.0101516534262	0.5195213564915093	trials	200628TX	p51	Z08115	0			1013.1601516534262	1013.3796730099177
1013.4435143313107	0.5278814081510745	trials	200628TX	p51	Z08115	36	11.0	2.0	1013.5935143313106	1013.8213957394618
1013.8769170094424	0.5278814081510745	trials	200628TX	p51	Z08115	84	27.0	2.0	1014.0269170094424	1014.2547984175935
1014.3103196875742	0.5278414079039067	trials	200628TX	p51	Z08115	66	21.0	2.0	1014.4603196875742	1014.6881610954781
1014.7436823654588	0.5278814081509609	trials	200628TX	p51	Z08115	3	0.0	2.0	1014.8936823654587	1015.1215637736098
1015.1770850435905	0.5278814081509609	trials	200628TX	p51	Z08115	87	28.0	2.0	1015.3270850435905	1015.5549664517415
1018.6692266226339	0.519521356491623	trials	200628TX	p51	Z08115	72	23.0	2.0	1018.8192266226339	1019.0387479791256
1019.0942692491062	0.5278814081510745	trials	200628TX	p51	Z08115	93	30.0	2.0	1019.2442692491062	1019.4721506572573
1019.527671927238	0.5278814081509609	trials	200628TX	p51	Z08115	66	21.0	2.0	1019.677671927238	1019.905553335389
1019.9610746053697	0.527841407903793	trials	200628TX	p51	Z08115	73	24.0	0.0	1020.1110746053697	1020.3389160132735
1020.4027573346665	0.5195613567387909	trials	200628TX	p51	Z08115	79	26.0	0.0	1020.5527573346665	1020.7723186914053
1020.8528401158699	0.519521356491623	trials	200628TX	p51	Z08115	30	9.0	2.0	1021.0028401158698	1021.2223614723615
1021.2862427940016	0.527841407903793	trials	200628TX	p51	Z08115	111	36.0	2.0	1021.4362427940016	1021.6640842019054
1021.7196054718861	0.5278814081510745	trials	200628TX	p51	Z08115	7	2.0	0.0	1021.8696054718861	1022.0974868800372
1025.3284677721836	0.49448120176089105	trials	200628TX	p51	Z08115	97	32.0	0.0	1025.4784677721836	1025.6729489739444
1025.7368302955842	0.5195213564918504	trials	200628TX	p51	Z08115	69	22.0	2.0	1025.8868302955843	1026.106351652076
1026.1701929734688	0.5278814081511882	trials	200628TX	p51	Z08115	39	12.0	2.0	1026.320192973469	1026.54807438162
1026.6035956516007	0.5278814081511882	trials	200628TX	p51	Z08115	10	3.0	0.0	1026.7535956516008	1026.9814770597518
1027.0369983297323	0.5278814081511882	trials	200628TX	p51	Z08115	103	34.0	0.0	1027.1869983297324	1027.4148797378834
1029.38733285319	0.5028412534202289	trials	200628TX	p51	Z08115	43	14.0	0.0	1029.53733285319	1029.74017410661
1029.7956953765909	0.5278814081511882	trials	200628TX	p51	Z08115	118	39.0	0.0	1029.945695376591	1030.173576784742
1030.2374181061348	0.5195613567389046	trials	200628TX	p51	Z08115	81	26.0	2.0	1030.3874181061349	1030.6069794628736
1030.6708207842664	0.5195213564918504	trials	200628TX	p51	Z08115	102	33.0	2.0	1030.8208207842665	1031.0403421407582
1031.104183462151	0.5278814081511882	trials	200628TX	p51	Z08115	57	18.0	2.0	1031.254183462151	1031.482064870302
1033.5545186035442	0.5028812536672831	trials	200628TX	p51	Z08115	117	38.0	2.0	1033.7045186035443	1033.9073998572114
1033.962921127192	0.5278814081511882	trials	200628TX	p51	Z08115	109	36.0	0.0	1034.112921127192	1034.340802535343
1034.3963238053238	0.5278414079039067	trials	200628TX	p51	Z08115	28	9.0	0.0	1034.546323805324	1034.7741652132277
1034.8380065346205	0.519561356739132	trials	200628TX	p51	Z08115	106	35.0	0.0	1034.9880065346206	1035.2075678913595
1035.2714092127524	0.5195613567389046	trials	200628TX	p51	Z08115	96	31.0	2.0	1035.4214092127525	1035.6409705694912
1035.704811890884	0.519561356739132	trials	200628TX	p51	Z08115	78	25.0	2.0	1035.854811890884	1036.074373247623
1036.1381745687686	0.5278814081511882	trials	200628TX	p51	Z08115	18	5.0	2.0	1036.2881745687687	1036.5160559769197
1036.5715772469002	0.5278814081514156	trials	200628TX	p51	Z08115	115	38.0	0.0	1036.7215772469003	1036.9494586550516
1040.1053990834992	0.5028812536675105	trials	200628TX	p51	Z08115	84	27.0	2.0	1040.2553990834992	1040.4582803371666
1040.5221216585594	0.519521356491623	trials	200628TX	p51	Z08115	61	20.0	0.0	1040.6721216585595	1040.891643015051
1042.847416027286	0.5028812536672831	trials	200628TX	p51	Z08115	22	7.0	0.0	1042.9974160272861	1043.2002972809532
1043.264138602346	0.519561356739132	trials	200628TX	p51	Z08115	63	20.0	2.0	1043.4141386023462	1043.633699959085
1043.7142213835496	0.5278414079039067	trials	200628TX	p51	Z08115	99	32.0	2.0	1043.8642213835496	1044.0920627914534
1044.1809442675774	0.5278814081511882	trials	200628TX	p51	Z08115	25	8.0	0.0	1044.3309442675775	1044.5588256757285
1044.614346945709	0.527841407904134	trials	200628TX	p51	Z08115	100	33.0	0.0	1044.7643469457091	1044.992188353613
1045.056069675253	0.5195213564918504	trials	200628TX	p51	Z08115	46	15.0	0.0	1045.206069675253	1045.4255910317447
1045.5061124562092	0.5195613567389046	trials	200628TX	p51	Z08115	55	18.0	0.0	1045.6561124562093	1045.875673812948
1045.939515134341	0.5278814081511882	trials	200628TX	p51	Z08115	21	6.0	2.0	1046.0895151343411	1046.3173965424921
1049.3566162496857	0.5028812536672831	trials	200628TX	p51	Z08115	40	13.0	0.0	1049.5066162496857	1049.7094975033528
1049.7983789794769	0.5278414079039067	trials	200628TX	p51	Z08115	34	11.0	0.0	1049.948378979477	1050.1762203873807
1050.2400617087735	0.519561356739132	trials	200628TX	p51	Z08115	4	1.0	0.0	1050.3900617087736	1050.6096230655126
1050.6734643869054	0.5195613567389046	trials	200628TX	p51	Z08115	48	15.0	2.0	1050.8234643869055	1051.0430257436442
1051.106867065037	0.527841407904134	trials	200628TX	p51	Z08115	6	1.0	2.0	1051.256867065037	1051.484708472941
1051.5402297429216	0.5278814081511882	trials	200628TX	p51	Z08115	45	14.0	2.0	1051.6902297429217	1051.9181111510727
1051.9736324210533	0.5278814081511882	trials	200628TX	p51	Z08115	24	7.0	2.0	1052.1236324210533	1052.3515138292044
1054.4406076652708	0.5028812536675105	trials	200628TX	p51	Z08115	1	0.0	0.0	1054.590607665271	1054.7934889189382
1054.8490501891658	0.527841407904134	trials	200628TX	p51	Z08115	108	35.0	2.0	1054.999050189166	1055.2268915970699
1055.2907329184627	0.5195613567389046	trials	200628TX	p51	Z08115	12	3.0	2.0	1055.4407329184628	1055.6602942752015
1055.7241355965944	0.519561356739132	trials	200628TX	p51	Z08115	120	39.0	2.0	1055.8741355965944	1056.0936969533334
1056.1575382747262	0.5278814081511882	trials	200628TX	p51	Z08115	16	5.0	0.0	1056.3075382747263	1056.5354196828773
1056.5909409528579	0.527841407904134	trials	200628TX	p51	Z08115	0			1056.740940952858	1056.968782360762
1057.0243036307425	0.5278814081511882	trials	200628TX	p51	Z08115	114	37.0	2.0	1057.1743036307425	1057.4021850388935
1057.457706308874	0.5278814081514156	trials	200628TX	p51	Z08115	13	4.0	0.0	1057.6077063088742	1057.8355877170254
1061.0332084030285	0.5028412534202289	trials	200628TX	p51	Z08115	112	37.0	0.0	1061.1832084030286	1061.3860496564487
1061.4415709264292	0.5278814081511882	trials	200628TX	p51	Z08115	0			1061.5915709264293	1061.8194523345803
1061.8749736045609	0.527841407904134	trials	200628TX	p51	Z08115	15	4.0	2.0	1062.024973604561	1062.252815012465
1062.3083762826927	0.5278414079039067	trials	200628TX	p51	Z08115	64	21.0	0.0	1062.4583762826928	1062.6862176905965
1062.7417389605773	0.5278814081511882	trials	200628TX	p51	Z08115	0			1062.8917389605774	1063.1196203687284
1063.1834616901212	0.5195613567389046	trials	200628TX	p51	Z08115	94	31.0	0.0	1063.3334616901213	1063.55302304686
1063.616864368253	0.5278814081514156	trials	200628TX	p51	Z08115	42	13.0	2.0	1063.766864368253	1063.9947457764042
1064.0502670463848	0.5278414079039067	trials	200628TX	p51	Z08115	27	8.0	2.0	1064.2002670463849	1064.4281084542886
1067.7840901188542	0.5195213564918504	trials	200628TX	p51	Z08115	0			1067.9340901188543	1068.153611475346
1068.2174527967388	0.5195613567389046	trials	200628TX	p51	Z08115	70	23.0	0.0	1068.367452796739	1068.5870141534776
1068.6508554748705	0.5278814081511882	trials	200628TX	p51	Z08115	75	24.0	2.0	1068.8008554748706	1069.0287368830216
1069.0842581530023	0.5278814081511882	trials	200628TX	p51	Z08115	67	22.0	0.0	1069.2342581530024	1069.4621395611534
1069.517660831134	0.527841407904134	trials	200628TX	p51	Z08115	60	19.0	2.0	1069.667660831134	1069.895502239038
1069.9510235090186	0.5278814081511882	trials	200628TX	p51	Z08115	58	19.0	0.0	1070.1010235090187	1070.3289049171697
1070.3927862388098	0.5195213564918504	trials	200628TX	p51	Z08115	37	12.0	0.0	1070.5427862388099	1070.7623075953015
1070.8261489166944	0.5278414079039067	trials	200628TX	p51	Z08115	76	25.0	0.0	1070.9761489166945	1071.2039903245982
1076.368543164895	0.5028812536672831	trials	200628TX	p51	Z08115	36	11.0	2.0	1076.5185431648952	1076.7214244185623
1076.776945688543	0.5278814081511882	trials	200628TX	p51	Z08115	88	29.0	0.0	1076.9269456885431	1077.1548270966941
1077.2103483666747	0.5278414079039067	trials	200628TX	p51	Z08115	85	28.0	0.0	1077.3603483666748	1077.5881897745785
1077.6520710962186	0.5195213564918504	trials	200628TX	p51	Z08115	9	2.0	2.0	1077.8020710962187	1078.0215924527104
1078.0854337741032	0.5195613567389046	trials	200628TX	p51	Z08115	31	10.0	0.0	1078.2354337741033	1078.454995130842
1078.518836452235	0.5278814081511882	trials	200628TX	p51	Z08115	105	34.0	2.0	1078.6688364522352	1078.8967178603862
1078.9522391303667	0.5278414079039067	trials	200628TX	p51	Z08115	91	30.0	0.0	1079.1022391303668	1079.3300805382705
1079.3856418084983	0.527841407904134	trials	200628TX	p51	Z08115	90	29.0	2.0	1079.5356418084984	1079.7634832164024
1083.002784159961	0.5028412534202289	trials	200628TX	p51	Z08115	49	16.0	0.0	1083.1527841599611	1083.3556254133812
1083.419506735021	0.527841407904134	trials	200628TX	p51	Z08115	54	17.0	2.0	1083.5695067350212	1083.797348142925
1083.8528694129056	0.5278814081511882	trials	200628TX	p51	Z08115	19	6.0	0.0	1084.0028694129057	1084.2307508210567
1084.2862720910375	0.5278814081511882	trials	200628TX	p51	Z08115	51	16.0	2.0	1084.4362720910376	1084.6641534991886
1084.7196747691692	0.5278414079039067	trials	200628TX	p51	Z08115	82	27.0	0.0	1084.8696747691693	1085.097516177073
1085.161397498713	0.5195213564918504	trials	200628TX	p51	Z08115	52	17.0	0.0	1085.3113974987132	1085.5309188552048
1085.5948001768447	0.5195213564918504	trials	200628TX	p51	Z08115	33	10.0	2.0	1085.7448001768448	1085.9643215333365
1086.0281628547293	0.5278814081514156	trials	200628TX	p51	Z08115	24	7.0	2.0	1086.1781628547294	1086.4060442628806
1089.8786666482058	0.5028812536675105	trials	200628TX	p51	Z08115	51	16.0	2.0	1090.028666648206	1090.2315479018732
1090.295389223266	0.5195613567389046	trials	200628TX	p51	Z08115	120	39.0	2.0	1090.4453892232661	1090.6649505800049
1090.7287919013977	0.49452120200794525	trials	200628TX	p51	Z08115	0			1090.8787919013978	1091.0733131034056
1091.1621945795296	0.5278414079039067	trials	200628TX	p51	Z08115	57	18.0	2.0	1091.3121945795297	1091.5400359874334
1091.595557257414	0.5278814081511882	trials	200628TX	p51	Z08115	49	16.0	0.0	1091.745557257414	1091.973438665565
1092.0289599355458	0.5278814081511882	trials	200628TX	p51	Z08115	31	10.0	0.0	1092.178959935546	1092.406841343697
1092.4706826650897	0.5195613567389046	trials	200628TX	p51	Z08115	76	25.0	0.0	1092.6206826650898	1092.8402440218285
1092.9040853432214	0.5195213564918504	trials	200628TX	p51	Z08115	70	23.0	0.0	1093.0540853432215	1093.2736066997131
1096.5545879008273	0.5028412534202289	trials	200628TX	p51	Z08115	7	2.0	0.0	1096.7045879008274	1096.9074291542474
1096.962990424475	0.527841407904134	trials	200628TX	p51	Z08115	13	4.0	0.0	1097.1129904244751	1097.340831832379
1097.404673153772	0.5195613567389046	trials	200628TX	p51	Z08115	48	15.0	2.0	1097.554673153772	1097.7742345105107
1097.8380758319036	0.5195213564918504	trials	200628TX	p51	Z08115	4	1.0	0.0	1097.9880758319036	1098.2075971883953
1100.1467300978059	0.5028412534202289	trials	200628TX	p51	Z08115	61	20.0	0.0	1100.296730097806	1100.499571351226
1100.563452672866	0.5195213564918504	trials	200628TX	p51	Z08115	0			1100.7134526728662	1100.9329740293579
1100.9968153507507	0.5278814081511882	trials	200628TX	p51	Z08115	0			1101.1468153507508	1101.3746967589018
1101.4302180288823	0.5278814081511882	trials	200628TX	p51	Z08115	102	33.0	2.0	1101.5802180288824	1101.8080994370334
1101.8636207070142	0.5278414079039067	trials	200628TX	p51	Z08115	108	35.0	2.0	1102.0136207070143	1102.241462114918
1102.2969833848988	0.5278814081511882	trials	200628TX	p51	Z08115	115	38.0	0.0	1102.4469833848989	1102.67486479305
1102.7387461146898	0.5195213564918504	trials	200628TX	p51	Z08115	66	21.0	2.0	1102.8887461146899	1103.1082674711815
1105.0973606893126	0.5028812536672831	trials	200628TX	p51	Z08115	21	6.0	2.0	1105.2473606893127	1105.4502419429798
1105.5140832643729	0.5195613567389046	trials	200628TX	p51	Z08115	82	27.0	0.0	1105.664083264373	1105.8836446211117
1105.9474859425045	0.5278414079039067	trials	200628TX	p51	Z08115	105	34.0	2.0	1106.0974859425046	1106.3253273504083
1106.3808886206361	0.527841407904134	trials	200628TX	p51	Z08115	81	26.0	2.0	1106.5308886206362	1106.7587300285402
1106.8142512985207	0.5278814081511882	trials	200628TX	p51	Z08115	43	14.0	0.0	1106.9642512985208	1107.1921327066718
1107.2476539766526	0.5278814081511882	trials	200628TX	p51	Z08115	99	32.0	2.0	1107.3976539766527	1107.6255353848037
1107.6893767061965	0.5195213564918504	trials	200628TX	p51	Z08115	73	24.0	0.0	1107.8393767061966	1108.0588980626883
1108.1227793843282	0.5195213564918504	trials	200628TX	p51	Z08115	85	28.0	0.0	1108.2727793843283	1108.49230074082
1111.7399217357906	0.5028412534202289	trials	200628TX	p51	Z08115	118	39.0	0.0	1111.8899217357907	1112.0927629892108
1112.1483242594386	0.527841407904134	trials	200628TX	p51	Z08115	94	31.0	0.0	1112.2983242594387	1112.5261656673426
1112.5900469889825	0.5195213564918504	trials	200628TX	p51	Z08115	45	14.0	2.0	1112.7400469889826	1112.9595683454743
1113.023409666867	0.519561356739132	trials	200628TX	p51	Z08115	34	11.0	0.0	1113.1734096668672	1113.3929710236062
1113.456812344999	0.5278814081511882	trials	200628TX	p51	Z08115	78	25.0	2.0	1113.606812344999	1113.83469375315
1115.998828052915	0.5112013050795667	trials	200628TX	p51	Z08115	22	7.0	0.0	1116.1488280529152	1116.3600293579946
1116.4155506279753	0.5278814081511882	trials	200628TX	p51	Z08115	16	5.0	0.0	1116.5655506279754	1116.7934320361264
1116.8489133058597	0.5278814081514156	trials	200628TX	p51	Z08115	18	5.0	2.0	1116.9989133058598	1117.226794714011
1117.2823159839916	0.5278814081511882	trials	200628TX	p51	Z08115	114	37.0	2.0	1117.4323159839917	1117.6601973921427
1117.7240387135355	0.519561356739132	trials	200628TX	p51	Z08115	33	10.0	2.0	1117.8740387135356	1118.0936000702745
1118.1574413916674	0.5278814081511882	trials	200628TX	p51	Z08115	90	29.0	2.0	1118.3074413916675	1118.5353227998185
1118.6074841726233	0.5278814081514156	trials	200628TX	p51	Z08115	3	0.0	2.0	1118.7574841726234	1118.9853655807747
1119.0408868507552	0.49452120200794525	trials	200628TX	p51	Z08115	0			1119.1908868507553	1119.385408052763
1122.5913887904255	0.5028412534202289	trials	200628TX	p51	Z08115	42	13.0	2.0	1122.7413887904256	1122.9442300438457
1123.0080713652385	0.519561356739132	trials	200628TX	p51	Z08115	106	35.0	0.0	1123.1580713652386	1123.3776327219775
1123.4414740433704	0.5278814081511882	trials	200628TX	p51	Z08115	88	29.0	0.0	1123.5914740433705	1123.8193554515215
1123.874876721502	0.527841407904134	trials	200628TX	p51	Z08115	39	12.0	2.0	1124.024876721502	1124.252718129406
1124.3082393993866	0.5278814081511882	trials	200628TX	p51	Z08115	69	22.0	2.0	1124.4582393993867	1124.6861208075377
1124.7416420775182	0.5278814081514156	trials	200628TX	p51	Z08115	97	32.0	0.0	1124.8916420775183	1125.1195234856696
1127.3253380429899	0.5028412534202289	trials	200628TX	p51	Z08115	10	3.0	0.0	1127.47533804299	1127.67817929641
1127.7420606180501	0.5195213564918504	trials	200628TX	p51	Z08115	30	9.0	2.0	1127.8920606180502	1128.1115819745419
1128.1754232959347	0.5195613567389046	trials	200628TX	p51	Z08115	6	1.0	2.0	1128.3254232959348	1128.5449846526735
1128.6088259740663	0.527841407904134	trials	200628TX	p51	Z08115	55	18.0	0.0	1128.7588259740664	1128.9866673819704
1129.0588687550226	0.5278814081511882	trials	200628TX	p51	Z08115	60	19.0	2.0	1129.2088687550226	1129.4367501631737
1129.4922714331542	0.5278814081514156	trials	200628TX	p51	Z08115	96	31.0	2.0	1129.6422714331543	1129.8701528413055
1129.9339941626984	0.5195613567389046	trials	200628TX	p51	Z08115	111	36.0	2.0	1130.0839941626984	1130.3035555194372
1130.36739684083	0.5195213564918504	trials	200628TX	p51	Z08115	87	28.0	2.0	1130.51739684083	1130.7369181973218
1134.0345795015073	0.5194813562447962	trials	200628TX	p51	Z08115	72	23.0	2.0	1134.1845795015074	1134.404060857752
1134.4596221279799	0.5278414079039067	trials	200628TX	p51	Z08115	84	27.0	2.0	1134.60962212798	1134.8374635358837
1134.9013448575238	0.519521356491623	trials	200628TX	p51	Z08115	112	37.0	0.0	1135.0513448575239	1135.2708662140153
1135.3347075354081	0.519561356739132	trials	200628TX	p51	Z08115	25	8.0	0.0	1135.4847075354082	1135.7042688921472
1135.76811021354	0.5278814081511882	trials	200628TX	p51	Z08115	40	13.0	0.0	1135.91811021354	1136.145991621691
1136.2015128916717	0.5278814081514156	trials	200628TX	p51	Z08115	36	11.0	2.0	1136.3515128916717	1136.579394299823
1136.6349155698035	0.5278414079039067	trials	200628TX	p51	Z08115	100	33.0	0.0	1136.7849155698036	1137.0127569777073
1137.068278247688	0.5278814081511882	trials	200628TX	p51	Z08115	19	6.0	0.0	1137.2182782476882	1137.4461596558392
1140.5770999298031	0.49452120200794525	trials	200628TX	p51	Z08115	109	36.0	0.0	1140.7270999298032	1140.921621131811
1140.9854624532038	0.5278814081511882	trials	200628TX	p51	Z08115	58	19.0	0.0	1141.135462453204	1141.363343861355
1141.4521853372316	0.5278814081511882	trials	200628TX	p51	Z08115	75	24.0	2.0	1141.6021853372317	1141.8300667453827
1141.8855880153633	0.5278814081511882	trials	200628TX	p51	Z08115	9	2.0	2.0	1142.0355880153634	1142.2634694235144
1142.3273107449072	0.519561356739132	trials	200628TX	p51	Z08115	79	26.0	0.0	1142.4773107449073	1142.6968721016462
1142.760713423039	0.5195213564918504	trials	200628TX	p51	Z08115	103	34.0	0.0	1142.9107134230392	1143.1302347795308
1143.1941161011707	0.527841407904134	trials	200628TX	p51	Z08115	27	8.0	2.0	1143.3441161011708	1143.5719575090748
1143.6274787790553	0.5278814081511882	trials	200628TX	p51	Z08115	15	4.0	2.0	1143.7774787790554	1144.0053601872064
1147.1446205125826	0.5028812536672831	trials	200628TX	p51	Z08115	91	30.0	0.0	1147.2946205125827	1147.4975017662498
1147.5613430876426	0.519561356739132	trials	200628TX	p51	Z08115	63	20.0	2.0	1147.7113430876427	1147.9309044443817
1149.8533172504733	0.5028812536675105	trials	200628TX	p51	Z08115	12	3.0	2.0	1150.0033172504734	1150.2061985041407
1150.2700398255333	0.5195213564920778	trials	200628TX	p51	Z08115	64	21.0	0.0	1150.4200398255334	1150.6395611820253
1150.7034425036652	0.527841407904134	trials	200628TX	p51	Z08115	52	17.0	0.0	1150.8534425036653	1151.0812839115692
1151.1368051815498	0.5278814081511882	trials	200628TX	p51	Z08115	46	15.0	0.0	1151.2868051815499	1151.514686589701
1151.5702078596814	0.5278814081511882	trials	200628TX	p51	Z08115	28	9.0	0.0	1151.7202078596815	1151.9480892678325
1152.0036105378133	0.5278814081511882	trials	200628TX	p51	Z08115	93	30.0	2.0	1152.1536105378134	1152.3814919459644
1152.4453332673572	0.5195213564918504	trials	200628TX	p51	Z08115	37	12.0	0.0	1152.5953332673573	1152.814854623849
1152.8787359454889	0.5195213564918504	trials	200628TX	p51	Z08115	54	17.0	2.0	1153.028735945489	1153.2482573019806
1156.4625180908083	0.5028812536672831	trials	200628TX	p51	Z08115	117	38.0	2.0	1156.6125180908084	1156.8153993444755
1156.8709206144563	0.5278814081511882	trials	200628TX	p51	Z08115	1	0.0	0.0	1157.0209206144564	1157.2488020226074
1157.3126433440002	0.5195613567389046	trials	200628TX	p51	Z08115	67	22.0	0.0	1157.4626433440003	1157.682204700739
1157.7460460221318	0.5195213564918504	trials	200628TX	p51	Z08115	79	26.0	0.0	1157.896046022132	1158.1155673786236
1158.1794087000164	0.5278814081511882	trials	200628TX	p51	Z08115	91	30.0	0.0	1158.3294087000165	1158.5572901081675
1158.612811378148	0.5278814081514156	trials	200628TX	p51	Z08115	31	10.0	0.0	1158.7628113781482	1158.9906927862994
1159.04621405628	0.5278814081511882	trials	200628TX	p51	Z08115	75	24.0	2.0	1159.19621405628	1159.424095464431
1159.4796167344116	0.527841407904134	trials	200628TX	p51	Z08115	6	1.0	2.0	1159.6296167344117	1159.8574581423156
1162.9800783648673	0.5111613048322852	trials	200628TX	p51	Z08115	0			1163.1300783648674	1163.3412396696995
1163.3968009399273	0.4945212020081726	trials	200628TX	p51	Z08115	82	27.0	0.0	1163.5468009399274	1163.7413221419354
1163.8301636178119	0.5278814081511882	trials	200628TX	p51	Z08115	43	14.0	0.0	1163.980163617812	1164.208045025963
1166.4471797891797	0.5028812536672831	trials	200628TX	p51	Z08115	108	35.0	2.0	1166.5971797891798	1166.800061042847
1166.8555823128274	0.5278814081514156	trials	200628TX	p51	Z08115	33	10.0	2.0	1167.0055823128275	1167.2334637209788
1167.2973050423716	0.519521356491623	trials	200628TX	p51	Z08115	67	22.0	0.0	1167.4473050423717	1167.6668263988631
1167.7307077205032	0.5195213564918504	trials	200628TX	p51	Z08115	19	6.0	0.0	1167.8807077205033	1168.100229076995
1168.1640703983878	0.5278814081511882	trials	200628TX	p51	Z08115	118	39.0	0.0	1168.314070398388	1168.541951806539
1170.556045179154	0.5028812536672831	trials	200628TX	p51	Z08115	117	38.0	2.0	1170.706045179154	1170.908926432821
1172.914739754271	0.5028412534202289	trials	200628TX	p51	Z08115	0			1173.0647397542712	1173.2675810076912
1173.3481024321554	0.5278814081511882	trials	200628TX	p51	Z08115	51	16.0	2.0	1173.4981024321555	1173.7259838403065
1173.7815051102873	0.5278814081511882	trials	200628TX	p51	Z08115	12	3.0	2.0	1173.9315051102874	1174.1593865184384
1174.214907788419	0.527841407904134	trials	200628TX	p51	Z08115	94	31.0	0.0	1174.364907788419	1174.592749196323
1174.6566305179629	0.5195213564918504	trials	200628TX	p51	Z08115	36	11.0	2.0	1174.806630517963	1175.0261518744546
1175.0899931958475	0.519561356739132	trials	200628TX	p51	Z08115	13	4.0	0.0	1175.2399931958475	1175.4595545525865
1175.5233958739793	0.5195613567389046	trials	200628TX	p51	Z08115	88	29.0	0.0	1175.6733958739794	1175.8929572307181
1175.956798552111	0.5278814081511882	trials	200628TX	p51	Z08115	73	24.0	0.0	1176.106798552111	1176.334679960262
1179.590621006645	0.5028412534202289	trials	200628TX	p51	Z08115	54	17.0	2.0	1179.7406210066451	1179.9434622600652
1180.0073435817053	0.5195213564918504	trials	200628TX	p51	Z08115	103	34.0	0.0	1180.1573435817054	1180.376864938197
1180.44070625959	0.5195613567389046	trials	200628TX	p51	Z08115	66	21.0	2.0	1180.59070625959	1180.8102676163287
1180.8741089377215	0.5278814081511882	trials	200628TX	p51	Z08115	72	23.0	2.0	1181.0241089377216	1181.2519903458726
1181.3075116158534	0.5278414079039067	trials	200628TX	p51	Z08115	10	3.0	0.0	1181.4575116158535	1181.6853530237572
1181.7408742937378	0.5278814081514156	trials	200628TX	p51	Z08115	61	20.0	0.0	1181.8908742937379	1182.118755701889
1182.1742769718696	0.5278814081511882	trials	200628TX	p51	Z08115	97	32.0	0.0	1182.3242769718697	1182.5521583800207
1182.6160397016608	0.5195213564918504	trials	200628TX	p51	Z08115	85	28.0	0.0	1182.766039701661	1182.9855610581526
1186.2331820531233	0.5028412534202289	trials	200628TX	p51	Z08115	64	21.0	0.0	1186.3831820531234	1186.5860233065434
1186.641544576524	0.527841407904134	trials	200628TX	p51	Z08115	114	37.0	2.0	1186.791544576524	1187.019385984428
1187.0749472546559	0.5278414079039067	trials	200628TX	p51	Z08115	18	5.0	2.0	1187.224947254656	1187.4527886625597
1187.5166699841998	0.5195213564918504	trials	200628TX	p51	Z08115	1	0.0	0.0	1187.6666699841999	1187.8861913406915
1187.9500726623314	0.5195213564918504	trials	200628TX	p51	Z08115	105	34.0	2.0	1188.1000726623315	1188.3195940188232
1188.383435340216	0.5278814081511882	trials	200628TX	p51	Z08115	84	27.0	2.0	1188.533435340216	1188.761316748367
1188.8168380183479	0.5278414079039067	trials	200628TX	p51	Z08115	24	7.0	2.0	1188.966838018348	1189.1946794262517
1189.2502406964795	0.5278414079039067	trials	200628TX	p51	Z08115	69	22.0	2.0	1189.4002406964796	1189.6280821043833
1192.6840219148958	0.5028412534202289	trials	200628TX	p51	Z08115	109	36.0	0.0	1192.8340219148959	1193.036863168316
1193.100744489956	0.5278414079039067	trials	200628TX	p51	Z08115	52	17.0	0.0	1193.250744489956	1193.4785858978598
1193.5341071678406	0.5278814081511882	trials	200628TX	p51	Z08115	27	8.0	2.0	1193.6841071678407	1193.9119885759917
1195.9844423092336	0.5028812536675105	trials	200628TX	p51	Z08115	40	13.0	0.0	1196.1344423092337	1196.337323562901
1196.3928448328816	0.5278814081511882	trials	200628TX	p51	Z08115	48	15.0	2.0	1196.5428448328817	1196.7707262410327
1196.8262475110132	0.527841407904134	trials	200628TX	p51	Z08115	16	5.0	0.0	1196.9762475110133	1197.2040889189173
1197.26793024031	0.5195613567389046	trials	200628TX	p51	Z08115	112	37.0	0.0	1197.4179302403102	1197.637491597049
1197.7013329184417	0.519561356739132	trials	200628TX	p51	Z08115	3	0.0	2.0	1197.8513329184418	1198.0708942751808
1198.1347355965736	0.5278814081511882	trials	200628TX	p51	Z08115	99	32.0	2.0	1198.2847355965737	1198.5126170047247
1198.5681382747052	0.5278414079039067	trials	200628TX	p51	Z08115	30	9.0	2.0	1198.7181382747053	1198.945979682609
1199.0015009525898	0.5278814081511882	trials	200628TX	p51	Z08115	111	36.0	2.0	1199.15150095259	1199.379382360741
1202.7853643342742	0.5028412534202289	trials	200628TX	p51	Z08115	22	7.0	0.0	1202.9353643342743	1203.1382055876943
1203.2020869093344	0.5278414079039067	trials	200628TX	p51	Z08115	25	8.0	0.0	1203.3520869093345	1203.5799283172382
1203.6354495872188	0.5278814081511882	trials	200628TX	p51	Z08115	60	19.0	2.0	1203.7854495872189	1204.0133309953699
1204.0688522653506	0.5278814081511882	trials	200628TX	p51	Z08115	76	25.0	0.0	1204.2188522653507	1204.4467336735017
1206.4191867888085	0.5028412534200015	trials	200628TX	p51	Z08115	87	28.0	2.0	1206.5691867888086	1206.7720280422284
1206.8275493122092	0.5278814081511882	trials	200628TX	p51	Z08115	70	23.0	0.0	1206.9775493122092	1207.2054307203603
1209.3195647111575	0.4945212020081726	trials	200628TX	p51	Z08115	100	33.0	0.0	1209.4695647111575	1209.6640859131655
1209.719607183146	0.527841407904134	trials	200628TX	p51	Z08115	78	25.0	2.0	1209.8696071831462	1210.0974485910501
1210.16132991269	0.519561356739132	trials	200628TX	p51	Z08115	37	12.0	0.0	1210.31132991269	1210.530891269429
1210.6114126938935	0.5278414079039067	trials	200628TX	p51	Z08115	96	31.0	2.0	1210.7614126938936	1210.9892541017973
1211.044775371778	0.5278814081511882	trials	200628TX	p51	Z08115	34	11.0	0.0	1211.1947753717782	1211.4226567799292
1211.4781780499097	0.5278814081511882	trials	200628TX	p51	Z08115	0			1211.6281780499098	1211.8560594580608
1211.9115807280414	0.527841407904134	trials	200628TX	p51	Z08115	45	14.0	2.0	1212.0615807280415	1212.2894221359454
1212.3533034575853	0.5195213564918504	trials	200628TX	p51	Z08115	21	6.0	2.0	1212.5033034575854	1212.722824814077
1215.820444882145	0.5028412534202289	trials	200628TX	p51	Z08115	55	18.0	0.0	1215.970444882145	1216.1732861355651
1216.2288074055457	0.5278814081511882	trials	200628TX	p51	Z08115	93	30.0	2.0	1216.3788074055458	1216.6066888136968
1216.6621700834303	0.5278814081511882	trials	200628TX	p51	Z08115	7	2.0	0.0	1216.8121700834304	1217.0400514915814
1217.1039328132215	0.519521356491623	trials	200628TX	p51	Z08115	15	4.0	2.0	1217.2539328132216	1217.473454169713
1217.5373354913531	0.5195213564918504	trials	200628TX	p51	Z08115	28	9.0	0.0	1217.6873354913532	1217.906856847845
1217.9706981692377	0.519561356739132	trials	200628TX	p51	Z08115	90	29.0	2.0	1218.1206981692378	1218.3402595259768
1218.4041008473694	0.5278814081514156	trials	200628TX	p51	Z08115	0			1218.5541008473695	1218.7819822555207
1218.8375035255012	0.5278414079039067	trials	200628TX	p51	Z08115	106	35.0	0.0	1218.9875035255013	1219.215344933405
1222.3046049498134	0.5028812536675105	trials	200628TX	p51	Z08115	9	2.0	2.0	1222.4546049498135	1222.6574862034809
1222.7213275248737	0.5195613567389046	trials	200628TX	p51	Z08115	46	15.0	0.0	1222.8713275248738	1223.0908888816125
1223.1547302030053	0.5278814081511882	trials	200628TX	p51	Z08115	81	26.0	2.0	1223.3047302030054	1223.5326116111564
1223.5881328811372	0.527841407904134	trials	200628TX	p51	Z08115	120	39.0	2.0	1223.7381328811373	1223.9659742890412
1224.0214955590218	0.5278814081511882	trials	200628TX	p51	Z08115	39	12.0	2.0	1224.1714955590219	1224.3993769671729
1224.4548982371534	0.5278814081511882	trials	200628TX	p51	Z08115	115	38.0	0.0	1224.6048982371535	1224.8327796453045
1224.8966209666974	0.5195613567389046	trials	200628TX	p51	Z08115	58	19.0	0.0	1225.0466209666974	1225.2661823234362
1225.330023644829	0.5195213564920778	trials	200628TX	p51	Z08115	4	1.0	0.0	1225.480023644829	1225.699545001321
1229.0138464083311	0.5028412534200015	trials	200628TX	p51	Z08115	49	16.0	0.0	1229.1638464083312	1229.366687661751
1229.4305689833911	0.5195213564918504	trials	200628TX	p51	Z08115	57	18.0	2.0	1229.5805689833912	1229.800090339883
1229.8639316612757	0.5195613567389046	trials	200628TX	p51	Z08115	42	13.0	2.0	1230.0139316612758	1230.2334930180145
1230.2973343394074	0.5195613567389046	trials	200628TX	p51	Z08115	102	33.0	2.0	1230.4473343394075	1230.6668956961462
1230.730737017539	0.527841407904134	trials	200628TX	p51	Z08115	63	20.0	2.0	1230.880737017539	1231.108578425443
1255.700681783212	0.5111613615943043	trials	200628TX	p51	Z08115	11	3.0	1.0	1255.8506817832122	1256.0618431448063
1256.117364470033	0.5278814694077028	trials	200628TX	p51	Z08115	0			1256.267364470033	1256.4952459394406
1256.58408747952	0.5278814694077028	trials	200628TX	p51	Z08115	17	5.0	1.0	1256.73408747952	1256.9619689489275
1257.0174902741542	0.5278814694077028	trials	200628TX	p51	Z08115	119	39.0	1.0	1257.1674902741543	1257.3953717435618
1257.459253122695	0.5195214155010035	trials	200628TX	p51	Z08115	59	19.0	1.0	1257.609253122695	1257.8287745381958
1257.8926159170712	0.5195614157589716	trials	200628TX	p51	Z08115	62	20.0	1.0	1258.0426159170713	1258.26217733283
1258.3260187117053	0.5278414691497346	trials	200628TX	p51	Z08115	35	11.0	1.0	1258.4760187117054	1258.703860180855
1258.7927417211922	0.5278814694079301	trials	200628TX	p51	Z08115	95	31.0	1.0	1258.9427417211923	1259.1706231906
1262.3932049374191	0.5028813082035413	trials	200628TX	p51	Z08115	56	18.0	1.0	1262.5432049374192	1262.7460862456226
1262.8099276244977	0.519561415759199	trials	200628TX	p51	Z08115	29	9.0	1.0	1262.9599276244978	1263.1794890402568
1263.243330419132	0.5278814694077028	trials	200628TX	p51	Z08115	0			1263.393330419132	1263.6212118885396
1263.710053428619	0.5278814694077028	trials	200628TX	p51	Z08115	0			1263.860053428619	1264.0879348980266
1264.176776438106	0.5278814694079301	trials	200628TX	p51	Z08115	47	15.0	1.0	1264.326776438106	1264.5546579075137
1264.6101792327402	0.5278814694077028	trials	200628TX	p51	Z08115	68	22.0	1.0	1264.7601792327403	1264.9880607021478
1265.0435820273742	0.527841469149962	trials	200628TX	p51	Z08115	0			1265.1935820273743	1265.421423496524
1265.4853048756572	0.5195214155010035	trials	200628TX	p51	Z08115	83	27.0	1.0	1265.6353048756573	1265.8548262911581
1269.0190876619204	0.5028813082037686	trials	200628TX	p51	Z08115	86	28.0	1.0	1269.1690876619205	1269.371968970124
1269.4274902953505	0.5278814694077028	trials	200628TX	p51	Z08115	65	21.0	1.0	1269.5774902953506	1269.805371764758
1269.8692131436333	0.5195214155012309	trials	200628TX	p51	Z08115	116	38.0	1.0	1270.0192131436334	1270.2387345591344
1270.3026159382675	0.5195214155010035	trials	200628TX	p51	Z08115	98	32.0	1.0	1270.4526159382676	1270.6721373537684
1270.7359787326438	0.5278814694077028	trials	200628TX	p51	Z08115	23	7.0	1.0	1270.885978732644	1271.1138602020515
1271.2027417423888	0.5278414691497346	trials	200628TX	p51	Z08115	50	16.0	1.0	1271.3527417423888	1271.5805832115384
1271.6361045367648	0.5278814694079301	trials	200628TX	p51	Z08115	53	17.0	1.0	1271.786104536765	1272.0139860061727
1272.069507331399	0.5278814694077028	trials	200628TX	p51	Z08115	14	4.0	1.0	1272.2195073313992	1272.4473888008067
1275.5699699028094	0.5028813082037686	trials	200628TX	p51	Z08115	2	0.0	1.0	1275.7199699028095	1275.922851211013
1276.0033726974436	0.5278414691497346	trials	200628TX	p51	Z08115	44	14.0	1.0	1276.1533726974437	1276.3812141665933
1276.436775492078	0.5278414691497346	trials	200628TX	p51	Z08115	5	1.0	1.0	1276.586775492078	1276.8146169612276
1276.870138286454	0.5278814694077028	trials	200628TX	p51	Z08115	80	26.0	1.0	1277.020138286454	1277.2480197558616
1277.311901134995	0.5195214155010035	trials	200628TX	p51	Z08115	77	25.0	1.0	1277.461901134995	1277.6814225504959
1277.745263929371	0.5195214155012309	trials	200628TX	p51	Z08115	104	34.0	1.0	1277.8952639293711	1278.1147853448722
1278.1786667240053	0.5278414691497346	trials	200628TX	p51	Z08115	41	13.0	1.0	1278.3286667240054	1278.556508193155
1278.6120295183816	0.5278814694077028	trials	200628TX	p51	Z08115	8	2.0	1.0	1278.7620295183817	1278.9899109877892
1282.2958532721273	0.5028813082035413	trials	200628TX	p51	Z08115	20	6.0	1.0	1282.4458532721274	1282.6487345803307
1282.712575959206	0.5195614157589716	trials	200628TX	p51	Z08115	74	24.0	1.0	1282.8625759592062	1283.082137374965
1283.1459787538402	0.5278814694077028	trials	200628TX	p51	Z08115	89	29.0	1.0	1283.2959787538402	1283.5238602232478
1283.5793815484744	0.5278814694077028	trials	200628TX	p51	Z08115	92	30.0	1.0	1283.7293815484745	1283.957263017882
1284.0461045579614	0.5278414691497346	trials	200628TX	p51	Z08115	107	35.0	1.0	1284.1961045579615	1284.423946027111
1284.4795073525954	0.527841469149962	trials	200628TX	p51	Z08115	38	12.0	1.0	1284.6295073525955	1284.8573488217453
1284.9212302008784	0.5195214155010035	trials	200628TX	p51	Z08115	101	33.0	1.0	1285.0712302008785	1285.2907516163793
1285.3545929952547	0.5195614157589716	trials	200628TX	p51	Z08115	110	36.0	1.0	1285.5045929952548	1285.7241544110136
1288.988416426592	0.5028813082037686	trials	200628TX	p51	Z08115	113	37.0	1.0	1289.1384164265921	1289.3412977347957
1289.3968190600222	0.5278814694077028	trials	200628TX	p51	Z08115	26	8.0	1.0	1289.5468190600222	1289.7747005294298
1289.8385419083052	0.5195214155010035	trials	200628TX	p51	Z08115	71	23.0	1.0	1289.9885419083053	1290.208063323806
1290.2719447029392	0.5195214155012309	trials	200628TX	p51	Z08115	32	10.0	1.0	1290.4219447029393	1290.6414661184403
1290.7053074973155	0.5278814694077028	trials	200628TX	p51	Z08115	0			1290.8553074973156	1291.0831889667231
1291.1387102919498	0.5278814694077028	trials	200628TX	p51	Z08115	98	32.0	1.0	1291.2887102919499	1291.5165917613574
1291.5721130865838	0.5278414691497346	trials	200628TX	p51	Z08115	44	14.0	1.0	1291.722113086584	1291.9499545557335
1293.9390883491296	0.5028413079455731	trials	200628TX	p51	Z08115	89	29.0	1.0	1294.0890883491297	1294.2919296570751
1296.3477438804348	0.5028413079455731	trials	200628TX	p51	Z08115	11	3.0	1.0	1296.4977438804349	1296.7005851883803
1296.756106513607	0.5278814694077028	trials	200628TX	p51	Z08115	14	4.0	1.0	1296.906106513607	1297.1339879830145
1297.1978293618897	0.5195614157589716	trials	200628TX	p51	Z08115	104	34.0	1.0	1297.3478293618898	1297.5673907776486
1297.631232156524	0.5195614157589716	trials	200628TX	p51	Z08115	8	2.0	1.0	1297.781232156524	1298.0007935722829
1298.064634951158	0.5195614157589716	trials	200628TX	p51	Z08115	116	38.0	1.0	1298.2146349511581	1298.434196366917
1298.4980377457923	0.5278414691497346	trials	200628TX	p51	Z08115	5	1.0	1.0	1298.6480377457924	1298.875879214942
1298.9314005401686	0.5278814694077028	trials	200628TX	p51	Z08115	77	25.0	1.0	1299.0814005401687	1299.3092820095762
1299.3648033348027	0.5278814694077028	trials	200628TX	p51	Z08115	0			1299.5148033348028	1299.7426848042103
1302.8319456913603	0.5028413079455731	trials	200628TX	p51	Z08115	50	16.0	1.0	1302.9819456913604	1303.1847869993057
1303.248668378439	0.5278414691497346	trials	200628TX	p51	Z08115	107	35.0	1.0	1303.3986683784392	1303.6265098475887
1303.715391387926	0.5278814694077028	trials	200628TX	p51	Z08115	80	26.0	1.0	1303.8653913879261	1304.0932728573337
1304.14879418256	0.527841469149962	trials	200628TX	p51	Z08115	101	33.0	1.0	1304.2987941825602	1304.52663565171
1304.5821569769364	0.5278814694077028	trials	200628TX	p51	Z08115	0			1304.7321569769365	1304.960038446344
1305.0238798252194	0.5195614157589716	trials	200628TX	p51	Z08115	35	11.0	1.0	1305.1738798252195	1305.3934412409783
1305.4906028347064	0.5195614157589716	trials	200628TX	p51	Z08115	17	5.0	1.0	1305.6406028347064	1305.8601642504652
1305.9240056293404	0.5278814694079301	trials	200628TX	p51	Z08115	119	39.0	1.0	1306.0740056293405	1306.3018870987482
1309.4411483083063	0.5028413079455731	trials	200628TX	p51	Z08115	62	20.0	1.0	1309.5911483083064	1309.7939896162518
1309.857870995385	0.519561415759199	trials	200628TX	p51	Z08115	95	31.0	1.0	1310.007870995385	1310.227432411144
1310.2912337897612	0.5195614157589716	trials	200628TX	p51	Z08115	59	19.0	1.0	1310.4412337897613	1310.6607952055201
1310.7246365843955	0.5278814694077028	trials	200628TX	p51	Z08115	53	17.0	1.0	1310.8746365843956	1311.1025180538031
1311.1580393790296	0.5278814694077028	trials	200628TX	p51	Z08115	74	24.0	1.0	1311.3080393790297	1311.5359208484372
1311.5914421736638	0.5278814694077028	trials	200628TX	p51	Z08115	23	7.0	1.0	1311.741442173664	1311.9693236430714
1312.02480496804	0.5278814694079301	trials	200628TX	p51	Z08115	56	18.0	1.0	1312.17480496804	1312.4026864374478
1312.466567816581	0.5195214155010035	trials	200628TX	p51	Z08115	92	30.0	1.0	1312.616567816581	1312.8360892320818
1316.000350602844	0.5028813082035413	trials	200628TX	p51	Z08115	0			1316.1503506028441	1316.3532319110475
1316.4421134513848	0.527841469149962	trials	200628TX	p51	Z08115	86	28.0	1.0	1316.5921134513849	1316.8199549205347
1316.9088364608717	0.527841469149962	trials	200628TX	p51	Z08115	41	13.0	1.0	1317.0588364608718	1317.2866779300216
1317.3505593091547	0.5195214155010035	trials	200628TX	p51	Z08115	71	23.0	1.0	1317.5005593091548	1317.7200807246556
1317.783922103531	0.5195614157589716	trials	200628TX	p51	Z08115	83	27.0	1.0	1317.9339221035311	1318.15348351929
1318.217324898165	0.5278814694077028	trials	200628TX	p51	Z08115	65	21.0	1.0	1318.3673248981652	1318.5952063675727
1318.684047907652	0.5278814694079301	trials	200628TX	p51	Z08115	2	0.0	1.0	1318.8340479076521	1319.0619293770599
1321.2843846749413	0.5028413079458005	trials	200628TX	p51	Z08115	113	37.0	1.0	1321.4343846749414	1321.637225982887
1321.6927873083714	0.5278814694077028	trials	200628TX	p51	Z08115	32	10.0	1.0	1321.8427873083715	1322.070668777779
1322.1345101566542	0.5195214155012309	trials	200628TX	p51	Z08115	29	9.0	1.0	1322.2845101566543	1322.5040315721553
1322.6012331661414	0.5195614157589716	trials	200628TX	p51	Z08115	26	8.0	1.0	1322.7512331661414	1322.9707945819002
1323.0346359607754	0.527841469149962	trials	200628TX	p51	Z08115	47	15.0	1.0	1323.1846359607755	1323.4124774299253
1323.4679987551517	0.5278814694077028	trials	200628TX	p51	Z08115	20	6.0	1.0	1323.6179987551518	1323.8458802245593
1323.9347617648966	0.5278414691497346	trials	200628TX	p51	Z08115	110	36.0	1.0	1324.0847617648967	1324.3126032340463
1324.368124559273	0.5278814694077028	trials	200628TX	p51	Z08115	38	12.0	1.0	1324.518124559273	1324.7460060286805
1327.818586808275	0.5028813082035413	trials	200628TX	p51	Z08115	68	22.0	1.0	1327.9685868082752	1328.1714681164785
1330.093881479653	0.5028813082037686	trials	200628TX	p51	Z08115	86	28.0	1.0	1330.243881479653	1330.4467627878566
1330.5106041667318	0.5278814694077028	trials	200628TX	p51	Z08115	0			1330.660604166732	1330.8884856361394
1330.944006961366	0.5278814694077028	trials	200628TX	p51	Z08115	29	9.0	1.0	1331.0940069613662	1331.3218884307737
1331.410729970853	0.5278814694077028	trials	200628TX	p51	Z08115	47	15.0	1.0	1331.5607299708531	1331.7886114402606
1331.8441327654873	0.5278814694077028	trials	200628TX	p51	Z08115	23	7.0	1.0	1331.9941327654874	1332.222014234895
1332.28585561377	0.5195614157589716	trials	200628TX	p51	Z08115	2	0.0	1.0	1332.4358556137702	1332.655417029529
1332.7192584084044	0.5195214155010035	trials	200628TX	p51	Z08115	89	29.0	1.0	1332.8692584084044	1333.0887798239053
1333.1526212027804	0.5278814694077028	trials	200628TX	p51	Z08115	107	35.0	1.0	1333.3026212027805	1333.530502672188
1336.6864439893016	0.5028813082037686	trials	200628TX	p51	Z08115	116	38.0	1.0	1336.8364439893016	1337.0393252975052
1337.1114867300291	0.5278814694077028	trials	200628TX	p51	Z08115	11	3.0	1.0	1337.2614867300292	1337.4893681994367
1339.5618225300937	0.5028813082037686	trials	200628TX	p51	Z08115	56	18.0	1.0	1339.7118225300937	1339.9147038382973
1342.1538392437342	0.5028813082037686	trials	200628TX	p51	Z08115	71	23.0	1.0	1342.3038392437343	1342.5067205519379
1345.037537838175	0.5278814694079301	trials	200628TX	p51	Z08115	0			1345.187537838175	1345.4154193075829
1345.4876207403647	0.5195214155010035	trials	200628TX	p51	Z08115	98	32.0	1.0	1345.6376207403648	1345.8571421558656
1345.91270348135	0.5278414691497346	trials	200628TX	p51	Z08115	35	11.0	1.0	1346.0627034813501	1346.2905449504997
1346.3460662757263	0.5278814694077028	trials	200628TX	p51	Z08115	92	30.0	1.0	1346.4960662757264	1346.723947745134
1346.7794690703604	0.527841469149962	trials	200628TX	p51	Z08115	5	1.0	1.0	1346.9294690703605	1347.1573105395103
1347.2128718649947	0.5278414691497346	trials	200628TX	p51	Z08115	20	6.0	1.0	1347.3628718649948	1347.5907133341443
1347.6545947132777	0.5195214155010035	trials	200628TX	p51	Z08115	8	2.0	1.0	1347.8045947132778	1348.0241161287786
1348.0879575076538	0.5278814694077028	trials	200628TX	p51	Z08115	44	14.0	1.0	1348.2379575076538	1348.4658389770614
1351.6551005090278	0.5028813082035413	trials	200628TX	p51	Z08115	41	13.0	1.0	1351.8051005090279	1352.0079818172312
1352.0718231961066	0.5195614157589716	trials	200628TX	p51	Z08115	14	4.0	1.0	1352.2218231961067	1352.4413846118655
1352.5052259907407	0.5195214155012309	trials	200628TX	p51	Z08115	65	21.0	1.0	1352.6552259907407	1352.8747474062418
1352.938588785117	0.5195614157589716	trials	200628TX	p51	Z08115	32	10.0	1.0	1353.088588785117	1353.3081502008758
1353.371991579751	0.5278814694079301	trials	200628TX	p51	Z08115	38	12.0	1.0	1353.521991579751	1353.7498730491589
1353.8053943743853	0.5278814694077028	trials	200628TX	p51	Z08115	80	26.0	1.0	1353.9553943743854	1354.183275843793
1354.2387571687616	0.5278814694077028	trials	200628TX	p51	Z08115	17	5.0	1.0	1354.3887571687617	1354.6166386381692
1354.6721599633956	0.5278814694077028	trials	200628TX	p51	Z08115	110	36.0	1.0	1354.8221599633957	1355.0500414328033
1358.2643431262316	0.5028413079458005	trials	200628TX	p51	Z08115	26	8.0	1.0	1358.4143431262316	1358.6171844341773
1358.6727057594037	0.5278814694077028	trials	200628TX	p51	Z08115	83	27.0	1.0	1358.8227057594038	1359.0505872288113
1359.106108554038	0.5278414691497346	trials	200628TX	p51	Z08115	50	16.0	1.0	1359.256108554038	1359.4839500231876
1359.5478314023208	0.5195214155012309	trials	200628TX	p51	Z08115	74	24.0	1.0	1359.6978314023208	1359.917352817822
1359.981234196955	0.5195214155010035	trials	200628TX	p51	Z08115	59	19.0	1.0	1360.1312341969551	1360.350755612456
1360.4145969913313	0.5195614157589716	trials	200628TX	p51	Z08115	77	25.0	1.0	1360.5645969913314	1360.7841584070902
1360.8479997859654	0.5278814694077028	trials	200628TX	p51	Z08115	0			1360.9979997859655	1361.225881255373
1361.3147227954523	0.5278814694079301	trials	200628TX	p51	Z08115	53	17.0	1.0	1361.4647227954524	1361.6926042648602
1364.865185689271	0.5028813082037686	trials	200628TX	p51	Z08115	95	31.0	1.0	1365.015185689271	1365.2180669974746
1365.3152685914606	0.5195214155010035	trials	200628TX	p51	Z08115	113	37.0	1.0	1365.4652685914607	1365.6847900069615
1365.7486313858367	0.5278814694079301	trials	200628TX	p51	Z08115	104	34.0	1.0	1365.8986313858368	1366.1265128552445
1366.182034180471	0.5278814694077028	trials	200628TX	p51	Z08115	0			1366.332034180471	1366.5599156498786
1366.6154369751052	0.5278814694077028	trials	200628TX	p51	Z08115	119	39.0	1.0	1366.7654369751053	1366.9933184445129
1367.057159823388	0.5195214155010035	trials	200628TX	p51	Z08115	68	22.0	1.0	1367.207159823388	1367.426681238889
1367.490562618022	0.5195214155012309	trials	200628TX	p51	Z08115	62	20.0	1.0	1367.6405626180222	1367.8600840335232
1367.9239654126563	0.5278414691497346	trials	200628TX	p51	Z08115	101	33.0	1.0	1368.0739654126564	1368.301806881806
1371.4244279840666	0.5028413079458005	trials	200628TX	p51	Z08115	89	29.0	1.0	1371.5744279840667	1371.7772692920123
1371.8411506711454	0.5195214155012309	trials	200628TX	p51	Z08115	2	0.0	1.0	1371.9911506711455	1372.2106720866466
1372.2745134655217	0.5195614157589716	trials	200628TX	p51	Z08115	35	11.0	1.0	1372.4245134655218	1372.6440748812806
1372.7079162601558	0.5195214155012309	trials	200628TX	p51	Z08115	65	21.0	1.0	1372.857916260156	1373.077437675657
1373.141279054532	0.5278814694077028	trials	200628TX	p51	Z08115	26	8.0	1.0	1373.2912790545322	1373.5191605239397
1373.5746818491664	0.5278814694077028	trials	200628TX	p51	Z08115	5	1.0	1.0	1373.7246818491665	1373.952563318574
1374.0080846438004	0.5278814694079301	trials	200628TX	p51	Z08115	116	38.0	1.0	1374.1580846438005	1374.3859661132083
1374.4498074920834	0.5195214155010035	trials	200628TX	p51	Z08115	29	9.0	1.0	1374.5998074920835	1374.8193289075843
1378.1169511382736	0.5028813082037686	trials	200628TX	p51	Z08115	98	32.0	1.0	1378.2669511382737	1378.4698324464773
1378.5587139868146	0.5278414691497346	trials	200628TX	p51	Z08115	86	28.0	1.0	1378.7087139868147	1378.9365554559643
1378.9920767811907	0.5278814694077028	trials	200628TX	p51	Z08115	44	14.0	1.0	1379.1420767811908	1379.3699582505983
1379.4337996294737	0.5195614157589716	trials	200628TX	p51	Z08115	20	6.0	1.0	1379.5837996294738	1379.8033610452326
1379.8672024241077	0.5195214155012309	trials	200628TX	p51	Z08115	77	25.0	1.0	1380.0172024241078	1380.2367238396089
1380.300565218484	0.5195614157589716	trials	200628TX	p51	Z08115	62	20.0	1.0	1380.4505652184841	1380.670126634243
1380.7339680131183	0.5278814694077028	trials	200628TX	p51	Z08115	83	27.0	1.0	1380.8839680131184	1381.111849482526
1381.2006910226053	0.5278814694077028	trials	200628TX	p51	Z08115	59	19.0	1.0	1381.3506910226054	1381.5785724920129
1384.7011535940155	0.5028813082037686	trials	200628TX	p51	Z08115	107	35.0	1.0	1384.8511535940156	1385.0540349022192
1385.151236496205	0.5278814694079301	trials	200628TX	p51	Z08115	8	2.0	1.0	1385.301236496205	1385.5291179656128
1385.6179595056922	0.5278814694077028	trials	200628TX	p51	Z08115	113	37.0	1.0	1385.7679595056923	1385.9958409750998
1386.084682515179	0.5278814694077028	trials	200628TX	p51	Z08115	17	5.0	1.0	1386.2346825151792	1386.4625639845867
1386.5180853098132	0.5278814694079301	trials	200628TX	p51	Z08115	74	24.0	1.0	1386.6680853098133	1386.895966779221
1386.9598081580962	0.5195214155010035	trials	200628TX	p51	Z08115	92	30.0	1.0	1387.1098081580963	1387.329329573597
1387.3932109527304	0.5195214155010035	trials	200628TX	p51	Z08115	101	33.0	1.0	1387.5432109527305	1387.7627323682314
1387.843253854662	0.5278814694077028	trials	200628TX	p51	Z08115	71	23.0	1.0	1387.993253854662	1388.2211353240696
1391.410396856036	0.5028413079455731	trials	200628TX	p51	Z08115	80	26.0	1.0	1391.560396856036	1391.7632381639814
1391.818799489466	0.5278814694077028	trials	200628TX	p51	Z08115	104	34.0	1.0	1391.9687994894662	1392.1966809588737
1392.2938425526017	0.5195614157589716	trials	200628TX	p51	Z08115	14	4.0	1.0	1392.4438425526018	1392.6634039683606
1392.7272453472358	0.5195214155012309	trials	200628TX	p51	Z08115	56	18.0	1.0	1392.8772453472359	1393.096766762737
1393.160608141612	0.5278814694077028	trials	200628TX	p51	Z08115	0			1393.3106081416122	1393.5384896110197
1393.5940109362464	0.5278814694077028	trials	200628TX	p51	Z08115	23	7.0	1.0	1393.7440109362465	1393.971892405654
1394.0274137308804	0.5278814694077028	trials	200628TX	p51	Z08115	68	22.0	1.0	1394.1774137308805	1394.405295200288
1394.4608165255147	0.5278414691497346	trials	200628TX	p51	Z08115	50	16.0	1.0	1394.6108165255148	1394.8386579946643
1397.0444731852485	0.5028813082035413	trials	200628TX	p51	Z08115	119	39.0	1.0	1397.1944731852486	1397.397354493452
1397.4611958723272	0.519561415759199	trials	200628TX	p51	Z08115	0			1397.6111958723272	1397.8307572880863
1397.8945986669614	0.5278814694077028	trials	200628TX	p51	Z08115	47	15.0	1.0	1398.0445986669615	1398.272480136369
1398.3280014615955	0.527841469149962	trials	200628TX	p51	Z08115	0			1398.4780014615956	1398.7058429307453
1398.7947244710826	0.5278414691497346	trials	200628TX	p51	Z08115	11	3.0	1.0	1398.9447244710827	1399.1725659402323
1399.2364473193654	0.5195214155012309	trials	200628TX	p51	Z08115	41	13.0	1.0	1399.3864473193655	1399.6059687348666
1399.6698101137417	0.5195614157589716	trials	200628TX	p51	Z08115	32	10.0	1.0	1399.8198101137418	1400.0393715295006
1400.103212908376	0.5195614157589716	trials	200628TX	p51	Z08115	95	31.0	1.0	1400.253212908376	1400.472774324135
1403.8370369845297	0.5028813082035413	trials	200628TX	p51	Z08115	0			1403.9870369845298	1404.1899182927332
1404.2537596716086	0.5195614157589716	trials	200628TX	p51	Z08115	110	36.0	1.0	1404.4037596716087	1404.6233210873675
1404.6871624662426	0.519561415759199	trials	200628TX	p51	Z08115	38	12.0	1.0	1404.8371624662427	1405.0567238820017
1405.120565260877	0.5195214155010035	trials	200628TX	p51	Z08115	53	17.0	1.0	1405.270565260877	1405.4900866763778
1859.679079341265	0.5028412483100055	trials	200628TX	p51	Z08115	105	34.0	2.0	1859.829079341265	1860.0319205895748
1860.0958019058264	0.5195213509614405	trials	200628TX	p51	Z08115	112	37.0	0.0	1860.2458019058265	1860.4653232567878
1860.5292045730394	0.5195213509614405	trials	200628TX	p51	Z08115	48	15.0	2.0	1860.6792045730394	1860.8987259240007
1860.9625672400061	0.5278814024102303	trials	200628TX	p51	Z08115	81	26.0	2.0	1861.1125672400062	1861.3404486424163
1861.395969907219	0.5278414021640856	trials	200628TX	p51	Z08115	70	23.0	0.0	1861.5459699072192	1861.773811309383
1861.829372574432	0.5278414021640856	trials	200628TX	p51	Z08115	69	22.0	2.0	1861.979372574432	1862.207213976596
1862.2627352413988	0.5278814024102303	trials	200628TX	p51	Z08115	39	12.0	2.0	1862.4127352413989	1862.640616643809
1862.7044979600605	0.5195213509614405	trials	200628TX	p51	Z08115	94	31.0	0.0	1862.8544979600606	1863.0740193110219
1866.4549610408683	0.5028812485561502	trials	200628TX	p51	Z08115	42	13.0	2.0	1866.6049610408684	1866.8078422894243
1866.8633635542271	0.5278814024102303	trials	200628TX	p51	Z08115	79	26.0	0.0	1867.0133635542272	1867.2412449566373
1867.29676622144	0.5278414021640856	trials	200628TX	p51	Z08115	60	19.0	2.0	1867.4467662214402	1867.674607623604
1867.7384889398556	0.5195213509614405	trials	200628TX	p51	Z08115	40	13.0	0.0	1867.8884889398557	1868.108010290817
1868.1718516068224	0.5195613512075852	trials	200628TX	p51	Z08115	21	6.0	2.0	1868.3218516068225	1868.54141295803
1868.6052542740354	0.5278814024102303	trials	200628TX	p51	Z08115	19	6.0	0.0	1868.7552542740355	1868.9831356764455
1869.0386569412483	0.5278414021640856	trials	200628TX	p51	Z08115	75	24.0	2.0	1869.1886569412484	1869.4164983434123
1869.472019608215	0.5278814024102303	trials	200628TX	p51	Z08115	28	9.0	0.0	1869.6220196082152	1869.8499010106252
1873.1392021765043	0.5028412483100055	trials	200628TX	p51	Z08115	66	21.0	2.0	1873.2892021765044	1873.4920434248143
1873.5558847408197	0.5278814024102303	trials	200628TX	p51	Z08115	37	12.0	0.0	1873.7058847408198	1873.9337661432298
1874.0310076647843	0.5195213509614405	trials	200628TX	p51	Z08115	114	37.0	2.0	1874.1810076647844	1874.4005290157456
1874.4560502805484	0.5278414021640856	trials	200628TX	p51	Z08115	72	23.0	2.0	1874.6060502805485	1874.8338916827124
1874.8894129475152	0.5278814024102303	trials	200628TX	p51	Z08115	90	29.0	2.0	1875.0394129475153	1875.2672943499254
1875.3311356659308	0.5195613512075852	trials	200628TX	p51	Z08115	6	1.0	2.0	1875.4811356659309	1875.7006970171383
1875.7645383331437	0.5278814024102303	trials	200628TX	p51	Z08115	67	22.0	0.0	1875.9145383331438	1876.1424197355539
1876.1979410003566	0.5278414021638582	trials	200628TX	p51	Z08115	115	38.0	0.0	1876.3479410003567	1876.5757824025204
1879.9984443891185	0.5028412483100055	trials	200628TX	p51	Z08115	57	18.0	2.0	1880.1484443891186	1880.3512856374284
1880.41516695368	0.5195213509614405	trials	200628TX	p51	Z08115	103	34.0	0.0	1880.56516695368	1880.7846883046413
1880.8485296206468	0.5278814024102303	trials	200628TX	p51	Z08115	55	18.0	0.0	1880.9985296206469	1881.226411023057
1881.2819322878597	0.5278814024102303	trials	200628TX	p51	Z08115	111	36.0	2.0	1881.4319322878598	1881.6598136902699
1881.7153349550726	0.5278814024102303	trials	200628TX	p51	Z08115	13	4.0	0.0	1881.8653349550727	1882.0932163574828
1882.1487376222856	0.5278414021640856	trials	200628TX	p51	Z08115	78	25.0	2.0	1882.2987376222857	1882.5265790244496
1882.5904603407012	0.5195213509614405	trials	200628TX	p51	Z08115	76	25.0	0.0	1882.7404603407012	1882.9599816916625
1883.023823007668	0.5195613512075852	trials	200628TX	p51	Z08115	10	3.0	0.0	1883.173823007668	1883.3933843588754
1886.674325473306	0.5028412483097782	trials	200628TX	p51	Z08115	12	3.0	2.0	1886.824325473306	1887.0271667216157
1887.0827279866648	0.5278414021640856	trials	200628TX	p51	Z08115	9	2.0	2.0	1887.232727986665	1887.4605693888288
1887.5244107048343	0.5195613512073578	trials	200628TX	p51	Z08115	1	0.0	0.0	1887.6744107048344	1887.8939720560415
1889.93306552799	0.5028812485561502	trials	200628TX	p51	Z08115	97	32.0	0.0	1890.0830655279901	1890.285946776546
1890.3831482978544	0.5195213509614405	trials	200628TX	p51	Z08115	4	1.0	0.0	1890.5331482978545	1890.7526696488158
1890.8165509650673	0.5278414021640856	trials	200628TX	p51	Z08115	58	19.0	0.0	1890.9665509650674	1891.1943923672313
1891.2499136320341	0.5278814024102303	trials	200628TX	p51	Z08115	120	39.0	2.0	1891.3999136320342	1891.6277950344443
1891.71667650455	0.5278414021638582	trials	200628TX	p51	Z08115	109	36.0	0.0	1891.86667650455	1892.0945179067137
1892.1500391715167	0.5278814024100029	trials	200628TX	p51	Z08115	30	9.0	2.0	1892.3000391715168	1892.5279205739266
1894.900416097672	0.5028412483100055	trials	200628TX	p51	Z08115	0			1895.050416097672	1895.2532573459819
1895.3171386622337	0.5195213509612131	trials	200628TX	p51	Z08115	24	7.0	2.0	1895.4671386622338	1895.6866600131948
1895.7505013292005	0.5278814024100029	trials	200628TX	p51	Z08115	33	10.0	2.0	1895.9005013292006	1896.1283827316104
1896.1839039964134	0.5278814024100029	trials	200628TX	p51	Z08115	82	27.0	0.0	1896.3339039964135	1896.5617853988233
1896.6173066636263	0.5278814024100029	trials	200628TX	p51	Z08115	63	20.0	2.0	1896.7673066636264	1896.9951880660362
1897.0507093308393	0.5278414021638582	trials	200628TX	p51	Z08115	34	11.0	0.0	1897.2007093308393	1897.428550733003
1897.4924320492546	0.5195213509614405	trials	200628TX	p51	Z08115	16	5.0	0.0	1897.6424320492547	1897.861953400216
1897.9257947162214	0.5195613512075852	trials	200628TX	p51	Z08115	27	8.0	2.0	1898.0757947162215	1898.2953560674289
1901.459616463792	0.5195213509614405	trials	200628TX	p51	Z08115	52	17.0	0.0	1901.609616463792	1901.8291378147533
1901.9013391822075	0.5278814024102303	trials	200628TX	p51	Z08115	25	8.0	0.0	1902.0513391822076	1902.2792205846176
1902.3347418494204	0.5278814024102303	trials	200628TX	p51	Z08115	87	28.0	2.0	1902.4847418494205	1902.7126232518306
1902.776464567836	0.5195213509614405	trials	200628TX	p51	Z08115	45	14.0	2.0	1902.926464567836	1903.1459859187974
1905.4018007244754	0.5028812485561502	trials	200628TX	p51	Z08115	36	11.0	2.0	1905.5518007244755	1905.7546819730314
1905.8185232890369	0.5278814024102303	trials	200628TX	p51	Z08115	96	31.0	2.0	1905.968523289037	1906.196404691447
1906.2519259562498	0.5278814024102303	trials	200628TX	p51	Z08115	49	16.0	0.0	1906.40192595625	1906.62980735866
1906.6853286234627	0.5278414021640856	trials	200628TX	p51	Z08115	117	38.0	2.0	1906.8353286234628	1907.0631700256267
1907.1186912904295	0.5278814024102303	trials	200628TX	p51	Z08115	108	35.0	2.0	1907.2686912904296	1907.4965726928397
1907.5604540090912	0.5195213509614405	trials	200628TX	p51	Z08115	7	2.0	0.0	1907.7104540090913	1907.9299753600526
1907.993816676058	0.5195613512075852	trials	200628TX	p51	Z08115	22	7.0	0.0	1908.1438166760581	1908.3633780272655
1908.427219343271	0.5278814024100029	trials	200628TX	p51	Z08115	0			1908.577219343271	1908.8051007456809
1912.1777224243249	0.5028412483100055	trials	200628TX	p51	Z08115	64	21.0	0.0	1912.327722424325	1912.5305636726348
1912.5861249376837	0.5278414021640856	trials	200628TX	p51	Z08115	0			1912.7361249376838	1912.9639663398477
1913.0278076558532	0.5195613512075852	trials	200628TX	p51	Z08115	91	30.0	0.0	1913.1778076558533	1913.3973690070607
1913.461210323066	0.5278814024102303	trials	200628TX	p51	Z08115	73	24.0	0.0	1913.6112103230662	1913.8390917254762
1913.9279331953355	0.5278814024102303	trials	200628TX	p51	Z08115	51	16.0	2.0	1914.0779331953356	1914.3058145977457
1914.3613358625485	0.5278814024102303	trials	200628TX	p51	Z08115	84	27.0	2.0	1914.5113358625485	1914.7392172649586
1914.7947385297616	0.5278414021638582	trials	200628TX	p51	Z08115	88	29.0	0.0	1914.9447385297617	1915.1725799319254
1915.236461248177	0.5195213509614405	trials	200628TX	p51	Z08115	31	10.0	0.0	1915.386461248177	1915.6059825991383
1918.9536041239282	0.5028812485561502	trials	200628TX	p51	Z08115	118	39.0	0.0	1919.1036041239283	1919.3064853724843
1919.362006637287	0.5278814024102303	trials	200628TX	p51	Z08115	106	35.0	0.0	1919.5120066372872	1919.7398880396972
1919.8037293557027	0.5195213509614405	trials	200628TX	p51	Z08115	3	0.0	2.0	1919.9537293557028	1920.173250706664
1920.2371320229156	0.5195213509614405	trials	200628TX	p51	Z08115	61	20.0	0.0	1920.3871320229157	1920.606653373877
1920.6704946898824	0.5195613512075852	trials	200628TX	p51	Z08115	46	15.0	0.0	1920.8204946898825	1921.0400560410899
1921.1038973570953	0.5278814024102303	trials	200628TX	p51	Z08115	100	33.0	0.0	1921.2538973570954	1921.4817787595055
1921.537260024062	0.5278814024100029	trials	200628TX	p51	Z08115	99	32.0	2.0	1921.6872600240622	1921.915141426472
1921.9707026915212	0.5278414021640856	trials	200628TX	p51	Z08115	18	5.0	2.0	1922.1207026915213	1922.3485440936852
1925.571164849205	0.5028412483100055	trials	200628TX	p51	Z08115	102	33.0	2.0	1925.721164849205	1925.9240060975148
1925.9878874137664	0.5278414021640856	trials	200628TX	p51	Z08115	54	17.0	2.0	1926.1378874137665	1926.3657288159304
1926.4212900809794	0.5278414021640856	trials	200628TX	p51	Z08115	0			1926.5712900809795	1926.7991314831434
1926.8546527479461	0.5278814024102303	trials	200628TX	p51	Z08115	43	14.0	0.0	1927.0046527479462	1927.2325341503563
1927.288055415159	0.5278814024102303	trials	200628TX	p51	Z08115	85	28.0	0.0	1927.4380554151592	1927.6659368175692
1927.7297781335747	0.5195213509614405	trials	200628TX	p51	Z08115	15	4.0	2.0	1927.8797781335747	1928.099299484536
1928.1631808007876	0.5195213509614405	trials	200628TX	p51	Z08115	93	30.0	2.0	1928.3131808007877	1928.532702151749
1928.5965434677544	0.5278814024102303	trials	200628TX	p51	Z08115	93	30.0	2.0	1928.7465434677545	1928.9744248701645
1932.1803655230328	0.5028812485561502	trials	200628TX	p51	Z08115	10	3.0	0.0	1932.330365523033	1932.533246771589
1932.5970880875943	0.5195613512075852	trials	200628TX	p51	Z08115	31	10.0	0.0	1932.7470880875944	1932.9666494388018
1933.0304507545611	0.5195613512075852	trials	200628TX	p51	Z08115	0			1933.1804507545612	1933.4000121057686
1933.463853421774	0.5278814024102303	trials	200628TX	p51	Z08115	67	22.0	0.0	1933.6138534217741	1933.8417348241842
1933.9306162942898	0.5278414021640856	trials	200628TX	p51	Z08115	70	23.0	0.0	1934.08061629429	1934.3084576964538
1934.3639789612566	0.5278814024102303	trials	200628TX	p51	Z08115	69	22.0	2.0	1934.5139789612567	1934.7418603636668
1936.8476742462208	0.5028412483097782	trials	200628TX	p51	Z08115	106	35.0	0.0	1936.9976742462209	1937.2005154945305
1937.2643568105361	0.5195613512075852	trials	200628TX	p51	Z08115	39	12.0	2.0	1937.4143568105362	1937.6339181617436
1937.697759477749	0.5195613512073578	trials	200628TX	p51	Z08115	94	31.0	0.0	1937.8477594777492	1938.0673208289563
1938.1311221447158	0.5195613512073578	trials	200628TX	p51	Z08115	49	16.0	0.0	1938.281122144716	1938.500683495923
1938.5645248119288	0.5278814024100029	trials	200628TX	p51	Z08115	16	5.0	0.0	1938.7145248119289	1938.9424062143387
1939.0312876844444	0.5278414021640856	trials	200628TX	p51	Z08115	117	38.0	2.0	1939.1812876844444	1939.4091290866083
1939.4646503514111	0.5278814024102303	trials	200628TX	p51	Z08115	115	38.0	0.0	1939.6146503514112	1939.8425317538213
1939.9064130700729	0.5195213509614405	trials	200628TX	p51	Z08115	99	32.0	2.0	1940.056413070073	1940.2759344210342
1943.6402360484753	0.5028412483100055	trials	200628TX	p51	Z08115	58	19.0	0.0	1943.7902360484754	1943.9930772967853
1944.081958766891	0.5278414021640856	trials	200628TX	p51	Z08115	30	9.0	2.0	1944.231958766891	1944.459800169055
1944.5153614341039	0.5278414021640856	trials	200628TX	p51	Z08115	87	28.0	2.0	1944.665361434104	1944.8932028362678
1944.9570841525194	0.5195213509614405	trials	200628TX	p51	Z08115	91	30.0	0.0	1945.1070841525195	1945.3266055034808
1945.3904468194862	0.5195613512075852	trials	200628TX	p51	Z08115	78	25.0	2.0	1945.5404468194863	1945.7600081706937
1945.8238494866991	0.5278814024102303	trials	200628TX	p51	Z08115	3	0.0	2.0	1945.9738494866992	1946.2017308891093
1946.257252153912	0.5278414021640856	trials	200628TX	p51	Z08115	88	29.0	0.0	1946.4072521539122	1946.635093556076
1951.0328815437185	0.5028412483100055	trials	200628TX	p51	Z08115	24	7.0	2.0	1951.1828815437186	1951.3857227920284
1951.4412840570774	0.5278414021640856	trials	200628TX	p51	Z08115	105	34.0	2.0	1951.5912840570775	1951.8191254592414
1951.8746467240442	0.5278814024102303	trials	200628TX	p51	Z08115	79	26.0	0.0	1952.0246467240443	1952.2525281264543
1952.308049391257	0.5278814024102303	trials	200628TX	p51	Z08115	118	39.0	0.0	1952.4580493912572	1952.6859307936672
1952.7497721096727	0.5195213509614405	trials	200628TX	p51	Z08115	82	27.0	0.0	1952.8997721096728	1953.119293460634
1953.199814879291	0.5195613512073578	trials	200628TX	p51	Z08115	52	17.0	0.0	1953.349814879291	1953.5693762304982
1953.6332175465038	0.5278814024100029	trials	200628TX	p51	Z08115	48	15.0	2.0	1953.783217546504	1954.0110989489137
1954.0666202137168	0.5278414021638582	trials	200628TX	p51	Z08115	111	36.0	2.0	1954.2166202137169	1954.4444616158805
1957.9504841154894	0.5028412483100055	trials	200628TX	p51	Z08115	112	37.0	0.0	1958.1004841154895	1958.3033253637993
1958.3838467824562	0.5278814024100029	trials	200628TX	p51	Z08115	1	0.0	0.0	1958.5338467824563	1958.7617281848661
1961.0842234009035	0.5028412483100055	trials	200628TX	p51	Z08115	61	20.0	0.0	1961.2342234009036	1961.4370646492134
1961.525946119319	0.5278414021640856	trials	200628TX	p51	Z08115	33	10.0	2.0	1961.6759461193192	1961.903787521483
1961.959348786532	0.5278414021640856	trials	200628TX	p51	Z08115	60	19.0	2.0	1962.109348786532	1962.337190188696
1962.4010315047015	0.5195613512075852	trials	200628TX	p51	Z08115	19	6.0	0.0	1962.5510315047015	1962.770592855909
1962.8344341719144	0.5195613512075852	trials	200628TX	p51	Z08115	37	12.0	0.0	1962.9844341719145	1963.2039955231219
1963.2678368391273	0.5278814024102303	trials	200628TX	p51	Z08115	13	4.0	0.0	1963.4178368391274	1963.6457182415375
1965.884852944564	0.5028412483100055	trials	200628TX	p51	Z08115	54	17.0	2.0	1966.0348529445641	1966.237694192874
1966.293255457923	0.5278414021640856	trials	200628TX	p51	Z08115	97	32.0	0.0	1966.443255457923	1966.671096860087
1966.7266181248897	0.5278814024102303	trials	200628TX	p51	Z08115	27	8.0	2.0	1966.8766181248898	1967.1044995272998
1967.1600207921026	0.5278814024102303	trials	200628TX	p51	Z08115	96	31.0	2.0	1967.3100207921027	1967.5379021945128
1967.6017435105182	0.5195213509614405	trials	200628TX	p51	Z08115	55	18.0	0.0	1967.7517435105183	1967.9712648614795
1968.0351461777311	0.5195213509614405	trials	200628TX	p51	Z08115	81	26.0	2.0	1968.1851461777312	1968.4046675286925
1968.468508844698	0.5278814024102303	trials	200628TX	p51	Z08115	0			1968.618508844698	1968.846390247108
1968.9352717172135	0.5278414021640856	trials	200628TX	p51	Z08115	109	36.0	0.0	1969.0852717172136	1969.3131131193775
1972.5023736695946	0.5028812485561502	trials	200628TX	p51	Z08115	21	6.0	2.0	1972.6523736695947	1972.8552549181506
1972.919096234156	0.5195613512075852	trials	200628TX	p51	Z08115	103	34.0	0.0	1973.0690962341562	1973.2886575853636
1973.352498901369	0.5278814024102303	trials	200628TX	p51	Z08115	46	15.0	0.0	1973.502498901369	1973.7303803037792
1973.785901568582	0.5278814024102303	trials	200628TX	p51	Z08115	63	20.0	2.0	1973.935901568582	1974.163782970992
1974.2192642355487	0.5278814024102303	trials	200628TX	p51	Z08115	51	16.0	2.0	1974.3692642355488	1974.5971456379589
1976.919640853996	0.5028812485561502	trials	200628TX	p51	Z08115	0			1977.0696408539961	1977.272522102552
1977.3614035726578	0.5278414021640856	trials	200628TX	p51	Z08115	102	33.0	2.0	1977.5114035726579	1977.7392449748218
1977.8030862908272	0.5195613512075852	trials	200628TX	p51	Z08115	7	2.0	0.0	1977.9530862908273	1978.1726476420347
1978.2364889580401	0.5278814024102303	trials	200628TX	p51	Z08115	73	24.0	0.0	1978.3864889580402	1978.6143703604503
1978.669891625253	0.5278414021640856	trials	200628TX	p51	Z08115	75	24.0	2.0	1978.8198916252531	1979.047733027417
1979.1032542922198	0.5278814024102303	trials	200628TX	p51	Z08115	42	13.0	2.0	1979.25325429222	1979.48113569463
1979.5366569594328	0.5278814024102303	trials	200628TX	p51	Z08115	85	28.0	0.0	1979.6866569594329	1979.914538361843
1979.9783796778484	0.5195613512075852	trials	200628TX	p51	Z08115	15	4.0	2.0	1980.1283796778484	1980.3479410290558
1983.8789236822724	0.5028412483100055	trials	200628TX	p51	Z08115	6	1.0	2.0	1984.0289236822725	1984.2317649305824
1984.2872861953851	0.5278814024102303	trials	200628TX	p51	Z08115	4	1.0	0.0	1984.4372861953852	1984.6651675977953
1984.7540090676548	0.5362414538587927	trials	200628TX	p51	Z08115	36	11.0	2.0	1984.904009067655	1985.1402505215135
1985.2207719401704	0.5278414021640856	trials	200628TX	p51	Z08115	0			1985.3707719401705	1985.5986133423344
1985.662494658586	0.5278414021640856	trials	200628TX	p51	Z08115	108	35.0	2.0	1985.812494658586	1986.04033606075
1986.0958573255527	0.5278814024102303	trials	200628TX	p51	Z08115	64	21.0	0.0	1986.2458573255528	1986.4737387279629
1986.5626201980685	0.5278414021640856	trials	200628TX	p51	Z08115	72	23.0	2.0	1986.7126201980686	1986.9404616002325
1986.9959828650353	0.5278814024100029	trials	200628TX	p51	Z08115	76	25.0	0.0	1987.1459828650354	1987.3738642674452
1990.4631242022465	0.5111612995124233	trials	200628TX	p51	Z08115	18	5.0	2.0	1990.6131242022466	1990.8242855017588
1990.8798067665618	0.5278814024102303	trials	200628TX	p51	Z08115	22	7.0	0.0	1991.029806766562	1991.257688168972
1991.3132094337748	0.5278814024100029	trials	200628TX	p51	Z08115	66	21.0	2.0	1991.4632094337749	1991.6910908361847
1991.7466121009877	0.5278814024102303	trials	200628TX	p51	Z08115	45	14.0	2.0	1991.8966121009878	1992.1244935033978
1992.1883348194033	0.5195613512073578	trials	200628TX	p51	Z08115	40	13.0	0.0	1992.3383348194034	1992.5578961706105
1992.6217374866162	0.5195213509612131	trials	200628TX	p51	Z08115	57	18.0	2.0	1992.7717374866163	1992.9912588375773
1993.0551401538291	0.5195213509612131	trials	200628TX	p51	Z08115	25	8.0	0.0	1993.2051401538292	1993.4246615047903
1993.488502820796	0.5278814024100029	trials	200628TX	p51	Z08115	114	37.0	2.0	1993.638502820796	1993.8663842232058
1997.1056850813773	0.5028412483100055	trials	200628TX	p51	Z08115	84	27.0	2.0	1997.2556850813774	1997.4585263296872
1997.5223676456926	0.5195613512073578	trials	200628TX	p51	Z08115	100	33.0	0.0	1997.6723676456927	1997.8919289968999
1997.9557703129055	0.5195613512075852	trials	200628TX	p51	Z08115	43	14.0	0.0	1998.1057703129056	1998.325331664113
1998.3891729801185	0.5278414021638582	trials	200628TX	p51	Z08115	120	39.0	2.0	1998.5391729801186	1998.7670143822822
1998.8225356470853	0.5278814024100029	trials	200628TX	p51	Z08115	9	2.0	2.0	1998.9725356470854	1999.2004170494952
1999.2559383142982	0.5278814024100029	trials	200628TX	p51	Z08115	28	9.0	0.0	1999.4059383142983	1999.633819716708
1999.6977010329597	0.5195213509614405	trials	200628TX	p51	Z08115	12	3.0	2.0	1999.8477010329598	2000.067222383921
2000.1310636999267	0.5195213509612131	trials	200628TX	p51	Z08115	34	11.0	0.0	2000.2810636999268	2000.5005850508878
2003.8815667809804	0.5028412483102329	trials	200628TX	p51	Z08115	90	29.0	2.0	2004.0315667809805	2004.2344080292905
2004.2899692943395	0.4945211971073604	trials	200628TX	p51	Z08115	0			2004.4399692943396	2004.6344904914467
2004.7233719615524	0.4944811968612157	trials	200628TX	p51	Z08115	0			2004.8733719615525	2005.0678531584135
2005.165094679968	0.5195213509612131	trials	200628TX	p51	Z08115	106	35.0	0.0	2005.315094679968	2005.534616030929
2005.5984573469348	0.5278814024100029	trials	200628TX	p51	Z08115	54	17.0	2.0	2005.7484573469349	2005.9763387493447
2006.0318600141477	0.5278414021638582	trials	200628TX	p51	Z08115	45	14.0	2.0	2006.1818600141478	2006.4097014163115
2006.4652626813606	0.5278414021638582	trials	200628TX	p51	Z08115	58	19.0	0.0	2006.6152626813607	2006.8431040835244
2006.8986253483274	0.5278814024100029	trials	200628TX	p51	Z08115	112	37.0	0.0	2007.0486253483275	2007.2765067507373
2010.4991275062573	0.5194813507150684	trials	200628TX	p51	Z08115	79	26.0	0.0	2010.6491275062574	2010.8686088569723
2010.932490173224	0.5278814024100029	trials	200628TX	p51	Z08115	16	5.0	0.0	2011.0824901732242	2011.310371575634
2011.3992130454935	0.5278814024102303	trials	200628TX	p51	Z08115	27	8.0	2.0	2011.5492130454936	2011.7770944479037
2011.840935763909	0.5195613512075852	trials	200628TX	p51	Z08115	73	24.0	0.0	2011.9909357639092	2012.2104971151166
2014.4663119207946	0.5028412483100055	trials	200628TX	p51	Z08115	12	3.0	2.0	2014.6163119207947	2014.8191531691045
2017.9667734630623	0.5028412483100055	trials	200628TX	p51	Z08115	48	15.0	2.0	2018.1167734630624	2018.3196147113722
2020.8254710558363	0.5028812485561502	trials	200628TX	p51	Z08115	37	12.0	0.0	2020.9754710558364	2021.1783523043923
2021.2338735691953	0.5278814024102303	trials	200628TX	p51	Z08115	78	25.0	2.0	2021.3838735691954	2021.6117549716055
2021.6672762364083	0.5278414021638582	trials	200628TX	p51	Z08115	31	10.0	0.0	2021.8172762364084	2022.045117638572
2022.1089989548238	0.5195213509612131	trials	200628TX	p51	Z08115	33	10.0	2.0	2022.258998954824	2022.478520305785
2022.5423616217906	0.5195613512075852	trials	200628TX	p51	Z08115	40	13.0	0.0	2022.6923616217907	2022.9119229729981
2022.9757642890036	0.5195613512073578	trials	200628TX	p51	Z08115	0			2023.1257642890037	2023.3453256402108
2023.4091669562165	0.5278414021638582	trials	200628TX	p51	Z08115	19	6.0	0.0	2023.5591669562166	2023.7870083583803
2023.8425296231833	0.5278814024100029	trials	200628TX	p51	Z08115	30	9.0	2.0	2023.9925296231834	2024.2204110255932
2027.3096709603942	0.5028812485561502	trials	200628TX	p51	Z08115	81	26.0	2.0	2027.4596709603943	2027.6625522089503
2027.726393524956	0.5195213509612131	trials	200628TX	p51	Z08115	115	38.0	0.0	2027.876393524956	2028.095914875917
2028.1597961921689	0.5278414021638582	trials	200628TX	p51	Z08115	117	38.0	2.0	2028.309796192169	2028.5376375943326
2028.5931588591357	0.5278814024100029	trials	200628TX	p51	Z08115	69	22.0	2.0	2028.7431588591357	2028.9710402615456
2029.0265615263486	0.5278814024100029	trials	200628TX	p51	Z08115	63	20.0	2.0	2029.1765615263487	2029.4044429287585
2029.4599641935615	0.5278814024100029	trials	200628TX	p51	Z08115	1	0.0	0.0	2029.6099641935616	2029.8378455959714
2029.9017269122232	0.5194813507150684	trials	200628TX	p51	Z08115	84	27.0	2.0	2030.0517269122233	2030.2712082629382
2030.33508957919	0.5195213509612131	trials	200628TX	p51	Z08115	3	0.0	2.0	2030.4850895791901	2030.7046109301511
2033.9855520445817	0.5028812485561502	trials	200628TX	p51	Z08115	99	32.0	2.0	2034.1355520445818	2034.3384332931378
2034.3939545579406	0.4945211971073604	trials	200628TX	p51	Z08115	0			2034.5439545579407	2034.7384757550478
2034.8023570712996	0.5195213509612131	trials	200628TX	p51	Z08115	97	32.0	0.0	2034.9523570712997	2035.1718784222608
2035.269079943569	0.5195213509614405	trials	200628TX	p51	Z08115	66	21.0	2.0	2035.4190799435692	2035.6386012945304
2038.0694571774325	0.5028412483100055	trials	200628TX	p51	Z08115	75	24.0	2.0	2038.2194571774326	2038.4222984257424
2038.4778196905454	0.5278814024100029	trials	200628TX	p51	Z08115	102	33.0	2.0	2038.6278196905455	2038.8557010929553
2038.911222357758	0.5278814024102303	trials	200628TX	p51	Z08115	109	36.0	0.0	2039.0612223577582	2039.2891037601682
2039.344585024725	0.5278814024102303	trials	200628TX	p51	Z08115	91	30.0	0.0	2039.494585024725	2039.722466427135
2039.7863477433866	0.5195213509614405	trials	200628TX	p51	Z08115	13	4.0	0.0	2039.9363477433867	2040.155869094348
2040.2197104103534	0.5195613512075852	trials	200628TX	p51	Z08115	18	5.0	2.0	2040.3697104103535	2040.589271761561
2040.6531130775663	0.5278814024102303	trials	200628TX	p51	Z08115	70	23.0	0.0	2040.8031130775664	2041.0309944799765
2041.0865157447793	0.5278414021640856	trials	200628TX	p51	Z08115	34	11.0	0.0	2041.2365157447794	2041.4643571469433
2044.7036580051144	0.5028412483100055	trials	200628TX	p51	Z08115	103	34.0	0.0	2044.8536580051145	2045.0564992534244
2045.120380569676	0.5195213509614405	trials	200628TX	p51	Z08115	87	28.0	2.0	2045.270380569676	2045.4899019206373
2045.5871034419456	0.5278814024102303	trials	200628TX	p51	Z08115	105	34.0	2.0	2045.7371034419457	2045.9649848443557
2046.0205061091585	0.5278414021638582	trials	200628TX	p51	Z08115	9	2.0	2.0	2046.1705061091586	2046.3983475113223
2046.4538687761253	0.5278814024102303	trials	200628TX	p51	Z08115	61	20.0	0.0	2046.6038687761254	2046.8317501785355
2046.895631494787	0.5195213509614405	trials	200628TX	p51	Z08115	21	6.0	2.0	2047.0456314947871	2047.2651528457484
2047.3289941617538	0.5195613512075852	trials	200628TX	p51	Z08115	108	35.0	2.0	2047.478994161754	2047.6985555129613
2047.7623968289668	0.5195213509614405	trials	200628TX	p51	Z08115	57	18.0	2.0	2047.9123968289668	2048.131918179928
2051.529580012672	0.5028412483102329	trials	200628TX	p51	Z08115	49	16.0	0.0	2051.679580012672	2051.882421260982
2051.9713027310877	0.5278414021640856	trials	200628TX	p51	Z08115	67	22.0	0.0	2052.121302731088	2052.3491441332517
2052.413025449503	0.5195213509614405	trials	200628TX	p51	Z08115	93	30.0	2.0	2052.563025449503	2052.7825468004644
2052.84638811647	0.5195613512073578	trials	200628TX	p51	Z08115	111	36.0	2.0	2052.99638811647	2053.215949467677
2053.279790783683	0.5278814024100029	trials	200628TX	p51	Z08115	96	31.0	2.0	2053.429790783683	2053.657672186093
2053.7131934508957	0.5278414021640856	trials	200628TX	p51	Z08115	15	4.0	2.0	2053.863193450896	2054.0910348530597
2054.1465561178625	0.5278814024100029	trials	200628TX	p51	Z08115	118	39.0	0.0	2054.2965561178626	2054.5244375202724
2054.5799587850756	0.5278814024100029	trials	200628TX	p51	Z08115	22	7.0	0.0	2054.7299587850757	2054.9578401874855
2058.155460789151	0.5028412483102329	trials	200628TX	p51	Z08115	28	9.0	0.0	2058.3054607891513	2058.5083020374614
2058.6055035587697	0.5278814024100029	trials	200628TX	p51	Z08115	43	14.0	0.0	2058.7555035587698	2058.9833849611796
2059.0639063798367	0.5278414021636308	trials	200628TX	p51	Z08115	7	2.0	0.0	2059.2139063798368	2059.441747782
2059.4973090470494	0.5278414021640856	trials	200628TX	p51	Z08115	100	33.0	0.0	2059.6473090470495	2059.8751504492134
2059.938991765219	0.5195613512073578	trials	200628TX	p51	Z08115	24	7.0	2.0	2060.088991765219	2060.308553116426
2060.3723944324315	0.5195613512078125	trials	200628TX	p51	Z08115	25	8.0	0.0	2060.5223944324316	2060.7419557836392
2060.8057970996447	0.5278814024100029	trials	200628TX	p51	Z08115	94	31.0	0.0	2060.9557970996448	2061.1836785020546
2061.2391997668574	0.5278414021640856	trials	200628TX	p51	Z08115	120	39.0	2.0	2061.3891997668575	2061.6170411690214
2064.9896628476654	0.5028812485561502	trials	200628TX	p51	Z08115	10	3.0	0.0	2065.1396628476655	2065.3425440962214
2065.423065514878	0.5278414021640856	trials	200628TX	p51	Z08115	4	1.0	0.0	2065.573065514878	2065.800906917042
2065.8564681820912	0.5278414021640856	trials	200628TX	p51	Z08115	39	12.0	2.0	2066.0064681820913	2066.2343095842552
2066.289870849304	0.5278414021640856	trials	200628TX	p51	Z08115	51	16.0	2.0	2066.439870849304	2066.667712251468
2066.7315935677198	0.5195213509614405	trials	200628TX	p51	Z08115	88	29.0	0.0	2066.88159356772	2067.101114918681
2067.1649562346865	0.5195613512073578	trials	200628TX	p51	Z08115	55	18.0	0.0	2067.3149562346866	2067.534517585894
2067.5983589018992	0.5195613512078125	trials	200628TX	p51	Z08115	82	27.0	0.0	2067.7483589018993	2067.967920253107
2070.2570552638413	0.5028412483102329	trials	200628TX	p51	Z08115	46	15.0	0.0	2070.4070552638414	2070.6098965121514
2070.690417930808	0.5278814024104577	trials	200628TX	p51	Z08115	90	29.0	2.0	2070.840417930808	2071.0682993332184
2071.123820598021	0.5278814024100029	trials	200628TX	p51	Z08115	6	1.0	2.0	2071.2738205980213	2071.501702000431
2071.557223265234	0.5278814024104577	trials	200628TX	p51	Z08115	64	21.0	0.0	2071.707223265234	2071.9351046676443
2071.990625932447	0.5278414021640856	trials	200628TX	p51	Z08115	36	11.0	2.0	2072.140625932447	2072.368467334611
2072.4323486508624	0.5195213509614405	trials	200628TX	p51	Z08115	42	13.0	2.0	2072.5823486508625	2072.8018700018238
2072.8657513180756	0.5195213509614405	trials	200628TX	p51	Z08115	114	37.0	2.0	2073.0157513180757	2073.235272669037
2073.2991139850424	0.5278814024100029	trials	200628TX	p51	Z08115	52	17.0	0.0	2073.4491139850425	2073.6769953874523
2077.01629686104	0.5028412483097782	trials	200628TX	p51	Z08115	72	23.0	2.0	2077.16629686104	2077.3691381093495
2077.4330194256013	0.5195213509609857	trials	200628TX	p51	Z08115	76	25.0	0.0	2077.5830194256014	2077.802540776562
2077.866382092568	0.5195613512073578	trials	200628TX	p51	Z08115	60	19.0	2.0	2078.016382092568	2078.2359434437753
2078.299784759781	0.5278814024100029	trials	200628TX	p51	Z08115	85	28.0	0.0	2078.449784759781	2078.6776661621907
2078.7665076320504	0.5278814024100029	trials	200628TX	p51	Z08115	109	36.0	0.0	2078.9165076320505	2079.1443890344603
2079.199910299263	0.5278414021640856	trials	200628TX	p51	Z08115	117	38.0	2.0	2079.3499102992632	2079.577751701427
2079.641633017679	0.5195213509614405	trials	200628TX	p51	Z08115	114	37.0	2.0	2079.791633017679	2080.0111543686403
2080.0750356848916	0.5195213509614405	trials	200628TX	p51	Z08115	70	23.0	0.0	2080.2250356848917	2080.444557035853
2083.6754978425756	0.5028812485561502	trials	200628TX	p51	Z08115	97	32.0	0.0	2083.8254978425757	2084.0283790911317
2084.0839003559345	0.5278414021640856	trials	200628TX	p51	Z08115	49	16.0	0.0	2084.2339003559346	2084.4617417580985
2084.52562307435	0.5195213509614405	trials	200628TX	p51	Z08115	66	21.0	2.0	2084.67562307435	2084.895144425311
2084.9589857413166	0.5195613512078125	trials	200628TX	p51	Z08115	103	34.0	0.0	2085.1089857413167	2085.3285470925243
2085.3923884085298	0.5278814024100029	trials	200628TX	p51	Z08115	51	16.0	2.0	2085.54238840853	2085.7702698109397
2085.8257910757425	0.5278414021640856	trials	200628TX	p51	Z08115	19	6.0	0.0	2085.9757910757426	2086.2036324779065
2086.2591537427093	0.5278814024104577	trials	200628TX	p51	Z08115	99	32.0	2.0	2086.4091537427093	2086.6370351451196
2086.700916461371	0.5195213509614405	trials	200628TX	p51	Z08115	25	8.0	0.0	2086.850916461371	2087.0704378123323
2090.376379080617	0.5028812485561502	trials	200628TX	p51	Z08115	6	1.0	2.0	2090.526379080617	2090.729260329173
2090.7931016451785	0.5278814024100029	trials	200628TX	p51	Z08115	82	27.0	0.0	2090.9431016451786	2091.1709830475884
2091.226504312391	0.5278814024104577	trials	200628TX	p51	Z08115	85	28.0	0.0	2091.3765043123913	2091.6043857148015
2091.659866979358	0.5278814024104577	trials	200628TX	p51	Z08115	33	10.0	2.0	2091.809866979358	2092.0377483817683
2092.1016296980197	0.5195213509614405	trials	200628TX	p51	Z08115	75	24.0	2.0	2092.2516296980198	2092.471151048981
2092.535032365233	0.5195213509614405	trials	200628TX	p51	Z08115	63	20.0	2.0	2092.685032365233	2092.904553716194
2092.9683950321996	0.5278814024100029	trials	200628TX	p51	Z08115	67	22.0	0.0	2093.1183950321997	2093.3462764346095
2093.4017976994123	0.5278414021640856	trials	200628TX	p51	Z08115	111	36.0	2.0	2093.5517976994124	2093.7796391015763
2097.2356612934773	0.5028412483097782	trials	200628TX	p51	Z08115	28	9.0	0.0	2097.3856612934774	2097.588502541787
2099.710956526746	0.5028812485561502	trials	200628TX	p51	Z08115	64	21.0	0.0	2099.860956526746	2100.063837775302
2100.127679091308	0.5195613512073578	trials	200628TX	p51	Z08115	0			2100.277679091308	2100.4972404425152
2100.5610817585207	0.5278814024104577	trials	200628TX	p51	Z08115	48	15.0	2.0	2100.711081758521	2100.938963160931
2100.994484425734	0.5278414021640856	trials	200628TX	p51	Z08115	27	8.0	2.0	2101.144484425734	2101.372325827898
2101.4278470927006	0.5278814024100029	trials	200628TX	p51	Z08115	79	26.0	0.0	2101.5778470927007	2101.8057284951105
2101.8696098113624	0.5195213509609857	trials	200628TX	p51	Z08115	120	39.0	2.0	2102.0196098113624	2102.2391311623232
2102.302972478329	0.5195213509609857	trials	200628TX	p51	Z08115	102	33.0	2.0	2102.4529724783292	2102.67249382929
2102.736375145542	0.5195213509614405	trials	200628TX	p51	Z08115	91	30.0	0.0	2102.886375145542	2103.105896496503
2107.020281509225	0.5028412483097782	trials	200628TX	p51	Z08115	12	3.0	2.0	2107.170281509225	2107.3731227575345
2107.4370040737863	0.5195213509614405	trials	200628TX	p51	Z08115	34	11.0	0.0	2107.5870040737864	2107.8065254247476
2107.870366740753	0.5278814024100029	trials	200628TX	p51	Z08115	45	14.0	2.0	2108.020366740753	2108.248248143163
2108.3037694079662	0.5278814024100029	trials	200628TX	p51	Z08115	9	2.0	2.0	2108.4537694079663	2108.681650810376
2108.737172075179	0.5278414021640856	trials	200628TX	p51	Z08115	60	19.0	2.0	2108.887172075179	2109.115013477343
2109.1705347421457	0.5278814024100029	trials	200628TX	p51	Z08115	81	26.0	2.0	2109.320534742146	2109.5484161445556
2109.6122974608074	0.5195213509614405	trials	200628TX	p51	Z08115	90	29.0	2.0	2109.7622974608075	2109.981818811769
2110.04570012802	0.5194813507155231	trials	200628TX	p51	Z08115	54	17.0	2.0	2110.1957001280202	2110.4151814787356
2114.1462053630303	0.5028812485561502	trials	200628TX	p51	Z08115	55	18.0	0.0	2114.2962053630304	2114.4990866115863
2114.5879280814456	0.5028812485561502	trials	200628TX	p51	Z08115	112	37.0	0.0	2114.7379280814457	2114.9408093300017
2115.021330748659	0.5278814024100029	trials	200628TX	p51	Z08115	0			2115.171330748659	2115.3992121510687
2115.463053467074	0.5278414021640856	trials	200628TX	p51	Z08115	7	2.0	0.0	2115.613053467074	2115.840894869238
2115.8964561342873	0.5278414021640856	trials	200628TX	p51	Z08115	4	1.0	0.0	2116.0464561342874	2116.2742975364513
2116.3298588015	0.5278414021640856	trials	200628TX	p51	Z08115	108	35.0	2.0	2116.4798588015	2116.707700203664
2116.771581519916	0.5195213509614405	trials	200628TX	p51	Z08115	72	23.0	2.0	2116.921581519916	2117.141102870877
2117.19662413568	0.5278814024100029	trials	200628TX	p51	Z08115	78	25.0	2.0	2117.34662413568	2117.57450553809
2121.4555303455086	0.5195213509614405	trials	200628TX	p51	Z08115	115	38.0	0.0	2121.6055303455087	2121.82505169647
2121.8888930124754	0.5195613512078125	trials	200628TX	p51	Z08115	84	27.0	2.0	2122.0388930124755	2122.258454363683
2124.364228245991	0.5028812485561502	trials	200628TX	p51	Z08115	16	5.0	0.0	2124.514228245991	2124.717109494547
2124.7809508105524	0.5195613512073578	trials	200628TX	p51	Z08115	87	28.0	2.0	2124.9309508105525	2125.1505121617597
2125.214353477765	0.5195213509614405	trials	200628TX	p51	Z08115	52	17.0	0.0	2125.3643534777652	2125.5838748287265
2125.6477561449783	0.5278414021636308	trials	200628TX	p51	Z08115	18	5.0	2.0	2125.7977561449784	2126.025597547142
2126.081118811945	0.5278814024100029	trials	200628TX	p51	Z08115	13	4.0	0.0	2126.231118811945	2126.459000214355
2126.514521479158	0.5278814024104577	trials	200628TX	p51	Z08115	42	13.0	2.0	2126.664521479158	2126.892402881568
2126.9562441975736	0.5195213509614405	trials	200628TX	p51	Z08115	10	3.0	0.0	2127.1062441975737	2127.325765548535
2127.3896468647863	0.5195213509614405	trials	200628TX	p51	Z08115	96	31.0	2.0	2127.5396468647864	2127.7591682157476
2133.8154864101875	0.5028812485561502	trials	200628TX	p51	Z08115	88	29.0	0.0	2133.9654864101876	2134.1683676587436
2134.232208974749	0.5195613512078125	trials	200628TX	p51	Z08115	24	7.0	2.0	2134.382208974749	2134.6017703259567
2134.665611641962	0.5195213509614405	trials	200628TX	p51	Z08115	69	22.0	2.0	2134.8156116419623	2135.0351329929235
2135.099014309175	0.5195213509614405	trials	200628TX	p51	Z08115	58	19.0	0.0	2135.249014309175	2135.4685356601362
2135.5323769761417	0.5278814024100029	trials	200628TX	p51	Z08115	15	4.0	2.0	2135.6823769761418	2135.9102583785516
2135.965779643355	0.5278814024100029	trials	200628TX	p51	Z08115	37	12.0	0.0	2136.115779643355	2136.3436610457647
2136.3991823105675	0.5278414021640856	trials	200628TX	p51	Z08115	105	34.0	2.0	2136.5491823105676	2136.7770237127315
2139.066198723712	0.5028412483102329	trials	200628TX	p51	Z08115	93	30.0	2.0	2139.2161987237123	2139.4190399720223
2139.4829212882737	0.5195213509614405	trials	200628TX	p51	Z08115	76	25.0	0.0	2139.632921288274	2139.852442639235
2142.1416176502157	0.5028412483102329	trials	200628TX	p51	Z08115	1	0.0	0.0	2142.291617650216	2142.494458898526
2142.558340214777	0.5195213509614405	trials	200628TX	p51	Z08115	22	7.0	0.0	2142.7083402147773	2142.9278615657386
2143.0083829843957	0.49452119710713305	trials	200628TX	p51	Z08115	0			2143.1583829843958	2143.3529041815027
2143.4417856516084	0.5278414021640856	trials	200628TX	p51	Z08115	3	0.0	2.0	2143.5917856516085	2143.8196270537724
2143.908508523878	0.5278814024100029	trials	200628TX	p51	Z08115	43	14.0	0.0	2144.058508523878	2144.286389926288
2144.341871190845	0.5278814024100029	trials	200628TX	p51	Z08115	73	24.0	0.0	2144.491871190845	2144.7197525932547
2144.7836339095065	0.5195213509614405	trials	200628TX	p51	Z08115	106	35.0	0.0	2144.9336339095066	2145.153155260468
2145.2169965764733	0.5195213509614405	trials	200628TX	p51	Z08115	57	18.0	2.0	2145.3669965764734	2145.5865179274347
2148.8508189394597	0.5028812485561502	trials	200628TX	p51	Z08115	40	13.0	0.0	2149.00081893946	2149.203700188016
2149.2592214528186	0.5278814024104577	trials	200628TX	p51	Z08115	31	10.0	0.0	2149.4092214528187	2149.637102855229
2149.734264376291	0.5195613512078125	trials	200628TX	p51	Z08115	21	6.0	2.0	2149.884264376291	2150.1038257274986
2150.167667043504	0.5195213509614405	trials	200628TX	p51	Z08115	94	31.0	0.0	2150.317667043504	2150.5371883944654
2150.6010697107167	0.5278414021640856	trials	200628TX	p51	Z08115	118	39.0	0.0	2150.751069710717	2150.9789111128807
2151.0344323776835	0.5278814024100029	trials	200628TX	p51	Z08115	0			2151.1844323776836	2151.4123137800934
2151.4761950963452	0.5195213509614405	trials	200628TX	p51	Z08115	46	15.0	0.0	2151.6261950963453	2151.8457164473066
2151.909557763312	0.5195613512078125	trials	200628TX	p51	Z08115	39	12.0	2.0	2152.059557763312	2152.2791191145197
2155.5600202287037	0.5028812485561502	trials	200628TX	p51	Z08115	100	33.0	0.0	2155.710020228704	2155.9129014772598
2155.968462742309	0.5278414021640856	trials	200628TX	p51	Z08115	30	9.0	2.0	2156.118462742309	2156.346304144473
2156.4018254092757	0.5278814024100029	trials	200628TX	p51	Z08115	36	11.0	2.0	2156.551825409276	2156.7797068116856
2156.843548127691	0.5195613512078125	trials	200628TX	p51	Z08115	61	20.0	0.0	2156.993548127691	2157.213109478899
2175.7762810473405	0.5028413294598977	trials	200628TX	p51	Z08115	98	32.0	1.0	2175.9262810473406	2176.1291223768003
2176.1930037786183	0.5195214387840679	trials	200628TX	p51	Z08115	2	0.0	1.0	2176.3430037786184	2176.5625252174023
2176.6264066192207	0.5195214387840679	trials	200628TX	p51	Z08115	14	4.0	1.0	2176.776406619221	2176.9959280580047
2177.059769459561	0.5278814935777518	trials	200628TX	p51	Z08115	8	2.0	1.0	2177.209769459561	2177.4376509531385
2177.493172300163	0.5278814935777518	trials	200628TX	p51	Z08115	23	7.0	1.0	2177.6431723001633	2177.871053793741
2177.9598953591526	0.5278814935772971	trials	200628TX	p51	Z08115	32	10.0	1.0	2178.1098953591527	2178.33777685273
2178.4016582545482	0.5195214387840679	trials	200628TX	p51	Z08115	83	27.0	1.0	2178.5516582545483	2178.771179693332
2178.8350210948884	0.5195214387840679	trials	200628TX	p51	Z08115	11	3.0	1.0	2178.9850210948885	2179.2045425336723
2182.385484365281	0.5028813297217312	trials	200628TX	p51	Z08115	0			2182.5354843652813	2182.738365695003
2182.827247260677	0.5278414933154636	trials	200628TX	p51	Z08115	56	18.0	1.0	2182.977247260677	2183.205088753992
2183.260610101017	0.5278814935777518	trials	200628TX	p51	Z08115	65	21.0	1.0	2183.410610101017	2183.6384915945946
2183.7023329961507	0.5195614390463561	trials	200628TX	p51	Z08115	110	36.0	1.0	2183.852332996151	2184.071894435197
2184.135735836753	0.5195214387840679	trials	200628TX	p51	Z08115	116	38.0	1.0	2184.2857358367532	2184.505257275537
2184.569138677355	0.5278414933154636	trials	200628TX	p51	Z08115	77	25.0	1.0	2184.719138677355	2184.9469801706705
2185.0025015176957	0.5278814935772971	trials	200628TX	p51	Z08115	71	23.0	1.0	2185.152501517696	2185.380383011273
2185.435904358298	0.5278814935772971	trials	200628TX	p51	Z08115	80	26.0	1.0	2185.585904358298	2185.8137858518753
2189.0197278473397	0.5028413294598977	trials	200628TX	p51	Z08115	101	33.0	1.0	2189.16972784734	2189.3725691767995
2189.4697707970045	0.5278814935777518	trials	200628TX	p51	Z08115	5	1.0	1.0	2189.6197707970045	2189.847652290582
2189.903173637607	0.5278414933154636	trials	200628TX	p51	Z08115	62	20.0	1.0	2190.053173637607	2190.2810151309222
2190.336536477947	0.5278814935777518	trials	200628TX	p51	Z08115	35	11.0	1.0	2190.486536477947	2190.7144179715247
2190.7699393185494	0.5278814935777518	trials	200628TX	p51	Z08115	0			2190.9199393185495	2191.147820812127
2191.2116622136828	0.5195614390468108	trials	200628TX	p51	Z08115	89	29.0	1.0	2191.361662213683	2191.5812236527295
2191.645065054285	0.5195214387845226	trials	200628TX	p51	Z08115	26	8.0	1.0	2191.7950650542853	2192.0145864930696
2192.0784678948876	0.5278414933154636	trials	200628TX	p51	Z08115	68	22.0	1.0	2192.2284678948877	2192.456309388203
2195.862292694775	0.5028813297217312	trials	200628TX	p51	Z08115	104	34.0	1.0	2196.012292694775	2196.2151740244967
2196.279015426053	0.5278814935777518	trials	200628TX	p51	Z08115	95	31.0	1.0	2196.429015426053	2196.6568969196305
2196.7457384850422	0.5195614390463561	trials	200628TX	p51	Z08115	119	39.0	1.0	2196.8957384850423	2197.1152999240885
2197.195781434707	0.5278814935777518	trials	200628TX	p51	Z08115	0			2197.345781434707	2197.5736629282846
2197.662544493958	0.5278414933154636	trials	200628TX	p51	Z08115	44	14.0	1.0	2197.8125444939583	2198.0403859872736
2198.0959073342983	0.5278814935777518	trials	200628TX	p51	Z08115	107	35.0	1.0	2198.2459073342984	2198.473788827876
2198.5293101749007	0.5278814935777518	trials	200628TX	p51	Z08115	53	17.0	1.0	2198.679310174901	2198.9071916684784
2198.9710330700345	0.5195614390463561	trials	200628TX	p51	Z08115	38	12.0	1.0	2199.1210330700346	2199.340594509081
2202.654857214499	0.5028813297221859	trials	200628TX	p51	Z08115	74	24.0	1.0	2202.804857214499	2203.007738544221
2203.0632598912457	0.5278414933154636	trials	200628TX	p51	Z08115	29	9.0	1.0	2203.213259891246	2203.441101384561
2203.504982786379	0.5195214387845226	trials	200628TX	p51	Z08115	20	6.0	1.0	2203.654982786379	2203.8745042251635
2203.9383856269815	0.5195214387845226	trials	200628TX	p51	Z08115	17	5.0	1.0	2204.0883856269816	2204.307907065766
2204.3717484673216	0.5195614390468108	trials	200628TX	p51	Z08115	41	13.0	1.0	2204.5217484673217	2204.7413099063683
2204.805151307924	0.5278814935777518	trials	200628TX	p51	Z08115	59	19.0	1.0	2204.955151307924	2205.1830328015017
2205.2718743669134	0.5278814935777518	trials	200628TX	p51	Z08115	113	37.0	1.0	2205.4218743669135	2205.649755860491
2205.705277207516	0.5278814935777518	trials	200628TX	p51	Z08115	92	30.0	1.0	2205.855277207516	2206.0831587010935
2209.3224209149444	0.5028413294598977	trials	200628TX	p51	Z08115	50	16.0	1.0	2209.4724209149445	2209.675262244404
2209.739143646222	0.5278814935777518	trials	200628TX	p51	Z08115	47	15.0	1.0	2209.8891436462222	2210.1170251398
2210.1725464868246	0.5278414933154636	trials	200628TX	p51	Z08115	86	28.0	1.0	2210.3225464868246	2210.55038798014
2210.6059093271647	0.4945612751907902	trials	200628TX	p51	Z08115	0			2210.7559093271648	2210.9504706023554
2211.039312167767	0.5278814935777518	trials	200628TX	p51	Z08115	53	17.0	1.0	2211.189312167767	2211.4171936613448
2211.481035062901	0.5195614390463561	trials	200628TX	p51	Z08115	50	16.0	1.0	2211.631035062901	2211.850596501947
2211.9144379035033	0.5195214387840679	trials	200628TX	p51	Z08115	41	13.0	1.0	2212.0644379035034	2212.2839593422873
2212.3478007438434	0.5278814935777518	trials	200628TX	p51	Z08115	59	19.0	1.0	2212.4978007438435	2212.725682237421
2216.031624888308	0.5028813297217312	trials	200628TX	p51	Z08115	65	21.0	1.0	2216.1816248883083	2216.38450621803
2216.448347619586	0.5195614390463561	trials	200628TX	p51	Z08115	35	11.0	1.0	2216.598347619586	2216.8179090586323
2218.7403626418763	0.5028413294594429	trials	200628TX	p51	Z08115	113	37.0	1.0	2218.8903626418764	2219.0932039713357
2219.157045372892	0.5195614390463561	trials	200628TX	p51	Z08115	47	15.0	1.0	2219.307045372892	2219.526606811938
2219.5904482134943	0.5278814935777518	trials	200628TX	p51	Z08115	5	1.0	1.0	2219.7404482134943	2219.968329707072
2220.0238510540967	0.5278414933154636	trials	200628TX	p51	Z08115	98	32.0	1.0	2220.1738510540968	2220.401692547412
2220.457213894437	0.5278814935777518	trials	200628TX	p51	Z08115	20	6.0	1.0	2220.607213894437	2220.8350953880145
2220.890616735039	0.5278814935777518	trials	200628TX	p51	Z08115	74	24.0	1.0	2221.0406167350393	2221.268498228617
2221.332379630435	0.5195214387840679	trials	200628TX	p51	Z08115	95	31.0	1.0	2221.482379630435	2221.701901069219
2221.765742470775	0.5195214387845226	trials	200628TX	p51	Z08115	0			2221.915742470775	2222.1352639095594
2225.3328858504924	0.5028413294598977	trials	200628TX	p51	Z08115	14	4.0	1.0	2225.4828858504925	2225.685727179952
2225.7412885272392	0.5278414933154636	trials	200628TX	p51	Z08115	2	0.0	1.0	2225.8912885272393	2226.1191300205546
2226.1830114223726	0.5195214387840679	trials	200628TX	p51	Z08115	107	35.0	1.0	2226.3330114223727	2226.5525328611566
2226.6163742627127	0.5195614390463561	trials	200628TX	p51	Z08115	86	28.0	1.0	2226.766374262713	2226.985935701759
2227.049777103315	0.5278814935777518	trials	200628TX	p51	Z08115	0			2227.1997771033152	2227.427658596893
2227.4831799439175	0.5278814935777518	trials	200628TX	p51	Z08115	8	2.0	1.0	2227.6331799439176	2227.861061437495
2227.91658278452	0.5278414933154636	trials	200628TX	p51	Z08115	119	39.0	1.0	2228.06658278452	2228.2944242778353
2228.34994562486	0.5278814935777518	trials	200628TX	p51	Z08115	89	29.0	1.0	2228.49994562486	2228.7278271184377
2231.9254490593707	0.5028413294598977	trials	200628TX	p51	Z08115	32	10.0	1.0	2232.075449059371	2232.2782903888306
2232.3338117358553	0.5278814935777518	trials	200628TX	p51	Z08115	77	25.0	1.0	2232.4838117358554	2232.711693229433
2234.784147795811	0.5028413294598977	trials	200628TX	p51	Z08115	92	30.0	1.0	2234.934147795811	2235.1369891252707
2235.2258706909442	0.5278814935777518	trials	200628TX	p51	Z08115	26	8.0	1.0	2235.3758706909443	2235.603752184522
2235.6592735315467	0.5278414933154636	trials	200628TX	p51	Z08115	62	20.0	1.0	2235.8092735315468	2236.037115024862
2236.1009964266805	0.5195214387840679	trials	200628TX	p51	Z08115	17	5.0	1.0	2236.2509964266806	2236.4705178654644
2236.5343592670206	0.5195614390463561	trials	200628TX	p51	Z08115	104	34.0	1.0	2236.6843592670207	2236.903920706067
2236.967762107623	0.5278814935772971	trials	200628TX	p51	Z08115	110	36.0	1.0	2237.117762107623	2237.3456436012
2237.4011649482254	0.5278814935772971	trials	200628TX	p51	Z08115	71	23.0	1.0	2237.5511649482255	2237.7790464418026
2237.834567788828	0.5278414933154636	trials	200628TX	p51	Z08115	101	33.0	1.0	2237.984567788828	2238.212409282143
2241.3850310592206	0.5028413294594429	trials	200628TX	p51	Z08115	80	26.0	1.0	2241.5350310592207	2241.73787238868
2241.8017537904984	0.5278814935772971	trials	200628TX	p51	Z08115	11	3.0	1.0	2241.9517537904985	2242.1796352840756
2242.235156631101	0.5278414933154636	trials	200628TX	p51	Z08115	29	9.0	1.0	2242.385156631101	2242.612998124416
2242.668519471441	0.5278814935772971	trials	200628TX	p51	Z08115	56	18.0	1.0	2242.818519471441	2243.046400965018
2243.1102823668366	0.5195214387840679	trials	200628TX	p51	Z08115	38	12.0	1.0	2243.2602823668367	2243.4798038056206
2243.5436452071767	0.5195214387840679	trials	200628TX	p51	Z08115	68	22.0	1.0	2243.693645207177	2243.9131666459607
2243.977048047779	0.5195214387840679	trials	200628TX	p51	Z08115	83	27.0	1.0	2244.127048047779	2244.346569486563
2244.4104508883815	0.5278414933154636	trials	200628TX	p51	Z08115	0			2244.5604508883816	2244.788292381697
2248.0109144864855	0.5028413294598977	trials	200628TX	p51	Z08115	0			2248.1609144864856	2248.3637558159453
2248.41927716297	0.5278814935777518	trials	200628TX	p51	Z08115	23	7.0	1.0	2248.56927716297	2248.7971586565477
2248.8610400583657	0.5195214387845226	trials	200628TX	p51	Z08115	44	14.0	1.0	2249.011040058366	2249.23056149715
2249.2944028987063	0.5195614390463561	trials	200628TX	p51	Z08115	116	38.0	1.0	2249.4444028987064	2249.6639643377525
2249.727805739308	0.5278814935777518	trials	200628TX	p51	Z08115	110	36.0	1.0	2249.8778057393083	2250.105687232886
2250.1612085799106	0.5278414933154636	trials	200628TX	p51	Z08115	104	34.0	1.0	2250.3112085799107	2250.539050073226
2250.6029314750444	0.5195214387840679	trials	200628TX	p51	Z08115	62	20.0	1.0	2250.7529314750445	2250.9724529138284
2251.036334315647	0.5195214387840679	trials	200628TX	p51	Z08115	11	3.0	1.0	2251.186334315647	2251.405855754431
2254.753478678498	0.5028413294598977	trials	200628TX	p51	Z08115	32	10.0	1.0	2254.9034786784982	2255.106320007958
2255.170201409776	0.5195214387845226	trials	200628TX	p51	Z08115	89	29.0	1.0	2255.320201409776	2255.5397228485604
2255.6369244687653	0.5195614390463561	trials	200628TX	p51	Z08115	0			2255.7869244687654	2256.0064859078116
2256.0703273093677	0.5195214387840679	trials	200628TX	p51	Z08115	68	22.0	1.0	2256.220327309368	2256.4398487481517
2256.503690149708	0.5195614390463561	trials	200628TX	p51	Z08115	0			2256.653690149708	2256.873251588754
2256.9370929903102	0.5278814935777518	trials	200628TX	p51	Z08115	65	21.0	1.0	2257.0870929903103	2257.314974483888
2257.3704958309127	0.5278814935777518	trials	200628TX	p51	Z08115	38	12.0	1.0	2257.5204958309128	2257.7483773244903
2257.803858671253	0.5278814935777518	trials	200628TX	p51	Z08115	107	35.0	1.0	2257.953858671253	2258.1817401648304
2262.062806585185	0.5028413294594429	trials	200628TX	p51	Z08115	101	33.0	1.0	2262.2128065851853	2262.4156479146445
2262.5045294803185	0.5278414933154636	trials	200628TX	p51	Z08115	83	27.0	1.0	2262.6545294803186	2262.882370973634
2262.946252375452	0.5195214387845226	trials	200628TX	p51	Z08115	59	19.0	1.0	2263.096252375452	2263.3157738142363
2263.3796152157925	0.5195614390463561	trials	200628TX	p51	Z08115	14	4.0	1.0	2263.5296152157925	2263.7491766548387
2263.8130180563944	0.5195214387845226	trials	200628TX	p51	Z08115	26	8.0	1.0	2263.9630180563945	2264.182539495179
2264.246420896997	0.5195214387845226	trials	200628TX	p51	Z08115	71	23.0	1.0	2264.396420896997	2264.6159423357813
2264.679783737337	0.5278814935777518	trials	200628TX	p51	Z08115	92	30.0	1.0	2264.829783737337	2265.0576652309146
2265.1465467965886	0.5278414933154636	trials	200628TX	p51	Z08115	74	24.0	1.0	2265.2965467965887	2265.524388289904
2268.747010394693	0.5028413294594429	trials	200628TX	p51	Z08115	5	1.0	1.0	2268.897010394693	2269.0998517241524
2269.1970533443573	0.5195614390468108	trials	200628TX	p51	Z08115	2	0.0	1.0	2269.3470533443574	2269.566614783404
2271.7890703329163	0.5028813297217312	trials	200628TX	p51	Z08115	35	11.0	1.0	2271.9390703329163	2272.141951662638
2272.205793064194	0.5278814935777518	trials	200628TX	p51	Z08115	8	2.0	1.0	2272.355793064194	2272.5836745577717
2272.6391959047965	0.5278814935777518	trials	200628TX	p51	Z08115	53	17.0	1.0	2272.7891959047965	2273.017077398374
2273.08091879993	0.5195214387845226	trials	200628TX	p51	Z08115	80	26.0	1.0	2273.23091879993	2273.4504402387142
2273.514321640532	0.5195214387845226	trials	200628TX	p51	Z08115	86	28.0	1.0	2273.6643216405323	2273.8838430793166
2273.9476844808723	0.5195614390463561	trials	200628TX	p51	Z08115	20	6.0	1.0	2274.0976844808724	2274.3172459199186
2274.3810873214748	0.5278814935777518	trials	200628TX	p51	Z08115	0			2274.531087321475	2274.7589688150524
2274.814490162077	0.5278414933154636	trials	200628TX	p51	Z08115	29	9.0	1.0	2274.9644901620773	2275.1923316553925
2279.2650793320618	0.5028413294594429	trials	200628TX	p51	Z08115	113	37.0	1.0	2279.415079332062	2279.617920661521
2279.6818020633395	0.5278814935777518	trials	200628TX	p51	Z08115	116	38.0	1.0	2279.8318020633396	2280.059683556917
2280.115204903942	0.5278414933154636	trials	200628TX	p51	Z08115	41	13.0	1.0	2280.265204903942	2280.4930463972573
2280.5486077445444	0.5278414933154636	trials	200628TX	p51	Z08115	95	31.0	1.0	2280.6986077445445	2280.9264492378597
2280.9819705848845	0.5278814935772971	trials	200628TX	p51	Z08115	17	5.0	1.0	2281.1319705848846	2281.3598520784617
2281.423693480018	0.5195214387845226	trials	200628TX	p51	Z08115	44	14.0	1.0	2281.573693480018	2281.7932149188023
2281.8570963206203	0.5278414933154636	trials	200628TX	p51	Z08115	47	15.0	1.0	2282.0070963206203	2282.2349378139356
2282.2904591609604	0.5278814935777518	trials	200628TX	p51	Z08115	50	16.0	1.0	2282.4404591609605	2282.668340654538
2288.6996611680556	0.5028813297217312	trials	200628TX	p51	Z08115	44	14.0	1.0	2288.8496611680557	2289.0525424977773
2291.1249970641557	0.5028413294598977	trials	200628TX	p51	Z08115	35	11.0	1.0	2291.2749970641557	2291.4778383936155
2291.5417197954334	0.5195214387840679	trials	200628TX	p51	Z08115	0			2291.6917197954335	2291.9112412342174
2291.9750826357736	0.5278814935777518	trials	200628TX	p51	Z08115	77	25.0	1.0	2292.1250826357737	2292.352964129351
2292.4418456950248	0.5278414933154636	trials	200628TX	p51	Z08115	23	7.0	1.0	2292.591845695025	2292.81968718834
2292.875248535627	0.5278414933154636	trials	200628TX	p51	Z08115	56	18.0	1.0	2293.0252485356273	2293.2530900289426
2293.316971430761	0.5195214387840679	trials	200628TX	p51	Z08115	119	39.0	1.0	2293.466971430761	2293.686492869545
2293.750334271101	0.5195614390463561	trials	200628TX	p51	Z08115	98	32.0	1.0	2293.900334271101	2294.1198957101474
2294.1837371117035	0.5278814935777518	trials	200628TX	p51	Z08115	41	13.0	1.0	2294.3337371117036	2294.561618605281
2297.800880819132	0.5028413294598977	trials	200628TX	p51	Z08115	80	26.0	1.0	2297.950880819132	2298.153722148592
2298.21760355041	0.5195214387845226	trials	200628TX	p51	Z08115	119	39.0	1.0	2298.36760355041	2298.5871249891943
2298.6510063910123	0.5195214387845226	trials	200628TX	p51	Z08115	11	3.0	1.0	2298.8010063910124	2299.0205278297967
2299.0843692313524	0.5195614390468108	trials	200628TX	p51	Z08115	95	31.0	1.0	2299.2343692313525	2299.453930670399
2299.517772071955	0.5278814935777518	trials	200628TX	p51	Z08115	8	2.0	1.0	2299.667772071955	2299.8956535655325
2299.9511749125572	0.5278414933154636	trials	200628TX	p51	Z08115	14	4.0	1.0	2300.1011749125573	2300.3290164058726
2300.3845777531596	0.5278414933154636	trials	200628TX	p51	Z08115	68	22.0	1.0	2300.5345777531597	2300.762419246475
2300.8263006482935	0.5195214387840679	trials	200628TX	p51	Z08115	32	10.0	1.0	2300.9763006482935	2301.1958220870774
2304.376763918686	0.5028413294598977	trials	200628TX	p51	Z08115	0			2304.526763918686	2304.7296052481456
2306.902100470209	0.5028413294594429	trials	200628TX	p51	Z08115	71	23.0	1.0	2307.052100470209	2307.2549417996684
2307.3438233653424	0.5278814935777518	trials	200628TX	p51	Z08115	53	17.0	1.0	2307.4938233653425	2307.72170485892
2307.7772262059448	0.5278414933154636	trials	200628TX	p51	Z08115	107	35.0	1.0	2307.927226205945	2308.15506769926
2308.210629046547	0.5278414933154636	trials	200628TX	p51	Z08115	47	15.0	1.0	2308.3606290465473	2308.5884705398626
2308.6856721600675	0.49452127492850195	trials	200628TX	p51	Z08115	26	8.0	1.0	2308.8356721600676	2309.030193434996
2309.11907500067	0.5195214387840679	trials	200628TX	p51	Z08115	74	24.0	1.0	2309.26907500067	2309.488596439454
2309.55243784101	0.5278814935777518	trials	200628TX	p51	Z08115	38	12.0	1.0	2309.70243784101	2309.9303193345877
2309.9858406816124	0.5278814935777518	trials	200628TX	p51	Z08115	23	7.0	1.0	2310.1358406816125	2310.36372217519
2313.869706137185	0.5028413294594429	trials	200628TX	p51	Z08115	0			2314.019706137185	2314.2225474666443
2314.2863888682004	0.5278814935777518	trials	200628TX	p51	Z08115	17	5.0	1.0	2314.4363888682005	2314.664270361778
2314.719791708803	0.5278814935777518	trials	200628TX	p51	Z08115	110	36.0	1.0	2314.869791708803	2315.0976732023805
2315.1865147677922	0.5278814935772971	trials	200628TX	p51	Z08115	2	0.0	1.0	2315.3365147677923	2315.5643962613694
2315.619917608394	0.4945212749289567	trials	200628TX	p51	Z08115	0			2315.7699176083943	2315.964438883323
2316.061640503528	0.5195614390463561	trials	200628TX	p51	Z08115	104	34.0	1.0	2316.211640503528	2316.4312019425743
2316.4950433441304	0.5278814935772971	trials	200628TX	p51	Z08115	59	19.0	1.0	2316.6450433441305	2316.8729248377076
2316.96176640312	0.5278814935772971	trials	200628TX	p51	Z08115	113	37.0	1.0	2317.11176640312	2317.339647896697
2322.720884149442	0.5028413294598977	trials	200628TX	p51	Z08115	116	38.0	1.0	2322.870884149442	2323.073725478902
2323.1292468259267	0.5278814935777518	trials	200628TX	p51	Z08115	89	29.0	1.0	2323.2792468259267	2323.5071283195043
2323.5709697210605	0.5195614390463561	trials	200628TX	p51	Z08115	92	30.0	1.0	2323.7209697210606	2323.9405311601067
2324.004372561663	0.5195614390463561	trials	200628TX	p51	Z08115	98	32.0	1.0	2324.154372561663	2324.373934000709
2324.437735402003	0.5278814935772971	trials	200628TX	p51	Z08115	20	6.0	1.0	2324.587735402003	2324.81561689558
2324.871138242605	0.5278814935777518	trials	200628TX	p51	Z08115	0			2325.021138242605	2325.2490197361826
2325.3045410832074	0.5278814935777518	trials	200628TX	p51	Z08115	101	33.0	1.0	2325.4545410832075	2325.682422576785
2325.746263978341	0.5195214387840679	trials	200628TX	p51	Z08115	29	9.0	1.0	2325.8962639783413	2326.115785417125
2329.4967685598417	0.5028413294598977	trials	200628TX	p51	Z08115	77	25.0	1.0	2329.646768559842	2329.8496098893015
2329.938491454975	0.5278814935777518	trials	200628TX	p51	Z08115	65	21.0	1.0	2330.088491454975	2330.3163729485527
2332.3888275149307	0.5028413294598977	trials	200628TX	p51	Z08115	56	18.0	1.0	2332.5388275149307	2332.7416688443905
2332.7972301916775	0.5278414933154636	trials	200628TX	p51	Z08115	5	1.0	1.0	2332.9472301916776	2333.175071684993
2333.238913086549	0.5195614390463561	trials	200628TX	p51	Z08115	83	27.0	1.0	2333.388913086549	2333.6084745255953
2333.6723159271514	0.5195614390463561	trials	200628TX	p51	Z08115	62	20.0	1.0	2333.8223159271515	2334.0418773661977
2334.105718767754	0.5195614390463561	trials	200628TX	p51	Z08115	86	28.0	1.0	2334.255718767754	2334.4752802068
2334.539121608356	0.5278414933154636	trials	200628TX	p51	Z08115	50	16.0	1.0	2334.689121608356	2334.916963101671
