onset	duration	nwb_table	ses_ID	pen_ID	sub_ID	cond_ID	stim_ID	rotation	luminance	pdOnTS	pdOffTS
496.9248252630264	0.5068800334838102	trials	210608SL	p48	Z11111	240	14.0	315.0	8	497.07482526302636	497.2817052965102
497.34510533104935	0.526920036727347	trials	210608SL	p48	Z11111	63	2.0	180.0	4	497.49510533104933	497.7220253677767
497.7753854006909	0.49688003186525975	trials	210608SL	p48	Z11111	97	6.0	270.0	4	497.92538540069086	498.12226543255616
498.1756654654768	0.5068800334838102	trials	210608SL	p48	Z11111	248	7.0	0.0	12	498.3256654654768	498.53254549896064
498.6059455351183	0.506920033490303	trials	210608SL	p48	Z11111	317	1.0	225.0	12	498.75594553511826	498.9628655686086
499.04626560638474	0.4968800318653166	trials	210608SL	p48	Z11111	171	5.0	135.0	8	499.1962656063847	499.3931456382501
499.44650567116423	0.49688003186525975	trials	210608SL	p48	Z11111	311	10.0	180.0	12	499.5965056711642	499.7933857030295
499.8768257408122	0.5068800334838102	trials	210608SL	p48	Z11111	176	10.0	135.0	8	500.02682574081217	500.233705774296
503.269106289858	0.5068800334838102	trials	210608SL	p48	Z11111	34	3.0	90.0	4	503.41910628985795	503.6259863233418
503.6793863562624	0.4968800318653166	trials	210608SL	p48	Z11111	121	0.0	0.0	8	503.8293863562624	504.02626638812774
504.1096664259039	0.49688003186525975	trials	210608SL	p48	Z11111	333	2.0	270.0	12	504.2596664259039	504.4565464577692
504.51994649230835	0.5268800367208542	trials	210608SL	p48	Z11111	177	11.0	135.0	8	504.6699464923083	504.8968265290292
506.84150686805646	0.5068800334838102	trials	210608SL	p48	Z11111	345	14.0	270.0	12	506.99150686805643	507.1983869015403
507.26178693607943	0.5269200367272902	trials	210608SL	p48	Z11111	204	8.0	225.0	8	507.4117869360794	507.63870697280674
507.6920670057209	0.526920036727347	trials	210608SL	p48	Z11111	0			0	507.8420670057209	508.06898704244827
508.1323470769809	0.5269200367272902	trials	210608SL	p48	Z11111	264	8.0	45.0	12	508.2823470769809	508.50926711370823
508.5626671466289	0.5268800367208542	trials	210608SL	p48	Z11111	150	14.0	45.0	8	508.71266714662886	508.93954718334976
508.99294721627035	0.5369200383458406	trials	210608SL	p48	Z11111	14	13.0	0.0	4	509.14294721627033	509.3798672546162
509.43322728753037	0.5269200367272902	trials	210608SL	p48	Z11111	2	1.0	0.0	4	509.58322728753035	509.8101473242577
509.86354735717833	0.5368800383393477	trials	210608SL	p48	Z11111	187	6.0	180.0	8	510.0135473571783	510.2504273955177
513.3859079272778	0.5068800334837533	trials	210608SL	p48	Z11111	16	0.0	45.0	4	513.5359079272778	513.7427879607616
513.7961879936822	0.4968800318653166	trials	210608SL	p48	Z11111	165	14.0	90.0	8	513.9461879936822	514.1430680255476
514.2364680649422	0.526920036727347	trials	210608SL	p48	Z11111	253	12.0	0.0	12	514.3864680649422	514.6133881016696
514.6667881345902	0.5268800367208542	trials	210608SL	p48	Z11111	147	11.0	45.0	8	514.8167881345902	515.0436681713111
515.0970682042317	0.5369200383457837	trials	210608SL	p48	Z11111	247	6.0	0.0	12	515.2470682042317	515.4839882425775
515.5373482754917	0.526920036727347	trials	210608SL	p48	Z11111	129	8.0	0.0	8	515.6873482754917	515.9142683122191
515.9676283451332	0.5369200383457837	trials	210608SL	p48	Z11111	289	3.0	135.0	12	516.1176283451332	516.354548383479
516.4379484212552	0.4968800318653166	trials	210608SL	p48	Z11111	124	3.0	0.0	8	516.5879484212552	516.7848284531206
519.790228963827	0.5068800334837533	trials	210608SL	p48	Z11111	12	11.0	0.0	4	519.9402289638269	520.1471089973107
520.2005090302314	0.4968800318653166	trials	210608SL	p48	Z11111	114	8.0	315.0	4	520.3505090302314	520.5473890620967
520.6407891014914	0.4968800318653166	trials	210608SL	p48	Z11111	10	9.0	0.0	4	520.7907891014913	520.9876691333567
521.0710691711329	0.4968800318653166	trials	210608SL	p48	Z11111	220	9.0	270.0	8	521.2210691711329	521.4179492029982
521.4713492359188	0.526920036727347	trials	210608SL	p48	Z11111	50	4.0	135.0	4	521.6213492359187	521.8482692726461
521.9116293071788	0.5269200367272333	trials	210608SL	p48	Z11111	194	13.0	180.0	8	522.0616293071788	522.2885493439061
522.3419493768267	0.4968800318653166	trials	210608SL	p48	Z11111	77	1.0	225.0	4	522.4919493768267	522.6888294086921
522.7421894416062	0.5069200334902462	trials	210608SL	p48	Z11111	355	9.0	315.0	12	522.8921894416062	523.0991094750965
526.0744299809345	0.5069200334902462	trials	210608SL	p48	Z11111	280	9.0	90.0	12	526.2244299809345	526.4313500144248
526.4947100489575	0.5269200367272333	trials	210608SL	p48	Z11111	94	3.0	270.0	4	526.6447100489574	526.8716300856847
526.9250301186054	0.5268800367208542	trials	210608SL	p48	Z11111	118	12.0	315.0	4	527.0750301186054	527.3019101553263
527.3653101898653	0.526920036727347	trials	210608SL	p48	Z11111	350	4.0	315.0	12	527.5153101898653	527.7422302265927
527.7955902595069	0.526920036727347	trials	210608SL	p48	Z11111	0			0	527.9455902595068	528.1725102962342
528.2259103291548	0.5368800383394046	trials	210608SL	p48	Z11111	69	8.0	180.0	4	528.3759103291547	528.6127903674942
528.6962304052769	0.4968800318652029	trials	210608SL	p48	Z11111	48	2.0	135.0	4	528.8462304052769	529.0431104371421
529.1365104765368	0.526920036727347	trials	210608SL	p48	Z11111	262	6.0	45.0	12	529.2865104765368	529.5134305132642
532.4687510158651	0.5068800334837533	trials	210608SL	p48	Z11111	55	9.0	135.0	4	532.6187510158651	532.8256310493489
532.8790310822695	0.526920036727347	trials	210608SL	p48	Z11111	172	6.0	135.0	8	533.0290310822695	533.2559511189969
533.3193111535295	0.526920036727347	trials	210608SL	p48	Z11111	328	12.0	225.0	12	533.4693111535295	533.6962311902569
533.7496312231775	0.4968800318652029	trials	210608SL	p48	Z11111	339	8.0	270.0	12	533.8996312231775	534.0965112550427
534.1799112928189	0.4968800318653166	trials	210608SL	p48	Z11111	54	8.0	135.0	4	534.3299112928189	534.5267913246843
534.620191364079	0.4968800318652029	trials	210608SL	p48	Z11111	83	7.0	225.0	4	534.770191364079	534.9670713959442
535.0505114337269	0.4968800318653166	trials	210608SL	p48	Z11111	101	10.0	270.0	4	535.2005114337269	535.3973914655922
535.460751500125	0.5269200367272333	trials	210608SL	p48	Z11111	255	14.0	0.0	12	535.6107515001249	535.8376715368522
538.7929920394531	0.5069200334902462	trials	210608SL	p48	Z11111	329	13.0	225.0	12	538.9429920394531	539.1499120729434
539.2032721058576	0.5269200367272333	trials	210608SL	p48	Z11111	215	4.0	270.0	8	539.3532721058576	539.5801921425849
539.6335921755056	0.5368800383392909	trials	210608SL	p48	Z11111	13	12.0	0.0	4	539.7835921755055	540.0204722138449
540.103872251621	0.49692003187180944	trials	210608SL	p48	Z11111	106	0.0	315.0	4	540.253872251621	540.4507922834929
540.504152316407	0.526920036727347	trials	210608SL	p48	Z11111	261	5.0	45.0	12	540.654152316407	540.8810723531344
540.9444723876735	0.5268800367208542	trials	210608SL	p48	Z11111	64	3.0	180.0	4	541.0944723876735	541.3213524243944
541.374752457315	0.5268800367208542	trials	210608SL	p48	Z11111	275	4.0	90.0	12	541.524752457315	541.7516324940359
541.8050325269566	0.5068800334837533	trials	210608SL	p48	Z11111	267	11.0	45.0	12	541.9550325269565	542.1619125604403
545.1573130695282	0.506880033483867	trials	210608SL	p48	Z11111	22	6.0	45.0	4	545.3073130695282	545.5141931030121
545.5775931375512	0.4968800318653166	trials	210608SL	p48	Z11111	113	7.0	315.0	4	545.7275931375511	545.9244731694165
546.0078732071927	0.4968800318653166	trials	210608SL	p48	Z11111	82	6.0	225.0	4	546.1578732071927	546.354753239058
546.4381532768342	0.5369200383457837	trials	210608SL	p48	Z11111	167	1.0	135.0	8	546.5881532768342	546.82507331518
546.9084733529562	0.5369200383457837	trials	210608SL	p48	Z11111	51	5.0	135.0	4	547.0584733529562	547.295393391302
547.3787934290782	0.4968800318653166	trials	210608SL	p48	Z11111	27	11.0	45.0	4	547.5287934290782	547.7256734609435
547.8090734987197	0.5068800334837533	trials	210608SL	p48	Z11111	9	8.0	0.0	4	547.9590734987197	548.1659535322035
548.2493935699862	0.5268800367208542	trials	210608SL	p48	Z11111	132	11.0	0.0	8	548.3993935699862	548.6262736067071
551.5715941076894	0.5069200334902462	trials	210608SL	p48	Z11111	144	8.0	45.0	8	551.7215941076894	551.9285141411797
551.9818741740938	0.526920036727347	trials	210608SL	p48	Z11111	15	14.0	0.0	4	552.1318741740938	552.3587942108212
552.4121942437419	0.5268800367208542	trials	210608SL	p48	Z11111	96	5.0	270.0	4	552.5621942437418	552.7890742804627
552.8524743150018	0.526920036727347	trials	210608SL	p48	Z11111	228	2.0	315.0	8	553.0024743150018	553.2293943517292
553.2827543846433	0.5269200367272333	trials	210608SL	p48	Z11111	183	2.0	180.0	8	553.4327543846433	553.6596744213706
553.7230744559098	0.5268800367208542	trials	210608SL	p48	Z11111	193	12.0	180.0	8	553.8730744559098	554.0999544926307
554.1533545255513	0.5269200367272333	trials	210608SL	p48	Z11111	58	12.0	135.0	4	554.3033545255513	554.5302745622786
554.5936345968113	0.5269200367272333	trials	210608SL	p48	Z11111	130	9.0	0.0	8	554.7436345968113	554.9705546335385
557.8358351215664	0.5068800334837533	trials	210608SL	p48	Z11111	23	7.0	45.0	4	557.9858351215664	558.1927151550502
558.2461151879709	0.5068800334837533	trials	210608SL	p48	Z11111	284	13.0	90.0	12	558.3961151879708	558.6029952214546
558.6863952592308	0.4968800318653166	trials	210608SL	p48	Z11111	186	5.0	180.0	8	558.8363952592308	559.0332752910962
559.1166753288724	0.49692003187169576	trials	210608SL	p48	Z11111	218	7.0	270.0	8	559.2666753288723	559.4635953607441
559.5569954001388	0.4968800318652029	trials	210608SL	p48	Z11111	257	1.0	45.0	12	559.7069954001388	559.903875432004
559.9872754697802	0.4968800318653166	trials	210608SL	p48	Z11111	161	10.0	90.0	8	560.1372754697802	560.3341555016456
560.3875555345662	0.5369200383457837	trials	210608SL	p48	Z11111	246	5.0	0.0	12	560.5375555345662	560.774475572912
560.8278356058262	0.526920036727347	trials	210608SL	p48	Z11111	221	10.0	270.0	8	560.9778356058262	561.2047556425536
564.2401561581155	0.506880033483867	trials	210608SL	p48	Z11111	294	8.0	135.0	12	564.3901561581155	564.5970361915994
564.6604362261385	0.5268800367208542	trials	210608SL	p48	Z11111	291	5.0	135.0	12	564.8104362261384	565.0373162628593
565.09071629578	0.4968800318653166	trials	210608SL	p48	Z11111	321	5.0	225.0	12	565.24071629578	565.4375963276453
565.5209963654214	0.506880033483867	trials	210608SL	p48	Z11111	19	3.0	45.0	4	565.6709963654214	565.8778763989053
565.9612764366815	0.49692003187169576	trials	210608SL	p48	Z11111	40	9.0	90.0	4	566.1112764366815	566.3081964685532
566.3915965063294	0.5369200383458974	trials	210608SL	p48	Z11111	133	12.0	0.0	8	566.5415965063294	566.7785165446753
566.8318765775895	0.5269200367272333	trials	210608SL	p48	Z11111	190	9.0	180.0	8	566.9818765775894	567.2087966143167
567.2621566472309	0.5369200383458974	trials	210608SL	p48	Z11111	41	10.0	90.0	4	567.4121566472309	567.6490766855768
570.6344371930396	0.506880033483867	trials	210608SL	p48	Z11111	148	12.0	45.0	8	570.7844371930396	570.9913172265235
571.0447172594442	0.4968800318653166	trials	210608SL	p48	Z11111	208	12.0	225.0	8	571.1947172594441	571.3915972913095
571.4749973290856	0.5369200383458974	trials	210608SL	p48	Z11111	4	3.0	0.0	4	571.6249973290855	571.8619173674315
571.9153174003521	0.5268800367207405	trials	210608SL	p48	Z11111	331	0.0	270.0	12	572.0653174003521	572.2921974370729
572.3555974716121	0.526920036727347	trials	210608SL	p48	Z11111	185	4.0	180.0	8	572.5055974716121	572.7325175083395
572.8159175461157	0.4968800318652029	trials	210608SL	p48	Z11111	197	1.0	225.0	8	572.9659175461156	573.1627975779809
573.2561976173756	0.526920036727347	trials	210608SL	p48	Z11111	230	4.0	315.0	8	573.4061976173756	573.633117654103
573.7065176902606	0.526920036727347	trials	210608SL	p48	Z11111	76	0.0	225.0	4	573.8565176902606	574.083437726988
577.0187582263518	0.5068800334837533	trials	210608SL	p48	Z11111	322	6.0	225.0	12	577.1687582263518	577.3756382598356
577.4290382927562	0.506880033483867	trials	210608SL	p48	Z11111	270	14.0	45.0	12	577.5790382927562	577.7859183262401
577.8693183640163	0.4968800318652029	trials	210608SL	p48	Z11111	125	4.0	0.0	8	578.0193183640163	578.2161983958815
578.2695984288022	0.5268800367208542	trials	210608SL	p48	Z11111	158	7.0	90.0	8	578.4195984288021	578.646478465523
578.6998784984437	0.5068800334837533	trials	210608SL	p48	Z11111	56	10.0	135.0	4	578.8498784984437	579.0567585319275
579.1401585697037	0.4968800318653166	trials	210608SL	p48	Z11111	237	11.0	315.0	8	579.2901585697036	579.487038601569
579.5704786393517	0.5068800334837533	trials	210608SL	p48	Z11111	162	11.0	90.0	8	579.7204786393517	579.9273586728355
580.0107587106116	0.4968800318653166	trials	210608SL	p48	Z11111	108	2.0	315.0	4	580.1607587106116	580.357638742477
583.4430792661379	0.506880033483867	trials	210608SL	p48	Z11111	134	13.0	0.0	8	583.5930792661379	583.7999592996218
583.8533593325424	0.5368800383394046	trials	210608SL	p48	Z11111	295	9.0	135.0	12	584.0033593325423	584.2402393708818
584.3236794086645	0.4968800318653166	trials	210608SL	p48	Z11111	352	6.0	315.0	12	584.4736794086645	584.6705594405298
584.7539594783059	0.506880033483867	trials	210608SL	p48	Z11111	30	14.0	45.0	4	584.9039594783059	585.1108395117898
585.194239549566	0.4968800318652029	trials	210608SL	p48	Z11111	354	8.0	315.0	12	585.3442395495659	585.5411195814312
585.6245196192074	0.5069200334903599	trials	210608SL	p48	Z11111	145	9.0	45.0	8	585.7745196192074	585.9814396526978
586.0648396904738	0.4968800318653166	trials	210608SL	p48	Z11111	233	7.0	315.0	8	586.2148396904738	586.4117197223392
586.4951197601154	0.4968800318653166	trials	210608SL	p48	Z11111	110	4.0	315.0	4	586.6451197601153	586.8419997919807
589.8974003107797	0.5069200334902462	trials	210608SL	p48	Z11111	300	14.0	135.0	12	590.0474003107797	590.25432034427
590.3176803788026	0.526920036727347	trials	210608SL	p48	Z11111	84	8.0	225.0	4	590.4676803788026	590.69460041553
590.7780004533062	0.4968800318653166	trials	210608SL	p48	Z11111	35	4.0	90.0	4	590.9280004533061	591.1248804851715
591.2182805245661	0.526920036727347	trials	210608SL	p48	Z11111	310	9.0	180.0	12	591.3682805245661	591.5952005612935
591.6486005942141	0.5268800367208542	trials	210608SL	p48	Z11111	87	11.0	225.0	4	591.7986005942141	592.025480630935
592.0888806654741	0.526920036727347	trials	210608SL	p48	Z11111	341	10.0	270.0	12	592.2388806654741	592.4658007022015
592.5191607351156	0.5269200367272333	trials	210608SL	p48	Z11111	174	8.0	135.0	8	592.6691607351156	592.8960807718429
592.9494808047635	0.506880033483867	trials	210608SL	p48	Z11111	216	5.0	270.0	8	593.0994808047635	593.3063608382474
596.3017213473288	0.506880033483867	trials	210608SL	p48	Z11111	20	4.0	45.0	4	596.4517213473288	596.6586013808127
596.7220014153518	0.526920036727347	trials	210608SL	p48	Z11111	269	13.0	45.0	12	596.8720014153517	597.0989214520791
597.1522814849933	0.5269200367272333	trials	210608SL	p48	Z11111	217	6.0	270.0	8	597.3022814849933	597.5292015217206
597.5926015562598	0.5268800367208542	trials	210608SL	p48	Z11111	32	1.0	90.0	4	597.7426015562597	597.9694815929806
598.0228816259013	0.5269200367272333	trials	210608SL	p48	Z11111	47	1.0	135.0	4	598.1728816259013	598.3998016626285
598.4531616955427	0.4968800318653166	trials	210608SL	p48	Z11111	72	11.0	180.0	4	598.6031616955427	598.800041727408
598.8934817668093	0.5268800367207405	trials	210608SL	p48	Z11111	223	12.0	270.0	8	599.0434817668092	599.27036180353
599.3237618364507	0.4968800318653166	trials	210608SL	p48	Z11111	330	14.0	225.0	12	599.4737618364506	599.670641868316
604.5472826818856	0.5068800334837533	trials	210608SL	p48	Z11111	170	4.0	135.0	8	604.6972826818856	604.9041627153694
604.9675627499086	0.5269200367272333	trials	210608SL	p48	Z11111	26	10.0	45.0	4	605.1175627499085	605.3444827866358
605.39784281955	0.4968800318653166	trials	210608SL	p48	Z11111	285	14.0	90.0	12	605.5478428195499	605.7447228514153
609.900883548374	0.5068800334837533	trials	210608SL	p48	Z11111	286	0.0	135.0	12	610.050883548374	610.2577635818578
610.3111636147785	0.4968800318653166	trials	210608SL	p48	Z11111	53	7.0	135.0	4	610.4611636147785	610.6580436466438
612.9028840342525	0.49692003187169576	trials	210608SL	p48	Z11111	80	4.0	225.0	4	613.0528840342524	613.2498040661242
613.3131641006569	0.5269200367272333	trials	210608SL	p48	Z11111	36	5.0	90.0	4	613.4631641006569	613.6900841373841
613.7434841703048	0.4968800318653166	trials	210608SL	p48	Z11111	288	2.0	135.0	12	613.8934841703048	614.0903642021701
614.1737642399463	0.5068800334837533	trials	210608SL	p48	Z11111	37	6.0	90.0	4	614.3237642399463	614.5306442734301
614.6140443112063	0.4968800318653166	trials	210608SL	p48	Z11111	188	7.0	180.0	8	614.7640443112062	614.9609243430716
615.0443643808543	0.4968800318652029	trials	210608SL	p48	Z11111	207	11.0	225.0	8	615.1943643808543	615.3912444127195
615.4846444521143	0.4968800318653166	trials	210608SL	p48	Z11111	256	0.0	45.0	12	615.6346444521142	615.8315244839796
615.9149245217558	0.4968800318652029	trials	210608SL	p48	Z11111	349	3.0	315.0	12	616.0649245217558	616.261804553621
619.2171650562284	0.5068800334837533	trials	210608SL	p48	Z11111	21	5.0	45.0	4	619.3671650562284	619.5740450897122
619.6274451226328	0.5368800383394046	trials	210608SL	p48	Z11111	173	7.0	135.0	8	619.7774451226328	620.0143251609722
620.0977651987549	0.4968800318652029	trials	210608SL	p48	Z11111	45	14.0	90.0	4	620.2477651987549	620.4446452306202
620.4980052635343	0.526920036727347	trials	210608SL	p48	Z11111	301	0.0	180.0	12	620.6480052635343	620.8749253002617
620.9383253348009	0.5268800367207405	trials	210608SL	p48	Z11111	305	4.0	180.0	12	621.0883253348009	621.3152053715216
621.3686054044423	0.526920036727347	trials	210608SL	p48	Z11111	126	5.0	0.0	8	621.5186054044423	621.7455254411697
621.8088854757024	0.5269200367272333	trials	210608SL	p48	Z11111	205	9.0	225.0	8	621.9588854757023	622.1858055124296
622.2391655453438	0.526920036727347	trials	210608SL	p48	Z11111	157	6.0	90.0	8	622.3891655453438	622.6160855820712
625.5414060798165	0.5068800334837533	trials	210608SL	p48	Z11111	242	1.0	0.0	12	625.6914060798165	625.8982861133003
625.9516861462209	0.4968800318653166	trials	210608SL	p48	Z11111	277	6.0	90.0	12	626.1016861462209	626.2985661780863
626.3819662158625	0.5069200334902462	trials	210608SL	p48	Z11111	265	9.0	45.0	12	626.5319662158624	626.7388862493527
626.7922462822669	0.526920036727347	trials	210608SL	p48	Z11111	181	0.0	180.0	8	626.9422462822669	627.1691663189943
627.2225263519084	0.4968800318652029	trials	210608SL	p48	Z11111	149	13.0	45.0	8	627.3725263519084	627.5694063837736
627.6528464215563	0.506880033483867	trials	210608SL	p48	Z11111	62	1.0	180.0	4	627.8028464215563	628.0097264550402
628.0931264928163	0.4968800318653166	trials	210608SL	p48	Z11111	302	1.0	180.0	12	628.2431264928163	628.4400065246816
628.5234065624578	0.5069200334902462	trials	210608SL	p48	Z11111	81	5.0	225.0	4	628.6734065624578	628.8803265959481
631.8656471034045	0.5069200334903599	trials	210608SL	p48	Z11111	235	9.0	315.0	8	632.0156471034045	632.2225671368949
632.3059671746711	0.4968800318652029	trials	210608SL	p48	Z11111	201	5.0	225.0	8	632.4559671746711	632.6528472065363
632.706247239457	0.5368800383394046	trials	210608SL	p48	Z11111	307	6.0	180.0	12	632.8562472394569	633.0931272777964
633.146527310717	0.5269200367272333	trials	210608SL	p48	Z11111	287	1.0	135.0	12	633.296527310717	633.5234473474443
633.5768073803584	0.526920036727347	trials	210608SL	p48	Z11111	252	11.0	0.0	12	633.7268073803584	633.9537274170858
634.0171274516249	0.4968800318653166	trials	210608SL	p48	Z11111	298	12.0	135.0	12	634.1671274516249	634.3640074834902
634.4474075212664	0.4968800318653166	trials	210608SL	p48	Z11111	138	2.0	45.0	8	634.5974075212664	634.7942875531318
634.8476875860523	0.5368800383394046	trials	210608SL	p48	Z11111	3	2.0	0.0	4	634.9976875860523	635.2345676243917
638.1698881237556	0.5069200334902462	trials	210608SL	p48	Z11111	232	6.0	315.0	8	638.3198881237556	638.5268081572459
638.5801681901601	0.526920036727347	trials	210608SL	p48	Z11111	71	10.0	180.0	4	638.73016819016	638.9570882268874
639.010488259808	0.5369200383457837	trials	210608SL	p48	Z11111	116	10.0	315.0	4	639.160488259808	639.3974082981538
639.48080833593	0.4968800318653166	trials	210608SL	p48	Z11111	250	9.0	0.0	12	639.6308083359299	639.8276883677953
639.92108840719	0.4968800318653166	trials	210608SL	p48	Z11111	119	13.0	315.0	4	640.07108840719	640.2679684390554
640.3513684768315	0.4968800318653166	trials	210608SL	p48	Z11111	313	12.0	180.0	12	640.5013684768314	640.6982485086968
640.7516485416174	0.526920036727347	trials	210608SL	p48	Z11111	115	9.0	315.0	4	640.9016485416174	641.1285685783448
641.1919286128774	0.526920036727347	trials	210608SL	p48	Z11111	198	2.0	225.0	8	641.3419286128774	641.5688486496048
644.5742091603047	0.5069200334902462	trials	210608SL	p48	Z11111	136	0.0	45.0	8	644.7242091603047	644.931129193795
645.0045292299527	0.4968800318652029	trials	210608SL	p48	Z11111	353	7.0	315.0	12	645.1545292299527	645.3514092618179
645.4047692947322	0.4968800318652029	trials	210608SL	p48	Z11111	231	5.0	315.0	8	645.5547692947322	645.7516493265974
645.8050493595181	0.4968800318653166	trials	210608SL	p48	Z11111	103	12.0	270.0	4	645.9550493595181	646.1519293913834
646.2053294243041	0.5068800334837533	trials	210608SL	p48	Z11111	226	0.0	315.0	8	646.355329424304	646.5622094577878
646.6156094907085	0.4968800318653166	trials	210608SL	p48	Z11111	260	4.0	45.0	12	646.7656094907085	646.9624895225738
647.04588956035	0.4968800318652029	trials	210608SL	p48	Z11111	152	1.0	90.0	8	647.19588956035	647.3927695922152
647.4761696299914	0.4968800318653166	trials	210608SL	p48	Z11111	278	7.0	90.0	12	647.6261696299914	647.8230496618568
650.9084901855177	0.506880033483867	trials	210608SL	p48	Z11111	102	11.0	270.0	4	651.0584901855177	651.2653702190016
651.3287702535407	0.526920036727347	trials	210608SL	p48	Z11111	39	8.0	90.0	4	651.4787702535407	651.7056902902681
651.7590503231822	0.526920036727347	trials	210608SL	p48	Z11111	42	11.0	90.0	4	651.9090503231822	652.1359703599096
652.1893303928238	0.5369200383457837	trials	210608SL	p48	Z11111	337	6.0	270.0	12	652.3393303928237	652.5762504311696
652.6296504640902	0.526920036727347	trials	210608SL	p48	Z11111	327	11.0	225.0	12	652.7796504640902	653.0065705008176
653.0699305353502	0.526920036727347	trials	210608SL	p48	Z11111	263	7.0	45.0	12	653.2199305353502	653.4468505720776
653.5302506098537	0.4968800318653166	trials	210608SL	p48	Z11111	296	10.0	135.0	12	653.6802506098537	653.8771306417191
653.9605306794953	0.5069200334902462	trials	210608SL	p48	Z11111	326	10.0	225.0	12	654.1105306794952	654.3174507129855
657.2027312042503	0.5068800334837533	trials	210608SL	p48	Z11111	95	4.0	270.0	4	657.3527312042503	657.5596112377341
657.6130112706547	0.5268800367208542	trials	210608SL	p48	Z11111	347	1.0	315.0	12	657.7630112706547	657.9898913073756
658.0432913402963	0.5369200383457837	trials	210608SL	p48	Z11111	272	1.0	90.0	12	658.1932913402962	658.4302113786421
658.5136114164183	0.4968800318653166	trials	210608SL	p48	Z11111	318	2.0	225.0	12	658.6636114164182	658.8604914482836
658.9138914812042	0.5368800383392909	trials	210608SL	p48	Z11111	227	1.0	315.0	8	659.0638914812042	659.3007715195436
659.3541715524642	0.5269200367272333	trials	210608SL	p48	Z11111	276	5.0	90.0	12	659.5041715524642	659.7310915891915
659.7844516221056	0.4968800318654303	trials	210608SL	p48	Z11111	43	12.0	90.0	4	659.9344516221056	660.1313316539711
660.2247716933722	0.4968800318652029	trials	210608SL	p48	Z11111	189	8.0	180.0	8	660.3747716933722	660.5716517252374
663.5369722294569	0.5069200334903599	trials	210608SL	p48	Z11111	234	8.0	315.0	8	663.6869722294568	663.8938922629472
663.9472522958614	0.5369200383457837	trials	210608SL	p48	Z11111	169	3.0	135.0	8	664.0972522958614	664.3341723342072
664.4175723719834	0.5269200367272333	trials	210608SL	p48	Z11111	184	3.0	180.0	8	664.5675723719834	664.7944924087107
664.8578924432499	0.5268800367208542	trials	210608SL	p48	Z11111	239	13.0	315.0	8	665.0078924432498	665.2347724799707
665.2881725128914	0.526920036727347	trials	210608SL	p48	Z11111	151	0.0	90.0	8	665.4381725128914	665.6650925496187
665.7284525841513	0.526920036727347	trials	210608SL	p48	Z11111	25	9.0	45.0	4	665.8784525841513	666.1053726208787
666.1587726537992	0.5268800367208542	trials	210608SL	p48	Z11111	343	12.0	270.0	12	666.3087726537992	666.5356526905201
666.5990527250593	0.5269200367272333	trials	210608SL	p48	Z11111	154	3.0	90.0	8	666.7490527250593	666.9759727617866
669.961293269243	0.5069200334903599	trials	210608SL	p48	Z11111	303	2.0	180.0	12	670.111293269243	670.3182133027334
670.3715733356476	0.5269200367272333	trials	210608SL	p48	Z11111	163	12.0	90.0	8	670.5215733356475	670.7484933723748
670.811893406914	0.5268800367208542	trials	210608SL	p48	Z11111	160	9.0	90.0	8	670.961893406914	671.1887734436349
671.2421734765555	0.5269200367272333	trials	210608SL	p48	Z11111	18	2.0	45.0	4	671.3921734765555	671.6190935132828
671.6824535478155	0.5269200367272333	trials	210608SL	p48	Z11111	46	0.0	135.0	4	671.8324535478155	672.0593735845428
672.1127736174634	0.5268800367208542	trials	210608SL	p48	Z11111	122	1.0	0.0	8	672.2627736174634	672.4896536541843
672.5430536871049	0.4968800318653166	trials	210608SL	p48	Z11111	24	8.0	45.0	4	672.6930536871049	672.8899337189703
672.9533337535094	0.5268800367208542	trials	210608SL	p48	Z11111	120	14.0	315.0	4	673.1033337535093	673.3302137902302
676.2955742944561	0.506880033483867	trials	210608SL	p48	Z11111	70	9.0	180.0	4	676.445574294456	676.65245432794
676.7058543608606	0.506880033483867	trials	210608SL	p48	Z11111	140	4.0	45.0	8	676.8558543608606	677.0627343943445
677.1461344321206	0.49692003187180944	trials	210608SL	p48	Z11111	139	3.0	45.0	8	677.2961344321205	677.4930544639924
677.5764545017686	0.5068800334837533	trials	210608SL	p48	Z11111	360	14.0	315.0	12	677.7264545017686	677.9333345352524
679.9580548872342	0.506880033483867	trials	210608SL	p48	Z11111	1	0.0	0.0	4	680.1080548872342	680.3149349207181
680.3783349552572	0.4968800318653166	trials	210608SL	p48	Z11111	202	6.0	225.0	8	680.5283349552572	680.7252149871225
680.8086150248987	0.5269200367272333	trials	210608SL	p48	Z11111	308	7.0	180.0	12	680.9586150248987	681.185535061626
681.2488950961587	0.526920036727347	trials	210608SL	p48	Z11111	175	9.0	135.0	8	681.3988950961586	681.625815132886
681.6792151658066	0.5268800367209678	trials	210608SL	p48	Z11111	206	10.0	225.0	8	681.8292151658065	682.0560952025276
682.1094952354481	0.506880033483867	trials	210608SL	p48	Z11111	52	6.0	135.0	4	682.2594952354481	682.466375268932
682.549775306708	0.4968800318654303	trials	210608SL	p48	Z11111	214	3.0	270.0	8	682.699775306708	682.8966553385735
682.9800953763561	0.4968800318653166	trials	210608SL	p48	Z11111	299	13.0	135.0	12	683.130095376356	683.3269754082214
686.3022959140593	0.5069200334902462	trials	210608SL	p48	Z11111	8	7.0	0.0	4	686.4522959140593	686.6592159475496
686.7126159804702	0.5268800367208542	trials	210608SL	p48	Z11111	182	1.0	180.0	8	686.8626159804702	687.0894960171911
687.1528960517302	0.5268800367209678	trials	210608SL	p48	Z11111	100	9.0	270.0	4	687.3028960517302	687.5297760884512
687.5831761213717	0.526920036727347	trials	210608SL	p48	Z11111	79	3.0	225.0	4	687.7331761213717	687.9600961580991
688.0134561910132	0.4968800318652029	trials	210608SL	p48	Z11111	358	12.0	315.0	12	688.1634561910132	688.3603362228785
688.4237362574177	0.526920036727347	trials	210608SL	p48	Z11111	65	4.0	180.0	4	688.5737362574176	688.800656294145
688.8540163270592	0.5269200367272333	trials	210608SL	p48	Z11111	33	2.0	90.0	4	689.0040163270592	689.2309363637864
689.2843363967071	0.4968800318653166	trials	210608SL	p48	Z11111	336	5.0	270.0	12	689.4343363967071	689.6312164285724
692.6365769392723	0.5068800334837533	trials	210608SL	p48	Z11111	334	3.0	270.0	12	692.7865769392723	692.9934569727561
693.0468570056768	0.506880033483867	trials	210608SL	p48	Z11111	342	11.0	270.0	12	693.1968570056767	693.4037370391607
693.4871370769368	0.49692003187169576	trials	210608SL	p48	Z11111	351	5.0	315.0	12	693.6371370769368	693.8340571088086
693.9174571465848	0.4968800318653166	trials	210608SL	p48	Z11111	314	13.0	180.0	12	694.0674571465847	694.2643371784501
694.3276972129828	0.5269200367272333	trials	210608SL	p48	Z11111	254	13.0	0.0	12	694.4776972129828	694.70461724971
694.7580172826307	0.4968800318653166	trials	210608SL	p48	Z11111	179	13.0	135.0	8	694.9080172826307	695.104897314496
695.1882973522722	0.4968800318653166	trials	210608SL	p48	Z11111	282	11.0	90.0	12	695.3382973522722	695.5351773841376
695.6285774235322	0.4968800318653166	trials	210608SL	p48	Z11111	210	14.0	225.0	8	695.7785774235322	695.9754574553975
698.960857962867	0.5068800334837533	trials	210608SL	p48	Z11111	281	10.0	90.0	12	699.1108579628669	699.3177379963507
699.3710980292649	0.5369200383457837	trials	210608SL	p48	Z11111	93	2.0	270.0	4	699.5210980292649	699.7580180676107
699.8114181005313	0.5268800367208542	trials	210608SL	p48	Z11111	236	10.0	315.0	8	699.9614181005313	700.1882981372522
700.2416981701729	0.526920036727347	trials	210608SL	p48	Z11111	29	13.0	45.0	4	700.3916981701728	700.6186182069002
700.6820182414393	0.5268800367208542	trials	210608SL	p48	Z11111	128	7.0	0.0	8	700.8320182414393	701.0588982781602
701.1122983110808	0.4968800318653166	trials	210608SL	p48	Z11111	316	0.0	225.0	12	701.2622983110808	701.4591783429462
701.5125383758603	0.5269200367272333	trials	210608SL	p48	Z11111	59	13.0	135.0	4	701.6625383758603	701.8894584125876
701.9528584471268	0.5268800367208542	trials	210608SL	p48	Z11111	319	3.0	225.0	12	702.1028584471268	702.3297384838477
705.3551389977911	0.5068800334837533	trials	210608SL	p48	Z11111	153	2.0	90.0	8	705.505138997791	705.7120190312748
705.7654190641955	0.526920036727347	trials	210608SL	p48	Z11111	111	5.0	315.0	4	705.9154190641955	706.1423391009229
706.195699133837	0.526920036727347	trials	210608SL	p48	Z11111	222	11.0	270.0	8	706.345699133837	706.5726191705644
706.6360192051035	0.5268800367208542	trials	210608SL	p48	Z11111	7	6.0	0.0	4	706.7860192051035	707.0128992418244
707.066299274745	0.4968800318653166	trials	210608SL	p48	Z11111	344	13.0	270.0	12	707.216299274745	707.4131793066103
707.4965793443864	0.506880033483867	trials	210608SL	p48	Z11111	38	7.0	90.0	4	707.6465793443864	707.8534593778703
707.9368594156464	0.49692003187180944	trials	210608SL	p48	Z11111	297	11.0	135.0	12	708.0868594156464	708.2837794475182
708.3671794852944	0.5068800334837533	trials	210608SL	p48	Z11111	195	14.0	180.0	8	708.5171794852944	708.7240595187782
711.7694600359588	0.5068800334837533	trials	210608SL	p48	Z11111	0			0	711.9194600359588	712.1263400694426
712.1897401039816	0.526920036727347	trials	210608SL	p48	Z11111	238	12.0	315.0	8	712.3397401039816	712.566660140709
712.6200201736232	0.526920036727347	trials	210608SL	p48	Z11111	168	2.0	135.0	8	712.7700201736232	712.9969402103505
713.0703402465082	0.4968800318653166	trials	210608SL	p48	Z11111	90	14.0	225.0	4	713.2203402465082	713.4172202783735
713.5006203161496	0.506880033483867	trials	210608SL	p48	Z11111	75	14.0	180.0	4	713.6506203161496	713.8575003496335
713.9409003874097	0.49692003187169576	trials	210608SL	p48	Z11111	283	12.0	90.0	12	714.0909003874096	714.2878204192814
714.3712204570576	0.506880033483867	trials	210608SL	p48	Z11111	88	12.0	225.0	4	714.5212204570576	714.7281004905415
714.8115005283177	0.4968800318652029	trials	210608SL	p48	Z11111	244	3.0	0.0	12	714.9615005283176	715.1583805601829
718.1437410676458	0.5069200334902462	trials	210608SL	p48	Z11111	131	10.0	0.0	8	718.2937410676458	718.5006611011361
718.5540211340502	0.5369200383458974	trials	210608SL	p48	Z11111	290	4.0	135.0	12	718.7040211340502	718.9409411723962
718.9943412053168	0.5268800367208542	trials	210608SL	p48	Z11111	338	7.0	270.0	12	719.1443412053168	719.3712212420377
719.4246212749582	0.4968800318653166	trials	210608SL	p48	Z11111	141	5.0	45.0	8	719.5746212749582	719.7715013068236
719.8649013462183	0.5269200367272333	trials	210608SL	p48	Z11111	245	4.0	0.0	12	720.0149013462183	720.2418213829455
720.2952214158662	0.5268800367208542	trials	210608SL	p48	Z11111	0			0	720.4452214158662	720.6721014525871
720.7355014871263	0.5268800367207405	trials	210608SL	p48	Z11111	6	5.0	0.0	4	720.8855014871262	721.112381523847
721.1657815567677	0.526920036727347	trials	210608SL	p48	Z11111	224	13.0	270.0	8	721.3157815567677	721.542701593495
724.6181021155311	0.5068800334837533	trials	210608SL	p48	Z11111	159	8.0	90.0	8	724.7681021155311	724.9749821490149
725.0584221867975	0.5368800383392909	trials	210608SL	p48	Z11111	28	12.0	45.0	4	725.2084221867975	725.4453022251369
725.5287422629195	0.4968800318653166	trials	210608SL	p48	Z11111	320	4.0	225.0	12	725.6787422629195	725.8756222947849
725.9690223341796	0.5269200367272333	trials	210608SL	p48	Z11111	332	1.0	270.0	12	726.1190223341796	726.3459423709069
726.399302403821	0.526920036727347	trials	210608SL	p48	Z11111	348	2.0	315.0	12	726.549302403821	726.7762224405484
726.8396224750876	0.5268800367207405	trials	210608SL	p48	Z11111	49	3.0	135.0	4	726.9896224750876	727.2165025118084
727.269902544729	0.5268800367208542	trials	210608SL	p48	Z11111	273	2.0	90.0	12	727.419902544729	727.6467825814499
727.7101826159891	0.5269200367272333	trials	210608SL	p48	Z11111	306	5.0	180.0	12	727.8601826159891	728.0871026527163
731.0224231520803	0.5068800334837533	trials	210608SL	p48	Z11111	243	2.0	0.0	12	731.1724231520802	731.379303185564
731.4327032184846	0.5268800367209678	trials	210608SL	p48	Z11111	292	6.0	135.0	12	731.5827032184845	731.8095832552056
731.8729832897446	0.4968800318654303	trials	210608SL	p48	Z11111	268	12.0	45.0	12	732.0229832897446	732.2198633216101
732.3033033593927	0.4968800318653166	trials	210608SL	p48	Z11111	143	7.0	45.0	8	732.4533033593926	732.650183391258
732.7035434241722	0.5369200383457837	trials	210608SL	p48	Z11111	98	7.0	270.0	4	732.8535434241721	733.090463462518
733.1438634954385	0.5268800367209678	trials	210608SL	p48	Z11111	266	10.0	45.0	12	733.2938634954385	733.5207435321595
733.5741435650801	0.5269200367272333	trials	210608SL	p48	Z11111	105	14.0	270.0	4	733.7241435650801	733.9510636018074
734.01442363634	0.5269200367274607	trials	210608SL	p48	Z11111	78	2.0	225.0	4	734.16442363634	734.3913436730675
737.3967041837674	0.5068800334837533	trials	210608SL	p48	Z11111	225	14.0	270.0	8	737.5467041837674	737.7535842172512
737.8069842501717	0.5269200367274607	trials	210608SL	p48	Z11111	241	0.0	0.0	12	737.9569842501717	738.1839042868992
738.2472643214318	0.526920036727347	trials	210608SL	p48	Z11111	271	0.0	90.0	12	738.3972643214317	738.6241843581591
738.6775843910797	0.5268800367209678	trials	210608SL	p48	Z11111	164	13.0	90.0	8	738.8275843910797	739.0544644278007
739.1078644607212	0.5369200383457837	trials	210608SL	p48	Z11111	127	6.0	0.0	8	739.2578644607212	739.494784499067
739.5581445335998	0.5069200334902462	trials	210608SL	p48	Z11111	323	7.0	225.0	12	739.7081445335998	739.9150645670901
739.9684246000041	0.5269200367274607	trials	210608SL	p48	Z11111	315	14.0	180.0	12	740.1184246000041	740.3453446367316
740.3987446696522	0.5268800367208542	trials	210608SL	p48	Z11111	203	7.0	225.0	8	740.5487446696521	740.775624706373
743.6309051927823	0.506880033483867	trials	210608SL	p48	Z11111	137	1.0	45.0	8	743.7809051927823	743.9877852262662
744.0411852591868	0.5369200383457837	trials	210608SL	p48	Z11111	249	8.0	0.0	12	744.1911852591868	744.4281052975326
744.5115053353087	0.4968800318654303	trials	210608SL	p48	Z11111	155	4.0	90.0	8	744.6615053353087	744.8583853671742
744.9517854065688	0.4968800318652029	trials	210608SL	p48	Z11111	335	4.0	270.0	12	745.1017854065688	745.298665438434
745.3821054762167	0.4968800318654303	trials	210608SL	p48	Z11111	180	14.0	135.0	8	745.5321054762167	745.7289855080821
745.8123855458582	0.5068800334837533	trials	210608SL	p48	Z11111	191	10.0	180.0	8	745.9623855458582	746.169265579342
746.2526656171182	0.4968800318653166	trials	210608SL	p48	Z11111	92	1.0	270.0	4	746.4026656171181	746.5995456489835
746.6529456819042	0.526920036727347	trials	210608SL	p48	Z11111	209	13.0	225.0	8	746.8029456819041	747.0298657186315
749.9851862212323	0.506880033483867	trials	210608SL	p48	Z11111	68	7.0	180.0	4	750.1351862212323	750.3420662547162
750.4054662892554	0.5269200367272333	trials	210608SL	p48	Z11111	44	13.0	90.0	4	750.5554662892554	750.7823863259827
750.8357463588969	0.5269200367272333	trials	210608SL	p48	Z11111	309	8.0	180.0	12	750.9857463588969	751.2126663956242
751.2660664285448	0.506880033483867	trials	210608SL	p48	Z11111	166	0.0	135.0	8	751.4160664285448	751.6229464620287
751.7063464998048	0.4968800318653166	trials	210608SL	p48	Z11111	304	3.0	180.0	12	751.8563464998048	752.0532265316701
752.1066265645908	0.5268800367207405	trials	210608SL	p48	Z11111	91	0.0	270.0	4	752.2566265645908	752.4835066013115
752.5469066358507	0.526920036727347	trials	210608SL	p48	Z11111	258	2.0	45.0	12	752.6969066358507	752.9238266725781
752.9771867054923	0.5269200367272333	trials	210608SL	p48	Z11111	5	4.0	0.0	4	753.1271867054922	753.3541067422195
756.3094272448205	0.5069200334901325	trials	210608SL	p48	Z11111	104	13.0	270.0	4	756.4594272448205	756.6663472783107
756.7197073112249	0.5369200383458974	trials	210608SL	p48	Z11111	99	8.0	270.0	4	756.8697073112248	757.1066273495708
757.1600273824914	0.5268800367207405	trials	210608SL	p48	Z11111	213	2.0	270.0	8	757.3100273824914	757.5369074192122
757.5903074521328	0.4968800318653166	trials	210608SL	p48	Z11111	325	9.0	225.0	12	757.7403074521328	757.9371874839982
758.0305875233929	0.49692003187169576	trials	210608SL	p48	Z11111	86	10.0	225.0	4	758.1805875233929	758.3775075552646
758.4609075930408	0.4968800318653166	trials	210608SL	p48	Z11111	31	0.0	90.0	4	758.6109075930408	758.8077876249062
758.8911876626822	0.506880033483867	trials	210608SL	p48	Z11111	192	11.0	180.0	8	759.0411876626822	759.2480676961661
759.3314677339423	0.4968800318652029	trials	210608SL	p48	Z11111	293	7.0	135.0	12	759.4814677339423	759.6783477658075
762.5936682619345	0.5169200351087966	trials	210608SL	p48	Z11111	357	11.0	315.0	12	762.7436682619344	762.9605882970433
763.0139483299574	0.526920036727347	trials	210608SL	p48	Z11111	66	5.0	180.0	4	763.1639483299574	763.3908683666848
763.4442683996054	0.5268800367207405	trials	210608SL	p48	Z11111	112	6.0	315.0	4	763.5942683996054	763.8211484363262
763.8845484708653	0.5269200367274607	trials	210608SL	p48	Z11111	73	12.0	180.0	4	764.0345484708653	764.2614685075928
764.3148285405069	0.5269200367272333	trials	210608SL	p48	Z11111	312	11.0	180.0	12	764.4648285405069	764.6917485772342
764.7451086101483	0.5369200383458974	trials	210608SL	p48	Z11111	135	14.0	0.0	8	764.8951086101483	765.1320286484943
765.1854286814148	0.5268800367208542	trials	210608SL	p48	Z11111	356	10.0	315.0	12	765.3354286814148	765.5623087181357
765.6157087510563	0.5369200383458974	trials	210608SL	p48	Z11111	74	13.0	180.0	4	765.7657087510563	766.0026287894023
769.0380293049642	0.5068800334837533	trials	210608SL	p48	Z11111	57	11.0	135.0	4	769.1880293049642	769.394909338448
769.4483093713685	0.5268800367209678	trials	210608SL	p48	Z11111	199	3.0	225.0	8	769.5983093713685	769.8251894080895
769.8885894426286	0.526920036727347	trials	210608SL	p48	Z11111	359	13.0	315.0	12	770.0385894426286	770.265509479356
770.31886951227	0.5269200367274607	trials	210608SL	p48	Z11111	200	4.0	225.0	8	770.46886951227	770.6957895489975
770.7591895835366	0.5268800367207405	trials	210608SL	p48	Z11111	142	6.0	45.0	8	770.9091895835365	771.1360696202573
771.189469653178	0.5268800367209678	trials	210608SL	p48	Z11111	156	5.0	90.0	8	771.339469653178	771.566349689899
771.6197497228195	0.5369200383457837	trials	210608SL	p48	Z11111	123	2.0	0.0	8	771.7697497228195	772.0066697611653
772.0900697989415	0.5269200367274607	trials	210608SL	p48	Z11111	346	0.0	315.0	12	772.2400697989415	772.466989835669
775.6424703739029	0.506880033483867	trials	210608SL	p48	Z11111	17	1.0	45.0	4	775.7924703739029	775.9993504073868
776.0927504467816	0.526920036727347	trials	210608SL	p48	Z11111	324	8.0	225.0	12	776.2427504467815	776.4696704835089
776.5230705164296	0.5268800367207405	trials	210608SL	p48	Z11111	259	3.0	45.0	12	776.6730705164296	776.8999505531503
776.9633505876894	0.526920036727347	trials	210608SL	p48	Z11111	85	9.0	225.0	4	777.1133505876894	777.3402706244168
777.3936306573311	0.5269200367272333	trials	210608SL	p48	Z11111	89	13.0	225.0	4	777.543630657331	777.7705506940583
777.8339507285974	0.5268800367208542	trials	210608SL	p48	Z11111	251	10.0	0.0	12	777.9839507285974	778.2108307653183
778.2642307982389	0.4968800318653166	trials	210608SL	p48	Z11111	146	10.0	45.0	8	778.4142307982389	778.6111108301043
778.6945108678805	0.4968800318652029	trials	210608SL	p48	Z11111	107	1.0	315.0	4	778.8445108678804	779.0413908997457
782.0367514088272	0.5069200334902462	trials	210608SL	p48	Z11111	67	6.0	180.0	4	782.1867514088271	782.3936714423174
782.4770714800937	0.4968800318652029	trials	210608SL	p48	Z11111	229	3.0	315.0	8	782.6270714800937	782.823951511959
782.9173515513536	0.4968800318654303	trials	210608SL	p48	Z11111	212	1.0	270.0	8	783.0673515513536	783.264231583219
783.3476316209951	0.49692003187180944	trials	210608SL	p48	Z11111	211	0.0	270.0	8	783.4976316209951	783.694551652867
783.7779516906431	0.5068800334837533	trials	210608SL	p48	Z11111	61	0.0	180.0	4	783.9279516906431	784.1348317241269
784.1882317570476	0.5268800367208542	trials	210608SL	p48	Z11111	340	9.0	270.0	12	784.3382317570475	784.5651117937684
784.6185118266891	0.5268800367207405	trials	210608SL	p48	Z11111	219	8.0	270.0	8	784.7685118266891	784.9953918634098
785.0587918979489	0.5269200367274607	trials	210608SL	p48	Z11111	11	10.0	0.0	4	785.2087918979489	785.4357119346764
788.3409924291783	0.5069200334901325	trials	210608SL	p48	Z11111	196	0.0	225.0	8	788.4909924291783	788.6979124626685
788.7813125004446	0.4968800318653166	trials	210608SL	p48	Z11111	274	3.0	90.0	12	788.9313125004446	789.12819253231
789.1815925652306	0.5368800383392909	trials	210608SL	p48	Z11111	279	8.0	90.0	12	789.3315925652306	789.56847260357
789.6519126413526	0.5268800367208542	trials	210608SL	p48	Z11111	117	11.0	315.0	4	789.8019126413526	790.0287926780735
790.0821927109941	0.5068800334837533	trials	210608SL	p48	Z11111	60	14.0	135.0	4	790.2321927109941	790.4390727444779
790.5224727822541	0.4968800318653166	trials	210608SL	p48	Z11111	109	3.0	315.0	4	790.6724727822541	790.8693528141195
790.9527528518956	0.5069200334902462	trials	210608SL	p48	Z11111	178	12.0	135.0	8	791.1027528518956	791.3096728853859
791.3930729231621	0.4968800318652029	trials	210608SL	p48	Z11111	153	2.0	90.0	8	791.5430729231621	791.7399529550273
794.8453934819255	0.5068800334837533	trials	210608SL	p48	Z11111	83	7.0	225.0	4	794.9953934819255	795.2022735154093
795.2556735483299	0.4968800318653166	trials	210608SL	p48	Z11111	56	10.0	135.0	4	795.4056735483299	795.6025535801953
795.6859536179714	0.53692003834567	trials	210608SL	p48	Z11111	216	5.0	270.0	8	795.8359536179714	796.0728736563171
796.1262336892314	0.526920036727347	trials	210608SL	p48	Z11111	227	1.0	315.0	8	796.2762336892314	796.5031537259588
796.5565537588794	0.5368800383392909	trials	210608SL	p48	Z11111	106	0.0	315.0	4	796.7065537588794	796.9434337972187
797.0268738350014	0.4968800318652029	trials	210608SL	p48	Z11111	282	11.0	90.0	12	797.1768738350014	797.3737538668667
797.4671539062614	0.4968800318653166	trials	210608SL	p48	Z11111	230	4.0	315.0	8	797.6171539062614	797.8140339381267
797.8974339759028	0.4968800318654303	trials	210608SL	p48	Z11111	255	14.0	0.0	12	798.0474339759028	798.2443140077683
801.2997145265672	0.5069200334902462	trials	210608SL	p48	Z11111	331	0.0	270.0	12	801.4497145265672	801.6566345600575
801.7099945929716	0.4968800318653166	trials	210608SL	p48	Z11111	31	0.0	90.0	4	801.8599945929716	802.056874624837
802.1503146642381	0.4968800318653166	trials	210608SL	p48	Z11111	191	10.0	180.0	8	802.300314664238	802.4971946961034
802.5805947338796	0.4968800318652029	trials	210608SL	p48	Z11111	17	1.0	45.0	4	802.7305947338796	802.9274747657448
803.010874803521	0.5369200383458974	trials	210608SL	p48	Z11111	30	14.0	45.0	4	803.160874803521	803.3977948418669
803.4511948747876	0.5268800367207405	trials	210608SL	p48	Z11111	300	14.0	135.0	12	803.6011948747876	803.8280749115083
803.881474944429	0.5369200383458974	trials	210608SL	p48	Z11111	152	1.0	90.0	8	804.031474944429	804.2683949827749
804.3517950205511	0.4968800318652029	trials	210608SL	p48	Z11111	316	0.0	225.0	12	804.5017950205511	804.6986750524163
807.6840355598794	0.5068800334837533	trials	210608SL	p48	Z11111	208	12.0	225.0	8	807.8340355598793	808.0409155933631
808.1043156279022	0.526920036727347	trials	210608SL	p48	Z11111	272	1.0	90.0	12	808.2543156279022	808.4812356646296
808.5345956975438	0.5269200367272333	trials	210608SL	p48	Z11111	146	10.0	45.0	8	808.6845956975437	808.911515734271
811.0963161121621	0.5069200334903599	trials	210608SL	p48	Z11111	339	8.0	270.0	12	811.246316112162	811.4532361456525
811.516596180185	0.526920036727347	trials	210608SL	p48	Z11111	94	3.0	270.0	4	811.666596180185	811.8935162169124
811.946916249833	0.5268800367209678	trials	210608SL	p48	Z11111	11	10.0	0.0	4	812.0969162498329	812.3237962865539
812.387196321093	0.5269200367272333	trials	210608SL	p48	Z11111	310	9.0	180.0	12	812.537196321093	812.7641163578203
812.8174763907346	0.526920036727347	trials	210608SL	p48	Z11111	276	5.0	90.0	12	812.9674763907345	813.1943964274619
813.247756460376	0.5369200383457837	trials	210608SL	p48	Z11111	269	13.0	45.0	12	813.397756460376	813.6346764987218
813.718076536498	0.49692003187180944	trials	210608SL	p48	Z11111	225	14.0	270.0	8	813.8680765364979	814.0649965683698
814.1583966077645	0.4968800318652029	trials	210608SL	p48	Z11111	346	0.0	315.0	12	814.3083966077645	814.5052766396298
817.3905571308946	0.5068800334837533	trials	210608SL	p48	Z11111	217	6.0	270.0	8	817.5405571308946	817.7474371643784
817.8008371972991	0.526920036727347	trials	210608SL	p48	Z11111	299	13.0	135.0	12	817.950837197299	818.1777572340264
818.2411572685655	0.5268800367208542	trials	210608SL	p48	Z11111	130	9.0	0.0	8	818.3911572685655	818.6180373052864
818.7014373430626	0.4968800318652029	trials	210608SL	p48	Z11111	178	12.0	135.0	8	818.8514373430626	819.0483173749278
819.141757414329	0.5268800367208542	trials	210608SL	p48	Z11111	4	3.0	0.0	4	819.291757414329	819.5186374510499
819.5720374839706	0.5268800367208542	trials	210608SL	p48	Z11111	181	0.0	180.0	8	819.7220374839706	819.9489175206915
820.0123175552305	0.526920036727347	trials	210608SL	p48	Z11111	210	14.0	225.0	8	820.1623175552305	820.3892375919579
820.4426376248786	0.5268800367207405	trials	210608SL	p48	Z11111	349	3.0	315.0	12	820.5926376248785	820.8195176615993
823.6947981512457	0.5069200334903599	trials	210608SL	p48	Z11111	75	14.0	180.0	4	823.8447981512456	824.051718184736
824.1351182225121	0.4968800318653166	trials	210608SL	p48	Z11111	147	11.0	45.0	8	824.2851182225121	824.4819982543775
824.5453982889165	0.5268800367208542	trials	210608SL	p48	Z11111	156	5.0	90.0	8	824.6953982889165	824.9222783256374
824.9756783585582	0.4968800318652029	trials	210608SL	p48	Z11111	64	3.0	180.0	4	825.1256783585582	825.3225583904234
825.4059584281996	0.4968800318652029	trials	210608SL	p48	Z11111	186	5.0	180.0	8	825.5559584281996	825.7528384600648
825.8462384994596	0.49692003187180944	trials	210608SL	p48	Z11111	136	0.0	45.0	8	825.9962384994595	826.1931585313314
826.2465185642455	0.5269200367272333	trials	210608SL	p48	Z11111	73	12.0	180.0	4	826.3965185642455	826.6234386009728
826.6868386355119	0.5268800367209678	trials	210608SL	p48	Z11111	0			0	826.8368386355119	827.0637186722329
830.0290791764587	0.5068800334837533	trials	210608SL	p48	Z11111	116	10.0	315.0	4	830.1790791764587	830.3859592099425
830.4493592444817	0.526920036727347	trials	210608SL	p48	Z11111	117	11.0	315.0	4	830.5993592444817	830.826279281209
830.8796393141232	0.5269200367272333	trials	210608SL	p48	Z11111	140	4.0	45.0	8	831.0296393141232	831.2565593508505
831.3199593853897	0.5268800367208542	trials	210608SL	p48	Z11111	59	13.0	135.0	4	831.4699593853896	831.6968394221105
831.7802394598867	0.4968800318652029	trials	210608SL	p48	Z11111	327	11.0	225.0	12	831.9302394598867	832.127119491752
832.2205595311532	0.5268800367208542	trials	210608SL	p48	Z11111	99	8.0	270.0	4	832.3705595311532	832.5974395678741
832.6508396007947	0.5269200367272333	trials	210608SL	p48	Z11111	9	8.0	0.0	4	832.8008396007947	833.027759637522
833.0911196720547	0.526920036727347	trials	210608SL	p48	Z11111	71	10.0	180.0	4	833.2411196720547	833.468039708782
836.503440224344	0.5068800334837533	trials	210608SL	p48	Z11111	273	2.0	90.0	12	836.653440224344	836.8603202578278
836.9137202907484	0.5368800383392909	trials	210608SL	p48	Z11111	285	14.0	90.0	12	837.0637202907484	837.3006003290877
837.3840403668704	0.4968800318653166	trials	210608SL	p48	Z11111	249	8.0	0.0	12	837.5340403668704	837.7309203987357
837.8143204365119	0.5068800334837533	trials	210608SL	p48	Z11111	65	4.0	180.0	4	837.9643204365119	838.1712004699957
838.2346005045349	0.4968800318653166	trials	210608SL	p48	Z11111	224	13.0	270.0	8	838.3846005045349	838.5814805364002
838.6748805757949	0.526920036727347	trials	210608SL	p48	Z11111	357	11.0	315.0	12	838.8248805757949	839.0518006125222
839.1052006454428	0.5368800383394046	trials	210608SL	p48	Z11111	50	4.0	135.0	4	839.2552006454428	839.4920806837822
839.5454807167029	0.526920036727347	trials	210608SL	p48	Z11111	338	7.0	270.0	12	839.6954807167028	839.9224007534302
842.9077612608932	0.5068800334837533	trials	210608SL	p48	Z11111	46	0.0	135.0	4	843.0577612608931	843.2646412943769
843.3280413289161	0.5268800367207405	trials	210608SL	p48	Z11111	25	9.0	45.0	4	843.4780413289161	843.7049213656369
845.7196417160002	0.506880033483867	trials	210608SL	p48	Z11111	306	5.0	180.0	12	845.8696417160002	846.0765217494841
846.1299217824047	0.5068800334837533	trials	210608SL	p48	Z11111	335	4.0	270.0	12	846.2799217824047	846.4868018158885
846.5702018536647	0.526920036727347	trials	210608SL	p48	Z11111	104	13.0	270.0	4	846.7202018536647	846.947121890392
847.0005219233127	0.4968800318652029	trials	210608SL	p48	Z11111	359	13.0	315.0	12	847.1505219233127	847.3474019551779
847.4408019945727	0.4968800318653166	trials	210608SL	p48	Z11111	91	0.0	270.0	4	847.5908019945726	847.787682026438
847.8710820642142	0.4968800318652029	trials	210608SL	p48	Z11111	347	1.0	315.0	12	848.0210820642142	848.2179620960794
848.3013621338556	0.5069200334903599	trials	210608SL	p48	Z11111	57	11.0	135.0	4	848.4513621338556	848.658282167346
848.7416822051222	0.4968800318652029	trials	210608SL	p48	Z11111	246	5.0	0.0	12	848.8916822051222	849.0885622369874
852.2440427719845	0.506880033483867	trials	210608SL	p48	Z11111	354	8.0	315.0	12	852.3940427719845	852.6009228054684
852.654322838389	0.4968800318652029	trials	210608SL	p48	Z11111	233	7.0	315.0	8	852.804322838389	853.0012028702542
853.0846029080304	0.506880033483867	trials	210608SL	p48	Z11111	121	0.0	0.0	8	853.2346029080304	853.4414829415143
853.494882974435	0.4968800318652029	trials	210608SL	p48	Z11111	251	10.0	0.0	12	853.644882974435	853.8417630063002
853.9251630440764	0.4968800318653166	trials	210608SL	p48	Z11111	76	0.0	225.0	4	854.0751630440764	854.2720430759417
854.3554431137179	0.5068800334837533	trials	210608SL	p48	Z11111	112	6.0	315.0	4	854.5054431137179	854.7123231472017
854.7957631849844	0.4968800318653166	trials	210608SL	p48	Z11111	204	8.0	225.0	8	854.9457631849843	855.1426432168497
855.2260432546259	0.5068800334837533	trials	210608SL	p48	Z11111	329	13.0	225.0	12	855.3760432546259	855.5829232881097
858.4982437842365	0.506880033483867	trials	210608SL	p48	Z11111	173	7.0	135.0	8	858.6482437842365	858.8551238177204
858.908523850641	0.5268800367207405	trials	210608SL	p48	Z11111	43	12.0	90.0	4	859.058523850641	859.2854038873618
859.348803921901	0.526920036727347	trials	210608SL	p48	Z11111	144	8.0	45.0	8	859.498803921901	859.7257239586284
859.7790839915425	0.5269200367272333	trials	210608SL	p48	Z11111	36	5.0	90.0	4	859.9290839915425	860.1560040282698
860.2094040611904	0.506880033483867	trials	210608SL	p48	Z11111	119	13.0	315.0	4	860.3594040611904	860.5662840946743
860.6496841324505	0.4968800318652029	trials	210608SL	p48	Z11111	149	13.0	45.0	8	860.7996841324505	860.9965641643157
861.0799642020919	0.4968800318653166	trials	210608SL	p48	Z11111	165	14.0	90.0	8	861.2299642020919	861.4268442339572
861.5202842733584	0.5268800367208542	trials	210608SL	p48	Z11111	100	9.0	270.0	4	861.6702842733583	861.8971643100792
864.8525248126865	0.506880033483867	trials	210608SL	p48	Z11111	360	14.0	315.0	12	865.0025248126865	865.2094048461704
865.262804879091	0.5368800383394046	trials	210608SL	p48	Z11111	0			0	865.412804879091	865.6496849174305
865.7030849503511	0.5269200367272333	trials	210608SL	p48	Z11111	218	7.0	270.0	8	865.8530849503511	866.0800049870784
866.1333650199925	0.5269200367272333	trials	210608SL	p48	Z11111	164	13.0	90.0	8	866.2833650199925	866.5102850567198
866.573685091259	0.5268800367208542	trials	210608SL	p48	Z11111	128	7.0	0.0	8	866.723685091259	866.9505651279799
867.0039651609005	0.5269200367272333	trials	210608SL	p48	Z11111	188	7.0	180.0	8	867.1539651609005	867.3808851976278
867.4442452321605	0.526920036727347	trials	210608SL	p48	Z11111	198	2.0	225.0	8	867.5942452321605	867.8211652688879
867.8745653018085	0.5268800367207405	trials	210608SL	p48	Z11111	157	6.0	90.0	8	868.0245653018085	868.2514453385293
871.517005891343	0.4968800318652029	trials	210608SL	p48	Z11111	93	2.0	270.0	4	871.667005891343	871.8638859232083
871.9272859577476	0.5268800367207405	trials	210608SL	p48	Z11111	179	13.0	135.0	8	872.0772859577476	872.3041659944683
872.357566027389	0.5269200367272333	trials	210608SL	p48	Z11111	205	9.0	225.0	8	872.507566027389	872.7344860641163
872.7878460970304	0.4968800318653166	trials	210608SL	p48	Z11111	221	10.0	270.0	8	872.9378460970304	873.1347261288957
873.228166168297	0.5268800367207405	trials	210608SL	p48	Z11111	200	4.0	225.0	8	873.378166168297	873.6050462050177
873.6584462379384	0.5369200383458974	trials	210608SL	p48	Z11111	322	6.0	225.0	12	873.8084462379384	874.0453662762843
874.0987263091985	0.5269200367272333	trials	210608SL	p48	Z11111	293	7.0	135.0	12	874.2487263091984	874.4756463459257
874.5290463788464	0.5268800367208542	trials	210608SL	p48	Z11111	326	10.0	225.0	12	874.6790463788464	874.9059264155673
877.8612869181746	0.5068800334837533	trials	210608SL	p48	Z11111	129	8.0	0.0	8	878.0112869181746	878.2181669516584
878.2815669861976	0.5268800367207405	trials	210608SL	p48	Z11111	190	9.0	180.0	8	878.4315669861976	878.6584470229184
878.711847055839	0.526920036727347	trials	210608SL	p48	Z11111	133	12.0	0.0	8	878.861847055839	879.0887670925664
879.1521271270991	0.5269200367272333	trials	210608SL	p48	Z11111	148	12.0	45.0	8	879.3021271270991	879.5290471638264
879.582447196747	0.5268800367208542	trials	210608SL	p48	Z11111	154	3.0	90.0	8	879.732447196747	879.9593272334679
880.0127272663885	0.4968800318653166	trials	210608SL	p48	Z11111	1	0.0	0.0	4	880.1627272663885	880.3596072982539
880.4530073376485	0.526920036727347	trials	210608SL	p48	Z11111	62	1.0	180.0	4	880.6030073376485	880.8299273743759
880.8833274072964	0.4968800318654303	trials	210608SL	p48	Z11111	309	8.0	180.0	12	881.0333274072964	881.2302074391619
884.2856079579608	0.5068800334837533	trials	210608SL	p48	Z11111	155	4.0	90.0	8	884.4356079579608	884.6424879914446
884.6958880243652	0.506880033483867	trials	210608SL	p48	Z11111	215	4.0	270.0	8	884.8458880243652	885.0527680578491
885.1361680956253	0.4968800318652029	trials	210608SL	p48	Z11111	242	1.0	0.0	12	885.2861680956253	885.4830481274905
885.5664481652667	0.5369200383458974	trials	210608SL	p48	Z11111	2	1.0	0.0	4	885.7164481652667	885.9533682036126
886.0067682365333	0.5268800367207405	trials	210608SL	p48	Z11111	132	11.0	0.0	8	886.1567682365333	886.383648273254
886.4370483061747	0.4968800318653166	trials	210608SL	p48	Z11111	274	3.0	90.0	12	886.5870483061747	886.78392833804
886.8473283725791	0.4968800318653166	trials	210608SL	p48	Z11111	213	2.0	270.0	8	886.9973283725791	887.1942084044445
887.2776084422206	0.4968800318652029	trials	210608SL	p48	Z11111	323	7.0	225.0	12	887.4276084422206	887.6244884740859
890.6298889847923	0.506880033483867	trials	210608SL	p48	Z11111	86	10.0	225.0	4	890.7798889847923	890.9867690182762
891.0701690560524	0.526920036727347	trials	210608SL	p48	Z11111	174	8.0	135.0	8	891.2201690560523	891.4470890927797
891.5104491273123	0.4968800318653166	trials	210608SL	p48	Z11111	159	8.0	90.0	8	891.6604491273123	891.8573291591777
891.9107291920983	0.5269200367272333	trials	210608SL	p48	Z11111	248	7.0	0.0	12	892.0607291920983	892.2876492288256
892.3410092617398	0.5269200367272333	trials	210608SL	p48	Z11111	252	11.0	0.0	12	892.4910092617398	892.7179292984671
892.7813293330063	0.5268800367207405	trials	210608SL	p48	Z11111	166	0.0	135.0	8	892.9313293330063	893.158209369727
893.2116094026477	0.526920036727347	trials	210608SL	p48	Z11111	232	6.0	315.0	8	893.3616094026477	893.5885294393751
893.6418894722892	0.5369200383457837	trials	210608SL	p48	Z11111	353	7.0	315.0	12	893.7918894722892	894.028809510635
896.994170014861	0.506880033483867	trials	210608SL	p48	Z11111	336	5.0	270.0	12	897.144170014861	897.3510500483449
897.414450082884	0.5268800367208542	trials	210608SL	p48	Z11111	287	1.0	135.0	12	897.5644500828839	897.7913301196048
897.8447301525254	0.5269200367274607	trials	210608SL	p48	Z11111	203	7.0	225.0	8	897.9947301525253	898.2216501892528
898.2850102237854	0.5269200367272333	trials	210608SL	p48	Z11111	163	12.0	90.0	8	898.4350102237854	898.6619302605127
898.7153302934333	0.5268800367208542	trials	210608SL	p48	Z11111	250	9.0	0.0	12	898.8653302934333	899.0922103301542
899.1456103630749	0.5369200383457837	trials	210608SL	p48	Z11111	236	10.0	315.0	8	899.2956103630748	899.5325304014207
899.6159304391969	0.4968800318653166	trials	210608SL	p48	Z11111	355	9.0	315.0	12	899.7659304391968	899.9628104710622
900.0562105104569	0.4968800318652029	trials	210608SL	p48	Z11111	344	13.0	270.0	12	900.2062105104569	900.4030905423222
903.3884510497852	0.5069200334901325	trials	210608SL	p48	Z11111	124	3.0	0.0	8	903.5384510497852	903.7453710832754
903.7987311161895	0.5269200367274607	trials	210608SL	p48	Z11111	197	1.0	225.0	8	903.9487311161895	904.175651152917
904.2390111874496	0.5269200367272333	trials	210608SL	p48	Z11111	259	3.0	45.0	12	904.3890111874496	904.6159312241768
904.6693312570975	0.5268800367208542	trials	210608SL	p48	Z11111	113	7.0	315.0	4	904.8193312570975	905.0462112938184
905.099611326739	0.5369200383457837	trials	210608SL	p48	Z11111	334	3.0	270.0	12	905.249611326739	905.4865313650848
905.569931402861	0.4968800318653166	trials	210608SL	p48	Z11111	74	13.0	180.0	4	905.719931402861	905.9168114347264
906.0102114741211	0.4968800318652029	trials	210608SL	p48	Z11111	14	13.0	0.0	4	906.1602114741211	906.3570915059863
906.4404915437625	0.49692003187169576	trials	210608SL	p48	Z11111	131	10.0	0.0	8	906.5904915437625	906.7874115756342
909.8127720895712	0.5069200334903599	trials	210608SL	p48	Z11111	264	8.0	45.0	12	909.9627720895712	910.1696921230616
910.2530921608378	0.5268800367207405	trials	210608SL	p48	Z11111	223	12.0	270.0	8	910.4030921608378	910.6299721975586
910.6933722320978	0.526920036727347	trials	210608SL	p48	Z11111	292	6.0	135.0	12	910.8433722320977	911.0702922688251
911.1236523017393	0.5269200367272333	trials	210608SL	p48	Z11111	98	7.0	270.0	4	911.2736523017393	911.5005723384666
911.5639723730058	0.5268800367208542	trials	210608SL	p48	Z11111	325	9.0	225.0	12	911.7139723730057	911.9408524097266
911.9942524426473	0.5269200367272333	trials	210608SL	p48	Z11111	298	12.0	135.0	12	912.1442524426473	912.3711724793745
912.4245325122887	0.5369200383458974	trials	210608SL	p48	Z11111	281	10.0	90.0	12	912.5745325122887	912.8114525506346
912.8648525835551	0.5268800367208542	trials	210608SL	p48	Z11111	195	14.0	180.0	8	913.0148525835551	913.241732620276
916.1270531115473	0.506880033483867	trials	210608SL	p48	Z11111	110	4.0	315.0	4	916.2770531115473	916.4839331450312
916.5473331795703	0.5268800367208542	trials	210608SL	p48	Z11111	222	11.0	270.0	8	916.6973331795703	916.9242132162912
916.9776132492118	0.5268800367208542	trials	210608SL	p48	Z11111	267	11.0	45.0	12	917.1276132492118	917.3544932859327
917.4078933188533	0.5369200383457837	trials	210608SL	p48	Z11111	305	4.0	180.0	12	917.5578933188533	917.7948133571991
917.8482133901197	0.5268800367208542	trials	210608SL	p48	Z11111	318	2.0	225.0	12	917.9982133901196	918.2250934268405
918.2784934597613	0.5369200383457837	trials	210608SL	p48	Z11111	290	4.0	135.0	12	918.4284934597613	918.6654134981071
918.7488135358832	0.4968800318654303	trials	210608SL	p48	Z11111	15	14.0	0.0	4	918.8988135358832	919.0956935677486
919.1890936071433	0.4968800318653166	trials	210608SL	p48	Z11111	270	14.0	45.0	12	919.3390936071432	919.5359736390086
922.4512941351354	0.5068800334837533	trials	210608SL	p48	Z11111	214	3.0	270.0	8	922.6012941351354	922.8081741686192
922.8615742015398	0.5369200383458974	trials	210608SL	p48	Z11111	201	5.0	225.0	8	923.0115742015398	923.2484942398858
925.1631345740509	0.5068800334837533	trials	210608SL	p48	Z11111	7	6.0	0.0	4	925.3131345740509	925.5200146075347
925.5734146404553	0.4968800318653166	trials	210608SL	p48	Z11111	81	5.0	225.0	4	925.7234146404553	925.9202946723207
926.0036947100969	0.5068800334837533	trials	210608SL	p48	Z11111	340	9.0	270.0	12	926.1536947100968	926.3605747435806
926.4439747813568	0.4968800318653166	trials	210608SL	p48	Z11111	168	2.0	135.0	8	926.5939747813568	926.7908548132222
926.8742548509983	0.5069200334902462	trials	210608SL	p48	Z11111	145	9.0	45.0	8	927.0242548509983	927.2311748844886
927.3145749222648	0.4968800318653166	trials	210608SL	p48	Z11111	333	2.0	270.0	12	927.4645749222648	927.6614549541301
927.7448549919063	0.5369200383457837	trials	210608SL	p48	Z11111	238	12.0	315.0	8	927.8948549919063	928.1317750302521
928.1851350631663	0.526920036727347	trials	210608SL	p48	Z11111	169	3.0	135.0	8	928.3351350631663	928.5620550998937
931.4373355895399	0.506880033483867	trials	210608SL	p48	Z11111	196	0.0	225.0	8	931.5873355895399	931.7942156230238
931.8476156559444	0.5269200367272333	trials	210608SL	p48	Z11111	23	7.0	45.0	4	931.9976156559444	932.2245356926717
932.2778957255858	0.5369200383458974	trials	210608SL	p48	Z11111	280	9.0	90.0	12	932.4278957255858	932.6648157639318
932.7482158017079	0.4968800318652029	trials	210608SL	p48	Z11111	78	2.0	225.0	4	932.8982158017079	933.0950958335732
933.1784958713494	0.5069200334903599	trials	210608SL	p48	Z11111	61	0.0	180.0	4	933.3284958713493	933.5354159048397
933.6188159426158	0.5268800367208542	trials	210608SL	p48	Z11111	95	4.0	270.0	4	933.7688159426158	933.9956959793367
934.0490960122573	0.5369200383458974	trials	210608SL	p48	Z11111	172	6.0	135.0	8	934.1990960122573	934.4360160506033
934.5194160883793	0.4968800318653166	trials	210608SL	p48	Z11111	151	0.0	90.0	8	934.6694160883793	934.8662961202447
937.9417366422871	0.506880033483867	trials	210608SL	p48	Z11111	180	14.0	135.0	8	938.0917366422871	938.298616675771
938.3520167086916	0.5268800367208542	trials	210608SL	p48	Z11111	311	10.0	180.0	12	938.5020167086916	938.7288967454125
938.782296778333	0.506880033483867	trials	210608SL	p48	Z11111	226	0.0	315.0	8	938.932296778333	939.1391768118169
939.2225768495931	0.4968800318653166	trials	210608SL	p48	Z11111	142	6.0	45.0	8	939.3725768495931	939.5694568814584
939.622856914379	0.5269200367274607	trials	210608SL	p48	Z11111	220	9.0	270.0	8	939.772856914379	939.9997769511065
940.0531369840205	0.5369200383457837	trials	210608SL	p48	Z11111	77	1.0	225.0	4	940.2031369840205	940.4400570223663
940.5134570585241	0.5269200367272333	trials	210608SL	p48	Z11111	49	3.0	135.0	4	940.663457058524	940.8903770952513
940.9437371281655	0.526920036727347	trials	210608SL	p48	Z11111	80	4.0	225.0	4	941.0937371281655	941.3206571648929
944.2959776707308	0.5069200334902462	trials	210608SL	p48	Z11111	114	8.0	315.0	4	944.4459776707308	944.6528977042211
944.7062577371352	0.5269200367274607	trials	210608SL	p48	Z11111	0			0	944.8562577371351	945.0831777738626
945.1465778084017	0.5268800367207405	trials	210608SL	p48	Z11111	21	5.0	45.0	4	945.2965778084017	945.5234578451225
945.5768578780433	0.526920036727347	trials	210608SL	p48	Z11111	47	1.0	135.0	4	945.7268578780432	945.9537779147706
946.0071379476847	0.5069200334902462	trials	210608SL	p48	Z11111	206	10.0	225.0	8	946.1571379476846	946.3640579811749
946.4474580189511	0.5268800367208542	trials	210608SL	p48	Z11111	126	5.0	0.0	8	946.5974580189511	946.824338055672
946.8777380885928	0.53692003834567	trials	210608SL	p48	Z11111	125	4.0	0.0	8	947.0277380885927	947.2646581269385
947.3480581647146	0.4968800318653166	trials	210608SL	p48	Z11111	51	5.0	135.0	4	947.4980581647146	947.69493819658
950.6502586991809	0.5069200334902462	trials	210608SL	p48	Z11111	70	9.0	180.0	4	950.8002586991809	951.0071787326712
951.0605387655854	0.53692003834567	trials	210608SL	p48	Z11111	63	2.0	180.0	4	951.2105387655854	951.4474588039311
951.5008588368518	0.5268800367208542	trials	210608SL	p48	Z11111	101	10.0	270.0	4	951.6508588368517	951.8777388735726
951.9311389064933	0.526920036727347	trials	210608SL	p48	Z11111	286	0.0	135.0	12	952.0811389064933	952.3080589432207
952.3714189777533	0.5269200367274607	trials	210608SL	p48	Z11111	137	1.0	45.0	8	952.5214189777532	952.7483390144807
952.8017390474013	0.4968800318653166	trials	210608SL	p48	Z11111	35	4.0	90.0	4	952.9517390474012	953.1486190792666
953.2320191170428	0.5068800334837533	trials	210608SL	p48	Z11111	194	13.0	180.0	8	953.3820191170428	953.5888991505266
953.6422991834471	0.5268800367209678	trials	210608SL	p48	Z11111	262	6.0	45.0	12	953.7922991834471	954.0191792201681
956.9845397243939	0.5068800334837533	trials	210608SL	p48	Z11111	12	11.0	0.0	4	957.1345397243939	957.3414197578777
957.4048197924169	0.526920036727347	trials	210608SL	p48	Z11111	271	0.0	90.0	12	957.5548197924169	957.7817398291443
957.8350998620584	0.4968800318652029	trials	210608SL	p48	Z11111	211	0.0	270.0	8	957.9850998620584	958.1819798939237
958.2353799268443	0.526920036727347	trials	210608SL	p48	Z11111	87	11.0	225.0	4	958.3853799268443	958.6122999635717
958.6756599981044	0.49692003187169576	trials	210608SL	p48	Z11111	219	8.0	270.0	8	958.8256599981044	959.0225800299761
959.0759400628903	0.4968800318653166	trials	210608SL	p48	Z11111	102	11.0	270.0	4	959.2259400628902	959.4228200947556
959.4762201276762	0.5269200367272333	trials	210608SL	p48	Z11111	302	1.0	180.0	12	959.6262201276762	959.8531401644035
959.9065001973178	0.5068800334837533	trials	210608SL	p48	Z11111	22	6.0	45.0	4	960.0565001973177	960.2633802308015
963.2787807431265	0.5068800334837533	trials	210608SL	p48	Z11111	26	10.0	45.0	4	963.4287807431265	963.6356607766103
963.6890608095309	0.5268800367208542	trials	210608SL	p48	Z11111	261	5.0	45.0	12	963.8390608095309	964.0659408462518
964.1293408807909	0.5269200367272333	trials	210608SL	p48	Z11111	123	2.0	0.0	8	964.2793408807909	964.5062609175181
964.5596209504324	0.49692003187180944	trials	210608SL	p48	Z11111	120	14.0	315.0	4	964.7096209504324	964.9065409823043
964.9899410200804	0.5068800334837533	trials	210608SL	p48	Z11111	229	3.0	315.0	8	965.1399410200804	965.3468210535642
965.4302210913403	0.4968800318654303	trials	210608SL	p48	Z11111	279	8.0	90.0	12	965.5802210913403	965.7771011232057
965.8605011609819	0.4968800318652029	trials	210608SL	p48	Z11111	139	3.0	45.0	8	966.0105011609819	966.2073811928472
966.3008212322483	0.5268800367209678	trials	210608SL	p48	Z11111	304	3.0	180.0	12	966.4508212322482	966.6777012689693
969.5529817586155	0.5069200334902462	trials	210608SL	p48	Z11111	40	9.0	90.0	4	969.7029817586155	969.9099017921058
969.993301829882	0.4968800318653166	trials	210608SL	p48	Z11111	244	3.0	0.0	12	970.1433018298819	970.3401818617473
970.3935818946678	0.4968800318654303	trials	210608SL	p48	Z11111	199	3.0	225.0	8	970.5435818946678	970.7404619265333
970.8338619659279	0.5269200367272333	trials	210608SL	p48	Z11111	107	1.0	315.0	4	970.9838619659279	971.2107820026552
971.2641420355694	0.526920036727347	trials	210608SL	p48	Z11111	356	10.0	315.0	12	971.4141420355694	971.6410620722968
971.7044621068359	0.5268800367207405	trials	210608SL	p48	Z11111	319	3.0	225.0	12	971.8544621068359	972.0813421435566
972.1347421764773	0.526920036727347	trials	210608SL	p48	Z11111	3	2.0	0.0	4	972.2847421764773	972.5116622132047
972.5750222477374	0.5269200367272333	trials	210608SL	p48	Z11111	8	7.0	0.0	4	972.7250222477373	972.9519422844646
975.9373027919277	0.5068800334837533	trials	210608SL	p48	Z11111	266	10.0	45.0	12	976.0873027919276	976.2941828254114
976.347582858332	0.5369200383458974	trials	210608SL	p48	Z11111	358	12.0	315.0	12	976.497582858332	976.7345028966779
976.787862929592	0.5269200367272333	trials	210608SL	p48	Z11111	143	7.0	45.0	8	976.937862929592	977.1647829663193
977.21818299924	0.5268800367209678	trials	210608SL	p48	Z11111	342	11.0	270.0	12	977.3681829992399	977.595063035961
977.6584630705	0.5269200367272333	trials	210608SL	p48	Z11111	212	1.0	270.0	8	977.8084630705	978.0353831072273
978.0887431401414	0.4968800318654303	trials	210608SL	p48	Z11111	235	9.0	315.0	8	978.2387431401414	978.4356231720069
978.529063211408	0.4968800318652029	trials	210608SL	p48	Z11111	127	6.0	0.0	8	978.679063211408	978.8759432432732
978.9593432810494	0.5268800367208542	trials	210608SL	p48	Z11111	247	6.0	0.0	12	979.1093432810494	979.3362233177703
982.3616238317137	0.526920036727347	trials	210608SL	p48	Z11111	254	13.0	0.0	12	982.5116238317137	982.7385438684411
982.7919039013551	0.5269200367274607	trials	210608SL	p48	Z11111	13	12.0	0.0	4	982.9419039013551	983.1688239380826
983.2221839709966	0.5269200367274607	trials	210608SL	p48	Z11111	68	7.0	180.0	4	983.3721839709966	983.5991040077241
983.6625040422632	0.5269200367272333	trials	210608SL	p48	Z11111	352	6.0	315.0	12	983.8125040422632	984.0394240789905
984.0927841119046	0.526920036727347	trials	210608SL	p48	Z11111	324	8.0	225.0	12	984.2427841119046	984.469704148632
984.5230641815461	0.5069200334902462	trials	210608SL	p48	Z11111	89	13.0	225.0	4	984.6730641815461	984.8799842150364
984.9633842528126	0.4968800318653166	trials	210608SL	p48	Z11111	182	1.0	180.0	8	985.1133842528126	985.3102642846779
985.393664322454	0.506880033483867	trials	210608SL	p48	Z11111	0			0	985.543664322454	985.7505443559379
988.7459048650194	0.5169200351086829	trials	210608SL	p48	Z11111	69	8.0	180.0	4	988.8959048650194	989.1128249001281
989.1962249379044	0.5269200367272333	trials	210608SL	p48	Z11111	241	0.0	0.0	12	989.3462249379044	989.5731449746316
989.6265050075458	0.5369200383458974	trials	210608SL	p48	Z11111	239	13.0	315.0	8	989.7765050075458	990.0134250458917
990.0968250836678	0.4968800318653166	trials	210608SL	p48	Z11111	277	6.0	90.0	12	990.2468250836678	990.4437051155331
990.4971051484539	0.53692003834567	trials	210608SL	p48	Z11111	52	6.0	135.0	4	990.6471051484539	990.8840251867996
990.9373852197137	0.526920036727347	trials	210608SL	p48	Z11111	19	3.0	45.0	4	991.0873852197137	991.3143052564411
991.3677052893618	0.5268800367207405	trials	210608SL	p48	Z11111	33	2.0	90.0	4	991.5177052893617	991.7445853260825
991.8079853606218	0.4968800318652029	trials	210608SL	p48	Z11111	10	9.0	0.0	4	991.9579853606218	992.1548653924871
995.2202659129046	0.5069200334903599	trials	210608SL	p48	Z11111	315	14.0	180.0	12	995.3702659129045	995.5771859463949
995.6705859857896	0.4968800318652029	trials	210608SL	p48	Z11111	82	6.0	225.0	4	995.8205859857895	996.0174660176548
996.1008660554311	0.5269200367272333	trials	210608SL	p48	Z11111	291	5.0	135.0	12	996.2508660554311	996.4777860921583
996.5411861266974	0.5268800367209678	trials	210608SL	p48	Z11111	253	12.0	0.0	12	996.6911861266974	996.9180661634184
996.971466196339	0.5268800367209678	trials	210608SL	p48	Z11111	160	9.0	90.0	8	997.1214661963389	997.3483462330599
997.411746267599	0.5269200367272333	trials	210608SL	p48	Z11111	34	3.0	90.0	4	997.561746267599	997.7886663043263
997.8420663372469	0.5268800367208542	trials	210608SL	p48	Z11111	96	5.0	270.0	4	997.9920663372469	998.2189463739678
998.2723464068885	0.5369200383458974	trials	210608SL	p48	Z11111	138	2.0	45.0	8	998.4223464068884	998.6592664452344
1001.7446669688889	0.506880033483867	trials	210608SL	p48	Z11111	72	11.0	180.0	4	1001.8946669688888	1002.1015470023727
1002.1849870401553	0.5068800334837533	trials	210608SL	p48	Z11111	176	10.0	135.0	8	1002.3349870401553	1002.5418670736391
1002.5952671065597	0.5268800367208542	trials	210608SL	p48	Z11111	97	6.0	270.0	4	1002.7452671065597	1002.9721471432806
1003.0255471762013	0.4968800318652029	trials	210608SL	p48	Z11111	134	13.0	0.0	8	1003.1755471762012	1003.3724272080665
1003.4558272458428	0.5068800334837533	trials	210608SL	p48	Z11111	312	11.0	180.0	12	1003.6058272458428	1003.8127072793266
1003.8961073171029	0.4968800318652029	trials	210608SL	p48	Z11111	88	12.0	225.0	4	1004.0461073171028	1004.2429873489681
1004.3264273867508	0.5068800334837533	trials	210608SL	p48	Z11111	85	9.0	225.0	4	1004.4764273867507	1004.6833074202345
1004.7667074580107	0.4968800318653166	trials	210608SL	p48	Z11111	295	9.0	135.0	12	1004.9167074580107	1005.1135874898761
1008.1689880086751	0.5069200334902462	trials	210608SL	p48	Z11111	303	2.0	180.0	12	1008.3189880086751	1008.5259080421654
1008.5792680750794	0.5269200367274607	trials	210608SL	p48	Z11111	278	7.0	90.0	12	1008.7292680750794	1008.9561881118069
1009.009548144721	0.5369200383457837	trials	210608SL	p48	Z11111	330	14.0	225.0	12	1009.1595481447209	1009.3964681830668
1009.4798682208431	0.4968800318652029	trials	210608SL	p48	Z11111	234	8.0	315.0	8	1009.629868220843	1009.8267482527083
1009.8801482856289	0.5369200383458974	trials	210608SL	p48	Z11111	29	13.0	45.0	4	1010.0301482856289	1010.2670683239749
1010.3504683617509	0.4968800318653166	trials	210608SL	p48	Z11111	314	13.0	180.0	12	1010.5004683617509	1010.6973483936163
1010.7507484265368	0.5268800367209678	trials	210608SL	p48	Z11111	243	2.0	0.0	12	1010.9007484265368	1011.1276284632578
1011.1910284977969	0.526920036727347	trials	210608SL	p48	Z11111	348	2.0	315.0	12	1011.3410284977969	1011.5679485345242
1014.5933090484612	0.5069200334902462	trials	210608SL	p48	Z11111	301	0.0	180.0	12	1014.7433090484611	1014.9502290819514
1015.0336291197277	0.4968800318652029	trials	210608SL	p48	Z11111	256	0.0	45.0	12	1015.1836291197277	1015.380509151593
1015.4639091893691	0.5369200383458974	trials	210608SL	p48	Z11111	20	4.0	45.0	4	1015.6139091893691	1015.850829227715
1015.9041892606292	0.5269200367272333	trials	210608SL	p48	Z11111	109	3.0	315.0	4	1016.0541892606292	1016.2811092973565
1016.3445093318957	0.5268800367207405	trials	210608SL	p48	Z11111	167	1.0	135.0	8	1016.4945093318956	1016.7213893686164
1016.7747894015371	0.526920036727347	trials	210608SL	p48	Z11111	105	14.0	270.0	4	1016.924789401537	1017.1517094382644
1017.2050694711786	0.5369200383457837	trials	210608SL	p48	Z11111	265	9.0	45.0	12	1017.3550694711786	1017.5919895095244
1017.6753895473007	0.4968800318652029	trials	210608SL	p48	Z11111	28	12.0	45.0	4	1017.8253895473007	1018.0222695791659
1021.0977101012085	0.5068800334837533	trials	210608SL	p48	Z11111	92	1.0	270.0	4	1021.2477101012084	1021.4545901346922
1021.5079901676129	0.5268800367208542	trials	210608SL	p48	Z11111	185	4.0	180.0	8	1021.6579901676129	1021.8848702043338
1021.9382702372544	0.5369200383457837	trials	210608SL	p48	Z11111	320	4.0	225.0	12	1022.0882702372544	1022.3251902756002
1022.4085903133764	0.4968800318653166	trials	210608SL	p48	Z11111	170	4.0	135.0	8	1022.5585903133764	1022.7554703452417
1022.8488703846364	0.4968800318653166	trials	210608SL	p48	Z11111	150	14.0	45.0	8	1022.9988703846363	1023.1957504165017
1023.2791504542779	0.49692003187169576	trials	210608SL	p48	Z11111	55	9.0	135.0	4	1023.4291504542779	1023.6260704861496
1023.6794305190638	0.5269200367274607	trials	210608SL	p48	Z11111	175	9.0	135.0	8	1023.8294305190637	1024.0563505557911
1024.11975059033	0.5268800367211952	trials	210608SL	p48	Z11111	108	2.0	315.0	4	1024.2697505903302	1024.4966306270512
1027.7421911766278	0.506880033483867	trials	210608SL	p48	Z11111	332	1.0	270.0	12	1027.8921911766279	1028.0990712101116
1028.1824712478879	0.5269200367274607	trials	210608SL	p48	Z11111	66	5.0	180.0	4	1028.332471247888	1028.5593912846152
1028.6127513175293	0.5269200367274607	trials	210608SL	p48	Z11111	39	8.0	90.0	4	1028.7627513175294	1028.9896713542566
1029.0530713887956	0.5268800367211952	trials	210608SL	p48	Z11111	209	13.0	225.0	8	1029.2030713887957	1029.4299514255167
1029.4833514584373	0.5269200367274607	trials	210608SL	p48	Z11111	184	3.0	180.0	8	1029.6333514584373	1029.8602714951646
1029.923631529697	0.5269200367274607	trials	210608SL	p48	Z11111	48	2.0	135.0	4	1030.0736315296972	1030.3005515664245
1030.3539515993452	0.5268800367209678	trials	210608SL	p48	Z11111	228	2.0	315.0	8	1030.5039515993453	1030.7308316360661
1030.7942316706053	0.5269200367274607	trials	210608SL	p48	Z11111	317	1.0	225.0	12	1030.9442316706054	1031.1711517073327
1034.2265522261314	0.5068800334840944	trials	210608SL	p48	Z11111	90	14.0	225.0	4	1034.3765522261315	1034.5834322596154
1034.636832292536	0.5268800367211952	trials	210608SL	p48	Z11111	53	7.0	135.0	4	1034.786832292536	1035.013712329257
1035.0671123621773	0.5369200383461248	trials	210608SL	p48	Z11111	37	6.0	90.0	4	1035.2171123621774	1035.4540324005234
1035.5073924334374	0.5269200367274607	trials	210608SL	p48	Z11111	297	11.0	135.0	12	1035.6573924334375	1035.8843124701648
1035.9377125030853	0.5368800383396319	trials	210608SL	p48	Z11111	27	11.0	45.0	4	1036.0877125030854	1036.3245925414249
1036.3779925743454	0.5269200367276881	trials	210608SL	p48	Z11111	257	1.0	45.0	12	1036.5279925743455	1036.754912611073
1036.808272643987	0.5269200367274607	trials	210608SL	p48	Z11111	79	3.0	225.0	4	1036.9582726439871	1037.1851926807144
1037.2485527152467	0.4969200318723779	trials	210608SL	p48	Z11111	207	11.0	225.0	8	1037.3985527152468	1037.595472747119
1040.660873267536	0.5068800334840944	trials	210608SL	p48	Z11111	41	10.0	90.0	4	1040.8108732675362	1041.01775330102
1041.0711533339406	0.4968800318654303	trials	210608SL	p48	Z11111	202	6.0	225.0	8	1041.2211533339407	1041.418033365806
1041.5114334052007	0.4968800318654303	trials	210608SL	p48	Z11111	341	10.0	270.0	12	1041.6614334052008	1041.858313437066
1041.9417534748486	0.4968800318654303	trials	210608SL	p48	Z11111	67	6.0	180.0	4	1042.0917534748487	1042.288633506714
1042.3519935412467	0.5269200367274607	trials	210608SL	p48	Z11111	5	4.0	0.0	4	1042.5019935412467	1042.728913577974
1042.7823136108946	0.5268800367211952	trials	210608SL	p48	Z11111	308	7.0	180.0	12	1042.9323136108947	1043.1591936476157
1045.3239940222693	0.5069200334905872	trials	210608SL	p48	Z11111	177	11.0	135.0	8	1045.4739940222694	1045.6809140557598
1045.7443140902988	0.5268800367211952	trials	210608SL	p48	Z11111	171	5.0	135.0	8	1045.8943140902988	1046.1211941270199
1046.1745941599402	0.5268800367211952	trials	210608SL	p48	Z11111	288	2.0	135.0	12	1046.3245941599403	1046.5514741966613
1046.6148742312002	0.5269200367274607	trials	210608SL	p48	Z11111	328	12.0	225.0	12	1046.7648742312003	1046.9917942679276
1047.0451543008417	0.4969200318721505	trials	210608SL	p48	Z11111	118	12.0	315.0	4	1047.1951543008418	1047.3920743327137
1047.4754743704898	0.506880033483867	trials	210608SL	p48	Z11111	350	4.0	315.0	12	1047.6254743704899	1047.8323544039736
1047.9157544417499	0.5269200367274607	trials	210608SL	p48	Z11111	122	1.0	0.0	8	1048.06575444175	1048.2926744784772
1048.3460345113913	0.5369200383461248	trials	210608SL	p48	Z11111	289	3.0	135.0	12	1048.4960345113914	1048.7329545497373
1051.688275052338	0.5069200334903599	trials	210608SL	p48	Z11111	16	0.0	45.0	4	1051.838275052338	1052.0451950858283
1052.1285951236046	0.4968800318654303	trials	210608SL	p48	Z11111	345	14.0	270.0	12	1052.2785951236046	1052.47547515547
1052.5288751883904	0.506880033483867	trials	210608SL	p48	Z11111	237	11.0	315.0	8	1052.6788751883905	1052.8857552218742
1052.9691552596505	0.5269200367274607	trials	210608SL	p48	Z11111	245	4.0	0.0	12	1053.1191552596506	1053.3460752963779
1053.399435329292	0.49688003186565766	trials	210608SL	p48	Z11111	32	1.0	90.0	4	1053.549435329292	1053.7463153611575
1053.8397554005583	0.49688003186565766	trials	210608SL	p48	Z11111	24	8.0	45.0	4	1053.9897554005584	1054.1866354324238
1054.2700354702	0.4968800318654303	trials	210608SL	p48	Z11111	337	6.0	270.0	12	1054.4200354702	1054.6169155020652
1054.7003155398413	0.5068800334840944	trials	210608SL	p48	Z11111	158	7.0	90.0	8	1054.8503155398414	1055.0571955733253
1058.372796134238	0.5068800334840944	trials	210608SL	p48	Z11111	84	8.0	225.0	4	1058.522796134238	1058.729676167722
1058.8030762038793	0.49688003186565766	trials	210608SL	p48	Z11111	6	5.0	0.0	4	1058.9530762038794	1059.1499562357449
1059.2033562686654	0.5068800334840944	trials	210608SL	p48	Z11111	189	8.0	180.0	8	1059.3533562686655	1059.5602363021494
1059.6136363350697	0.5168800351025311	trials	210608SL	p48	Z11111	275	4.0	90.0	12	1059.7636363350698	1059.9805163701722
1060.0439164047114	0.5269200367274607	trials	210608SL	p48	Z11111	343	12.0	270.0	12	1060.1939164047114	1060.4208364414387
1060.474196474353	0.5269200367274607	trials	210608SL	p48	Z11111	283	12.0	90.0	12	1060.624196474353	1060.8511165110804
1060.9145165456193	0.5268800367211952	trials	210608SL	p48	Z11111	351	5.0	315.0	12	1061.0645165456194	1061.2913965823404
1061.3447966152607	0.5269200367274607	trials	210608SL	p48	Z11111	42	11.0	90.0	4	1061.4947966152608	1061.7217166519881
1064.697037157826	0.5069200334905872	trials	210608SL	p48	Z11111	141	5.0	45.0	8	1064.847037157826	1065.0539571913164
1065.1073172242304	0.49688003186565766	trials	210608SL	p48	Z11111	263	7.0	45.0	12	1065.2573172242305	1065.454197256096
1065.5375972938718	0.5069200334905872	trials	210608SL	p48	Z11111	58	12.0	135.0	4	1065.687597293872	1065.8945173273623
1065.9779173651384	0.4968800318654303	trials	210608SL	p48	Z11111	187	6.0	180.0	8	1066.1279173651385	1066.3247973970037
1066.3781974299245	0.5268800367207405	trials	210608SL	p48	Z11111	54	8.0	135.0	4	1066.5281974299246	1066.7550774666452
1066.8184775011844	0.5269200367276881	trials	210608SL	p48	Z11111	321	5.0	225.0	12	1066.9684775011845	1067.195397537912
1067.248757570826	0.5269200367274607	trials	210608SL	p48	Z11111	111	5.0	315.0	4	1067.398757570826	1067.6256776075534
1067.7190776469479	0.5269200367274607	trials	210608SL	p48	Z11111	260	4.0	45.0	12	1067.869077646948	1068.0959976836753
1071.0713581895197	0.506880033483867	trials	210608SL	p48	Z11111	38	7.0	90.0	4	1071.2213581895198	1071.4282382230035
1071.5116382607796	0.4968800318654303	trials	210608SL	p48	Z11111	307	6.0	180.0	12	1071.6616382607797	1071.858518292645
1071.9519183320397	0.49692003187192313	trials	210608SL	p48	Z11111	193	12.0	180.0	8	1072.1019183320398	1072.2988383639115
1072.3822384016876	0.49688003186565766	trials	210608SL	p48	Z11111	18	2.0	45.0	4	1072.5322384016877	1072.7291184335531
1072.812518471329	0.5068800334840944	trials	210608SL	p48	Z11111	231	5.0	315.0	8	1072.962518471329	1073.169398504813
1073.252798542589	0.49688003186565766	trials	210608SL	p48	Z11111	161	10.0	90.0	8	1073.4027985425892	1073.5996785744546
1073.653078607375	0.5269200367276881	trials	210608SL	p48	Z11111	192	11.0	180.0	8	1073.803078607375	1074.0299986441025
1074.093358678635	0.5269200367274607	trials	210608SL	p48	Z11111	240	14.0	315.0	8	1074.243358678635	1074.4702787153624
1077.385599211489	0.5068800334840944	trials	210608SL	p48	Z11111	115	9.0	315.0	4	1077.5355992114892	1077.742479244973
1077.805879279512	0.5269200367276881	trials	210608SL	p48	Z11111	44	13.0	90.0	4	1077.9558792795121	1078.1827993162397
1078.2661993540155	0.5369200383461248	trials	210608SL	p48	Z11111	294	8.0	135.0	12	1078.4161993540156	1078.6531193923615
1078.7064794252756	0.5269200367274607	trials	210608SL	p48	Z11111	60	14.0	135.0	4	1078.8564794252757	1079.083399462003
1081.0980798123599	0.5069200334903599	trials	210608SL	p48	Z11111	258	2.0	45.0	12	1081.24807981236	1081.4549998458501
1081.5183598803828	0.5269200367274607	trials	210608SL	p48	Z11111	313	12.0	180.0	12	1081.668359880383	1081.8952799171102
1081.9486799500307	0.5268800367209678	trials	210608SL	p48	Z11111	284	13.0	90.0	12	1082.0986799500308	1082.3255599867516
1082.3889600212906	0.5269200367276881	trials	210608SL	p48	Z11111	183	2.0	180.0	8	1082.5389600212907	1082.7658800580182
1082.8192400909322	0.5269200367276881	trials	210608SL	p48	Z11111	45	14.0	90.0	4	1082.9692400909323	1083.1961601276598
1083.2595601621988	0.5268800367209678	trials	210608SL	p48	Z11111	268	12.0	45.0	12	1083.4095601621989	1083.6364401989197
1083.6898402318402	0.5269200367274607	trials	210608SL	p48	Z11111	103	12.0	270.0	4	1083.8398402318403	1084.0667602685676
1084.1201203014816	0.5369200383461248	trials	210608SL	p48	Z11111	296	10.0	135.0	12	1084.2701203014817	1084.5070403398277
1087.4724008440535	0.506880033483867	trials	210608SL	p48	Z11111	135	14.0	0.0	8	1087.6224008440536	1087.8292808775373
1087.8926809120762	0.5268800367211952	trials	210608SL	p48	Z11111	162	11.0	90.0	8	1088.0426809120763	1088.2695609487973
1088.3529609865734	0.49692003187192313	trials	210608SL	p48	Z11111	195	14.0	180.0	8	1088.5029609865735	1088.6998810184452
1088.7532410513593	0.5369200383461248	trials	210608SL	p48	Z11111	84	8.0	225.0	4	1088.9032410513594	1089.1401610897053
1089.1935211226194	0.5269200367276881	trials	210608SL	p48	Z11111	352	6.0	315.0	12	1089.3435211226194	1089.570441159347
1089.6238411922673	0.5369200383461248	trials	210608SL	p48	Z11111	100	9.0	270.0	4	1089.7738411922674	1090.0107612306133
1090.0641212635273	0.5269200367274607	trials	210608SL	p48	Z11111	169	3.0	135.0	8	1090.2141212635274	1090.4410413002547
1090.4944013331688	0.49692003187192313	trials	210608SL	p48	Z11111	76	0.0	225.0	4	1090.6444013331688	1090.8413213650406
1093.7766418644046	0.506880033483867	trials	210608SL	p48	Z11111	91	0.0	270.0	4	1093.9266418644047	1094.1335218978884
1094.186921930809	0.5068800334840944	trials	210608SL	p48	Z11111	1	0.0	0.0	4	1094.336921930809	1094.543801964293
1094.6272020020688	0.49688003186565766	trials	210608SL	p48	Z11111	351	5.0	315.0	12	1094.7772020020689	1094.9740820339343
1095.0274820668549	0.5268800367209678	trials	210608SL	p48	Z11111	239	13.0	315.0	8	1095.177482066855	1095.4043621035757
1095.4677621381147	0.5269200367276881	trials	210608SL	p48	Z11111	255	14.0	0.0	12	1095.6177621381148	1095.8446821748423
1095.8980422077564	0.49692003187192313	trials	210608SL	p48	Z11111	106	0.0	315.0	4	1096.0480422077565	1096.2449622396282
1096.3283622774043	0.5368800383394046	trials	210608SL	p48	Z11111	311	10.0	180.0	12	1096.4783622774044	1096.7152423157436
1096.7686423486643	0.5269200367274607	trials	210608SL	p48	Z11111	153	2.0	90.0	8	1096.9186423486644	1097.1455623853917
1100.1208828912295	0.5069200334905872	trials	210608SL	p48	Z11111	202	6.0	225.0	8	1100.2708828912296	1100.47780292472
1100.531162957634	0.5269200367274607	trials	210608SL	p48	Z11111	181	0.0	180.0	8	1100.6811629576341	1100.9080829943614
1101.001483033756	0.5269200367276881	trials	210608SL	p48	Z11111	313	12.0	180.0	12	1101.151483033756	1101.3784030704835
1101.431803103404	0.5268800367209678	trials	210608SL	p48	Z11111	315	14.0	180.0	12	1101.5818031034041	1101.808683140125
1101.872083174664	0.5269200367274607	trials	210608SL	p48	Z11111	346	0.0	315.0	12	1102.0220831746642	1102.2490032113915
1102.3023632443055	0.49688003186565766	trials	210608SL	p48	Z11111	114	8.0	315.0	4	1102.4523632443056	1102.649243276171
1102.7026433090914	0.5369200383461248	trials	210608SL	p48	Z11111	356	10.0	315.0	12	1102.8526433090915	1103.0895633474374
1103.1429233803515	0.5269200367274607	trials	210608SL	p48	Z11111	86	10.0	225.0	4	1103.2929233803516	1103.5198434170788
1106.4551639164426	0.5068800334840944	trials	210608SL	p48	Z11111	266	10.0	45.0	12	1106.6051639164427	1106.8120439499266
1106.8754439844656	0.5269200367274607	trials	210608SL	p48	Z11111	200	4.0	225.0	8	1107.0254439844657	1107.252364021193
1107.335764058969	0.4968800318654303	trials	210608SL	p48	Z11111	2	1.0	0.0	4	1107.4857640589692	1107.6826440908344
1107.7760441302291	0.4968800318654303	trials	210608SL	p48	Z11111	308	7.0	180.0	12	1107.9260441302292	1108.1229241620945
1108.206364199877	0.49688003186565766	trials	210608SL	p48	Z11111	88	12.0	225.0	4	1108.3563641998771	1108.5532442317426
1108.6366442695185	0.5068800334840944	trials	210608SL	p48	Z11111	145	9.0	45.0	8	1108.7866442695185	1108.9935243030025
1109.0769243407785	0.49688003186565766	trials	210608SL	p48	Z11111	236	10.0	315.0	8	1109.2269243407786	1109.423804372644
1109.4772044055644	0.5269200367276881	trials	210608SL	p48	Z11111	3	2.0	0.0	4	1109.6272044055645	1109.854124442292
1113.049604983763	0.506880033483867	trials	210608SL	p48	Z11111	203	7.0	225.0	8	1113.199604983763	1113.4064850172467
1113.4598850501675	0.4968800318654303	trials	210608SL	p48	Z11111	272	1.0	90.0	12	1113.6098850501676	1113.8067650820328
1113.890165119809	0.4968800318654303	trials	210608SL	p48	Z11111	341	10.0	270.0	12	1114.040165119809	1114.2370451516742
1114.3304851910755	0.5268800367209678	trials	210608SL	p48	Z11111	41	10.0	90.0	4	1114.4804851910756	1114.7073652277963
1114.7607652607169	0.5369200383458974	trials	210608SL	p48	Z11111	245	4.0	0.0	12	1114.910765260717	1115.1476852990627
1115.231085336839	0.4968800318654303	trials	210608SL	p48	Z11111	134	13.0	0.0	8	1115.381085336839	1115.5779653687043
1115.6613654064804	0.506880033483867	trials	210608SL	p48	Z11111	331	0.0	270.0	12	1115.8113654064805	1116.0182454399642
1116.1016454777405	0.4968800318654303	trials	210608SL	p48	Z11111	155	4.0	90.0	8	1116.2516454777406	1116.4485255096058
1119.4038860122132	0.506880033483867	trials	210608SL	p48	Z11111	259	3.0	45.0	12	1119.5538860122133	1119.760766045697
1119.8141660786175	0.4968800318654303	trials	210608SL	p48	Z11111	330	14.0	225.0	12	1119.9641660786176	1120.1610461104829
1120.2444461482592	0.506880033483867	trials	210608SL	p48	Z11111	168	2.0	135.0	8	1120.3944461482592	1120.601326181743
1120.684726219519	0.4969200318721505	trials	210608SL	p48	Z11111	78	2.0	225.0	4	1120.834726219519	1121.031646251391
1121.115046289167	0.5368800383396319	trials	210608SL	p48	Z11111	17	1.0	45.0	4	1121.265046289167	1121.5019263275065
1123.9269267442742	0.4968800318654303	trials	210608SL	p48	Z11111	299	13.0	135.0	12	1124.0769267442743	1124.2738067761395
1124.3672068155342	0.49692003187192313	trials	210608SL	p48	Z11111	184	3.0	180.0	8	1124.5172068155343	1124.714126847406
1124.7975268851822	0.4968800318654303	trials	210608SL	p48	Z11111	179	13.0	135.0	8	1124.9475268851822	1125.1444069170475
1125.2278069548236	0.5068800334840944	trials	210608SL	p48	Z11111	247	6.0	0.0	12	1125.3778069548237	1125.5846869883076
1125.6380870212279	0.5268800367211952	trials	210608SL	p48	Z11111	231	5.0	315.0	8	1125.788087021228	1126.014967057949
1126.0683670908695	0.5269200367276881	trials	210608SL	p48	Z11111	25	9.0	45.0	4	1126.2183670908696	1126.445287127597
1126.5086471621294	0.5269200367276881	trials	210608SL	p48	Z11111	12	11.0	0.0	4	1126.6586471621295	1126.885567198857
1126.9389672317775	0.5268800367209678	trials	210608SL	p48	Z11111	280	9.0	90.0	12	1127.0889672317776	1127.3158472684984
1130.3712477872973	0.5069200334905872	trials	210608SL	p48	Z11111	97	6.0	270.0	4	1130.5212477872974	1130.7281678207878
1130.7815278537018	0.5069200334905872	trials	210608SL	p48	Z11111	176	10.0	135.0	8	1130.931527853702	1131.1384478871923
1131.2218479249682	0.49688003186565766	trials	210608SL	p48	Z11111	322	6.0	225.0	12	1131.3718479249683	1131.5687279568338
1131.6521279946096	0.49688003186565766	trials	210608SL	p48	Z11111	288	2.0	135.0	12	1131.8021279946097	1131.9990080264752
1132.0924080658697	0.49692003187192313	trials	210608SL	p48	Z11111	18	2.0	45.0	4	1132.2424080658698	1132.4393280977415
1132.5227281355178	0.4968800318652029	trials	210608SL	p48	Z11111	129	8.0	0.0	8	1132.672728135518	1132.869608167383
1132.9229682002972	0.5369200383458974	trials	210608SL	p48	Z11111	48	2.0	135.0	4	1133.0729682002973	1133.309888238643
1133.3932882764193	0.4968800318654303	trials	210608SL	p48	Z11111	87	11.0	225.0	4	1133.5432882764194	1133.7401683082846
1136.715528814129	0.506880033483867	trials	210608SL	p48	Z11111	126	5.0	0.0	8	1136.865528814129	1137.0724088476127
1137.1258088805334	0.4968800318654303	trials	210608SL	p48	Z11111	120	14.0	315.0	4	1137.2758088805335	1137.4726889123988
1137.5560889501749	0.4968800318654303	trials	210608SL	p48	Z11111	171	5.0	135.0	8	1137.706088950175	1137.9029689820402
1137.9563690149607	0.5369200383461248	trials	210608SL	p48	Z11111	121	0.0	0.0	8	1138.1063690149608	1138.3432890533068
1138.3966490862208	0.5269200367274607	trials	210608SL	p48	Z11111	214	3.0	270.0	8	1138.546649086221	1138.7735691229482
1138.826969155869	0.4968800318652029	trials	210608SL	p48	Z11111	221	10.0	270.0	8	1138.976969155869	1139.173849187734
1139.2672492271286	0.5269200367279154	trials	210608SL	p48	Z11111	98	7.0	270.0	4	1139.4172492271287	1139.6441692638564
1139.6975292967702	0.5369200383461248	trials	210608SL	p48	Z11111	35	4.0	90.0	4	1139.8475292967703	1140.0844493351162
1143.099849847441	0.5068800334840944	trials	210608SL	p48	Z11111	218	7.0	270.0	8	1143.249849847441	1143.456729880925
1143.5501299203197	0.5269200367274607	trials	210608SL	p48	Z11111	137	1.0	45.0	8	1143.7001299203198	1143.927049957047
1143.9804499899674	0.5268800367211952	trials	210608SL	p48	Z11111	307	6.0	180.0	12	1144.1304499899675	1144.3573300266885
1144.450730066083	0.49688003186565766	trials	210608SL	p48	Z11111	324	8.0	225.0	12	1144.600730066083	1144.7976100979486
1144.8810501357311	0.4968800318654303	trials	210608SL	p48	Z11111	268	12.0	45.0	12	1145.0310501357312	1145.2279301675965
1145.321330206991	0.5269200367276881	trials	210608SL	p48	Z11111	172	6.0	135.0	8	1145.471330206991	1145.6982502437186
1145.7516102766326	0.5369200383461248	trials	210608SL	p48	Z11111	223	12.0	270.0	8	1145.9016102766327	1146.1385303149787
1146.191930347899	0.5268800367211952	trials	210608SL	p48	Z11111	208	12.0	225.0	8	1146.341930347899	1146.56881038462
1149.5041308839836	0.5069200334905872	trials	210608SL	p48	Z11111	79	3.0	225.0	4	1149.6541308839837	1149.8610509174741
1149.9144109503882	0.49688003186565766	trials	210608SL	p48	Z11111	26	10.0	45.0	4	1150.0644109503883	1150.2612909822537
1150.3246910167927	0.5269200367274607	trials	210608SL	p48	Z11111	225	14.0	270.0	8	1150.4746910167928	1150.70161105352
1150.7549710864341	0.5269200367274607	trials	210608SL	p48	Z11111	253	12.0	0.0	12	1150.9049710864342	1151.1318911231615
1151.185291156082	0.5368800383396319	trials	210608SL	p48	Z11111	139	3.0	45.0	8	1151.3352911560821	1151.5721711944216
1151.6255712273419	0.5269200367276881	trials	210608SL	p48	Z11111	274	3.0	90.0	12	1151.775571227342	1152.0024912640695
1154.3874516743567	0.506880033483867	trials	210608SL	p48	Z11111	141	5.0	45.0	8	1154.5374516743568	1154.7443317078405
1154.7976917407545	0.5069200334905872	trials	210608SL	p48	Z11111	161	10.0	90.0	8	1154.9476917407546	1155.154611774245
1155.207971807159	0.5269200367274607	trials	210608SL	p48	Z11111	314	13.0	180.0	12	1155.3579718071592	1155.5848918438865
1155.638291876807	0.5268800367209678	trials	210608SL	p48	Z11111	136	0.0	45.0	8	1155.788291876807	1156.0151719135279
1156.0685719464486	0.5369200383461248	trials	210608SL	p48	Z11111	143	7.0	45.0	8	1156.2185719464487	1156.4554919847947
1156.528892020952	0.4968800318654303	trials	210608SL	p48	Z11111	151	0.0	90.0	8	1156.6788920209522	1156.8757720528174
1156.9591720905935	0.4968800318654303	trials	210608SL	p48	Z11111	122	1.0	0.0	8	1157.1091720905936	1157.3060521224588
1157.3594121553729	0.5269200367274607	trials	210608SL	p48	Z11111	174	8.0	135.0	8	1157.509412155373	1157.7363321921002
1160.63165268499	0.506880033483867	trials	210608SL	p48	Z11111	252	11.0	0.0	12	1160.7816526849901	1160.9885327184738
1161.0719327562501	0.4968800318654303	trials	210608SL	p48	Z11111	295	9.0	135.0	12	1161.2219327562502	1161.4188127881155
1161.472212821036	0.4968800318654303	trials	210608SL	p48	Z11111	54	8.0	135.0	4	1161.622212821036	1161.8190928529013
1161.8824928874405	0.5268800367209678	trials	210608SL	p48	Z11111	292	6.0	135.0	12	1162.0324928874406	1162.2593729241614
1162.312772957082	0.5269200367274607	trials	210608SL	p48	Z11111	110	4.0	315.0	4	1162.462772957082	1162.6896929938093
1162.7430530267234	0.49688003186565766	trials	210608SL	p48	Z11111	73	12.0	180.0	4	1162.8930530267235	1163.089933058589
1163.18337309799	0.5268800367209678	trials	210608SL	p48	Z11111	217	6.0	270.0	8	1163.33337309799	1163.5602531347108
1163.6136531676314	0.4968800318654303	trials	210608SL	p48	Z11111	310	9.0	180.0	12	1163.7636531676314	1163.9605331994967
1166.9358937053412	0.506880033483867	trials	210608SL	p48	Z11111	246	5.0	0.0	12	1167.0858937053413	1167.292773738825
1167.3461737717457	0.5268800367209678	trials	210608SL	p48	Z11111	190	9.0	180.0	8	1167.4961737717458	1167.7230538084666
1167.7764538413871	0.4968800318654303	trials	210608SL	p48	Z11111	4	3.0	0.0	4	1167.9264538413872	1168.1233338732525
1168.216733912647	0.49688003186565766	trials	210608SL	p48	Z11111	256	0.0	45.0	12	1168.366733912647	1168.5636139445126
1168.6470139822886	0.49692003187192313	trials	210608SL	p48	Z11111	178	12.0	135.0	8	1168.7970139822887	1168.9939340141605
1169.087334053555	0.5269200367274607	trials	210608SL	p48	Z11111	349	3.0	315.0	12	1169.237334053555	1169.4642540902823
1169.5176141231964	0.5269200367276881	trials	210608SL	p48	Z11111	46	0.0	135.0	4	1169.6676141231965	1169.894534159924
1169.957934194463	0.5268800367211952	trials	210608SL	p48	Z11111	278	7.0	90.0	12	1170.107934194463	1170.334814231184
1173.520334771043	0.506880033483867	trials	210608SL	p48	Z11111	275	4.0	90.0	12	1173.6703347710431	1173.8772148045268
1173.9405748390595	0.49692003187192313	trials	210608SL	p48	Z11111	269	13.0	45.0	12	1174.0905748390596	1174.2874948709314
1174.3708949087074	0.5268800367209678	trials	210608SL	p48	Z11111	116	10.0	315.0	4	1174.5208949087075	1174.7477749454283
1174.801174978349	0.5369200383458974	trials	210608SL	p48	Z11111	227	1.0	315.0	8	1174.9511749783492	1175.188095016695
1175.271495054471	0.49688003186565766	trials	210608SL	p48	Z11111	300	14.0	135.0	12	1175.421495054471	1175.6183750863365
1175.6817751208755	0.5268800367209678	trials	210608SL	p48	Z11111	281	10.0	90.0	12	1175.8317751208756	1176.0586551575964
1176.1420551953724	0.49692003187192313	trials	210608SL	p48	Z11111	102	11.0	270.0	4	1176.2920551953725	1176.4889752272443
1176.5723752650204	0.5068800334840944	trials	210608SL	p48	Z11111	156	5.0	90.0	8	1176.7223752650204	1176.9292552985044
1180.0146958221653	0.506880033483867	trials	210608SL	p48	Z11111	332	1.0	270.0	12	1180.1646958221654	1180.371575855649
1180.4249758885696	0.5268800367211952	trials	210608SL	p48	Z11111	305	4.0	180.0	12	1180.5749758885697	1180.8018559252907
1180.8552559582113	0.5369200383458974	trials	210608SL	p48	Z11111	345	14.0	270.0	12	1181.0052559582114	1181.242175996557
1181.3255760343332	0.49688003186565766	trials	210608SL	p48	Z11111	358	12.0	315.0	12	1181.4755760343332	1181.6724560661987
1181.725856099119	0.5368800383398593	trials	210608SL	p48	Z11111	135	14.0	0.0	8	1181.8758560991191	1182.1127361374588
1182.1961761752411	0.4968800318654303	trials	210608SL	p48	Z11111	125	4.0	0.0	8	1182.3461761752412	1182.5430562071065
1182.5964162400205	0.5269200367276881	trials	210608SL	p48	Z11111	326	10.0	225.0	12	1182.7464162400206	1182.9733362767481
1183.036736311287	0.5268800367209678	trials	210608SL	p48	Z11111	211	0.0	270.0	8	1183.1867363112872	1183.413616348008
1186.4089768570893	0.49688003186565766	trials	210608SL	p48	Z11111	234	8.0	315.0	8	1186.5589768570894	1186.755856888955
1186.8192569234939	0.5269200367274607	trials	210608SL	p48	Z11111	206	10.0	225.0	8	1186.969256923494	1187.1961769602212
1187.2795769979973	0.4968800318654303	trials	210608SL	p48	Z11111	244	3.0	0.0	12	1187.4295769979974	1187.6264570298626
1187.6798570627832	0.5369200383461248	trials	210608SL	p48	Z11111	303	2.0	180.0	12	1187.8298570627833	1188.0667771011292
1188.1501771389053	0.49688003186565766	trials	210608SL	p48	Z11111	92	1.0	270.0	4	1188.3001771389054	1188.4970571707709
1188.550417203685	0.5369200383458974	trials	210608SL	p48	Z11111	290	4.0	135.0	12	1188.700417203685	1188.9373372420307
1188.9907372749512	0.5268800367211952	trials	210608SL	p48	Z11111	350	4.0	315.0	12	1189.1407372749513	1189.3676173116723
1189.4210173445927	0.5269200367274607	trials	210608SL	p48	Z11111	159	8.0	90.0	8	1189.5710173445927	1189.79793738132
1192.753257883921	0.5068800334840944	trials	210608SL	p48	Z11111	298	12.0	135.0	12	1192.903257883921	1193.110137917405
1193.173537951944	0.5269200367274607	trials	210608SL	p48	Z11111	261	5.0	45.0	12	1193.323537951944	1193.5504579886713
1193.6338580264473	0.49688003186565766	trials	210608SL	p48	Z11111	82	6.0	225.0	4	1193.7838580264474	1193.980738058313
1194.0741380977074	0.49688003186565766	trials	210608SL	p48	Z11111	43	12.0	90.0	4	1194.2241380977075	1194.421018129573
1194.5044581673553	0.4968800318654303	trials	210608SL	p48	Z11111	199	3.0	225.0	8	1194.6544581673554	1194.8513381992207
1194.9447382386154	0.5269200367274607	trials	210608SL	p48	Z11111	191	10.0	180.0	8	1195.0947382386155	1195.3216582753428
1195.3750183082568	0.5269200367276881	trials	210608SL	p48	Z11111	85	9.0	225.0	4	1195.525018308257	1195.7519383449844
1195.8153383795234	0.5268800367211952	trials	210608SL	p48	Z11111	233	7.0	315.0	8	1195.9653383795235	1196.1922184162445
1199.107538912371	0.5068800334840944	trials	210608SL	p48	Z11111	96	5.0	270.0	4	1199.257538912371	1199.464418945855
1199.527818980394	0.49688003186565766	trials	210608SL	p48	Z11111	50	4.0	135.0	4	1199.677818980394	1199.8746990122595
1199.9280990451798	0.5268800367211952	trials	210608SL	p48	Z11111	357	11.0	315.0	12	1200.07809904518	1200.304979081901
1200.3583791148214	0.4968800318654303	trials	210608SL	p48	Z11111	336	5.0	270.0	12	1200.5083791148215	1200.7052591466868
1200.798699186088	0.4968800318654303	trials	210608SL	p48	Z11111	158	7.0	90.0	8	1200.948699186088	1201.1455792179534
1201.2289792557294	0.49688003186565766	trials	210608SL	p48	Z11111	133	12.0	0.0	8	1201.3789792557295	1201.575859287595
1201.6592593253708	0.5068800334840944	trials	210608SL	p48	Z11111	340	9.0	270.0	12	1201.809259325371	1202.0161393588548
1202.099539396631	0.49688003186565766	trials	210608SL	p48	Z11111	257	1.0	45.0	12	1202.249539396631	1202.4464194284965
1205.411779932722	0.516920035109024	trials	210608SL	p48	Z11111	291	5.0	135.0	12	1205.5617799327222	1205.778699967831
1205.832060000745	0.5269200367274607	trials	210608SL	p48	Z11111	167	1.0	135.0	8	1205.9820600007452	1206.2089800374724
1206.262380070393	0.5268800367211952	trials	210608SL	p48	Z11111	40	9.0	90.0	4	1206.412380070393	1206.639260107114
1206.702660141653	0.5268800367209678	trials	210608SL	p48	Z11111	279	8.0	90.0	12	1206.8526601416531	1207.079540178374
1207.1329402112945	0.5269200367276881	trials	210608SL	p48	Z11111	20	4.0	45.0	4	1207.2829402112945	1207.509860248022
1207.5732202825545	0.5269200367276881	trials	210608SL	p48	Z11111	282	11.0	90.0	12	1207.7232202825546	1207.9501403192821
1208.0035403522024	0.5268800367211952	trials	210608SL	p48	Z11111	301	0.0	180.0	12	1208.1535403522025	1208.3804203889235
1208.453820425081	0.4968800318654303	trials	210608SL	p48	Z11111	90	14.0	225.0	4	1208.603820425081	1208.8007004569463
1211.7560609595537	0.5068800334840944	trials	210608SL	p48	Z11111	152	1.0	90.0	8	1211.9060609595538	1212.1129409930377
1212.166341025958	0.49688003186565766	trials	210608SL	p48	Z11111	264	8.0	45.0	12	1212.316341025958	1212.5132210578236
1212.606621097218	0.49688003186565766	trials	210608SL	p48	Z11111	163	12.0	90.0	8	1212.7566210972182	1212.9535011290836
1213.0369011668597	0.49692003187192313	trials	210608SL	p48	Z11111	319	3.0	225.0	12	1213.1869011668598	1213.3838211987315
1213.4371812316456	0.5269200367274607	trials	210608SL	p48	Z11111	68	7.0	180.0	4	1213.5871812316457	1213.814101268373
1213.8775013029122	0.5268800367207405	trials	210608SL	p48	Z11111	74	13.0	180.0	4	1214.0275013029122	1214.2543813396328
1214.3077813725536	0.5268800367209678	trials	210608SL	p48	Z11111	187	6.0	180.0	8	1214.4577813725537	1214.6846614092744
1214.738061442195	0.5369200383461248	trials	210608SL	p48	Z11111	37	6.0	90.0	4	1214.888061442195	1215.124981480541
1218.1803819993397	0.5068800334840944	trials	210608SL	p48	Z11111	251	10.0	0.0	12	1218.3303819993398	1218.5372620328237
1218.5906620657443	0.49688003186565766	trials	210608SL	p48	Z11111	271	0.0	90.0	12	1218.7406620657443	1218.9375420976098
1219.0209421353857	0.49688003186565766	trials	210608SL	p48	Z11111	188	7.0	180.0	8	1219.1709421353858	1219.3678221672512
1219.4312222017902	0.5269200367274607	trials	210608SL	p48	Z11111	128	7.0	0.0	8	1219.5812222017903	1219.8081422385176
1219.8615022714316	0.5269200367276881	trials	210608SL	p48	Z11111	220	9.0	270.0	8	1220.0115022714317	1220.2384223081592
1220.2918223410798	0.5368800383394046	trials	210608SL	p48	Z11111	237	11.0	315.0	8	1220.4418223410798	1220.678702379419
1220.7321024123398	0.5269200367274607	trials	210608SL	p48	Z11111	189	8.0	180.0	8	1220.88210241234	1221.1090224490672
1221.1623824819812	0.4968800318654303	trials	210608SL	p48	Z11111	104	13.0	270.0	4	1221.3123824819813	1221.5092625138466
1224.5146630245529	0.5068800334840944	trials	210608SL	p48	Z11111	229	3.0	315.0	8	1224.664663024553	1224.8715430580369
1224.924903090951	0.5369200383461248	trials	210608SL	p48	Z11111	130	9.0	0.0	8	1225.074903090951	1225.311823129297
1225.3952231670728	0.49688003186565766	trials	210608SL	p48	Z11111	215	4.0	270.0	8	1225.545223167073	1225.7421031989384
1225.7955032318587	0.5369200383461248	trials	210608SL	p48	Z11111	329	13.0	225.0	12	1225.9455032318588	1226.1824232702047
1226.2658233079808	0.5269200367276881	trials	210608SL	p48	Z11111	175	9.0	135.0	8	1226.4158233079809	1226.6427433447084
1226.6961033776224	0.5369200383461248	trials	210608SL	p48	Z11111	224	13.0	270.0	8	1226.8461033776225	1227.0830234159685
1227.1364234488888	0.5268800367211952	trials	210608SL	p48	Z11111	320	4.0	225.0	12	1227.2864234488889	1227.5133034856099
1227.5767035201488	0.5269200367274607	trials	210608SL	p48	Z11111	222	11.0	270.0	8	1227.726703520149	1227.9536235568762
1230.9589840675762	0.506880033483867	trials	210608SL	p48	Z11111	260	4.0	45.0	12	1231.1089840675763	1231.31586410106
1231.3692641339806	0.5268800367209678	trials	210608SL	p48	Z11111	333	2.0	270.0	12	1231.5192641339806	1231.7461441707014
1231.799544203622	0.5369200383461248	trials	210608SL	p48	Z11111	112	6.0	315.0	4	1231.949544203622	1232.186464241968
1232.2398642748885	0.5268800367209678	trials	210608SL	p48	Z11111	72	11.0	180.0	4	1232.3898642748886	1232.6167443116094
1232.67014434453	0.5369200383461248	trials	210608SL	p48	Z11111	109	3.0	315.0	4	1232.82014434453	1233.057064382876
1233.11042441579	0.5269200367274607	trials	210608SL	p48	Z11111	149	13.0	45.0	8	1233.26042441579	1233.4873444525174
1233.5407044854314	0.49688003186565766	trials	210608SL	p48	Z11111	113	7.0	315.0	4	1233.6907044854315	1233.887584517297
1233.981024556698	0.4968800318654303	trials	210608SL	p48	Z11111	22	6.0	45.0	4	1234.131024556698	1234.3279045885633
1237.313265096026	0.5068800334840944	trials	210608SL	p48	Z11111	58	12.0	135.0	4	1237.4632650960261	1237.67014512951
1237.7235451624306	0.5268800367211952	trials	210608SL	p48	Z11111	267	11.0	45.0	12	1237.8735451624307	1238.1004251991517
1238.153825232072	0.5369200383461248	trials	210608SL	p48	Z11111	297	11.0	135.0	12	1238.303825232072	1238.540745270418
1238.594105303332	0.5269200367274607	trials	210608SL	p48	Z11111	28	12.0	45.0	4	1238.7441053033322	1238.9710253400594
1239.0244253729802	0.5368800383394046	trials	210608SL	p48	Z11111	209	13.0	225.0	8	1239.1744253729803	1239.4113054113195
1239.494745449102	0.49688003186565766	trials	210608SL	p48	Z11111	254	13.0	0.0	12	1239.6447454491022	1239.8416254809677
1239.9350255203622	0.4968800318654303	trials	210608SL	p48	Z11111	323	7.0	225.0	12	1240.0850255203623	1240.2819055522275
1240.3653055900036	0.49688003186565766	trials	210608SL	p48	Z11111	177	11.0	135.0	8	1240.5153055900037	1240.7121856218691
1243.6475061212327	0.5069200334905872	trials	210608SL	p48	Z11111	277	6.0	90.0	12	1243.7975061212328	1244.0044261547232
1244.0577861876372	0.49692003187192313	trials	210608SL	p48	Z11111	343	12.0	270.0	12	1244.2077861876373	1244.404706219509
1244.4680662540418	0.4968800318654303	trials	210608SL	p48	Z11111	5	4.0	0.0	4	1244.6180662540419	1244.8149462859071
1244.8683463188277	0.5269200367274607	trials	210608SL	p48	Z11111	265	9.0	45.0	12	1245.0183463188278	1245.245266355555
1245.298626388469	0.49688003186565766	trials	210608SL	p48	Z11111	335	4.0	270.0	12	1245.4486263884692	1245.6455064203346
1245.7289064581105	0.5069200334905872	trials	210608SL	p48	Z11111	123	2.0	0.0	8	1245.8789064581106	1246.085826491601
1246.139186524515	0.5269200367274607	trials	210608SL	p48	Z11111	77	1.0	225.0	4	1246.2891865245151	1246.5161065612424
1246.569506594163	0.5268800367209678	trials	210608SL	p48	Z11111	240	14.0	315.0	8	1246.719506594163	1246.9463866308838
1249.9217471367283	0.506880033483867	trials	210608SL	p48	Z11111	23	7.0	45.0	4	1250.0717471367284	1250.278627170212
1250.3320272031328	0.5269200367274607	trials	210608SL	p48	Z11111	339	8.0	270.0	12	1250.482027203133	1250.7089472398602
1250.7723072743927	0.5269200367276881	trials	210608SL	p48	Z11111	193	12.0	180.0	8	1250.9223072743928	1251.1492273111203
1251.2026273440406	0.5268800367211952	trials	210608SL	p48	Z11111	325	9.0	225.0	12	1251.3526273440407	1251.5795073807617
1251.6429074153007	0.5269200367274607	trials	210608SL	p48	Z11111	210	14.0	225.0	8	1251.7929074153008	1252.019827452028
1252.073187484942	0.5269200367276881	trials	210608SL	p48	Z11111	64	3.0	180.0	4	1252.2231874849422	1252.4501075216697
1252.5135075562087	0.5268800367209678	trials	210608SL	p48	Z11111	108	2.0	315.0	4	1252.6635075562087	1252.8903875929295
1252.94378762585	0.5269200367276881	trials	210608SL	p48	Z11111	132	11.0	0.0	8	1253.0937876258502	1253.3207076625777
1256.2560281619412	0.5068800334840944	trials	210608SL	p48	Z11111	9	8.0	0.0	4	1256.4060281619413	1256.6129081954252
1256.6763082299642	0.49688003186565766	trials	210608SL	p48	Z11111	286	0.0	135.0	12	1256.8263082299643	1257.0231882618298
1257.1065882996058	0.4968800318654303	trials	210608SL	p48	Z11111	154	3.0	90.0	8	1257.256588299606	1257.4534683314712
1257.5368683692473	0.49688003186565766	trials	210608SL	p48	Z11111	262	6.0	45.0	12	1257.6868683692473	1257.8837484011128
1257.9471484356518	0.5269200367274607	trials	210608SL	p48	Z11111	47	1.0	135.0	4	1258.097148435652	1258.3240684723792
1258.3774285052932	0.5269200367274607	trials	210608SL	p48	Z11111	95	4.0	270.0	4	1258.5274285052933	1258.7543485420206
1258.8177485765596	0.5268800367211952	trials	210608SL	p48	Z11111	69	8.0	180.0	4	1258.9677485765596	1259.1946286132807
1259.2480286462012	0.5269200367274607	trials	210608SL	p48	Z11111	198	2.0	225.0	8	1259.3980286462013	1259.6249486829286
1262.6303091936284	0.5068800334840944	trials	210608SL	p48	Z11111	127	6.0	0.0	8	1262.7803091936285	1262.9871892271124
1263.040589260033	0.5369200383461248	trials	210608SL	p48	Z11111	285	14.0	90.0	12	1263.190589260033	1263.427509298379
1263.4908693329114	0.5069200334903599	trials	210608SL	p48	Z11111	29	13.0	45.0	4	1263.6408693329115	1263.8477893664017
1263.901149399316	0.4968800318654303	trials	210608SL	p48	Z11111	19	3.0	45.0	4	1264.051149399316	1264.2480294311813
1264.3014294641018	0.4968800318654303	trials	210608SL	p48	Z11111	294	8.0	135.0	12	1264.451429464102	1264.6483094959672
1264.7317095337435	0.5269200367274607	trials	210608SL	p48	Z11111	283	12.0	90.0	12	1264.8817095337436	1265.1086295704708
1265.1720296050098	0.5268800367211952	trials	210608SL	p48	Z11111	55	9.0	135.0	4	1265.32202960501	1265.548909641731
1265.6023096746512	0.5269200367274607	trials	210608SL	p48	Z11111	56	10.0	135.0	4	1265.7523096746513	1265.9792297113786
1268.9245502123608	0.5068800334843218	trials	210608SL	p48	Z11111	318	2.0	225.0	12	1269.074550212361	1269.281430245845
1269.364830283621	0.49688003186565766	trials	210608SL	p48	Z11111	182	1.0	180.0	8	1269.514830283621	1269.7117103154865
1269.7651103484068	0.49688003186565766	trials	210608SL	p48	Z11111	138	2.0	45.0	8	1269.9151103484069	1270.1119903802723
1270.2053904196669	0.5269200367276881	trials	210608SL	p48	Z11111	0			0	1270.355390419667	1270.5823104563945
1270.635710489315	0.5268800367209678	trials	210608SL	p48	Z11111	81	5.0	225.0	4	1270.785710489315	1271.0125905260359
1271.0759905605748	0.5269200367276881	trials	210608SL	p48	Z11111	124	3.0	0.0	8	1271.225990560575	1271.4529105973024
1271.5062706302165	0.4968800318652029	trials	210608SL	p48	Z11111	180	14.0	135.0	8	1271.6562706302166	1271.8531506620816
1271.936550699858	0.5069200334905872	trials	210608SL	p48	Z11111	119	13.0	315.0	4	1272.086550699858	1272.2934707333484
1275.3788712570026	0.5069200334905872	trials	210608SL	p48	Z11111	289	3.0	135.0	12	1275.5288712570027	1275.7357912904931
1275.7891513234072	0.49688003186565766	trials	210608SL	p48	Z11111	355	9.0	315.0	12	1275.9391513234073	1276.1360313552727
1276.219471393055	0.5068800334840944	trials	210608SL	p48	Z11111	183	2.0	180.0	8	1276.3694713930552	1276.576351426539
1276.6597514643151	0.5269200367274607	trials	210608SL	p48	Z11111	118	12.0	315.0	4	1276.8097514643152	1277.0366715010425
1277.0900315339566	0.5369200383461248	trials	210608SL	p48	Z11111	360	14.0	315.0	12	1277.2400315339567	1277.4769515723026
1277.5303516052231	0.5268800367209678	trials	210608SL	p48	Z11111	354	8.0	315.0	12	1277.6803516052232	1277.907231641944
1280.1320720263157	0.4968800318652029	trials	210608SL	p48	Z11111	6	5.0	0.0	4	1280.2820720263157	1280.4789520581808
1280.5423520927197	0.5269200367279154	trials	210608SL	p48	Z11111	33	2.0	90.0	4	1280.6923520927198	1280.9192721294476
1282.963992484666	0.5168800351025311	trials	210608SL	p48	Z11111	164	13.0	90.0	8	1283.1139924846661	1283.3308725197685
1283.3842725526893	0.5269200367274607	trials	210608SL	p48	Z11111	317	1.0	225.0	12	1283.5342725526893	1283.7611925894166
1283.8145526223307	0.5269200367274607	trials	210608SL	p48	Z11111	52	6.0	135.0	4	1283.9645526223308	1284.191472659058
1284.254872693597	0.5268800367211952	trials	210608SL	p48	Z11111	309	8.0	180.0	12	1284.404872693597	1284.631752730318
1284.6851527632386	0.5269200367274607	trials	210608SL	p48	Z11111	216	5.0	270.0	8	1284.8351527632387	1285.062072799966
1285.1254328344985	0.5269200367274607	trials	210608SL	p48	Z11111	235	9.0	315.0	8	1285.2754328344986	1285.5023528712259
1285.5557529041466	0.5268800367207405	trials	210608SL	p48	Z11111	16	0.0	45.0	4	1285.7057529041467	1285.9326329408673
1285.986032973788	0.5369200383461248	trials	210608SL	p48	Z11111	348	2.0	315.0	12	1286.1360329737881	1286.372953012134
1289.3082735114976	0.5068800334840944	trials	210608SL	p48	Z11111	192	11.0	180.0	8	1289.4582735114977	1289.6651535449816
1289.7185535779022	0.5268800367211952	trials	210608SL	p48	Z11111	80	4.0	225.0	4	1289.8685535779023	1290.0954336146233
1290.1588336491623	0.5269200367274607	trials	210608SL	p48	Z11111	63	2.0	180.0	4	1290.3088336491624	1290.5357536858896
1290.5891137188037	0.5269200367274607	trials	210608SL	p48	Z11111	228	2.0	315.0	8	1290.7391137188038	1290.966033755531
1291.02943379007	0.5268800367211952	trials	210608SL	p48	Z11111	204	8.0	225.0	8	1291.17943379007	1291.4063138267911
1291.4597138597117	0.5269200367274607	trials	210608SL	p48	Z11111	89	13.0	225.0	4	1291.6097138597117	1291.836633896439
1291.8999939309715	0.5269200367274607	trials	210608SL	p48	Z11111	173	7.0	135.0	8	1292.0499939309716	1292.2769139676989
1292.3303140006196	0.5268800367209678	trials	210608SL	p48	Z11111	59	13.0	135.0	4	1292.4803140006197	1292.7071940373405
1295.7625945561394	0.5069200334905872	trials	210608SL	p48	Z11111	205	9.0	225.0	8	1295.9125945561395	1296.11951458963
1296.2129146290245	0.4968800318654303	trials	210608SL	p48	Z11111	60	14.0	135.0	4	1296.3629146290245	1296.5597946608898
1296.6431946986659	0.49688003186565766	trials	210608SL	p48	Z11111	212	1.0	270.0	8	1296.793194698666	1296.9900747305314
1297.0734747683073	0.5369200383461248	trials	210608SL	p48	Z11111	105	14.0	270.0	4	1297.2234747683074	1297.4603948066533
1297.5437948444294	0.4968800318654303	trials	210608SL	p48	Z11111	327	11.0	225.0	12	1297.6937948444295	1297.8906748762947
1297.984114915696	0.5268800367209678	trials	210608SL	p48	Z11111	24	8.0	45.0	4	1298.134114915696	1298.3609949524168
1298.4143949853374	0.49688003186565766	trials	210608SL	p48	Z11111	306	5.0	180.0	12	1298.5643949853375	1298.761275017203
1298.8546750565974	0.5269200367274607	trials	210608SL	p48	Z11111	27	11.0	45.0	4	1299.0046750565975	1299.2315950933248
1302.2169556007875	0.5068800334840944	trials	210608SL	p48	Z11111	66	5.0	180.0	4	1302.3669556007876	1302.5738356342715
1302.627235667192	0.49688003186565766	trials	210608SL	p48	Z11111	61	0.0	180.0	4	1302.7772356671921	1302.9741156990576
1303.0375157335966	0.5268800367209678	trials	210608SL	p48	Z11111	302	1.0	180.0	12	1303.1875157335967	1303.4143957703175
1303.467795803238	0.5269200367274607	trials	210608SL	p48	Z11111	219	8.0	270.0	8	1303.617795803238	1303.8447158399654
1303.8980758728794	0.5369200383461248	trials	210608SL	p48	Z11111	293	7.0	135.0	12	1304.0480758728795	1304.2849959112255
1304.338395944146	0.5268800367209678	trials	210608SL	p48	Z11111	21	5.0	45.0	4	1304.488395944146	1304.7152759808669
1304.7686760137874	0.49688003186565766	trials	210608SL	p48	Z11111	249	8.0	0.0	12	1304.9186760137875	1305.115556045653
1305.2089560850475	0.5269200367276881	trials	210608SL	p48	Z11111	185	4.0	180.0	8	1305.3589560850476	1305.585876121775
1308.5912366324746	0.5068800334840944	trials	210608SL	p48	Z11111	83	7.0	225.0	4	1308.7412366324747	1308.9481166659587
1309.0015166988792	0.49688003186565766	trials	210608SL	p48	Z11111	304	3.0	180.0	12	1309.1515166988793	1309.3483967307448
1309.4418367701455	0.5268800367211952	trials	210608SL	p48	Z11111	213	2.0	270.0	8	1309.5918367701456	1309.8187168068666
1309.8721168397872	0.5268800367209678	trials	210608SL	p48	Z11111	338	7.0	270.0	12	1310.0221168397873	1310.248996876508
1310.312396911047	0.5269200367276881	trials	210608SL	p48	Z11111	53	7.0	135.0	4	1310.462396911047	1310.6893169477746
1310.7426769806887	0.5269200367274607	trials	210608SL	p48	Z11111	263	7.0	45.0	12	1310.8926769806887	1311.119597017416
1311.1829970519552	0.5268800367209678	trials	210608SL	p48	Z11111	13	12.0	0.0	4	1311.3329970519553	1311.559877088676
1311.6132771215966	0.5269200367274607	trials	210608SL	p48	Z11111	146	10.0	45.0	8	1311.7632771215967	1311.990197158324
1314.945517660925	0.506880033483867	trials	210608SL	p48	Z11111	99	8.0	270.0	4	1315.095517660925	1315.3023976944087
1315.3557977273294	0.5369200383458974	trials	210608SL	p48	Z11111	144	8.0	45.0	8	1315.5057977273295	1315.7427177656753
1315.7960777985893	0.5269200367274607	trials	210608SL	p48	Z11111	7	6.0	0.0	4	1315.9460777985894	1316.1729978353167
1316.2263978682372	0.49688003186565766	trials	210608SL	p48	Z11111	45	14.0	90.0	4	1316.3763978682373	1316.5732779001028
1316.6266379330168	0.5369200383461248	trials	210608SL	p48	Z11111	8	7.0	0.0	4	1316.776637933017	1317.0135579713628
1317.0969580091387	0.49688003186565766	trials	210608SL	p48	Z11111	34	3.0	90.0	4	1317.2469580091388	1317.4438380410043
1317.537278080405	0.5268800367211952	trials	210608SL	p48	Z11111	111	5.0	315.0	4	1317.6872780804051	1317.9141581171261
1317.9875581532838	0.5269200367274607	trials	210608SL	p48	Z11111	101	10.0	270.0	4	1318.1375581532839	1318.3644781900111
1321.3398386958556	0.506880033483867	trials	210608SL	p48	Z11111	344	13.0	270.0	12	1321.4898386958557	1321.6967187293394
1321.75011876226	0.5268800367209678	trials	210608SL	p48	Z11111	197	1.0	225.0	8	1321.90011876226	1322.1269987989808
1322.1803988319016	0.5268800367207405	trials	210608SL	p48	Z11111	15	14.0	0.0	4	1322.3303988319017	1322.5572788686222
1322.6206789031614	0.5269200367274607	trials	210608SL	p48	Z11111	148	12.0	45.0	8	1322.7706789031615	1322.9975989398888
1323.0509989728093	0.5268800367211952	trials	210608SL	p48	Z11111	334	3.0	270.0	12	1323.2009989728094	1323.4278790095304
1323.4912790440694	0.5269200367274607	trials	210608SL	p48	Z11111	226	0.0	315.0	8	1323.6412790440695	1323.8681990807968
1323.9215591137108	0.5269200367274607	trials	210608SL	p48	Z11111	32	1.0	90.0	4	1324.071559113711	1324.2984791504382
1324.3518391833522	0.5069200334905872	trials	210608SL	p48	Z11111	342	11.0	270.0	12	1324.5018391833523	1324.7087592168427
1327.724119729161	0.5068800334840944	trials	210608SL	p48	Z11111	238	12.0	315.0	8	1327.874119729161	1328.080999762645
1328.1343997955655	0.5269200367274607	trials	210608SL	p48	Z11111	0			0	1328.2843997955656	1328.5113198322929
1328.5746798668256	0.5269200367274607	trials	210608SL	p48	Z11111	170	4.0	135.0	8	1328.7246798668257	1328.951599903553
1329.0049999364737	0.5268800367207405	trials	210608SL	p48	Z11111	207	11.0	225.0	8	1329.1549999364738	1329.3818799731944
1329.4452800077333	0.5269200367276881	trials	210608SL	p48	Z11111	166	0.0	135.0	8	1329.5952800077334	1329.822200044461
1329.875560077375	0.5269200367274607	trials	210608SL	p48	Z11111	316	0.0	225.0	12	1330.025560077375	1330.2524801141024
1330.305880147023	0.5368800383396319	trials	210608SL	p48	Z11111	241	0.0	0.0	12	1330.455880147023	1330.6927601853624
1330.746160218283	0.5269200367274607	trials	210608SL	p48	Z11111	201	5.0	225.0	8	1330.896160218283	1331.1230802550103
1334.0484007527557	0.506880033483867	trials	210608SL	p48	Z11111	93	2.0	270.0	4	1334.1984007527558	1334.4052807862395
1334.4586408191535	0.5269200367274607	trials	210608SL	p48	Z11111	71	10.0	180.0	4	1334.6086408191536	1334.8355608558809
1334.8889608888016	0.5368800383394046	trials	210608SL	p48	Z11111	51	5.0	135.0	4	1335.0389608888017	1335.275840927141
1339.3719616143821	0.4968800318654303	trials	210608SL	p48	Z11111	10	9.0	0.0	4	1339.5219616143822	1339.7188416462475
1339.7822416807867	0.4968800318654303	trials	210608SL	p48	Z11111	312	11.0	180.0	12	1339.9322416807868	1340.129121712652
1340.1825217455726	0.4968800318654303	trials	210608SL	p48	Z11111	194	13.0	180.0	8	1340.3325217455726	1340.529401777438
1340.612801815214	0.49688003186565766	trials	210608SL	p48	Z11111	75	14.0	180.0	4	1340.762801815214	1340.9596818470795
1341.0430818848554	0.5369200383461248	trials	210608SL	p48	Z11111	242	1.0	0.0	12	1341.1930818848555	1341.4300019232014
1341.483401956122	0.5268800367209678	trials	210608SL	p48	Z11111	44	13.0	90.0	4	1341.633401956122	1341.8602819928428
1341.9136820257636	0.5369200383458974	trials	210608SL	p48	Z11111	36	5.0	90.0	4	1342.0636820257637	1342.3006020641094
1342.3840021018855	0.5268800367211952	trials	210608SL	p48	Z11111	258	2.0	45.0	12	1342.5340021018856	1342.7608821386066
1345.7562826476942	0.506880033483867	trials	210608SL	p48	Z11111	162	11.0	90.0	8	1345.9062826476943	1346.113162681178
1346.1965627189543	0.4968800318654303	trials	210608SL	p48	Z11111	131	10.0	0.0	8	1346.3465627189544	1346.5434427508196
1346.6368427902144	0.5269200367274607	trials	210608SL	p48	Z11111	140	4.0	45.0	8	1346.7868427902145	1347.0137628269417
1347.067162859862	0.5268800367211952	trials	210608SL	p48	Z11111	287	1.0	135.0	12	1347.2171628598621	1347.4440428965831
1347.5074429311221	0.5269200367274607	trials	210608SL	p48	Z11111	117	11.0	315.0	4	1347.6574429311222	1347.8843629678495
1347.9377230007635	0.5269200367276881	trials	210608SL	p48	Z11111	230	4.0	315.0	8	1348.0877230007636	1348.3146430374911
1348.37804307203	0.5268800367211952	trials	210608SL	p48	Z11111	270	14.0	45.0	12	1348.5280430720302	1348.7549231087512
1348.8083231416717	0.5269200367274607	trials	210608SL	p48	Z11111	232	6.0	315.0	8	1348.9583231416718	1349.185243178399
1352.2606437004351	0.506880033483867	trials	210608SL	p48	Z11111	94	3.0	270.0	4	1352.4106437004352	1352.617523733919
1352.6709237668395	0.5269200367276881	trials	210608SL	p48	Z11111	142	6.0	45.0	8	1352.8209237668395	1353.047843803567
1355.4327642138473	0.5069200334905872	trials	210608SL	p48	Z11111	11	10.0	0.0	4	1355.5827642138474	1355.7896842473378
1355.8530442818706	0.5269200367274607	trials	210608SL	p48	Z11111	39	8.0	90.0	4	1356.0030442818706	1356.229964318598
1356.2833643515185	0.5268800367209678	trials	210608SL	p48	Z11111	165	14.0	90.0	8	1356.4333643515185	1356.6602443882393
1356.7236444227783	0.5269200367279154	trials	210608SL	p48	Z11111	107	1.0	315.0	4	1356.8736444227784	1357.1005644595061
1357.15392449242	0.5269200367276881	trials	210608SL	p48	Z11111	30	14.0	45.0	4	1357.30392449242	1357.5308445291475
1357.5842445620679	0.5368800383396319	trials	210608SL	p48	Z11111	284	13.0	90.0	12	1357.734244562068	1357.9711246004074
1358.024524633328	0.5269200367274607	trials	210608SL	p48	Z11111	160	9.0	90.0	8	1358.174524633328	1358.4014446700553
1358.4548047029693	0.49688003186565766	trials	210608SL	p48	Z11111	273	2.0	90.0	12	1358.6048047029694	1358.801684734835
1361.8070852455412	0.506880033483867	trials	210608SL	p48	Z11111	67	6.0	180.0	4	1361.9570852455413	1362.163965279025
1362.2273653135642	0.5268800367209678	trials	210608SL	p48	Z11111	31	0.0	90.0	4	1362.3773653135643	1362.604245350285
1362.6576453832056	0.5269200367276881	trials	210608SL	p48	Z11111	70	9.0	180.0	4	1362.8076453832057	1363.0345654199332
1363.0879254528472	0.5369200383458974	trials	210608SL	p48	Z11111	14	13.0	0.0	4	1363.2379254528473	1363.474845491193
1363.558245528969	0.4968800318654303	trials	210608SL	p48	Z11111	296	10.0	135.0	12	1363.7082455289692	1363.9051255608344
1363.9885255986105	0.5069200334905872	trials	210608SL	p48	Z11111	65	4.0	180.0	4	1364.1385255986106	1364.345445632101
1364.398805665015	0.5269200367274607	trials	210608SL	p48	Z11111	337	6.0	270.0	12	1364.5488056650152	1364.7757257017424
1364.8491257379	0.5268800367209678	trials	210608SL	p48	Z11111	57	11.0	135.0	4	1364.9991257379002	1365.226005774621
1368.1613662739912	0.5068800334840944	trials	210608SL	p48	Z11111	38	7.0	90.0	4	1368.3113662739913	1368.5182463074752
1368.5816463420142	0.5268800367211952	trials	210608SL	p48	Z11111	62	1.0	180.0	4	1368.7316463420143	1368.9585263787353
1369.0119264116556	0.5268800367211952	trials	210608SL	p48	Z11111	115	9.0	315.0	4	1369.1619264116557	1369.3888064483767
1369.442206481297	0.5369200383461248	trials	210608SL	p48	Z11111	321	5.0	225.0	12	1369.5922064812971	1369.829126519643
1369.8825265525638	0.5268800367207405	trials	210608SL	p48	Z11111	359	13.0	315.0	12	1370.032526552564	1370.2594065892845
1370.3128066222052	0.5369200383461248	trials	210608SL	p48	Z11111	353	7.0	315.0	12	1370.4628066222053	1370.6997266605513
1370.7831266983271	0.49688003186565766	trials	210608SL	p48	Z11111	248	7.0	0.0	12	1370.9331266983272	1371.1300067301927
1371.2134067679685	0.5068800334840944	trials	210608SL	p48	Z11111	147	11.0	45.0	8	1371.3634067679686	1371.5702868014525
1374.5356473056784	0.5068800334840944	trials	210608SL	p48	Z11111	49	3.0	135.0	4	1374.6856473056785	1374.8925273391624
1374.945927372083	0.5369200383458974	trials	210608SL	p48	Z11111	276	5.0	90.0	12	1375.095927372083	1375.3328474104287
1375.4162474482048	0.4968800318654303	trials	210608SL	p48	Z11111	0			0	1375.5662474482049	1375.7631274800701
1375.8164875129842	0.5269200367274607	trials	210608SL	p48	Z11111	186	5.0	180.0	8	1375.9664875129843	1376.1934075497115
1376.256807584251	0.5268800367207405	trials	210608SL	p48	Z11111	196	0.0	225.0	8	1376.406807584251	1376.6336876209716
1376.6870876538924	0.5269200367274607	trials	210608SL	p48	Z11111	243	2.0	0.0	12	1376.8370876538925	1377.0640076906197
1377.1173677235338	0.506880033483867	trials	210608SL	p48	Z11111	42	11.0	90.0	4	1377.2673677235339	1377.4742477570176
1377.5576877948001	0.49688003186565766	trials	210608SL	p48	Z11111	157	6.0	90.0	8	1377.7076877948002	1377.9045678266657
1380.9599683454644	0.5068800334843218	trials	210608SL	p48	Z11111	250	9.0	0.0	12	1381.1099683454645	1381.3168483789486
1381.370248411869	0.5268800367211952	trials	210608SL	p48	Z11111	0			0	1381.520248411869	1381.74712844859
1381.8005284815104	0.5068800334840944	trials	210608SL	p48	Z11111	150	14.0	45.0	8	1381.9505284815104	1382.1574085149944
1382.2408085527704	0.49692003187192313	trials	210608SL	p48	Z11111	328	12.0	225.0	12	1382.3908085527705	1382.5877285846423
1382.6711286224186	0.4968800318652029	trials	210608SL	p48	Z11111	347	1.0	315.0	12	1382.8211286224187	1383.0180086542837
1383.0814086888229	0.5268800367209678	trials	210608SL	p48	Z11111	103	12.0	270.0	4	1383.231408688823	1383.4582887255438
1383.5116887584645	0.5268800367209678	trials	210608SL	p48	Z11111	227	1.0	315.0	8	1383.6616887584646	1383.8885687951854
1383.941968828106	0.506880033483867	trials	210608SL	p48	Z11111	108	2.0	315.0	4	1384.091968828106	1384.2988488615897
1387.4643293982053	0.5069200334903599	trials	210608SL	p48	Z11111	151	0.0	90.0	8	1387.6143293982054	1387.8212494316956
1387.8946494678532	0.5268800367209678	trials	210608SL	p48	Z11111	310	9.0	180.0	12	1388.0446494678533	1388.2715295045741
1388.3649295439689	0.5269200367274607	trials	210608SL	p48	Z11111	75	14.0	180.0	4	1388.514929543969	1388.7418495806962
1388.7952496136168	0.5268800367211952	trials	210608SL	p48	Z11111	226	0.0	315.0	8	1388.9452496136169	1389.1721296503379
1389.2355296848768	0.5269200367274607	trials	210608SL	p48	Z11111	44	13.0	90.0	4	1389.385529684877	1389.6124497216042
1389.6658097545182	0.5269200367274607	trials	210608SL	p48	Z11111	78	2.0	225.0	4	1389.8158097545183	1390.0427297912456
1390.1161298274033	0.5269200367274607	trials	210608SL	p48	Z11111	6	5.0	0.0	4	1390.2661298274033	1390.4930498641306
1390.5564098986633	0.5269200367274607	trials	210608SL	p48	Z11111	318	2.0	225.0	12	1390.7064098986634	1390.9333299353907
1394.0688104671506	0.5068800334840944	trials	210608SL	p48	Z11111	53	7.0	135.0	4	1394.2188104671507	1394.4256905006346
1394.4890905351735	0.49688003186565766	trials	210608SL	p48	Z11111	210	14.0	225.0	8	1394.6390905351736	1394.835970567039
1394.9193706048152	0.5268800367209678	trials	210608SL	p48	Z11111	19	3.0	45.0	4	1395.0693706048153	1395.296250641536
1395.3496506744566	0.5369200383458974	trials	210608SL	p48	Z11111	276	5.0	90.0	12	1395.4996506744567	1395.7365707128024
1395.8199707505787	0.4968800318654303	trials	210608SL	p48	Z11111	346	0.0	315.0	12	1395.9699707505788	1396.166850782444
1396.2502508202201	0.506880033483867	trials	210608SL	p48	Z11111	154	3.0	90.0	8	1396.4002508202202	1396.607130853704
1396.6905708914865	0.49688003186565766	trials	210608SL	p48	Z11111	41	10.0	90.0	4	1396.8405708914865	1397.037450923352
1397.090810956266	0.5269200367274607	trials	210608SL	p48	Z11111	148	12.0	45.0	8	1397.2408109562662	1397.4677309929934
1400.4230514955943	0.5069200334905872	trials	210608SL	p48	Z11111	164	13.0	90.0	8	1400.5730514955944	1400.7799715290848
1400.843331563617	0.5269200367274607	trials	210608SL	p48	Z11111	0			0	1400.9933315636172	1401.2202516003445
1401.2736516332652	0.49688003186565766	trials	210608SL	p48	Z11111	325	9.0	225.0	12	1401.4236516332653	1401.6205316651308
1401.7039317029066	0.5369200383461248	trials	210608SL	p48	Z11111	130	9.0	0.0	8	1401.8539317029067	1402.0908517412527
1402.1442117741667	0.5269200367274607	trials	210608SL	p48	Z11111	228	2.0	315.0	8	1402.2942117741668	1402.521131810894
1402.5745318438148	0.5368800383394046	trials	210608SL	p48	Z11111	257	1.0	45.0	12	1402.724531843815	1402.9614118821542
1403.0448119199302	0.5269200367274607	trials	210608SL	p48	Z11111	237	11.0	315.0	8	1403.1948119199303	1403.4217319566576
1403.4851319911968	0.5269200367274607	trials	210608SL	p48	Z11111	208	12.0	225.0	8	1403.6351319911969	1403.8620520279242
1406.887412541861	0.4968800318654303	trials	210608SL	p48	Z11111	272	1.0	90.0	12	1407.0374125418612	1407.2342925737264
1407.2976926082654	0.5269200367276881	trials	210608SL	p48	Z11111	113	7.0	315.0	4	1407.4476926082655	1407.674612644993
1407.727972677907	0.5269200367274607	trials	210608SL	p48	Z11111	338	7.0	270.0	12	1407.877972677907	1408.1048927146344
1408.1682927491734	0.5268800367211952	trials	210608SL	p48	Z11111	347	1.0	315.0	12	1408.3182927491735	1408.5451727858945
1408.5985728188148	0.5269200367276881	trials	210608SL	p48	Z11111	156	5.0	90.0	8	1408.7485728188149	1408.9754928555424
1409.0288528884562	0.5369200383461248	trials	210608SL	p48	Z11111	161	10.0	90.0	8	1409.1788528884563	1409.4157729268022
1409.469172959723	0.5268800367207405	trials	210608SL	p48	Z11111	330	14.0	225.0	12	1409.619172959723	1409.8460529964436
1409.8994530293644	0.5369200383461248	trials	210608SL	p48	Z11111	203	7.0	225.0	8	1410.0494530293645	1410.2863730677104
1413.3017335800287	0.5068800334840944	trials	210608SL	p48	Z11111	119	13.0	315.0	4	1413.4517335800288	1413.6586136135127
1413.7120136464332	0.506880033483867	trials	210608SL	p48	Z11111	197	1.0	225.0	8	1413.8620136464333	1414.068893679917
1414.1222937128375	0.5269200367276881	trials	210608SL	p48	Z11111	133	12.0	0.0	8	1414.2722937128376	1414.4992137495651
1414.5525737824792	0.5269200367274607	trials	210608SL	p48	Z11111	342	11.0	270.0	12	1414.7025737824792	1414.9294938192065
1414.9828538521206	0.5069200334905872	trials	210608SL	p48	Z11111	132	11.0	0.0	8	1415.1328538521207	1415.339773885611
1415.393133918525	0.5269200367274607	trials	210608SL	p48	Z11111	122	1.0	0.0	8	1415.5431339185252	1415.7700539552525
1415.823453988173	0.4968800318654303	trials	210608SL	p48	Z11111	135	14.0	0.0	8	1415.973453988173	1416.1703340200384
1416.2537340578144	0.5369200383461248	trials	210608SL	p48	Z11111	52	6.0	135.0	4	1416.4037340578145	1416.6406540961605
1419.6560146084787	0.5068800334840944	trials	210608SL	p48	Z11111	214	3.0	270.0	8	1419.8060146084788	1420.0128946419627
1420.0662946748832	0.5068800334840944	trials	210608SL	p48	Z11111	320	4.0	225.0	12	1420.2162946748833	1420.4231747083672
1420.506574746143	0.5269200367276881	trials	210608SL	p48	Z11111	216	5.0	270.0	8	1420.6565747461432	1420.8834947828707
1420.9368948157912	0.5368800383394046	trials	210608SL	p48	Z11111	93	2.0	270.0	4	1421.0868948157913	1421.3237748541305
1421.407214891913	0.49688003186565766	trials	210608SL	p48	Z11111	287	1.0	135.0	12	1421.5572148919132	1421.7540949237787
1421.8474949631732	0.5268800367211952	trials	210608SL	p48	Z11111	351	5.0	315.0	12	1421.9974949631733	1422.2243749998943
1422.2777750328146	0.5269200367276881	trials	210608SL	p48	Z11111	327	11.0	225.0	12	1422.4277750328147	1422.6546950695422
1422.7180951040812	0.5268800367209678	trials	210608SL	p48	Z11111	110	4.0	315.0	4	1422.8680951040812	1423.094975140802
1426.1303756563639	0.5269200367274607	trials	210608SL	p48	Z11111	242	1.0	0.0	12	1426.280375656364	1426.5072956930912
1426.5606557260053	0.5269200367276881	trials	210608SL	p48	Z11111	241	0.0	0.0	12	1426.7106557260054	1426.9375757627329
1426.990935795647	0.5369200383458974	trials	210608SL	p48	Z11111	302	1.0	180.0	12	1427.140935795647	1427.3778558339927
1427.4312558669135	0.5268800367209678	trials	210608SL	p48	Z11111	128	7.0	0.0	8	1427.5812558669136	1427.8081359036344
1427.861535936555	0.5369200383461248	trials	210608SL	p48	Z11111	201	5.0	225.0	8	1428.011535936555	1428.248455974901
1428.301816007815	0.5269200367274607	trials	210608SL	p48	Z11111	281	10.0	90.0	12	1428.451816007815	1428.6787360445423
1428.7321360774629	0.5369200383458974	trials	210608SL	p48	Z11111	11	10.0	0.0	4	1428.882136077463	1429.1190561158087
1429.1724161487227	0.5269200367276881	trials	210608SL	p48	Z11111	207	11.0	225.0	8	1429.3224161487228	1429.5493361854503
1432.504656688051	0.5068800334840944	trials	210608SL	p48	Z11111	68	7.0	180.0	4	1432.654656688051	1432.861536721535
1432.9149367544555	0.5269200367274607	trials	210608SL	p48	Z11111	106	0.0	315.0	4	1433.0649367544556	1433.291856791183
1433.3552168257156	0.5269200367274607	trials	210608SL	p48	Z11111	279	8.0	90.0	12	1433.5052168257157	1433.732136862443
1433.7855368953633	0.49688003186565766	trials	210608SL	p48	Z11111	267	11.0	45.0	12	1433.9355368953634	1434.1324169272289
1434.215816965005	0.5369200383461248	trials	210608SL	p48	Z11111	13	12.0	0.0	4	1434.365816965005	1434.602737003351
1434.656097036265	0.5269200367274607	trials	210608SL	p48	Z11111	185	4.0	180.0	8	1434.806097036265	1435.0330170729924
1435.0964171075314	0.5268800367211952	trials	210608SL	p48	Z11111	91	0.0	270.0	4	1435.2464171075314	1435.4732971442525
1435.5566971820285	0.49692003187192313	trials	210608SL	p48	Z11111	246	5.0	0.0	12	1435.7066971820286	1435.9036172139004
1439.1991777715696	0.5068800334840944	trials	210608SL	p48	Z11111	155	4.0	90.0	8	1439.3491777715697	1439.5560578050536
1439.6094578379739	0.5268800367211952	trials	210608SL	p48	Z11111	294	8.0	135.0	12	1439.759457837974	1439.986337874695
1440.0397379076155	0.5269200367274607	trials	210608SL	p48	Z11111	189	8.0	180.0	8	1440.1897379076156	1440.416657944343
1440.4800179788754	0.49688003186565766	trials	210608SL	p48	Z11111	100	9.0	270.0	4	1440.6300179788755	1440.826898010741
1440.9103380485235	0.5268800367211952	trials	210608SL	p48	Z11111	99	8.0	270.0	4	1441.0603380485236	1441.2872180852446
1441.3506181197836	0.5269200367274607	trials	210608SL	p48	Z11111	234	8.0	315.0	8	1441.5006181197837	1441.727538156511
1441.780898189425	0.5269200367274607	trials	210608SL	p48	Z11111	274	3.0	90.0	12	1441.930898189425	1442.1578182261524
1442.2111782590664	0.5369200383461248	trials	210608SL	p48	Z11111	340	9.0	270.0	12	1442.3611782590665	1442.5980982974124
1446.6041389700738	0.5069200334903599	trials	210608SL	p48	Z11111	198	2.0	225.0	8	1446.7541389700739	1446.961059003564
1447.014419036478	0.49688003186565766	trials	210608SL	p48	Z11111	58	12.0	135.0	4	1447.1644190364782	1447.3612990683437
1447.4246991028826	0.49688003186565766	trials	210608SL	p48	Z11111	181	0.0	180.0	8	1447.5746991028827	1447.7715791347482
1447.8249791676685	0.49688003186565766	trials	210608SL	p48	Z11111	129	8.0	0.0	8	1447.9749791676686	1448.171859199534
1448.235259234073	0.49688003186565766	trials	210608SL	p48	Z11111	114	8.0	315.0	4	1448.3852592340731	1448.5821392659386
1448.635539298859	0.5168800351027585	trials	210608SL	p48	Z11111	344	13.0	270.0	12	1448.785539298859	1449.0024193339616
1449.0558193668821	0.4968800318654303	trials	210608SL	p48	Z11111	337	6.0	270.0	12	1449.2058193668822	1449.4026993987475
1449.4860994365235	0.506880033483867	trials	210608SL	p48	Z11111	146	10.0	45.0	8	1449.6360994365236	1449.8429794700073
1452.8283399774703	0.5068800334840944	trials	210608SL	p48	Z11111	296	10.0	135.0	12	1452.9783399774703	1453.1852200109543
1453.2686600487368	0.4968800318654303	trials	210608SL	p48	Z11111	291	5.0	135.0	12	1453.418660048737	1453.6155400806022
1453.7089401199967	0.5269200367276881	trials	210608SL	p48	Z11111	144	8.0	45.0	8	1453.8589401199968	1454.0858601567243
1454.1392201896383	0.5269200367274607	trials	210608SL	p48	Z11111	1	0.0	0.0	4	1454.2892201896384	1454.5161402263657
1454.5795402609047	0.5268800367211952	trials	210608SL	p48	Z11111	262	6.0	45.0	12	1454.7295402609047	1454.9564202976258
1455.009820330546	0.5268800367211952	trials	210608SL	p48	Z11111	28	12.0	45.0	4	1455.1598203305462	1455.3867003672672
1455.4501004018061	0.5269200367274607	trials	210608SL	p48	Z11111	335	4.0	270.0	12	1455.6001004018062	1455.8270204385335
1455.8804204714543	0.5268800367209678	trials	210608SL	p48	Z11111	145	9.0	45.0	8	1456.0304204714544	1456.2573005081751
1459.2126610107825	0.506880033483867	trials	210608SL	p48	Z11111	139	3.0	45.0	8	1459.3626610107826	1459.5695410442663
1459.6229410771866	0.5368800383398593	trials	210608SL	p48	Z11111	289	3.0	135.0	12	1459.7729410771867	1460.0098211155264
1460.0632211484467	0.5269200367276881	trials	210608SL	p48	Z11111	179	13.0	135.0	8	1460.2132211484468	1460.4401411851743
1460.4935012180883	0.5269200367274607	trials	210608SL	p48	Z11111	15	14.0	0.0	4	1460.6435012180884	1460.8704212548157
1460.9338212893547	0.5268800367211952	trials	210608SL	p48	Z11111	168	2.0	135.0	8	1461.0838212893548	1461.3107013260758
1461.3641013589963	0.5268800367211952	trials	210608SL	p48	Z11111	105	14.0	270.0	4	1461.5141013589964	1461.7409813957174
1461.8043814302564	0.5269200367274607	trials	210608SL	p48	Z11111	219	8.0	270.0	8	1461.9543814302565	1462.1813014669838
1462.234701499904	0.5268800367211952	trials	210608SL	p48	Z11111	117	11.0	315.0	4	1462.3847014999042	1462.6115815366252
1465.4868620262714	0.506880033483867	trials	210608SL	p48	Z11111	317	1.0	225.0	12	1465.6368620262715	1465.8437420597552
1465.897142092676	0.5269200367274607	trials	210608SL	p48	Z11111	64	3.0	180.0	4	1466.047142092676	1466.2740621294033
1466.337422163936	0.49692003187192313	trials	210608SL	p48	Z11111	280	9.0	90.0	12	1466.4874221639361	1466.6843421958079
1466.7677422335837	0.49688003186565766	trials	210608SL	p48	Z11111	184	3.0	180.0	8	1466.9177422335838	1467.1146222654493
1467.1679822983633	0.5269200367274607	trials	210608SL	p48	Z11111	298	12.0	135.0	12	1467.3179822983634	1467.5449023350907
1467.6083023696297	0.5269200367276881	trials	210608SL	p48	Z11111	283	12.0	90.0	12	1467.7583023696297	1467.9852224063573
1468.038582439271	0.5269200367276881	trials	210608SL	p48	Z11111	80	4.0	225.0	4	1468.1885824392712	1468.4155024759987
1468.4688625089127	0.5369200383458974	trials	210608SL	p48	Z11111	358	12.0	315.0	12	1468.6188625089128	1468.8557825472585
1471.8611430579585	0.5069200334905872	trials	210608SL	p48	Z11111	345	14.0	270.0	12	1472.0111430579586	1472.218063091449
1472.3014631292249	0.5268800367211952	trials	210608SL	p48	Z11111	199	3.0	225.0	8	1472.451463129225	1472.678343165946
1472.741743200485	0.5269200367274607	trials	210608SL	p48	Z11111	18	2.0	45.0	4	1472.891743200485	1473.1186632372123
1473.1720232701264	0.5269200367276881	trials	210608SL	p48	Z11111	56	10.0	135.0	4	1473.3220232701265	1473.548943306854
1473.612343341393	0.4968800318654303	trials	210608SL	p48	Z11111	115	9.0	315.0	4	1473.762343341393	1473.9592233732583
1474.0426234110346	0.4968800318652029	trials	210608SL	p48	Z11111	306	5.0	180.0	12	1474.1926234110347	1474.3895034428997
1474.472903480676	0.4968800318654303	trials	210608SL	p48	Z11111	103	12.0	270.0	4	1474.622903480676	1474.8197835125413
1474.8831835470805	0.5269200367274607	trials	210608SL	p48	Z11111	180	14.0	135.0	8	1475.0331835470806	1475.260103583808
1480.5570244654	0.5068800334843218	trials	210608SL	p48	Z11111	27	11.0	45.0	4	1480.7070244654	1480.9139044988842
1480.9673045318045	0.5268800367211952	trials	210608SL	p48	Z11111	86	10.0	225.0	4	1481.1173045318046	1481.3441845685256
1481.3975846014462	0.5369200383458974	trials	210608SL	p48	Z11111	307	6.0	180.0	12	1481.5475846014463	1481.784504639792
1481.867904677568	0.49688003186565766	trials	210608SL	p48	Z11111	300	14.0	135.0	12	1482.0179046775681	1482.2147847094336
1482.3081847488281	0.49688003186565766	trials	210608SL	p48	Z11111	323	7.0	225.0	12	1482.4581847488282	1482.6550647806937
1482.7384648184698	0.49692003187192313	trials	210608SL	p48	Z11111	8	7.0	0.0	4	1482.8884648184699	1483.0853848503416
1483.1387448832556	0.5269200367274607	trials	210608SL	p48	Z11111	131	10.0	0.0	8	1483.2887448832557	1483.515664919983
1483.579064954522	0.5268800367211952	trials	210608SL	p48	Z11111	170	4.0	135.0	8	1483.729064954522	1483.955944991243
1487.0213455116605	0.5169200351087966	trials	210608SL	p48	Z11111	163	12.0	90.0	8	1487.1713455116605	1487.3882655467692
1487.44166557969	0.5268800367209678	trials	210608SL	p48	Z11111	69	8.0	180.0	4	1487.59166557969	1487.8185456164108
1487.8719456493313	0.5268800367211952	trials	210608SL	p48	Z11111	96	5.0	270.0	4	1488.0219456493314	1488.2488256860524
1488.3422657254532	0.49688003186565766	trials	210608SL	p48	Z11111	244	3.0	0.0	12	1488.4922657254533	1488.6891457573188
1488.7725457950949	0.4968800318654303	trials	210608SL	p48	Z11111	348	2.0	315.0	12	1488.922545795095	1489.1194258269602
1489.2128258663547	0.49688003186565766	trials	210608SL	p48	Z11111	248	7.0	0.0	12	1489.3628258663548	1489.5597058982203
1489.6431459360028	0.4968800318654303	trials	210608SL	p48	Z11111	89	13.0	225.0	4	1489.793145936003	1489.9900259678682
1490.083426007263	0.5269200367274607	trials	210608SL	p48	Z11111	81	5.0	225.0	4	1490.233426007263	1490.4603460439903
1493.445706551453	0.5068800334843218	trials	210608SL	p48	Z11111	29	13.0	45.0	4	1493.595706551453	1493.8025865849372
1493.8659466194695	0.5269200367279154	trials	210608SL	p48	Z11111	245	4.0	0.0	12	1494.0159466194696	1494.2428666561973
1494.3262666939731	0.49688003186565766	trials	210608SL	p48	Z11111	311	10.0	180.0	12	1494.4762666939732	1494.6731467258387
1494.7665867652395	0.5268800367211952	trials	210608SL	p48	Z11111	98	7.0	270.0	4	1494.9165867652396	1495.1434668019606
1495.2268668397369	0.5069200334905872	trials	210608SL	p48	Z11111	57	11.0	135.0	4	1495.376866839737	1495.5837868732274
1495.6671869110032	0.49688003186565766	trials	210608SL	p48	Z11111	140	4.0	45.0	8	1495.8171869110033	1496.0140669428688
1496.0974669806446	0.49688003186565766	trials	210608SL	p48	Z11111	202	6.0	225.0	8	1496.2474669806447	1496.4443470125102
1496.5377870519114	0.5268800367207405	trials	210608SL	p48	Z11111	331	0.0	270.0	12	1496.6877870519115	1496.914667088632
1499.8399875863774	0.506880033483867	trials	210608SL	p48	Z11111	77	1.0	225.0	4	1499.9899875863775	1500.1968676198612
1500.250267652782	0.5269200367274607	trials	210608SL	p48	Z11111	235	9.0	315.0	8	1500.400267652782	1500.6271876895094
1500.6805477224234	0.5369200383461248	trials	210608SL	p48	Z11111	12	11.0	0.0	4	1500.8305477224235	1501.0674677607694
1501.1508677985453	0.49688003186565766	trials	210608SL	p48	Z11111	223	12.0	270.0	8	1501.3008677985454	1501.4977478304108
1501.5511478633312	0.5369200383461248	trials	210608SL	p48	Z11111	314	13.0	180.0	12	1501.7011478633312	1501.9380679016772
1502.021467939453	0.49688003186565766	trials	210608SL	p48	Z11111	286	0.0	135.0	12	1502.1714679394531	1502.3683479713186
1502.451748009095	0.5369200383461248	trials	210608SL	p48	Z11111	10	9.0	0.0	4	1502.601748009095	1502.838668047441
1502.8920680803612	0.49688003186565766	trials	210608SL	p48	Z11111	240	14.0	315.0	8	1503.0420680803613	1503.2389481122268
1506.4644686585598	0.506880033483867	trials	210608SL	p48	Z11111	266	10.0	45.0	12	1506.6144686585599	1506.8213486920436
1506.8747087249576	0.49692003187192313	trials	210608SL	p48	Z11111	182	1.0	180.0	8	1507.0247087249577	1507.2216287568294
1507.3050287946057	0.5369200383461248	trials	210608SL	p48	Z11111	45	14.0	90.0	4	1507.4550287946058	1507.6919488329518
1507.7453088658658	0.5269200367274607	trials	210608SL	p48	Z11111	143	7.0	45.0	8	1507.895308865866	1508.1222289025932
1508.1755889355072	0.5269200367274607	trials	210608SL	p48	Z11111	102	11.0	270.0	4	1508.3255889355073	1508.5525089722346
1508.645909011629	0.49688003186565766	trials	210608SL	p48	Z11111	229	3.0	315.0	8	1508.7959090116292	1508.9927890434947
1509.0762290812772	0.5368800383394046	trials	210608SL	p48	Z11111	353	7.0	315.0	12	1509.2262290812773	1509.4631091196165
1509.5165091525369	0.5269200367279154	trials	210608SL	p48	Z11111	169	3.0	135.0	8	1509.666509152537	1509.8934291892647
1512.888789698346	0.506880033483867	trials	210608SL	p48	Z11111	339	8.0	270.0	12	1513.0387896983461	1513.2456697318298
1513.3290697696061	0.5269200367274607	trials	210608SL	p48	Z11111	35	4.0	90.0	4	1513.4790697696062	1513.7059898063335
1513.7593498392475	0.5369200383461248	trials	210608SL	p48	Z11111	134	13.0	0.0	8	1513.9093498392476	1514.1462698775936
1514.2296699153694	0.4968800318652029	trials	210608SL	p48	Z11111	213	2.0	270.0	8	1514.3796699153695	1514.5765499472345
1514.6699899866362	0.5268800367207405	trials	210608SL	p48	Z11111	94	3.0	270.0	4	1514.8199899866363	1515.0468700233569
1515.1002700562772	0.5268800367211952	trials	210608SL	p48	Z11111	196	0.0	225.0	8	1515.2502700562773	1515.4771500929983
1515.5405501275372	0.5269200367274607	trials	210608SL	p48	Z11111	66	5.0	180.0	4	1515.6905501275373	1515.9174701642646
1515.9708701971854	0.5268800367211952	trials	210608SL	p48	Z11111	97	6.0	270.0	4	1516.1208701971855	1516.3477502339065
1519.3231107397505	0.5068800334843218	trials	210608SL	p48	Z11111	359	13.0	315.0	12	1519.4731107397506	1519.6799907732347
1519.733390806155	0.49688003186565766	trials	210608SL	p48	Z11111	17	1.0	45.0	4	1519.8833908061551	1520.0802708380206
1520.1636708757965	0.5369200383461248	trials	210608SL	p48	Z11111	174	8.0	135.0	8	1520.3136708757966	1520.5505909141425
1520.6039509470565	0.5269200367274607	trials	210608SL	p48	Z11111	250	9.0	0.0	12	1520.7539509470566	1520.980870983784
1521.0342710167042	0.5068800334843218	trials	210608SL	p48	Z11111	172	6.0	135.0	8	1521.1842710167043	1521.3911510501885
1521.4745510879643	0.49688003186565766	trials	210608SL	p48	Z11111	256	0.0	45.0	12	1521.6245510879644	1521.8214311198299
1521.9048311576057	0.4969200318723779	trials	210608SL	p48	Z11111	25	9.0	45.0	4	1522.0548311576058	1522.251751189478
1522.3451512288725	0.5268800367211952	trials	210608SL	p48	Z11111	195	14.0	180.0	8	1522.4951512288726	1522.7220312655936
1525.7073917730563	0.5069200334901325	trials	210608SL	p48	Z11111	126	5.0	0.0	8	1525.8573917730564	1526.0643118065464
1526.127671841079	0.5269200367274607	trials	210608SL	p48	Z11111	32	1.0	90.0	4	1526.2776718410792	1526.5045918778064
1526.5579919107272	0.5268800367211952	trials	210608SL	p48	Z11111	48	2.0	135.0	4	1526.7079919107273	1526.9348719474483
1526.9882719803686	0.506880033483867	trials	210608SL	p48	Z11111	171	5.0	135.0	8	1527.1382719803687	1527.3451520138524
1527.4285520516287	0.49688003186565766	trials	210608SL	p48	Z11111	271	0.0	90.0	12	1527.5785520516288	1527.7754320834943
1527.8588721212768	0.4968800318652029	trials	210608SL	p48	Z11111	360	14.0	315.0	12	1528.008872121277	1528.205752153142
1528.2691521876814	0.5268800367207405	trials	210608SL	p48	Z11111	332	1.0	270.0	12	1528.4191521876814	1528.646032224402
1528.7294322621783	0.53692003834567	trials	210608SL	p48	Z11111	149	13.0	45.0	8	1528.8794322621784	1529.1163523005239
1532.1617528177044	0.5168800351025311	trials	210608SL	p48	Z11111	37	6.0	90.0	4	1532.3117528177045	1532.5286328528068
1532.5820328857276	0.5269200367274607	trials	210608SL	p48	Z11111	350	4.0	315.0	12	1532.7320328857277	1532.958952922455
1533.0423529602308	0.506880033483867	trials	210608SL	p48	Z11111	176	10.0	135.0	8	1533.192352960231	1533.3992329937146
1533.4826330314909	0.49688003186565766	trials	210608SL	p48	Z11111	324	8.0	225.0	12	1533.632633031491	1533.8295130633564
1533.8829130962768	0.5269200367279154	trials	210608SL	p48	Z11111	288	2.0	135.0	12	1534.0329130962768	1534.2598331330046
1534.3231931675368	0.5269200367274607	trials	210608SL	p48	Z11111	301	0.0	180.0	12	1534.473193167537	1534.7001132042642
1534.753513237185	0.5268800367207405	trials	210608SL	p48	Z11111	194	13.0	180.0	8	1534.903513237185	1535.1303932739056
1535.1837933068264	0.5369200383461248	trials	210608SL	p48	Z11111	87	11.0	225.0	4	1535.3337933068265	1535.5707133451724
1539.7468740453678	0.506880033483867	trials	210608SL	p48	Z11111	20	4.0	45.0	4	1539.896874045368	1540.1037540788516
1540.1571541117723	0.49688003186565766	trials	210608SL	p48	Z11111	275	4.0	90.0	12	1540.3071541117724	1540.504034143638
1540.557394176552	0.5269200367274607	trials	210608SL	p48	Z11111	14	13.0	0.0	4	1540.707394176552	1540.9343142132793
1540.9877142461996	0.5368800383398593	trials	210608SL	p48	Z11111	36	5.0	90.0	4	1541.1377142461997	1541.3745942845394
1541.4579943223152	0.49688003186565766	trials	210608SL	p48	Z11111	259	3.0	45.0	12	1541.6079943223153	1541.8048743541808
1541.898314393582	0.4968800318652029	trials	210608SL	p48	Z11111	305	4.0	180.0	12	1542.0483143935821	1542.2451944254472
1542.3285944632235	0.4968800318652029	trials	210608SL	p48	Z11111	101	10.0	270.0	4	1542.4785944632235	1542.6754744950886
1542.7588745328649	0.5069200334905872	trials	210608SL	p48	Z11111	84	8.0	225.0	4	1542.908874532865	1543.1157945663554
1546.1311550786736	0.506880033483867	trials	210608SL	p48	Z11111	121	0.0	0.0	8	1546.2811550786737	1546.4880351121574
1546.5814751515586	0.5268800367211952	trials	210608SL	p48	Z11111	297	11.0	135.0	12	1546.7314751515587	1546.9583551882797
1547.0117552212	0.5269200367274607	trials	210608SL	p48	Z11111	42	11.0	90.0	4	1547.1617552212	1547.3886752579274
1547.45203529246	0.5269200367274607	trials	210608SL	p48	Z11111	4	3.0	0.0	4	1547.6020352924602	1547.8289553291875
1547.8823553621082	0.5268800367207405	trials	210608SL	p48	Z11111	85	9.0	225.0	4	1548.0323553621083	1548.2592353988289
1548.3126354317492	0.5369200383461248	trials	210608SL	p48	Z11111	178	12.0	135.0	8	1548.4626354317493	1548.6995554700952
1548.7829555078715	0.49688003186565766	trials	210608SL	p48	Z11111	254	13.0	0.0	12	1548.9329555078716	1549.129835539737
1549.2032355758947	0.4968800318652029	trials	210608SL	p48	Z11111	334	3.0	270.0	12	1549.3532355758948	1549.5501156077598
1552.7355961476123	0.5069200334905872	trials	210608SL	p48	Z11111	211	0.0	270.0	8	1552.8855961476124	1553.0925161811028
1553.1458762140169	0.506880033483867	trials	210608SL	p48	Z11111	333	2.0	270.0	12	1553.295876214017	1553.5027562475007
1553.586156285277	0.5269200367274607	trials	210608SL	p48	Z11111	70	9.0	180.0	4	1553.736156285277	1553.9630763220043
1554.0164763549246	0.5368800383398593	trials	210608SL	p48	Z11111	292	6.0	135.0	12	1554.1664763549247	1554.4033563932644
1554.486796431047	0.4968800318652029	trials	210608SL	p48	Z11111	308	7.0	180.0	12	1554.636796431047	1554.833676462912
1554.8870364958266	0.5269200367270059	trials	210608SL	p48	Z11111	238	12.0	315.0	8	1555.0370364958267	1555.2639565325535
1555.327356567093	0.5268800367207405	trials	210608SL	p48	Z11111	159	8.0	90.0	8	1555.477356567093	1555.7042366038136
1555.7576366367343	0.5269200367274607	trials	210608SL	p48	Z11111	33	2.0	90.0	4	1555.9076366367344	1556.1345566734617
1559.129917182543	0.506880033483867	trials	210608SL	p48	Z11111	264	8.0	45.0	12	1559.2799171825432	1559.4867972160268
1559.5701972538031	0.49688003186565766	trials	210608SL	p48	Z11111	61	0.0	180.0	4	1559.7201972538032	1559.9170772856687
1560.0105173250695	0.49688003186565766	trials	210608SL	p48	Z11111	243	2.0	0.0	12	1560.1605173250696	1560.357397356935
1560.440797394711	0.49688003186565766	trials	210608SL	p48	Z11111	123	2.0	0.0	8	1560.590797394711	1560.7876774265765
1560.8710774643523	0.5068800334843218	trials	210608SL	p48	Z11111	120	14.0	315.0	4	1561.0210774643524	1561.2279574978365
1561.3113575356124	0.49692003187192313	trials	210608SL	p48	Z11111	191	10.0	180.0	8	1561.4613575356125	1561.6582775674842
1561.7116376003983	0.5269200367279154	trials	210608SL	p48	Z11111	263	7.0	45.0	12	1561.8616376003984	1562.088557637126
1562.1419576700464	0.5368800383394046	trials	210608SL	p48	Z11111	95	4.0	270.0	4	1562.2919576700465	1562.5288377083857
1565.7443582531005	0.506880033483867	trials	210608SL	p48	Z11111	2	1.0	0.0	4	1565.8943582531006	1566.1012382865842
1566.1646383211232	0.5269200367279154	trials	210608SL	p48	Z11111	319	3.0	225.0	12	1566.3146383211233	1566.541558357851
1566.594918390765	0.5269200367274607	trials	210608SL	p48	Z11111	249	8.0	0.0	12	1566.7449183907652	1566.9718384274925
1567.0352384620314	0.5268800367207405	trials	210608SL	p48	Z11111	31	0.0	90.0	4	1567.1852384620315	1567.412118498752
1567.4655185316728	0.5269200367274607	trials	210608SL	p48	Z11111	222	11.0	270.0	8	1567.615518531673	1567.8424385684002
1567.9058386029392	0.5268800367211952	trials	210608SL	p48	Z11111	232	6.0	315.0	8	1568.0558386029393	1568.2827186396603
1568.3361186725806	0.49688003186565766	trials	210608SL	p48	Z11111	104	13.0	270.0	4	1568.4861186725807	1568.6829987044462
1568.7363587373602	0.5269200367274607	trials	210608SL	p48	Z11111	315	14.0	180.0	12	1568.8863587373603	1569.1132787740876
1572.108639283169	0.506880033483867	trials	210608SL	p48	Z11111	177	11.0	135.0	8	1572.258639283169	1572.4655193166527
1572.5189193495735	0.5269200367274607	trials	210608SL	p48	Z11111	313	12.0	180.0	12	1572.6689193495736	1572.8958393863008
1572.949199419215	0.49688003186565766	trials	210608SL	p48	Z11111	322	6.0	225.0	12	1573.099199419215	1573.2960794510805
1573.3494794840008	0.5369200383461248	trials	210608SL	p48	Z11111	356	10.0	315.0	12	1573.4994794840009	1573.7363995223468
1573.819799560123	0.4968800318652029	trials	210608SL	p48	Z11111	209	13.0	225.0	8	1573.9697995601232	1574.1666795919882
1574.2600796313832	0.4968800318652029	trials	210608SL	p48	Z11111	293	7.0	135.0	12	1574.4100796313833	1574.6069596632483
1574.6903997010309	0.49688003186565766	trials	210608SL	p48	Z11111	357	11.0	315.0	12	1574.840399701031	1575.0372797328964
1575.1206797706723	0.5068800334843218	trials	210608SL	p48	Z11111	239	13.0	315.0	8	1575.2706797706724	1575.4775598041565
1578.663040344009	0.5069200334905872	trials	210608SL	p48	Z11111	39	8.0	90.0	4	1578.813040344009	1579.0199603774995
1579.1033604152753	0.49688003186565766	trials	210608SL	p48	Z11111	26	10.0	45.0	4	1579.2533604152754	1579.450240447141
1579.5436404865354	0.5269200367274607	trials	210608SL	p48	Z11111	273	2.0	90.0	12	1579.6936404865355	1579.9205605232628
1579.9739205561768	0.5269200367274607	trials	210608SL	p48	Z11111	336	5.0	270.0	12	1580.123920556177	1580.3508405929042
1580.4142406274432	0.5269200367274607	trials	210608SL	p48	Z11111	118	12.0	315.0	4	1580.5642406274433	1580.7911606641705
1580.8445206970846	0.5269200367274607	trials	210608SL	p48	Z11111	326	10.0	225.0	12	1580.9945206970847	1581.221440733812
1581.2848407683514	0.5268800367207405	trials	210608SL	p48	Z11111	217	6.0	270.0	8	1581.4348407683515	1581.661720805072
1581.7151208379928	0.5268800367211952	trials	210608SL	p48	Z11111	116	10.0	315.0	4	1581.865120837993	1582.092000874714
1585.3876014323891	0.5068800334843218	trials	210608SL	p48	Z11111	46	0.0	135.0	4	1585.5376014323892	1585.7444814658734
1585.7978814987937	0.5268800367211952	trials	210608SL	p48	Z11111	265	9.0	45.0	12	1585.9478814987938	1586.1747615355148
1586.228161568435	0.49688003186565766	trials	210608SL	p48	Z11111	109	3.0	315.0	4	1586.3781615684352	1586.5750416003007
1586.6684416396952	0.5269200367274607	trials	210608SL	p48	Z11111	141	5.0	45.0	8	1586.8184416396953	1587.0453616764225
1587.0987617093433	0.5268800367211952	trials	210608SL	p48	Z11111	295	9.0	135.0	12	1587.2487617093434	1587.4756417460644
1587.539041780603	0.52688003672165	trials	210608SL	p48	Z11111	74	13.0	180.0	4	1587.689041780603	1587.9159218173245
1587.9693218502448	0.5269200367274607	trials	210608SL	p48	Z11111	111	5.0	315.0	4	1588.119321850245	1588.3462418869722
1588.3996019198862	0.5069200334905872	trials	210608SL	p48	Z11111	215	4.0	270.0	8	1588.5496019198863	1588.7565219533767
1591.9720024980847	0.5069200334905872	trials	210608SL	p48	Z11111	7	6.0	0.0	4	1592.1220024980848	1592.3289225315752
1592.3822825644893	0.53692003834567	trials	210608SL	p48	Z11111	92	1.0	270.0	4	1592.5322825644894	1592.7692026028349
1592.8526026406112	0.49688003186565766	trials	210608SL	p48	Z11111	162	11.0	90.0	8	1593.0026026406113	1593.1994826724767
1593.2928827118712	0.49692003187192313	trials	210608SL	p48	Z11111	136	0.0	45.0	8	1593.4428827118713	1593.639802743743
1593.723202781519	0.5268800367211952	trials	210608SL	p48	Z11111	329	13.0	225.0	12	1593.873202781519	1594.10008281824
1594.163482852779	0.5269200367279154	trials	210608SL	p48	Z11111	137	1.0	45.0	8	1594.313482852779	1594.5404028895068
1594.5937629224204	0.5269200367279154	trials	210608SL	p48	Z11111	225	14.0	270.0	8	1594.7437629224205	1594.9706829591482
1595.0240829920685	0.5368800383398593	trials	210608SL	p48	Z11111	157	6.0	90.0	8	1595.1740829920686	1595.4109630304083
1598.4964035540688	0.5068800334843218	trials	210608SL	p48	Z11111	309	8.0	180.0	12	1598.646403554069	1598.853283587553
1598.9467236269538	0.5268800367211952	trials	210608SL	p48	Z11111	316	0.0	225.0	12	1599.096723626954	1599.323603663675
1599.4070037014508	0.5369200383461248	trials	210608SL	p48	Z11111	23	7.0	45.0	4	1599.5570037014509	1599.7939237397968
1599.8473237727176	0.5269200367274607	trials	210608SL	p48	Z11111	260	4.0	45.0	12	1599.9973237727177	1600.224243809445
1600.277603842359	0.5369200383461248	trials	210608SL	p48	Z11111	284	13.0	90.0	12	1600.427603842359	1600.664523880705
1600.7179239136253	0.5268800367211952	trials	210608SL	p48	Z11111	268	12.0	45.0	12	1600.8679239136254	1601.0948039503464
1601.1482039832667	0.49688003186565766	trials	210608SL	p48	Z11111	355	9.0	315.0	12	1601.2982039832668	1601.4950840151323
1601.5884840545268	0.5269200367274607	trials	210608SL	p48	Z11111	282	11.0	90.0	12	1601.738484054527	1601.9654040912542
1605.0908446213894	0.506880033483867	trials	210608SL	p48	Z11111	43	12.0	90.0	4	1605.2408446213894	1605.4477246548731
1605.501124687794	0.5269200367274607	trials	210608SL	p48	Z11111	221	10.0	270.0	8	1605.651124687794	1605.8780447245213
1605.9314047574353	0.5269200367274607	trials	210608SL	p48	Z11111	270	14.0	45.0	12	1606.0814047574354	1606.3083247941627
1606.3717248287016	0.5268800367211952	trials	210608SL	p48	Z11111	50	4.0	135.0	4	1606.5217248287017	1606.7486048654227
1606.802004898343	0.5269200367279154	trials	210608SL	p48	Z11111	150	14.0	45.0	8	1606.9520048983431	1607.1789249350709
1607.2422849696031	0.5269200367274607	trials	210608SL	p48	Z11111	79	3.0	225.0	4	1607.3922849696032	1607.6192050063305
1607.6726050392513	0.5268800367211952	trials	210608SL	p48	Z11111	47	1.0	135.0	4	1607.8226050392514	1608.0494850759724
1608.1028851088927	0.5369200383461248	trials	210608SL	p48	Z11111	62	1.0	180.0	4	1608.2528851088928	1608.4898051472387
1611.4451256498392	0.5068800334843218	trials	210608SL	p48	Z11111	112	6.0	315.0	4	1611.5951256498392	1611.8020056833234
1611.8854057210992	0.4969200318723779	trials	210608SL	p48	Z11111	173	7.0	135.0	8	1612.0354057210993	1612.2323257529715
1617.6292866507551	0.5068800334843218	trials	210608SL	p48	Z11111	22	6.0	45.0	4	1617.7792866507552	1617.9861666842394
1618.0395667171597	0.5269200367274607	trials	210608SL	p48	Z11111	165	14.0	90.0	8	1618.1895667171598	1618.416486753887
1618.4798467884198	0.5269200367274607	trials	210608SL	p48	Z11111	40	9.0	90.0	4	1618.6298467884199	1618.8567668251471
1618.910166858068	0.4968800318652029	trials	210608SL	p48	Z11111	24	8.0	45.0	4	1619.060166858068	1619.257046889933
1619.3404469277093	0.5369200383461248	trials	210608SL	p48	Z11111	142	6.0	45.0	8	1619.4904469277094	1619.7273669660553
1619.7807269989694	0.4968800318652029	trials	210608SL	p48	Z11111	88	12.0	225.0	4	1619.9307269989695	1620.1276070308345
1620.1810070637553	0.5269200367274607	trials	210608SL	p48	Z11111	67	6.0	180.0	4	1620.3310070637554	1620.5579271004826
1620.6212871350153	0.5269200367274607	trials	210608SL	p48	Z11111	233	7.0	315.0	8	1620.7712871350154	1620.9982071717427
1624.0035676824423	0.5069200334905872	trials	210608SL	p48	Z11111	82	6.0	225.0	4	1624.1535676824424	1624.3604877159328
1624.4138477488468	0.5269200367274607	trials	210608SL	p48	Z11111	236	10.0	315.0	8	1624.563847748847	1624.7907677855742
1624.8441278184882	0.5369200383461248	trials	210608SL	p48	Z11111	73	12.0	180.0	4	1624.9941278184883	1625.2310478568343
1625.31444789461	0.4969200318723779	trials	210608SL	p48	Z11111	160	9.0	90.0	8	1625.4644478946102	1625.6613679264824
1625.754767965877	0.49688003186565766	trials	210608SL	p48	Z11111	125	4.0	0.0	8	1625.904767965877	1626.1016479977425
1626.1850480355183	0.49688003186565766	trials	210608SL	p48	Z11111	188	7.0	180.0	8	1626.3350480355184	1626.531928067384
1626.5853281003042	0.5369200383461248	trials	210608SL	p48	Z11111	258	2.0	45.0	12	1626.7353281003043	1626.9722481386502
1627.0256081715643	0.5269200367274607	trials	210608SL	p48	Z11111	190	9.0	180.0	8	1627.1756081715644	1627.4025282082916
1630.3878887157548	0.506880033483867	trials	210608SL	p48	Z11111	253	12.0	0.0	12	1630.537888715755	1630.7447687492386
1630.7981687821589	0.5368800383398593	trials	210608SL	p48	Z11111	65	4.0	180.0	4	1630.948168782159	1631.1850488204987
1631.238448853419	0.5269200367274607	trials	210608SL	p48	Z11111	55	9.0	135.0	4	1631.388448853419	1631.6153688901463
1631.6687289230604	0.49688003186565766	trials	210608SL	p48	Z11111	90	14.0	225.0	4	1631.8187289230605	1632.015608954926
1632.1090489943272	0.5268800367207405	trials	210608SL	p48	Z11111	299	13.0	135.0	12	1632.2590489943273	1632.4859290310478
1632.5393290639686	0.5269200367274607	trials	210608SL	p48	Z11111	71	10.0	180.0	4	1632.6893290639687	1632.916249100696
1632.9796091352282	0.5269200367279154	trials	210608SL	p48	Z11111	0			0	1633.1296091352283	1633.356529171956
1633.4099292048763	0.5268800367211952	trials	210608SL	p48	Z11111	107	1.0	315.0	4	1633.5599292048764	1633.7868092415974
1636.6921297361055	0.5168800351025311	trials	210608SL	p48	Z11111	76	0.0	225.0	4	1636.8421297361056	1637.059009771208
1637.1424098089842	0.5269200367274607	trials	210608SL	p48	Z11111	38	7.0	90.0	4	1637.2924098089843	1637.5193298457116
1637.572729878632	0.5368800383398593	trials	210608SL	p48	Z11111	212	1.0	270.0	8	1637.722729878632	1637.9596099169717
1638.0430499547542	0.4968800318652029	trials	210608SL	p48	Z11111	138	2.0	45.0	8	1638.1930499547543	1638.3899299866193
1638.4432900195334	0.5269200367279154	trials	210608SL	p48	Z11111	0			0	1638.5932900195335	1638.8202100562612
1638.8836100908002	0.5268800367211952	trials	210608SL	p48	Z11111	285	14.0	90.0	12	1639.0336100908003	1639.2604901275213
1639.3138901604416	0.5269200367274607	trials	210608SL	p48	Z11111	21	5.0	45.0	4	1639.4638901604417	1639.690810197169
1639.7541702317017	0.5269200367274607	trials	210608SL	p48	Z11111	261	5.0	45.0	12	1639.9041702317018	1640.131090268429
1642.986370754838	0.5068800334843218	trials	210608SL	p48	Z11111	224	13.0	270.0	8	1643.136370754838	1643.3432507883222
1643.3966508212425	0.5268800367211952	trials	210608SL	p48	Z11111	192	11.0	180.0	8	1643.5466508212426	1643.7735308579636
1643.826930890884	0.5068800334843218	trials	210608SL	p48	Z11111	255	14.0	0.0	12	1643.976930890884	1644.1838109243681
1644.2372109572884	0.49688003186565766	trials	210608SL	p48	Z11111	343	12.0	270.0	12	1644.3872109572885	1644.584090989154
1644.6674910269303	0.4968800318652029	trials	210608SL	p48	Z11111	147	11.0	45.0	8	1644.8174910269304	1645.0143710587954
1645.0677710917157	0.5268800367211952	trials	210608SL	p48	Z11111	247	6.0	0.0	12	1645.2177710917158	1645.4446511284368
1645.5080511629758	0.5269200367279154	trials	210608SL	p48	Z11111	49	3.0	135.0	4	1645.6580511629759	1645.8849711997036
1645.9383312326177	0.5269200367274607	trials	210608SL	p48	Z11111	63	2.0	180.0	4	1646.0883312326177	1646.315251269345
1652.923052363105	0.5068800334843218	trials	210608SL	p48	Z11111	252	11.0	0.0	12	1653.073052363105	1653.2799323965892
1653.3333324295095	0.5268800367211952	trials	210608SL	p48	Z11111	3	2.0	0.0	4	1653.4833324295096	1653.7102124662306
1653.7636124991513	0.4968800318652029	trials	210608SL	p48	Z11111	321	5.0	225.0	12	1653.9136124991514	1654.1104925310165
1654.2039325704177	0.4968800318652029	trials	210608SL	p48	Z11111	187	6.0	180.0	8	1654.3539325704178	1654.5508126022828
1654.6141726368155	0.49692003187192313	trials	210608SL	p48	Z11111	277	6.0	90.0	12	1654.7641726368156	1654.9610926686873
1655.0344527048387	0.49692003187192313	trials	210608SL	p48	Z11111	251	10.0	0.0	12	1655.1844527048388	1655.3813727367105
1655.474772776105	0.49688003186565766	trials	210608SL	p48	Z11111	328	12.0	225.0	12	1655.6247727761051	1655.8216528079706
1655.9050528457465	0.49688003186565766	trials	210608SL	p48	Z11111	72	11.0	180.0	4	1656.0550528457466	1656.251932877612
1659.2272933834565	0.506880033483867	trials	210608SL	p48	Z11111	205	9.0	225.0	8	1659.3772933834566	1659.5841734169403
1659.6675734547161	0.49692003187192313	trials	210608SL	p48	Z11111	158	7.0	90.0	8	1659.8175734547162	1660.014493486588
1660.107893525983	0.4968800318652029	trials	210608SL	p48	Z11111	0			0	1660.257893525983	1660.454773557848
1660.5381735956244	0.49688003186565766	trials	210608SL	p48	Z11111	231	5.0	315.0	8	1660.6881735956244	1660.88505362749
1660.9384536604102	0.4968800318652029	trials	210608SL	p48	Z11111	352	6.0	315.0	12	1661.0884536604103	1661.2853336922753
1661.3787337316703	0.4968800318652029	trials	210608SL	p48	Z11111	166	0.0	135.0	8	1661.5287337316704	1661.7256137635354
1661.809053801318	0.49688003186565766	trials	210608SL	p48	Z11111	341	10.0	270.0	12	1661.959053801318	1662.1559338331836
1662.2393338709594	0.5369200383461248	trials	210608SL	p48	Z11111	152	1.0	90.0	8	1662.3893338709595	1662.6262539093054
1665.5515344070445	0.5069200334905872	trials	210608SL	p48	Z11111	206	10.0	225.0	8	1665.7015344070446	1665.908454440535
1665.961814473449	0.5269200367270059	trials	210608SL	p48	Z11111	183	2.0	180.0	8	1666.1118144734492	1666.338734510176
1666.3921345430967	0.5268800367211952	trials	210608SL	p48	Z11111	186	5.0	180.0	8	1666.5421345430968	1666.7690145798178
1666.8324146143568	0.5269200367274607	trials	210608SL	p48	Z11111	312	11.0	180.0	12	1666.982414614357	1667.2093346510842
1667.2626946839982	0.5269200367274607	trials	210608SL	p48	Z11111	349	3.0	315.0	12	1667.4126946839983	1667.6396147207256
1667.6930147536464	0.4968800318652029	trials	210608SL	p48	Z11111	51	5.0	135.0	4	1667.8430147536465	1668.0398947855115
1668.1032548200442	0.5269200367274607	trials	210608SL	p48	Z11111	354	8.0	315.0	12	1668.2532548200443	1668.4801748567716
1668.5335748896919	0.5268800367211952	trials	210608SL	p48	Z11111	60	14.0	135.0	4	1668.683574889692	1668.910454926413
1671.9358554403561	0.5068800334843218	trials	210608SL	p48	Z11111	167	1.0	135.0	8	1672.0858554403562	1672.2927354738404
1672.3461355067607	0.5268800367211952	trials	210608SL	p48	Z11111	269	13.0	45.0	12	1672.4961355067608	1672.7230155434818
1672.7764155764025	0.5369200383461248	trials	210608SL	p48	Z11111	54	8.0	135.0	4	1672.9264155764026	1673.1633356147486
1673.2166956476626	0.5269200367274607	trials	210608SL	p48	Z11111	16	0.0	45.0	4	1673.3666956476627	1673.59361568439
1673.6470157173103	0.5368800383394046	trials	210608SL	p48	Z11111	175	9.0	135.0	8	1673.7970157173104	1674.0338957556496
1674.117295793426	0.49692003187192313	trials	210608SL	p48	Z11111	230	4.0	315.0	8	1674.267295793426	1674.4642158252977
1674.5576158646923	0.49688003186565766	trials	210608SL	p48	Z11111	220	9.0	270.0	8	1674.7076158646923	1674.9044958965578
1674.9878959343337	0.49688003186565766	trials	210608SL	p48	Z11111	153	2.0	90.0	8	1675.1378959343338	1675.3347759661992
1678.3401764769055	0.506880033483867	trials	210608SL	p48	Z11111	30	14.0	45.0	4	1678.4901764769056	1678.6970565103893
1678.7504165433033	0.4969200318723779	trials	210608SL	p48	Z11111	218	7.0	270.0	8	1678.9004165433034	1679.0973365751756
1679.1506966080897	0.5369200383461248	trials	210608SL	p48	Z11111	127	6.0	0.0	8	1679.3006966080898	1679.5376166464357
1679.591016679356	0.5268800367211952	trials	210608SL	p48	Z11111	193	12.0	180.0	8	1679.741016679356	1679.9678967160771
1680.0212967489974	0.5269200367274607	trials	210608SL	p48	Z11111	9	8.0	0.0	4	1680.1712967489975	1680.3982167857248
1680.4615768202575	0.5269200367274607	trials	210608SL	p48	Z11111	59	13.0	135.0	4	1680.6115768202576	1680.8384968569849
1680.8918968899052	0.49688003186565766	trials	210608SL	p48	Z11111	303	2.0	180.0	12	1681.0418968899053	1681.2387769217708
1681.322176959547	0.506880033483867	trials	210608SL	p48	Z11111	83	7.0	225.0	4	1681.4721769595471	1681.6790569930308
1684.6444174972567	0.506880033483867	trials	210608SL	p48	Z11111	5	4.0	0.0	4	1684.7944174972567	1685.0012975307404
1685.0546975636612	0.5368800383394046	trials	210608SL	p48	Z11111	204	8.0	225.0	8	1685.2046975636613	1685.4415776020005
1685.4949776349213	0.5269200367274607	trials	210608SL	p48	Z11111	200	4.0	225.0	8	1685.6449776349214	1685.8718976716486
1685.9252577045627	0.5269200367274607	trials	210608SL	p48	Z11111	34	3.0	90.0	4	1686.0752577045628	1686.30217774129
1686.3955777806846	0.49688003186565766	trials	210608SL	p48	Z11111	278	7.0	90.0	12	1686.5455777806847	1686.7424578125501
1686.825857850326	0.4969200318723779	trials	210608SL	p48	Z11111	290	4.0	135.0	12	1686.975857850326	1687.1727778821983
1687.2661779215923	0.49688003186565766	trials	210608SL	p48	Z11111	124	3.0	0.0	8	1687.4161779215924	1687.6130579534579
1687.6964579912342	0.4968800318652029	trials	210608SL	p48	Z11111	304	3.0	180.0	12	1687.8464579912343	1688.0433380230993
1690.8986185095087	0.506880033483867	trials	210608SL	p48	Z11111	266	10.0	45.0	12	1691.0486185095087	1691.2554985429924
1691.3088985759132	0.4968800318652029	trials	210608SL	p48	Z11111	117	11.0	315.0	4	1691.4588985759133	1691.6557786077783
1691.7191786423173	0.49688003186565766	trials	210608SL	p48	Z11111	65	4.0	180.0	4	1691.8691786423174	1692.0660586741828
1692.1194187070969	0.49692003187192313	trials	210608SL	p48	Z11111	187	6.0	180.0	8	1692.269418707097	1692.4663387389687
1692.5196987718828	0.49688003186565766	trials	210608SL	p48	Z11111	355	9.0	315.0	12	1692.6696987718828	1692.8665788037483
1692.9199788366686	0.5269200367279154	trials	210608SL	p48	Z11111	76	0.0	225.0	4	1693.0699788366687	1693.2968988733965
1693.3502589063105	0.5269200367274607	trials	210608SL	p48	Z11111	359	13.0	315.0	12	1693.5002589063106	1693.7271789430379
1693.7905789775768	0.5268800367211952	trials	210608SL	p48	Z11111	80	4.0	225.0	4	1693.940578977577	1694.167459014298
1697.2028595298598	0.506880033483867	trials	210608SL	p48	Z11111	175	9.0	135.0	8	1697.3528595298599	1697.5597395633436
1699.8846599639132	0.506880033483867	trials	210608SL	p48	Z11111	26	10.0	45.0	4	1700.0346599639133	1700.241539997397
1700.2949400303178	0.5269200367274607	trials	210608SL	p48	Z11111	349	3.0	315.0	12	1700.4449400303179	1700.6718600670451
1700.7652601064397	0.4968800318652029	trials	210608SL	p48	Z11111	183	2.0	180.0	8	1700.9152601064397	1701.1121401383048
1701.195540176081	0.49688003186565766	trials	210608SL	p48	Z11111	246	5.0	0.0	12	1701.3455401760812	1701.5424202079466
1701.6258202457225	0.5069200334905872	trials	210608SL	p48	Z11111	59	13.0	135.0	4	1701.7758202457226	1701.982740279213
1702.0661403169893	0.4968800318652029	trials	210608SL	p48	Z11111	124	3.0	0.0	8	1702.2161403169894	1702.4130203488544
1702.4964203866307	0.4968800318652029	trials	210608SL	p48	Z11111	53	7.0	135.0	4	1702.6464203866308	1702.8433004184958
1702.9067004530352	0.5269200367274607	trials	210608SL	p48	Z11111	55	9.0	135.0	4	1703.0567004530353	1703.2836204897626
1706.1388609761652	0.5069200334905872	trials	210608SL	p48	Z11111	297	11.0	135.0	12	1706.2888609761653	1706.4957810096557
1706.5491410425693	0.5269200367279154	trials	210608SL	p48	Z11111	63	2.0	180.0	4	1706.6991410425694	1706.9260610792971
1706.9794611122175	0.49688003186565766	trials	210608SL	p48	Z11111	86	10.0	225.0	4	1707.1294611122175	1707.326341144083
1707.4197411834775	0.5269200367274607	trials	210608SL	p48	Z11111	168	2.0	135.0	8	1707.5697411834776	1707.796661220205
1707.8700612563625	0.49688003186565766	trials	210608SL	p48	Z11111	236	10.0	315.0	8	1708.0200612563626	1708.216941288228
1708.2703013211421	0.5269200367274607	trials	210608SL	p48	Z11111	326	10.0	225.0	12	1708.4203013211422	1708.6472213578695
1708.740621397264	0.5269200367274607	trials	210608SL	p48	Z11111	81	5.0	225.0	4	1708.890621397264	1709.1175414339914
1709.1709014669054	0.49692003187192313	trials	210608SL	p48	Z11111	327	11.0	225.0	12	1709.3209014669055	1709.5178214987773
1712.5431820127142	0.506880033483867	trials	210608SL	p48	Z11111	119	13.0	315.0	4	1712.6931820127143	1712.900062046198
1712.9534620791187	0.49688003186565766	trials	210608SL	p48	Z11111	62	1.0	180.0	4	1713.1034620791188	1713.3003421109843
1713.3537421439046	0.5268800367211952	trials	210608SL	p48	Z11111	159	8.0	90.0	8	1713.5037421439047	1713.7306221806257
1713.7940222151647	0.49688003186565766	trials	210608SL	p48	Z11111	166	0.0	135.0	8	1713.9440222151648	1714.1409022470302
1714.224302284806	0.49692003187192313	trials	210608SL	p48	Z11111	223	12.0	270.0	8	1714.3743022848062	1714.571222316678
1714.6546223544542	0.506880033483867	trials	210608SL	p48	Z11111	176	10.0	135.0	8	1714.8046223544543	1715.011502387938
1715.0949024257138	0.4968800318661124	trials	210608SL	p48	Z11111	295	9.0	135.0	12	1715.244902425714	1715.4417824575798
1715.5251824953557	0.4968800318652029	trials	210608SL	p48	Z11111	195	14.0	180.0	8	1715.6751824953558	1715.8720625272208
1718.867463036309	0.506880033483867	trials	210608SL	p48	Z11111	342	11.0	270.0	12	1719.017463036309	1719.2243430697927
1719.307743107569	0.4968800318652029	trials	210608SL	p48	Z11111	108	2.0	315.0	4	1719.457743107569	1719.654623139434
1719.7080231723548	0.5368800383394046	trials	210608SL	p48	Z11111	90	14.0	225.0	4	1719.858023172355	1720.0949032106942
1720.1483032436145	0.5269200367279154	trials	210608SL	p48	Z11111	56	10.0	135.0	4	1720.2983032436146	1720.5252232803423
1720.5785833132563	0.5269200367274607	trials	210608SL	p48	Z11111	0			0	1720.7285833132564	1720.9555033499837
1721.0189033845227	0.5268800367211952	trials	210608SL	p48	Z11111	7	6.0	0.0	4	1721.1689033845228	1721.3957834212438
1721.449183454164	0.5269200367274607	trials	210608SL	p48	Z11111	115	9.0	315.0	4	1721.5991834541642	1721.8261034908915
1721.8794635238055	0.5068800334843218	trials	210608SL	p48	Z11111	322	6.0	225.0	12	1722.0294635238056	1722.2363435572897
1725.2717440728516	0.5069200334905872	trials	210608SL	p48	Z11111	99	8.0	270.0	4	1725.4217440728517	1725.628664106342
1725.682024139256	0.5269200367274607	trials	210608SL	p48	Z11111	92	1.0	270.0	4	1725.8320241392562	1726.0589441759835
1726.1123042088975	0.53692003834567	trials	210608SL	p48	Z11111	144	8.0	45.0	8	1726.2623042088976	1726.499224247243
1726.5826242850194	0.49688003186565766	trials	210608SL	p48	Z11111	274	3.0	90.0	12	1726.7326242850195	1726.929504316885
1727.0229443562857	0.49688003186565766	trials	210608SL	p48	Z11111	341	10.0	270.0	12	1727.1729443562858	1727.3698243881513
1727.4532244259271	0.49688003186565766	trials	210608SL	p48	Z11111	20	4.0	45.0	4	1727.6032244259272	1727.8001044577927
1727.883504495569	0.5369200383461248	trials	210608SL	p48	Z11111	38	7.0	90.0	4	1728.033504495569	1728.270424533915
1728.3238245668354	0.5268800367211952	trials	210608SL	p48	Z11111	262	6.0	45.0	12	1728.4738245668354	1728.7007046035565
1731.7461051207365	0.5069200334905872	trials	210608SL	p48	Z11111	0			0	1731.8961051207366	1732.103025154227
1732.156385187141	0.5269200367279154	trials	210608SL	p48	Z11111	265	9.0	45.0	12	1732.3063851871411	1732.5333052238689
1732.5866652567825	0.5269200367279154	trials	210608SL	p48	Z11111	71	10.0	180.0	4	1732.7366652567825	1732.9635852935103
1733.0269853280492	0.5268800367207405	trials	210608SL	p48	Z11111	150	14.0	45.0	8	1733.1769853280493	1733.40386536477
1733.4572653976907	0.5269200367274607	trials	210608SL	p48	Z11111	315	14.0	180.0	12	1733.6072653976908	1733.834185434418
1733.887545467332	0.5369200383461248	trials	210608SL	p48	Z11111	280	9.0	90.0	12	1734.0375454673322	1734.274465505678
1734.3278655385984	0.5268800367211952	trials	210608SL	p48	Z11111	255	14.0	0.0	12	1734.4778655385985	1734.7047455753195
1734.7581456082403	0.53692003834567	trials	210608SL	p48	Z11111	101	10.0	270.0	4	1734.9081456082404	1735.1450656465859
1738.0303461378508	0.506880033483867	trials	210608SL	p48	Z11111	308	7.0	180.0	12	1738.1803461378508	1738.3872261713345
1738.4406262042553	0.5269200367274607	trials	210608SL	p48	Z11111	307	6.0	180.0	12	1738.5906262042554	1738.8175462409827
1738.880906275515	0.5269200367279154	trials	210608SL	p48	Z11111	112	6.0	315.0	4	1739.030906275515	1739.2578263122427
1741.1924666496448	0.506880033483867	trials	210608SL	p48	Z11111	352	6.0	315.0	12	1741.3424666496448	1741.5493466831285
1741.6327467209048	0.53692003834567	trials	210608SL	p48	Z11111	351	5.0	315.0	12	1741.782746720905	1742.0196667592504
1742.0730667921712	0.49688003186565766	trials	210608SL	p48	Z11111	18	2.0	45.0	4	1742.2230667921713	1742.4199468240367
1742.473346856957	0.5268800367211952	trials	210608SL	p48	Z11111	299	13.0	135.0	12	1742.6233468569571	1742.8502268936782
1742.9036269265985	0.5068800334843218	trials	210608SL	p48	Z11111	51	5.0	135.0	4	1743.0536269265986	1743.2605069600827
1743.3439069978585	0.49688003186565766	trials	210608SL	p48	Z11111	131	10.0	0.0	8	1743.4939069978586	1743.690787029724
1743.7742270675067	0.5368800383394046	trials	210608SL	p48	Z11111	245	4.0	0.0	12	1743.9242270675068	1744.161107105846
1744.2445471436286	0.49688003186565766	trials	210608SL	p48	Z11111	293	7.0	135.0	12	1744.3945471436286	1744.5914271754941
1747.6267876910492	0.5069200334905872	trials	210608SL	p48	Z11111	286	0.0	135.0	12	1747.7767876910493	1747.9837077245397
1748.0571077606974	0.49688003186565766	trials	210608SL	p48	Z11111	200	4.0	225.0	8	1748.2071077606975	1748.403987792563
1748.457347825477	0.49692003187192313	trials	210608SL	p48	Z11111	47	1.0	135.0	4	1748.607347825477	1748.8042678573488
1748.8976678967433	0.49688003186565766	trials	210608SL	p48	Z11111	39	8.0	90.0	4	1749.0476678967434	1749.2445479286089
1749.3279479663847	0.49688003186565766	trials	210608SL	p48	Z11111	202	6.0	225.0	8	1749.4779479663848	1749.6748279982503
1749.7282280311706	0.5369200383461248	trials	210608SL	p48	Z11111	13	12.0	0.0	4	1749.8782280311707	1750.1151480695166
1750.1685081024307	0.5269200367274607	trials	210608SL	p48	Z11111	30	14.0	45.0	4	1750.3185081024308	1750.545428139158
1750.598788172072	0.5269200367274607	trials	210608SL	p48	Z11111	0			0	1750.7487881720722	1750.9757082087995
1753.8309886952088	0.506880033483867	trials	210608SL	p48	Z11111	350	4.0	315.0	12	1753.980988695209	1754.1878687286926
1754.251268763232	0.5269200367274607	trials	210608SL	p48	Z11111	136	0.0	45.0	8	1754.401268763232	1754.6281887999594
1754.681548832873	0.5269200367279154	trials	210608SL	p48	Z11111	34	3.0	90.0	4	1754.831548832873	1755.0584688696008
1755.1118289025148	0.5069200334905872	trials	210608SL	p48	Z11111	23	7.0	45.0	4	1755.261828902515	1755.4687489360053
1755.5221089689194	0.5269200367274607	trials	210608SL	p48	Z11111	8	7.0	0.0	4	1755.6721089689195	1755.8990290056468
1755.952429038567	0.5268800367211952	trials	210608SL	p48	Z11111	243	2.0	0.0	12	1756.1024290385672	1756.3293090752882
1756.3827091082085	0.5369200383461248	trials	210608SL	p48	Z11111	330	14.0	225.0	12	1756.5327091082086	1756.7696291465545
1756.8229891794685	0.49688003186565766	trials	210608SL	p48	Z11111	290	4.0	135.0	12	1756.9729891794686	1757.1698692113341
1760.185269723659	0.506880033483867	trials	210608SL	p48	Z11111	36	5.0	90.0	4	1760.3352697236592	1760.5421497571429
1760.6055497916818	0.49688003186565766	trials	210608SL	p48	Z11111	1	0.0	0.0	4	1760.755549791682	1760.9524298235474
1761.0358298613232	0.49688003186565766	trials	210608SL	p48	Z11111	251	10.0	0.0	12	1761.1858298613233	1761.3827098931888
1761.436109926109	0.5268800367211952	trials	210608SL	p48	Z11111	196	0.0	225.0	8	1761.5861099261092	1761.8129899628302
1761.8763899973692	0.5269200367279154	trials	210608SL	p48	Z11111	6	5.0	0.0	4	1762.0263899973693	1762.253310034097
1762.306670067011	0.5269200367270059	trials	210608SL	p48	Z11111	292	6.0	135.0	12	1762.4566700670111	1762.683590103738
1762.7469901382774	0.5268800367207405	trials	210608SL	p48	Z11111	83	7.0	225.0	4	1762.8969901382775	1763.123870174998
1763.1772702079188	0.5269200367274607	trials	210608SL	p48	Z11111	129	8.0	0.0	8	1763.327270207919	1763.5541902446462
1766.5495507537275	0.506880033483867	trials	210608SL	p48	Z11111	24	8.0	45.0	4	1766.6995507537276	1766.9064307872113
1766.959830820132	0.5268800367211952	trials	210608SL	p48	Z11111	178	12.0	135.0	8	1767.1098308201322	1767.3367108568532
1767.3901108897735	0.5369200383461248	trials	210608SL	p48	Z11111	114	8.0	315.0	4	1767.5401108897736	1767.7770309281195
1767.8303909610336	0.5269200367274607	trials	210608SL	p48	Z11111	12	11.0	0.0	4	1767.9803909610337	1768.207310997761
1768.2607110306813	0.5268800367211952	trials	210608SL	p48	Z11111	331	0.0	270.0	12	1768.4107110306813	1768.6375910674024
1768.7009911019413	0.5269200367274607	trials	210608SL	p48	Z11111	305	4.0	180.0	12	1768.8509911019414	1769.0779111386687
1769.1312711715827	0.5269200367279154	trials	210608SL	p48	Z11111	197	1.0	225.0	8	1769.2812711715828	1769.5081912083106
1769.5715912428495	0.5268800367211952	trials	210608SL	p48	Z11111	294	8.0	135.0	12	1769.7215912428496	1769.9484712795706
1772.8737917773155	0.506880033483867	trials	210608SL	p48	Z11111	148	12.0	45.0	8	1773.0237917773156	1773.2306718107993
1773.314111848582	0.49688003186565766	trials	210608SL	p48	Z11111	186	5.0	180.0	8	1773.464111848582	1773.6609918804475
1773.7443919182233	0.5369200383461248	trials	210608SL	p48	Z11111	100	9.0	270.0	4	1773.8943919182234	1774.1313119565693
1774.1846719894834	0.5269200367279154	trials	210608SL	p48	Z11111	137	1.0	45.0	8	1774.3346719894835	1774.5615920262112
1774.6149920591315	0.5368800383398593	trials	210608SL	p48	Z11111	141	5.0	45.0	8	1774.7649920591316	1775.0018720974713
1775.0552721303916	0.5269200367274607	trials	210608SL	p48	Z11111	334	3.0	270.0	12	1775.2052721303917	1775.432192167119
1775.485552200033	0.5269200367274607	trials	210608SL	p48	Z11111	221	10.0	270.0	8	1775.635552200033	1775.8624722367604
1775.9258722712993	0.49688003186565766	trials	210608SL	p48	Z11111	98	7.0	270.0	4	1776.0758722712994	1776.272752303165
1779.2581128106276	0.5068800334843218	trials	210608SL	p48	Z11111	48	2.0	135.0	4	1779.4081128106277	1779.6149928441118
1779.6683928770321	0.5268800367211952	trials	210608SL	p48	Z11111	346	0.0	315.0	12	1779.8183928770322	1780.0452729137533
1780.0986729466736	0.506880033483867	trials	210608SL	p48	Z11111	172	6.0	135.0	8	1780.2486729466737	1780.4555529801573
1780.508953013078	0.49688003186565766	trials	210608SL	p48	Z11111	107	1.0	315.0	4	1780.6589530130782	1780.8558330449437
1780.9091930778577	0.49692003187192313	trials	210608SL	p48	Z11111	181	0.0	180.0	8	1781.0591930778578	1781.2561131097295
1781.3094731426436	0.506880033483867	trials	210608SL	p48	Z11111	158	7.0	90.0	8	1781.4594731426437	1781.6663531761274
1781.7197532090481	0.49688003186565766	trials	210608SL	p48	Z11111	93	2.0	270.0	4	1781.8697532090482	1782.0666332409137
1782.120033273834	0.4968800318652029	trials	210608SL	p48	Z11111	204	8.0	225.0	8	1782.270033273834	1782.466913305699
1785.6924338520325	0.506880033483867	trials	210608SL	p48	Z11111	313	12.0	180.0	12	1785.8424338520326	1786.0493138855163
1786.1127139200553	0.5269200367279154	trials	210608SL	p48	Z11111	288	2.0	135.0	12	1786.2627139200554	1786.489633956783
1786.5429939896967	0.49688003186565766	trials	210608SL	p48	Z11111	311	10.0	180.0	12	1786.6929939896968	1786.8898740215623
1786.943274054483	0.506880033483867	trials	210608SL	p48	Z11111	194	13.0	180.0	8	1787.0932740544831	1787.3001540879668
1787.373554124124	0.5068800334843218	trials	210608SL	p48	Z11111	189	8.0	180.0	8	1787.523554124124	1787.7304341576082
1787.7838341905285	0.5269200367279154	trials	210608SL	p48	Z11111	229	3.0	315.0	8	1787.9338341905286	1788.1607542272563
1788.2141142601704	0.4968800318652029	trials	210608SL	p48	Z11111	169	3.0	135.0	8	1788.3641142601705	1788.5609942920355
1788.644434329818	0.506880033483867	trials	210608SL	p48	Z11111	298	12.0	135.0	12	1788.7944343298182	1789.0013143633018
1792.0467148804823	0.5068800334843218	trials	210608SL	p48	Z11111	247	6.0	0.0	12	1792.1967148804824	1792.4035949139666
1792.4669949485055	0.4968800318652029	trials	210608SL	p48	Z11111	230	4.0	315.0	8	1792.6169949485056	1792.8138749803707
1792.897275018147	0.49688003186565766	trials	210608SL	p48	Z11111	160	9.0	90.0	8	1793.047275018147	1793.2441550500125
1793.3275550877884	0.5069200334905872	trials	210608SL	p48	Z11111	82	6.0	225.0	4	1793.4775550877885	1793.6844751212789
1793.7678751590552	0.4968800318652029	trials	210608SL	p48	Z11111	360	14.0	315.0	12	1793.9178751590553	1794.1147551909203
1794.1981552286966	0.4968800318652029	trials	210608SL	p48	Z11111	95	4.0	270.0	4	1794.3481552286967	1794.5450352605617
1794.6384352999567	0.5269200367270059	trials	210608SL	p48	Z11111	250	9.0	0.0	12	1794.7884352999567	1795.0153553366836
1795.0687553696043	0.5368800383394046	trials	210608SL	p48	Z11111	106	0.0	315.0	4	1795.2187553696044	1795.4556354079436
1798.5711159364669	0.506880033483867	trials	210608SL	p48	Z11111	164	13.0	90.0	8	1798.721115936467	1798.9279959699506
1798.9813960028714	0.4968800318652029	trials	210608SL	p48	Z11111	198	2.0	225.0	8	1799.1313960028715	1799.3282760347365
1799.4216760741315	0.5268800367207405	trials	210608SL	p48	Z11111	325	9.0	225.0	12	1799.5716760741316	1799.7985561108521
1799.851956143773	0.4968800318652029	trials	210608SL	p48	Z11111	357	11.0	315.0	12	1800.001956143773	1800.198836175638
1800.262236210177	0.49688003186565766	trials	210608SL	p48	Z11111	277	6.0	90.0	12	1800.412236210177	1800.6091162420425
1800.6625162749633	0.5268800367207405	trials	210608SL	p48	Z11111	310	9.0	180.0	12	1800.8125162749634	1801.039396311684
1801.0927963446047	0.5269200367274607	trials	210608SL	p48	Z11111	275	4.0	90.0	12	1801.2427963446048	1801.469716381332
1801.5230764142461	0.5369200383461248	trials	210608SL	p48	Z11111	318	2.0	225.0	12	1801.6730764142462	1801.9099964525922
1804.8653569551993	0.5068800334843218	trials	210608SL	p48	Z11111	84	8.0	225.0	4	1805.0153569551994	1805.2222369886836
1805.2755970215972	0.5269200367274607	trials	210608SL	p48	Z11111	270	14.0	45.0	12	1805.4255970215972	1805.6525170583245
1805.7059170912453	0.49688003186565766	trials	210608SL	p48	Z11111	42	11.0	90.0	4	1805.8559170912454	1806.0527971231108
1806.106157156025	0.53692003834567	trials	210608SL	p48	Z11111	193	12.0	180.0	8	1806.256157156025	1806.4930771943705
1806.5464772272912	0.5268800367211952	trials	210608SL	p48	Z11111	358	12.0	315.0	12	1806.6964772272913	1806.9233572640123
1806.9767572969326	0.5369200383461248	trials	210608SL	p48	Z11111	321	5.0	225.0	12	1807.1267572969327	1807.3636773352787
1807.4470773730545	0.49688003186565766	trials	210608SL	p48	Z11111	242	1.0	0.0	12	1807.5970773730546	1807.79395740492
1807.8773574426964	0.5069200334901325	trials	210608SL	p48	Z11111	69	8.0	180.0	4	1808.0273574426965	1808.2342774761864
1811.269637991742	0.5069200334905872	trials	210608SL	p48	Z11111	248	7.0	0.0	12	1811.419637991742	1811.6265580252325
1811.6799180581465	0.5269200367274607	trials	210608SL	p48	Z11111	40	9.0	90.0	4	1811.8299180581466	1812.056838094874
1812.1102381277947	0.4968800318652029	trials	210608SL	p48	Z11111	121	0.0	0.0	8	1812.2602381277948	1812.4571181596598
1812.5505181990543	0.49688003186565766	trials	210608SL	p48	Z11111	339	8.0	270.0	12	1812.7005181990544	1812.8973982309199
1812.9507982638402	0.49688003186565766	trials	210608SL	p48	Z11111	234	8.0	315.0	8	1813.1007982638403	1813.2976782957057
1813.381078333482	0.4968800318652029	trials	210608SL	p48	Z11111	206	10.0	225.0	8	1813.5310783334821	1813.7279583653471
1813.7913583998866	0.5268800367207405	trials	210608SL	p48	Z11111	182	1.0	180.0	8	1813.9413583998867	1814.1682384366072
1814.2216384695275	0.5269200367279154	trials	210608SL	p48	Z11111	180	14.0	135.0	8	1814.3716384695276	1814.5985585062554
1817.9241190687799	0.5069200334905872	trials	210608SL	p48	Z11111	31	0.0	90.0	4	1818.07411906878	1818.2810391022704
1818.3343991351844	0.49688003186565766	trials	210608SL	p48	Z11111	241	0.0	0.0	12	1818.4843991351845	1818.68127916705
1818.7346791999703	0.5369200383461248	trials	210608SL	p48	Z11111	58	12.0	135.0	4	1818.8846791999704	1819.1215992383163
1819.1749592712304	0.5269200367274607	trials	210608SL	p48	Z11111	152	1.0	90.0	8	1819.3249592712305	1819.5518793079577
1819.6052393408718	0.49692003187192313	trials	210608SL	p48	Z11111	312	11.0	180.0	12	1819.7552393408719	1819.9521593727436
1820.0455594121381	0.49688003186565766	trials	210608SL	p48	Z11111	216	5.0	270.0	8	1820.1955594121382	1820.3924394440037
1820.4758394817795	0.49688003186565766	trials	210608SL	p48	Z11111	89	13.0	225.0	4	1820.6258394817796	1820.822719513645
1820.9061195514214	0.5069200334905872	trials	210608SL	p48	Z11111	284	13.0	90.0	12	1821.0561195514215	1821.263039584912
1824.378480113428	0.5068800334843218	trials	210608SL	p48	Z11111	217	6.0	270.0	8	1824.528480113428	1824.7353601469122
1824.8287601863067	0.5269200367274607	trials	210608SL	p48	Z11111	353	7.0	315.0	12	1824.9787601863068	1825.205680223034
1825.2590802559544	0.5268800367211952	trials	210608SL	p48	Z11111	259	3.0	45.0	12	1825.4090802559544	1825.6359602926755
1825.6993603272144	0.5269200367279154	trials	210608SL	p48	Z11111	212	1.0	270.0	8	1825.8493603272145	1826.0762803639423
1826.1296403968563	0.5269200367274607	trials	210608SL	p48	Z11111	271	0.0	90.0	12	1826.2796403968564	1826.5065604335837
1826.559960466504	0.5368800383398593	trials	210608SL	p48	Z11111	267	11.0	45.0	12	1826.709960466504	1826.9468405048437
1827.000240537764	0.5269200367274607	trials	210608SL	p48	Z11111	226	0.0	315.0	8	1827.1502405377641	1827.3771605744914
1827.4305206074055	0.5369200383461248	trials	210608SL	p48	Z11111	157	6.0	90.0	8	1827.5805206074056	1827.8174406457515
1830.9528811775049	0.5069200334905872	trials	210608SL	p48	Z11111	110	4.0	315.0	4	1831.102881177505	1831.3098012109954
1831.3932012487712	0.5068800334843218	trials	210608SL	p48	Z11111	44	13.0	90.0	4	1831.5432012487713	1831.7500812822555
1831.8034813151758	0.49688003186565766	trials	210608SL	p48	Z11111	165	14.0	90.0	8	1831.9534813151758	1832.1503613470413
1832.2037613799616	0.5268800367211952	trials	210608SL	p48	Z11111	190	9.0	180.0	8	1832.3537613799617	1832.5806414166827
1832.6340414496035	0.5268800367207405	trials	210608SL	p48	Z11111	268	12.0	45.0	12	1832.7840414496036	1833.0109214863242
1833.064321519245	0.506880033483867	trials	210608SL	p48	Z11111	162	11.0	90.0	8	1833.214321519245	1833.4212015527287
1833.5046015905045	0.4969200318723779	trials	210608SL	p48	Z11111	179	13.0	135.0	8	1833.6546015905046	1833.8515216223768
1833.9349216601527	0.5068800334843218	trials	210608SL	p48	Z11111	340	9.0	270.0	12	1834.0849216601528	1834.291801693637
1837.337202210817	0.5068800334843218	trials	210608SL	p48	Z11111	302	1.0	180.0	12	1837.487202210817	1837.6940822443012
1837.7574822788401	0.5269200367274607	trials	210608SL	p48	Z11111	201	5.0	225.0	8	1837.9074822788402	1838.1344023155675
1838.1877623484816	0.5269200367274607	trials	210608SL	p48	Z11111	138	2.0	45.0	8	1838.3377623484816	1838.564682385209
1838.628082419748	0.5268800367211952	trials	210608SL	p48	Z11111	191	10.0	180.0	8	1838.778082419748	1839.004962456469
1839.0583624893893	0.5268800367211952	trials	210608SL	p48	Z11111	227	1.0	315.0	8	1839.2083624893894	1839.4352425261104
1839.4886425590307	0.49688003186565766	trials	210608SL	p48	Z11111	256	0.0	45.0	12	1839.6386425590308	1839.8355225908963
1839.8989226254353	0.5269200367279154	trials	210608SL	p48	Z11111	231	5.0	315.0	8	1840.0489226254354	1840.275842662163
1840.3292026950771	0.5269200367274607	trials	210608SL	p48	Z11111	116	10.0	315.0	4	1840.4792026950772	1840.7061227318045
1843.7515232489845	0.49688003186565766	trials	210608SL	p48	Z11111	192	11.0	180.0	8	1843.9015232489846	1844.09840328085
1844.161803315389	0.5268800367211952	trials	210608SL	p48	Z11111	111	5.0	315.0	4	1844.3118033153892	1844.5386833521102
1844.5920833850305	0.5269200367279154	trials	210608SL	p48	Z11111	253	12.0	0.0	12	1844.7420833850306	1844.9690034217583
1845.0323634562906	0.49688003186565766	trials	210608SL	p48	Z11111	3	2.0	0.0	4	1845.1823634562907	1845.3792434881561
1845.4626835259387	0.5268800367207405	trials	210608SL	p48	Z11111	317	1.0	225.0	12	1845.6126835259388	1845.8395635626594
1845.9029635971988	0.5269200367274607	trials	210608SL	p48	Z11111	263	7.0	45.0	12	1846.0529635971989	1846.2798836339261
1846.3332436668402	0.5269200367274607	trials	210608SL	p48	Z11111	281	10.0	90.0	12	1846.4832436668403	1846.7101637035676
1846.803563742962	0.5269200367274607	trials	210608SL	p48	Z11111	46	0.0	135.0	4	1846.9535637429622	1847.1804837796894
1850.416004327641	0.5068800334843218	trials	210608SL	p48	Z11111	57	11.0	135.0	4	1850.5660043276412	1850.7728843611253
1850.8262843940456	0.5068800334843218	trials	210608SL	p48	Z11111	70	9.0	180.0	4	1850.9762843940457	1851.1831644275298
1851.2665644653057	0.4968800318652029	trials	210608SL	p48	Z11111	214	3.0	270.0	8	1851.4165644653058	1851.6134444971708
1851.6968845349538	0.4968800318652029	trials	210608SL	p48	Z11111	273	2.0	90.0	12	1851.846884534954	1852.043764566819
1852.1371646062134	0.49688003186565766	trials	210608SL	p48	Z11111	347	1.0	315.0	12	1852.2871646062135	1852.484044638079
1852.5674446758549	0.49688003186565766	trials	210608SL	p48	Z11111	239	13.0	315.0	8	1852.717444675855	1852.9143247077204
1853.0077647471217	0.5268800367211952	trials	210608SL	p48	Z11111	135	14.0	0.0	8	1853.1577647471217	1853.3846447838428
1853.438044816763	0.5369200383461248	trials	210608SL	p48	Z11111	249	8.0	0.0	12	1853.5880448167632	1853.824964855109
1856.7302453496109	0.4968800318652029	trials	210608SL	p48	Z11111	252	11.0	0.0	12	1856.880245349611	1857.077125381476
1857.1405254160154	0.5269200367270059	trials	210608SL	p48	Z11111	32	1.0	90.0	4	1857.2905254160155	1857.5174454527423
1857.5708054856568	0.5269200367274607	trials	210608SL	p48	Z11111	232	6.0	315.0	8	1857.720805485657	1857.9477255223842
1858.0111255569232	0.5268800367211952	trials	210608SL	p48	Z11111	316	0.0	225.0	12	1858.1611255569233	1858.3880055936443
1858.4414056265646	0.5269200367274607	trials	210608SL	p48	Z11111	218	7.0	270.0	8	1858.5914056265647	1858.818325663292
1858.8716856962064	0.506880033483867	trials	210608SL	p48	Z11111	134	13.0	0.0	8	1859.0216856962065	1859.2285657296902
1859.3120057674728	0.4968800318652029	trials	210608SL	p48	Z11111	170	4.0	135.0	8	1859.4620057674729	1859.658885799338
1859.712245832252	0.5269200367274607	trials	210608SL	p48	Z11111	143	7.0	45.0	8	1859.862245832252	1860.0891658689793
1863.444766436366	0.5068800334843218	trials	210608SL	p48	Z11111	211	0.0	270.0	8	1863.5947664363662	1863.8016464698503
1863.8650465043893	0.5269200367274607	trials	210608SL	p48	Z11111	25	9.0	45.0	4	1864.0150465043894	1864.2419665411167
1864.295366574037	0.5268800367211952	trials	210608SL	p48	Z11111	285	14.0	90.0	12	1864.445366574037	1864.672246610758
1864.7256466436788	0.5369200383461248	trials	210608SL	p48	Z11111	328	12.0	225.0	12	1864.875646643679	1865.1125666820249
1868.348087229976	0.5068800334843218	trials	210608SL	p48	Z11111	199	3.0	225.0	8	1868.4980872299761	1868.7049672634603
1868.7583672963806	0.5268800367211952	trials	210608SL	p48	Z11111	78	2.0	225.0	4	1868.9083672963807	1869.1352473331017
1869.1986473676407	0.5269200367274607	trials	210608SL	p48	Z11111	356	10.0	315.0	12	1869.3486473676408	1869.575567404368
1869.628927437282	0.5269200367274607	trials	210608SL	p48	Z11111	303	2.0	180.0	12	1869.7789274372822	1870.0058474740094
1870.0692475085484	0.5268800367211952	trials	210608SL	p48	Z11111	49	3.0	135.0	4	1870.2192475085485	1870.4461275452695
1870.4995275781903	0.5269200367274607	trials	210608SL	p48	Z11111	96	5.0	270.0	4	1870.6495275781904	1870.8764476149177
1870.9298076478317	0.506880033483867	trials	210608SL	p48	Z11111	222	11.0	270.0	8	1871.0798076478318	1871.2866876813155
1871.3700877190918	0.49692003187192313	trials	210608SL	p48	Z11111	296	10.0	135.0	12	1871.5200877190919	1871.7170077509636
1874.7524082665254	0.506880033483867	trials	210608SL	p48	Z11111	203	7.0	225.0	8	1874.9024082665255	1875.1092883000092
1875.1626483329233	0.49688003186565766	trials	210608SL	p48	Z11111	5	4.0	0.0	4	1875.3126483329233	1875.5095283647888
1875.60296840419	0.5268800367207405	trials	210608SL	p48	Z11111	238	12.0	315.0	8	1875.7529684041901	1875.9798484409107
1876.033248473831	0.5369200383461248	trials	210608SL	p48	Z11111	130	9.0	0.0	8	1876.183248473831	1876.420168512177
1876.4735685450978	0.5268800367211952	trials	210608SL	p48	Z11111	66	5.0	180.0	4	1876.623568545098	1876.850448581819
1876.9038486147392	0.5268800367211952	trials	210608SL	p48	Z11111	276	5.0	90.0	12	1877.0538486147393	1877.2807286514603
1877.3441286859993	0.5269200367274607	trials	210608SL	p48	Z11111	278	7.0	90.0	12	1877.4941286859994	1877.7210487227267
1877.7744087556407	0.4968800318652029	trials	210608SL	p48	Z11111	208	12.0	225.0	8	1877.9244087556408	1878.1212887875058
1881.0766492901134	0.506880033483867	trials	210608SL	p48	Z11111	33	2.0	90.0	4	1881.2266492901135	1881.4335293235972
1881.486929356518	0.4968800318652029	trials	210608SL	p48	Z11111	104	13.0	270.0	4	1881.636929356518	1881.833809388383
1881.9172094261594	0.506880033483867	trials	210608SL	p48	Z11111	41	10.0	90.0	4	1882.0672094261595	1882.2740894596432
1882.3574894974195	0.49692003187192313	trials	210608SL	p48	Z11111	333	2.0	270.0	12	1882.5074894974196	1882.7044095292913
1882.7577695622053	0.5269200367274607	trials	210608SL	p48	Z11111	235	9.0	315.0	8	1882.9077695622054	1883.1346895989327
1883.1980896334717	0.5268800367211952	trials	210608SL	p48	Z11111	220	9.0	270.0	8	1883.3480896334718	1883.5749696701928
1883.6483697063504	0.5269200367274607	trials	210608SL	p48	Z11111	301	0.0	180.0	12	1883.7983697063505	1884.0252897430778
1884.0786497759918	0.5269200367274607	trials	210608SL	p48	Z11111	272	1.0	90.0	12	1884.228649775992	1884.4555698127192
1887.6710903574335	0.5168800351025311	trials	210608SL	p48	Z11111	289	3.0	135.0	12	1887.8210903574336	1888.037970392536
1888.1013704270754	0.5269200367274607	trials	210608SL	p48	Z11111	132	11.0	0.0	8	1888.2513704270755	1888.4782904638028
1888.5316504967168	0.5269200367274607	trials	210608SL	p48	Z11111	228	2.0	315.0	8	1888.6816504967169	1888.9085705334442
1888.9619705663645	0.5268800367211952	trials	210608SL	p48	Z11111	237	11.0	315.0	8	1889.1119705663646	1889.3388506030856
1889.4022506376245	0.5269200367279154	trials	210608SL	p48	Z11111	37	6.0	90.0	4	1889.5522506376246	1889.7791706743524
1891.8939310409069	0.5068800334843218	trials	210608SL	p48	Z11111	291	5.0	135.0	12	1892.043931040907	1892.250811074391
1892.3242111105483	0.5269200367279154	trials	210608SL	p48	Z11111	139	3.0	45.0	8	1892.4742111105484	1892.701131147276
1892.764531181815	0.5268800367207405	trials	210608SL	p48	Z11111	27	11.0	45.0	4	1892.9145311818152	1893.1414112185357
1893.1948112514565	0.5268800367211952	trials	210608SL	p48	Z11111	233	7.0	315.0	8	1893.3448112514566	1893.5716912881776
1893.6350913227166	0.5269200367274607	trials	210608SL	p48	Z11111	343	12.0	270.0	12	1893.7850913227167	1894.012011359444
1894.065371392358	0.5269200367274607	trials	210608SL	p48	Z11111	283	12.0	90.0	12	1894.215371392358	1894.4422914290853
1894.515691465243	0.49688003186565766	trials	210608SL	p48	Z11111	128	7.0	0.0	8	1894.665691465243	1894.8625714971085
1894.9459715348844	0.5369200383461248	trials	210608SL	p48	Z11111	146	10.0	45.0	8	1895.0959715348845	1895.3328915732304
1898.6684921373799	0.506880033483867	trials	210608SL	p48	Z11111	142	6.0	45.0	8	1898.81849213738	1899.0253721708636
1899.0787722037844	0.5369200383461248	trials	210608SL	p48	Z11111	67	6.0	180.0	4	1899.2287722037845	1899.4656922421304
1899.5490922799063	0.49688003186565766	trials	210608SL	p48	Z11111	167	1.0	135.0	8	1899.6990922799064	1899.8959723117719
1899.949332344686	0.5369200383461248	trials	210608SL	p48	Z11111	185	4.0	180.0	8	1900.099332344686	1900.336252383032
1900.3896524159522	0.5268800367211952	trials	210608SL	p48	Z11111	123	2.0	0.0	8	1900.5396524159523	1900.7665324526733
1900.819932485594	0.5269200367274607	trials	210608SL	p48	Z11111	171	5.0	135.0	8	1900.9699324855942	1901.1968525223215
1901.2602125568542	0.5269200367270059	trials	210608SL	p48	Z11111	332	1.0	270.0	12	1901.4102125568543	1901.637132593581
1903.5918129342272	0.506880033483867	trials	210608SL	p48	Z11111	60	14.0	135.0	4	1903.7418129342273	1903.948692967711
1904.0320930054872	0.4968800318652029	trials	210608SL	p48	Z11111	79	3.0	225.0	4	1904.1820930054873	1904.3789730373524
1904.4623730751282	0.5069200334905872	trials	210608SL	p48	Z11111	213	2.0	270.0	8	1904.6123730751283	1904.8192931086187
1904.902693146395	0.5268800367211952	trials	210608SL	p48	Z11111	335	4.0	270.0	12	1905.052693146395	1905.279573183116
1905.3329732160364	0.5369200383461248	trials	210608SL	p48	Z11111	29	13.0	45.0	4	1905.4829732160365	1905.7198932543824
1905.8032932921583	0.49688003186565766	trials	210608SL	p48	Z11111	75	14.0	180.0	4	1905.9532932921584	1906.1501733240239
1906.2435733634184	0.5269200367279154	trials	210608SL	p48	Z11111	54	8.0	135.0	4	1906.3935733634185	1906.6204934001462
1906.6738934330665	0.5268800367207405	trials	210608SL	p48	Z11111	64	3.0	180.0	4	1906.8238934330666	1907.0507734697871
1909.9560939642956	0.506880033483867	trials	210608SL	p48	Z11111	68	7.0	180.0	4	1910.1060939642957	1910.3129739977794
1910.3763740323188	0.5269200367274607	trials	210608SL	p48	Z11111	4	3.0	0.0	4	1910.526374032319	1910.7532940690462
1910.8066541019598	0.5269200367279154	trials	210608SL	p48	Z11111	314	13.0	180.0	12	1910.9566541019599	1911.1835741386876
1911.2369341716017	0.5369200383461248	trials	210608SL	p48	Z11111	97	6.0	270.0	4	1911.3869341716018	1911.6238542099477
1911.7072542477235	0.49688003186565766	trials	210608SL	p48	Z11111	126	5.0	0.0	8	1911.8572542477236	1912.054134279589
1912.1475743189899	0.5268800367211952	trials	210608SL	p48	Z11111	154	3.0	90.0	8	1912.29757431899	1912.524454355711
1912.5778543886317	0.5269200367270059	trials	210608SL	p48	Z11111	45	14.0	90.0	4	1912.7278543886318	1912.9547744253587
1913.0181344598918	0.5269200367270059	trials	210608SL	p48	Z11111	219	8.0	270.0	8	1913.168134459892	1913.3950544966187
1916.3503749992196	0.5069200334905872	trials	210608SL	p48	Z11111	19	3.0	45.0	4	1916.5003749992197	1916.7072950327101
1916.7606550656242	0.5269200367274607	trials	210608SL	p48	Z11111	184	3.0	180.0	8	1916.9106550656243	1917.1375751023515
1917.1909751352723	0.5368800383394046	trials	210608SL	p48	Z11111	287	1.0	135.0	12	1917.3409751352724	1917.5778551736116
1917.6312552065324	0.5269200367274607	trials	210608SL	p48	Z11111	300	14.0	135.0	12	1917.7812552065325	1918.0081752432598
1918.0615352761738	0.53692003834567	trials	210608SL	p48	Z11111	21	5.0	45.0	4	1918.211535276174	1918.4484553145194
1918.5318553522957	0.49688003186565766	trials	210608SL	p48	Z11111	140	4.0	45.0	8	1918.6818553522958	1918.8787353841612
1918.9321354170816	0.5369200383461248	trials	210608SL	p48	Z11111	125	4.0	0.0	8	1919.0821354170816	1919.3190554554276
1919.3724154883416	0.5269200367274607	trials	210608SL	p48	Z11111	258	2.0	45.0	12	1919.5224154883417	1919.749335525069
1922.8847760568228	0.5069200334901325	trials	210608SL	p48	Z11111	348	2.0	315.0	12	1923.034776056823	1923.2416960903129
1923.3050561248456	0.49692003187192313	trials	210608SL	p48	Z11111	2	1.0	0.0	4	1923.4550561248457	1923.6519761567174
1923.7053361896315	0.49688003186565766	trials	210608SL	p48	Z11111	77	1.0	225.0	4	1923.8553361896315	1924.052216221497
1924.1056162544173	0.49688003186565766	trials	210608SL	p48	Z11111	105	14.0	270.0	4	1924.2556162544174	1924.452496286283
1924.5058963192032	0.5068800334843218	trials	210608SL	p48	Z11111	240	14.0	315.0	8	1924.6558963192033	1924.8627763526874
1924.936176388845	0.4968800318652029	trials	210608SL	p48	Z11111	127	6.0	0.0	8	1925.0861763888452	1925.2830564207102
1925.3764564601047	0.5269200367274607	trials	210608SL	p48	Z11111	61	0.0	180.0	4	1925.5264564601048	1925.753376496832
1925.8367765346084	0.506880033483867	trials	210608SL	p48	Z11111	354	8.0	315.0	12	1925.9867765346085	1926.1936565680921
1929.1790170755553	0.5069200334905872	trials	210608SL	p48	Z11111	35	4.0	90.0	4	1929.3290170755554	1929.5359371090458
1929.5892971419594	0.5269200367274607	trials	210608SL	p48	Z11111	17	1.0	45.0	4	1929.7392971419595	1929.9662171786867
1930.0195772116012	0.53692003834567	trials	210608SL	p48	Z11111	215	4.0	270.0	8	1930.1695772116013	1930.4064972499468
1930.4898972877231	0.4968800318652029	trials	210608SL	p48	Z11111	88	12.0	225.0	4	1930.6398972877232	1930.8367773195882
1930.9201773573645	0.5069200334905872	trials	210608SL	p48	Z11111	149	13.0	45.0	8	1931.0701773573646	1931.277097390855
1931.3604974286309	0.49688003186565766	trials	210608SL	p48	Z11111	43	12.0	90.0	4	1931.510497428631	1931.7073774604964
1931.7607774934172	0.5268800367207405	trials	210608SL	p48	Z11111	72	11.0	180.0	4	1931.9107774934173	1932.1376575301379
1932.2010575646768	0.49688003186565766	trials	210608SL	p48	Z11111	85	9.0	225.0	4	1932.351057564677	1932.5479375965424
1935.6033381153416	0.5069200334901325	trials	210608SL	p48	Z11111	156	5.0	90.0	8	1935.7533381153416	1935.9602581488316
1936.0136181817456	0.5269200367274607	trials	210608SL	p48	Z11111	113	7.0	315.0	4	1936.1636181817457	1936.390538218473
1936.443898251387	0.4969200318723779	trials	210608SL	p48	Z11111	133	12.0	0.0	8	1936.5938982513871	1936.7908182832593
1936.8742183210352	0.506880033483867	trials	210608SL	p48	Z11111	87	11.0	225.0	4	1937.0242183210353	1937.231098354519
1937.3144983922953	0.49688003186565766	trials	210608SL	p48	Z11111	73	12.0	180.0	4	1937.4644983922954	1937.6613784241608
1937.7447784619367	0.5069200334905872	trials	210608SL	p48	Z11111	145	9.0	45.0	8	1937.8947784619368	1938.1016984954272
1938.185098533203	0.49688003186565766	trials	210608SL	p48	Z11111	329	13.0	225.0	12	1938.335098533203	1938.5319785650686
1938.6153786028444	0.5369200383461248	trials	210608SL	p48	Z11111	15	14.0	0.0	4	1938.7653786028445	1939.0022986411905
1941.9876591486532	0.5068800334843218	trials	210608SL	p48	Z11111	122	1.0	0.0	8	1942.1376591486533	1942.3445391821374
1942.3979392150577	0.49688003186565766	trials	210608SL	p48	Z11111	224	13.0	270.0	8	1942.5479392150578	1942.7448192469233
1942.8382192863178	0.49688003186565766	trials	210608SL	p48	Z11111	279	8.0	90.0	12	1942.9882192863179	1943.1850993181833
1943.2684993559592	0.49688003186565766	trials	210608SL	p48	Z11111	306	5.0	180.0	12	1943.4184993559593	1943.6153793878248
1943.6988194256073	0.506880033483867	trials	210608SL	p48	Z11111	50	4.0	135.0	4	1943.8488194256074	1944.055699459091
1944.1390994968674	0.4968800318652029	trials	210608SL	p48	Z11111	344	13.0	270.0	12	1944.2890994968675	1944.4859795287325
1944.5693795665088	0.5369200383461248	trials	210608SL	p48	Z11111	10	9.0	0.0	4	1944.719379566509	1944.9562996048548
1945.0096996377752	0.5268800367211952	trials	210608SL	p48	Z11111	177	11.0	135.0	8	1945.1596996377752	1945.3865796744963
1948.371940181959	0.506880033483867	trials	210608SL	p48	Z11111	324	8.0	225.0	12	1948.521940181959	1948.7288202154427
1948.7922202499822	0.5269200367274607	trials	210608SL	p48	Z11111	28	12.0	45.0	4	1948.9422202499823	1949.1691402867095
1949.2225403196298	0.5268800367211952	trials	210608SL	p48	Z11111	0			0	1949.37254031963	1949.599420356351
1949.66282039089	0.5269200367274607	trials	210608SL	p48	Z11111	147	11.0	45.0	8	1949.81282039089	1950.0397404276173
1951.9743807650198	0.5168800351025311	trials	210608SL	p48	Z11111	155	4.0	90.0	8	1952.1243807650199	1952.3412608001222
1952.4046608346612	0.4968800318652029	trials	210608SL	p48	Z11111	14	13.0	0.0	4	1952.5546608346613	1952.7515408665263
1952.8349409043026	0.5269200367274607	trials	210608SL	p48	Z11111	52	6.0	135.0	4	1952.9849409043027	1953.21186094103
1953.2652609739507	0.4968800318652029	trials	210608SL	p48	Z11111	244	3.0	0.0	12	1953.4152609739508	1953.6121410058158
1953.6755010403485	0.5269200367274607	trials	210608SL	p48	Z11111	9	8.0	0.0	4	1953.8255010403486	1954.052421077076
1954.1058211099962	0.5268800367211952	trials	210608SL	p48	Z11111	320	4.0	225.0	12	1954.2558211099963	1954.4827011467173
1954.5461011812563	0.5269200367279154	trials	210608SL	p48	Z11111	207	11.0	225.0	8	1954.6961011812564	1954.9230212179841
1954.9763812508977	0.5269200367279154	trials	210608SL	p48	Z11111	94	3.0	270.0	4	1955.1263812508978	1955.3533012876255
1958.498741820997	0.5069200334905872	trials	210608SL	p48	Z11111	260	4.0	45.0	12	1958.6487418209972	1958.8556618544876
1958.939061892264	0.49688003186565766	trials	210608SL	p48	Z11111	209	13.0	225.0	8	1959.089061892264	1959.2859419241295
1959.3693419619053	0.5069200334905872	trials	210608SL	p48	Z11111	102	11.0	270.0	4	1959.5193419619054	1959.7262619953958
1959.8096620331717	0.49688003186565766	trials	210608SL	p48	Z11111	161	10.0	90.0	8	1959.9596620331718	1960.1565420650372
1960.2099020979513	0.5269200367274607	trials	210608SL	p48	Z11111	103	12.0	270.0	4	1960.3599020979514	1960.5868221346786
1960.6502221692176	0.5268800367211952	trials	210608SL	p48	Z11111	11	10.0	0.0	4	1960.8002221692177	1961.0271022059387
1961.080502238859	0.5269200367279154	trials	210608SL	p48	Z11111	225	14.0	270.0	8	1961.2305022388591	1961.4574222755869
1961.510782308501	0.5369200383461248	trials	210608SL	p48	Z11111	74	13.0	180.0	4	1961.660782308501	1961.897702346847
1964.9331028624083	0.5068800334843218	trials	210608SL	p48	Z11111	304	3.0	180.0	12	1965.0831028624084	1965.2899828958925
1965.3433829288128	0.5268800367211952	trials	210608SL	p48	Z11111	205	9.0	225.0	8	1965.493382928813	1965.720262965534
1965.783663000073	0.5269200367274607	trials	210608SL	p48	Z11111	163	12.0	90.0	8	1965.933663000073	1966.1605830368003
1966.213983069721	0.5268800367207405	trials	210608SL	p48	Z11111	151	0.0	90.0	8	1966.3639830697211	1966.5908631064417
1966.6542631409807	0.5268800367211952	trials	210608SL	p48	Z11111	282	11.0	90.0	12	1966.8042631409808	1967.0311431777018
1967.0845432106225	0.5269200367274607	trials	210608SL	p48	Z11111	264	8.0	45.0	12	1967.2345432106226	1967.46146324735
1967.5248232818826	0.5269200367274607	trials	210608SL	p48	Z11111	257	1.0	45.0	12	1967.6748232818827	1967.90174331861
1967.9551433515303	0.5268800367211952	trials	210608SL	p48	Z11111	309	8.0	180.0	12	1968.1051433515304	1968.3320233882514
1971.3374238989577	0.506880033483867	trials	210608SL	p48	Z11111	254	13.0	0.0	12	1971.4874238989578	1971.6943039324415
1971.757703966981	0.5268800367207405	trials	210608SL	p48	Z11111	269	13.0	45.0	12	1971.907703966981	1972.1345840037015
1972.2179840414778	0.49692003187192313	trials	210608SL	p48	Z11111	188	7.0	180.0	8	1972.367984041478	1972.5649040733497
1972.6483041111255	0.506880033483867	trials	210608SL	p48	Z11111	22	6.0	45.0	4	1972.7983041111256	1973.0051841446093
1973.0885841823856	0.49688003186565766	trials	210608SL	p48	Z11111	16	0.0	45.0	4	1973.2385841823857	1973.4354642142512
1973.518864252027	0.5069200334905872	trials	210608SL	p48	Z11111	323	7.0	225.0	12	1973.668864252027	1973.8757842855175
1973.9591843232934	0.49688003186565766	trials	210608SL	p48	Z11111	109	3.0	315.0	4	1974.1091843232934	1974.306064355159
1974.3894643929352	0.4968800318652029	trials	210608SL	p48	Z11111	120	14.0	315.0	4	1974.5394643929353	1974.7363444248003
1977.8117849468426	0.5068800334843218	trials	210608SL	p48	Z11111	118	12.0	315.0	4	1977.9617849468427	1978.1686649803269
1978.222025013241	0.49692003187192313	trials	210608SL	p48	Z11111	345	14.0	270.0	12	1978.372025013241	1978.5689450451127
1978.6223050780268	0.5269200367274607	trials	210608SL	p48	Z11111	210	14.0	225.0	8	1978.7723050780269	1978.9992251147542
1981.444225534759	0.506880033483867	trials	210608SL	p48	Z11111	153	2.0	90.0	8	1981.594225534759	1981.8011055682427
1981.884505606019	0.4968800318652029	trials	210608SL	p48	Z11111	173	7.0	135.0	8	1982.0345056060191	1982.2313856378842
1982.3147856756605	0.5069200334905872	trials	210608SL	p48	Z11111	174	8.0	135.0	8	1982.4647856756606	1982.671705709151
1982.7551057469268	0.49688003186565766	trials	210608SL	p48	Z11111	91	0.0	270.0	4	1982.905105746927	1983.1019857787924
1983.1553458117064	0.5269200367274607	trials	210608SL	p48	Z11111	261	5.0	45.0	12	1983.3053458117065	1983.5322658484338
1983.5956658829728	0.5268800367211952	trials	210608SL	p48	Z11111	337	6.0	270.0	12	1983.7456658829728	1983.9725459196939
1984.0259459526142	0.5269200367279154	trials	210608SL	p48	Z11111	319	3.0	225.0	12	1984.1759459526143	1984.402865989342
1984.466266023881	0.5268800367207405	trials	210608SL	p48	Z11111	338	7.0	270.0	12	1984.616266023881	1984.8431460606016
1987.7784665599656	0.5269200367274607	trials	210608SL	p48	Z11111	336	5.0	270.0	12	1987.9284665599657	1988.155386596693
