onset	duration	nwb_table	ses_ID	pen_ID	sub_ID	cond_ID	stim_ID	rotation	luminance	pdOnTS	pdOffTS
471.77875252066167	0.5268817754863448	trials	210624SL	p59	Z11111	126	5.0	0.0	8	471.92875252066165	472.15563429614804
472.21903596614453	0.5068816189730683	trials	210624SL	p59	Z11111	99	8.0	270.0	4	472.3690359661445	472.5759175851176
472.62931917685745	0.5068816189730683	trials	210624SL	p59	Z11111	103	12.0	270.0	4	472.7793191768574	472.98620079583054
473.03960238757037	0.496841540403409	trials	210624SL	p59	Z11111	344	13.0	270.0	12	473.18960238757035	473.3864439279738
473.4398855200267	0.5068416186600189	trials	210624SL	p59	Z11111	166	0.0	135.0	8	473.58988552002666	473.7967271386867
473.8801689655095	0.4968815407164584	trials	210624SL	p59	Z11111	174	8.0	135.0	8	474.03016896550946	474.22705050622596
474.2804520979658	0.5268817754863448	trials	210624SL	p59	Z11111	189	8.0	180.0	8	474.43045209796577	474.65733387345216
474.710735465192	0.5068816189730683	trials	210624SL	p59	Z11111	275	4.0	90.0	12	474.86073546519196	475.0676170841651
478.03300146392195	0.5068816189730683	trials	210624SL	p59	Z11111	321	5.0	225.0	12	478.1830014639219	478.38988308289504
478.46328483114814	0.4968815407164584	trials	210624SL	p59	Z11111	32	1.0	90.0	4	478.6132848311481	478.8101663718646
478.86356796360445	0.526881775486288	trials	210624SL	p59	Z11111	235	9.0	315.0	8	479.01356796360443	479.24044973909076
479.3138914876569	0.496841540403409	trials	210624SL	p59	Z11111	195	14.0	180.0	8	479.4638914876569	479.66073302806035
479.7141346198002	0.5268817754863448	trials	210624SL	p59	Z11111	45	14.0	90.0	4	479.86413461980015	480.09101639528654
480.15445806559603	0.5268817754863448	trials	210624SL	p59	Z11111	280	9.0	90.0	12	480.304458065596	480.5313398410824
480.5847414328222	0.49688154071640156	trials	210624SL	p59	Z11111	24	8.0	45.0	4	480.7347414328222	480.93162297353865
481.0150248000484	0.5068816189730683	trials	210624SL	p59	Z11111	26	10.0	45.0	4	481.1650248000484	481.3719064190215
484.3572909552916	0.516881697229735	trials	210624SL	p59	Z11111	213	2.0	270.0	8	484.5072909552916	484.72417265252136
484.79761440108746	0.496841540403409	trials	210624SL	p59	Z11111	188	7.0	180.0	8	484.94761440108743	485.1444559414909
485.2078976118004	0.5268817754863448	trials	210624SL	p59	Z11111	128	7.0	0.0	8	485.35789761180035	485.58477938728674
485.6481810572832	0.5068816189731251	trials	210624SL	p59	Z11111	239	13.0	315.0	8	485.79818105728316	486.00506267625633
486.08846450276604	0.49688154071640156	trials	210624SL	p59	Z11111	39	8.0	90.0	4	486.238464502766	486.43534604348247
486.48874763522235	0.49688154071640156	trials	210624SL	p59	Z11111	157	6.0	90.0	8	486.63874763522233	486.8356291759388
486.9190310024485	0.5068816189731251	trials	210624SL	p59	Z11111	324	8.0	225.0	12	487.06903100244847	487.27591262142164
487.32931421316147	0.5269217757993374	trials	210624SL	p59	Z11111	274	3.0	90.0	12	487.47931421316144	487.7062359889608
490.7917013084233	0.5268817754863448	trials	210624SL	p59	Z11111	267	11.0	45.0	12	490.94170130842326	491.16858308390965
491.2419848321627	0.4968815407164584	trials	210624SL	p59	Z11111	353	7.0	315.0	12	491.3919848321627	491.5888663728792
491.6722681993889	0.4968815407164584	trials	210624SL	p59	Z11111	342	11.0	270.0	12	491.8222681993889	492.0191497401054
492.11259164518475	0.4968815407164584	trials	210624SL	p59	Z11111	115	9.0	315.0	4	492.2625916451847	492.45947318590123
492.54287501241095	0.4968815407164584	trials	210624SL	p59	Z11111	31	0.0	90.0	4	492.6928750124109	492.8897565531274
492.97315837963714	0.5068816189730683	trials	210624SL	p59	Z11111	16	0.0	45.0	4	493.1231583796371	493.33003999861023
493.38344159035006	0.5268817754863448	trials	210624SL	p59	Z11111	91	0.0	270.0	4	493.53344159035004	493.7603233658364
493.8337651144025	0.496841540403409	trials	210624SL	p59	Z11111	134	13.0	0.0	8	493.9837651144025	494.18060665480596
497.1860313479024	0.5168816972296781	trials	210624SL	p59	Z11111	98	7.0	270.0	4	497.33603134790235	497.5529130451321
497.6263547936982	0.496841540403409	trials	210624SL	p59	Z11111	286	0.0	135.0	12	497.7763547936982	497.97319633410166
498.06663823918103	0.4968815407164584	trials	210624SL	p59	Z11111	335	4.0	270.0	12	498.216638239181	498.4135197798975
498.46692137163734	0.496841540403409	trials	210624SL	p59	Z11111	304	3.0	180.0	12	498.6169213716373	498.8137629120408
498.89720473886354	0.4968815407164584	trials	210624SL	p59	Z11111	301	0.0	180.0	12	499.0472047388635	499.24408627958
499.30748794957645	0.5268817754863448	trials	210624SL	p59	Z11111	41	10.0	90.0	4	499.45748794957643	499.6843697250628
499.74777139505926	0.5068816189730683	trials	210624SL	p59	Z11111	17	1.0	45.0	4	499.89777139505924	500.10465301403235
500.15805460577224	0.526881775486288	trials	210624SL	p59	Z11111	329	13.0	225.0	12	500.3080546057722	500.53493638125855
503.5904014659511	0.516881697229735	trials	210624SL	p59	Z11111	212	1.0	270.0	8	503.7404014659511	503.9572831631809
504.0306849114339	0.5068816189731251	trials	210624SL	p59	Z11111	183	2.0	180.0	8	504.1806849114339	504.38756653040707
504.4710083572298	0.4968815407164584	trials	210624SL	p59	Z11111	28	12.0	45.0	4	504.62100835722975	504.81788989794626
504.901291724456	0.4968815407164584	trials	210624SL	p59	Z11111	165	14.0	90.0	8	505.05129172445595	505.24817326517245
505.3115749351689	0.5268817754863448	trials	210624SL	p59	Z11111	317	1.0	225.0	12	505.46157493516887	505.68845671065526
505.7518583806517	0.5068816189731251	trials	210624SL	p59	Z11111	226	0.0	315.0	8	505.9018583806517	506.10873999962485
506.19218182644755	0.496841540403409	trials	210624SL	p59	Z11111	108	2.0	315.0	4	506.34218182644753	506.539023366851
506.59242495859087	0.49688154071640156	trials	210624SL	p59	Z11111	122	1.0	0.0	8	506.74242495859085	506.9393064993073
509.964731348917	0.5168816972296781	trials	210624SL	p59	Z11111	261	5.0	45.0	12	510.11473134891696	510.3316130461467
510.4050547947128	0.49684154040346584	trials	210624SL	p59	Z11111	316	0.0	225.0	12	510.55505479471276	510.75189633511627
510.8052979268561	0.5369218540559473	trials	210624SL	p59	Z11111	202	6.0	225.0	8	510.9552979268561	511.19221978091207
511.24562137265195	0.4968815407164584	trials	210624SL	p59	Z11111	186	5.0	180.0	8	511.39562137265193	511.59250291336843
511.6759047398781	0.4968815407164584	trials	210624SL	p59	Z11111	176	10.0	135.0	8	511.82590473987807	512.0227862805946
512.0761878723345	0.5368818537428979	trials	210624SL	p59	Z11111	223	12.0	270.0	8	512.2261878723344	512.4630697260774
512.5264713960738	0.4968815407164584	trials	210624SL	p59	Z11111	246	5.0	0.0	12	512.6764713960738	512.8733529367903
512.9367546067868	0.5268817754862312	trials	210624SL	p59	Z11111	358	12.0	315.0	12	513.0867546067868	513.3136363822731
516.3290611536262	0.5269217757993374	trials	210624SL	p59	Z11111	218	7.0	270.0	8	516.4790611536262	516.7059829294255
516.7793846776786	0.4968815407164584	trials	210624SL	p59	Z11111	64	3.0	180.0	4	516.9293846776786	517.1262662183951
517.1796678101349	0.5268817754863448	trials	210624SL	p59	Z11111	66	5.0	180.0	4	517.3296678101349	517.5565495856213
517.6299513338744	0.4968815407164584	trials	210624SL	p59	Z11111	152	1.0	90.0	8	517.7799513338744	517.9768328745909
518.0302344663307	0.5068816189730114	trials	210624SL	p59	Z11111	256	0.0	45.0	12	518.1802344663307	518.3871160853038
518.4705579121265	0.49684154040346584	trials	210624SL	p59	Z11111	154	3.0	90.0	8	518.6205579121265	518.81739945253
518.9008412793527	0.49684154040346584	trials	210624SL	p59	Z11111	65	4.0	180.0	4	519.0508412793527	519.2476828197562
519.301084411496	0.5369218540560041	trials	210624SL	p59	Z11111	30	14.0	45.0	4	519.451084411496	519.6880062655521
522.703431036905	0.5268817754863448	trials	210624SL	p59	Z11111	224	13.0	270.0	8	522.853431036905	523.0803128123914
523.1337144041312	0.4968815407164584	trials	210624SL	p59	Z11111	177	11.0	135.0	8	523.2837144041312	523.4805959448477
523.5339975365875	0.5268817754863448	trials	210624SL	p59	Z11111	101	10.0	270.0	4	523.6839975365875	523.9108793120739
523.9742809820704	0.4968815407164584	trials	210624SL	p59	Z11111	357	11.0	315.0	12	524.1242809820703	524.3211625227868
524.4045643492965	0.4968815407164584	trials	210624SL	p59	Z11111	48	2.0	135.0	4	524.5545643492965	524.751445890013
524.8048474817529	0.5268817754863448	trials	210624SL	p59	Z11111	241	0.0	0.0	12	524.9548474817528	525.1817292572392
525.2551710058053	0.49684154040346584	trials	210624SL	p59	Z11111	13	12.0	0.0	4	525.4051710058053	525.6020125462088
525.6654542165182	0.5268817754863448	trials	210624SL	p59	Z11111	100	9.0	270.0	4	525.8154542165182	526.0423359920046
529.1978418595764	0.5168816972297918	trials	210624SL	p59	Z11111	0			0	529.3478418595764	529.5647235568063
529.6381253050594	0.4968815407163447	trials	210624SL	p59	Z11111	140	4.0	45.0	8	529.7881253050593	529.9850068457757
530.0384084375156	0.5368818537428979	trials	210624SL	p59	Z11111	34	3.0	90.0	4	530.1884084375156	530.4252902912585
530.4887319615681	0.49684154040346584	trials	210624SL	p59	Z11111	287	1.0	135.0	12	530.638731961568	530.8355735019716
530.899015172281	0.5268817754863448	trials	210624SL	p59	Z11111	164	13.0	90.0	8	531.049015172281	531.2758969477674
531.3492986960205	0.4968815407164584	trials	210624SL	p59	Z11111	11	10.0	0.0	4	531.4992986960204	531.696180236737
531.7595819067334	0.5068816189730114	trials	210624SL	p59	Z11111	118	12.0	315.0	4	531.9095819067334	532.1164635257064
532.1698651174463	0.5268817754863448	trials	210624SL	p59	Z11111	181	0.0	180.0	8	532.3198651174463	532.5467468929327
535.5021311944329	0.5068816189731251	trials	210624SL	p59	Z11111	232	6.0	315.0	8	535.6521311944329	535.859012813406
535.9324145616591	0.4968815407164584	trials	210624SL	p59	Z11111	4	3.0	0.0	4	536.0824145616591	536.2792961023756
536.3326976941154	0.5268817754863448	trials	210624SL	p59	Z11111	79	3.0	225.0	4	536.4826976941154	536.7095794696017
536.7830212181678	0.49684154040346584	trials	210624SL	p59	Z11111	338	7.0	270.0	12	536.9330212181678	537.1298627585713
537.2133045853941	0.4968815407163447	trials	210624SL	p59	Z11111	81	5.0	225.0	4	537.3633045853941	537.5601861261105
537.623587796107	0.5268817754863448	trials	210624SL	p59	Z11111	141	5.0	45.0	8	537.773587796107	538.0004695715934
538.0638712415898	0.5068816189730114	trials	210624SL	p59	Z11111	111	5.0	315.0	4	538.2138712415898	538.4207528605629
538.5041946873856	0.49684154040346584	trials	210624SL	p59	Z11111	127	6.0	0.0	8	538.6541946873856	538.8510362277891
541.8264606861156	0.5068416186600189	trials	210624SL	p59	Z11111	310	9.0	180.0	12	541.9764606861156	542.1833023047757
542.2467439750852	0.49684154040335216	trials	210624SL	p59	Z11111	19	3.0	45.0	4	542.3967439750852	542.5935855154886
542.687027420568	0.4968815407163447	trials	210624SL	p59	Z11111	161	10.0	90.0	8	542.837027420568	543.0339089612844
543.1173107877942	0.4968815407164584	trials	210624SL	p59	Z11111	93	2.0	270.0	4	543.2673107877941	543.4641923285106
543.5175939202504	0.5068816189731251	trials	210624SL	p59	Z11111	346	0.0	315.0	12	543.6675939202504	543.8744755392236
543.9578773657332	0.4968815407164584	trials	210624SL	p59	Z11111	257	1.0	45.0	12	544.1078773657332	544.3047589064497
544.3581604981896	0.5268817754863448	trials	210624SL	p59	Z11111	289	3.0	135.0	12	544.5081604981896	544.735042273676
544.808484022242	0.49684154040346584	trials	210624SL	p59	Z11111	43	12.0	90.0	4	544.958484022242	545.1553255626455
548.160750255742	0.5268817754862312	trials	210624SL	p59	Z11111	205	9.0	225.0	8	548.3107502557419	548.5376320312282
548.6010737015378	0.5068416186600189	trials	210624SL	p59	Z11111	85	9.0	225.0	4	548.7510737015377	548.9579153201978
549.0113569122507	0.5268817754863448	trials	210624SL	p59	Z11111	345	14.0	270.0	12	549.1613569122507	549.388238687737
549.4616404359901	0.4968815407164584	trials	210624SL	p59	Z11111	242	1.0	0.0	12	549.6116404359901	549.8085219767066
549.8919238032163	0.4968815407164584	trials	210624SL	p59	Z11111	245	4.0	0.0	12	550.0419238032163	550.2388053439328
550.2922069356727	0.5368818537428979	trials	210624SL	p59	Z11111	96	5.0	270.0	4	550.4422069356726	550.6790887894156
550.7425304597251	0.49684154040335216	trials	210624SL	p59	Z11111	15	14.0	0.0	4	550.8925304597251	551.0893720001285
551.152813670438	0.5268817754863448	trials	210624SL	p59	Z11111	180	14.0	135.0	8	551.302813670438	551.5296954459244
554.4450394340851	0.5268817754863448	trials	210624SL	p59	Z11111	327	11.0	225.0	12	554.595039434085	554.8219212095714
554.8753228013112	0.4968815407164584	trials	210624SL	p59	Z11111	298	12.0	135.0	12	555.0253228013112	555.2222043420277
555.3156462471071	0.49684154040346584	trials	210624SL	p59	Z11111	173	7.0	135.0	8	555.4656462471071	555.6624877875106
555.7158893792504	0.5268817754863448	trials	210624SL	p59	Z11111	199	3.0	225.0	8	555.8658893792503	556.0927711547367
556.1662129033028	0.5268817754863448	trials	210624SL	p59	Z11111	54	8.0	135.0	4	556.3162129033028	556.5430946787892
556.6165364273553	0.49684154040346584	trials	210624SL	p59	Z11111	72	11.0	180.0	4	556.7665364273553	556.9633779677588
557.0167795594986	0.5268817754863448	trials	210624SL	p59	Z11111	234	8.0	315.0	8	557.1667795594985	557.3936613349849
557.467103083551	0.49684154040346584	trials	210624SL	p59	Z11111	49	3.0	135.0	4	557.617103083551	557.8139446239545
560.789369082281	0.5068816189730114	trials	210624SL	p59	Z11111	299	13.0	135.0	12	560.939369082281	561.1462507012541
561.199652292994	0.49684154040346584	trials	210624SL	p59	Z11111	36	5.0	90.0	4	561.3496522929939	561.5464938333974
561.6299356602201	0.5068816189731251	trials	210624SL	p59	Z11111	67	6.0	180.0	4	561.7799356602201	561.9868172791932
562.040218870933	0.5268817754863448	trials	210624SL	p59	Z11111	264	8.0	45.0	12	562.190218870933	562.4171006464194
562.4705022381593	0.4968815407164584	trials	210624SL	p59	Z11111	185	4.0	180.0	8	562.6205022381592	562.8173837788758
562.9007856053855	0.5068816189730114	trials	210624SL	p59	Z11111	320	4.0	225.0	12	563.0507856053855	563.2576672243586
563.3110688160984	0.5268817754862312	trials	210624SL	p59	Z11111	307	6.0	180.0	12	563.4610688160984	563.6879505915847
563.7613923401508	0.49684154040346584	trials	210624SL	p59	Z11111	151	0.0	90.0	8	563.9113923401508	564.1082338805543
567.1136585736507	0.5068816189731251	trials	210624SL	p59	Z11111	167	1.0	135.0	8	567.2636585736507	567.4705401926238
567.5339418626203	0.4968815407164584	trials	210624SL	p59	Z11111	306	5.0	180.0	12	567.6839418626203	567.8808234033368
567.9442250733332	0.5268817754863448	trials	210624SL	p59	Z11111	184	3.0	180.0	8	568.0942250733332	568.3211068488196
568.3745084405595	0.4968815407163447	trials	210624SL	p59	Z11111	337	6.0	270.0	12	568.5245084405594	568.7213899812758
568.7747915730157	0.4968815407164584	trials	210624SL	p59	Z11111	119	13.0	315.0	4	568.9247915730157	569.1216731137322
569.2050749402418	0.4968815407164584	trials	210624SL	p59	Z11111	237	11.0	315.0	8	569.3550749402418	569.5519564809583
569.6153581509548	0.4968815407164584	trials	210624SL	p59	Z11111	255	14.0	0.0	12	569.7653581509547	569.9622396916712
570.045641518181	0.4968815407164584	trials	210624SL	p59	Z11111	27	11.0	45.0	4	570.195641518181	570.3925230588975
573.3779475954806	0.5268817754863448	trials	210624SL	p59	Z11111	107	1.0	315.0	4	573.5279475954806	573.754829370967
573.8082309627068	0.49684154040335216	trials	210624SL	p59	Z11111	144	8.0	45.0	8	573.9582309627068	574.1550725031102
574.2485144081896	0.4968815407164584	trials	210624SL	p59	Z11111	297	11.0	135.0	12	574.3985144081896	574.5953959489061
574.6487975406459	0.4968815407164584	trials	210624SL	p59	Z11111	53	7.0	135.0	4	574.7987975406459	574.9956790813624
575.0790809078721	0.4968815407164584	trials	210624SL	p59	Z11111	121	0.0	0.0	8	575.2290809078721	575.4259624485886
575.4793640403284	0.4968815407164584	trials	210624SL	p59	Z11111	172	6.0	135.0	8	575.6293640403284	575.8262455810449
575.8896472510413	0.5268817754863448	trials	210624SL	p59	Z11111	254	13.0	0.0	12	576.0396472510413	576.2665290265277
576.3299306965241	0.5068816189731251	trials	210624SL	p59	Z11111	251	10.0	0.0	12	576.4799306965241	576.6868123154973
579.6722368520803	0.5068416186601326	trials	210624SL	p59	Z11111	117	11.0	315.0	4	579.8222368520803	580.0290784707405
580.0824800624803	0.4968815407164584	trials	210624SL	p59	Z11111	209	13.0	225.0	8	580.2324800624802	580.4293616031968
580.5128034300195	0.49684154040346584	trials	210624SL	p59	Z11111	149	13.0	45.0	8	580.6628034300195	580.859644970423
580.9230466404194	0.5269217757993374	trials	210624SL	p59	Z11111	82	6.0	225.0	4	581.0730466404194	581.2999684162188
581.3733701644719	0.4968815407164584	trials	210624SL	p59	Z11111	20	4.0	45.0	4	581.5233701644719	581.7202517051884
581.8036535316982	0.4968815407163447	trials	210624SL	p59	Z11111	253	12.0	0.0	12	581.9536535316981	582.1505350724145
584.1152316211871	0.5268817754863448	trials	210624SL	p59	Z11111	77	1.0	225.0	4	584.2652316211871	584.4921133966735
584.5655551452396	0.4968815407164584	trials	210624SL	p59	Z11111	283	12.0	90.0	12	584.7155551452396	584.9124366859561
584.965838277696	0.49684154040335216	trials	210624SL	p59	Z11111	295	9.0	135.0	12	585.115838277696	585.3126798180994
585.3660814098392	0.5268817754863448	trials	210624SL	p59	Z11111	197	1.0	225.0	8	585.5160814098392	585.7429631853256
585.8164049338917	0.4968815407164584	trials	210624SL	p59	Z11111	350	4.0	315.0	12	585.9664049338917	586.1632864746082
586.2266881446046	0.5268817754863448	trials	210624SL	p59	Z11111	339	8.0	270.0	12	586.3766881446046	586.603569920091
586.6669715900874	0.4968815407164584	trials	210624SL	p59	Z11111	348	2.0	315.0	12	586.8169715900874	587.0138531308039
587.0772548008003	0.5268817754863448	trials	210624SL	p59	Z11111	158	7.0	90.0	8	587.2272548008003	587.4541365762867
590.3694805644474	0.5269217757994511	trials	210624SL	p59	Z11111	178	12.0	135.0	8	590.5194805644473	590.7464023402468
590.7998039319866	0.49684154040346584	trials	210624SL	p59	Z11111	84	8.0	225.0	4	590.9498039319866	591.1466454723901
591.2400873774694	0.4968815407164584	trials	210624SL	p59	Z11111	113	7.0	315.0	4	591.3900873774694	591.5869689181859
591.6703707446957	0.4968815407163447	trials	210624SL	p59	Z11111	88	12.0	225.0	4	591.8203707446957	592.017252285412
592.0706538771519	0.5068816189731251	trials	210624SL	p59	Z11111	114	8.0	315.0	4	592.2206538771519	592.4275354961251
592.5109773229477	0.49684154040346584	trials	210624SL	p59	Z11111	123	2.0	0.0	8	592.6609773229477	592.8578188633512
592.941260690174	0.49684154040346584	trials	210624SL	p59	Z11111	331	0.0	270.0	12	593.091260690174	593.2881022305775
593.3815441356568	0.4968815407164584	trials	210624SL	p59	Z11111	322	6.0	225.0	12	593.5315441356568	593.7284256763733
596.7238102909	0.5269217757993374	trials	210624SL	p59	Z11111	211	0.0	270.0	8	596.8738102909	597.1007320666994
597.1741338149525	0.4968815407164584	trials	210624SL	p59	Z11111	86	10.0	225.0	4	597.3241338149525	597.521015355669
597.6044171821787	0.5068816189730114	trials	210624SL	p59	Z11111	282	11.0	90.0	12	597.7544171821787	597.9612988011518
598.0147003928915	0.5268817754863448	trials	210624SL	p59	Z11111	260	4.0	45.0	12	598.1647003928915	598.3915821683779
598.4449837601178	0.4968815407164584	trials	210624SL	p59	Z11111	14	13.0	0.0	4	598.5949837601178	598.7918653008343
598.8452668925742	0.5268817754863448	trials	210624SL	p59	Z11111	50	4.0	135.0	4	598.9952668925741	599.2221486680605
599.2955904166266	0.49684154040335216	trials	210624SL	p59	Z11111	341	10.0	270.0	12	599.4455904166266	599.64243195703
599.6958335487699	0.5068816189730114	trials	210624SL	p59	Z11111	2	1.0	0.0	4	599.8458335487699	600.0527151677429
603.0381397043261	0.5068816189730114	trials	210624SL	p59	Z11111	270	14.0	45.0	12	603.1881397043261	603.3950213232991
603.4584229932956	0.5068816189731251	trials	210624SL	p59	Z11111	204	8.0	225.0	8	603.6084229932956	603.8153046122687
603.8987064387785	0.4968815407164584	trials	210624SL	p59	Z11111	143	7.0	45.0	8	604.0487064387785	604.245587979495
604.2989895712348	0.5268817754863448	trials	210624SL	p59	Z11111	132	11.0	0.0	8	604.4489895712347	604.6758713467211
604.7493130952872	0.49684154040346584	trials	210624SL	p59	Z11111	292	6.0	135.0	12	604.8993130952872	605.0961546356907
605.1795964625134	0.5068816189731251	trials	210624SL	p59	Z11111	75	14.0	180.0	4	605.3295964625133	605.5364780814865
605.6198799079963	0.4968815407164584	trials	210624SL	p59	Z11111	40	9.0	90.0	4	605.7698799079963	605.9667614487128
606.0201630404525	0.5268817754863448	trials	210624SL	p59	Z11111	70	9.0	180.0	4	606.1701630404525	606.3970448159389
609.4224696655485	0.5068816189731251	trials	210624SL	p59	Z11111	25	9.0	45.0	4	609.5724696655485	609.7793512845217
609.8327528762615	0.5368818537430116	trials	210624SL	p59	Z11111	159	8.0	90.0	8	609.9827528762614	610.2196347300045
610.2830764003139	0.49684154040346584	trials	210624SL	p59	Z11111	216	5.0	270.0	8	610.4330764003139	610.6299179407174
610.693359611027	0.5268817754862312	trials	210624SL	p59	Z11111	18	2.0	45.0	4	610.8433596110269	611.0702413865132
611.1336430565096	0.5068816189731251	trials	210624SL	p59	Z11111	323	7.0	225.0	12	611.2836430565096	611.4905246754828
611.5439262672227	0.5268817754863448	trials	210624SL	p59	Z11111	160	9.0	90.0	8	611.6939262672227	611.920808042709
611.9942097909621	0.4968815407164584	trials	210624SL	p59	Z11111	208	12.0	225.0	8	612.1442097909621	612.3410913316786
612.4245331585013	0.49684154040346584	trials	210624SL	p59	Z11111	47	1.0	135.0	4	612.5745331585013	612.7713746989048
616.0169612714124	0.5168816972296781	trials	210624SL	p59	Z11111	319	3.0	225.0	12	616.1669612714123	616.383842968642
616.4572847172082	0.49684154040346584	trials	210624SL	p59	Z11111	293	7.0	135.0	12	616.6072847172081	616.8041262576116
616.8575278493514	0.5268817754863448	trials	210624SL	p59	Z11111	0			0	617.0075278493514	617.2344096248378
617.3078513734039	0.4968815407164584	trials	210624SL	p59	Z11111	89	13.0	225.0	4	617.4578513734039	617.6547329141204
617.7081345058602	0.5068416186600189	trials	210624SL	p59	Z11111	7	6.0	0.0	4	617.8581345058602	618.0649761245203
618.148417951343	0.4968815407164584	trials	210624SL	p59	Z11111	55	9.0	135.0	4	618.298417951343	618.4952994920595
618.5487010837993	0.5268817754863448	trials	210624SL	p59	Z11111	37	6.0	90.0	4	618.6987010837993	618.9255828592857
618.9989846075388	0.4968815407164584	trials	210624SL	p59	Z11111	56	10.0	135.0	4	619.1489846075388	619.3458661482553
622.6714933471288	0.5168816972297918	trials	210624SL	p59	Z11111	83	7.0	225.0	4	622.8214933471288	623.0383750443586
623.1017767143551	0.5269217757993374	trials	210624SL	p59	Z11111	356	10.0	315.0	12	623.2517767143551	623.4786984901544
623.5521002384075	0.4968815407164584	trials	210624SL	p59	Z11111	163	12.0	90.0	8	623.7021002384075	623.898981779124
623.9823836056337	0.4968815407164584	trials	210624SL	p59	Z11111	240	14.0	315.0	8	624.1323836056337	624.3292651463502
624.38266673809	0.5068816189730114	trials	210624SL	p59	Z11111	52	6.0	135.0	4	624.53266673809	624.7395483570631
624.8229501835729	0.4968815407164584	trials	210624SL	p59	Z11111	268	12.0	45.0	12	624.9729501835728	625.1698317242893
625.2532735511121	0.49684154040335216	trials	210624SL	p59	Z11111	314	13.0	180.0	12	625.4032735511121	625.6001150915155
625.663556761825	0.5268817754862312	trials	210624SL	p59	Z11111	135	14.0	0.0	8	625.813556761825	626.0404385373113
629.0558633086644	0.5068416186600189	trials	210624SL	p59	Z11111	1	0.0	0.0	4	629.2058633086643	629.4127049273244
629.4661065190643	0.5068816189730114	trials	210624SL	p59	Z11111	33	2.0	90.0	4	629.6161065190643	629.8229881380373
629.8964298866035	0.5068816189730114	trials	210624SL	p59	Z11111	349	3.0	315.0	12	630.0464298866035	630.2533115055766
630.3267132538297	0.4968815407164584	trials	210624SL	p59	Z11111	74	13.0	180.0	4	630.4767132538296	630.6735947945461
630.7569966210559	0.4968815407163447	trials	210624SL	p59	Z11111	325	9.0	225.0	12	630.9069966210559	631.1038781617723
631.1572797535122	0.5268817754863448	trials	210624SL	p59	Z11111	68	7.0	180.0	4	631.3072797535121	631.5341615289985
631.597563198995	0.5269217757993374	trials	210624SL	p59	Z11111	248	7.0	0.0	12	631.747563198995	631.9744849747943
632.0478867230474	0.4968815407164584	trials	210624SL	p59	Z11111	12	11.0	0.0	4	632.1978867230474	632.3947682637639
635.410193035117	0.5068416186600189	trials	210624SL	p59	Z11111	300	14.0	135.0	12	635.560193035117	635.767034653777
635.8404764023431	0.5268817754863448	trials	210624SL	p59	Z11111	150	14.0	45.0	8	635.9904764023431	636.2173581778295
636.2907599260826	0.4968815407164584	trials	210624SL	p59	Z11111	175	9.0	135.0	8	636.4407599260826	636.6376414667991
636.6910430585389	0.5068816189731251	trials	210624SL	p59	Z11111	116	10.0	315.0	4	636.8410430585388	637.047924677512
637.1313265040217	0.4968815407164584	trials	210624SL	p59	Z11111	42	11.0	90.0	4	637.2813265040216	637.4782080447382
637.531609636478	0.5268817754863448	trials	210624SL	p59	Z11111	23	7.0	45.0	4	637.681609636478	637.9084914119644
637.9618930037042	0.5068816189731251	trials	210624SL	p59	Z11111	207	11.0	225.0	8	638.1118930037042	638.3187746226773
638.4022164495001	0.49684154040335216	trials	210624SL	p59	Z11111	76	0.0	225.0	4	638.5522164495001	638.7490579899035
641.7344825264867	0.5268817754863448	trials	210624SL	p59	Z11111	102	11.0	270.0	4	641.8844825264866	642.111364301973
642.1647658937128	0.4968815407164584	trials	210624SL	p59	Z11111	191	10.0	180.0	8	642.3147658937128	642.5116474344293
642.595049260939	0.4968815407163447	trials	210624SL	p59	Z11111	210	14.0	225.0	8	642.745049260939	642.9419308016554
645.0967488382431	0.5269217757993374	trials	210624SL	p59	Z11111	229	3.0	315.0	8	645.2467488382431	645.4736706140425
645.537072284039	0.5068816189730114	trials	210624SL	p59	Z11111	78	2.0	225.0	4	645.687072284039	645.8939539030121
645.9473554947518	0.5268817754863448	trials	210624SL	p59	Z11111	244	3.0	0.0	12	646.0973554947518	646.3242372702382
646.3776388619781	0.4968815407164584	trials	210624SL	p59	Z11111	73	12.0	180.0	4	646.5276388619781	646.7245204026946
646.7779219944345	0.5268817754862312	trials	210624SL	p59	Z11111	142	6.0	45.0	8	646.9279219944344	647.1548037699207
647.2282055181738	0.4968815407164584	trials	210624SL	p59	Z11111	22	6.0	45.0	4	647.3782055181738	647.5750870588903
647.6384887288867	0.5268817754863448	trials	210624SL	p59	Z11111	285	14.0	90.0	12	647.7884887288867	648.0153705043731
648.0788121746826	0.5068816189730114	trials	210624SL	p59	Z11111	198	2.0	225.0	8	648.2288121746826	648.4356937936557
651.5711595044013	0.5068816189731251	trials	210624SL	p59	Z11111	303	2.0	180.0	12	651.7211595044013	651.9280411233744
652.0014828719405	0.49684154040335216	trials	210624SL	p59	Z11111	120	14.0	315.0	4	652.1514828719405	652.3483244123439
652.4317662391667	0.4968815407164584	trials	210624SL	p59	Z11111	155	4.0	90.0	8	652.5817662391667	652.7786477798832
652.8320493716229	0.5368818537430116	trials	210624SL	p59	Z11111	359	13.0	315.0	12	652.9820493716229	653.218931225366
653.2723328171058	0.5268817754863448	trials	210624SL	p59	Z11111	355	9.0	315.0	12	653.4223328171058	653.6492145925922
653.7226563411583	0.49684154040335216	trials	210624SL	p59	Z11111	57	11.0	135.0	4	653.8726563411583	654.0694978815617
654.1229394736146	0.49684154040346584	trials	210624SL	p59	Z11111	217	6.0	270.0	8	654.2729394736145	654.469781014018
654.5532228408407	0.5068816189731251	trials	210624SL	p59	Z11111	6	5.0	0.0	4	654.7032228408407	654.9101044598139
657.9255292311669	0.5268817754863448	trials	210624SL	p59	Z11111	318	2.0	225.0	12	658.0755292311669	658.3024110066533
658.3558125983931	0.5268817754863448	trials	210624SL	p59	Z11111	147	11.0	45.0	8	658.505812598393	658.7326943738794
658.8060961221325	0.4968815407164584	trials	210624SL	p59	Z11111	290	4.0	135.0	12	658.9560961221325	659.152977662849
659.2063792545888	0.4968815407164584	trials	210624SL	p59	Z11111	112	6.0	315.0	4	659.3563792545888	659.5532607953053
659.6066623870452	0.5268817754863448	trials	210624SL	p59	Z11111	133	12.0	0.0	8	659.7566623870451	659.9835441625315
660.0569459107845	0.4968815407164584	trials	210624SL	p59	Z11111	294	8.0	135.0	12	660.2069459107845	660.403827451501
660.4672291214976	0.5268817754863448	trials	210624SL	p59	Z11111	170	4.0	135.0	8	660.6172291214975	660.8441108969839
660.9075525672934	0.5068416186600189	trials	210624SL	p59	Z11111	0			0	661.0575525672933	661.2643941859534
664.2698188790498	0.4968815407164584	trials	210624SL	p59	Z11111	200	4.0	225.0	8	664.4198188790498	664.6167004197663
664.6901021680194	0.4968815407164584	trials	210624SL	p59	Z11111	10	9.0	0.0	4	664.8401021680194	665.0369837087359
665.0903853004758	0.5068816189730114	trials	210624SL	p59	Z11111	35	4.0	90.0	4	665.2403853004757	665.4472669194488
665.5306687459585	0.4968815407164584	trials	210624SL	p59	Z11111	203	7.0	225.0	8	665.6806687459584	665.8775502866749
665.9609921134977	0.49684154040346584	trials	210624SL	p59	Z11111	249	8.0	0.0	12	666.1109921134977	666.3078336539012
666.3712753242106	0.5268817754863448	trials	210624SL	p59	Z11111	46	0.0	135.0	4	666.5212753242106	666.748157099697
666.8115587696935	0.5068816189730114	trials	210624SL	p59	Z11111	87	11.0	225.0	4	666.9615587696935	667.1684403886666
667.2218419804063	0.5268817754863448	trials	210624SL	p59	Z11111	284	13.0	90.0	12	667.3718419804063	667.5987237558927
670.554108057393	0.5168816972296781	trials	210624SL	p59	Z11111	58	12.0	135.0	4	670.704108057393	670.9209897546227
670.9943915028758	0.4968815407164584	trials	210624SL	p59	Z11111	269	13.0	45.0	12	671.1443915028758	671.3412730435923
671.4146747918454	0.4968815407164584	trials	210624SL	p59	Z11111	104	13.0	270.0	4	671.5646747918454	671.7615563325619
671.8349580808149	0.4968815407164584	trials	210624SL	p59	Z11111	182	1.0	180.0	8	671.9849580808149	672.1818396215314
672.2352412132713	0.5268817754863448	trials	210624SL	p59	Z11111	236	10.0	315.0	8	672.3852412132712	672.6121229887576
672.6855647373237	0.4968815407164584	trials	210624SL	p59	Z11111	0			0	672.8355647373237	673.0324462780402
673.08584786978	0.49684154040346584	trials	210624SL	p59	Z11111	80	4.0	225.0	4	673.23584786978	673.4326894101835
675.5575072120012	0.5068816189731251	trials	210624SL	p59	Z11111	44	13.0	90.0	4	675.7075072120011	675.9143888309743
675.9677904227141	0.5268817754863448	trials	210624SL	p59	Z11111	278	7.0	90.0	12	676.117790422714	676.3446721982004
676.4181139467665	0.49684154040346584	trials	210624SL	p59	Z11111	63	2.0	180.0	4	676.5681139467665	676.76495548717
676.8183570789099	0.5269217757993374	trials	210624SL	p59	Z11111	92	1.0	270.0	4	676.9683570789099	677.1952788547093
677.2686806029624	0.4968815407163447	trials	210624SL	p59	Z11111	38	7.0	90.0	4	677.4186806029624	677.6155621436787
677.6689637354186	0.5268817754863448	trials	210624SL	p59	Z11111	137	1.0	45.0	8	677.8189637354186	678.045845510905
678.1192472591581	0.4968815407164584	trials	210624SL	p59	Z11111	230	4.0	315.0	8	678.2692472591581	678.4661287998746
678.529530469871	0.5268817754863448	trials	210624SL	p59	Z11111	190	9.0	180.0	8	678.679530469871	678.9064122453574
681.8217962338312	0.5268817754863448	trials	210624SL	p59	Z11111	276	5.0	90.0	12	681.9717962338311	682.1986780093175
682.2520796010573	0.49684154040346584	trials	210624SL	p59	Z11111	62	1.0	180.0	4	682.4020796010573	682.5989211414608
682.6823629682834	0.5068816189731251	trials	210624SL	p59	Z11111	109	3.0	315.0	4	682.8323629682834	683.0392445872566
683.0926461789965	0.5268817754862312	trials	210624SL	p59	Z11111	311	10.0	180.0	12	683.2426461789964	683.4695279544827
683.5429697030489	0.49684154040335216	trials	210624SL	p59	Z11111	221	10.0	270.0	8	683.6929697030489	683.8898112434523
683.9732530702751	0.49684154040346584	trials	210624SL	p59	Z11111	231	5.0	315.0	8	684.123253070275	684.3200946106786
684.3735362027313	0.5068416186601326	trials	210624SL	p59	Z11111	305	4.0	180.0	12	684.5235362027313	684.7303778213915
684.8138196482142	0.4968815407163447	trials	210624SL	p59	Z11111	360	14.0	315.0	12	684.9638196482142	685.1607011889306
688.1761259602837	0.5268817754863448	trials	210624SL	p59	Z11111	215	4.0	270.0	8	688.3261259602837	688.55300773577
688.6064093275098	0.49684154040346584	trials	210624SL	p59	Z11111	206	10.0	225.0	8	688.7564093275098	688.9532508679133
689.0066524596531	0.5369218540561178	trials	210624SL	p59	Z11111	343	12.0	270.0	12	689.1566524596531	689.3935743137092
689.446975905449	0.4968815407164584	trials	210624SL	p59	Z11111	61	0.0	180.0	4	689.596975905449	689.7938574461655
689.8472590379052	0.5268817754863448	trials	210624SL	p59	Z11111	332	1.0	270.0	12	689.9972590379052	690.2241408133916
690.2975425616447	0.4968815407164584	trials	210624SL	p59	Z11111	273	2.0	90.0	12	690.4475425616447	690.6444241023612
690.6978256941011	0.4968815407163447	trials	210624SL	p59	Z11111	308	7.0	180.0	12	690.8478256941011	691.0447072348175
691.1281090613272	0.5068816189731251	trials	210624SL	p59	Z11111	247	6.0	0.0	12	691.2781090613272	691.4849906803004
694.5004154516533	0.5068816189731251	trials	210624SL	p59	Z11111	3	2.0	0.0	4	694.6504154516533	694.8572970706265
694.9206987406229	0.5268817754863448	trials	210624SL	p59	Z11111	105	14.0	270.0	4	695.0706987406229	695.2975805161093
695.3609821861057	0.5068816189731251	trials	210624SL	p59	Z11111	354	8.0	315.0	12	695.5109821861057	695.7178638050789
695.7712653968186	0.5269217757993374	trials	210624SL	p59	Z11111	162	11.0	90.0	8	695.9212653968186	696.148187172618
696.2015887643579	0.49684154040335216	trials	210624SL	p59	Z11111	106	0.0	315.0	4	696.3515887643579	696.5484303047613
696.631872131584	0.5068816189731251	trials	210624SL	p59	Z11111	219	8.0	270.0	8	696.781872131584	696.9887537505572
697.042155342297	0.5268817754863448	trials	210624SL	p59	Z11111	296	10.0	135.0	12	697.1921553422969	697.4190371177833
697.4924388660364	0.4968815407164584	trials	210624SL	p59	Z11111	29	13.0	45.0	4	697.6424388660364	697.8393204067529
700.9247857262154	0.5268817754863448	trials	210624SL	p59	Z11111	326	10.0	225.0	12	701.0747857262154	701.3016675017018
701.3650691716981	0.5068816189731251	trials	210624SL	p59	Z11111	347	1.0	315.0	12	701.5150691716981	701.7219507906713
703.7867281226362	0.5168816972297918	trials	210624SL	p59	Z11111	95	4.0	270.0	4	703.9367281226362	704.153609819866
704.2270515684321	0.49684154040346584	trials	210624SL	p59	Z11111	262	6.0	45.0	12	704.3770515684321	704.5738931088356
704.6272947005754	0.5369218540560041	trials	210624SL	p59	Z11111	8	7.0	0.0	4	704.7772947005753	705.0142165546314
705.0776182246278	0.5068816189730114	trials	210624SL	p59	Z11111	328	12.0	225.0	12	705.2276182246278	705.4344998436009
705.4879014353407	0.5268817754863448	trials	210624SL	p59	Z11111	5	4.0	0.0	4	705.6379014353407	705.8647832108271
705.9381849590802	0.5269217757993374	trials	210624SL	p59	Z11111	51	5.0	135.0	4	706.0881849590802	706.3151067348796
706.3885084831327	0.4968815407164584	trials	210624SL	p59	Z11111	193	12.0	180.0	8	706.5385084831327	706.7353900238492
706.788791615589	0.5268817754862312	trials	210624SL	p59	Z11111	131	10.0	0.0	8	706.938791615589	707.1656733910753
710.111057614319	0.5168816972296781	trials	210624SL	p59	Z11111	233	7.0	315.0	8	710.2610576143189	710.4779393115487
710.5313409032885	0.5068816189731251	trials	210624SL	p59	Z11111	315	14.0	180.0	12	710.6813409032885	710.8882225222617
710.9716243487713	0.4968815407164584	trials	210624SL	p59	Z11111	340	9.0	270.0	12	711.1216243487713	711.3185058894878
711.3719074812276	0.4968815407164584	trials	210624SL	p59	Z11111	265	9.0	45.0	12	711.5219074812276	711.7187890219441
711.772190613684	0.5268817754862312	trials	210624SL	p59	Z11111	94	3.0	270.0	4	711.9221906136839	712.1490723891702
712.2224741374233	0.4968815407165721	trials	210624SL	p59	Z11111	214	3.0	270.0	8	712.3724741374233	712.5693556781399
712.6227572698798	0.5368818537428979	trials	210624SL	p59	Z11111	194	13.0	180.0	8	712.7727572698798	713.0096391236227
713.0730807939321	0.49684154040346584	trials	210624SL	p59	Z11111	336	5.0	270.0	12	713.2230807939321	713.4199223343356
716.4153469491754	0.5168816972296781	trials	210624SL	p59	Z11111	333	2.0	270.0	12	716.5653469491754	716.7822286464051
716.835630238145	0.5068816189730114	trials	210624SL	p59	Z11111	279	8.0	90.0	12	716.985630238145	717.192511857118
717.2759136836278	0.4968815407163447	trials	210624SL	p59	Z11111	225	14.0	270.0	8	717.4259136836278	717.6227952243441
717.6961969725972	0.4968815407164584	trials	210624SL	p59	Z11111	266	10.0	45.0	12	717.8461969725972	718.0430785133137
718.1265203401366	0.49684154040335216	trials	210624SL	p59	Z11111	110	4.0	315.0	4	718.2765203401366	718.47336188054
718.5468036291061	0.49684154040346584	trials	210624SL	p59	Z11111	71	10.0	180.0	4	718.6968036291061	718.8936451695096
718.9470467612493	0.5269217757994511	trials	210624SL	p59	Z11111	148	12.0	45.0	8	719.0970467612493	719.3239685370488
719.3973702853019	0.4968815407163447	trials	210624SL	p59	Z11111	228	2.0	315.0	8	719.5473702853019	719.7442518260183
722.7696766756279	0.5068816189731251	trials	210624SL	p59	Z11111	334	3.0	270.0	12	722.9196766756279	723.1265582946011
723.179959886341	0.49684154040346584	trials	210624SL	p59	Z11111	179	13.0	135.0	8	723.3299598863409	723.5268014267444
723.5802030184842	0.5269217757993374	trials	210624SL	p59	Z11111	352	6.0	315.0	12	723.7302030184842	723.9571247942836
724.0305265425367	0.4968815407164584	trials	210624SL	p59	Z11111	130	9.0	0.0	8	724.1805265425367	724.3774080832532
724.4308096749929	0.5368818537428979	trials	210624SL	p59	Z11111	258	2.0	45.0	12	724.5808096749929	724.8176915287358
724.8810931987324	0.5068816189730114	trials	210624SL	p59	Z11111	201	5.0	225.0	8	725.0310931987324	725.2379748177054
725.3214166445283	0.49684154040335216	trials	210624SL	p59	Z11111	263	7.0	45.0	12	725.4714166445283	725.6682581849317
725.7517000117545	0.4968815407164584	trials	210624SL	p59	Z11111	136	0.0	45.0	8	725.9017000117544	726.0985815524709
729.0739660104845	0.5168816972295645	trials	210624SL	p59	Z11111	309	8.0	180.0	12	729.2239660104844	729.440847707714
729.5142494559672	0.4968815407164584	trials	210624SL	p59	Z11111	250	9.0	0.0	12	729.6642494559671	729.8611309966836
729.9245326666802	0.5268817754862312	trials	210624SL	p59	Z11111	125	4.0	0.0	8	730.0745326666802	730.3014144421664
730.364856112476	0.5068416186601326	trials	210624SL	p59	Z11111	291	5.0	135.0	12	730.514856112476	730.7216977311361
730.8051395579588	0.4968815407164584	trials	210624SL	p59	Z11111	222	11.0	270.0	8	730.9551395579588	731.1520210986753
731.205422690415	0.49684154040346584	trials	210624SL	p59	Z11111	139	3.0	45.0	8	731.355422690415	731.5522642308185
731.6357060576413	0.5068816189731251	trials	210624SL	p59	Z11111	146	10.0	45.0	8	731.7857060576413	731.9925876766144
732.0759895031241	0.4968815407164584	trials	210624SL	p59	Z11111	9	8.0	0.0	4	732.2259895031241	732.4228710438406
735.4082555801107	0.5269217757993374	trials	210624SL	p59	Z11111	21	5.0	45.0	4	735.5582555801107	735.78517735591
735.8385789476499	0.49684154040335216	trials	210624SL	p59	Z11111	272	1.0	90.0	12	735.9885789476499	736.1854204880533
736.2688623148762	0.4968815407164584	trials	210624SL	p59	Z11111	271	0.0	90.0	12	736.4188623148762	736.6157438555927
736.679145525589	0.49684154040346584	trials	210624SL	p59	Z11111	145	9.0	45.0	8	736.829145525589	737.0259870659925
737.1094288928152	0.4968815407164584	trials	210624SL	p59	Z11111	60	14.0	135.0	4	737.2594288928152	737.4563104335317
737.5097120252716	0.5368818537428979	trials	210624SL	p59	Z11111	281	10.0	90.0	12	737.6597120252716	737.8965938790145
737.9499954707543	0.5268817754863448	trials	210624SL	p59	Z11111	168	2.0	135.0	8	738.0999954707543	738.3268772462407
738.4003189948068	0.49684154040346584	trials	210624SL	p59	Z11111	227	1.0	315.0	8	738.5503189948067	738.7471605352102
741.7025448367104	0.5068816189731251	trials	210624SL	p59	Z11111	97	6.0	270.0	4	741.8525448367104	742.0594264556836
742.12282812568	0.5068816189730114	trials	210624SL	p59	Z11111	129	8.0	0.0	8	742.27282812568	742.4797097446531
742.5331113363931	0.5268817754863448	trials	210624SL	p59	Z11111	192	11.0	180.0	8	742.683111336393	742.9099931118794
742.9834348604455	0.4968815407164584	trials	210624SL	p59	Z11111	252	11.0	0.0	12	743.1334348604455	743.330316401162
743.3837179929018	0.5268817754863448	trials	210624SL	p59	Z11111	259	3.0	45.0	12	743.5337179929018	743.7605997683881
743.8340015166413	0.4968815407164584	trials	210624SL	p59	Z11111	90	14.0	225.0	4	743.9840015166412	744.1808830573577
744.2342846490975	0.5268817754863448	trials	210624SL	p59	Z11111	171	5.0	135.0	8	744.3842846490975	744.6111664245839
744.68460817315	0.49684154040346584	trials	210624SL	p59	Z11111	156	5.0	90.0	8	744.83460817315	745.0314497135535
748.006834171567	0.5168816972295645	trials	210624SL	p59	Z11111	351	5.0	315.0	12	748.156834171567	748.3737158687966
748.4371575391061	0.49684154040346584	trials	210624SL	p59	Z11111	187	6.0	180.0	8	748.5871575391061	748.7839990795096
748.8374006712494	0.5269217757993374	trials	210624SL	p59	Z11111	277	6.0	90.0	12	748.9874006712494	749.2143224470487
749.2877241953018	0.4968815407164584	trials	210624SL	p59	Z11111	243	2.0	0.0	12	749.4377241953018	749.6346057360183
749.6880073277581	0.5268817754863448	trials	210624SL	p59	Z11111	220	9.0	270.0	8	749.8380073277581	750.0648891032445
750.1382908514976	0.4968815407164584	trials	210624SL	p59	Z11111	153	2.0	90.0	8	750.2882908514975	750.485172392214
750.5385739839538	0.5268817754864585	trials	210624SL	p59	Z11111	69	8.0	180.0	4	750.6885739839538	750.9154557594403
750.9888975080064	0.49684154040335216	trials	210624SL	p59	Z11111	238	12.0	315.0	8	751.1388975080064	751.3357390484098
754.431244446442	0.5068416186600189	trials	210624SL	p59	Z11111	59	13.0	135.0	4	754.5812444464419	754.788086065102
754.8515277354114	0.5068416186601326	trials	210624SL	p59	Z11111	169	3.0	135.0	8	755.0015277354114	755.2083693540716
755.2618109461245	0.5268817754863448	trials	210624SL	p59	Z11111	288	2.0	135.0	12	755.4118109461244	755.6386927216108
755.7120944698639	0.4968815407164584	trials	210624SL	p59	Z11111	196	0.0	225.0	8	755.8620944698639	756.0589760105804
756.1423778370901	0.4968815407164584	trials	210624SL	p59	Z11111	330	14.0	225.0	12	756.29237783709	756.4892593778065
756.5426609695463	0.5268817754863448	trials	210624SL	p59	Z11111	302	1.0	180.0	12	756.6926609695463	756.9195427450327
759.0243603903372	0.5268817754863448	trials	210624SL	p59	Z11111	312	11.0	180.0	12	759.1743603903371	759.4012421658235
759.4746839143896	0.49684154040346584	trials	210624SL	p59	Z11111	138	2.0	45.0	8	759.6246839143896	759.8215254547931
759.9049672816159	0.5268817754863448	trials	210624SL	p59	Z11111	124	3.0	0.0	8	760.0549672816159	760.2818490571022
760.3552508053554	0.5369218540560041	trials	210624SL	p59	Z11111	313	12.0	180.0	12	760.5052508053553	760.7421726594114
760.8055743294077	0.5068816189732388	trials	210624SL	p59	Z11111	281	10.0	90.0	12	760.9555743294077	761.162455948381
761.2458577748906	0.4968815407164584	trials	210624SL	p59	Z11111	304	3.0	180.0	12	761.3958577748906	761.5927393156071
761.6461409073469	0.5268817754863448	trials	210624SL	p59	Z11111	122	1.0	0.0	8	761.7961409073469	762.0230226828332
762.0964644313993	0.5268817754863448	trials	210624SL	p59	Z11111	63	2.0	180.0	4	762.2464644313993	762.4733462068857
765.5187712130087	0.5168816972296781	trials	210624SL	p59	Z11111	271	0.0	90.0	12	765.6687712130087	765.8856529102384
765.9590946588045	0.49684154040346584	trials	210624SL	p59	Z11111	334	3.0	270.0	12	766.1090946588045	766.305936199208
766.3693378692044	0.5269217757993374	trials	210624SL	p59	Z11111	206	10.0	225.0	8	766.5193378692044	766.7462596450038
766.8096613150002	0.4968815407164584	trials	210624SL	p59	Z11111	208	12.0	225.0	8	766.9596613150002	767.1565428557167
767.2199445257131	0.5268817754864585	trials	210624SL	p59	Z11111	56	10.0	135.0	4	767.3699445257131	767.5968263011996
767.6502278929394	0.4968815407164584	trials	210624SL	p59	Z11111	149	13.0	45.0	8	767.8002278929393	767.9971094336559
768.0505110253956	0.5268817754863448	trials	210624SL	p59	Z11111	351	5.0	315.0	12	768.2005110253956	768.427392800882
768.5007945491351	0.4968815407164584	trials	210624SL	p59	Z11111	127	6.0	0.0	8	768.6507945491351	768.8476760898516
771.8330606261217	0.5068816189731251	trials	210624SL	p59	Z11111	45	14.0	90.0	4	771.9830606261216	772.1899422450948
772.2533439150912	0.5269217757993374	trials	210624SL	p59	Z11111	212	1.0	270.0	8	772.4033439150912	772.6302656908906
772.7036674391437	0.4968815407164584	trials	210624SL	p59	Z11111	4	3.0	0.0	4	772.8536674391437	773.0505489798602
773.1039505716	0.5268817754863448	trials	210624SL	p59	Z11111	241	0.0	0.0	12	773.2539505716	773.4808323470863
773.5542340953394	0.4968815407164584	trials	210624SL	p59	Z11111	156	5.0	90.0	8	773.7042340953394	773.9011156360559
773.9545172277958	0.5268817754862312	trials	210624SL	p59	Z11111	360	14.0	315.0	12	774.1045172277958	774.3313990032821
774.4048407518482	0.49684154040346584	trials	210624SL	p59	Z11111	240	14.0	315.0	8	774.5548407518481	774.7516822922516
774.8151239625612	0.5268817754863448	trials	210624SL	p59	Z11111	130	9.0	0.0	8	774.9651239625612	775.1920057380476
778.1773902743176	0.5068816189730114	trials	210624SL	p59	Z11111	87	11.0	225.0	4	778.3273902743176	778.5342718932907
778.6077136418569	0.49684154040335216	trials	210624SL	p59	Z11111	190	9.0	180.0	8	778.7577136418569	778.9545551822603
779.0079567740001	0.5268817754863448	trials	210624SL	p59	Z11111	24	8.0	45.0	4	779.1579567740001	779.3848385494865
779.4582802980526	0.49684154040335216	trials	210624SL	p59	Z11111	52	6.0	135.0	4	779.6082802980526	779.805121838456
779.8585234301959	0.4968815407164584	trials	210624SL	p59	Z11111	8	7.0	0.0	4	780.0085234301959	780.2054049709124
780.2888467977351	0.5068816189730114	trials	210624SL	p59	Z11111	1	0.0	0.0	4	780.4388467977351	780.6457284167082
780.7291302432179	0.4968815407163447	trials	210624SL	p59	Z11111	5	4.0	0.0	4	780.8791302432179	781.0760117839343
781.1594136104442	0.4968815407164584	trials	210624SL	p59	Z11111	44	13.0	90.0	4	781.3094136104442	781.5062951511607
784.7118414103286	0.5268817754864585	trials	210624SL	p59	Z11111	267	11.0	45.0	12	784.8618414103286	785.0887231858151
785.1621649343812	0.49684154040335216	trials	210624SL	p59	Z11111	38	7.0	90.0	4	785.3121649343811	785.5090064747845
785.5624080665244	0.4968815407164584	trials	210624SL	p59	Z11111	15	14.0	0.0	4	785.7124080665244	785.9092896072409
785.9626911989807	0.5268817754863448	trials	210624SL	p59	Z11111	39	8.0	90.0	4	786.1126911989807	786.339572974467
786.4130147230331	0.49684154040346584	trials	210624SL	p59	Z11111	170	4.0	135.0	8	786.5630147230331	786.7598562634366
786.8132978554894	0.5368818537430116	trials	210624SL	p59	Z11111	254	13.0	0.0	12	786.9632978554894	787.2001797092324
787.2635813792289	0.5068816189730114	trials	210624SL	p59	Z11111	227	1.0	315.0	8	787.4135813792288	787.6204629982019
787.6738645899419	0.5268817754863448	trials	210624SL	p59	Z11111	348	2.0	315.0	12	787.8238645899419	788.0507463654283
790.9660903535888	0.5269217757994511	trials	210624SL	p59	Z11111	37	6.0	90.0	4	791.1160903535888	791.3430121293883
791.4164138776413	0.4968815407164584	trials	210624SL	p59	Z11111	124	3.0	0.0	8	791.5664138776413	791.7632954183578
794.1282750995866	0.5268817754864585	trials	210624SL	p59	Z11111	49	3.0	135.0	4	794.2782750995866	794.5051568750731
794.5785586233261	0.4968815407164584	trials	210624SL	p59	Z11111	292	6.0	135.0	12	794.7285586233261	794.9254401640426
794.9788417557825	0.5268817754863448	trials	210624SL	p59	Z11111	35	4.0	90.0	4	795.1288417557824	795.3557235312688
797.2904198452716	0.5268817754862312	trials	210624SL	p59	Z11111	359	13.0	315.0	12	797.4404198452715	797.6673016207578
797.740703369011	0.4968815407163447	trials	210624SL	p59	Z11111	288	2.0	135.0	12	797.890703369011	798.0875849097274
798.1409865014674	0.5268817754862312	trials	210624SL	p59	Z11111	142	6.0	45.0	8	798.2909865014674	798.5178682769537
798.5712698686935	0.4968815407164584	trials	210624SL	p59	Z11111	185	4.0	180.0	8	798.7212698686935	798.91815140941
798.9815530794065	0.5268817754862312	trials	210624SL	p59	Z11111	84	8.0	225.0	4	799.1315530794064	799.3584348548927
799.4218765252023	0.49684154040346584	trials	210624SL	p59	Z11111	203	7.0	225.0	8	799.5718765252022	799.7687180656058
799.8421598141719	0.49684154040346584	trials	210624SL	p59	Z11111	239	13.0	315.0	8	799.9921598141718	800.1890013545753
800.2624431031414	0.4968815407164584	trials	210624SL	p59	Z11111	302	1.0	180.0	12	800.4124431031414	800.6093246438579
803.594709180128	0.5268817754863448	trials	210624SL	p59	Z11111	160	9.0	90.0	8	803.744709180128	803.9715909556144
804.0450327041805	0.49684154040346584	trials	210624SL	p59	Z11111	136	0.0	45.0	8	804.1950327041804	804.391874244584
804.4452758363237	0.5268817754863448	trials	210624SL	p59	Z11111	91	0.0	270.0	4	804.5952758363237	804.8221576118101
804.8755592035499	0.5068816189731251	trials	210624SL	p59	Z11111	139	3.0	45.0	8	805.0255592035498	805.232440822523
805.3158826493458	0.4968815407164584	trials	210624SL	p59	Z11111	246	5.0	0.0	12	805.4658826493458	805.6627641900623
805.716165781802	0.5268817754863448	trials	210624SL	p59	Z11111	332	1.0	270.0	12	805.866165781802	806.0930475572884
806.1664493055415	0.4968815407164584	trials	210624SL	p59	Z11111	14	13.0	0.0	4	806.3164493055415	806.513330846258
806.5667324379978	0.5268817754863448	trials	210624SL	p59	Z11111	154	3.0	90.0	8	806.7167324379977	806.9436142134841
809.7989177317921	0.5269217757993374	trials	210624SL	p59	Z11111	27	11.0	45.0	4	809.9489177317921	810.1758395075915
810.2492412558446	0.4968815407164584	trials	210624SL	p59	Z11111	180	14.0	135.0	8	810.3992412558446	810.5961227965611
810.6495243883008	0.49684154040346584	trials	210624SL	p59	Z11111	77	1.0	225.0	4	810.7995243883008	810.9963659287043
811.079807755527	0.5068816189731251	trials	210624SL	p59	Z11111	0			0	811.229807755527	811.4366893745001
811.49009096624	0.5268817754863448	trials	210624SL	p59	Z11111	167	1.0	135.0	8	811.64009096624	811.8669727417264
811.9403744899794	0.4968815407164584	trials	210624SL	p59	Z11111	195	14.0	180.0	8	812.0903744899794	812.2872560306959
812.3706978575186	0.49684154040346584	trials	210624SL	p59	Z11111	294	8.0	135.0	12	812.5206978575186	812.7175393979221
812.7709409896619	0.5369218540560041	trials	210624SL	p59	Z11111	314	13.0	180.0	12	812.9209409896619	813.1578628437179
816.0532066753655	0.5268817754862312	trials	210624SL	p59	Z11111	251	10.0	0.0	12	816.2032066753654	816.4300884508517
816.5034901991047	0.4968815407165721	trials	210624SL	p59	Z11111	299	13.0	135.0	12	816.6534901991047	816.8503717398213
816.9037733315612	0.5268817754862312	trials	210624SL	p59	Z11111	69	8.0	180.0	4	817.0537733315612	817.2806551070474
817.3540968556136	0.49684154040335216	trials	210624SL	p59	Z11111	101	10.0	270.0	4	817.5040968556136	817.700938396017
817.7543399877569	0.5369218540558904	trials	210624SL	p59	Z11111	230	4.0	315.0	8	817.9043399877569	818.1412618418128
818.2046635118094	0.5368818537428979	trials	210624SL	p59	Z11111	13	12.0	0.0	4	818.3546635118093	818.5915453655523
820.8364441070756	0.5268817754863448	trials	210624SL	p59	Z11111	265	9.0	45.0	12	820.9864441070756	821.213325882562
821.2867676311281	0.49684154040346584	trials	210624SL	p59	Z11111	22	6.0	45.0	4	821.4367676311281	821.6336091715316
821.6870107632714	0.5269217757993374	trials	210624SL	p59	Z11111	285	14.0	90.0	12	821.8370107632713	822.0639325390707
822.1373342873238	0.5268817754863448	trials	210624SL	p59	Z11111	226	0.0	315.0	8	822.2873342873238	822.5142160628102
822.5776177328067	0.5269217757993374	trials	210624SL	p59	Z11111	141	5.0	45.0	8	822.7276177328067	822.9545395086061
823.0279412568592	0.4968815407164584	trials	210624SL	p59	Z11111	269	13.0	45.0	12	823.1779412568592	823.3748227975757
823.4282243893155	0.49684154040346584	trials	210624SL	p59	Z11111	249	8.0	0.0	12	823.5782243893154	823.775065929719
823.8585077565416	0.4968815407164584	trials	210624SL	p59	Z11111	62	1.0	180.0	4	824.0085077565416	824.2053892972581
827.3508950865734	0.5168816972297918	trials	210624SL	p59	Z11111	174	8.0	135.0	8	827.5008950865733	827.7177767838032
827.7911785320562	0.4968815407164584	trials	210624SL	p59	Z11111	125	4.0	0.0	8	827.9411785320561	828.1380600727726
830.002675838353	0.5068816189730114	trials	210624SL	p59	Z11111	70	9.0	180.0	4	830.1526758383529	830.359557457326
830.4229591273225	0.4968815407164584	trials	210624SL	p59	Z11111	169	3.0	135.0	8	830.5729591273225	830.769840668039
830.8532824948617	0.49684154040346584	trials	210624SL	p59	Z11111	340	9.0	270.0	12	831.0032824948617	831.2001240352652
831.2535256270049	0.4968815407164584	trials	210624SL	p59	Z11111	339	8.0	270.0	12	831.4035256270049	831.6004071677214
831.6838489945442	0.5368818537430116	trials	210624SL	p59	Z11111	352	6.0	315.0	12	831.8338489945442	832.0707308482872
832.1441325965403	0.5269217757993374	trials	210624SL	p59	Z11111	344	13.0	270.0	12	832.2941325965403	832.5210543723397
832.5944561205928	0.4968815407164584	trials	210624SL	p59	Z11111	323	7.0	225.0	12	832.7444561205928	832.9413376613093
833.0247394878189	0.5369218540558904	trials	210624SL	p59	Z11111	216	5.0	270.0	8	833.1747394878189	833.4116613418748
836.4270461129149	0.5269217757994511	trials	210624SL	p59	Z11111	214	3.0	270.0	8	836.5770461129149	836.8039678887144
841.1802833098553	0.5068816189730114	trials	210624SL	p59	Z11111	54	8.0	135.0	4	841.3302833098553	841.5371649288284
841.6106066773945	0.49684154040346584	trials	210624SL	p59	Z11111	188	7.0	180.0	8	841.7606066773944	841.957448217798
843.8721443752875	0.5268817754863448	trials	210624SL	p59	Z11111	354	8.0	315.0	12	844.0221443752874	844.2490261507738
844.3124278207703	0.4968815407164584	trials	210624SL	p59	Z11111	259	3.0	45.0	12	844.4624278207702	844.6593093614867
844.7227110314832	0.5268817754863448	trials	210624SL	p59	Z11111	40	9.0	90.0	4	844.8727110314832	845.0995928069696
845.1730345555358	0.49684154040335216	trials	210624SL	p59	Z11111	342	11.0	270.0	12	845.3230345555357	845.5198760959391
845.573277687679	0.5269217757993374	trials	210624SL	p59	Z11111	349	3.0	315.0	12	845.723277687679	845.9501994634784
846.0236012117315	0.4968815407164584	trials	210624SL	p59	Z11111	263	7.0	45.0	12	846.1736012117315	846.370482752448
846.4238843441877	0.49684154040346584	trials	210624SL	p59	Z11111	222	11.0	270.0	8	846.5738843441877	846.7707258845912
846.8541677114139	0.5068816189731251	trials	210624SL	p59	Z11111	89	13.0	225.0	4	847.0041677114139	847.211049330387
850.3065147281062	0.5268817754862312	trials	210624SL	p59	Z11111	119	13.0	315.0	4	850.4565147281062	850.6833965035925
850.7568382521586	0.49684154040346584	trials	210624SL	p59	Z11111	200	4.0	225.0	8	850.9068382521585	851.103679792562
851.1570813843018	0.5269217757994511	trials	210624SL	p59	Z11111	128	7.0	0.0	8	851.3070813843018	851.5340031601013
851.5874047518411	0.5068416186600189	trials	210624SL	p59	Z11111	268	12.0	45.0	12	851.737404751841	851.9442463705011
852.027688197324	0.4968815407163447	trials	210624SL	p59	Z11111	41	10.0	90.0	4	852.177688197324	852.3745697380403
852.4279713297802	0.5268817754863448	trials	210624SL	p59	Z11111	220	9.0	270.0	8	852.5779713297802	852.8048531052666
852.8582546970064	0.5068816189730114	trials	210624SL	p59	Z11111	32	1.0	90.0	4	853.0082546970064	853.2151363159794
853.2985781428023	0.49684154040335216	trials	210624SL	p59	Z11111	331	0.0	270.0	12	853.4485781428023	853.6454196832057
856.6108040629625	0.5268817754863448	trials	210624SL	p59	Z11111	284	13.0	90.0	12	856.7608040629625	856.9876858384489
857.0410874301887	0.5068816189731251	trials	210624SL	p59	Z11111	295	9.0	135.0	12	857.1910874301886	857.3979690491618
857.4814108759846	0.49684154040346584	trials	210624SL	p59	Z11111	132	11.0	0.0	8	857.6314108759846	857.8282524163881
857.9116942432107	0.5268817754863448	trials	210624SL	p59	Z11111	58	12.0	135.0	4	858.0616942432107	858.2885760186971
858.3620177672632	0.49684154040346584	trials	210624SL	p59	Z11111	232	6.0	315.0	8	858.5120177672632	858.7088593076667
858.7723009779762	0.5268817754862312	trials	210624SL	p59	Z11111	86	10.0	225.0	4	858.9223009779762	859.1491827534625
859.2125844234589	0.5068816189731251	trials	210624SL	p59	Z11111	193	12.0	180.0	8	859.3625844234589	859.569466042432
859.6528678689418	0.4968815407164584	trials	210624SL	p59	Z11111	10	9.0	0.0	4	859.8028678689418	859.9997494096583
862.885093163049	0.5268817754864585	trials	210624SL	p59	Z11111	236	10.0	315.0	8	863.0350931630489	863.2619749385354
863.3353766867884	0.5269217757994511	trials	210624SL	p59	Z11111	276	5.0	90.0	12	863.4853766867884	863.7122984625879
863.7857002108409	0.4968815407164584	trials	210624SL	p59	Z11111	66	5.0	180.0	4	863.9357002108409	864.1325817515574
864.1859833432973	0.49684154040335216	trials	210624SL	p59	Z11111	74	13.0	180.0	4	864.3359833432972	864.5328248837006
864.6162667105235	0.4968815407164584	trials	210624SL	p59	Z11111	6	5.0	0.0	4	864.7662667105235	864.96314825124
865.0265499212364	0.5268817754862312	trials	210624SL	p59	Z11111	78	2.0	225.0	4	865.1765499212364	865.4034316967227
865.4568332884626	0.5268817754863448	trials	210624SL	p59	Z11111	100	9.0	270.0	4	865.6068332884626	865.833715063949
865.8871166556888	0.5068816189730114	trials	210624SL	p59	Z11111	273	2.0	90.0	12	866.0371166556888	866.2439982746619
869.2594230460148	0.5068816189731251	trials	210624SL	p59	Z11111	18	2.0	45.0	4	869.4094230460148	869.616304664988
869.6897064132411	0.4968815407164584	trials	210624SL	p59	Z11111	67	6.0	180.0	4	869.8397064132411	870.0365879539576
870.0899895456974	0.5268817754863448	trials	210624SL	p59	Z11111	46	0.0	135.0	4	870.2399895456974	870.4668713211838
870.5403130697499	0.49684154040335216	trials	210624SL	p59	Z11111	175	9.0	135.0	8	870.6903130697499	870.8871546101533
870.9405562018932	0.5268817754863448	trials	210624SL	p59	Z11111	164	13.0	90.0	8	871.0905562018932	871.3174379773795
871.380879647689	0.49684154040335216	trials	210624SL	p59	Z11111	290	4.0	135.0	12	871.530879647689	871.7277211880923
871.7811227798322	0.5269217757994511	trials	210624SL	p59	Z11111	152	1.0	90.0	8	871.9311227798322	872.1580445556317
872.2314463038848	0.5268817754862312	trials	210624SL	p59	Z11111	43	12.0	90.0	4	872.3814463038848	872.6083280793711
875.6137527724675	0.5068816189731251	trials	210624SL	p59	Z11111	356	10.0	315.0	12	875.7637527724675	875.9706343914406
876.0440361396937	0.4968815407164584	trials	210624SL	p59	Z11111	72	11.0	180.0	4	876.1940361396937	876.3909176804102
876.44431927215	0.4968815407164584	trials	210624SL	p59	Z11111	289	3.0	135.0	12	876.59431927215	876.7912008128665
876.8446024046062	0.5268817754863448	trials	210624SL	p59	Z11111	184	3.0	180.0	8	876.9946024046062	877.2214841800926
877.2948859283457	0.4968815407164584	trials	210624SL	p59	Z11111	159	8.0	90.0	8	877.4448859283457	877.6417674690622
877.7051691390587	0.5268817754862312	trials	210624SL	p59	Z11111	283	12.0	90.0	12	877.8551691390587	878.082050914545
879.9667068369516	0.5068816189730114	trials	210624SL	p59	Z11111	111	5.0	315.0	4	880.1167068369516	880.3235884559247
880.3769900476644	0.5268817754864585	trials	210624SL	p59	Z11111	311	10.0	180.0	12	880.5269900476644	880.7538718231509
880.8072734148908	0.4968815407163447	trials	210624SL	p59	Z11111	300	14.0	135.0	12	880.9572734148908	881.1541549556072
881.2475968606865	0.49684154040346584	trials	210624SL	p59	Z11111	126	5.0	0.0	8	881.3975968606865	881.59443840109
881.6778802279127	0.4968815407164584	trials	210624SL	p59	Z11111	225	14.0	270.0	8	881.8278802279127	882.0247617686292
882.0981635168822	0.4968815407164584	trials	210624SL	p59	Z11111	79	3.0	225.0	4	882.2481635168822	882.4450450575987
882.4984466493386	0.4968815407164584	trials	210624SL	p59	Z11111	51	5.0	135.0	4	882.6484466493386	882.845328190055
882.9287300165648	0.5068816189730114	trials	210624SL	p59	Z11111	313	12.0	180.0	12	883.0787300165648	883.2856116355379
886.301036406891	0.5268817754862312	trials	210624SL	p59	Z11111	85	9.0	225.0	4	886.4510364068909	886.6779181823772
886.7413198523737	0.5068816189730114	trials	210624SL	p59	Z11111	186	5.0	180.0	8	886.8913198523737	887.0982014713468
887.1616031413433	0.4968815407164584	trials	210624SL	p59	Z11111	172	6.0	135.0	8	887.3116031413433	887.5084846820598
887.5718863520561	0.5268817754864585	trials	210624SL	p59	Z11111	248	7.0	0.0	12	887.7218863520561	887.9487681275426
888.0222098761087	0.49684154040335216	trials	210624SL	p59	Z11111	179	13.0	135.0	8	888.1722098761087	888.3690514165121
888.4524932433349	0.4968815407164584	trials	210624SL	p59	Z11111	286	0.0	135.0	12	888.6024932433348	888.7993747840513
888.8527763757912	0.5268817754863448	trials	210624SL	p59	Z11111	112	6.0	315.0	4	889.0027763757912	889.2296581512776
889.3030598995307	0.4968815407163447	trials	210624SL	p59	Z11111	129	8.0	0.0	8	889.4530598995307	889.6499414402471
892.6053257417474	0.5268817754863448	trials	210624SL	p59	Z11111	310	9.0	180.0	12	892.7553257417474	892.9822075172337
893.0556492657998	0.49684154040335216	trials	210624SL	p59	Z11111	316	0.0	225.0	12	893.2056492657998	893.4024908062032
893.4558923979431	0.4968815407164584	trials	210624SL	p59	Z11111	50	4.0	135.0	4	893.6058923979431	893.8027739386596
893.8862157654822	0.49684154040346584	trials	210624SL	p59	Z11111	358	12.0	315.0	12	894.0362157654822	894.2330573058857
894.2864588976256	0.5068816189730114	trials	210624SL	p59	Z11111	64	3.0	180.0	4	894.4364588976256	894.6433405165986
894.6967421083385	0.5268817754863448	trials	210624SL	p59	Z11111	158	7.0	90.0	8	894.8467421083385	895.0736238838249
895.1370255538213	0.5068816189731251	trials	210624SL	p59	Z11111	266	10.0	45.0	12	895.2870255538213	895.4939071727945
895.5773489996171	0.4968815407164584	trials	210624SL	p59	Z11111	217	6.0	270.0	8	895.7273489996171	895.9242305403336
899.0997365644188	0.5068816189730114	trials	210624SL	p59	Z11111	324	8.0	225.0	12	899.2497365644188	899.4566181833918
899.5100197751317	0.5268817754863448	trials	210624SL	p59	Z11111	293	7.0	135.0	12	899.6600197751317	899.8869015506181
899.940303142358	0.4968815407163447	trials	210624SL	p59	Z11111	165	14.0	90.0	8	900.0903031423579	900.2871846830743
900.3505863530708	0.5268817754863448	trials	210624SL	p59	Z11111	221	10.0	270.0	8	900.5005863530707	900.7274681285571
900.7909097988667	0.5068816189730114	trials	210624SL	p59	Z11111	215	4.0	270.0	8	900.9409097988666	901.1477914178397
901.2311932443495	0.4968815407164584	trials	210624SL	p59	Z11111	343	12.0	270.0	12	901.3811932443494	901.578074785066
901.6314763768058	0.49684154040335216	trials	210624SL	p59	Z11111	42	11.0	90.0	4	901.7814763768058	901.9783179172092
902.061759744032	0.5068816189730114	trials	210624SL	p59	Z11111	312	11.0	180.0	12	902.211759744032	902.418641363005
905.4040258992752	0.5168816972296781	trials	210624SL	p59	Z11111	7	6.0	0.0	4	905.5540258992752	905.7709075965049
905.844349345071	0.49684154040346584	trials	210624SL	p59	Z11111	291	5.0	135.0	12	905.994349345071	906.1911908854745
906.2446324775274	0.5368818537428979	trials	210624SL	p59	Z11111	34	3.0	90.0	4	906.3946324775274	906.6315143312703
906.6949160012667	0.5068816189731251	trials	210624SL	p59	Z11111	2	1.0	0.0	4	906.8449160012667	907.0517976202399
907.1351994467497	0.4968815407163447	trials	210624SL	p59	Z11111	270	14.0	45.0	12	907.2851994467496	907.482080987466
907.5354825792059	0.5268817754863448	trials	210624SL	p59	Z11111	93	2.0	270.0	4	907.6854825792059	907.9123643546923
907.9858061032584	0.49684154040346584	trials	210624SL	p59	Z11111	330	14.0	225.0	12	908.1358061032583	908.3326476436619
908.4260895487412	0.4968815407164584	trials	210624SL	p59	Z11111	161	10.0	90.0	8	908.5760895487412	908.7729710894577
911.7683957042974	0.5268817754863448	trials	210624SL	p59	Z11111	346	0.0	315.0	12	911.9183957042974	912.1452774797838
912.2186792280369	0.4968815407164584	trials	210624SL	p59	Z11111	168	2.0	135.0	8	912.3686792280369	912.5655607687534
912.648962595263	0.5068816189731251	trials	210624SL	p59	Z11111	272	1.0	90.0	12	912.798962595263	913.0058442142362
913.059245805976	0.5268817754862312	trials	210624SL	p59	Z11111	98	7.0	270.0	4	913.209245805976	913.4361275814623
913.5095693300285	0.49684154040335216	trials	210624SL	p59	Z11111	3	2.0	0.0	4	913.6595693300285	913.8564108704319
913.9398526972547	0.4968815407164584	trials	210624SL	p59	Z11111	257	1.0	45.0	12	914.0898526972546	914.2867342379711
914.3401358297109	0.5368818537430116	trials	210624SL	p59	Z11111	321	5.0	225.0	12	914.4901358297109	914.7270176834539
914.7904193534504	0.4968815407164584	trials	210624SL	p59	Z11111	202	6.0	225.0	8	914.9404193534504	915.1373008941669
918.1827259002897	0.5068816189732388	trials	210624SL	p59	Z11111	223	12.0	270.0	8	918.3327259002897	918.539607519263
918.6030091892593	0.5068816189731251	trials	210624SL	p59	Z11111	205	9.0	225.0	8	918.7530091892593	918.9598908082324
919.0132923999723	0.5269217757993374	trials	210624SL	p59	Z11111	219	8.0	270.0	8	919.1632923999723	919.3902141757717
919.4636159240248	0.4968815407164584	trials	210624SL	p59	Z11111	0			0	919.6136159240248	919.8104974647413
919.863899056481	0.5268817754863448	trials	210624SL	p59	Z11111	146	10.0	45.0	8	920.013899056481	920.2407808319674
920.3141825802205	0.5268817754863448	trials	210624SL	p59	Z11111	107	1.0	315.0	4	920.4641825802205	920.6910643557069
920.764506104273	0.4968815407164584	trials	210624SL	p59	Z11111	118	12.0	315.0	4	920.914506104273	921.1113876449895
921.1647892367292	0.49684154040346584	trials	210624SL	p59	Z11111	350	4.0	315.0	12	921.3147892367292	921.5116307771327
924.4870152351463	0.5068816189730114	trials	210624SL	p59	Z11111	210	14.0	225.0	8	924.6370152351462	924.8438968541193
924.9073385244288	0.5068416186600189	trials	210624SL	p59	Z11111	75	14.0	180.0	4	925.0573385244288	925.2641801430889
925.3175817348287	0.5269217757993374	trials	210624SL	p59	Z11111	104	13.0	270.0	4	925.4675817348286	925.694503510628
927.5591192762083	0.5268817754864585	trials	210624SL	p59	Z11111	23	7.0	45.0	4	927.7091192762083	927.9360010516948
928.0094428002609	0.5268817754862312	trials	210624SL	p59	Z11111	231	5.0	315.0	8	928.1594428002609	928.3863245757472
928.439726167487	0.5368818537428979	trials	210624SL	p59	Z11111	303	2.0	180.0	12	928.589726167487	928.82660802123
928.8900496915395	0.49684154040335216	trials	210624SL	p59	Z11111	178	12.0	135.0	8	929.0400496915395	929.2368912319429
929.3003329022524	0.5268817754863448	trials	210624SL	p59	Z11111	171	5.0	135.0	8	929.4503329022524	929.6772146777388
929.7406163477352	0.5068816189730114	trials	210624SL	p59	Z11111	20	4.0	45.0	4	929.8906163477352	930.0974979667083
930.1808997932181	0.4968815407163447	trials	210624SL	p59	Z11111	140	4.0	45.0	8	930.3308997932181	930.5277813339345
930.5811829256744	0.5268817754863448	trials	210624SL	p59	Z11111	82	6.0	225.0	4	930.7311829256744	930.9580647011608
933.913449002661	0.5268817754863448	trials	210624SL	p59	Z11111	253	12.0	0.0	12	934.063449002661	934.2903307781473
934.3637725267134	0.5268817754863448	trials	210624SL	p59	Z11111	59	13.0	135.0	4	934.5137725267134	934.7406543021998
934.8140560504529	0.4968815407164584	trials	210624SL	p59	Z11111	345	14.0	270.0	12	934.9640560504529	935.1609375911694
935.2143391829092	0.4968815407164584	trials	210624SL	p59	Z11111	94	3.0	270.0	4	935.3643391829091	935.5612207236256
935.6146223153654	0.5368818537430116	trials	210624SL	p59	Z11111	47	1.0	135.0	4	935.7646223153654	936.0015041691084
936.0649058391049	0.4968815407164584	trials	210624SL	p59	Z11111	116	10.0	315.0	4	936.2149058391049	936.4117873798214
936.4751890498179	0.5268817754863448	trials	210624SL	p59	Z11111	109	3.0	315.0	4	936.6251890498179	936.8520708253043
936.9155124956137	0.5068416186600189	trials	210624SL	p59	Z11111	326	10.0	225.0	12	937.0655124956137	937.2723541142738
940.2877788856268	0.5068816189730114	trials	210624SL	p59	Z11111	322	6.0	225.0	12	940.4377788856268	940.6446605045999
940.6980620963396	0.5068816189731251	trials	210624SL	p59	Z11111	73	12.0	180.0	4	940.8480620963396	941.0549437153128
941.1383855421356	0.49684154040346584	trials	210624SL	p59	Z11111	106	0.0	315.0	4	941.2883855421355	941.485227082539
941.5386286742788	0.4968815407164584	trials	210624SL	p59	Z11111	137	1.0	45.0	8	941.6886286742788	941.8855102149953
941.968952041818	0.49684154040335216	trials	210624SL	p59	Z11111	192	11.0	180.0	8	942.118952041818	942.3157935822214
942.3691951739613	0.5068816189731251	trials	210624SL	p59	Z11111	148	12.0	45.0	8	942.5191951739613	942.7260767929345
942.8095186197571	0.49684154040346584	trials	210624SL	p59	Z11111	26	10.0	45.0	4	942.9595186197571	943.1563601601606
943.2098017522135	0.5268817754863448	trials	210624SL	p59	Z11111	301	0.0	180.0	12	943.3598017522135	943.5866835276998
946.6321085338228	0.5168816972295645	trials	210624SL	p59	Z11111	115	9.0	315.0	4	946.7821085338228	946.9989902310524
947.0523918227923	0.5068816189731251	trials	210624SL	p59	Z11111	347	1.0	315.0	12	947.2023918227923	947.4092734417654
947.4927152685881	0.49684154040346584	trials	210624SL	p59	Z11111	145	9.0	45.0	8	947.6427152685881	947.8395568089916
947.8929584007313	0.4968815407164584	trials	210624SL	p59	Z11111	262	6.0	45.0	12	948.0429584007313	948.2398399414478
948.2932415331877	0.4968815407164584	trials	210624SL	p59	Z11111	306	5.0	180.0	12	948.4432415331877	948.6401230739042
948.6935246656441	0.5368818537428979	trials	210624SL	p59	Z11111	65	4.0	180.0	4	948.843524665644	949.080406519387
949.1338081111268	0.4968815407164584	trials	210624SL	p59	Z11111	191	10.0	180.0	8	949.2838081111267	949.4806896518432
949.564131478666	0.49684154040346584	trials	210624SL	p59	Z11111	81	5.0	225.0	4	949.714131478666	949.9109730190695
952.886397477396	0.5168416969166856	trials	210624SL	p59	Z11111	245	4.0	0.0	12	953.036397477396	953.2532391743127
953.3266809228788	0.49684154040346584	trials	210624SL	p59	Z11111	133	12.0	0.0	8	953.4766809228788	953.6735224632823
953.7269640553351	0.5068416186600189	trials	210624SL	p59	Z11111	224	13.0	270.0	8	953.8769640553351	954.0838056739951
954.167247500818	0.4968815407163447	trials	210624SL	p59	Z11111	204	8.0	225.0	8	954.317247500818	954.5141290415344
954.5975308680441	0.4968815407164584	trials	210624SL	p59	Z11111	11	10.0	0.0	4	954.7475308680441	954.9444124087606
955.0178141570137	0.4968815407164584	trials	210624SL	p59	Z11111	88	12.0	225.0	4	955.1678141570137	955.3646956977302
955.41809728947	0.5268817754863448	trials	210624SL	p59	Z11111	198	2.0	225.0	8	955.56809728947	955.7949790649564
955.8583807349529	0.5269217757993374	trials	210624SL	p59	Z11111	238	12.0	315.0	8	956.0083807349529	956.2353025107523
959.2406872035356	0.5168816972296781	trials	210624SL	p59	Z11111	255	14.0	0.0	12	959.3906872035355	959.6075689007653
959.6810106493314	0.49684154040346584	trials	210624SL	p59	Z11111	213	2.0	270.0	8	959.8310106493313	960.0278521897349
960.0912938600444	0.49684154040335216	trials	210624SL	p59	Z11111	143	7.0	45.0	8	960.2412938600444	960.4381354004478
960.5215772272705	0.4968815407164584	trials	210624SL	p59	Z11111	278	7.0	90.0	12	960.6715772272705	960.868458767987
960.9218603597268	0.5268817754863448	trials	210624SL	p59	Z11111	155	4.0	90.0	8	961.0718603597268	961.2987421352132
961.3721438834663	0.4968815407164584	trials	210624SL	p59	Z11111	261	5.0	45.0	12	961.5221438834662	961.7190254241827
961.7724270159225	0.5268817754863448	trials	210624SL	p59	Z11111	61	0.0	180.0	4	961.9224270159225	962.1493087914089
962.222750539975	0.49684154040346584	trials	210624SL	p59	Z11111	197	1.0	225.0	8	962.372750539975	962.5695920803785
965.544976538392	0.5269217757993374	trials	210624SL	p59	Z11111	201	5.0	225.0	8	965.694976538392	965.9218983141914
965.9852999841879	0.4968815407164584	trials	210624SL	p59	Z11111	53	7.0	135.0	4	966.1352999841879	966.3321815249044
966.3955831949007	0.5268817754863448	trials	210624SL	p59	Z11111	297	11.0	135.0	12	966.5455831949007	966.7724649703871
966.8458667186402	0.4968815407164584	trials	210624SL	p59	Z11111	71	10.0	180.0	4	966.9958667186402	967.1927482593567
967.2461498510964	0.5268817754863448	trials	210624SL	p59	Z11111	287	1.0	135.0	12	967.3961498510964	967.6230316265828
967.6964733751489	0.49684154040346584	trials	210624SL	p59	Z11111	209	13.0	225.0	8	967.8464733751489	968.0433149155524
968.0967165072924	0.49688154071623103	trials	210624SL	p59	Z11111	277	6.0	90.0	12	968.2467165072924	968.4435980480087
968.4969996397487	0.5268817754863448	trials	210624SL	p59	Z11111	335	4.0	270.0	12	968.6469996397486	968.873881415235
971.9293464999274	0.5268817754863448	trials	210624SL	p59	Z11111	353	7.0	315.0	12	972.0793464999274	972.3062282754138
972.3796700239799	0.49684154040346584	trials	210624SL	p59	Z11111	320	4.0	225.0	12	972.5296700239799	972.7265115643834
972.7799131561231	0.4968815407166858	trials	210624SL	p59	Z11111	327	11.0	225.0	12	972.9299131561231	973.1267946968399
973.1801962885796	0.5268817754861175	trials	210624SL	p59	Z11111	244	3.0	0.0	12	973.3301962885796	973.5570780640658
973.6305198126319	0.4968415404036932	trials	210624SL	p59	Z11111	252	11.0	0.0	12	973.7805198126318	973.9773613530356
974.0307629447753	0.5369218540558904	trials	210624SL	p59	Z11111	95	4.0	270.0	4	974.1807629447753	974.4176847988313
974.4810864688278	0.4968815407164584	trials	210624SL	p59	Z11111	120	14.0	315.0	4	974.6310864688278	974.8279680095443
974.8913696795406	0.5268817754863448	trials	210624SL	p59	Z11111	337	6.0	270.0	12	975.0413696795406	975.268251455027
978.1535952084179	0.5268817754863448	trials	210624SL	p59	Z11111	105	14.0	270.0	4	978.3035952084178	978.5304769839042
978.583878575644	0.4968815407164584	trials	210624SL	p59	Z11111	83	7.0	225.0	4	978.733878575644	978.9307601163605
978.9841617081003	0.5268817754865722	trials	210624SL	p59	Z11111	309	8.0	180.0	12	979.1341617081002	979.3610434835869
979.4344452318397	0.4968815407164584	trials	210624SL	p59	Z11111	138	2.0	45.0	8	979.5844452318397	979.7813267725562
979.834728364296	0.5368818537431252	trials	210624SL	p59	Z11111	274	3.0	90.0	12	979.984728364296	980.2216102180391
980.2850518883484	0.4968415404036932	trials	210624SL	p59	Z11111	199	3.0	225.0	8	980.4350518883484	980.6318934287522
980.6952950987485	0.5269217757993374	trials	210624SL	p59	Z11111	256	0.0	45.0	12	980.8452950987485	981.0722168745478
981.145618622801	0.4968815407164584	trials	210624SL	p59	Z11111	250	9.0	0.0	12	981.2956186228009	981.4925001635174
984.4278443081913	0.5068816189732388	trials	210624SL	p59	Z11111	196	0.0	225.0	8	984.5778443081913	984.7847259271646
984.8581676757307	0.49684154040323847	trials	210624SL	p59	Z11111	90	14.0	225.0	4	985.0081676757306	985.2050092161339
985.2584108078739	0.5268817754863448	trials	210624SL	p59	Z11111	296	10.0	135.0	12	985.4084108078739	985.6352925833603
985.7087343319264	0.49684154040346584	trials	210624SL	p59	Z11111	328	12.0	225.0	12	985.8587343319264	986.0555758723299
988.2904745355964	0.5268817754863448	trials	210624SL	p59	Z11111	242	1.0	0.0	12	988.4404745355964	988.6673563110828
988.7307979813924	0.49684154040346584	trials	210624SL	p59	Z11111	333	2.0	270.0	12	988.8807979813923	989.0776395217958
989.1410811921052	0.5268817754863448	trials	210624SL	p59	Z11111	166	0.0	135.0	8	989.2910811921051	989.5179629675915
989.5913647158446	0.4968815407164584	trials	210624SL	p59	Z11111	131	10.0	0.0	8	989.7413647158446	989.9382462565611
989.9916478483009	0.4968815407166858	trials	210624SL	p59	Z11111	12	11.0	0.0	4	990.1416478483009	990.3385293890176
990.3919309807574	0.5268817754861175	trials	210624SL	p59	Z11111	19	3.0	45.0	4	990.5419309807573	990.7688127562435
990.8422145044968	0.4968815407164584	trials	210624SL	p59	Z11111	307	6.0	180.0	12	990.9922145044968	991.1890960452133
991.2424976369531	0.5268817754863448	trials	210624SL	p59	Z11111	177	11.0	135.0	8	991.3924976369531	991.6193794124395
994.7648852017547	0.5168816972295645	trials	210624SL	p59	Z11111	55	9.0	135.0	4	994.9148852017547	995.1317668989843
995.2052086475504	0.49684154040346584	trials	210624SL	p59	Z11111	260	4.0	45.0	12	995.3552086475504	995.5520501879539
995.6054517796937	0.5369218540561178	trials	210624SL	p59	Z11111	194	13.0	180.0	8	995.7554517796937	995.9923736337498
996.0557753037464	0.5068816189730114	trials	210624SL	p59	Z11111	298	12.0	135.0	12	996.2057753037463	996.4126569227194
996.4660585144592	0.5268817754863448	trials	210624SL	p59	Z11111	102	11.0	270.0	4	996.6160585144592	996.8429402899455
996.9163820385116	0.49684154040346584	trials	210624SL	p59	Z11111	211	0.0	270.0	8	997.0663820385116	997.2632235789151
997.3166251706549	0.5268817754863448	trials	210624SL	p59	Z11111	25	9.0	45.0	4	997.4666251706549	997.6935069461413
997.7669486947074	0.49684154040346584	trials	210624SL	p59	Z11111	235	9.0	315.0	8	997.9169486947073	998.1137902351109
1001.1192149282073	0.5168816972295645	trials	210624SL	p59	Z11111	76	0.0	225.0	4	1001.2692149282072	1001.4860966254369
1001.559538374003	0.4968415404036932	trials	210624SL	p59	Z11111	181	0.0	180.0	8	1001.7095383740029	1001.9063799144067
1001.969781584403	0.5269217757993374	trials	210624SL	p59	Z11111	16	0.0	45.0	4	1002.119781584403	1002.3467033602024
1002.4101050301987	0.5068816189732388	trials	210624SL	p59	Z11111	280	9.0	90.0	12	1002.5601050301987	1002.7669866491719
1002.8203882409117	0.49684154040346584	trials	210624SL	p59	Z11111	338	7.0	270.0	12	1002.9703882409117	1003.1672297813152
1003.2506716081381	0.49688154071623103	trials	210624SL	p59	Z11111	318	2.0	225.0	12	1003.400671608138	1003.5975531488543
1003.6509547405943	0.49684154040323847	trials	210624SL	p59	Z11111	233	7.0	315.0	8	1003.8009547405943	1003.9977962809976
1004.091238186077	0.4968815407164584	trials	210624SL	p59	Z11111	57	11.0	135.0	4	1004.241238186077	1004.4381197267935
1007.8237873955201	0.5268817754861175	trials	210624SL	p59	Z11111	92	1.0	270.0	4	1007.97378739552	1008.2006691710062
1008.2640708410028	0.5068816189732388	trials	210624SL	p59	Z11111	113	7.0	315.0	4	1008.4140708410027	1008.620952459976
1008.7043942867987	0.49684154040323847	trials	210624SL	p59	Z11111	264	8.0	45.0	12	1008.8543942867987	1009.0512358272019
1009.124677575768	0.4968815407166858	trials	210624SL	p59	Z11111	121	0.0	0.0	8	1009.274677575768	1009.4715591164847
1009.5549609429944	0.4968815407164584	trials	210624SL	p59	Z11111	247	6.0	0.0	12	1009.7049609429944	1009.9018424837109
1009.975244231964	0.4968815407164584	trials	210624SL	p59	Z11111	279	8.0	90.0	12	1010.125244231964	1010.3221257726805
1010.3755273644202	0.4968815407164584	trials	210624SL	p59	Z11111	243	2.0	0.0	12	1010.5255273644202	1010.7224089051367
1010.7758104968765	0.5368818537428979	trials	210624SL	p59	Z11111	305	4.0	180.0	12	1010.9258104968765	1011.1626923506194
1014.1280767303764	0.5268817754863448	trials	210624SL	p59	Z11111	357	11.0	315.0	12	1014.2780767303764	1014.5049585058628
1014.5784002544289	0.49684154040346584	trials	210624SL	p59	Z11111	187	6.0	180.0	8	1014.7284002544288	1014.9252417948323
1015.008683621655	0.4968815407164584	trials	210624SL	p59	Z11111	157	6.0	90.0	8	1015.158683621655	1015.3555651623715
1015.4089667541115	0.5268817754861175	trials	210624SL	p59	Z11111	0			0	1015.5589667541115	1015.7858485295976
1015.8492501995942	0.5268817754863448	trials	210624SL	p59	Z11111	68	7.0	180.0	4	1015.9992501995941	1016.2261319750805
1016.2795335668203	0.4968815407164584	trials	210624SL	p59	Z11111	30	14.0	45.0	4	1016.4295335668203	1016.6264151075368
1016.7098169340464	0.5068816189732388	trials	210624SL	p59	Z11111	234	8.0	315.0	8	1016.8598169340464	1017.0666985530197
1017.1501403798424	0.4968815407164584	trials	210624SL	p59	Z11111	33	2.0	90.0	4	1017.3001403798423	1017.4970219205588
1020.5024066133423	0.5269217757993374	trials	210624SL	p59	Z11111	275	4.0	90.0	12	1020.6524066133422	1020.8793283891416
1020.9427300591382	0.49684154040323847	trials	210624SL	p59	Z11111	134	13.0	0.0	8	1021.0927300591381	1021.2895715995414
1021.353013269851	0.5268817754863448	trials	210624SL	p59	Z11111	123	2.0	0.0	8	1021.503013269851	1021.7298950453373
1021.8032967935904	0.4968815407164584	trials	210624SL	p59	Z11111	258	2.0	45.0	12	1021.9532967935904	1022.1501783343069
1022.2035799260467	0.5268817754863448	trials	210624SL	p59	Z11111	173	7.0	135.0	8	1022.3535799260467	1022.5804617015331
1022.6539034500992	0.49684154040346584	trials	210624SL	p59	Z11111	336	5.0	270.0	12	1022.8039034500991	1023.0007449905027
1023.0541465822424	0.5268817754863448	trials	210624SL	p59	Z11111	31	0.0	90.0	4	1023.2041465822424	1023.4310283577288
1023.5044701062949	0.4968815407165721	trials	210624SL	p59	Z11111	237	11.0	315.0	8	1023.6544701062949	1023.8513516470114
1026.8867765748776	0.5068816189732388	trials	210624SL	p59	Z11111	182	1.0	180.0	8	1027.0367765748776	1027.2436581938507
1027.317059942104	0.4968815407164584	trials	210624SL	p59	Z11111	135	14.0	0.0	8	1027.467059942104	1027.6639414828203
1027.7273431528167	0.5268817754865722	trials	210624SL	p59	Z11111	36	5.0	90.0	4	1027.8773431528168	1028.1042249283032
1028.1676265982996	0.4968815407164584	trials	210624SL	p59	Z11111	325	9.0	225.0	12	1028.3176265982997	1028.514508139016
1028.5779098090125	0.4968815407166858	trials	210624SL	p59	Z11111	17	1.0	45.0	4	1028.7279098090125	1028.924791349729
1029.0082331765516	0.4968415404036932	trials	210624SL	p59	Z11111	103	12.0	270.0	4	1029.1582331765517	1029.3550747169552
1029.408476308695	0.5268817754863448	trials	210624SL	p59	Z11111	96	5.0	270.0	4	1029.5584763086952	1029.7853580841813
1029.8587998327473	0.4968415404039206	trials	210624SL	p59	Z11111	153	2.0	90.0	8	1030.0087998327474	1030.2056413731511
1033.2311062230735	0.5068416186602462	trials	210624SL	p59	Z11111	117	11.0	315.0	4	1033.3811062230736	1033.5879478417337
1033.6613895903	0.5268817754863448	trials	210624SL	p59	Z11111	99	8.0	270.0	4	1033.8113895903	1034.0382713657862
1034.1116731140391	0.4968815407166858	trials	210624SL	p59	Z11111	108	2.0	315.0	4	1034.2616731140392	1034.4585546547557
1034.5119562464956	0.5268817754863448	trials	210624SL	p59	Z11111	319	3.0	225.0	12	1034.6619562464957	1034.8888380219819
1034.9622797705479	0.4968415404036932	trials	210624SL	p59	Z11111	97	6.0	270.0	4	1035.112279770548	1035.3091213109515
1035.3825630595175	0.4968415404036932	trials	210624SL	p59	Z11111	21	5.0	45.0	4	1035.5325630595175	1035.729404599921
1035.8128464267438	0.4968815407166858	trials	210624SL	p59	Z11111	9	8.0	0.0	4	1035.962846426744	1036.1597279674604
1036.2131295592	0.5068816189732388	trials	210624SL	p59	Z11111	228	2.0	315.0	8	1036.3631295592002	1036.5700111781732
1039.5353955579299	0.5068816189734662	trials	210624SL	p59	Z11111	163	12.0	90.0	8	1039.68539555793	1039.8922771769032
1039.945678768643	0.5268817754865722	trials	210624SL	p59	Z11111	80	4.0	225.0	4	1040.095678768643	1040.3225605441294
1040.3959622923824	0.4968815407166858	trials	210624SL	p59	Z11111	110	4.0	315.0	4	1040.5459622923825	1040.742843833099
1040.7962454248386	0.5068816189734662	trials	210624SL	p59	Z11111	144	8.0	45.0	8	1040.9462454248387	1041.153127043812
1041.2365288703215	0.4968815407166858	trials	210624SL	p59	Z11111	355	9.0	315.0	12	1041.3865288703216	1041.5834104110381
1041.6368120027778	0.5268817754865722	trials	210624SL	p59	Z11111	151	0.0	90.0	8	1041.7868120027779	1042.0136937782643
1042.0871355268303	0.4968415404036932	trials	210624SL	p59	Z11111	162	11.0	90.0	8	1042.2371355268303	1042.4339770672339
1042.4873786589735	0.5269217757995648	trials	210624SL	p59	Z11111	147	11.0	45.0	8	1042.6373786589736	1042.864300434773
1045.959765832492	0.5168816972300192	trials	210624SL	p59	Z11111	114	8.0	315.0	4	1046.109765832492	1046.3266475297219
1046.4000492779749	0.4968815407166858	trials	210624SL	p59	Z11111	183	2.0	180.0	8	1046.550049277975	1046.7469308186915
1046.800332410431	0.5368818537433526	trials	210624SL	p59	Z11111	315	14.0	180.0	12	1046.9503324104312	1047.1872142641744
1047.2506159341706	0.4968815407166858	trials	210624SL	p59	Z11111	218	7.0	270.0	8	1047.4006159341707	1047.5974974748872
1047.6608991448834	0.5269217757997922	trials	210624SL	p59	Z11111	150	14.0	45.0	8	1047.8108991448835	1048.037820920683
1048.111222668936	0.4968815407164584	trials	210624SL	p59	Z11111	0			0	1048.2612226689362	1048.4581042096524
1048.5115058013923	0.4968415404036932	trials	210624SL	p59	Z11111	229	3.0	315.0	8	1048.6615058013924	1048.858347341796
1048.9417891686185	0.4968815407166858	trials	210624SL	p59	Z11111	48	2.0	135.0	4	1049.0917891686186	1049.288670709335
1052.3440957937146	0.5268817754863448	trials	210624SL	p59	Z11111	282	11.0	90.0	12	1052.4940957937147	1052.7209775692008
1052.7744191612537	0.5268817754865722	trials	210624SL	p59	Z11111	207	11.0	225.0	8	1052.9244191612538	1053.1513009367402
1053.2247026849932	0.4968815407164584	trials	210624SL	p59	Z11111	329	13.0	225.0	12	1053.3747026849933	1053.5715842257096
1053.6249858174494	0.4968415404036932	trials	210624SL	p59	Z11111	341	10.0	270.0	12	1053.7749858174495	1053.971827357853
1054.0252689499057	0.5368818537433526	trials	210624SL	p59	Z11111	308	7.0	180.0	12	1054.1752689499058	1054.412150803649
1054.4755524736452	0.5068816189732388	trials	210624SL	p59	Z11111	29	13.0	45.0	4	1054.6255524736453	1054.8324340926183
1054.885835684358	0.5268817754867996	trials	210624SL	p59	Z11111	176	10.0	135.0	8	1055.035835684358	1055.2627174598447
1055.3161190515843	0.4968815407166858	trials	210624SL	p59	Z11111	60	14.0	135.0	4	1055.4661190515844	1055.663000592301
1058.7184656769934	0.5268817754863448	trials	210624SL	p59	Z11111	317	1.0	225.0	12	1058.8684656769935	1059.0953474524797
1059.1587491224761	0.4968815407166858	trials	210624SL	p59	Z11111	189	8.0	180.0	8	1059.3087491224762	1059.5056306631927
1059.5690323331892	0.49684154040346584	trials	210624SL	p59	Z11111	28	12.0	45.0	4	1059.7190323331893	1059.9158738735925
1059.9993157004153	0.4968815407166858	trials	210624SL	p59	Z11111	294	8.0	135.0	12	1060.1493157004154	1060.346197241132
1060.3995988328716	0.5268817754865722	trials	210624SL	p59	Z11111	199	3.0	225.0	8	1060.5495988328717	1060.776480608358
1060.849882356611	0.4968815407166858	trials	210624SL	p59	Z11111	67	6.0	180.0	4	1060.9998823566111	1061.1967638973276
1061.2501654890673	0.5068816189734662	trials	210624SL	p59	Z11111	304	3.0	180.0	12	1061.4001654890674	1061.6070471080407
1063.5317033434735	0.5068816189732388	trials	210624SL	p59	Z11111	190	9.0	180.0	8	1063.6817033434736	1063.8885849624467
1063.9419865541865	0.5068816189732388	trials	210624SL	p59	Z11111	135	14.0	0.0	8	1064.0919865541866	1064.2988681731597
1064.3823099999822	0.4968415404036932	trials	210624SL	p59	Z11111	347	1.0	315.0	12	1064.5323099999823	1064.7291515403858
1064.7825931324387	0.5268817754863448	trials	210624SL	p59	Z11111	323	7.0	225.0	12	1064.9325931324388	1065.159474907925
1065.232876656178	0.4968815407166858	trials	210624SL	p59	Z11111	103	12.0	270.0	4	1065.382876656178	1065.5797581968945
1065.663160023404	0.5068816189734662	trials	210624SL	p59	Z11111	115	9.0	315.0	4	1065.8131600234042	1066.0200416423775
1066.0834433123737	0.5369218540563452	trials	210624SL	p59	Z11111	180	14.0	135.0	8	1066.2334433123738	1066.47036516643
1066.5337668364264	0.5068816189732388	trials	210624SL	p59	Z11111	259	3.0	45.0	12	1066.6837668364265	1066.8906484553995
1069.8259926000733	0.5168816972300192	trials	210624SL	p59	Z11111	357	11.0	315.0	12	1069.9759926000734	1070.1928742973032
1070.2663160458692	0.4968415404036932	trials	210624SL	p59	Z11111	34	3.0	90.0	4	1070.4163160458693	1070.6131575862728
1070.6665991783254	0.5368818537431252	trials	210624SL	p59	Z11111	121	0.0	0.0	8	1070.8165991783255	1071.0534810320685
1071.1068826238084	0.5268817754863448	trials	210624SL	p59	Z11111	328	12.0	225.0	12	1071.2568826238085	1071.4837643992946
1071.5572061478606	0.4968415404039206	trials	210624SL	p59	Z11111	46	0.0	135.0	4	1071.7072061478607	1071.9040476882644
1071.957449280004	0.5268817754863448	trials	210624SL	p59	Z11111	98	7.0	270.0	4	1072.1074492800042	1072.3343310554903
1072.4077728040563	0.49688154071691315	trials	210624SL	p59	Z11111	320	4.0	225.0	12	1072.5577728040564	1072.7546543447731
1072.8080559365128	0.4968415404036932	trials	210624SL	p59	Z11111	155	4.0	90.0	8	1072.958055936513	1073.1548974769164
1076.210362561609	0.5268817754863448	trials	210624SL	p59	Z11111	85	9.0	225.0	4	1076.360362561609	1076.5872443370952
1076.6606460853484	0.4968815407164584	trials	210624SL	p59	Z11111	147	11.0	45.0	8	1076.8106460853485	1077.0075276260648
1077.0609292178046	0.5268817754863448	trials	210624SL	p59	Z11111	86	10.0	225.0	4	1077.2109292178047	1077.437810993291
1077.4912525853438	0.4968415404036932	trials	210624SL	p59	Z11111	150	14.0	45.0	8	1077.6412525853439	1077.8380941257474
1077.9315360308265	0.4968415404036932	trials	210624SL	p59	Z11111	153	2.0	90.0	8	1078.0815360308266	1078.27837757123
1078.331819163283	0.5268817754863448	trials	210624SL	p59	Z11111	236	10.0	315.0	8	1078.481819163283	1078.7087009387692
1078.7821026870222	0.49688154071691315	trials	210624SL	p59	Z11111	109	3.0	315.0	4	1078.9321026870223	1079.128984227739
1079.1823858194787	0.4968815407166858	trials	210624SL	p59	Z11111	246	5.0	0.0	12	1079.3323858194788	1079.5292673601953
1082.5846924445746	0.5268817754865722	trials	210624SL	p59	Z11111	261	5.0	45.0	12	1082.7346924445746	1082.961574220061
1083.015015812114	0.5268817754865722	trials	210624SL	p59	Z11111	119	13.0	315.0	4	1083.165015812114	1083.3918975876004
1083.4652993358534	0.4968815407164584	trials	210624SL	p59	Z11111	159	8.0	90.0	8	1083.6152993358535	1083.8121808765698
1083.8655824683096	0.5268817754865722	trials	210624SL	p59	Z11111	72	11.0	180.0	4	1084.0155824683097	1084.2424642437961
1084.3158659920489	0.49688154071691315	trials	210624SL	p59	Z11111	56	10.0	135.0	4	1084.465865992049	1084.6627475327657
1084.7161491245054	0.4968815407166858	trials	210624SL	p59	Z11111	100	9.0	270.0	4	1084.8661491245055	1085.063030665222
1085.156432569988	0.5269217757997922	trials	210624SL	p59	Z11111	208	12.0	225.0	8	1085.3064325699881	1085.5333543457878
1085.6067560940405	0.4968815407166858	trials	210624SL	p59	Z11111	165	14.0	90.0	8	1085.7567560940406	1085.9536376347571
1088.9590223275404	0.5068816189732388	trials	210624SL	p59	Z11111	248	7.0	0.0	12	1089.1090223275405	1089.3159039465136
1091.7809644109348	0.5268817754865722	trials	210624SL	p59	Z11111	316	0.0	225.0	12	1091.9309644109348	1092.1578461864212
1092.2312879349874	0.49684154040346584	trials	210624SL	p59	Z11111	160	9.0	90.0	8	1092.3812879349875	1092.5781294753908
1092.6315310671305	0.4968815407166858	trials	210624SL	p59	Z11111	222	11.0	270.0	8	1092.7815310671306	1092.978412607847
1093.0618544346698	0.49684154040346584	trials	210624SL	p59	Z11111	149	13.0	45.0	8	1093.21185443467	1093.4086959750732
1093.462097566813	0.5369218540561178	trials	210624SL	p59	Z11111	226	0.0	315.0	8	1093.6120975668132	1093.8490194208691
1093.9124210908656	0.5068816189732388	trials	210624SL	p59	Z11111	181	0.0	180.0	8	1094.0624210908657	1094.2693027098387
1094.3227043015784	0.5268817754865722	trials	210624SL	p59	Z11111	260	4.0	45.0	12	1094.4727043015785	1094.6995860770649
1096.734323173947	0.5268817754865722	trials	210624SL	p59	Z11111	95	4.0	270.0	4	1096.884323173947	1097.1112049494334
1097.1746466197428	0.49684154040346584	trials	210624SL	p59	Z11111	274	3.0	90.0	12	1097.324646619743	1097.5214881601462
1097.5849298304556	0.5268817754865722	trials	210624SL	p59	Z11111	207	11.0	225.0	8	1097.7349298304557	1097.961811605942
1098.035213354195	0.4968815407166858	trials	210624SL	p59	Z11111	42	11.0	90.0	4	1098.1852133541952	1098.3820948949117
1098.4655367217342	0.4968415404036932	trials	210624SL	p59	Z11111	204	8.0	225.0	8	1098.6155367217343	1098.8123782621378
1098.8657798538775	0.5268817754865722	trials	210624SL	p59	Z11111	283	12.0	90.0	12	1099.0157798538776	1099.242661629364
1099.31610337793	0.4968415404036932	trials	210624SL	p59	Z11111	340	9.0	270.0	12	1099.46610337793	1099.6629449183336
1099.726386588643	0.5268817754865722	trials	210624SL	p59	Z11111	145	9.0	45.0	8	1099.876386588643	1100.1032683641295
1103.1186931354823	0.5268817754865722	trials	210624SL	p59	Z11111	224	13.0	270.0	8	1103.2686931354824	1103.4955749109688
1103.5689766592218	0.5268817754865722	trials	210624SL	p59	Z11111	319	3.0	225.0	12	1103.7189766592219	1103.9458584347083
1104.0193001832743	0.4968415404036932	trials	210624SL	p59	Z11111	244	3.0	0.0	12	1104.1693001832743	1104.3661417236779
1104.4195833157305	0.5268817754865722	trials	210624SL	p59	Z11111	215	4.0	270.0	8	1104.5695833157306	1104.796465091217
1104.86986683947	0.5268817754865722	trials	210624SL	p59	Z11111	356	10.0	315.0	12	1105.01986683947	1105.2467486149565
1105.3201903635224	0.4968415404036932	trials	210624SL	p59	Z11111	169	3.0	135.0	8	1105.4701903635225	1105.667031903926
1105.7304735742355	0.5268817754865722	trials	210624SL	p59	Z11111	223	12.0	270.0	8	1105.8804735742356	1106.107355349722
1106.1607569414616	0.4968815407166858	trials	210624SL	p59	Z11111	296	10.0	135.0	12	1106.3107569414617	1106.5076384821782
1109.3729420787427	0.5268817754865722	trials	210624SL	p59	Z11111	148	12.0	45.0	8	1109.5229420787427	1109.7498238542291
1112.004722674009	0.5068816189732388	trials	210624SL	p59	Z11111	68	7.0	180.0	4	1112.154722674009	1112.361604292982
1112.415005884722	0.5268817754865722	trials	210624SL	p59	Z11111	17	1.0	45.0	4	1112.565005884722	1112.7918876602084
1112.845289251948	0.5068816189732388	trials	210624SL	p59	Z11111	194	13.0	180.0	8	1112.9952892519482	1113.2021708709212
1113.2856126977438	0.4968415404036932	trials	210624SL	p59	Z11111	315	14.0	180.0	12	1113.4356126977439	1113.6324542381474
1113.6858958302003	0.49684154040346584	trials	210624SL	p59	Z11111	128	7.0	0.0	8	1113.8358958302003	1114.0327373706036
1114.1161791974264	0.5068816189732388	trials	210624SL	p59	Z11111	349	3.0	315.0	12	1114.2661791974265	1114.4730608163995
1114.5264624081394	0.5268817754865722	trials	210624SL	p59	Z11111	8	7.0	0.0	4	1114.6764624081395	1114.903344183626
1114.9767459318787	0.4968815407166858	trials	210624SL	p59	Z11111	58	12.0	135.0	4	1115.1267459318788	1115.3236274725953
1118.3390522439481	0.5068816189734662	trials	210624SL	p59	Z11111	203	7.0	225.0	8	1118.4890522439482	1118.6959338629215
1118.7493354546611	0.5068816189732388	trials	210624SL	p59	Z11111	136	0.0	45.0	8	1118.8993354546612	1119.1062170736343
1119.189618900144	0.4968815407166858	trials	210624SL	p59	Z11111	138	2.0	45.0	8	1119.3396189001442	1119.5365004408607
1119.5899020326003	0.5268817754865722	trials	210624SL	p59	Z11111	290	4.0	135.0	12	1119.7399020326004	1119.9667838080868
1120.0402255566528	0.4968415404036932	trials	210624SL	p59	Z11111	305	4.0	180.0	12	1120.1902255566529	1120.3870670970564
1120.440468688796	0.5268817754865722	trials	210624SL	p59	Z11111	257	1.0	45.0	12	1120.5904686887961	1120.8173504642825
1120.8907922128485	0.4968415404036932	trials	210624SL	p59	Z11111	120	14.0	315.0	4	1121.0407922128486	1121.237633753252
1121.3010754235613	0.5268817754867996	trials	210624SL	p59	Z11111	270	14.0	45.0	12	1121.4510754235614	1121.677957199048
1124.683381892144	0.5168816972300192	trials	210624SL	p59	Z11111	124	3.0	0.0	8	1124.8333818921442	1125.050263589374
1125.123665337627	0.4968815407166858	trials	210624SL	p59	Z11111	173	7.0	135.0	8	1125.273665337627	1125.4705468783436
1125.5239484700833	0.5368818537433526	trials	210624SL	p59	Z11111	54	8.0	135.0	4	1125.6739484700834	1125.9108303238265
1125.9742319938227	0.4968815407166858	trials	210624SL	p59	Z11111	179	13.0	135.0	8	1126.1242319938228	1126.3211135345393
1126.3845152045358	0.5268817754865722	trials	210624SL	p59	Z11111	309	8.0	180.0	12	1126.5345152045359	1126.7613969800223
1126.8348387285882	0.4968815407166858	trials	210624SL	p59	Z11111	233	7.0	315.0	8	1126.9848387285883	1127.1817202693048
1127.2351218610445	0.5268817754865722	trials	210624SL	p59	Z11111	167	1.0	135.0	8	1127.3851218610446	1127.612003636531
1127.685405384784	0.4968815407166858	trials	210624SL	p59	Z11111	287	1.0	135.0	12	1127.835405384784	1128.0322869255006
1131.0176714617705	0.5068816189732388	trials	210624SL	p59	Z11111	176	10.0	135.0	8	1131.1676714617706	1131.3745530807437
1131.4279546724833	0.5368818537433526	trials	210624SL	p59	Z11111	237	11.0	315.0	8	1131.5779546724834	1131.8148365262266
1131.8782781965358	0.4968415404039206	trials	210624SL	p59	Z11111	30	14.0	45.0	4	1132.028278196536	1132.2251197369396
1132.2885614072488	0.5268817754865722	trials	210624SL	p59	Z11111	62	1.0	180.0	4	1132.438561407249	1132.6654431827353
1132.7388449309883	0.4968815407166858	trials	210624SL	p59	Z11111	132	11.0	0.0	8	1132.8888449309884	1133.085726471705
1135.820949050307	0.5068816189734662	trials	210624SL	p59	Z11111	299	13.0	135.0	12	1135.9709490503071	1136.1778306692804
1136.2512324175332	0.4968815407166858	trials	210624SL	p59	Z11111	92	1.0	270.0	4	1136.4012324175333	1136.5981139582498
1136.6515155499894	0.49688154071691315	trials	210624SL	p59	Z11111	358	12.0	315.0	12	1136.8015155499895	1136.9983970907062
1137.0817989172158	0.4968815407166858	trials	210624SL	p59	Z11111	57	11.0	135.0	4	1137.2317989172159	1137.4286804579324
1137.482082049672	0.5368818537431252	trials	210624SL	p59	Z11111	196	0.0	225.0	8	1137.6320820496721	1137.868963903415
1137.922365495155	0.5269217757995648	trials	210624SL	p59	Z11111	12	11.0	0.0	4	1138.072365495155	1138.2992872709544
1138.3726890192074	0.4968815407166858	trials	210624SL	p59	Z11111	37	6.0	90.0	4	1138.5226890192075	1138.719570559924
1138.7729721516637	0.5268817754865722	trials	210624SL	p59	Z11111	258	2.0	45.0	12	1138.9229721516638	1139.1498539271502
1142.085238072137	0.5268817754865722	trials	210624SL	p59	Z11111	213	2.0	270.0	8	1142.235238072137	1142.4621198476234
1142.515521439363	0.5068816189734662	trials	210624SL	p59	Z11111	26	10.0	45.0	4	1142.6655214393631	1142.8724030583364
1142.955804884846	0.4968815407166858	trials	210624SL	p59	Z11111	355	9.0	315.0	12	1143.105804884846	1143.3026864255626
1143.3860882520723	0.4968815407164584	trials	210624SL	p59	Z11111	322	6.0	225.0	12	1143.5360882520724	1143.7329697927887
1143.7863713845286	0.5368818537431252	trials	210624SL	p59	Z11111	221	10.0	270.0	8	1143.9363713845287	1144.1732532382716
1144.2266548300113	0.5269217757995648	trials	210624SL	p59	Z11111	75	14.0	180.0	4	1144.3766548300114	1144.6035766058108
1144.6769783540637	0.4968815407166858	trials	210624SL	p59	Z11111	282	11.0	90.0	12	1144.8269783540638	1145.0238598947803
1145.10726172129	0.4968815407166858	trials	210624SL	p59	Z11111	39	8.0	90.0	4	1145.25726172129	1145.4541432620065
1148.4495678768462	0.5168816972300192	trials	210624SL	p59	Z11111	48	2.0	135.0	4	1148.5995678768463	1148.8164495740762
1148.889851322329	0.4968815407166858	trials	210624SL	p59	Z11111	3	2.0	0.0	4	1149.039851322329	1149.2367328630455
1149.3201346895553	0.5068816189732388	trials	210624SL	p59	Z11111	107	1.0	315.0	4	1149.4701346895554	1149.6770163085284
1149.760458135351	0.4968415404036932	trials	210624SL	p59	Z11111	352	6.0	315.0	12	1149.910458135351	1150.1072996757546
1150.1807414243206	0.4968415404036932	trials	210624SL	p59	Z11111	188	7.0	180.0	8	1150.3307414243206	1150.5275829647242
1150.580984556464	0.5269217757993374	trials	210624SL	p59	Z11111	331	0.0	270.0	12	1150.7309845564641	1150.9579063322633
1151.0213080022597	0.5268817754865722	trials	210624SL	p59	Z11111	144	8.0	45.0	8	1151.1713080022598	1151.3981897777462
1151.4515913694859	0.5268817754865722	trials	210624SL	p59	Z11111	117	11.0	315.0	4	1151.601591369486	1151.8284731449723
1154.633776271997	0.5268817754865722	trials	210624SL	p59	Z11111	9	8.0	0.0	4	1154.783776271997	1155.0106580474835
1155.07405971748	0.5068816189732388	trials	210624SL	p59	Z11111	255	14.0	0.0	12	1155.22405971748	1155.430941336453
1155.5143431629626	0.4968815407166858	trials	210624SL	p59	Z11111	276	5.0	90.0	12	1155.6643431629627	1155.8612247036792
1155.9346664522452	0.4968415404036932	trials	210624SL	p59	Z11111	74	13.0	180.0	4	1156.0846664522453	1156.2815079926488
1156.3649498194713	0.4968415404036932	trials	210624SL	p59	Z11111	41	10.0	90.0	4	1156.5149498194714	1156.711791359875
1156.7652329519276	0.5068416186604736	trials	210624SL	p59	Z11111	35	4.0	90.0	4	1156.9152329519277	1157.122074570588
1157.2055163974105	0.4968815407166858	trials	210624SL	p59	Z11111	116	10.0	315.0	4	1157.3555163974106	1157.5523979381271
1157.6357997646369	0.4968815407164584	trials	210624SL	p59	Z11111	264	8.0	45.0	12	1157.785799764637	1157.9826813053533
1161.32830866074	0.5068816189734662	trials	210624SL	p59	Z11111	140	4.0	45.0	8	1161.4783086607401	1161.6851902797134
1161.738591871453	0.5268817754865722	trials	210624SL	p59	Z11111	313	12.0	180.0	12	1161.8885918714532	1162.1154736469396
1162.1889153955055	0.4968815407166858	trials	210624SL	p59	Z11111	201	5.0	225.0	8	1162.3389153955056	1162.5357969362221
1162.5891985279618	0.4968415404036932	trials	210624SL	p59	Z11111	338	7.0	270.0	12	1162.739198527962	1162.9360400683654
1163.019481895188	0.5068816189734662	trials	210624SL	p59	Z11111	6	5.0	0.0	4	1163.169481895188	1163.3763635141613
1163.429765105901	0.5268817754865722	trials	210624SL	p59	Z11111	281	10.0	90.0	12	1163.579765105901	1163.8066468813875
1163.860048473127	0.4968815407166858	trials	210624SL	p59	Z11111	275	4.0	90.0	12	1164.0100484731272	1164.2069300138437
1164.2603316055834	0.5268817754865722	trials	210624SL	p59	Z11111	231	5.0	315.0	8	1164.4103316055835	1164.6372133810698
1167.562557447487	0.5268817754865722	trials	210624SL	p59	Z11111	63	2.0	180.0	4	1167.7125574474871	1167.9394392229735
1168.002880893283	0.5068416186602462	trials	210624SL	p59	Z11111	43	12.0	90.0	4	1168.152880893283	1168.3597225119431
1168.4431643387659	0.4968815407164584	trials	210624SL	p59	Z11111	214	3.0	270.0	8	1168.593164338766	1168.7900458794822
1168.8434474712221	0.5268817754865722	trials	210624SL	p59	Z11111	38	7.0	90.0	4	1168.9934474712222	1169.2203292467086
1169.2937309949616	0.4968815407164584	trials	210624SL	p59	Z11111	220	9.0	270.0	8	1169.4437309949617	1169.640612535678
1169.7040142056744	0.5268817754865722	trials	210624SL	p59	Z11111	60	14.0	135.0	4	1169.8540142056745	1170.080895981161
1170.1343375732135	0.4968415404036932	trials	210624SL	p59	Z11111	66	5.0	180.0	4	1170.2843375732136	1170.4811791136171
1170.56462094044	0.49684154040346584	trials	210624SL	p59	Z11111	318	2.0	225.0	12	1170.71462094044	1170.9114624808433
1173.7467658426378	0.5269217757997922	trials	210624SL	p59	Z11111	126	5.0	0.0	8	1173.896765842638	1174.1236876184375
1174.1770892101772	0.5268817754865722	trials	210624SL	p59	Z11111	33	2.0	90.0	4	1174.3270892101773	1174.5539709856637
1174.6273727339167	0.4968815407166858	trials	210624SL	p59	Z11111	18	2.0	45.0	4	1174.7773727339168	1174.9742542746333
1175.0376559446295	0.5268817754865722	trials	210624SL	p59	Z11111	157	6.0	90.0	8	1175.1876559446296	1175.414537720116
1175.4779793904254	0.5068416186602462	trials	210624SL	p59	Z11111	268	12.0	45.0	12	1175.6279793904255	1175.8348210090855
1175.918262835908	0.49688154071691315	trials	210624SL	p59	Z11111	158	7.0	90.0	8	1176.0682628359082	1176.265144376625
1176.3185459683646	0.5268817754863448	trials	210624SL	p59	Z11111	65	4.0	180.0	4	1176.4685459683647	1176.6954277438508
1176.768829492104	0.4968815407164584	trials	210624SL	p59	Z11111	251	10.0	0.0	12	1176.9188294921041	1177.1157110328204
1180.1010955690906	0.5268817754865722	trials	210624SL	p59	Z11111	69	8.0	180.0	4	1180.2510955690907	1180.477977344577
1180.551419093143	0.4968815407166858	trials	210624SL	p59	Z11111	250	9.0	0.0	12	1180.7014190931432	1180.8983006338597
1180.9517022255993	0.5268817754865722	trials	210624SL	p59	Z11111	211	0.0	270.0	8	1181.1017022255994	1181.3285840010858
1181.4019857493388	0.4968815407166858	trials	210624SL	p59	Z11111	266	10.0	45.0	12	1181.5519857493389	1181.7488672900554
1181.802268881795	0.5368818537431252	trials	210624SL	p59	Z11111	61	0.0	180.0	4	1181.9522688817951	1182.189150735538
1182.2525524055345	0.5068816189732388	trials	210624SL	p59	Z11111	242	1.0	0.0	12	1182.4025524055346	1182.6094340245077
1182.6928758513304	0.4968815407164584	trials	210624SL	p59	Z11111	127	6.0	0.0	8	1182.8428758513305	1183.0397573920468
1183.1131591402998	0.4968815407166858	trials	210624SL	p59	Z11111	21	5.0	45.0	4	1183.2631591402999	1183.4600406810164
1186.7756678016333	0.5268817754865722	trials	210624SL	p59	Z11111	329	13.0	225.0	12	1186.9256678016334	1187.1525495771198
1187.2259513253728	0.4968815407166858	trials	210624SL	p59	Z11111	353	7.0	315.0	12	1187.3759513253729	1187.5728328660894
1187.626234457829	0.5268817754867996	trials	210624SL	p59	Z11111	166	0.0	135.0	8	1187.776234457829	1188.0031162333157
1188.0765579818817	0.49684154040346584	trials	210624SL	p59	Z11111	216	5.0	270.0	8	1188.2265579818818	1188.423399522285
1188.4768011140247	0.5268817754867996	trials	210624SL	p59	Z11111	337	6.0	270.0	12	1188.6268011140248	1188.8536828895114
1188.9271246380774	0.49684154040346584	trials	210624SL	p59	Z11111	346	0.0	315.0	12	1189.0771246380775	1189.2739661784808
1189.3374078487902	0.5268817754865722	trials	210624SL	p59	Z11111	271	0.0	90.0	12	1189.4874078487903	1189.7142896242767
1189.7776912942732	0.5068816189732388	trials	210624SL	p59	Z11111	307	6.0	180.0	12	1189.9276912942732	1190.1345729132463
1193.129997528086	0.5068416186602462	trials	210624SL	p59	Z11111	7	6.0	0.0	4	1193.2799975280861	1193.4868391467462
1193.5602808953122	0.5068816189732388	trials	210624SL	p59	Z11111	152	1.0	90.0	8	1193.7102808953123	1193.9171625142853
1194.0005643407949	0.4968815407166858	trials	210624SL	p59	Z11111	137	1.0	45.0	8	1194.150564340795	1194.3474458815115
1194.4308477080212	0.4968815407164584	trials	210624SL	p59	Z11111	279	8.0	90.0	12	1194.5808477080213	1194.7777292487376
1194.8311308404775	0.5068816189732388	trials	210624SL	p59	Z11111	192	11.0	180.0	8	1194.9811308404776	1195.1880124594506
1195.2714542862734	0.49684154040346584	trials	210624SL	p59	Z11111	227	1.0	315.0	8	1195.4214542862735	1195.6182958266768
1195.6716974184164	0.5268817754867996	trials	210624SL	p59	Z11111	341	10.0	270.0	12	1195.8216974184165	1196.0485791939032
1196.1220209424691	0.4968815407164584	trials	210624SL	p59	Z11111	81	5.0	225.0	4	1196.2720209424692	1196.4689024831855
1199.4242467843726	0.5068816189734662	trials	210624SL	p59	Z11111	312	11.0	180.0	12	1199.5742467843727	1199.781128403346
1199.854570151912	0.4968415404036932	trials	210624SL	p59	Z11111	350	4.0	315.0	12	1200.004570151912	1200.2014116923156
1200.2548532843682	0.5268817754865722	trials	210624SL	p59	Z11111	253	12.0	0.0	12	1200.4048532843683	1200.6317350598547
1200.6851366515943	0.5068816189732388	trials	210624SL	p59	Z11111	105	14.0	270.0	4	1200.8351366515944	1201.0420182705675
1201.1254200970773	0.4968815407166858	trials	210624SL	p59	Z11111	317	1.0	225.0	12	1201.2754200970774	1201.4723016377939
1201.5557034643034	0.4968815407166858	trials	210624SL	p59	Z11111	4	3.0	0.0	4	1201.7057034643035	1201.90258500502
1201.9559865967597	0.5368818537431252	trials	210624SL	p59	Z11111	327	11.0	225.0	12	1202.1059865967597	1202.3428684505027
1202.4063101208121	0.4968415404036932	trials	210624SL	p59	Z11111	241	0.0	0.0	12	1202.5563101208122	1202.7531516612157
1205.7285761195421	0.5268817754865722	trials	210624SL	p59	Z11111	90	14.0	225.0	4	1205.8785761195422	1206.1054578950286
1206.1588594867683	0.5268817754865722	trials	210624SL	p59	Z11111	114	8.0	315.0	4	1206.3088594867684	1206.5357412622548
1206.5891428539944	0.4968815407166858	trials	210624SL	p59	Z11111	306	5.0	180.0	12	1206.7391428539945	1206.936024394711
1206.9994260647074	0.4968815407166858	trials	210624SL	p59	Z11111	332	1.0	270.0	12	1207.1494260647075	1207.346307605424
1207.4297094319336	0.4968815407166858	trials	210624SL	p59	Z11111	77	1.0	225.0	4	1207.5797094319337	1207.7765909726502
1207.82999256439	0.4968815407164584	trials	210624SL	p59	Z11111	178	12.0	135.0	8	1207.9799925643902	1208.1768741051064
1208.2602759316162	0.4968815407166858	trials	210624SL	p59	Z11111	131	10.0	0.0	8	1208.4102759316163	1208.6071574723328
1208.670559142329	0.5268817754865722	trials	210624SL	p59	Z11111	210	14.0	225.0	8	1208.820559142329	1209.0474409178155
1212.0328654543985	0.5268817754867996	trials	210624SL	p59	Z11111	50	4.0	135.0	4	1212.1828654543986	1212.4097472298852
1212.4731488998814	0.5068816189732388	trials	210624SL	p59	Z11111	0			0	1212.6231488998815	1212.8300305188545
1212.8834321105942	0.49688154071691315	trials	210624SL	p59	Z11111	97	6.0	270.0	4	1213.0334321105943	1213.230313651311
1213.3137154778206	0.4968815407166858	trials	210624SL	p59	Z11111	289	3.0	135.0	12	1213.4637154778206	1213.6605970185371
1213.7139986102768	0.4968815407166858	trials	210624SL	p59	Z11111	239	13.0	315.0	8	1213.863998610277	1214.0608801509934
1214.1542820557595	0.5269217757997922	trials	210624SL	p59	Z11111	94	3.0	270.0	4	1214.3042820557596	1214.5312038315592
1214.5846054232989	0.4968415404036932	trials	210624SL	p59	Z11111	360	14.0	315.0	12	1214.734605423299	1214.9314469637025
1215.0248888687818	0.4968815407164584	trials	210624SL	p59	Z11111	108	2.0	315.0	4	1215.1748888687819	1215.3717704094981
1218.3571549457683	0.5168816972297918	trials	210624SL	p59	Z11111	59	13.0	135.0	4	1218.5071549457684	1218.724036642998
1218.7874383129945	0.4968815407166858	trials	210624SL	p59	Z11111	212	1.0	270.0	8	1218.9374383129946	1219.134319853711
1219.2177616805336	0.4968415404036932	trials	210624SL	p59	Z11111	293	7.0	135.0	12	1219.3677616805337	1219.5646032209372
1219.6180048126769	0.4968815407166858	trials	210624SL	p59	Z11111	31	0.0	90.0	4	1219.768004812677	1219.9648863533935
1220.0583282584728	0.4968415404036932	trials	210624SL	p59	Z11111	205	9.0	225.0	8	1220.2083282584729	1220.4051697988764
1220.488611625699	0.5268817754865722	trials	210624SL	p59	Z11111	311	10.0	180.0	12	1220.638611625699	1220.8654934011854
1220.9389351497514	0.5368818537431252	trials	210624SL	p59	Z11111	359	13.0	315.0	12	1221.0889351497515	1221.3258170034944
1221.3892186734909	0.4968815407166858	trials	210624SL	p59	Z11111	113	7.0	315.0	4	1221.539218673491	1221.7361002142075
1224.6914845157075	0.5268817754865722	trials	210624SL	p59	Z11111	96	5.0	270.0	4	1224.8414845157076	1225.068366291194
1225.141768039447	0.4968815407166858	trials	210624SL	p59	Z11111	183	2.0	180.0	8	1225.291768039447	1225.4886495801636
1225.5720914069861	0.4968415404036932	trials	210624SL	p59	Z11111	14	13.0	0.0	4	1225.7220914069862	1225.9189329473897
1225.9723345391296	0.5068816189732388	trials	210624SL	p59	Z11111	1	0.0	0.0	4	1226.1223345391297	1226.3292161581028
1226.4126579849253	0.4968415404036932	trials	210624SL	p59	Z11111	47	1.0	135.0	4	1226.5626579849254	1226.759499525329
1226.8429413521515	0.4968815407166858	trials	210624SL	p59	Z11111	351	5.0	315.0	12	1226.9929413521515	1227.189822892868
1227.2832247976344	0.4968815407166858	trials	210624SL	p59	Z11111	324	8.0	225.0	12	1227.4332247976345	1227.630106338351
1227.7135481651735	0.4968415404036932	trials	210624SL	p59	Z11111	52	6.0	135.0	4	1227.8635481651736	1228.060389705577
1231.245935808232	0.5268817754863448	trials	210624SL	p59	Z11111	79	3.0	225.0	4	1231.395935808232	1231.6228175837182
1231.6762191754578	0.49688154071691315	trials	210624SL	p59	Z11111	28	12.0	45.0	4	1231.826219175458	1232.0231007161747
1232.0865023861709	0.5268817754865722	trials	210624SL	p59	Z11111	0			0	1232.236502386171	1232.4633841616574
1232.51682575371	0.5268817754865722	trials	210624SL	p59	Z11111	23	7.0	45.0	4	1232.66682575371	1232.8937075291965
1232.9471091209364	0.5068416186602462	trials	210624SL	p59	Z11111	91	0.0	270.0	4	1233.0971091209365	1233.3039507395965
1233.387392566419	0.4968815407166858	trials	210624SL	p59	Z11111	93	2.0	270.0	4	1233.5373925664192	1233.7342741071357
1233.8176759336454	0.4968815407166858	trials	210624SL	p59	Z11111	118	12.0	315.0	4	1233.9676759336455	1234.164557474362
1234.2179590661017	0.5368818537431252	trials	210624SL	p59	Z11111	111	5.0	315.0	4	1234.3679590661018	1234.6048409198447
1237.590265456428	0.5268817754863448	trials	210624SL	p59	Z11111	218	7.0	270.0	8	1237.740265456428	1237.9671472319142
1238.0305489019106	0.4968815407166858	trials	210624SL	p59	Z11111	101	10.0	270.0	4	1238.1805489019107	1238.3774304426272
1238.4408321126236	0.5268817754863448	trials	210624SL	p59	Z11111	335	4.0	270.0	12	1238.5908321126237	1238.81771388811
1238.8711154798495	0.49688154071691315	trials	210624SL	p59	Z11111	125	4.0	0.0	8	1239.0211154798496	1239.2179970205664
1239.301438847389	0.4968415404036932	trials	210624SL	p59	Z11111	235	9.0	315.0	8	1239.451438847389	1239.6482803877925
1239.7117220581017	0.5268817754865722	trials	210624SL	p59	Z11111	273	2.0	90.0	12	1239.8617220581018	1240.0886038335882
1240.1620055818412	0.49688154071691315	trials	210624SL	p59	Z11111	112	6.0	315.0	4	1240.3120055818413	1240.508887122558
1240.5922889490676	0.4968815407164584	trials	210624SL	p59	Z11111	172	6.0	135.0	8	1240.7422889490676	1240.939170489784
1244.0246358092463	0.5068816189732388	trials	210624SL	p59	Z11111	202	6.0	225.0	8	1244.1746358092464	1244.3815174282195
1244.4549191764727	0.4968815407166858	trials	210624SL	p59	Z11111	146	10.0	45.0	8	1244.6049191764728	1244.8018007171893
1244.8952426222684	0.4968415404036932	trials	210624SL	p59	Z11111	156	5.0	90.0	8	1245.0452426222685	1245.242084162672
1245.2954857544116	0.5269217757995648	trials	210624SL	p59	Z11111	182	1.0	180.0	8	1245.4454857544117	1245.672407530211
1245.745809278464	0.4968815407166858	trials	210624SL	p59	Z11111	164	13.0	90.0	8	1245.8958092784642	1246.0926908191807
1246.1460924109206	0.5268817754863448	trials	210624SL	p59	Z11111	122	1.0	0.0	8	1246.2960924109207	1246.5229741864068
1246.59637593466	0.4968815407164584	trials	210624SL	p59	Z11111	298	12.0	135.0	12	1246.7463759346601	1246.9432574753764
1246.9966590671163	0.5368818537431252	trials	210624SL	p59	Z11111	343	12.0	270.0	12	1247.1466590671164	1247.3835409208593
1250.2889248310762	0.4968415404036932	trials	210624SL	p59	Z11111	285	14.0	90.0	12	1250.4389248310763	1250.6357663714798
1250.7091681197328	0.4968815407166858	trials	210624SL	p59	Z11111	243	2.0	0.0	12	1250.8591681197329	1251.0560496604494
1251.1194913307588	0.4968415404036932	trials	210624SL	p59	Z11111	154	3.0	90.0	8	1251.269491330759	1251.4663328711624
1251.549774697985	0.4968415404036932	trials	210624SL	p59	Z11111	267	11.0	45.0	12	1251.699774697985	1251.8966162383886
1251.9500178301282	0.5269217757995648	trials	210624SL	p59	Z11111	278	7.0	90.0	12	1252.1000178301283	1252.3269396059277
1252.4003413541807	0.4968815407166858	trials	210624SL	p59	Z11111	308	7.0	180.0	12	1252.5503413541808	1252.7472228948973
1252.830624721407	0.5068816189732388	trials	210624SL	p59	Z11111	89	13.0	225.0	4	1252.9806247214071	1253.1875063403802
1253.2709481672027	0.4968415404036932	trials	210624SL	p59	Z11111	32	1.0	90.0	4	1253.4209481672028	1253.6177897076063
1256.6532546357855	0.5068416186602462	trials	210624SL	p59	Z11111	187	6.0	180.0	8	1256.8032546357856	1257.0100962544457
1257.073537924755	0.4968415404036932	trials	210624SL	p59	Z11111	342	11.0	270.0	12	1257.2235379247552	1257.4203794651587
1257.5038212919812	0.4968815407166858	trials	210624SL	p59	Z11111	110	4.0	315.0	4	1257.6538212919813	1257.8507028326978
1257.9041044244375	0.5268817754865722	trials	210624SL	p59	Z11111	186	5.0	180.0	8	1258.0541044244376	1258.280986199924
1258.354387948177	0.4968815407166858	trials	210624SL	p59	Z11111	78	2.0	225.0	4	1258.504387948177	1258.7012694888936
1258.7546710806332	0.4968815407166858	trials	210624SL	p59	Z11111	219	8.0	270.0	8	1258.9046710806333	1259.1015526213498
1259.1849544478596	0.5068816189732388	trials	210624SL	p59	Z11111	240	14.0	315.0	8	1259.3349544478597	1259.5418360668327
1259.5952376585724	0.4968815407166858	trials	210624SL	p59	Z11111	10	9.0	0.0	4	1259.7452376585725	1259.942119199289
1262.9175036573024	0.4968815407166858	trials	210624SL	p59	Z11111	44	13.0	90.0	4	1263.0675036573025	1263.264385198019
1263.3277868680154	0.5268817754865722	trials	210624SL	p59	Z11111	197	1.0	225.0	8	1263.4777868680155	1263.704668643502
1263.7680703134981	0.5068816189732388	trials	210624SL	p59	Z11111	82	6.0	225.0	4	1263.9180703134982	1264.1249519324713
1264.208393759294	0.4968415404036932	trials	210624SL	p59	Z11111	288	2.0	135.0	12	1264.3583937592941	1264.5552352996976
1264.6086368914373	0.4968815407166858	trials	210624SL	p59	Z11111	76	0.0	225.0	4	1264.7586368914374	1264.955518432154
1265.048960337233	0.49688154071691315	trials	210624SL	p59	Z11111	232	6.0	315.0	8	1265.198960337233	1265.3958418779498
1265.4792437044593	0.4968815407164584	trials	210624SL	p59	Z11111	171	5.0	135.0	8	1265.6292437044594	1265.8261252451757
1265.8795268369156	0.5268817754865722	trials	210624SL	p59	Z11111	254	13.0	0.0	12	1266.0295268369157	1266.256408612402
1269.2117929139022	0.5268817754865722	trials	210624SL	p59	Z11111	198	2.0	225.0	8	1269.3617929139023	1269.5886746893887
1269.6420762811283	0.5268817754865722	trials	210624SL	p59	Z11111	88	12.0	225.0	4	1269.7920762811284	1270.0189580566148
1270.0923998051808	0.4968415404036932	trials	210624SL	p59	Z11111	292	6.0	135.0	12	1270.2423998051809	1270.4392413455844
1270.5026830158938	0.5268817754865722	trials	210624SL	p59	Z11111	49	3.0	135.0	4	1270.652683015894	1270.8795647913803
1270.9429664613767	0.5068816189732388	trials	210624SL	p59	Z11111	297	11.0	135.0	12	1271.0929664613768	1271.2998480803499
1271.3832899071724	0.4968415404036932	trials	210624SL	p59	Z11111	229	3.0	315.0	8	1271.5332899071725	1271.730131447576
1271.7835330393157	0.4968815407166858	trials	210624SL	p59	Z11111	73	12.0	180.0	4	1271.9335330393158	1272.1304145800323
1272.2138164065418	0.5068816189734662	trials	210624SL	p59	Z11111	302	1.0	180.0	12	1272.363816406542	1272.5706980255152
1275.8362847545359	0.5269217757995648	trials	210624SL	p59	Z11111	16	0.0	45.0	4	1275.986284754536	1276.2132065303354
1276.2866082785883	0.4968815407166858	trials	210624SL	p59	Z11111	84	8.0	225.0	4	1276.4366082785884	1276.633489819305
1276.6868914110446	0.5268817754865722	trials	210624SL	p59	Z11111	129	8.0	0.0	8	1276.8368914110447	1277.063773186531
1277.137174934784	0.4968815407166858	trials	210624SL	p59	Z11111	280	9.0	90.0	12	1277.2871749347842	1277.4840564755007
1277.5374580672403	0.4968815407166858	trials	210624SL	p59	Z11111	64	3.0	180.0	4	1277.6874580672404	1277.884339607957
1277.9677414344667	0.5068816189732388	trials	210624SL	p59	Z11111	225	14.0	270.0	8	1278.1177414344668	1278.3246230534398
1278.3780246451795	0.5268817754865722	trials	210624SL	p59	Z11111	262	6.0	45.0	12	1278.5280246451796	1278.754906420666
1278.828348169232	0.4968415404036932	trials	210624SL	p59	Z11111	24	8.0	45.0	4	1278.978348169232	1279.1751897096356
1282.6008976917014	0.4968815407164584	trials	210624SL	p59	Z11111	151	0.0	90.0	8	1282.7508976917015	1282.9477792324178
1283.0111809024143	0.4968815407166858	trials	210624SL	p59	Z11111	321	5.0	225.0	12	1283.1611809024143	1283.3580624431308
1283.4414642696404	0.4968815407166858	trials	210624SL	p59	Z11111	71	10.0	180.0	4	1283.5914642696405	1283.788345810357
1283.8417474020966	0.49688154071691315	trials	210624SL	p59	Z11111	143	7.0	45.0	8	1283.9917474020967	1284.1886289428135
1284.2820308475796	0.4968815407166858	trials	210624SL	p59	Z11111	134	13.0	0.0	8	1284.4320308475797	1284.6289123882962
1284.712354215119	0.49684154040346584	trials	210624SL	p59	Z11111	333	2.0	270.0	12	1284.862354215119	1285.0591957555223
1285.142637582345	0.4968815407166858	trials	210624SL	p59	Z11111	87	11.0	225.0	4	1285.2926375823452	1285.4895191230617
1285.5629208713146	0.4968815407164584	trials	210624SL	p59	Z11111	0			0	1285.7129208713147	1285.909802412031
1289.2354296109047	0.5268817754865722	trials	210624SL	p59	Z11111	228	2.0	315.0	8	1289.3854296109048	1289.6123113863912
1289.6757130563874	0.5068816189734662	trials	210624SL	p59	Z11111	263	7.0	45.0	12	1289.8257130563875	1290.0325946753608
1290.0859962671004	0.5268817754865722	trials	210624SL	p59	Z11111	195	14.0	180.0	8	1290.2359962671005	1290.462878042587
1290.536319791153	0.4968415404036932	trials	210624SL	p59	Z11111	249	8.0	0.0	12	1290.686319791153	1290.8831613315565
1290.966603158379	0.4968815407166858	trials	210624SL	p59	Z11111	106	0.0	315.0	4	1291.1166031583791	1291.3134846990956
1291.406886603862	0.4968815407166858	trials	210624SL	p59	Z11111	2	1.0	0.0	4	1291.556886603862	1291.7537681445785
1291.8171698145748	0.4968815407166858	trials	210624SL	p59	Z11111	185	4.0	180.0	8	1291.9671698145748	1292.1640513552913
1292.2274530252878	0.4968815407166858	trials	210624SL	p59	Z11111	55	9.0	135.0	4	1292.3774530252879	1292.5743345660044
1295.6097594938703	0.5168816972300192	trials	210624SL	p59	Z11111	83	7.0	225.0	4	1295.7597594938704	1295.9766411911003
1296.0500829396663	0.4968415404036932	trials	210624SL	p59	Z11111	163	12.0	90.0	8	1296.2000829396663	1296.3969244800699
1296.4603661503793	0.5268817754865722	trials	210624SL	p59	Z11111	245	4.0	0.0	12	1296.6103661503794	1296.8372479258658
1296.900649595862	0.5068816189734662	trials	210624SL	p59	Z11111	45	14.0	90.0	4	1297.050649595862	1297.2575312148354
1297.340933041345	0.4968815407166858	trials	210624SL	p59	Z11111	0			0	1297.490933041345	1297.6878145820615
1297.7412161738011	0.5268817754865722	trials	210624SL	p59	Z11111	277	6.0	90.0	12	1297.8912161738012	1298.1180979492876
1298.181499619284	0.4968815407166858	trials	210624SL	p59	Z11111	168	2.0	135.0	8	1298.3314996192842	1298.5283811600007
1298.6118229868232	0.4968415404036932	trials	210624SL	p59	Z11111	200	4.0	225.0	8	1298.7618229868233	1298.9586645272268
1302.2342913348173	0.5068816189732388	trials	210624SL	p59	Z11111	234	8.0	315.0	8	1302.3842913348174	1302.5911729537904
1302.64457454553	0.5268817754865722	trials	210624SL	p59	Z11111	326	10.0	225.0	12	1302.7945745455302	1303.0214563210166
1303.0948580692695	0.5268817754865722	trials	210624SL	p59	Z11111	139	3.0	45.0	8	1303.2448580692696	1303.471739844756
1303.545181593322	0.4968415404036932	trials	210624SL	p59	Z11111	256	0.0	45.0	12	1303.695181593322	1303.8920231337256
1303.9454247254653	0.5269217757995648	trials	210624SL	p59	Z11111	27	11.0	45.0	4	1304.0954247254654	1304.3223465012647
1304.3957482495177	0.4968815407166858	trials	210624SL	p59	Z11111	206	10.0	225.0	8	1304.5457482495178	1304.7426297902343
1304.8060314602308	0.5268817754865722	trials	210624SL	p59	Z11111	20	4.0	45.0	4	1304.9560314602309	1305.1829132357173
1305.236314827457	0.5268817754865722	trials	210624SL	p59	Z11111	104	13.0	270.0	4	1305.386314827457	1305.6131966029434
1308.5685809044435	0.5068816189732388	trials	210624SL	p59	Z11111	252	11.0	0.0	12	1308.7185809044436	1308.9254625234166
1308.9989042719826	0.4968415404036932	trials	210624SL	p59	Z11111	170	4.0	135.0	8	1309.1489042719827	1309.3457458123862
1309.399147404126	0.5268817754863448	trials	210624SL	p59	Z11111	217	6.0	270.0	8	1309.5491474041262	1309.7760291796124
1309.8494709281783	0.4968415404036932	trials	210624SL	p59	Z11111	5	4.0	0.0	4	1309.9994709281784	1310.196312468582
1310.2497540606348	0.49684154040346584	trials	210624SL	p59	Z11111	193	12.0	180.0	8	1310.399754060635	1310.5965956010382
1310.6900375061175	0.4968815407166858	trials	210624SL	p59	Z11111	123	2.0	0.0	8	1310.8400375061176	1311.036919046834
1311.1203208733436	0.49688154071691315	trials	210624SL	p59	Z11111	247	6.0	0.0	12	1311.2703208733437	1311.4672024140605
1311.5206040058001	0.5368818537431252	trials	210624SL	p59	Z11111	13	12.0	0.0	4	1311.6706040058002	1311.9074858595432
1314.8929103961261	0.5268817754865722	trials	210624SL	p59	Z11111	177	11.0	135.0	8	1315.0429103961262	1315.2697921716126
1315.333193841609	0.5068816189732388	trials	210624SL	p59	Z11111	354	8.0	315.0	12	1315.4831938416091	1315.6900754605822
1315.773517287405	0.49684154040346584	trials	210624SL	p59	Z11111	344	13.0	270.0	12	1315.923517287405	1316.1203588278083
1316.203800654631	0.4968415404036932	trials	210624SL	p59	Z11111	162	11.0	90.0	8	1316.3538006546312	1316.5506421950347
1316.614083865344	0.5268817754865722	trials	210624SL	p59	Z11111	51	5.0	135.0	4	1316.764083865344	1316.9909656408304
1317.0543673108268	0.5068816189732388	trials	210624SL	p59	Z11111	174	8.0	135.0	8	1317.204367310827	1317.4112489298
1317.4646505215396	0.5268817754865722	trials	210624SL	p59	Z11111	336	5.0	270.0	12	1317.6146505215397	1317.841532297026
1317.914974045592	0.4968415404036932	trials	210624SL	p59	Z11111	272	1.0	90.0	12	1318.0649740455922	1318.2618155859957
1321.2271999657526	0.5068816189732388	trials	210624SL	p59	Z11111	330	14.0	225.0	12	1321.3771999657527	1321.5840815847257
1321.6575233332917	0.4968415404036932	trials	210624SL	p59	Z11111	300	14.0	135.0	12	1321.8075233332918	1322.0043648736953
1322.057766465435	0.5369218540563452	trials	210624SL	p59	Z11111	230	4.0	315.0	8	1322.207766465435	1322.4446883194912
1322.518090067744	0.4968815407166858	trials	210624SL	p59	Z11111	141	5.0	45.0	8	1322.668090067744	1322.8649716084606
1322.9483734349703	0.4968815407166858	trials	210624SL	p59	Z11111	29	13.0	45.0	4	1323.0983734349704	1323.295254975687
1323.3786968025095	0.5068416186602462	trials	210624SL	p59	Z11111	53	7.0	135.0	4	1323.5286968025096	1323.7355384211696
1323.7889400129095	0.5269217757993374	trials	210624SL	p59	Z11111	99	8.0	270.0	4	1323.9389400129096	1324.1658617887088
1324.2292634587052	0.5068816189734662	trials	210624SL	p59	Z11111	238	12.0	315.0	8	1324.3792634587053	1324.5861450776786
1327.581529692205	0.5268817754865722	trials	210624SL	p59	Z11111	22	6.0	45.0	4	1327.7315296922052	1327.9584114676916
1328.0318532162576	0.5268817754865722	trials	210624SL	p59	Z11111	284	13.0	90.0	12	1328.1818532162577	1328.408734991744
1328.482136739997	0.4968815407166858	trials	210624SL	p59	Z11111	286	0.0	135.0	12	1328.6321367399971	1328.8290182807136
1328.8824198724533	0.4968815407166858	trials	210624SL	p59	Z11111	265	9.0	45.0	12	1329.0324198724534	1329.2293014131699
1329.3127032396794	0.5068816189734662	trials	210624SL	p59	Z11111	184	3.0	180.0	8	1329.4627032396795	1329.6695848586528
1329.7530266854753	0.4968415404036932	trials	210624SL	p59	Z11111	301	0.0	180.0	12	1329.9030266854754	1330.099868225879
1330.1833100527015	0.5068816189732388	trials	210624SL	p59	Z11111	142	6.0	45.0	8	1330.3333100527016	1330.5401916716746
1330.5935932634145	0.5268817754865722	trials	210624SL	p59	Z11111	175	9.0	135.0	8	1330.7435932634146	1330.970475038901
1334.005899966767	0.5068816189734662	trials	210624SL	p59	Z11111	161	10.0	90.0	8	1334.155899966767	1334.3627815857403
1334.41618317748	0.5068816189732388	trials	210624SL	p59	Z11111	303	2.0	180.0	12	1334.56618317748	1334.7730647964531
1334.856506623276	0.4968415404036932	trials	210624SL	p59	Z11111	295	9.0	135.0	12	1335.006506623276	1335.2033481636795
1335.2567497554192	0.5269217757995648	trials	210624SL	p59	Z11111	40	9.0	90.0	4	1335.4067497554192	1335.6336715312186
1335.6870731229583	0.5068416186602462	trials	210624SL	p59	Z11111	80	4.0	225.0	4	1335.8370731229584	1336.0439147416184
1336.1273565684412	0.4968815407166858	trials	210624SL	p59	Z11111	189	8.0	180.0	8	1336.2773565684413	1336.4742381091578
1336.5276397008975	0.4968415404036932	trials	210624SL	p59	Z11111	11	10.0	0.0	4	1336.6776397008975	1336.874481241301
1336.9579230681236	0.4968815407166858	trials	210624SL	p59	Z11111	25	9.0	45.0	4	1337.1079230681237	1337.3048046088402
1340.4102700848157	0.5268817754867996	trials	210624SL	p59	Z11111	310	9.0	180.0	12	1340.5602700848158	1340.7871518603024
1340.8605936088684	0.49684154040346584	trials	210624SL	p59	Z11111	191	10.0	180.0	8	1341.0105936088685	1341.2074351492718
1341.2908769760945	0.4968815407166858	trials	210624SL	p59	Z11111	339	8.0	270.0	12	1341.4408769760946	1341.6377585168111
1341.6911601085508	0.5368818537431252	trials	210624SL	p59	Z11111	291	5.0	135.0	12	1341.8411601085509	1342.0780419622938
1342.1414436322902	0.5068816189732388	trials	210624SL	p59	Z11111	209	13.0	225.0	8	1342.2914436322903	1342.4983252512634
1342.551726843003	0.5268817754865722	trials	210624SL	p59	Z11111	314	13.0	180.0	12	1342.7017268430031	1342.9286086184895
1343.0020503670555	0.4968415404039206	trials	210624SL	p59	Z11111	19	3.0	45.0	4	1343.1520503670556	1343.3488919074593
1343.4323337342819	0.4968815407166858	trials	210624SL	p59	Z11111	102	11.0	270.0	4	1343.582333734282	1343.7792152749985
1346.7645998112685	0.5068816189732388	trials	210624SL	p59	Z11111	334	3.0	270.0	12	1346.9145998112685	1347.1214814302416
1347.1948831784946	0.4968815407166858	trials	210624SL	p59	Z11111	36	5.0	90.0	4	1347.3448831784947	1347.5417647192112
1347.5951663109508	0.5368818537433526	trials	210624SL	p59	Z11111	325	9.0	225.0	12	1347.745166310951	1347.982048164694
1348.0454898350033	0.4968415404036932	trials	210624SL	p59	Z11111	130	9.0	0.0	8	1348.1954898350034	1348.392331375407
1348.465773123973	0.4968415404036932	trials	210624SL	p59	Z11111	348	2.0	315.0	12	1348.615773123973	1348.8126146643765
1348.8660162561162	0.5369218540563452	trials	210624SL	p59	Z11111	15	14.0	0.0	4	1349.0160162561162	1349.2529381101724
1349.3163397801686	0.5068816189732388	trials	210624SL	p59	Z11111	133	12.0	0.0	8	1349.4663397801687	1349.6732213991418
1349.7266229908817	0.5268817754865722	trials	210624SL	p59	Z11111	345	14.0	270.0	12	1349.8766229908817	1350.1035047663681
1353.3690914953888	0.5268817754865722	trials	210624SL	p59	Z11111	70	9.0	180.0	4	1353.519091495389	1353.7459732708753
1353.8194150194413	0.4968415404036932	trials	210624SL	p59	Z11111	269	13.0	45.0	12	1353.9694150194414	1354.166256559845
1354.2496983866674	0.5068816189732388	trials	210624SL	p59	Z11111	286	0.0	135.0	12	1354.3996983866675	1354.6065800056406
1354.6899818321504	0.4968815407166858	trials	210624SL	p59	Z11111	32	1.0	90.0	4	1354.8399818321504	1355.036863372867
1355.0902649646066	0.5268817754865722	trials	210624SL	p59	Z11111	323	7.0	225.0	12	1355.2402649646067	1355.467146740093
1355.540588488659	0.4968415404036932	trials	210624SL	p59	Z11111	106	0.0	315.0	4	1355.6905884886592	1355.8874300290627
1355.9508716993719	0.5268817754865722	trials	210624SL	p59	Z11111	358	12.0	315.0	12	1356.100871699372	1356.3277534748584
1356.3811550665982	0.5268817754865722	trials	210624SL	p59	Z11111	253	12.0	0.0	12	1356.5311550665983	1356.7580368420847
1359.7134211435848	0.5068816189732388	trials	210624SL	p59	Z11111	315	14.0	180.0	12	1359.863421143585	1360.070302762558
1360.1237043542976	0.4968815407166858	trials	210624SL	p59	Z11111	224	13.0	270.0	8	1360.2737043542977	1360.4705858950142
1360.5639877997805	0.4968815407166858	trials	210624SL	p59	Z11111	248	7.0	0.0	12	1360.7139877997806	1360.9108693404971
1360.9642709322368	0.5268817754865722	trials	210624SL	p59	Z11111	170	4.0	135.0	8	1361.1142709322369	1361.3411527077233
1361.4145944562893	0.4968415404036932	trials	210624SL	p59	Z11111	24	8.0	45.0	4	1361.5645944562893	1361.7614359966929
1361.8148375884325	0.5269217757995648	trials	210624SL	p59	Z11111	295	9.0	135.0	12	1361.9648375884326	1362.191759364232
1362.265161112485	0.4968815407166858	trials	210624SL	p59	Z11111	46	0.0	135.0	4	1362.415161112485	1362.6120426532016
1362.6654442449412	0.4968415404036932	trials	210624SL	p59	Z11111	23	7.0	45.0	4	1362.8154442449413	1363.0122857853448
1366.0377506352675	0.5068416186602462	trials	210624SL	p59	Z11111	73	12.0	180.0	4	1366.1877506352675	1366.3945922539276
1366.4680340024936	0.4968415404036932	trials	210624SL	p59	Z11111	111	5.0	315.0	4	1366.6180340024937	1366.8148755428972
1366.8983173697197	0.49688154071691315	trials	210624SL	p59	Z11111	219	8.0	270.0	8	1367.0483173697198	1367.2451989104366
1367.2986005021762	0.49684154040346584	trials	210624SL	p59	Z11111	337	6.0	270.0	12	1367.4486005021763	1367.6454420425796
1367.7288838694024	0.5068816189732388	trials	210624SL	p59	Z11111	68	7.0	180.0	4	1367.8788838694024	1368.0857654883755
1368.169167314885	0.4968815407166858	trials	210624SL	p59	Z11111	53	7.0	135.0	4	1368.3191673148851	1368.5160488556016
1368.5694504473415	0.5268817754865722	trials	210624SL	p59	Z11111	165	14.0	90.0	8	1368.7194504473416	1368.946332222828
1369.019773971394	0.4968415404036932	trials	210624SL	p59	Z11111	104	13.0	270.0	4	1369.169773971394	1369.3666155117976
1372.392040361407	0.5269217757995648	trials	210624SL	p59	Z11111	181	0.0	180.0	8	1372.542040361407	1372.7689621372065
1372.832363807203	0.5068816189732388	trials	210624SL	p59	Z11111	127	6.0	0.0	8	1372.982363807203	1373.189245426176
1373.2726472526856	0.4968815407166858	trials	210624SL	p59	Z11111	119	13.0	315.0	4	1373.4226472526857	1373.6195287934022
1373.672930385142	0.5268817754863448	trials	210624SL	p59	Z11111	321	5.0	225.0	12	1373.8229303851422	1374.0498121606283
1374.1232539091943	0.5268817754867996	trials	210624SL	p59	Z11111	279	8.0	90.0	12	1374.2732539091944	1374.500135684681
1374.5735374329338	0.5268817754865722	trials	210624SL	p59	Z11111	199	3.0	225.0	8	1374.7235374329339	1374.9504192084203
1375.0138608787297	0.5268817754865722	trials	210624SL	p59	Z11111	263	7.0	45.0	12	1375.1638608787298	1375.3907426542162
1375.4641444024692	0.4968815407166858	trials	210624SL	p59	Z11111	100	9.0	270.0	4	1375.6141444024693	1375.8110259431858
1378.7764103229426	0.5268817754863448	trials	210624SL	p59	Z11111	184	3.0	180.0	8	1378.9264103229427	1379.153292098429
1381.2380695869072	0.5268817754865722	trials	210624SL	p59	Z11111	76	0.0	225.0	4	1381.3880695869072	1381.6149513623936
1381.678393032703	0.5068816189732388	trials	210624SL	p59	Z11111	188	7.0	180.0	8	1381.8283930327032	1382.0352746516762
1382.1186764781858	0.4968815407166858	trials	210624SL	p59	Z11111	7	6.0	0.0	4	1382.2686764781859	1382.4655580189024
1382.518959610642	0.4968415404036932	trials	210624SL	p59	Z11111	193	12.0	180.0	8	1382.668959610642	1382.8658011510456
1382.9492429778682	0.5068816189734662	trials	210624SL	p59	Z11111	309	8.0	180.0	12	1383.0992429778682	1383.3061245968415
1383.389526423351	0.4968815407166858	trials	210624SL	p59	Z11111	38	7.0	90.0	4	1383.5395264233512	1383.7364079640677
1383.7898095558073	0.5268817754865722	trials	210624SL	p59	Z11111	333	2.0	270.0	12	1383.9398095558074	1384.1666913312938
1384.2401330798598	0.4968415404036932	trials	210624SL	p59	Z11111	142	6.0	45.0	8	1384.3901330798599	1384.5869746202634
1387.642439704956	0.5268817754865722	trials	210624SL	p59	Z11111	129	8.0	0.0	8	1387.792439704956	1388.0193214804424
1388.0927632290084	0.49684154040346584	trials	210624SL	p59	Z11111	260	4.0	45.0	12	1388.2427632290085	1388.4396047694117
1388.4930063611516	0.4968815407166858	trials	210624SL	p59	Z11111	276	5.0	90.0	12	1388.6430063611517	1388.8398879018682
1388.9233297286908	0.4968415404036932	trials	210624SL	p59	Z11111	91	0.0	270.0	4	1389.0733297286909	1389.2701712690944
1389.323572860834	0.5369218540563452	trials	210624SL	p59	Z11111	116	10.0	315.0	4	1389.473572860834	1389.7104947148903
1389.7738963848865	0.4968815407166858	trials	210624SL	p59	Z11111	326	10.0	225.0	12	1389.9238963848866	1390.120777925603
1390.1841795955995	0.5268817754865722	trials	210624SL	p59	Z11111	19	3.0	45.0	4	1390.3341795955996	1390.561061371086
1390.6344631193388	0.5269217757997922	trials	210624SL	p59	Z11111	175	9.0	135.0	8	1390.7844631193389	1391.0113848951385
1394.0668099795178	0.5068816189734662	trials	210624SL	p59	Z11111	228	2.0	315.0	8	1394.2168099795178	1394.4236915984911
1394.4971333470571	0.49684154040346584	trials	210624SL	p59	Z11111	208	12.0	225.0	8	1394.6471333470572	1394.8439748874605
1394.9274167142833	0.4968415404036932	trials	210624SL	p59	Z11111	180	14.0	135.0	8	1395.0774167142833	1395.2742582546869
1395.3276598464265	0.5369218540563452	trials	210624SL	p59	Z11111	220	9.0	270.0	8	1395.4776598464266	1395.7145817004828
1395.777983370479	0.4968815407166858	trials	210624SL	p59	Z11111	137	1.0	45.0	8	1395.927983370479	1396.1248649111956
1396.1882665811918	0.5268817754867996	trials	210624SL	p59	Z11111	34	3.0	90.0	4	1396.3382665811919	1396.5651483566785
1396.6385501049313	0.49688154071691315	trials	210624SL	p59	Z11111	0			0	1396.7885501049313	1396.985431645648
1397.0388332373877	0.5268817754865722	trials	210624SL	p59	Z11111	345	14.0	270.0	12	1397.1888332373878	1397.4157150128742
1400.4511799410534	0.5068416186602462	trials	210624SL	p59	Z11111	133	12.0	0.0	8	1400.6011799410535	1400.8080215597136
1400.8814633082795	0.4968815407166858	trials	210624SL	p59	Z11111	182	1.0	180.0	8	1401.0314633082796	1401.2283448489961
1401.3017465972491	0.4968815407166858	trials	210624SL	p59	Z11111	42	11.0	90.0	4	1401.4517465972492	1401.6486281379657
1401.7020297297054	0.5268817754865722	trials	210624SL	p59	Z11111	314	13.0	180.0	12	1401.8520297297055	1402.0789115051919
1402.1523132534448	0.4968815407166858	trials	210624SL	p59	Z11111	79	3.0	225.0	4	1402.302313253445	1402.4991947941614
1402.552596385901	0.5068816189734662	trials	210624SL	p59	Z11111	291	5.0	135.0	12	1402.7025963859012	1402.9094780048745
1402.9628795966141	0.5268817754863448	trials	210624SL	p59	Z11111	265	9.0	45.0	12	1403.1128795966142	1403.3397613721004
1403.4031630420968	0.5068816189734662	trials	210624SL	p59	Z11111	150	14.0	45.0	8	1403.553163042097	1403.7600446610702
1406.6753886492306	0.5068816189734662	trials	210624SL	p59	Z11111	317	1.0	225.0	12	1406.8253886492307	1407.032270268204
1407.10571201677	0.4968415404036932	trials	210624SL	p59	Z11111	122	1.0	0.0	8	1407.25571201677	1407.4525535571736
1407.5059551489132	0.4968815407166858	trials	210624SL	p59	Z11111	340	9.0	270.0	12	1407.6559551489133	1407.8528366896298
1407.9362785164524	0.5068416186602462	trials	210624SL	p59	Z11111	307	6.0	180.0	12	1408.0862785164525	1408.2931201351125
1408.3765619619353	0.4968815407164584	trials	210624SL	p59	Z11111	112	6.0	315.0	4	1408.5265619619354	1408.7234435026517
1408.7768450943915	0.5268817754865722	trials	210624SL	p59	Z11111	308	7.0	180.0	12	1408.9268450943916	1409.153726869878
1409.2071284616177	0.5068816189732388	trials	210624SL	p59	Z11111	110	4.0	315.0	4	1409.3571284616178	1409.5640100805908
1409.6474119071006	0.4968815407164584	trials	210624SL	p59	Z11111	201	5.0	225.0	8	1409.7974119071007	1409.994293447817
1412.9796779840872	0.5068816189732388	trials	210624SL	p59	Z11111	231	5.0	315.0	8	1413.1296779840873	1413.3365596030603
1413.4100013516263	0.4968415404036932	trials	210624SL	p59	Z11111	233	7.0	315.0	8	1413.5600013516264	1413.75684289203
1413.8102444837696	0.5269217757995648	trials	210624SL	p59	Z11111	343	12.0	270.0	12	1413.9602444837697	1414.187166259569
1414.260568007822	0.4968815407166858	trials	210624SL	p59	Z11111	71	10.0	180.0	4	1414.4105680078221	1414.6074495485386
1414.6608511402783	0.5068816189734662	trials	210624SL	p59	Z11111	320	4.0	225.0	12	1414.8108511402784	1415.0177327592517
1415.1011345857612	0.4968815407166858	trials	210624SL	p59	Z11111	257	1.0	45.0	12	1415.2511345857613	1415.4480161264778
1415.5014177182175	0.4968815407166858	trials	210624SL	p59	Z11111	3	2.0	0.0	4	1415.6514177182175	1415.848299258934
1415.9317010854436	0.4968815407166858	trials	210624SL	p59	Z11111	255	14.0	0.0	12	1416.0817010854437	1416.2785826261602
1419.273967240687	0.5168816972297918	trials	210624SL	p59	Z11111	114	8.0	315.0	4	1419.423967240687	1419.6408489379166
1419.7142906864826	0.4968415404036932	trials	210624SL	p59	Z11111	270	14.0	45.0	12	1419.8642906864827	1420.0611322268862
1420.114573818939	0.5368818537431252	trials	210624SL	p59	Z11111	195	14.0	180.0	8	1420.2645738189392	1420.5014556726821
1420.5648573426784	0.49688154071691315	trials	210624SL	p59	Z11111	322	6.0	225.0	12	1420.7148573426784	1420.9117388833952
1420.9751405533914	0.5268817754865722	trials	210624SL	p59	Z11111	227	1.0	315.0	8	1421.1251405533915	1421.3520223288779
1421.4054239206177	0.4968815407164584	trials	210624SL	p59	Z11111	327	11.0	225.0	12	1421.5554239206178	1421.7523054613341
1421.805707053074	0.4968815407164584	trials	210624SL	p59	Z11111	334	3.0	270.0	12	1421.955707053074	1422.1525885937904
1422.2059901855303	0.5268817754865722	trials	210624SL	p59	Z11111	75	14.0	180.0	4	1422.3559901855303	1422.5828719610167
1425.638337045709	0.5268817754865722	trials	210624SL	p59	Z11111	271	0.0	90.0	12	1425.788337045709	1426.0152188211955
1426.0886205694485	0.4968815407166858	trials	210624SL	p59	Z11111	41	10.0	90.0	4	1426.2386205694486	1426.435502110165
1426.488903701905	0.5268817754863448	trials	210624SL	p59	Z11111	39	8.0	90.0	4	1426.638903701905	1426.8657854773912
1426.9291871473877	0.4968815407166858	trials	210624SL	p59	Z11111	161	10.0	90.0	8	1427.0791871473878	1427.2760686881043
1427.3595105149268	0.4968415404036932	trials	210624SL	p59	Z11111	216	5.0	270.0	8	1427.509510514927	1427.7063520553304
1427.75975364707	0.5268817754865722	trials	210624SL	p59	Z11111	212	1.0	270.0	8	1427.9097536470701	1428.1366354225565
1428.2100771711225	0.4968415404039206	trials	210624SL	p59	Z11111	90	14.0	225.0	4	1428.3600771711226	1428.5569187115264
1428.610360303579	0.5368818537431252	trials	210624SL	p59	Z11111	62	1.0	180.0	4	1428.760360303579	1428.997242157322
1431.9125861454827	0.5068816189732388	trials	210624SL	p59	Z11111	221	10.0	270.0	8	1432.0625861454828	1432.2694677644558
1432.3228693561955	0.4968815407166858	trials	210624SL	p59	Z11111	304	3.0	180.0	12	1432.4728693561956	1432.669750896912
1432.7331525669085	0.5268817754865722	trials	210624SL	p59	Z11111	277	6.0	90.0	12	1432.8831525669086	1433.110034342395
1433.1734360123914	0.5068816189732388	trials	210624SL	p59	Z11111	144	8.0	45.0	8	1433.3234360123915	1433.5303176313646
1433.5837192231043	0.4968815407166858	trials	210624SL	p59	Z11111	102	11.0	270.0	4	1433.7337192231043	1433.9306007638208
1434.0140425906436	0.49684154040346584	trials	210624SL	p59	Z11111	300	14.0	135.0	12	1434.1640425906437	1434.360884131047
1434.4142857227866	0.4968815407166858	trials	210624SL	p59	Z11111	252	11.0	0.0	12	1434.5642857227867	1434.7611672635032
1434.8546091685826	0.4968415404036932	trials	210624SL	p59	Z11111	223	12.0	270.0	8	1435.0046091685826	1435.2014507089862
1438.1868752455691	0.5068816189734662	trials	210624SL	p59	Z11111	360	14.0	315.0	12	1438.3368752455692	1438.5437568645425
1438.6171586127953	0.4968815407166858	trials	210624SL	p59	Z11111	0			0	1438.7671586127954	1438.9640401535119
1439.0474419800216	0.4968815407166858	trials	210624SL	p59	Z11111	203	7.0	225.0	8	1439.1974419800217	1439.3943235207382
1439.4477251124779	0.5368818537431252	trials	210624SL	p59	Z11111	36	5.0	90.0	4	1439.597725112478	1439.834606966221
1439.8980486365303	0.5068416186602462	trials	210624SL	p59	Z11111	301	0.0	180.0	12	1440.0480486365304	1440.2548902551905
1440.3082918469302	0.5269217757997922	trials	210624SL	p59	Z11111	316	0.0	225.0	12	1440.4582918469303	1440.6852136227299
1440.7586153709826	0.5268817754865722	trials	210624SL	p59	Z11111	341	10.0	270.0	12	1440.9086153709827	1441.135497146469
1441.188898738209	0.4968815407166858	trials	210624SL	p59	Z11111	78	2.0	225.0	4	1441.338898738209	1441.5357802789256
1444.4611243453428	0.5168816972297918	trials	210624SL	p59	Z11111	178	12.0	135.0	8	1444.611124345343	1444.8280060425725
1444.9014477911385	0.4968415404036932	trials	210624SL	p59	Z11111	264	8.0	45.0	12	1445.0514477911386	1445.248289331542
1445.301730923595	0.49684154040346584	trials	210624SL	p59	Z11111	108	2.0	315.0	4	1445.451730923595	1445.6485724639983
1445.7119741339948	0.5269217757995648	trials	210624SL	p59	Z11111	134	13.0	0.0	8	1445.8619741339949	1446.0888959097942
1446.142297501534	0.5268817754865722	trials	210624SL	p59	Z11111	13	12.0	0.0	4	1446.292297501534	1446.5191792770204
1446.57258086876	0.4968415404036932	trials	210624SL	p59	Z11111	336	5.0	270.0	12	1446.7225808687601	1446.9194224091636
1446.982864079473	0.5268817754865722	trials	210624SL	p59	Z11111	256	0.0	45.0	12	1447.1328640794732	1447.3597458549596
1447.423147524956	0.4968815407164584	trials	210624SL	p59	Z11111	87	11.0	225.0	4	1447.573147524956	1447.7700290656724
1450.8254941503649	0.5268817754865722	trials	210624SL	p59	Z11111	125	4.0	0.0	8	1450.975494150365	1451.2023759258514
1451.2757776741043	0.4968815407166858	trials	210624SL	p59	Z11111	151	0.0	90.0	8	1451.4257776741044	1451.622659214821
1451.6760608065606	0.5268817754865722	trials	210624SL	p59	Z11111	94	3.0	270.0	4	1451.8260608065607	1452.052942582047
1452.1263443303	0.4968815407166858	trials	210624SL	p59	Z11111	247	6.0	0.0	12	1452.2763443303002	1452.4732258710167
1452.566667776096	0.4968415404036932	trials	210624SL	p59	Z11111	113	7.0	315.0	4	1452.716667776096	1452.9135093164996
1452.9669109082392	0.5269217757995648	trials	210624SL	p59	Z11111	232	6.0	315.0	8	1453.1169109082393	1453.3438326840387
1453.4172344322917	0.4968815407166858	trials	210624SL	p59	Z11111	166	0.0	135.0	8	1453.5672344322918	1453.7641159730083
1453.817517564748	0.5268817754865722	trials	210624SL	p59	Z11111	318	2.0	225.0	12	1453.967517564748	1454.1943993402344
1457.0697430153687	0.5268817754863448	trials	210624SL	p59	Z11111	55	9.0	135.0	4	1457.2197430153687	1457.446624790855
1457.5000263825948	0.5268817754865722	trials	210624SL	p59	Z11111	342	11.0	270.0	12	1457.650026382595	1457.8769081580813
1457.930309749821	0.4968815407166858	trials	210624SL	p59	Z11111	6	5.0	0.0	4	1458.080309749821	1458.2771912905375
1458.3305928822772	0.4968415404036932	trials	210624SL	p59	Z11111	98	7.0	270.0	4	1458.4805928822773	1458.6774344226808
1458.77087632776	0.4968815407164584	trials	210624SL	p59	Z11111	44	13.0	90.0	4	1458.9208763277602	1459.1177578684765
1459.1711594602164	0.4968415404036932	trials	210624SL	p59	Z11111	225	14.0	270.0	8	1459.3211594602164	1459.51800100062
1459.6014428274425	0.4968815407166858	trials	210624SL	p59	Z11111	64	3.0	180.0	4	1459.7514428274426	1459.948324368159
1460.0117260381555	0.5268817754865722	trials	210624SL	p59	Z11111	305	4.0	180.0	12	1460.1617260381556	1460.388607813642
1463.5041133681873	0.5268817754865722	trials	210624SL	p59	Z11111	249	8.0	0.0	12	1463.6541133681874	1463.8809951436738
1463.9343967354134	0.4968815407166858	trials	210624SL	p59	Z11111	325	9.0	225.0	12	1464.0843967354135	1464.28127827613
1464.3346798678697	0.5368818537431252	trials	210624SL	p59	Z11111	148	12.0	45.0	8	1464.4846798678698	1464.7215617216127
1464.7849633916092	0.4968815407166858	trials	210624SL	p59	Z11111	28	12.0	45.0	4	1464.9349633916092	1465.1318449323257
1465.195246602322	0.5268817754865722	trials	210624SL	p59	Z11111	135	14.0	0.0	8	1465.345246602322	1465.5721283778084
1465.6455701263744	0.4968415404036932	trials	210624SL	p59	Z11111	226	0.0	315.0	8	1465.7955701263745	1465.992411666778
1466.045853258831	0.5268817754865722	trials	210624SL	p59	Z11111	132	11.0	0.0	8	1466.195853258831	1466.4227350343174
1466.4961367825701	0.49688154071691315	trials	210624SL	p59	Z11111	357	11.0	315.0	12	1466.6461367825702	1466.843018323287
1469.9985241908587	0.5168816972297918	trials	210624SL	p59	Z11111	70	9.0	180.0	4	1470.1485241908588	1470.3654058880884
1470.4288075580848	0.5268817754865722	trials	210624SL	p59	Z11111	298	12.0	135.0	12	1470.578807558085	1470.8056893335713
1470.859130925624	0.4968415404036932	trials	210624SL	p59	Z11111	72	11.0	180.0	4	1471.009130925624	1471.2059724660276
1471.2593740577674	0.5268817754863448	trials	210624SL	p59	Z11111	66	5.0	180.0	4	1471.4093740577675	1471.6362558332537
1471.7096975818197	0.49688154071691315	trials	210624SL	p59	Z11111	310	9.0	180.0	12	1471.8596975818198	1472.0565791225365
1472.1199807925327	0.5268817754865722	trials	210624SL	p59	Z11111	285	14.0	90.0	12	1472.2699807925328	1472.4968625680192
1472.5502641597589	0.4968815407166858	trials	210624SL	p59	Z11111	21	5.0	45.0	4	1472.700264159759	1472.8971457004754
1472.950547292215	0.5268817754865722	trials	210624SL	p59	Z11111	335	4.0	270.0	12	1473.1005472922152	1473.3274290677016
1476.332853760798	0.5268817754865722	trials	210624SL	p59	Z11111	20	4.0	45.0	4	1476.482853760798	1476.7097355362844
1476.7831372845374	0.4968815407166858	trials	210624SL	p59	Z11111	206	10.0	225.0	8	1476.9331372845375	1477.130018825254
1477.1834204169934	0.5268817754867996	trials	210624SL	p59	Z11111	1	0.0	0.0	4	1477.3334204169935	1477.56030219248
1477.633743941046	0.49684154040346584	trials	210624SL	p59	Z11111	230	4.0	315.0	8	1477.7837439410462	1477.9805854814495
1478.0540272300154	0.4968415404036932	trials	210624SL	p59	Z11111	25	9.0	45.0	4	1478.2040272300155	1478.400868770419
1478.4843105972416	0.4968815407166858	trials	210624SL	p59	Z11111	355	9.0	315.0	12	1478.6343105972417	1478.8311921379582
1478.884593729698	0.5068416186602462	trials	210624SL	p59	Z11111	126	5.0	0.0	8	1479.0345937296981	1479.2414353483582
1479.324877175181	0.4968815407164584	trials	210624SL	p59	Z11111	59	13.0	135.0	4	1479.474877175181	1479.6717587158973
1482.7071836437638	0.5068816189732388	trials	210624SL	p59	Z11111	154	3.0	90.0	8	1482.8571836437638	1483.064065262737
1483.1174668544763	0.49688154071691315	trials	210624SL	p59	Z11111	124	3.0	0.0	8	1483.2674668544764	1483.4643483951932
1483.5177499869328	0.5368818537433526	trials	210624SL	p59	Z11111	214	3.0	270.0	8	1483.667749986933	1483.904631840676
1483.9680335106723	0.4968815407166858	trials	210624SL	p59	Z11111	77	1.0	225.0	4	1484.1180335106724	1484.3149150513889
1484.3783167213853	0.5268817754863448	trials	210624SL	p59	Z11111	254	13.0	0.0	12	1484.5283167213854	1484.7551984968716
1484.8086000886115	0.4968815407166858	trials	210624SL	p59	Z11111	187	6.0	180.0	8	1484.9586000886115	1485.155481629328
1485.2088832210677	0.5268817754865722	trials	210624SL	p59	Z11111	302	1.0	180.0	12	1485.3588832210678	1485.5857649965542
1485.6592067451202	0.49684154040346584	trials	210624SL	p59	Z11111	136	0.0	45.0	8	1485.8092067451203	1486.0060482855235
1489.1415539965822	0.5268817754867996	trials	210624SL	p59	Z11111	40	9.0	90.0	4	1489.2915539965823	1489.5184357720689
1489.5918775206349	0.49684154040346584	trials	210624SL	p59	Z11111	27	11.0	45.0	4	1489.741877520635	1489.9387190610382
1489.9921606530909	0.5268817754867996	trials	210624SL	p59	Z11111	213	2.0	270.0	8	1490.142160653091	1490.3690424285776
1490.4424441768303	0.49688154071691315	trials	210624SL	p59	Z11111	22	6.0	45.0	4	1490.5924441768304	1490.7893257175472
1490.8527273875434	0.4968815407166858	trials	210624SL	p59	Z11111	130	9.0	0.0	8	1491.0027273875435	1491.19960892826
1491.2830107547695	0.4968815407166858	trials	210624SL	p59	Z11111	280	9.0	90.0	12	1491.4330107547696	1491.6298922954861
1491.7133341223087	0.4968415404036932	trials	210624SL	p59	Z11111	191	10.0	180.0	8	1491.8633341223087	1492.0601756627123
1492.123577332709	0.5269217757993374	trials	210624SL	p59	Z11111	158	7.0	90.0	8	1492.273577332709	1492.5004991085082
1495.5058838012915	0.5068816189734662	trials	210624SL	p59	Z11111	273	2.0	90.0	12	1495.6558838012916	1495.8627654202649
1495.926167090261	0.5068816189732388	trials	210624SL	p59	Z11111	332	1.0	270.0	12	1496.0761670902612	1496.2830487092342
1496.3364503009739	0.5268817754865722	trials	210624SL	p59	Z11111	82	6.0	225.0	4	1496.486450300974	1496.7133320764603
1496.7667736685132	0.4968415404036932	trials	210624SL	p59	Z11111	330	14.0	225.0	12	1496.9167736685133	1497.1136152089168
1497.1670168006563	0.5268817754867996	trials	210624SL	p59	Z11111	346	0.0	315.0	12	1497.3170168006563	1497.543898576143
1497.617340324709	0.4968815407166858	trials	210624SL	p59	Z11111	173	7.0	135.0	8	1497.767340324709	1497.9642218654255
1498.027623535422	0.49684154040346584	trials	210624SL	p59	Z11111	354	8.0	315.0	12	1498.177623535422	1498.3744650758254
1498.457906902648	0.49688154071691315	trials	210624SL	p59	Z11111	26	10.0	45.0	4	1498.607906902648	1498.8047884433647
1501.730132509782	0.4968815407164584	trials	210624SL	p59	Z11111	0			0	1501.880132509782	1502.0770140504983
1502.140415720495	0.5268817754863448	trials	210624SL	p59	Z11111	339	8.0	270.0	12	1502.290415720495	1502.5172974959812
1502.5907392445472	0.4968415404036932	trials	210624SL	p59	Z11111	210	14.0	225.0	8	1502.7407392445473	1502.9375807849508
1503.0210226117736	0.4968415404036932	trials	210624SL	p59	Z11111	190	9.0	180.0	8	1503.1710226117737	1503.3678641521772
1503.4213057442298	0.5268817754865722	trials	210624SL	p59	Z11111	250	9.0	0.0	12	1503.57130574423	1503.7981875197163
1503.871589267969	0.49688154071691315	trials	210624SL	p59	Z11111	89	13.0	225.0	4	1504.0215892679691	1504.2184708086859
1504.281872478682	0.5268817754865722	trials	210624SL	p59	Z11111	331	0.0	270.0	12	1504.4318724786822	1504.6587542541686
1504.722155924165	0.5068816189732388	trials	210624SL	p59	Z11111	235	9.0	315.0	8	1504.872155924165	1505.0790375431382
1507.9643812965287	0.5268817754867996	trials	210624SL	p59	Z11111	242	1.0	0.0	12	1508.1143812965288	1508.3412630720154
1508.4046647420116	0.4968815407166858	trials	210624SL	p59	Z11111	238	12.0	315.0	8	1508.5546647420117	1508.7515462827282
1508.8049478744679	0.5068816189732388	trials	210624SL	p59	Z11111	10	9.0	0.0	4	1508.954947874468	1509.161829493441
1509.2452713202638	0.4968415404036932	trials	210624SL	p59	Z11111	288	2.0	135.0	12	1509.3952713202639	1509.5921128606674
1509.645514452407	0.5268817754865722	trials	210624SL	p59	Z11111	234	8.0	315.0	8	1509.7955144524071	1510.0223962278935
1510.0958379764595	0.4968815407166858	trials	210624SL	p59	Z11111	115	9.0	315.0	4	1510.2458379764596	1510.442719517176
1510.496121108916	0.49684154040346584	trials	210624SL	p59	Z11111	69	8.0	180.0	4	1510.646121108916	1510.8429626493194
1510.9364045543987	0.4968815407166858	trials	210624SL	p59	Z11111	171	5.0	135.0	8	1511.0864045543988	1511.2832860951153
1514.278670709642	0.5268817754863448	trials	210624SL	p59	Z11111	14	13.0	0.0	4	1514.4286707096421	1514.6555524851283
1514.7289942336943	0.4968815407166858	trials	210624SL	p59	Z11111	43	12.0	90.0	4	1514.8789942336944	1515.0758757744109
1515.1292773661507	0.5268817754863448	trials	210624SL	p59	Z11111	103	12.0	270.0	4	1515.2792773661508	1515.506159141637
1515.5795608898902	0.4968815407164584	trials	210624SL	p59	Z11111	329	13.0	225.0	12	1515.7295608898903	1515.9264424306066
1515.9798440223462	0.5368818537433526	trials	210624SL	p59	Z11111	347	1.0	315.0	12	1516.1298440223463	1516.3667258760895
1516.430167546399	0.5068416186602462	trials	210624SL	p59	Z11111	86	10.0	225.0	4	1516.580167546399	1516.787009165059
1516.8404107567987	0.5268817754865722	trials	210624SL	p59	Z11111	143	7.0	45.0	8	1516.9904107567988	1517.2172925322852
1517.2707341243379	0.4968415404036932	trials	210624SL	p59	Z11111	207	11.0	225.0	8	1517.420734124338	1517.6175756647415
1520.6430005143511	0.5168816972300192	trials	210624SL	p59	Z11111	5	4.0	0.0	4	1520.7930005143512	1521.009882211581
1521.083323960147	0.4968415404036932	trials	210624SL	p59	Z11111	258	2.0	45.0	12	1521.2333239601471	1521.4301655005506
1521.5136073273732	0.5068816189732388	trials	210624SL	p59	Z11111	196	0.0	225.0	8	1521.6636073273733	1521.8704889463463
1521.9238905380862	0.5268817754863448	trials	210624SL	p59	Z11111	47	1.0	135.0	4	1522.0738905380863	1522.3007723135725
1522.3742140621384	0.4968415404036932	trials	210624SL	p59	Z11111	237	11.0	315.0	8	1522.5242140621385	1522.721055602542
1522.8044974293648	0.4968415404036932	trials	210624SL	p59	Z11111	63	2.0	180.0	4	1522.954497429365	1523.1513389697684
1523.2147806400778	0.5268817754863448	trials	210624SL	p59	Z11111	88	12.0	225.0	4	1523.364780640078	1523.591662415564
1523.6550640855603	0.5068816189734662	trials	210624SL	p59	Z11111	74	13.0	180.0	4	1523.8050640855604	1524.0119457045337
1527.1174111805092	0.5168816972300192	trials	210624SL	p59	Z11111	251	10.0	0.0	12	1527.2674111805093	1527.484292877739
1527.5376944694788	0.5068816189734662	trials	210624SL	p59	Z11111	222	11.0	270.0	8	1527.6876944694789	1527.8945760884521
1527.9780179152747	0.4968415404036932	trials	210624SL	p59	Z11111	80	4.0	225.0	4	1528.1280179152748	1528.3248594556783
1528.378301047731	0.5268817754865722	trials	210624SL	p59	Z11111	121	0.0	0.0	8	1528.528301047731	1528.7551828232174
1528.8285845714704	0.4968815407166858	trials	210624SL	p59	Z11111	282	11.0	90.0	12	1528.9785845714705	1529.175466112187
1531.1201625044462	0.5268817754867996	trials	210624SL	p59	Z11111	57	11.0	135.0	4	1531.2701625044463	1531.4970442799329
1531.5704460281856	0.4968815407166858	trials	210624SL	p59	Z11111	152	1.0	90.0	8	1531.7204460281857	1531.9173275689022
1531.9707291606421	0.5268817754863448	trials	210624SL	p59	Z11111	149	13.0	45.0	8	1532.1207291606422	1532.3476109361284
1532.4210526846944	0.4968415404036932	trials	210624SL	p59	Z11111	311	10.0	180.0	12	1532.5710526846945	1532.767894225098
1532.8313358954074	0.5268817754865722	trials	210624SL	p59	Z11111	49	3.0	135.0	4	1532.9813358954075	1533.2082176708939
1533.2716193408903	0.5068816189732388	trials	210624SL	p59	Z11111	9	8.0	0.0	4	1533.4216193408904	1533.6285009598635
1533.711902786373	0.4968815407166858	trials	210624SL	p59	Z11111	243	2.0	0.0	12	1533.861902786373	1534.0587843270896
1534.1121859188293	0.5268817754867996	trials	210624SL	p59	Z11111	266	10.0	45.0	12	1534.2621859188293	1534.489067694316
1537.4844923091555	0.5168816972297918	trials	210624SL	p59	Z11111	200	4.0	225.0	8	1537.6344923091556	1537.8513740063852
1537.9247757546382	0.5268817754865722	trials	210624SL	p59	Z11111	45	14.0	90.0	4	1538.0747757546383	1538.3016575301247
1538.365099200434	0.5268817754865722	trials	210624SL	p59	Z11111	246	5.0	0.0	12	1538.5150992004342	1538.7419809759206
1538.8153827241736	0.4968815407166858	trials	210624SL	p59	Z11111	162	11.0	90.0	8	1538.9653827241737	1539.1622642648902
1539.245706091713	0.49684154040346584	trials	210624SL	p59	Z11111	141	5.0	45.0	8	1539.395706091713	1539.5925476321163
1539.6459492238562	0.5368818537431252	trials	210624SL	p59	Z11111	109	3.0	315.0	4	1539.7959492238563	1540.0328310775992
1540.0962727479084	0.5068816189732388	trials	210624SL	p59	Z11111	157	6.0	90.0	8	1540.2462727479085	1540.4531543668816
1540.5065559586214	0.5268817754865722	trials	210624SL	p59	Z11111	281	10.0	90.0	12	1540.6565559586215	1540.883437734108
1543.868822270378	0.5068816189732388	trials	210624SL	p59	Z11111	272	1.0	90.0	12	1544.018822270378	1544.225703889351
1544.2991456379173	0.49684154040346584	trials	210624SL	p59	Z11111	8	7.0	0.0	4	1544.4491456379174	1544.6459871783206
1544.6993887700605	0.5268817754863448	trials	210624SL	p59	Z11111	29	13.0	45.0	4	1544.8493887700606	1545.0762705455468
1545.1497122941128	0.4968415404039206	trials	210624SL	p59	Z11111	50	4.0	135.0	4	1545.2997122941129	1545.4965538345166
1545.5499954265692	0.5368818537431252	trials	210624SL	p59	Z11111	204	8.0	225.0	8	1545.6999954265693	1545.9368772803123
1546.0002789503087	0.5368818537431252	trials	210624SL	p59	Z11111	348	2.0	315.0	12	1546.1502789503088	1546.3871608040517
1546.4506024743612	0.5068816189732388	trials	210624SL	p59	Z11111	217	6.0	270.0	8	1546.6006024743613	1546.8074840933343
1546.8908859198439	0.5268817754865722	trials	210624SL	p59	Z11111	167	1.0	135.0	8	1547.040885919844	1547.2677676953303
1550.2231519968304	0.5268817754865722	trials	210624SL	p59	Z11111	37	6.0	90.0	4	1550.3731519968305	1550.600033772317
1550.6734755208831	0.49684154040346584	trials	210624SL	p59	Z11111	54	8.0	135.0	4	1550.8234755208832	1551.0203170612865
1551.103758888109	0.49688154071691315	trials	210624SL	p59	Z11111	289	3.0	135.0	12	1551.2537588881091	1551.4506404288259
1551.5040420205655	0.4968415404036932	trials	210624SL	p59	Z11111	324	8.0	225.0	12	1551.6540420205656	1551.8508835609691
1551.9443254660482	0.4968815407166858	trials	210624SL	p59	Z11111	107	1.0	315.0	4	1552.0943254660483	1552.2912070067648
1552.3746488335876	0.4968415404036932	trials	210624SL	p59	Z11111	293	7.0	135.0	12	1552.5246488335877	1552.7214903739912
1552.7748919657306	0.49688154071691315	trials	210624SL	p59	Z11111	185	4.0	180.0	8	1552.9248919657307	1553.1217735064474
1553.2152154115267	0.4968415404036932	trials	210624SL	p59	Z11111	16	0.0	45.0	4	1553.3652154115268	1553.5620569519303
1556.5974818797963	0.5269217757995648	trials	210624SL	p59	Z11111	83	7.0	225.0	4	1556.7474818797964	1556.9744036555958
1557.0278052473354	0.5268817754867996	trials	210624SL	p59	Z11111	31	0.0	90.0	4	1557.1778052473355	1557.4046870228221
1557.478088771075	0.49688154071691315	trials	210624SL	p59	Z11111	205	9.0	225.0	8	1557.628088771075	1557.8249703117917
1557.908372138301	0.5369218540563452	trials	210624SL	p59	Z11111	145	9.0	45.0	8	1558.0583721383011	1558.2952939923573
1558.3486955840972	0.4968815407166858	trials	210624SL	p59	Z11111	81	5.0	225.0	4	1558.4986955840973	1558.6955771248138
1558.778978951323	0.4968815407166858	trials	210624SL	p59	Z11111	218	7.0	270.0	8	1558.9289789513232	1559.1258604920397
1559.1892621620361	0.5268817754865722	trials	210624SL	p59	Z11111	287	1.0	135.0	12	1559.3392621620362	1559.5661439375226
1559.629545607519	0.5068816189732388	trials	210624SL	p59	Z11111	67	6.0	180.0	4	1559.7795456075191	1559.9864272264922
1562.9318114497357	0.5268817754863448	trials	210624SL	p59	Z11111	313	12.0	180.0	12	1563.0818114497358	1563.308693225222
1563.3720948952184	0.5269217757997922	trials	210624SL	p59	Z11111	15	14.0	0.0	4	1563.5220948952185	1563.7490166710181
1563.8124183410143	0.4968815407166858	trials	210624SL	p59	Z11111	274	3.0	90.0	12	1563.9624183410144	1564.159299881731
1564.232701629984	0.4968815407166858	trials	210624SL	p59	Z11111	168	2.0	135.0	8	1564.382701629984	1564.5795831707005
1564.6329847624402	0.5068816189734662	trials	210624SL	p59	Z11111	65	4.0	180.0	4	1564.7829847624403	1564.9898663814135
1565.073268207923	0.4968815407166858	trials	210624SL	p59	Z11111	172	6.0	135.0	8	1565.2232682079232	1565.4201497486397
1565.5035515751492	0.4968815407166858	trials	210624SL	p59	Z11111	138	2.0	45.0	8	1565.6535515751493	1565.8504331158658
1565.9038347076055	0.5368818537431252	trials	210624SL	p59	Z11111	297	11.0	135.0	12	1566.0538347076056	1566.2907165613485
1569.1560601582262	0.5268817754865722	trials	210624SL	p59	Z11111	306	5.0	180.0	12	1569.3060601582263	1569.5329419337127
1569.6063436819654	0.49688154071691315	trials	210624SL	p59	Z11111	236	10.0	315.0	8	1569.7563436819655	1569.9532252226822
1570.0066268144217	0.5268817754865722	trials	210624SL	p59	Z11111	312	11.0	180.0	12	1570.1566268144218	1570.3835085899082
1570.4569503384744	0.49684154040346584	trials	210624SL	p59	Z11111	344	13.0	270.0	12	1570.6069503384745	1570.8037918788777
1570.8572334709306	0.4968415404036932	trials	210624SL	p59	Z11111	177	11.0	135.0	8	1571.0072334709307	1571.2040750113342
1571.2875168381568	0.4968415404036932	trials	210624SL	p59	Z11111	4	3.0	0.0	4	1571.4375168381569	1571.6343583785604
1571.7078001271263	0.4968415404036932	trials	210624SL	p59	Z11111	359	13.0	315.0	12	1571.8578001271264	1572.05464166753
1572.1180833378394	0.5268817754865722	trials	210624SL	p59	Z11111	120	14.0	315.0	4	1572.2680833378395	1572.4949651133259
1575.450349414826	0.5068816189732388	trials	210624SL	p59	Z11111	95	4.0	270.0	4	1575.600349414826	1575.807231033799
1575.8706327037955	0.5068816189732388	trials	210624SL	p59	Z11111	290	4.0	135.0	12	1576.0206327037956	1576.2275143227687
1576.2809159145083	0.5268817754865722	trials	210624SL	p59	Z11111	0			0	1576.4309159145084	1576.6577976899948
1576.7311994382478	0.4968815407164584	trials	210624SL	p59	Z11111	239	13.0	315.0	8	1576.881199438248	1577.0780809789642
1577.131482570704	0.5268817754865722	trials	210624SL	p59	Z11111	58	12.0	135.0	4	1577.2814825707042	1577.5083643461905
1577.5818060947565	0.4968415404036932	trials	210624SL	p59	Z11111	292	6.0	135.0	12	1577.7318060947566	1577.9286476351601
1577.9820492269	0.5268817754863448	trials	210624SL	p59	Z11111	229	3.0	315.0	8	1578.1320492269	1578.3589310023863
1578.4323727509523	0.5268817754865722	trials	210624SL	p59	Z11111	61	0.0	180.0	4	1578.5823727509523	1578.8092545264387
1581.8046791412785	0.5168816972297918	trials	210624SL	p59	Z11111	155	4.0	90.0	8	1581.9546791412786	1582.1715608385082
1582.2449625867614	0.4968815407166858	trials	210624SL	p59	Z11111	159	8.0	90.0	8	1582.3949625867615	1582.591844127478
1582.6452457192174	0.5368818537433526	trials	210624SL	p59	Z11111	169	3.0	135.0	8	1582.7952457192175	1583.0321275729607
1583.095529242957	0.5068816189732388	trials	210624SL	p59	Z11111	118	12.0	315.0	4	1583.245529242957	1583.45241086193
1583.50581245367	0.5268817754865722	trials	210624SL	p59	Z11111	179	13.0	135.0	8	1583.65581245367	1583.8826942291564
1583.9561359777224	0.4968415404036932	trials	210624SL	p59	Z11111	209	13.0	225.0	8	1584.1061359777225	1584.302977518126
1586.2376738321286	0.5068816189732388	trials	210624SL	p59	Z11111	294	8.0	135.0	12	1586.3876738321287	1586.5945554511018
1586.6479570428414	0.5268817754865722	trials	210624SL	p59	Z11111	262	6.0	45.0	12	1586.7979570428415	1587.024838818328
1587.098280566894	0.4968415404036932	trials	210624SL	p59	Z11111	356	10.0	315.0	12	1587.248280566894	1587.4451221072975
1587.4985636993504	0.5268817754863448	trials	210624SL	p59	Z11111	275	4.0	90.0	12	1587.6485636993505	1587.8754454748366
1587.9488472230896	0.4968815407166858	trials	210624SL	p59	Z11111	284	13.0	90.0	12	1588.0988472230897	1588.2957287638062
1588.349130355546	0.5368818537431252	trials	210624SL	p59	Z11111	123	2.0	0.0	8	1588.4991303555462	1588.7360122092891
1588.7994138792856	0.4968815407166858	trials	210624SL	p59	Z11111	33	2.0	90.0	4	1588.9494138792857	1589.1462954200022
1589.2096970899984	0.5268817754865722	trials	210624SL	p59	Z11111	97	6.0	270.0	4	1589.3596970899985	1589.5865788654849
1592.5920035585812	0.5168816972297918	trials	210624SL	p59	Z11111	261	5.0	45.0	12	1592.7420035585812	1592.9588852558109
1593.0223269261203	0.4968415404036932	trials	210624SL	p59	Z11111	160	9.0	90.0	8	1593.1723269261204	1593.369168466524
1593.4526102933464	0.4968415404036932	trials	210624SL	p59	Z11111	2	1.0	0.0	4	1593.6026102933465	1593.79945183375
1593.85285342549	0.4968815407166858	trials	210624SL	p59	Z11111	84	8.0	225.0	4	1594.00285342549	1594.1997349662065
1594.2531365579462	0.5268817754865722	trials	210624SL	p59	Z11111	352	6.0	315.0	12	1594.4031365579463	1594.6300183334326
1594.693460003742	0.49684154040346584	trials	210624SL	p59	Z11111	215	4.0	270.0	8	1594.8434600037422	1595.0403015441454
1595.0937031358853	0.5268817754863448	trials	210624SL	p59	Z11111	278	7.0	90.0	12	1595.2437031358854	1595.4705849113716
1595.5440266599376	0.4968815407166858	trials	210624SL	p59	Z11111	244	3.0	0.0	12	1595.6940266599377	1595.8909082006542
1598.9062929716943	0.5068816189732388	trials	210624SL	p59	Z11111	11	10.0	0.0	4	1599.0562929716943	1599.2631745906674
1599.3366163392334	0.4968415404036932	trials	210624SL	p59	Z11111	163	12.0	90.0	8	1599.4866163392335	1599.683457879637
1599.7468995499464	0.5268817754865722	trials	210624SL	p59	Z11111	30	14.0	45.0	4	1599.8968995499465	1600.123781325433
1600.187182995429	0.5068816189734662	trials	210624SL	p59	Z11111	48	2.0	135.0	4	1600.3371829954292	1600.5440646144025
1600.5974662061421	0.5268817754863448	trials	210624SL	p59	Z11111	189	8.0	180.0	8	1600.7474662061422	1600.9743479816284
1601.0477897301946	0.49684154040346584	trials	210624SL	p59	Z11111	198	2.0	225.0	8	1601.1977897301947	1601.394631270598
1601.4480328623379	0.4968815407166858	trials	210624SL	p59	Z11111	351	5.0	315.0	12	1601.598032862338	1601.7949144030545
1601.878356229877	0.4968415404036932	trials	210624SL	p59	Z11111	156	5.0	90.0	8	1602.028356229877	1602.2251977702806
1605.230622463377	0.5268817754865722	trials	210624SL	p59	Z11111	319	3.0	225.0	12	1605.380622463377	1605.6075042388634
1605.6709059088596	0.5068816189732388	trials	210624SL	p59	Z11111	245	4.0	0.0	12	1605.8209059088597	1606.0277875278327
1606.0811891195726	0.5268817754865722	trials	210624SL	p59	Z11111	194	13.0	180.0	8	1606.2311891195727	1606.458070895059
1606.531512643625	0.4968415404036932	trials	210624SL	p59	Z11111	131	10.0	0.0	8	1606.6815126436252	1606.8783541840287
1606.9317957760813	0.4968415404036932	trials	210624SL	p59	Z11111	211	0.0	270.0	8	1607.0817957760814	1607.278637316485
1607.3320389082246	0.5268817754867996	trials	210624SL	p59	Z11111	186	5.0	180.0	8	1607.4820389082247	1607.7089206837113
1607.7823624322773	0.5368818537431252	trials	210624SL	p59	Z11111	269	13.0	45.0	12	1607.9323624322774	1608.1692442860203
1608.2326459560168	0.5068816189732388	trials	210624SL	p59	Z11111	350	4.0	315.0	12	1608.3826459560169	1608.58952757499
1611.6349925814256	0.5268817754865722	trials	210624SL	p59	Z11111	18	2.0	45.0	4	1611.7849925814257	1612.0118743569121
1612.065275948652	0.5268817754863448	trials	210624SL	p59	Z11111	240	14.0	315.0	8	1612.215275948652	1612.4421577241383
1612.5055593941347	0.5269217757995648	trials	210624SL	p59	Z11111	96	5.0	270.0	4	1612.6555593941348	1612.8824811699342
1612.9558829181872	0.4968815407166858	trials	210624SL	p59	Z11111	105	14.0	270.0	4	1613.1058829181873	1613.3027644589038
1613.3561660506434	0.5268817754865722	trials	210624SL	p59	Z11111	296	10.0	135.0	12	1613.5061660506435	1613.73304782613
1613.7864494178698	0.5068816189732388	trials	210624SL	p59	Z11111	241	0.0	0.0	12	1613.9364494178699	1614.143331036843
1614.1967326285826	0.5268817754865722	trials	210624SL	p59	Z11111	12	11.0	0.0	4	1614.3467326285827	1614.573614404069
1614.6270159958087	0.4968815407166858	trials	210624SL	p59	Z11111	60	14.0	135.0	4	1614.7770159958088	1614.9738975365253
1617.9592820727953	0.5268817754867996	trials	210624SL	p59	Z11111	147	11.0	45.0	8	1618.1092820727954	1618.336163848282
1618.409605596848	0.5268817754863448	trials	210624SL	p59	Z11111	99	8.0	270.0	4	1618.559605596848	1618.7864873723342
1618.8598891205875	0.4968815407164584	trials	210624SL	p59	Z11111	128	7.0	0.0	8	1619.0098891205876	1619.2067706613038
1619.2902124881266	0.5268817754863448	trials	210624SL	p59	Z11111	93	2.0	270.0	4	1619.4402124881267	1619.6670942636129
1619.740496011866	0.4968815407164584	trials	210624SL	p59	Z11111	197	1.0	225.0	8	1619.8904960118662	1620.0873775525824
1620.1507792225786	0.5268817754867996	trials	210624SL	p59	Z11111	52	6.0	135.0	4	1620.3007792225787	1620.5276609980654
1620.581062589805	0.4968815407166858	trials	210624SL	p59	Z11111	153	2.0	90.0	8	1620.731062589805	1620.9279441305216
1621.0113859573444	0.49684154040346584	trials	210624SL	p59	Z11111	338	7.0	270.0	12	1621.1613859573445	1621.3582274977477
1624.3236118775044	0.4968815407166858	trials	210624SL	p59	Z11111	140	4.0	45.0	8	1624.4736118775045	1624.670493418221
1624.7438951664742	0.4968815407164584	trials	210624SL	p59	Z11111	328	12.0	225.0	12	1624.8938951664743	1625.0907767071906
1625.1441782989305	0.4968815407166858	trials	210624SL	p59	Z11111	164	13.0	90.0	8	1625.2941782989305	1625.491059839647
1625.5844617444134	0.4968815407166858	trials	210624SL	p59	Z11111	353	7.0	315.0	12	1625.7344617444135	1625.93134328513
1625.9847448768694	0.5268817754867996	trials	210624SL	p59	Z11111	183	2.0	180.0	8	1626.1347448768695	1626.361626652356
1626.435068400922	0.5068816189732388	trials	210624SL	p59	Z11111	259	3.0	45.0	12	1626.5850684009222	1626.7919500198952
1626.8653517681482	0.4968815407166858	trials	210624SL	p59	Z11111	192	11.0	180.0	8	1627.0153517681483	1627.2122333088648
1627.275634978861	0.4968815407166858	trials	210624SL	p59	Z11111	146	10.0	45.0	8	1627.4256349788611	1627.6225165195776
1630.6179011341042	0.5268817754867996	trials	210624SL	p59	Z11111	283	12.0	90.0	12	1630.7679011341042	1630.9947829095909
1631.0682246581569	0.4968415404036932	trials	210624SL	p59	Z11111	202	6.0	225.0	8	1631.218224658157	1631.4150661985605
1631.4685077906133	0.5268817754863448	trials	210624SL	p59	Z11111	174	8.0	135.0	8	1631.6185077906134	1631.8453895660996
1631.8987911578392	0.5068816189734662	trials	210624SL	p59	Z11111	85	9.0	225.0	4	1632.0487911578393	1632.2556727768126
1632.3390746033222	0.4968815407164584	trials	210624SL	p59	Z11111	267	11.0	45.0	12	1632.4890746033223	1632.6859561440385
1632.7393577357784	0.4968415404036932	trials	210624SL	p59	Z11111	17	1.0	45.0	4	1632.8893577357785	1633.086199276182
1633.1696411030046	0.4968815407166858	trials	210624SL	p59	Z11111	56	10.0	135.0	4	1633.3196411030046	1633.5165226437211
1633.5799243137176	0.4968815407166858	trials	210624SL	p59	Z11111	101	10.0	270.0	4	1633.7299243137177	1633.9268058544342
1636.8721500773645	0.5269217757997922	trials	210624SL	p59	Z11111	349	3.0	315.0	12	1637.0221500773646	1637.2490718531642
1637.322473601417	0.49688154071691315	trials	210624SL	p59	Z11111	268	12.0	45.0	12	1637.472473601417	1637.6693551421338
1637.7227567338734	0.5268817754863448	trials	210624SL	p59	Z11111	299	13.0	135.0	12	1637.8727567338735	1638.0996385093597
1638.1630401793561	0.5268817754865722	trials	210624SL	p59	Z11111	92	1.0	270.0	4	1638.3130401793562	1638.5399219548426
1638.6133637034086	0.4968415404036932	trials	210624SL	p59	Z11111	176	10.0	135.0	8	1638.7633637034087	1638.9602052438122
1639.0436470706347	0.4968815407166858	trials	210624SL	p59	Z11111	51	5.0	135.0	4	1639.1936470706348	1639.3905286113513
1639.4439302030912	0.5268817754863448	trials	210624SL	p59	Z11111	35	4.0	90.0	4	1639.5939302030913	1639.8208119785775
1639.8942137268307	0.4968815407166858	trials	210624SL	p59	Z11111	139	3.0	45.0	8	1640.0442137268308	1640.2410952675473
1643.176479412534	0.5268817754865722	trials	210624SL	p59	Z11111	303	2.0	180.0	12	1643.3264794125341	1643.5533611880205
1643.6267629362735	0.4968815407166858	trials	210624SL	p59	Z11111	117	11.0	315.0	4	1643.7767629362736	1643.97364447699
1644.0570463034999	0.5068816189732388	trials	210624SL	p59	Z11111	321	5.0	225.0	12	1644.2070463035	1644.413927922473
1644.4673295142125	0.5268817754867996	trials	210624SL	p59	Z11111	58	12.0	135.0	4	1644.6173295142125	1644.8442112896992
1644.9176530382651	0.49684154040346584	trials	210624SL	p59	Z11111	289	3.0	135.0	12	1645.0676530382652	1645.2644945786685
1645.3479364054913	0.4968815407166858	trials	210624SL	p59	Z11111	10	9.0	0.0	4	1645.4979364054914	1645.6948179462079
1645.7482195379475	0.5368818537433526	trials	210624SL	p59	Z11111	308	7.0	180.0	12	1645.8982195379476	1646.1351013916908
1646.1885029834305	0.4968815407164584	trials	210624SL	p59	Z11111	99	8.0	270.0	4	1646.3385029834305	1646.5353845241468
1649.5408092172433	0.5168816972297918	trials	210624SL	p59	Z11111	214	3.0	270.0	8	1649.6908092172434	1649.907690914473
1649.9710925844695	0.49684154040346584	trials	210624SL	p59	Z11111	244	3.0	0.0	12	1650.1210925844696	1650.3179341248729
1650.4013759516956	0.4968815407166858	trials	210624SL	p59	Z11111	79	3.0	225.0	4	1650.5513759516957	1650.7482574924122
1650.8016590841519	0.4968415404036932	trials	210624SL	p59	Z11111	42	11.0	90.0	4	1650.951659084152	1651.1485006245555
1651.231942451378	0.5068816189734662	trials	210624SL	p59	Z11111	139	3.0	45.0	8	1651.381942451378	1651.5888240703514
1651.642225662091	0.5268817754865722	trials	210624SL	p59	Z11111	314	13.0	180.0	12	1651.7922256620911	1652.0191074375775
1652.0925491861435	0.4968415404036932	trials	210624SL	p59	Z11111	303	2.0	180.0	12	1652.2425491861436	1652.4393907265471
1652.5228325533697	0.4968415404036932	trials	210624SL	p59	Z11111	57	11.0	135.0	4	1652.6728325533697	1652.8696740937733
1655.945139334979	0.5168816972297918	trials	210624SL	p59	Z11111	353	7.0	315.0	12	1656.0951393349792	1656.3120210322088
1656.3854627807748	0.4968415404036932	trials	210624SL	p59	Z11111	94	3.0	270.0	4	1656.5354627807749	1656.7323043211784
1656.8257462262577	0.4968815407164584	trials	210624SL	p59	Z11111	144	8.0	45.0	8	1656.9757462262578	1657.172627766974
1657.2560295934838	0.4968815407166858	trials	210624SL	p59	Z11111	351	5.0	315.0	12	1657.406029593484	1657.6029111342004
1657.6563127259403	0.4968815407164584	trials	210624SL	p59	Z11111	92	1.0	270.0	4	1657.8063127259404	1658.0031942666567
1658.096636171736	0.4968415404036932	trials	210624SL	p59	Z11111	95	4.0	270.0	4	1658.246636171736	1658.4434777121396
1658.5269195389621	0.4968815407166858	trials	210624SL	p59	Z11111	242	1.0	0.0	12	1658.6769195389622	1658.8738010796787
1658.9272026714186	0.5068416186600189	trials	210624SL	p59	Z11111	150	14.0	45.0	8	1659.0772026714187	1659.2840442900786
1662.2694688266618	0.5168816972297918	trials	210624SL	p59	Z11111	254	13.0	0.0	12	1662.4194688266618	1662.6363505238915
1662.7097522721447	0.4968815407164584	trials	210624SL	p59	Z11111	73	12.0	180.0	4	1662.8597522721448	1663.056633812861
1663.1100354046007	0.5268817754867996	trials	210624SL	p59	Z11111	191	10.0	180.0	8	1663.2600354046008	1663.4869171800874
1663.5603589286534	0.49684154040346584	trials	210624SL	p59	Z11111	169	3.0	135.0	8	1663.7103589286535	1663.9072004690568
1663.9706421393662	0.5268817754865722	trials	210624SL	p59	Z11111	54	8.0	135.0	4	1664.1206421393663	1664.3475239148527
1664.4109255848489	0.5068816189732388	trials	210624SL	p59	Z11111	103	12.0	270.0	4	1664.560925584849	1664.767807203822
1664.821208795562	0.5268817754865722	trials	210624SL	p59	Z11111	271	0.0	90.0	12	1664.971208795562	1665.1980905710484
1665.2714923193014	0.4968815407166858	trials	210624SL	p59	Z11111	211	0.0	270.0	8	1665.4214923193015	1665.618373860018
1669.234203329899	0.5268817754865722	trials	210624SL	p59	Z11111	172	6.0	135.0	8	1669.384203329899	1669.6110851053854
1669.6744867753816	0.5269217757995648	trials	210624SL	p59	Z11111	24	8.0	45.0	4	1669.8244867753817	1670.051408551181
1670.1148102211775	0.49684154040346584	trials	210624SL	p59	Z11111	301	0.0	180.0	12	1670.2648102211776	1670.461651761581
1670.5350935101471	0.4968815407166858	trials	210624SL	p59	Z11111	157	6.0	90.0	8	1670.6850935101472	1670.8819750508637
1670.9353766426034	0.4968415404036932	trials	210624SL	p59	Z11111	264	8.0	45.0	12	1671.0853766426035	1671.282218183007
1671.375660088086	0.4968815407166858	trials	210624SL	p59	Z11111	349	3.0	315.0	12	1671.5256600880862	1671.7225416288027
1671.8059434553124	0.4968815407166858	trials	210624SL	p59	Z11111	135	14.0	0.0	8	1671.9559434553125	1672.152824996029
1672.2162266660255	0.5268817754863448	trials	210624SL	p59	Z11111	200	4.0	225.0	8	1672.3662266660256	1672.5931084415117
1675.7786545441666	0.5068816189732388	trials	210624SL	p59	Z11111	40	9.0	90.0	4	1675.9286545441666	1676.1355361631397
1676.2089379113925	0.49688154071691315	trials	210624SL	p59	Z11111	309	8.0	180.0	12	1676.3589379113926	1676.5558194521093
1676.6392612789318	0.49684154040346584	trials	210624SL	p59	Z11111	138	2.0	45.0	8	1676.789261278932	1676.9861028193352
1677.039504411075	0.5068816189732388	trials	210624SL	p59	Z11111	148	12.0	45.0	8	1677.1895044110752	1677.3963860300482
1677.479827856871	0.4968415404036932	trials	210624SL	p59	Z11111	281	10.0	90.0	12	1677.629827856871	1677.8266693972746
1677.8800709890143	0.4968815407166858	trials	210624SL	p59	Z11111	9	8.0	0.0	4	1678.0300709890143	1678.2269525297309
1680.281729783439	0.5068816189734662	trials	210624SL	p59	Z11111	12	11.0	0.0	4	1680.431729783439	1680.6386114024124
1680.7120131506651	0.5268817754865722	trials	210624SL	p59	Z11111	358	12.0	315.0	12	1680.8620131506652	1681.0888949261516
1681.152336596461	0.5068416186602462	trials	210624SL	p59	Z11111	324	8.0	225.0	12	1681.3023365964611	1681.5091782151212
1681.5926200419437	0.4968815407166858	trials	210624SL	p59	Z11111	112	6.0	315.0	4	1681.7426200419438	1681.9395015826603
1681.9929031744002	0.5268817754863448	trials	210624SL	p59	Z11111	263	7.0	45.0	12	1682.1429031744003	1682.3697849498865
1682.4431866981397	0.4968815407166858	trials	210624SL	p59	Z11111	176	10.0	135.0	8	1682.5931866981398	1682.7900682388563
1682.843469830596	0.5368818537431252	trials	210624SL	p59	Z11111	276	5.0	90.0	12	1682.993469830596	1683.230351684339
1683.2937933546484	0.5068416186602462	trials	210624SL	p59	Z11111	354	8.0	315.0	12	1683.4437933546485	1683.6506349733086
1686.5860191182956	0.5068816189732388	trials	210624SL	p59	Z11111	306	5.0	180.0	12	1686.7360191182956	1686.9429007372687
1687.006302407265	0.49688154071691315	trials	210624SL	p59	Z11111	51	5.0	135.0	4	1687.156302407265	1687.3531839479817
1687.416585617978	0.4968815407166858	trials	210624SL	p59	Z11111	65	4.0	180.0	4	1687.566585617978	1687.7634671586945
1687.8168687504342	0.5268817754865722	trials	210624SL	p59	Z11111	87	11.0	225.0	4	1687.9668687504343	1688.1937505259207
1688.2671522741737	0.4968815407166858	trials	210624SL	p59	Z11111	136	0.0	45.0	8	1688.4171522741738	1688.6140338148903
1688.66743540663	0.5268817754867996	trials	210624SL	p59	Z11111	71	10.0	180.0	4	1688.81743540663	1689.0443171821166
1689.1177589306826	0.4968415404036932	trials	210624SL	p59	Z11111	129	8.0	0.0	8	1689.2677589306827	1689.4646004710862
1689.5180020628256	0.5269217757997922	trials	210624SL	p59	Z11111	140	4.0	45.0	8	1689.6680020628257	1689.8949238386253
1692.8503081401254	0.5268817754865722	trials	210624SL	p59	Z11111	226	0.0	315.0	8	1693.0003081401255	1693.227189915612
1693.300591663865	0.4968815407166858	trials	210624SL	p59	Z11111	325	9.0	225.0	12	1693.450591663865	1693.6474732045815
1693.700874796321	0.5268817754867996	trials	210624SL	p59	Z11111	128	7.0	0.0	8	1693.850874796321	1694.0777565718076
1694.1511583200604	0.4968815407166858	trials	210624SL	p59	Z11111	285	14.0	90.0	12	1694.3011583200605	1694.498039860777
1694.5514414525169	0.5368818537431252	trials	210624SL	p59	Z11111	212	1.0	270.0	8	1694.701441452517	1694.93832330626
1695.0017649765693	0.4968415404036932	trials	210624SL	p59	Z11111	146	10.0	45.0	8	1695.1517649765694	1695.348606516973
1695.4120481872822	0.5268817754865722	trials	210624SL	p59	Z11111	149	13.0	45.0	8	1695.5620481872822	1695.7889299627686
1695.852331632765	0.5068816189732388	trials	210624SL	p59	Z11111	118	12.0	315.0	4	1696.0023316327652	1696.2092132517382
1699.204597866265	0.5269217757995648	trials	210624SL	p59	Z11111	0			0	1699.354597866265	1699.5815196420644
1699.6549213903174	0.4968815407166858	trials	210624SL	p59	Z11111	224	13.0	270.0	8	1699.8049213903175	1700.001802931034
1700.0552045227737	0.5268817754865722	trials	210624SL	p59	Z11111	74	13.0	180.0	4	1700.2052045227738	1700.4320862982602
1700.4954879682564	0.5268817754865722	trials	210624SL	p59	Z11111	13	12.0	0.0	4	1700.6454879682565	1700.8723697437429
1700.9458114923088	0.4968415404036932	trials	210624SL	p59	Z11111	284	13.0	90.0	12	1701.095811492309	1701.2926530327125
1701.376094859535	0.4968815407166858	trials	210624SL	p59	Z11111	105	14.0	270.0	4	1701.526094859535	1701.7229764002516
1701.7763779919915	0.5368818537431252	trials	210624SL	p59	Z11111	177	11.0	135.0	8	1701.9263779919916	1702.1632598457345
1702.226661515731	0.4968815407166858	trials	210624SL	p59	Z11111	6	5.0	0.0	4	1702.376661515731	1702.5735430564475
1705.6790085324233	0.5068816189732388	trials	210624SL	p59	Z11111	288	2.0	135.0	12	1705.8290085324234	1706.0358901513964
1706.1093318999624	0.5268817754863448	trials	210624SL	p59	Z11111	208	12.0	225.0	8	1706.2593318999625	1706.4862136754487
1706.5596154237019	0.4968815407166858	trials	210624SL	p59	Z11111	218	7.0	270.0	8	1706.709615423702	1706.9064969644185
1706.9698986344147	0.5268817754865722	trials	210624SL	p59	Z11111	257	1.0	45.0	12	1707.1198986344148	1707.3467804099012
1707.4101820798974	0.5068816189732388	trials	210624SL	p59	Z11111	286	0.0	135.0	12	1707.5601820798975	1707.7670636988705
1707.8505055256935	0.4968815407164584	trials	210624SL	p59	Z11111	196	0.0	225.0	8	1708.0005055256936	1708.1973870664099
1708.2707888146629	0.49688154071691315	trials	210624SL	p59	Z11111	181	0.0	180.0	8	1708.420788814663	1708.6176703553797
1708.701072181889	0.4968815407166858	trials	210624SL	p59	Z11111	69	8.0	180.0	4	1708.851072181889	1709.0479537226056
1712.0333382588756	0.5068816189734662	trials	210624SL	p59	Z11111	209	13.0	225.0	8	1712.1833382588757	1712.390219877849
1712.463661626415	0.49684154040346584	trials	210624SL	p59	Z11111	291	5.0	135.0	12	1712.613661626415	1712.8105031668183
1712.8839449153843	0.4968415404036932	trials	210624SL	p59	Z11111	77	1.0	225.0	4	1713.0339449153844	1713.230786455788
1713.2841880475278	0.4968815407166858	trials	210624SL	p59	Z11111	160	9.0	90.0	8	1713.4341880475279	1713.6310695882444
1713.714511415067	0.5068416186604736	trials	210624SL	p59	Z11111	170	4.0	135.0	8	1713.864511415067	1714.0713530337273
1714.12479462578	0.5268817754865722	trials	210624SL	p59	Z11111	320	4.0	225.0	12	1714.27479462578	1714.5016764012664
1714.5750781495194	0.4968815407166858	trials	210624SL	p59	Z11111	225	14.0	270.0	8	1714.7250781495195	1714.921959690236
1714.9753612819754	0.5268817754867996	trials	210624SL	p59	Z11111	76	0.0	225.0	4	1715.1253612819755	1715.3522430574621
1718.5277890818602	0.5068416186602462	trials	210624SL	p59	Z11111	270	14.0	45.0	12	1718.6777890818603	1718.8846307005203
1718.9580724490863	0.4968415404036932	trials	210624SL	p59	Z11111	121	0.0	0.0	8	1719.1080724490864	1719.30491398949
1719.3583555815426	0.5268817754865722	trials	210624SL	p59	Z11111	81	5.0	225.0	4	1719.5083555815427	1719.735237357029
1719.788638948769	0.5368818537431252	trials	210624SL	p59	Z11111	68	7.0	180.0	4	1719.938638948769	1720.175520802512
1720.2289223942514	0.5268817754867996	trials	210624SL	p59	Z11111	185	4.0	180.0	8	1720.3789223942515	1720.6058041697381
1720.679245918304	0.4968415404036932	trials	210624SL	p59	Z11111	5	4.0	0.0	4	1720.8292459183042	1721.0260874587077
1721.0795290507606	0.5268817754863448	trials	210624SL	p59	Z11111	330	14.0	225.0	12	1721.2295290507607	1721.4564108262468
1721.5298125744998	0.4968815407166858	trials	210624SL	p59	Z11111	64	3.0	180.0	4	1721.6798125745	1721.8766941152164
1724.8821188083127	0.5268817754863448	trials	210624SL	p59	Z11111	153	2.0	90.0	8	1725.0321188083128	1725.259000583799
1725.3224022537954	0.5368818537431252	trials	210624SL	p59	Z11111	186	5.0	180.0	8	1725.4724022537955	1725.7092841075385
1725.7827258561044	0.4968415404039206	trials	210624SL	p59	Z11111	33	2.0	90.0	4	1725.9327258561045	1726.1295673965083
1726.182968988248	0.5269217757995648	trials	210624SL	p59	Z11111	162	11.0	90.0	8	1726.332968988248	1726.5598907640474
1726.6332925123004	0.4968815407166858	trials	210624SL	p59	Z11111	295	9.0	135.0	12	1726.7832925123005	1726.980174053017
1727.0335756447566	0.5268817754865722	trials	210624SL	p59	Z11111	37	6.0	90.0	4	1727.1835756447567	1727.4104574202431
1727.483859168496	0.4968815407166858	trials	210624SL	p59	Z11111	333	2.0	270.0	12	1727.6338591684962	1727.8307407092127
1727.9141825360355	0.5068416186602462	trials	210624SL	p59	Z11111	15	14.0	0.0	4	1728.0641825360356	1728.2710241546956
1731.2164083779392	0.5068816189732388	trials	210624SL	p59	Z11111	256	0.0	45.0	12	1731.3664083779393	1731.5732899969123
1731.646691745165	0.49688154071691315	trials	210624SL	p59	Z11111	235	9.0	315.0	8	1731.7966917451652	1731.993573285882
1732.056974955878	0.4968815407166858	trials	210624SL	p59	Z11111	282	11.0	90.0	12	1732.2069749558782	1732.4038564965947
1732.4872983234172	0.4968415404036932	trials	210624SL	p59	Z11111	41	10.0	90.0	4	1732.6372983234173	1732.8341398638208
1732.8875414555607	0.4968815407166858	trials	210624SL	p59	Z11111	258	2.0	45.0	12	1733.0375414555608	1733.2344229962773
1733.3178648230999	0.4968415404036932	trials	210624SL	p59	Z11111	23	7.0	45.0	4	1733.4678648231	1733.6647063635035
1733.7281080334997	0.5269217757995648	trials	210624SL	p59	Z11111	352	6.0	315.0	12	1733.8781080334998	1734.1050298092991
1734.1784315575524	0.4968815407166858	trials	210624SL	p59	Z11111	305	4.0	180.0	12	1734.3284315575524	1734.525313098269
1737.4406570864294	0.5068816189732388	trials	210624SL	p59	Z11111	147	11.0	45.0	8	1737.5906570864295	1737.7975387054025
1737.8509402971424	0.5068816189732388	trials	210624SL	p59	Z11111	223	12.0	270.0	8	1738.0009402971425	1738.2078219161156
1738.291223742625	0.4968815407166858	trials	210624SL	p59	Z11111	53	7.0	135.0	4	1738.4412237426252	1738.6381052833417
1738.7215071098515	0.4968815407166858	trials	210624SL	p59	Z11111	100	9.0	270.0	4	1738.8715071098516	1739.068388650568
1739.1217902423075	0.5068816189732388	trials	210624SL	p59	Z11111	323	7.0	225.0	12	1739.2717902423076	1739.4786718612806
1739.5320734530205	0.5268817754865722	trials	210624SL	p59	Z11111	29	13.0	45.0	4	1739.6820734530206	1739.908955228507
1739.962356820247	0.4968815407164584	trials	210624SL	p59	Z11111	152	1.0	90.0	8	1740.112356820247	1740.3092383609633
1740.3626399527031	0.5268817754865722	trials	210624SL	p59	Z11111	205	9.0	225.0	8	1740.5126399527032	1740.7395217281896
1743.6448656380935	0.5268817754863448	trials	210624SL	p59	Z11111	231	5.0	315.0	8	1743.7948656380936	1744.0217474135798
1744.0951891621457	0.49688154071691315	trials	210624SL	p59	Z11111	217	6.0	270.0	8	1744.2451891621458	1744.4420707028626
1744.525472529372	0.4968815407166858	trials	210624SL	p59	Z11111	116	10.0	315.0	4	1744.6754725293722	1744.8723540700887
1744.9357557400851	0.5268817754863448	trials	210624SL	p59	Z11111	168	2.0	135.0	8	1745.0857557400852	1745.3126375155714
1745.3760391855678	0.5068816189732388	trials	210624SL	p59	Z11111	47	1.0	135.0	4	1745.526039185568	1745.732920804541
1745.8163626313637	0.4968415404036932	trials	210624SL	p59	Z11111	82	6.0	225.0	4	1745.9663626313638	1746.1632041717673
1746.21664576382	0.5268817754865722	trials	210624SL	p59	Z11111	273	2.0	90.0	12	1746.36664576382	1746.5935275393065
1746.6669292875595	0.4968815407166858	trials	210624SL	p59	Z11111	318	2.0	225.0	12	1746.8169292875596	1747.013810828276
1749.9891952862895	0.5168816972297918	trials	210624SL	p59	Z11111	230	4.0	315.0	8	1750.1391952862896	1750.3560769835192
1750.4194786535156	0.5268817754865722	trials	210624SL	p59	Z11111	229	3.0	315.0	8	1750.5694786535157	1750.796360429002
1750.869802177568	0.4968815407166858	trials	210624SL	p59	Z11111	240	14.0	315.0	8	1751.0198021775682	1751.2166837182847
1751.2800853882811	0.4968415404036932	trials	210624SL	p59	Z11111	219	8.0	270.0	8	1751.4300853882812	1751.6269269286847
1751.690368598994	0.4968415404036932	trials	210624SL	p59	Z11111	178	12.0	135.0	8	1751.840368598994	1752.0372101393975
1752.0906117311372	0.5269217757997922	trials	210624SL	p59	Z11111	85	9.0	225.0	4	1752.2406117311373	1752.467533506937
1752.5209350986763	0.4968415404036932	trials	210624SL	p59	Z11111	90	14.0	225.0	4	1752.6709350986764	1752.86777663908
1752.9211782308196	0.5269217757997922	trials	210624SL	p59	Z11111	300	14.0	135.0	12	1753.0711782308197	1753.2981000066193
1756.2734844646325	0.5268817754865722	trials	210624SL	p59	Z11111	159	8.0	90.0	8	1756.4234844646326	1756.650366240119
1756.7137679101154	0.5068816189732388	trials	210624SL	p59	Z11111	107	1.0	315.0	4	1756.8637679101155	1757.0706495290885
1757.1240511208284	0.5268817754865722	trials	210624SL	p59	Z11111	75	14.0	180.0	4	1757.2740511208285	1757.500932896315
1757.5543344880546	0.4968815407166858	trials	210624SL	p59	Z11111	233	7.0	315.0	8	1757.7043344880547	1757.9012160287712
1757.9546176205108	0.5068816189734662	trials	210624SL	p59	Z11111	141	5.0	45.0	8	1758.104617620511	1758.3114992394842
1758.3949410663067	0.49684154040346584	trials	210624SL	p59	Z11111	184	3.0	180.0	8	1758.5449410663068	1758.74178260671
1758.79518419845	0.5268817754865722	trials	210624SL	p59	Z11111	4	3.0	0.0	4	1758.94518419845	1759.1720659739365
1759.2455077225025	0.4968415404036932	trials	210624SL	p59	Z11111	102	11.0	270.0	4	1759.3955077225025	1759.592349262906
1762.5277334078928	0.5068816189732388	trials	210624SL	p59	Z11111	360	14.0	315.0	12	1762.677733407893	1762.884615026866
1762.9380166186058	0.5068816189732388	trials	210624SL	p59	Z11111	319	3.0	225.0	12	1763.088016618606	1763.294898237579
1763.3783000640885	0.49688154071691315	trials	210624SL	p59	Z11111	272	1.0	90.0	12	1763.5283000640886	1763.7251816048054
1763.7785831965448	0.4968815407166858	trials	210624SL	p59	Z11111	84	8.0	225.0	4	1763.9285831965449	1764.1254647372614
1764.2088665637712	0.4968815407166858	trials	210624SL	p59	Z11111	269	13.0	45.0	12	1764.3588665637712	1764.5557481044877
1764.6191497744842	0.4968815407164584	trials	210624SL	p59	Z11111	3	2.0	0.0	4	1764.7691497744843	1764.9660313152006
1765.0494731420233	0.4968415404036932	trials	210624SL	p59	Z11111	78	2.0	225.0	4	1765.1994731420234	1765.396314682427
1765.4497162741663	0.5268817754867996	trials	210624SL	p59	Z11111	183	2.0	180.0	8	1765.5997162741664	1765.826598049653
1768.8820631343456	0.5068816189732388	trials	210624SL	p59	Z11111	109	3.0	315.0	4	1769.0320631343457	1769.2389447533187
1769.2923463450584	0.5368818537431252	trials	210624SL	p59	Z11111	124	3.0	0.0	8	1769.4423463450585	1769.6792281988014
1769.7426698691108	0.5068416186604736	trials	210624SL	p59	Z11111	216	5.0	270.0	8	1769.892669869111	1770.0995114877712
1770.1829533145938	0.4968815407166858	trials	210624SL	p59	Z11111	2	1.0	0.0	4	1770.3329533145939	1770.5298348553104
1770.5832364470498	0.5268817754867996	trials	210624SL	p59	Z11111	96	5.0	270.0	4	1770.7332364470499	1770.9601182225365
1771.0335199707893	0.4968815407166858	trials	210624SL	p59	Z11111	70	9.0	180.0	4	1771.1835199707893	1771.3804015115059
1771.4438031815023	0.5268817754865722	trials	210624SL	p59	Z11111	101	10.0	270.0	4	1771.5938031815024	1771.8206849569888
1771.8841266272982	0.5068416186602462	trials	210624SL	p59	Z11111	341	10.0	270.0	12	1772.0341266272983	1772.2409682459584
1775.2263927825416	0.5068816189732388	trials	210624SL	p59	Z11111	193	12.0	180.0	8	1775.3763927825416	1775.5832744015147
1775.6566761497675	0.49688154071691315	trials	210624SL	p59	Z11111	255	14.0	0.0	12	1775.8066761497676	1776.0035576904843
1776.056959282224	0.5268817754863448	trials	210624SL	p59	Z11111	106	0.0	315.0	4	1776.206959282224	1776.4338410577102
1776.48724264945	0.4968815407166858	trials	210624SL	p59	Z11111	326	10.0	225.0	12	1776.6372426494502	1776.8341241901667
1776.8875257819066	0.5368818537428979	trials	210624SL	p59	Z11111	8	7.0	0.0	4	1777.0375257819067	1777.2744076356494
1777.3378093056458	0.4968815407166858	trials	210624SL	p59	Z11111	88	12.0	225.0	4	1777.487809305646	1777.6846908463624
1777.7480925163586	0.5268817754867996	trials	210624SL	p59	Z11111	142	6.0	45.0	8	1777.8980925163587	1778.1249742918453
1778.1884159621547	0.5068416186600189	trials	210624SL	p59	Z11111	316	0.0	225.0	12	1778.3384159621548	1778.5452575808147
1781.5406821956544	0.5268817754865722	trials	210624SL	p59	Z11111	215	4.0	270.0	8	1781.6906821956545	1781.917563971141
1781.991005719707	0.4968415404036932	trials	210624SL	p59	Z11111	91	0.0	270.0	4	1782.141005719707	1782.3378472601105
1782.3912488518504	0.5268817754863448	trials	210624SL	p59	Z11111	11	10.0	0.0	4	1782.5412488518505	1782.7681306273366
1782.831572297646	0.5268817754865722	trials	210624SL	p59	Z11111	199	3.0	225.0	8	1782.9815722976462	1783.2084540731325
1783.2818558213855	0.4968815407166858	trials	210624SL	p59	Z11111	123	2.0	0.0	8	1783.4318558213856	1783.6287373621021
1783.7121791889247	0.5268817754865722	trials	210624SL	p59	Z11111	280	9.0	90.0	12	1783.8621791889248	1784.0890609644111
1784.1624627126641	0.4968815407166858	trials	210624SL	p59	Z11111	278	7.0	90.0	12	1784.3124627126642	1784.5093442533807
1784.5627458451206	0.5068816189732388	trials	210624SL	p59	Z11111	97	6.0	270.0	4	1784.7127458451207	1784.9196274640938
1787.8850118438504	0.5068816189732388	trials	210624SL	p59	Z11111	237	11.0	315.0	8	1788.0350118438505	1788.2418934628236
1788.2952950545634	0.5268817754865722	trials	210624SL	p59	Z11111	126	5.0	0.0	8	1788.4452950545635	1788.67217683005
1788.7455785783027	0.49688154071691315	trials	210624SL	p59	Z11111	347	1.0	315.0	12	1788.8955785783028	1789.0924601190195
1789.1558617890157	0.5268817754865722	trials	210624SL	p59	Z11111	131	10.0	0.0	8	1789.3058617890158	1789.5327435645022
1789.5961852348116	0.5068416186602462	trials	210624SL	p59	Z11111	14	13.0	0.0	4	1789.7461852348117	1789.9530268534718
1790.0064684455244	0.5268817754867996	trials	210624SL	p59	Z11111	250	9.0	0.0	12	1790.1564684455245	1790.3833502210111
1790.4367518127506	0.5268817754865722	trials	210624SL	p59	Z11111	204	8.0	225.0	8	1790.5867518127507	1790.813633588237
1790.867035179977	0.5368818537431252	trials	210624SL	p59	Z11111	221	10.0	270.0	8	1791.017035179977	1791.25391703372
1794.3594225100085	0.5068816189732388	trials	210624SL	p59	Z11111	161	10.0	90.0	8	1794.5094225100086	1794.7163041289816
1794.779705798978	0.5068816189734662	trials	210624SL	p59	Z11111	299	13.0	135.0	12	1794.9297057989781	1795.1365874179514
1795.219989244461	0.4968815407166858	trials	210624SL	p59	Z11111	17	1.0	45.0	4	1795.369989244461	1795.5668707851776
1795.6202723769172	0.5268817754865722	trials	210624SL	p59	Z11111	30	14.0	45.0	4	1795.7702723769173	1795.9971541524037
1796.0705959009697	0.4968415404036932	trials	210624SL	p59	Z11111	22	6.0	45.0	4	1796.2205959009698	1796.4174374413733
1796.4808791116827	0.49684154040346584	trials	210624SL	p59	Z11111	311	10.0	180.0	12	1796.6308791116828	1796.827720652086
1796.9111624789089	0.4968415404036932	trials	210624SL	p59	Z11111	113	7.0	315.0	4	1797.061162478909	1797.2580040193125
1797.3114456113651	0.5268817754865722	trials	210624SL	p59	Z11111	80	4.0	225.0	4	1797.4614456113652	1797.6883273868516
1808.1187701851811	0.5268817754865722	trials	210624SL	p59	Z11111	198	2.0	225.0	8	1808.2687701851812	1808.4956519606676
1808.5690937092336	0.4968815407166858	trials	210624SL	p59	Z11111	334	3.0	270.0	12	1808.7190937092337	1808.9159752499502
1808.9993770764597	0.4968815407166858	trials	210624SL	p59	Z11111	277	6.0	90.0	12	1809.1493770764598	1809.3462586171763
1809.3996602089162	0.5368818537431252	trials	210624SL	p59	Z11111	202	6.0	225.0	8	1809.5496602089163	1809.7865420626592
1809.8499837329687	0.5068416186602462	trials	210624SL	p59	Z11111	120	14.0	315.0	4	1809.9999837329688	1810.2068253516288
1810.2602669436815	0.5268817754865722	trials	210624SL	p59	Z11111	20	4.0	45.0	4	1810.4102669436816	1810.637148719168
1810.710550467421	0.4968815407166858	trials	210624SL	p59	Z11111	246	5.0	0.0	12	1810.860550467421	1811.0574320081375
1811.140833834647	0.49688154071691315	trials	210624SL	p59	Z11111	48	2.0	135.0	4	1811.2908338346472	1811.487715375364
1814.443099676864	0.5068816189732388	trials	210624SL	p59	Z11111	232	6.0	315.0	8	1814.593099676864	1814.7999812958371
1814.8533828875768	0.4968415404036932	trials	210624SL	p59	Z11111	297	11.0	135.0	12	1815.003382887577	1815.2002244279804
1815.2936663330595	0.4968815407166858	trials	210624SL	p59	Z11111	1	0.0	0.0	4	1815.4436663330596	1815.640547873776
1815.693949465516	0.5268817754863448	trials	210624SL	p59	Z11111	93	2.0	270.0	4	1815.843949465516	1816.0708312410022
1816.1442729895682	0.4968415404039206	trials	210624SL	p59	Z11111	283	12.0	90.0	12	1816.2942729895683	1816.491114529972
1816.5445161217115	0.5268817754867996	trials	210624SL	p59	Z11111	114	8.0	315.0	4	1816.6945161217116	1816.9213978971982
1816.9747994889378	0.5369218540561178	trials	210624SL	p59	Z11111	182	1.0	180.0	8	1817.124799488938	1817.3617213429939
1817.4151229347337	0.49684154040346584	trials	210624SL	p59	Z11111	339	8.0	270.0	12	1817.5651229347338	1817.7619644751371
1820.7773892464902	0.5068816189732388	trials	210624SL	p59	Z11111	0			0	1820.9273892464903	1821.1342708654633
1821.1977125357728	0.5268817754863448	trials	210624SL	p59	Z11111	165	14.0	90.0	8	1821.3477125357729	1821.574594311259
1821.6479960595123	0.4968815407164584	trials	210624SL	p59	Z11111	197	1.0	225.0	8	1821.7979960595123	1821.9948776002286
1822.0782794267384	0.4968815407166858	trials	210624SL	p59	Z11111	274	3.0	90.0	12	1822.2282794267385	1822.425160967455
1822.498562715708	0.4968815407166858	trials	210624SL	p59	Z11111	236	10.0	315.0	8	1822.648562715708	1822.8454442564246
1822.8988458481642	0.4968815407166858	trials	210624SL	p59	Z11111	294	8.0	135.0	12	1823.0488458481643	1823.2457273888808
1823.2991289806205	0.5268817754865722	trials	210624SL	p59	Z11111	174	8.0	135.0	8	1823.4491289806206	1823.676010756107
1823.7394124261034	0.5268817754863448	trials	210624SL	p59	Z11111	119	13.0	315.0	4	1823.8894124261035	1824.1162942015897
1827.1917594427957	0.5168816972297918	trials	210624SL	p59	Z11111	125	4.0	0.0	8	1827.3417594427958	1827.5586411400254
1827.6320828885914	0.4968415404036932	trials	210624SL	p59	Z11111	34	3.0	90.0	4	1827.7820828885915	1827.978924428995
1828.0323660210477	0.5268817754865722	trials	210624SL	p59	Z11111	192	11.0	180.0	8	1828.1823660210478	1828.4092477965341
1828.4726494665304	0.5268817754867996	trials	210624SL	p59	Z11111	315	14.0	180.0	12	1828.6226494665304	1828.849531242017
1828.922972990583	0.5268817754863448	trials	210624SL	p59	Z11111	313	12.0	180.0	12	1829.0729729905831	1829.2998547660693
1829.3732565143225	0.4968815407166858	trials	210624SL	p59	Z11111	247	6.0	0.0	12	1829.5232565143226	1829.7201380550391
1829.7735396467785	0.5268817754867996	trials	210624SL	p59	Z11111	180	14.0	135.0	8	1829.9235396467786	1830.1504214222653
1830.203823014005	0.5068816189732388	trials	210624SL	p59	Z11111	287	1.0	135.0	12	1830.353823014005	1830.560704632978
1833.6661701089538	0.4968815407166858	trials	210624SL	p59	Z11111	228	2.0	315.0	8	1833.8161701089539	1834.0130516496704
1834.0764533196668	0.5268817754863448	trials	210624SL	p59	Z11111	50	4.0	135.0	4	1834.226453319667	1834.453335095153
1834.526776843719	0.4968415404036932	trials	210624SL	p59	Z11111	335	4.0	270.0	12	1834.6767768437192	1834.8736183841227
1834.9270599761755	0.5268817754863448	trials	210624SL	p59	Z11111	262	6.0	45.0	12	1835.0770599761756	1835.3039417516618
1835.377343499915	0.4968815407164584	trials	210624SL	p59	Z11111	154	3.0	90.0	8	1835.527343499915	1835.7242250406314
1835.777626632371	0.5268817754867996	trials	210624SL	p59	Z11111	166	0.0	135.0	8	1835.9276266323711	1836.1545084078577
1836.2279101561105	0.4968815407166858	trials	210624SL	p59	Z11111	249	8.0	0.0	12	1836.3779101561106	1836.574791696827
1836.628193288567	0.5068816189732388	trials	210624SL	p59	Z11111	279	8.0	90.0	12	1836.778193288567	1836.9850749075401
1840.1005804620854	0.5268817754863448	trials	210624SL	p59	Z11111	44	13.0	90.0	4	1840.2505804620855	1840.4774622375717
1840.540863907568	0.4968815407166858	trials	210624SL	p59	Z11111	158	7.0	90.0	8	1840.6908639075682	1840.8877454482847
1840.9511471182811	0.49684154040346584	trials	210624SL	p59	Z11111	207	11.0	225.0	8	1841.1011471182812	1841.2979886586845
1841.3814304855073	0.4968815407166858	trials	210624SL	p59	Z11111	104	13.0	270.0	4	1841.5314304855074	1841.7283120262239
1841.7817136179635	0.5268817754865722	trials	210624SL	p59	Z11111	151	0.0	90.0	8	1841.9317136179636	1842.15859539345
1842.232037142016	0.4968415404036932	trials	210624SL	p59	Z11111	67	6.0	180.0	4	1842.382037142016	1842.5788786824196
1842.6322802741595	0.5068816189732388	trials	210624SL	p59	Z11111	296	10.0	135.0	12	1842.7822802741596	1842.9891618931326
1843.0726037199552	0.4968415404036932	trials	210624SL	p59	Z11111	307	6.0	180.0	12	1843.2226037199553	1843.4194452603588
1846.424869953455	0.5168816972300192	trials	210624SL	p59	Z11111	234	8.0	315.0	8	1846.5748699534552	1846.791751650685
1846.8451532424247	0.5068816189732388	trials	210624SL	p59	Z11111	190	9.0	180.0	8	1846.9951532424247	1847.2020348613978
1847.2554364531375	0.5268817754865722	trials	210624SL	p59	Z11111	343	12.0	270.0	12	1847.4054364531376	1847.632318228624
1847.70575997719	0.4968415404036932	trials	210624SL	p59	Z11111	62	1.0	180.0	4	1847.85575997719	1848.0526015175935
1848.1060031093332	0.5268817754867996	trials	210624SL	p59	Z11111	110	4.0	315.0	4	1848.2560031093333	1848.48288488482
1848.5363264768725	0.49684154040346584	trials	210624SL	p59	Z11111	49	3.0	135.0	4	1848.6863264768726	1848.883168017276
1848.9465696872724	0.5269217757995648	trials	210624SL	p59	Z11111	63	2.0	180.0	4	1849.0965696872724	1849.3234914630718
1849.386893133068	0.5068816189736935	trials	210624SL	p59	Z11111	171	5.0	135.0	8	1849.5368931330681	1849.7437747520416
1852.7591995233943	0.5068416186604736	trials	210624SL	p59	Z11111	243	2.0	0.0	12	1852.9091995233944	1853.1160411420547
1853.1694827341073	0.5068416186602462	trials	210624SL	p59	Z11111	227	1.0	315.0	8	1853.3194827341074	1853.5263243527675
1853.6097661795902	0.4968815407166858	trials	210624SL	p59	Z11111	312	11.0	180.0	12	1853.7597661795903	1853.9566477203068
1854.0100493120462	0.5268817754867996	trials	210624SL	p59	Z11111	89	13.0	225.0	4	1854.1600493120463	1854.386931087533
1854.4603328357857	0.49688154071691315	trials	210624SL	p59	Z11111	304	3.0	180.0	12	1854.6103328357858	1854.8072143765025
1854.8606159682422	0.5268817754863448	trials	210624SL	p59	Z11111	117	11.0	315.0	4	1855.0106159682423	1855.2374977437285
1855.3109394922944	0.5268817754867996	trials	210624SL	p59	Z11111	111	5.0	315.0	4	1855.4609394922945	1855.6878212677811
1855.761223016034	0.49688154071691315	trials	210624SL	p59	Z11111	61	0.0	180.0	4	1855.911223016034	1856.1081045567507
1859.383691364028	0.5268817754865722	trials	210624SL	p59	Z11111	156	5.0	90.0	8	1859.533691364028	1859.7605731395145
1859.824014809824	0.4968415404036932	trials	210624SL	p59	Z11111	167	1.0	135.0	8	1859.974014809824	1860.1708563502275
1860.234258020224	0.5269217757993374	trials	210624SL	p59	Z11111	210	14.0	225.0	8	1860.384258020224	1860.6111797960232
1860.6845815442762	0.4968815407166858	trials	210624SL	p59	Z11111	302	1.0	180.0	12	1860.8345815442763	1861.0314630849928
1861.0848646767326	0.49684154040346584	trials	210624SL	p59	Z11111	56	10.0	135.0	4	1861.2348646767327	1861.431706217136
1861.5151480439586	0.49688154071691315	trials	210624SL	p59	Z11111	252	11.0	0.0	12	1861.6651480439587	1861.8620295846754
1861.9254312546716	0.5268817754865722	trials	210624SL	p59	Z11111	43	12.0	90.0	4	1862.0754312546717	1862.302313030158
1862.3557146218977	0.5268817754865722	trials	210624SL	p59	Z11111	290	4.0	135.0	12	1862.5057146218978	1862.7325963973842
1865.7680213252504	0.5269217757997922	trials	210624SL	p59	Z11111	359	13.0	315.0	12	1865.9180213252505	1866.14494310105
1866.2183448493029	0.4968815407166858	trials	210624SL	p59	Z11111	293	7.0	135.0	12	1866.368344849303	1866.5652263900195
1866.6186279817593	0.5268817754863448	trials	210624SL	p59	Z11111	348	2.0	315.0	12	1866.7686279817594	1866.9955097572456
1867.0489113489855	0.5368818537431252	trials	210624SL	p59	Z11111	175	9.0	135.0	8	1867.1989113489856	1867.4357932027285
1867.499234873038	0.4968415404036932	trials	210624SL	p59	Z11111	238	12.0	315.0	8	1867.649234873038	1867.8460764134416
1867.9095180837508	0.5268817754865722	trials	210624SL	p59	Z11111	340	9.0	270.0	12	1868.0595180837508	1868.2863998592372
1868.3598016074902	0.4968815407166858	trials	210624SL	p59	Z11111	322	6.0	225.0	12	1868.5098016074903	1868.7066831482068
1868.7900849747166	0.4968815407166858	trials	210624SL	p59	Z11111	265	9.0	45.0	12	1868.9400849747167	1869.1369665154332
1872.2124317566388	0.5168816972297918	trials	210624SL	p59	Z11111	195	14.0	180.0	8	1872.362431756639	1872.5793134538685
1872.642715123865	0.4968815407166858	trials	210624SL	p59	Z11111	18	2.0	45.0	4	1872.792715123865	1872.9895966645815
1873.072998491091	0.4968815407166858	trials	210624SL	p59	Z11111	310	9.0	180.0	12	1873.2229984910912	1873.4198800318077
1873.4732816235476	0.5369218540561178	trials	210624SL	p59	Z11111	134	13.0	0.0	8	1873.6232816235477	1873.8602034776036
1873.9236051476	0.4968415404036932	trials	210624SL	p59	Z11111	55	9.0	135.0	4	1874.0736051476001	1874.2704466880036
1874.3338883583128	0.5268817754865722	trials	210624SL	p59	Z11111	19	3.0	45.0	4	1874.483888358313	1874.7107701337993
1874.764171725539	0.49688154071691315	trials	210624SL	p59	Z11111	187	6.0	180.0	8	1874.914171725539	1875.1110532662558
1875.194455092765	0.4968815407166858	trials	210624SL	p59	Z11111	259	3.0	45.0	12	1875.3444550927652	1875.5413366334817
1878.5167210914951	0.5268817754865722	trials	210624SL	p59	Z11111	164	13.0	90.0	8	1878.6667210914952	1878.8936028669816
1878.9570045369778	0.4968815407166858	trials	210624SL	p59	Z11111	220	9.0	270.0	8	1879.107004536978	1879.3038860776944
1879.3672877476909	0.5269217757997922	trials	210624SL	p59	Z11111	52	6.0	135.0	4	1879.517287747691	1879.7442095234906
1879.8176112717433	0.49688154071691315	trials	210624SL	p59	Z11111	83	7.0	225.0	4	1879.9676112717434	1880.1644928124601
1880.2178944041996	0.5268817754865722	trials	210624SL	p59	Z11111	222	11.0	270.0	8	1880.3678944041997	1880.594776179686
1880.648177771426	0.4968815407166858	trials	210624SL	p59	Z11111	336	5.0	270.0	12	1880.798177771426	1880.9950593121425
1881.0884612169089	0.5268817754863448	trials	210624SL	p59	Z11111	251	10.0	0.0	12	1881.238461216909	1881.465342992395
1881.518784584448	0.4968415404036932	trials	210624SL	p59	Z11111	261	5.0	45.0	12	1881.668784584448	1881.8656261248516
1883.800322438854	0.5268817754865722	trials	210624SL	p59	Z11111	357	11.0	315.0	12	1883.950322438854	1884.1772042143405
1884.2506459629064	0.5268817754867996	trials	210624SL	p59	Z11111	163	12.0	90.0	8	1884.4006459629065	1884.6275277383932
1884.700929486646	0.49688154071691315	trials	210624SL	p59	Z11111	201	5.0	225.0	8	1884.850929486646	1885.0478110273627
1885.131212853872	0.4968815407166858	trials	210624SL	p59	Z11111	28	12.0	45.0	4	1885.2812128538721	1885.4780943945887
1885.5314959863285	0.5368818537431252	trials	210624SL	p59	Z11111	179	13.0	135.0	8	1885.6814959863286	1885.9183778400716
1885.981819510381	0.4968415404036932	trials	210624SL	p59	Z11111	332	1.0	270.0	12	1886.131819510381	1886.3286610507846
1886.3921027210938	0.5268817754865722	trials	210624SL	p59	Z11111	173	7.0	135.0	8	1886.542102721094	1886.7689844965803
1886.8423862448333	0.4968815407166858	trials	210624SL	p59	Z11111	188	7.0	180.0	8	1886.9923862448334	1887.1892677855499
1890.224692713416	0.5268817754865722	trials	210624SL	p59	Z11111	108	2.0	315.0	4	1890.3746927134162	1890.6015744889025
1890.665016159212	0.4968415404036932	trials	210624SL	p59	Z11111	346	0.0	315.0	12	1890.815016159212	1891.0118576996156
1891.0652592913552	0.5068816189734662	trials	210624SL	p59	Z11111	39	8.0	90.0	4	1891.2152592913553	1891.4221409103286
1891.475542502068	0.5268817754865722	trials	210624SL	p59	Z11111	245	4.0	0.0	12	1891.6255425020681	1891.8524242775545
1891.9058258692944	0.4968815407166858	trials	210624SL	p59	Z11111	143	7.0	45.0	8	1892.0558258692945	1892.252707410011
1892.3061090017507	0.5268817754865722	trials	210624SL	p59	Z11111	355	9.0	315.0	12	1892.4561090017507	1892.6829907772371
1892.7464324475466	0.5268817754863448	trials	210624SL	p59	Z11111	145	9.0	45.0	8	1892.8964324475467	1893.1233142230328
1893.196715971286	0.4968815407166858	trials	210624SL	p59	Z11111	7	6.0	0.0	4	1893.3467159712861	1893.5435975120026
1900.1614504745232	0.5068816189732388	trials	210624SL	p59	Z11111	127	6.0	0.0	8	1900.3114504745233	1900.5183320934964
1900.5817337634926	0.5068816189734662	trials	210624SL	p59	Z11111	0			0	1900.7317337634927	1900.938615382466
1901.0220572092885	0.49684154040346584	trials	210624SL	p59	Z11111	72	11.0	180.0	4	1901.1720572092886	1901.3688987496919
1901.4223403417448	0.5268817754865722	trials	210624SL	p59	Z11111	342	11.0	270.0	12	1901.5723403417448	1901.7992221172312
1901.8726238654842	0.49688154071691315	trials	210624SL	p59	Z11111	194	13.0	180.0	8	1902.0226238654843	1902.219505406201
1902.2729069979405	0.5368818537431252	trials	210624SL	p59	Z11111	122	1.0	0.0	8	1902.4229069979406	1902.6597888516835
1902.7131904434234	0.4968815407166858	trials	210624SL	p59	Z11111	327	11.0	225.0	12	1902.8631904434235	1903.06007198414
1903.1134735758797	0.5268817754865722	trials	210624SL	p59	Z11111	36	5.0	90.0	4	1903.2634735758797	1903.4903553513661
1906.5157802009758	0.5168816972297918	trials	210624SL	p59	Z11111	248	7.0	0.0	12	1906.6657802009759	1906.8826618982055
1906.9561036467715	0.4968415404039206	trials	210624SL	p59	Z11111	21	5.0	45.0	4	1907.1061036467715	1907.3029451871753
1907.3663868574845	0.5268817754865722	trials	210624SL	p59	Z11111	66	5.0	180.0	4	1907.5163868574846	1907.743268632971
1907.8066703029672	0.5068816189734662	trials	210624SL	p59	Z11111	260	4.0	45.0	12	1907.9566703029673	1908.1635519219406
1908.2169535136802	0.5268817754865722	trials	210624SL	p59	Z11111	46	0.0	135.0	4	1908.3669535136803	1908.5938352891667
1908.6672370374197	0.4968815407164584	trials	210624SL	p59	Z11111	133	12.0	0.0	8	1908.8172370374198	1909.014118578136
1909.0975604049588	0.4968415404036932	trials	210624SL	p59	Z11111	60	14.0	135.0	4	1909.247560404959	1909.4444019453624
1909.497843537415	0.5368818537431252	trials	210624SL	p59	Z11111	206	10.0	225.0	8	1909.6478435374152	1909.884725391158
1912.870109927428	0.5268817754867996	trials	210624SL	p59	Z11111	298	12.0	135.0	12	1913.0201099274282	1913.2469917029148
1913.3104333732242	0.4968415404036932	trials	210624SL	p59	Z11111	329	13.0	225.0	12	1913.4604333732243	1913.6572749136278
1915.5919712276304	0.5268817754863448	trials	210624SL	p59	Z11111	350	4.0	315.0	12	1915.7419712276305	1915.9688530031167
1916.0222545948566	0.5268817754865722	trials	210624SL	p59	Z11111	27	11.0	45.0	4	1916.1722545948567	1916.399136370343
1916.4625780406523	0.5268817754865722	trials	210624SL	p59	Z11111	59	13.0	135.0	4	1916.6125780406524	1916.8394598161387
1916.9128615643917	0.4968815407166858	trials	210624SL	p59	Z11111	130	9.0	0.0	8	1917.0628615643918	1917.2597431051083
1917.3131446968482	0.5268817754863448	trials	210624SL	p59	Z11111	45	14.0	90.0	4	1917.4631446968483	1917.6900264723345
1917.7634682209004	0.4968415404039206	trials	210624SL	p59	Z11111	331	0.0	270.0	12	1917.9134682209005	1918.1103097613043
1918.1637113530437	0.5268817754865722	trials	210624SL	p59	Z11111	253	12.0	0.0	12	1918.3137113530438	1918.5405931285302
1918.6140348770964	0.4968815407166858	trials	210624SL	p59	Z11111	267	11.0	45.0	12	1918.7640348770965	1918.960916417813
1921.9863412674224	0.5168816972300192	trials	210624SL	p59	Z11111	155	4.0	90.0	8	1922.1363412674225	1922.3532229646523
1922.426624712905	0.4968815407166858	trials	210624SL	p59	Z11111	32	1.0	90.0	4	1922.5766247129052	1922.7735062536217
1922.8369079236181	0.5268817754865722	trials	210624SL	p59	Z11111	189	8.0	180.0	8	1922.9869079236182	1923.2137896991046
1923.2671912908445	0.5268817754863448	trials	210624SL	p59	Z11111	137	1.0	45.0	8	1923.4171912908446	1923.6440730663307
1923.7175148148967	0.4968415404036932	trials	210624SL	p59	Z11111	213	2.0	270.0	8	1923.8675148148968	1924.0643563553003
1924.11775794704	0.5269217757995648	trials	210624SL	p59	Z11111	241	0.0	0.0	12	1924.26775794704	1924.4946797228395
1924.5680814710927	0.4968815407166858	trials	210624SL	p59	Z11111	16	0.0	45.0	4	1924.7180814710928	1924.9149630118093
1924.9683646035487	0.5368818537433526	trials	210624SL	p59	Z11111	337	6.0	270.0	12	1925.1183646035488	1925.355246457292
1928.340670993875	0.5268817754867996	trials	210624SL	p59	Z11111	266	10.0	45.0	12	1928.490670993875	1928.7175527693616
1928.770954361101	0.4968415404036932	trials	210624SL	p59	Z11111	38	7.0	90.0	4	1928.9209543611012	1929.1177959015047
1929.2012377283274	0.4968815407166858	trials	210624SL	p59	Z11111	86	10.0	225.0	4	1929.3512377283275	1929.548119269044
1929.6015208607837	0.49684154040346584	trials	210624SL	p59	Z11111	115	9.0	315.0	4	1929.7515208607838	1929.948362401187
1930.0418043062664	0.49688154071691315	trials	210624SL	p59	Z11111	268	12.0	45.0	12	1930.1918043062665	1930.3886858469832
1930.4721276738057	0.49684154040346584	trials	210624SL	p59	Z11111	345	14.0	270.0	12	1930.6221276738058	1930.8189692142091
1930.872370805949	0.5369218540563452	trials	210624SL	p59	Z11111	317	1.0	225.0	12	1931.022370805949	1931.2592926600053
1931.3226943300015	0.4968415404036932	trials	210624SL	p59	Z11111	25	9.0	45.0	4	1931.4726943300016	1931.669535870405
1934.795041503207	0.5268817754865722	trials	210624SL	p59	Z11111	328	12.0	225.0	12	1934.945041503207	1935.1719232786934
1935.225364870746	0.5268817754867996	trials	210624SL	p59	Z11111	292	6.0	135.0	12	1935.3753648707461	1935.6022466462327
1935.6756483944855	0.4968815407166858	trials	210624SL	p59	Z11111	26	10.0	45.0	4	1935.8256483944856	1936.022529935202
1936.075931526942	0.5268817754863448	trials	210624SL	p59	Z11111	356	10.0	315.0	12	1936.225931526942	1936.4528133024282
1936.5262150506812	0.4968815407166858	trials	210624SL	p59	Z11111	98	7.0	270.0	4	1936.6762150506813	1936.8730965913978
1936.9264981831377	0.5368818537431252	trials	210624SL	p59	Z11111	344	13.0	270.0	12	1937.0764981831378	1937.3133800368807
1937.3768217071902	0.4968415404036932	trials	210624SL	p59	Z11111	239	13.0	315.0	8	1937.5268217071903	1937.7236632475938
1937.787104917903	0.5268817754865722	trials	210624SL	p59	Z11111	132	11.0	0.0	8	1937.937104917903	1938.1639866933895
1941.0893307598067	0.4968815407166858	trials	210624SL	p59	Z11111	0			0	1941.2393307598068	1941.4362123005233
1941.5096140487763	0.4968815407166858	trials	210624SL	p59	Z11111	338	7.0	270.0	12	1941.6596140487763	1941.8564955894929
1941.949937494572	0.4968415404036932	trials	210624SL	p59	Z11111	31	0.0	90.0	4	1942.099937494572	1942.2967790349755
1942.3802208617983	0.4968415404036932	trials	210624SL	p59	Z11111	203	7.0	225.0	8	1942.5302208617984	1942.727062402202
1942.7805039942546	0.4968415404036932	trials	210624SL	p59	Z11111	275	4.0	90.0	12	1942.9305039942547	1943.1273455346582
1943.2207874397375	0.4968815407166858	trials	210624SL	p59	Z11111	35	4.0	90.0	4	1943.3707874397376	1943.567668980454
5183.356043631869	0.5068816130669802	trials	210624SL	p59	Z11111	42	11.0	90.0	4	5183.506043631869	5183.712925244937
5183.776326908842	0.5268817690093783	trials	210624SL	p59	Z11111	65	4.0	180.0	4	5183.9263269088415	5184.153208677852
5184.216610341758	0.49688153509578115	trials	210624SL	p59	Z11111	176	10.0	135.0	8	5184.366610341757	5184.563491876854
5184.626893540759	0.5068816130669802	trials	210624SL	p59	Z11111	228	2.0	315.0	8	5184.7768935407585	5184.983775153826
5185.057216896014	0.49684153478483495	trials	210624SL	p59	Z11111	25	9.0	45.0	4	5185.207216896014	5185.4040584307995
5185.477500172988	0.49684153478392545	trials	210624SL	p59	Z11111	2	1.0	0.0	4	5185.627500172987	5185.824341707772
5185.907783527931	0.49684153478392545	trials	210624SL	p59	Z11111	72	11.0	180.0	4	5186.057783527931	5186.254625062716
5186.308066648962	0.5368818469805774	trials	210624SL	p59	Z11111	206	10.0	225.0	8	5186.458066648962	5186.694948495943
5189.830454113219	0.5068816130669802	trials	210624SL	p59	Z11111	81	5.0	225.0	4	5189.980454113219	5190.187335726287
5190.260737468163	0.5268817690093783	trials	210624SL	p59	Z11111	88	12.0	225.0	4	5190.410737468163	5190.637619237173
5190.6910208231075	0.5268817690093783	trials	210624SL	p59	Z11111	98	7.0	270.0	4	5190.841020823107	5191.067902592117
5191.131344256334	0.49684153478392545	trials	210624SL	p59	Z11111	203	7.0	225.0	8	5191.281344256334	5191.478185791118
5191.531587377052	0.5269217693221435	trials	210624SL	p59	Z11111	338	7.0	270.0	12	5191.681587377052	5191.908509146375
5191.981910888251	0.49688153509578115	trials	210624SL	p59	Z11111	232	6.0	315.0	8	5192.131910888251	5192.328792423347
5192.382194009281	0.49684153478392545	trials	210624SL	p59	Z11111	95	4.0	270.0	4	5192.532194009281	5192.7290355440655
5192.782477130312	0.5268817690093783	trials	210624SL	p59	Z11111	299	13.0	135.0	12	5192.932477130312	5193.159358899322
5196.2648242823725	0.5068816130669802	trials	210624SL	p59	Z11111	296	10.0	135.0	12	5196.414824282372	5196.62170589544
5196.695107637316	0.49688153509578115	trials	210624SL	p59	Z11111	7	6.0	0.0	4	5196.845107637316	5197.041989172412
5197.095390758347	0.5068816130669802	trials	210624SL	p59	Z11111	327	11.0	225.0	12	5197.245390758347	5197.452272371414
5197.505673957348	0.5268817690093783	trials	210624SL	p59	Z11111	250	9.0	0.0	12	5197.655673957348	5197.882555726358
5197.945957390263	0.5068816130678897	trials	210624SL	p59	Z11111	353	7.0	315.0	12	5198.095957390263	5198.302839003331
5198.356240589265	0.5268817690093783	trials	210624SL	p59	Z11111	46	0.0	135.0	4	5198.506240589265	5198.733122358275
5198.786563944521	0.49684153478392545	trials	210624SL	p59	Z11111	57	11.0	135.0	4	5198.9365639445205	5199.133405479305
5199.216847299465	0.5068816130669802	trials	210624SL	p59	Z11111	50	4.0	135.0	4	5199.366847299465	5199.573728912533
5210.154292579353	0.5068816130678897	trials	210624SL	p59	Z11111	190	9.0	180.0	8	5210.3042925793525	5210.511174192421
5210.574575856326	0.49684153478392545	trials	210624SL	p59	Z11111	44	13.0	90.0	4	5210.724575856326	5210.9214173911105
5210.994859133299	0.49688153509578115	trials	210624SL	p59	Z11111	147	11.0	45.0	8	5211.144859133298	5211.341740668395
5211.39514225433	0.5368818469805774	trials	210624SL	p59	Z11111	73	12.0	180.0	4	5211.545142254329	5211.7820241013105
5211.845425765216	0.49688153509578115	trials	210624SL	p59	Z11111	191	10.0	180.0	8	5211.995425765215	5212.192307300312
5212.255708964217	0.5268817690102878	trials	210624SL	p59	Z11111	75	14.0	180.0	4	5212.4057089642165	5212.6325907332275
5212.706032475416	0.49684153478392545	trials	210624SL	p59	Z11111	101	10.0	270.0	4	5212.856032475415	5213.0528740102
5213.106315596446	0.5268817690093783	trials	210624SL	p59	Z11111	277	6.0	90.0	12	5213.256315596445	5213.483197365455
5216.938905479369	0.5068816130669802	trials	210624SL	p59	Z11111	94	3.0	270.0	4	5217.088905479369	5217.2957870924365
5217.34918867837	0.49688153509669064	trials	210624SL	p59	Z11111	20	4.0	45.0	4	5217.49918867837	5217.6960702134675
5217.759471877373	0.5268817690093783	trials	210624SL	p59	Z11111	359	13.0	315.0	12	5217.909471877372	5218.136353646382
5218.199755310287	0.5369218472924331	trials	210624SL	p59	Z11111	107	1.0	315.0	4	5218.349755310287	5218.58667715758
5218.660078899457	0.49688153509578115	trials	210624SL	p59	Z11111	10	9.0	0.0	4	5218.810078899457	5219.006960434554
5221.191818639577	0.5168816910381793	trials	210624SL	p59	Z11111	289	3.0	135.0	12	5221.341818639577	5221.5587003306155
5221.632102072492	0.49688153509669064	trials	210624SL	p59	Z11111	229	3.0	315.0	8	5221.782102072491	5221.978983607589
5222.032385193523	0.49684153478392545	trials	210624SL	p59	Z11111	51	5.0	135.0	4	5222.182385193522	5222.379226728307
5222.472668626438	0.49688153509578115	trials	210624SL	p59	Z11111	315	14.0	180.0	12	5222.622668626437	5222.819550161534
5222.8729517474685	0.5268817690093783	trials	210624SL	p59	Z11111	213	2.0	270.0	8	5223.022951747468	5223.249833516478
5223.303235102412	0.5368818469805774	trials	210624SL	p59	Z11111	335	4.0	270.0	12	5223.453235102412	5223.690116949393
5223.75355861361	0.49684153478483495	trials	210624SL	p59	Z11111	274	3.0	90.0	12	5223.90355861361	5224.100400148395
5224.173841890583	0.49684153478392545	trials	210624SL	p59	Z11111	99	8.0	270.0	4	5224.323841890583	5224.520683425368
5227.506107872452	0.5268817690093783	trials	210624SL	p59	Z11111	263	7.0	45.0	12	5227.656107872452	5227.882989641462
5227.956431383651	0.49684153478392545	trials	210624SL	p59	Z11111	237	11.0	315.0	8	5228.1064313836505	5228.303272918435
5228.356674504369	0.5268817690093783	trials	210624SL	p59	Z11111	137	1.0	45.0	8	5228.506674504369	5228.733556273379
5228.806998015567	0.49684153478392545	trials	210624SL	p59	Z11111	341	10.0	270.0	12	5228.956998015567	5229.153839550351
5229.207281136598	0.5368818469805774	trials	210624SL	p59	Z11111	162	11.0	90.0	8	5229.3572811365975	5229.594162983579
5229.657564647484	0.5068816130669802	trials	210624SL	p59	Z11111	173	7.0	135.0	8	5229.807564647484	5230.014446260551
5230.067847846486	0.5268817690093783	trials	210624SL	p59	Z11111	103	12.0	270.0	4	5230.217847846486	5230.444729615496
5230.518171357684	0.49684153478392545	trials	210624SL	p59	Z11111	280	9.0	90.0	12	5230.668171357684	5230.865012892468
5233.980518353802	0.5068816130669802	trials	210624SL	p59	Z11111	121	0.0	0.0	8	5234.130518353802	5234.337399966869
5234.390801552804	0.49684153478392545	trials	210624SL	p59	Z11111	68	7.0	180.0	4	5234.540801552804	5234.737643087588
5234.831084985719	0.49688153509578115	trials	210624SL	p59	Z11111	259	3.0	45.0	12	5234.981084985719	5235.177966520815
5235.231368106749	0.5268817690093783	trials	210624SL	p59	Z11111	175	9.0	135.0	8	5235.381368106749	5235.608249875759
5235.681691617948	0.49684153478392545	trials	210624SL	p59	Z11111	52	6.0	135.0	4	5235.831691617947	5236.028533152732
5236.111974972891	0.5068816130669802	trials	210624SL	p59	Z11111	172	6.0	135.0	8	5236.261974972891	5236.468856585959
5238.813796039145	0.5068816130678897	trials	210624SL	p59	Z11111	210	14.0	225.0	8	5238.963796039145	5239.170677652213
5239.234079316118	0.5068816130669802	trials	210624SL	p59	Z11111	244	3.0	0.0	12	5239.384079316118	5239.590960929186
5239.664402671374	0.49684153478392545	trials	210624SL	p59	Z11111	182	1.0	180.0	8	5239.8144026713735	5240.011244206158
5240.064645792093	0.5268817690093783	trials	210624SL	p59	Z11111	69	8.0	180.0	4	5240.214645792093	5240.441527561103
5240.4949691473485	0.5068416127551245	trials	210624SL	p59	Z11111	235	9.0	315.0	8	5240.644969147348	5240.851810760104
5240.935252580263	0.49684153478483495	trials	210624SL	p59	Z11111	340	9.0	270.0	12	5241.085252580263	5241.2820941150485
5241.335535701294	0.5268817690093783	trials	210624SL	p59	Z11111	61	0.0	180.0	4	5241.485535701294	5241.712417470304
5241.78581921218	0.49688153509578115	trials	210624SL	p59	Z11111	128	7.0	0.0	8	5241.93581921218	5242.132700747276
5246.138773152412	0.526921769321234	trials	210624SL	p59	Z11111	247	6.0	0.0	12	5246.2887731524115	5246.5156949217335
5246.589096663611	0.49688153509578115	trials	210624SL	p59	Z11111	62	1.0	180.0	4	5246.73909666361	5246.935978198707
5247.019380018554	0.49688153509578115	trials	210624SL	p59	Z11111	249	8.0	0.0	12	5247.169380018554	5247.3662615536505
5247.419663139584	0.5068816130678897	trials	210624SL	p59	Z11111	47	1.0	135.0	4	5247.569663139584	5247.776544752653
5247.8599465725	0.49688153509578115	trials	210624SL	p59	Z11111	358	12.0	315.0	12	5248.0099465725	5248.206828107596
5248.290269927756	0.49684153478392545	trials	210624SL	p59	Z11111	251	10.0	0.0	12	5248.440269927755	5248.63711146254
5248.700553126758	0.49684153478392545	trials	210624SL	p59	Z11111	326	10.0	225.0	12	5248.850553126757	5249.047394661542
5249.130836481701	0.49684153478392545	trials	210624SL	p59	Z11111	6	5.0	0.0	4	5249.280836481701	5249.477678016486
5253.533830812101	0.5268817690093783	trials	210624SL	p59	Z11111	19	3.0	45.0	4	5253.6838308121005	5253.910712581111
5253.9641141670445	0.49688153509578115	trials	210624SL	p59	Z11111	71	10.0	180.0	4	5254.114114167044	5254.310995702141
5256.545894297333	0.5268817690093783	trials	210624SL	p59	Z11111	111	5.0	315.0	4	5256.695894297332	5256.9227760663425
5256.986177730248	0.49688153509578115	trials	210624SL	p59	Z11111	0			0	5257.136177730247	5257.333059265344
5260.288443478203	0.5268817690102878	trials	210624SL	p59	Z11111	84	8.0	225.0	4	5260.438443478202	5260.665325247213
5260.73872698909	0.49688153509578115	trials	210624SL	p59	Z11111	194	13.0	180.0	8	5260.888726989089	5261.085608524186
5261.13901011012	0.5268817690093783	trials	210624SL	p59	Z11111	336	5.0	270.0	12	5261.289010110119	5261.515891879129
5276.509489954633	0.5268817690093783	trials	210624SL	p59	Z11111	5	4.0	0.0	4	5276.659489954633	5276.886371723643
5276.959773465519	0.49688153509578115	trials	210624SL	p59	Z11111	241	0.0	0.0	12	5277.109773465519	5277.306655000615
5277.36005658655	0.49684153478392545	trials	210624SL	p59	Z11111	224	13.0	270.0	8	5277.51005658655	5277.706898121334
5277.76033970758	0.5268817690093783	trials	210624SL	p59	Z11111	108	2.0	315.0	4	5277.91033970758	5278.13722147659
5278.200623140495	0.5268817690093783	trials	210624SL	p59	Z11111	80	4.0	225.0	4	5278.3506231404945	5278.577504909505
5278.650946651694	0.49684153478392545	trials	210624SL	p59	Z11111	0			0	5278.800946651693	5278.997788186478
5279.081230006637	0.49684153478392545	trials	210624SL	p59	Z11111	270	14.0	45.0	12	5279.231230006637	5279.428071541422
5279.481513127668	0.5368818469805774	trials	210624SL	p59	Z11111	222	11.0	270.0	8	5279.631513127668	5279.868394974649
5282.9038198115895	0.5068816130669802	trials	210624SL	p59	Z11111	76	0.0	225.0	4	5283.053819811589	5283.260701424657
5283.334103166533	0.526921769321234	trials	210624SL	p59	Z11111	310	9.0	180.0	12	5283.484103166533	5283.711024935855
5283.76442652179	0.5268817690093783	trials	210624SL	p59	Z11111	167	1.0	135.0	8	5283.914426521789	5284.141308290799
5284.204709954704	0.5268817690093783	trials	210624SL	p59	Z11111	171	5.0	135.0	8	5284.354709954704	5284.581591723714
5284.634993309648	0.49688153509669064	trials	210624SL	p59	Z11111	258	2.0	45.0	12	5284.784993309648	5284.981874844745
5285.035276430679	0.5268817690093783	trials	210624SL	p59	Z11111	323	7.0	225.0	12	5285.185276430679	5285.412158199689
5285.485599941877	0.5368818469805774	trials	210624SL	p59	Z11111	304	3.0	180.0	12	5285.6355999418765	5285.872481788858
5285.935883452764	0.49688153509578115	trials	210624SL	p59	Z11111	82	6.0	225.0	4	5286.0858834527635	5286.28276498786
5290.819201528275	0.49688153509578115	trials	210624SL	p59	Z11111	225	14.0	270.0	8	5290.969201528274	5291.166083063371
5291.219484649305	0.5068816130669802	trials	210624SL	p59	Z11111	56	10.0	135.0	4	5291.3694846493045	5291.576366262372
5294.291588602676	0.5268817690093783	trials	210624SL	p59	Z11111	164	13.0	90.0	8	5294.441588602675	5294.6684703716855
5294.731872035591	0.5068816130669802	trials	210624SL	p59	Z11111	295	9.0	135.0	12	5294.88187203559	5295.088753648658
5295.172195468818	0.49684153478392545	trials	210624SL	p59	Z11111	337	6.0	270.0	12	5295.322195468818	5295.5190370036025
5295.572438589536	0.49688153509578115	trials	210624SL	p59	Z11111	300	14.0	135.0	12	5295.722438589536	5295.919320124633
5296.002761944793	0.5068416127551245	trials	210624SL	p59	Z11111	279	8.0	90.0	12	5296.1527619447925	5296.359603557548
5296.443045377708	0.49688153509578115	trials	210624SL	p59	Z11111	219	8.0	270.0	8	5296.593045377707	5296.789926912804
5296.843328498738	0.5268817690093783	trials	210624SL	p59	Z11111	227	1.0	315.0	8	5296.993328498737	5297.2202102677475
5297.2836119316535	0.5268817690093783	trials	210624SL	p59	Z11111	223	12.0	270.0	8	5297.433611931653	5297.660493700663
5300.645918147748	0.5268817690093783	trials	210624SL	p59	Z11111	357	11.0	315.0	12	5300.795918147747	5301.022799916757
5301.076201502692	0.5268817690093783	trials	210624SL	p59	Z11111	53	7.0	135.0	4	5301.226201502692	5301.453083271702
5301.52652501389	0.49684153478392545	trials	210624SL	p59	Z11111	31	0.0	90.0	4	5301.67652501389	5301.873366548674
5301.926768134608	0.49688153509578115	trials	210624SL	p59	Z11111	158	7.0	90.0	8	5302.076768134608	5302.273649669704
5304.578588811007	0.5068816130669802	trials	210624SL	p59	Z11111	318	2.0	225.0	12	5304.728588811006	5304.935470424074
5304.988872010008	0.49684153478392545	trials	210624SL	p59	Z11111	285	14.0	90.0	12	5305.138872010008	5305.335713544792
5305.419155364952	0.5068816130678897	trials	210624SL	p59	Z11111	230	4.0	315.0	8	5305.569155364951	5305.77603697802
5305.859438797867	0.526921769321234	trials	210624SL	p59	Z11111	303	2.0	180.0	12	5306.009438797867	5306.236360567189
5306.309762309065	0.49688153509578115	trials	210624SL	p59	Z11111	133	12.0	0.0	8	5306.459762309065	5306.656643844161
5306.720045508067	0.5268817690093783	trials	210624SL	p59	Z11111	201	5.0	225.0	8	5306.870045508067	5307.096927277077
5307.160328940982	0.49688153509578115	trials	210624SL	p59	Z11111	110	4.0	315.0	4	5307.310328940982	5307.507210476078
5307.5706121399835	0.49688153509669064	trials	210624SL	p59	Z11111	35	4.0	90.0	4	5307.720612139983	5307.917493675081
5310.952918512021	0.5068816130669802	trials	210624SL	p59	Z11111	150	14.0	45.0	8	5311.102918512021	5311.309800125088
5311.373201788993	0.5068816130669802	trials	210624SL	p59	Z11111	185	4.0	180.0	8	5311.523201788993	5311.730083402061
5311.813525222221	0.49684153478392545	trials	210624SL	p59	Z11111	39	8.0	90.0	4	5311.963525222221	5312.160366757005
5312.213768342939	0.526921769321234	trials	210624SL	p59	Z11111	112	6.0	315.0	4	5312.363768342939	5312.590690112261
5312.654091776166	0.49684153478392545	trials	210624SL	p59	Z11111	91	0.0	270.0	4	5312.8040917761655	5313.00093331095
5313.08437513111	0.49688153509578115	trials	210624SL	p59	Z11111	90	14.0	225.0	4	5313.23437513111	5313.4312566662065
5313.48465825214	0.49684153478392545	trials	210624SL	p59	Z11111	198	2.0	225.0	8	5313.63465825214	5313.831499786925
5313.914941607085	0.5368818469805774	trials	210624SL	p59	Z11111	339	8.0	270.0	12	5314.064941607085	5314.301823454066
5318.848300072764	0.5168816910381793	trials	210624SL	p59	Z11111	195	14.0	180.0	8	5318.998300072763	5319.215181763802
5319.288583505679	0.49688153509578115	trials	210624SL	p59	Z11111	131	10.0	0.0	8	5319.438583505678	5319.635465040775
5319.708906782964	0.49684153478392545	trials	210624SL	p59	Z11111	161	10.0	90.0	8	5319.8589067829635	5320.055748317748
5320.109149903682	0.49688153509578115	trials	210624SL	p59	Z11111	282	11.0	90.0	12	5320.259149903682	5320.456031438778
5322.770970658051	0.5268817690093783	trials	210624SL	p59	Z11111	294	8.0	135.0	12	5322.9209706580505	5323.147852427061
5323.22129416925	0.49684153478392545	trials	210624SL	p59	Z11111	142	6.0	45.0	8	5323.371294169249	5323.568135704034
5323.621537289968	0.526921769321234	trials	210624SL	p59	Z11111	217	6.0	270.0	8	5323.7715372899675	5323.998459059289
5326.313398278562	0.5068416127551245	trials	210624SL	p59	Z11111	132	11.0	0.0	8	5326.463398278562	5326.670239891318
5326.753681711478	0.49688153509578115	trials	210624SL	p59	Z11111	67	6.0	180.0	4	5326.9036817114775	5327.100563246574
5327.1839650664215	0.49688153509578115	trials	210624SL	p59	Z11111	242	1.0	0.0	12	5327.333965066421	5327.530846601518
5327.584248187452	0.49688153509578115	trials	210624SL	p59	Z11111	301	0.0	180.0	12	5327.734248187452	5327.931129722549
5327.9845313084825	0.5268817690093783	trials	210624SL	p59	Z11111	350	4.0	315.0	12	5328.134531308482	5328.361413077492
5328.43485481968	0.49684153478392545	trials	210624SL	p59	Z11111	308	7.0	180.0	12	5328.58485481968	5328.781696354465
5328.845098018371	0.5268817690093783	trials	210624SL	p59	Z11111	96	5.0	270.0	4	5328.99509801837	5329.22197978738
5329.285421451597	0.5068816130669802	trials	210624SL	p59	Z11111	70	9.0	180.0	4	5329.435421451597	5329.642303064665
5333.128011412492	0.526921769321234	trials	210624SL	p59	Z11111	64	3.0	180.0	4	5333.278011412492	5333.504933181814
5333.5583347677475	0.49684153478392545	trials	210624SL	p59	Z11111	85	9.0	225.0	4	5333.708334767747	5333.905176302532
5333.988618122692	0.49688153509578115	trials	210624SL	p59	Z11111	124	3.0	0.0	8	5334.138618122692	5334.335499657788
5334.428901555607	0.49688153509578115	trials	210624SL	p59	Z11111	118	12.0	315.0	4	5334.5789015556065	5334.775783090703
5334.859224910862	0.5268817690093783	trials	210624SL	p59	Z11111	319	3.0	225.0	12	5335.009224910862	5335.236106679872
5335.309508421749	0.49688153509578115	trials	210624SL	p59	Z11111	257	1.0	45.0	12	5335.459508421749	5335.6563899568455
5335.709791542779	0.5068816130669802	trials	210624SL	p59	Z11111	34	3.0	90.0	4	5335.859791542779	5336.066673155847
5336.150074975695	0.49688153509578115	trials	210624SL	p59	Z11111	165	14.0	90.0	8	5336.300074975695	5336.496956510791
5344.805982466301	0.5068816130678897	trials	210624SL	p59	Z11111	320	4.0	225.0	12	5344.955982466301	5345.16286407937
5362.067717057036	0.49688153509669064	trials	210624SL	p59	Z11111	324	8.0	225.0	12	5362.217717057036	5362.414598592133
5362.488040334321	0.49684153478392545	trials	210624SL	p59	Z11111	58	12.0	135.0	4	5362.638040334321	5362.834881869106
5362.908323611294	0.49684153478392545	trials	210624SL	p59	Z11111	146	10.0	45.0	8	5363.058323611293	5363.255165146078
5363.328606888267	0.49684153478392545	trials	210624SL	p59	Z11111	55	9.0	135.0	4	5363.478606888267	5363.675448423051
5363.758890243211	0.49688153509578115	trials	210624SL	p59	Z11111	328	12.0	225.0	12	5363.90889024321	5364.105771778307
5364.169173442212	0.49684153478483495	trials	210624SL	p59	Z11111	117	11.0	315.0	4	5364.319173442212	5364.516014976997
5364.599456797157	0.5268817690093783	trials	210624SL	p59	Z11111	32	1.0	90.0	4	5364.749456797156	5364.976338566166
5365.0497803083545	0.49684153478392545	trials	210624SL	p59	Z11111	130	9.0	0.0	8	5365.199780308354	5365.396621843139
5372.264676563314	0.5068816130669802	trials	210624SL	p59	Z11111	87	11.0	225.0	4	5372.414676563314	5372.621558176382
5372.684959840288	0.5168816910381793	trials	210624SL	p59	Z11111	214	3.0	270.0	8	5372.834959840287	5373.051841531326
5373.125243273203	0.49688153509578115	trials	210624SL	p59	Z11111	189	8.0	180.0	8	5373.275243273202	5373.472124808299
5373.525526394233	0.49688153509669064	trials	210624SL	p59	Z11111	115	9.0	315.0	4	5373.675526394232	5373.87240792933
5373.96584982746	0.49684153478392545	trials	210624SL	p59	Z11111	343	12.0	270.0	12	5374.11584982746	5374.312691362245
5374.396133182404	0.49688153509578115	trials	210624SL	p59	Z11111	122	1.0	0.0	8	5374.5461331824035	5374.7430147175
5374.796416303435	0.5068416127551245	trials	210624SL	p59	Z11111	317	1.0	225.0	12	5374.9464163034345	5375.15325791619
5375.23669973635	0.49688153509578115	trials	210624SL	p59	Z11111	66	5.0	180.0	4	5375.386699736349	5375.583581271446
5378.969248839249	0.5268817690093783	trials	210624SL	p59	Z11111	204	8.0	225.0	8	5379.119248839249	5379.346130608259
5379.409532272164	0.5068816130669802	trials	210624SL	p59	Z11111	305	4.0	180.0	12	5379.559532272164	5379.7664138852315
5379.849855705392	0.49684153478392545	trials	210624SL	p59	Z11111	265	9.0	45.0	12	5379.999855705391	5380.196697240176
5380.25009882611	0.49688153509578115	trials	210624SL	p59	Z11111	283	12.0	90.0	12	5380.40009882611	5380.596980361206
5380.680422181365	0.506841612756034	trials	210624SL	p59	Z11111	192	11.0	180.0	8	5380.830422181365	5381.037263794122
5381.090705380368	0.49684153478392545	trials	210624SL	p59	Z11111	354	8.0	315.0	12	5381.240705380367	5381.437546915152
5381.520988735311	0.49684153478392545	trials	210624SL	p59	Z11111	1	0.0	0.0	4	5381.670988735311	5381.8678302700955
5381.961272168227	0.49688153509578115	trials	210624SL	p59	Z11111	233	7.0	315.0	8	5382.111272168227	5382.308153703323
5385.393618930431	0.5068816130669802	trials	210624SL	p59	Z11111	27	11.0	45.0	4	5385.543618930431	5385.750500543499
5385.803902129433	0.5268817690093783	trials	210624SL	p59	Z11111	286	0.0	135.0	12	5385.953902129432	5386.180783898442
5386.2541856403195	0.49688153509578115	trials	210624SL	p59	Z11111	28	12.0	45.0	4	5386.404185640319	5386.601067175416
5386.65446876135	0.5369218472924331	trials	210624SL	p59	Z11111	77	1.0	225.0	4	5386.804468761349	5387.041390608642
5387.1047922725475	0.49684153478483495	trials	210624SL	p59	Z11111	14	13.0	0.0	4	5387.254792272547	5387.451633807333
5387.51507547155	0.49684153478392545	trials	210624SL	p59	Z11111	186	5.0	180.0	8	5387.665075471549	5387.861917006334
5387.945358826493	0.49688153509578115	trials	210624SL	p59	Z11111	221	10.0	270.0	8	5388.095358826493	5388.292240361589
5388.375642181438	0.49688153509578115	trials	210624SL	p59	Z11111	148	12.0	45.0	8	5388.525642181437	5388.722523716534
5392.848677057947	0.526921769321234	trials	210624SL	p59	Z11111	36	5.0	90.0	4	5392.998677057946	5393.225598827268
5393.299000569145	0.49688153509578115	trials	210624SL	p59	Z11111	261	5.0	45.0	12	5393.449000569145	5393.6458821042415
5393.729283924089	0.49688153509578115	trials	210624SL	p59	Z11111	231	5.0	315.0	8	5393.879283924089	5394.076165459185
5394.12956704512	0.5068816130669802	trials	210624SL	p59	Z11111	126	5.0	0.0	8	5394.27956704512	5394.486448658187
5394.539850244121	0.5268817690093783	trials	210624SL	p59	Z11111	236	10.0	315.0	8	5394.689850244121	5394.916732013131
5394.970133599065	0.49688153509669064	trials	210624SL	p59	Z11111	92	1.0	270.0	4	5395.1201335990645	5395.317015134162
5395.400416954009	0.49688153509578115	trials	210624SL	p59	Z11111	264	8.0	45.0	12	5395.550416954009	5395.747298489106
5395.840740387236	0.49684153478392545	trials	210624SL	p59	Z11111	151	0.0	90.0	8	5395.990740387236	5396.18758192202
5399.092965745024	0.5168816910381793	trials	210624SL	p59	Z11111	15	14.0	0.0	4	5399.242965745024	5399.459847436063
5399.533249177939	0.49688153509578115	trials	210624SL	p59	Z11111	346	0.0	315.0	12	5399.683249177939	5399.880130713035
5399.93353229897	0.5368818469805774	trials	210624SL	p59	Z11111	322	6.0	225.0	12	5400.08353229897	5400.320414145951
5400.383815809856	0.5068816130669802	trials	210624SL	p59	Z11111	59	13.0	135.0	4	5400.533815809856	5400.740697422923
5403.60604093373	0.5268817690102878	trials	210624SL	p59	Z11111	48	2.0	135.0	4	5403.756040933729	5403.98292270274
5404.046324366645	0.49688153509578115	trials	210624SL	p59	Z11111	351	5.0	315.0	12	5404.196324366645	5404.393205901742
5404.456607565647	0.5268817690093783	trials	210624SL	p59	Z11111	240	14.0	315.0	8	5404.606607565646	5404.833489334656
5404.906891076534	0.49688153509578115	trials	210624SL	p59	Z11111	276	5.0	90.0	12	5405.056891076533	5405.25377261163
5405.307174197564	0.5268817690093783	trials	210624SL	p59	Z11111	3	2.0	0.0	4	5405.457174197563	5405.684055966573
5405.757497708762	0.49684153478483495	trials	210624SL	p59	Z11111	102	11.0	270.0	4	5405.907497708761	5406.104339243547
5406.157740829481	0.49688153509578115	trials	210624SL	p59	Z11111	268	12.0	45.0	12	5406.30774082948	5406.504622364577
5406.588064184736	0.5068416127551245	trials	210624SL	p59	Z11111	306	5.0	180.0	12	5406.738064184736	5406.944905797492
5410.060411258825	0.5068816130669802	trials	210624SL	p59	Z11111	207	11.0	225.0	8	5410.210411258825	5410.417292871893
5410.480694535799	0.5068816130669802	trials	210624SL	p59	Z11111	311	10.0	180.0	12	5410.630694535798	5410.837576148866
5410.911017891054	0.5268817690093783	trials	210624SL	p59	Z11111	104	13.0	270.0	4	5411.061017891054	5411.287899660064
5411.361301401941	0.49688153509578115	trials	210624SL	p59	Z11111	89	13.0	225.0	4	5411.511301401941	5411.708182937037
5411.791584756885	0.49688153509578115	trials	210624SL	p59	Z11111	284	13.0	90.0	12	5411.941584756884	5412.138466291981
5412.201867955886	0.5268817690093783	trials	210624SL	p59	Z11111	218	7.0	270.0	8	5412.351867955886	5412.578749724896
5412.642191389114	0.5068416127551245	trials	210624SL	p59	Z11111	145	9.0	45.0	8	5412.792191389113	5412.999033001869
5413.052474588115	0.5268817690093783	trials	210624SL	p59	Z11111	179	13.0	135.0	8	5413.2024745881145	5413.429356357125
5416.704943066621	0.5068816130669802	trials	210624SL	p59	Z11111	60	14.0	135.0	4	5416.854943066621	5417.0618246796885
5420.317411233243	0.5168816910381793	trials	210624SL	p59	Z11111	356	10.0	315.0	12	5420.467411233242	5420.684292924281
5420.7576946661575	0.49688153509669064	trials	210624SL	p59	Z11111	78	2.0	225.0	4	5420.907694666157	5421.1045762012545
5427.462266942092	0.49688153509578115	trials	210624SL	p59	Z11111	0			0	5427.612266942092	5427.8091484771885
5427.882550219066	0.49688153509578115	trials	210624SL	p59	Z11111	24	8.0	45.0	4	5428.032550219065	5428.229431754162
5428.302833496038	0.49688153509578115	trials	210624SL	p59	Z11111	211	0.0	270.0	8	5428.452833496038	5428.649715031134
5428.703116617068	0.5268817690093783	trials	210624SL	p59	Z11111	109	3.0	315.0	4	5428.853116617068	5429.079998386078
5429.153400127955	0.49688153509578115	trials	210624SL	p59	Z11111	49	3.0	135.0	4	5429.303400127955	5429.500281663051
5429.553683248985	0.49688153509578115	trials	210624SL	p59	Z11111	215	4.0	270.0	8	5429.703683248985	5429.900564784081
5429.994006682213	0.49684153478392545	trials	210624SL	p59	Z11111	297	11.0	135.0	12	5430.144006682212	5430.340848216997
5430.394249802931	0.5268817690093783	trials	210624SL	p59	Z11111	114	8.0	315.0	4	5430.544249802931	5430.771131571941
5433.826596565135	0.5068816130669802	trials	210624SL	p59	Z11111	187	6.0	180.0	8	5433.976596565135	5434.183478178203
5436.218215212723	0.5268817690093783	trials	210624SL	p59	Z11111	180	14.0	135.0	8	5436.368215212723	5436.595096981733
5436.65853864595	0.5068816130669802	trials	210624SL	p59	Z11111	243	2.0	0.0	12	5436.80853864595	5437.015420259017
5437.068821844952	0.5268817690093783	trials	210624SL	p59	Z11111	298	12.0	135.0	12	5437.218821844952	5437.445703613962
5437.519105355838	0.49688153509578115	trials	210624SL	p59	Z11111	23	7.0	45.0	4	5437.669105355838	5437.865986890934
5437.919388476868	0.5268817690102878	trials	210624SL	p59	Z11111	138	2.0	45.0	8	5438.069388476868	5438.296270245879
5438.369711988067	0.49684153478392545	trials	210624SL	p59	Z11111	344	13.0	270.0	12	5438.519711988067	5438.716553522851
5438.769955108785	0.49688153509578115	trials	210624SL	p59	Z11111	157	6.0	90.0	8	5438.919955108785	5439.1168366438815
5439.20023846373	0.5068816130669802	trials	210624SL	p59	Z11111	273	2.0	90.0	12	5439.3502384637295	5439.557120076797
5443.513192092077	0.5068816130669802	trials	210624SL	p59	Z11111	312	11.0	180.0	12	5443.663192092076	5443.870073705144
5443.933475369049	0.5068816130669802	trials	210624SL	p59	Z11111	136	0.0	45.0	8	5444.083475369049	5444.2903569821165
5444.373798802277	0.49684153478392545	trials	210624SL	p59	Z11111	144	8.0	45.0	8	5444.523798802276	5444.720640337061
5444.80408215722	0.5068816130669802	trials	210624SL	p59	Z11111	290	4.0	135.0	12	5444.95408215722	5445.160963770288
5445.214365356222	0.5268817690093783	trials	210624SL	p59	Z11111	342	11.0	270.0	12	5445.364365356221	5445.591247125231
5445.664648867109	0.49688153509578115	trials	210624SL	p59	Z11111	139	3.0	45.0	8	5445.814648867108	5446.011530402205
5446.094972222364	0.49684153478392545	trials	210624SL	p59	Z11111	12	11.0	0.0	4	5446.244972222364	5446.441813757148
5446.495215343082	0.5369218472933426	trials	210624SL	p59	Z11111	127	6.0	0.0	8	5446.645215343082	5446.882137190376
5449.847521481206	0.5068816130669802	trials	210624SL	p59	Z11111	100	9.0	270.0	4	5449.997521481206	5450.204403094273
5450.27780483615	0.49688153509578115	trials	210624SL	p59	Z11111	37	6.0	90.0	4	5450.427804836149	5450.624686371246
5450.678087957181	0.49684153478392545	trials	210624SL	p59	Z11111	33	2.0	90.0	4	5450.82808795718	5451.024929491965
5451.108371312124	0.5068816130669802	trials	210624SL	p59	Z11111	271	0.0	90.0	12	5451.258371312124	5451.465252925192
5451.54865474504	0.49688153509578115	trials	210624SL	p59	Z11111	200	4.0	225.0	8	5451.69865474504	5451.895536280136
5454.130434875327	0.5068816130669802	trials	210624SL	p59	Z11111	54	8.0	135.0	4	5454.280434875327	5454.487316488395
5454.570718308242	0.5168816910381793	trials	210624SL	p59	Z11111	330	14.0	225.0	12	5454.720718308242	5454.937599999281
5455.01104174147	0.49684153478392545	trials	210624SL	p59	Z11111	333	2.0	270.0	12	5455.1610417414695	5455.357883276254
5455.4413250964135	0.5068816130669802	trials	210624SL	p59	Z11111	269	13.0	45.0	12	5455.591325096413	5455.798206709481
5455.851608295416	0.5268817690093783	trials	210624SL	p59	Z11111	209	13.0	225.0	8	5456.001608295415	5456.228490064425
5456.301891806302	0.49688153509578115	trials	210624SL	p59	Z11111	256	0.0	45.0	12	5456.451891806301	5456.648773341398
5456.702174927332	0.49688153509578115	trials	210624SL	p59	Z11111	11	10.0	0.0	4	5456.852174927331	5457.049056462428
5457.102458048363	0.5268817690093783	trials	210624SL	p59	Z11111	178	12.0	135.0	8	5457.252458048362	5457.479339817372
5460.9550880875395	0.5068416127551245	trials	210624SL	p59	Z11111	352	6.0	315.0	12	5461.105088087539	5461.311929700295
5461.365371286542	0.49684153478392545	trials	210624SL	p59	Z11111	45	14.0	90.0	4	5461.515371286541	5461.712212821326
5461.795654641485	0.5068816130669802	trials	210624SL	p59	Z11111	292	6.0	135.0	12	5461.945654641485	5462.152536254553
5462.215937918459	0.49684153478392545	trials	210624SL	p59	Z11111	149	13.0	45.0	8	5462.365937918458	5462.562779453243
5462.616221039489	0.5068416127551245	trials	210624SL	p59	Z11111	156	5.0	90.0	8	5462.766221039488	5462.973062652244
5463.0565044724035	0.49688153509669064	trials	210624SL	p59	Z11111	234	8.0	315.0	8	5463.206504472403	5463.403386007501
5463.476787749377	0.49688153509578115	trials	210624SL	p59	Z11111	181	0.0	180.0	8	5463.6267877493765	5463.823669284473
5463.877070870407	0.5268817690093783	trials	210624SL	p59	Z11111	134	13.0	0.0	8	5464.0270708704065	5464.253952639417
5467.759701143498	0.5268817690093783	trials	210624SL	p59	Z11111	74	13.0	180.0	4	5467.909701143498	5468.136582912508
5468.210024654696	0.49684153478392545	trials	210624SL	p59	Z11111	316	0.0	225.0	12	5468.360024654696	5468.55686618948
5468.640308009641	0.49688153509578115	trials	210624SL	p59	Z11111	345	14.0	270.0	12	5468.79030800964	5468.987189544737
5469.040591130671	0.5068816130669802	trials	210624SL	p59	Z11111	208	12.0	225.0	8	5469.19059113067	5469.397472743738
5469.4808745635855	0.49688153509669064	trials	210624SL	p59	Z11111	123	2.0	0.0	8	5469.630874563585	5469.827756098683
5469.8811576846165	0.5268817690093783	trials	210624SL	p59	Z11111	183	2.0	180.0	8	5470.031157684616	5470.258039453626
5470.331481195814	0.49684153478392545	trials	210624SL	p59	Z11111	105	14.0	270.0	4	5470.481481195814	5470.678322730599
5472.863180935623	0.5268817690093783	trials	210624SL	p59	Z11111	226	0.0	315.0	8	5473.013180935623	5473.240062704633
5473.303464368538	0.5068816130669802	trials	210624SL	p59	Z11111	314	13.0	180.0	12	5473.453464368537	5473.660345981605
5473.743787801765	0.49684153478392545	trials	210624SL	p59	Z11111	202	6.0	225.0	8	5473.893787801765	5474.09062933655
5474.144070922795	0.5268817690093783	trials	210624SL	p59	Z11111	125	4.0	0.0	8	5474.294070922795	5474.520952691805
5474.5943544336815	0.49688153509578115	trials	210624SL	p59	Z11111	281	10.0	90.0	12	5474.744354433681	5474.941235968778
5474.994637554712	0.49688153509578115	trials	210624SL	p59	Z11111	97	6.0	270.0	4	5475.144637554712	5475.341519089809
5475.404920753714	0.5268817690093783	trials	210624SL	p59	Z11111	184	3.0	180.0	8	5475.554920753713	5475.781802522723
5475.845204186629	0.5068816130669802	trials	210624SL	p59	Z11111	38	7.0	90.0	4	5475.995204186629	5476.202085799697
5482.849978803259	0.5068816130669802	trials	210624SL	p59	Z11111	18	2.0	45.0	4	5482.999978803258	5483.206860416326
5483.270262080231	0.5068816130669802	trials	210624SL	p59	Z11111	41	10.0	90.0	4	5483.420262080231	5483.627143693298
5483.690545357204	0.49688153509578115	trials	210624SL	p59	Z11111	168	2.0	135.0	8	5483.840545357204	5484.037426892301
5487.793337346909	0.5268817690093783	trials	210624SL	p59	Z11111	332	1.0	270.0	12	5487.943337346908	5488.170219115918
5490.645279583666	0.5068816130669802	trials	210624SL	p59	Z11111	309	8.0	180.0	12	5490.795279583665	5491.002161196733
5491.065562860638	0.49688153509578115	trials	210624SL	p59	Z11111	63	2.0	180.0	4	5491.215562860638	5491.412444395734
5491.485846137612	0.49688153509578115	trials	210624SL	p59	Z11111	266	10.0	45.0	12	5491.635846137611	5491.832727672708
5491.886129258642	0.5368818469805774	trials	210624SL	p59	Z11111	260	4.0	45.0	12	5492.036129258641	5492.273011105623
5492.356452925782	0.49688153509669064	trials	210624SL	p59	Z11111	43	12.0	90.0	4	5492.506452925782	5492.703334460879
5492.7867362807265	0.49688153509578115	trials	210624SL	p59	Z11111	169	3.0	135.0	8	5492.936736280726	5493.133617815823
5493.207019557699	0.49688153509578115	trials	210624SL	p59	Z11111	321	5.0	225.0	12	5493.357019557699	5493.553901092795
5493.617302756701	0.5268817690093783	trials	210624SL	p59	Z11111	291	5.0	135.0	12	5493.767302756701	5493.994184525711
5497.770135136573	0.5068816130669802	trials	210624SL	p59	Z11111	246	5.0	0.0	12	5497.920135136573	5498.1270167496405
5498.180418335574	0.5268817690102878	trials	210624SL	p59	Z11111	22	6.0	45.0	4	5498.330418335574	5498.557300104585
5498.630741846773	0.49684153478392545	trials	210624SL	p59	Z11111	212	1.0	270.0	8	5498.780741846773	5498.977583381557
5499.031024967803	0.5268817690093783	trials	210624SL	p59	Z11111	0			0	5499.181024967803	5499.407906736813
5499.48130847869	0.49688153509578115	trials	210624SL	p59	Z11111	170	4.0	135.0	8	5499.63130847869	5499.828190013786
5499.88159159972	0.5268817690093783	trials	210624SL	p59	Z11111	106	0.0	315.0	4	5500.03159159972	5500.25847336873
5500.331875110606	0.49688153509578115	trials	210624SL	p59	Z11111	8	7.0	0.0	4	5500.481875110606	5500.678756645702
5500.742158309608	0.5268817690093783	trials	210624SL	p59	Z11111	355	9.0	315.0	12	5500.892158309608	5501.119040078618
5504.124464681645	0.5168816910381793	trials	210624SL	p59	Z11111	329	13.0	225.0	12	5504.2744646816445	5504.491346372683
5504.5647881148725	0.49684153478392545	trials	210624SL	p59	Z11111	155	4.0	90.0	8	5504.714788114872	5504.911629649657
5504.965031235591	0.5369218472924331	trials	210624SL	p59	Z11111	347	1.0	315.0	12	5505.11503123559	5505.3519530828835
5505.415354746789	0.5368818469805774	trials	210624SL	p59	Z11111	239	13.0	315.0	8	5505.565354746788	5505.8022365937695
5505.855638179704	0.49688153509578115	trials	210624SL	p59	Z11111	275	4.0	90.0	12	5506.005638179704	5506.2025197148005
5506.28596153496	0.49684153478392545	trials	210624SL	p59	Z11111	196	0.0	225.0	8	5506.4359615349595	5506.632803069744
5506.69620473365	0.526921769321234	trials	210624SL	p59	Z11111	16	0.0	45.0	4	5506.84620473365	5507.073126502972
5507.136528166877	0.5068816130669802	trials	210624SL	p59	Z11111	272	1.0	90.0	12	5507.286528166876	5507.493409779944
5510.55887485111	0.5268817690093783	trials	210624SL	p59	Z11111	113	7.0	315.0	4	5510.70887485111	5510.93575662012
5511.009158361996	0.49688153509669064	trials	210624SL	p59	Z11111	120	14.0	315.0	4	5511.159158361996	5511.356039897093
5511.439441716941	0.49688153509578115	trials	210624SL	p59	Z11111	188	7.0	180.0	8	5511.58944171694	5511.786323252037
5511.869765072196	0.5368818469805774	trials	210624SL	p59	Z11111	331	0.0	270.0	12	5512.019765072196	5512.256646919177
5512.330048661054	0.49688153509578115	trials	210624SL	p59	Z11111	29	13.0	45.0	4	5512.480048661054	5512.67693019615
5512.740331860055	0.49688153509578115	trials	210624SL	p59	Z11111	360	14.0	315.0	12	5512.890331860055	5513.087213395152
5513.160615137029	0.49688153509578115	trials	210624SL	p59	Z11111	166	0.0	135.0	8	5513.310615137028	5513.507496672125
5513.580898414001	0.49688153509578115	trials	210624SL	p59	Z11111	199	3.0	225.0	8	5513.730898414001	5513.927779949097
5518.023933056597	0.5168816910381793	trials	210624SL	p59	Z11111	160	9.0	90.0	8	5518.173933056597	5518.390814747636
5518.44421633357	0.5068816130669802	trials	210624SL	p59	Z11111	253	12.0	0.0	12	5518.594216333569	5518.801097946637
5518.854499532572	0.5268817690093783	trials	210624SL	p59	Z11111	293	7.0	135.0	12	5519.004499532572	5519.231381301582
5519.30482304377	0.49684153478392545	trials	210624SL	p59	Z11111	40	9.0	90.0	4	5519.4548230437695	5519.651664578554
5519.715106242771	0.49684153478483495	trials	210624SL	p59	Z11111	220	9.0	270.0	8	5519.865106242771	5520.061947777556
5520.155389675687	0.49688153509578115	trials	210624SL	p59	Z11111	4	3.0	0.0	4	5520.3053896756865	5520.502271210783
5520.555672796717	0.5268817690093783	trials	210624SL	p59	Z11111	262	6.0	45.0	12	5520.7056727967165	5520.932554565727
5521.005956307604	0.49688153509578115	trials	210624SL	p59	Z11111	278	7.0	90.0	12	5521.155956307603	5521.3528378427
5524.3382222894725	0.526921769321234	trials	210624SL	p59	Z11111	325	9.0	225.0	12	5524.488222289472	5524.715144058794
5524.768545644728	0.49684153478392545	trials	210624SL	p59	Z11111	154	3.0	90.0	8	5524.918545644728	5525.115387179512
5525.168788765447	0.49688153509578115	trials	210624SL	p59	Z11111	119	13.0	315.0	4	5525.318788765447	5525.515670300543
5525.609112198674	0.49684153478392545	trials	210624SL	p59	Z11111	216	5.0	270.0	8	5525.759112198673	5525.955953733458
5526.009395319705	0.5268817690093783	trials	210624SL	p59	Z11111	159	8.0	90.0	8	5526.159395319704	5526.386277088714
5526.459678830591	0.49688153509578115	trials	210624SL	p59	Z11111	302	1.0	180.0	12	5526.60967883059	5526.806560365687
5526.879962107563	0.49688153509669064	trials	210624SL	p59	Z11111	93	2.0	270.0	4	5527.029962107563	5527.22684364266
5527.310245462508	0.49688153509578115	trials	210624SL	p59	Z11111	334	3.0	270.0	12	5527.460245462507	5527.657126997604
5536.016193343283	0.5268817690093783	trials	210624SL	p59	Z11111	152	1.0	90.0	8	5536.166193343282	5536.3930751122925
5536.456476776198	0.5068816130669802	trials	210624SL	p59	Z11111	349	3.0	315.0	12	5536.606476776197	5536.813358389265
5543.511291782995	0.5068816130669802	trials	210624SL	p59	Z11111	248	7.0	0.0	12	5543.661291782994	5543.868173396062
5550.015702498258	0.5168816910381793	trials	210624SL	p59	Z11111	129	8.0	0.0	8	5550.165702498258	5550.382584189297
5550.456025931486	0.49684153478392545	trials	210624SL	p59	Z11111	307	6.0	180.0	12	5550.606025931485	5550.80286746627
5550.866309130487	0.5268817690093783	trials	210624SL	p59	Z11111	9	8.0	0.0	4	5551.016309130487	5551.243190899497
5551.296592485431	0.49688153509578115	trials	210624SL	p59	Z11111	30	14.0	45.0	4	5551.44659248543	5551.643474020527
5551.696875606462	0.5268817690093783	trials	210624SL	p59	Z11111	17	1.0	45.0	4	5551.846875606461	5552.073757375471
5552.147159117348	0.49688153509578115	trials	210624SL	p59	Z11111	205	9.0	225.0	8	5552.297159117347	5552.494040652444
5552.577482472603	0.5368818469814869	trials	210624SL	p59	Z11111	174	8.0	135.0	8	5552.727482472603	5552.964364319585
5553.017765905519	0.49688153509578115	trials	210624SL	p59	Z11111	79	3.0	225.0	4	5553.1677659055185	5553.364647440615
5560.062580834345	0.5068416127551245	trials	210624SL	p59	Z11111	255	14.0	0.0	12	5560.212580834344	5560.4194224471
5563.374806659959	0.5268817690093783	trials	210624SL	p59	Z11111	135	14.0	0.0	8	5563.524806659959	5563.751688428969
5563.825130171158	0.49688153509578115	trials	210624SL	p59	Z11111	238	12.0	315.0	8	5563.975130171158	5564.172011706254
5564.225413292188	0.49684153478392545	trials	210624SL	p59	Z11111	143	7.0	45.0	8	5564.375413292188	5564.572254826972
5564.655696647133	0.49684153478392545	trials	210624SL	p59	Z11111	197	1.0	225.0	8	5564.805696647132	5565.002538181917
5565.065979846134	0.5268817690093783	trials	210624SL	p59	Z11111	288	2.0	135.0	12	5565.215979846133	5565.442861615144
5565.506263279049	0.5068816130678897	trials	210624SL	p59	Z11111	86	10.0	225.0	4	5565.656263279048	5565.863144892117
5565.946586712276	0.49684153478392545	trials	210624SL	p59	Z11111	348	2.0	315.0	12	5566.096586712276	5566.293428247061
5566.37687006722	0.5068816130669802	trials	210624SL	p59	Z11111	267	11.0	45.0	12	5566.5268700672195	5566.733751680287
5569.719136127061	0.5168816910381793	trials	210624SL	p59	Z11111	83	7.0	225.0	4	5569.86913612706	5570.086017818099
5570.159459560287	0.49684153478392545	trials	210624SL	p59	Z11111	254	13.0	0.0	12	5570.309459560287	5570.506301095072
5570.599742993202	0.49688153509578115	trials	210624SL	p59	Z11111	140	4.0	45.0	8	5570.749742993202	5570.946624528298
5571.030026348147	0.5268817690093783	trials	210624SL	p59	Z11111	252	11.0	0.0	12	5571.180026348146	5571.4069081171565
5571.480349859345	0.49684153478392545	trials	210624SL	p59	Z11111	21	5.0	45.0	4	5571.630349859344	5571.827191394129
5571.880592980064	0.5369218472924331	trials	210624SL	p59	Z11111	153	2.0	90.0	8	5572.030592980063	5572.2675148273565
5572.330916491262	0.5068816130669802	trials	210624SL	p59	Z11111	177	11.0	135.0	8	5572.480916491261	5572.687798104329
5572.7711999241765	0.49688153509578115	trials	210624SL	p59	Z11111	13	12.0	0.0	4	5572.921199924176	5573.118081459273
5579.836015008945	0.5168816910390888	trials	210624SL	p59	Z11111	26	10.0	45.0	4	5579.986015008944	5580.202896699984
5580.276338442172	0.49684153478392545	trials	210624SL	p59	Z11111	287	1.0	135.0	12	5580.426338442172	5580.623179976957
5580.6765815628905	0.5068816130669802	trials	210624SL	p59	Z11111	245	4.0	0.0	12	5580.82658156289	5581.033463175958
5581.116904996118	0.49684153478392545	trials	210624SL	p59	Z11111	313	12.0	180.0	12	5581.266904996118	5581.463746530902
5581.517188117148	0.49684153478392545	trials	210624SL	p59	Z11111	163	12.0	90.0	8	5581.667188117148	5581.8640296519325
5581.917431237867	0.526921769321234	trials	210624SL	p59	Z11111	141	5.0	45.0	8	5582.067431237867	5582.294353007189
5582.357754671094	0.5268817690093783	trials	210624SL	p59	Z11111	116	10.0	315.0	4	5582.507754671094	5582.734636440104
5582.80803818198	0.49688153509578115	trials	210624SL	p59	Z11111	193	12.0	180.0	8	5582.95803818198	5583.154919717076
5590.103015061333	0.5268817690093783	trials	210624SL	p59	Z11111	110	4.0	315.0	4	5590.253015061333	5590.479896830343
5590.543298494249	0.5068816130669802	trials	210624SL	p59	Z11111	246	5.0	0.0	12	5590.693298494249	5590.900180107316
5590.983621927476	0.49688153509578115	trials	210624SL	p59	Z11111	164	13.0	90.0	8	5591.133621927475	5591.330503462572
5591.383905048506	0.5268817690093783	trials	210624SL	p59	Z11111	222	11.0	270.0	8	5591.533905048505	5591.7607868175155
5591.834188559393	0.5268817690093783	trials	210624SL	p59	Z11111	10	9.0	0.0	4	5591.984188559392	5592.2110703284025
5592.284512070591	0.49684153478392545	trials	210624SL	p59	Z11111	161	10.0	90.0	8	5592.43451207059	5592.631353605375
5595.216494931429	0.5268817690093783	trials	210624SL	p59	Z11111	276	5.0	90.0	12	5595.366494931429	5595.593376700439
5595.666818442627	0.49684153478392545	trials	210624SL	p59	Z11111	237	11.0	315.0	8	5595.816818442627	5596.013659977411
5596.0871017196005	0.5268817690093783	trials	210624SL	p59	Z11111	219	8.0	270.0	8	5596.2371017196	5596.46398348861
5596.5373852304865	0.49688153509578115	trials	210624SL	p59	Z11111	125	4.0	0.0	8	5596.687385230486	5596.884266765583
5596.9376683515175	0.5268817690093783	trials	210624SL	p59	Z11111	259	3.0	45.0	12	5597.087668351517	5597.314550120527
5597.367951706461	0.5068816130669802	trials	210624SL	p59	Z11111	36	5.0	90.0	4	5597.517951706461	5597.724833319528
5597.808275139688	0.49684153478392545	trials	210624SL	p59	Z11111	308	7.0	180.0	12	5597.958275139687	5598.155116674472
5598.208558260719	0.5268817690093783	trials	210624SL	p59	Z11111	138	2.0	45.0	8	5598.358558260718	5598.5854400297285
5609.156003618578	0.5068816130669802	trials	210624SL	p59	Z11111	282	11.0	90.0	12	5609.306003618578	5609.512885231646
5609.576286895551	0.5068816130669802	trials	210624SL	p59	Z11111	207	11.0	225.0	8	5609.72628689555	5609.933168508618
5610.016570328466	0.49688153509578115	trials	210624SL	p59	Z11111	252	11.0	0.0	12	5610.166570328465	5610.363451863562
5610.416853449497	0.5268817690093783	trials	210624SL	p59	Z11111	78	2.0	225.0	4	5610.566853449496	5610.793735218506
5610.867176960694	0.49684153478392545	trials	210624SL	p59	Z11111	175	9.0	135.0	8	5611.017176960694	5611.214018495479
5611.277420159385	0.526921769321234	trials	210624SL	p59	Z11111	74	13.0	180.0	4	5611.427420159384	5611.654341928706
5611.717743592611	0.5068816130669802	trials	210624SL	p59	Z11111	48	2.0	135.0	4	5611.867743592611	5612.074625205679
5612.158027025526	0.49688153509578115	trials	210624SL	p59	Z11111	28	12.0	45.0	4	5612.308027025526	5612.504908560622
5616.190778469121	0.5268817690093783	trials	210624SL	p59	Z11111	57	11.0	135.0	4	5616.340778469121	5616.567660238131
5616.641101980319	0.49684153478392545	trials	210624SL	p59	Z11111	317	1.0	225.0	12	5616.791101980319	5616.987943515103
5617.071385335263	0.49688153509669064	trials	210624SL	p59	Z11111	27	11.0	45.0	4	5617.221385335262	5617.41826687036
5617.471668456294	0.5068816130669802	trials	210624SL	p59	Z11111	272	1.0	90.0	12	5617.621668456293	5617.828550069361
5617.9119518892085	0.49688153509578115	trials	210624SL	p59	Z11111	215	4.0	270.0	8	5618.061951889208	5618.258833424305
5618.342235244153	0.49688153509578115	trials	210624SL	p59	Z11111	188	7.0	180.0	8	5618.492235244153	5618.689116779249
5618.752518443154	0.5268817690093783	trials	210624SL	p59	Z11111	350	4.0	315.0	12	5618.902518443154	5619.129400212164
5619.192841876382	0.5068816130669802	trials	210624SL	p59	Z11111	300	14.0	135.0	12	5619.3428418763815	5619.549723489449
5622.58514832639	0.5068816130669802	trials	210624SL	p59	Z11111	16	0.0	45.0	4	5622.735148326389	5622.942029939457
5623.015431681333	0.49688153509578115	trials	210624SL	p59	Z11111	72	11.0	180.0	4	5623.165431681333	5623.362313216429
5623.445715036278	0.49688153509578115	trials	210624SL	p59	Z11111	268	12.0	45.0	12	5623.595715036277	5623.792596571374
5626.497818833705	0.5268817690093783	trials	210624SL	p59	Z11111	191	10.0	180.0	8	5626.647818833705	5626.874700602715
5626.938102266621	0.49688153509578115	trials	210624SL	p59	Z11111	68	7.0	180.0	4	5627.088102266621	5627.284983801717
5627.348385465622	0.5268817690093783	trials	210624SL	p59	Z11111	195	14.0	180.0	8	5627.498385465622	5627.725267234632
5627.788668898538	0.5068816130669802	trials	210624SL	p59	Z11111	294	8.0	135.0	12	5627.938668898538	5628.1455505116055
5628.228992331765	0.49684153478392545	trials	210624SL	p59	Z11111	23	7.0	45.0	4	5628.3789923317645	5628.575833866549
5637.024980914593	0.49684153478392545	trials	210624SL	p59	Z11111	99	8.0	270.0	4	5637.174980914592	5637.371822449377
5637.445264191565	0.5068816130669802	trials	210624SL	p59	Z11111	198	2.0	225.0	8	5637.595264191565	5637.802145804632
5637.875547546509	0.5068816130678897	trials	210624SL	p59	Z11111	97	6.0	270.0	4	5638.025547546508	5638.232429159577
5638.315870979736	0.49684153478392545	trials	210624SL	p59	Z11111	18	2.0	45.0	4	5638.465870979736	5638.6627125145205
5638.74615433468	0.49684153478392545	trials	210624SL	p59	Z11111	102	11.0	270.0	4	5638.8961543346795	5639.092995869464
5639.146437455711	0.5068416127551245	trials	210624SL	p59	Z11111	174	8.0	135.0	8	5639.2964374557105	5639.503279068466
5639.5566806544	0.526921769321234	trials	210624SL	p59	Z11111	218	7.0	270.0	8	5639.7066806544	5639.933602423722
5640.007004165598	0.5268817690102878	trials	210624SL	p59	Z11111	3	2.0	0.0	4	5640.157004165598	5640.383885934609
5643.539391707827	0.526921769321234	trials	210624SL	p59	Z11111	263	7.0	45.0	12	5643.689391707827	5643.916313477149
5643.969715063083	0.5268817690093783	trials	210624SL	p59	Z11111	100	9.0	270.0	4	5644.119715063082	5644.3465968320925
5644.399998418026	0.49688153509578115	trials	210624SL	p59	Z11111	277	6.0	90.0	12	5644.549998418026	5644.7468799531225
5644.800281539057	0.5368818469805774	trials	210624SL	p59	Z11111	87	11.0	225.0	4	5644.950281539057	5645.187163386038
5645.250565049943	0.5068816130669802	trials	210624SL	p59	Z11111	160	9.0	90.0	8	5645.400565049943	5645.607446663011
5645.6608482489455	0.5268817690093783	trials	210624SL	p59	Z11111	353	7.0	315.0	12	5645.810848248945	5646.037730017955
5646.111171760143	0.5268817690093783	trials	210624SL	p59	Z11111	73	12.0	180.0	4	5646.261171760143	5646.488053529153
5646.541455115087	0.5268817690093783	trials	210624SL	p59	Z11111	211	0.0	270.0	8	5646.691455115087	5646.918336884097
5650.023802267147	0.5068816130678897	trials	210624SL	p59	Z11111	341	10.0	270.0	12	5650.173802267147	5650.380683880216
5650.454125622404	0.49684153478392545	trials	210624SL	p59	Z11111	30	14.0	45.0	4	5650.604125622403	5650.800967157188
5650.864408821405	0.5268817690093783	trials	210624SL	p59	Z11111	40	9.0	90.0	4	5651.014408821405	5651.241290590415
5651.304692254321	0.5368818469805774	trials	210624SL	p59	Z11111	145	9.0	45.0	8	5651.45469225432	5651.691574101302
5651.76501584349	0.49684153478392545	trials	210624SL	p59	Z11111	122	1.0	0.0	8	5651.9150158434895	5652.111857378274
5652.1952991984335	0.49688153509669064	trials	210624SL	p59	Z11111	243	2.0	0.0	12	5652.345299198433	5652.542180733531
5652.5955823194645	0.5268817690093783	trials	210624SL	p59	Z11111	130	9.0	0.0	8	5652.745582319464	5652.972464088474
5653.045905830662	0.49684153478392545	trials	210624SL	p59	Z11111	287	1.0	135.0	12	5653.195905830662	5653.392747365447
5656.598293528833	0.5268817690093783	trials	210624SL	p59	Z11111	178	12.0	135.0	8	5656.748293528833	5656.975175297843
5657.048617040032	0.49684153478392545	trials	210624SL	p59	Z11111	356	10.0	315.0	12	5657.198617040031	5657.395458574816
5657.478900394975	0.49688153509578115	trials	210624SL	p59	Z11111	91	0.0	270.0	4	5657.628900394975	5657.825781930072
5657.879183516006	0.49684153478392545	trials	210624SL	p59	Z11111	253	12.0	0.0	12	5658.029183516006	5658.226025050791
5658.289466715008	0.5268817690093783	trials	210624SL	p59	Z11111	309	8.0	180.0	12	5658.439466715007	5658.666348484017
5658.7297501479225	0.5068816130669802	trials	210624SL	p59	Z11111	152	1.0	90.0	8	5658.879750147922	5659.08663176099
5659.170033580838	0.526921769321234	trials	210624SL	p59	Z11111	7	6.0	0.0	4	5659.320033580838	5659.54695535016
5659.620357092036	0.49688153509578115	trials	210624SL	p59	Z11111	242	1.0	0.0	12	5659.770357092036	5659.967238627132
5663.372906350878	0.5268817690093783	trials	210624SL	p59	Z11111	201	5.0	225.0	8	5663.522906350878	5663.749788119888
5663.803189705822	0.526921769321234	trials	210624SL	p59	Z11111	190	9.0	180.0	8	5663.953189705821	5664.180111475143
5664.243513139049	0.5268817690093783	trials	210624SL	p59	Z11111	64	3.0	180.0	4	5664.393513139049	5664.620394908059
5664.683796571964	0.5068816130669802	trials	210624SL	p59	Z11111	158	7.0	90.0	8	5664.833796571964	5665.0406781850315
5665.124120005191	0.49684153478392545	trials	210624SL	p59	Z11111	214	3.0	270.0	8	5665.2741200051905	5665.470961539975
5665.52436312591	0.526921769321234	trials	210624SL	p59	Z11111	203	7.0	225.0	8	5665.67436312591	5665.901284895232
5665.974686637108	0.49688153509578115	trials	210624SL	p59	Z11111	24	8.0	45.0	4	5666.1246866371075	5666.321568172204
5666.38496983611	0.5268817690093783	trials	210624SL	p59	Z11111	228	2.0	315.0	8	5666.53496983611	5666.76185160512
5669.79727644206	0.5068816130669802	trials	210624SL	p59	Z11111	37	6.0	90.0	4	5669.94727644206	5670.1541580551275
5670.227599797316	0.5268817690093783	trials	210624SL	p59	Z11111	26	10.0	45.0	4	5670.377599797315	5670.604481566325
5670.677883308203	0.5268817690093783	trials	210624SL	p59	Z11111	249	8.0	0.0	12	5670.827883308202	5671.054765077212
5671.1282068194005	0.49684153478392545	trials	210624SL	p59	Z11111	20	4.0	45.0	4	5671.2782068194	5671.475048354185
5671.528449940119	0.5269217693221435	trials	210624SL	p59	Z11111	94	3.0	270.0	4	5671.678449940118	5671.905371709441
5671.968773373346	0.5268817690093783	trials	210624SL	p59	Z11111	312	11.0	180.0	12	5672.118773373346	5672.345655142356
5672.39905672829	0.49688153509578115	trials	210624SL	p59	Z11111	80	4.0	225.0	4	5672.5490567282895	5672.745938263386
5672.8293400832345	0.49688153509578115	trials	210624SL	p59	Z11111	319	3.0	225.0	12	5672.979340083234	5673.176221618331
5683.386542398346	0.5268817690093783	trials	210624SL	p59	Z11111	234	8.0	315.0	8	5683.536542398346	5683.763424167356
5683.836865909544	0.49684153478392545	trials	210624SL	p59	Z11111	63	2.0	180.0	4	5683.986865909544	5684.183707444328
5684.247109108234	0.49688153509578115	trials	210624SL	p59	Z11111	193	12.0	180.0	8	5684.397109108234	5684.5939906433305
5684.67743246349	0.49684153478392545	trials	210624SL	p59	Z11111	131	10.0	0.0	8	5684.8274324634895	5685.024273998274
5685.077715584521	0.49684153478392545	trials	210624SL	p59	Z11111	245	4.0	0.0	12	5685.22771558452	5685.424557119305
5685.507998939464	0.49684153478392545	trials	210624SL	p59	Z11111	2	1.0	0.0	4	5685.657998939464	5685.854840474249
5685.918282138466	0.49684153478392545	trials	210624SL	p59	Z11111	43	12.0	90.0	4	5686.068282138465	5686.26512367325
5686.34856549341	0.5268817690093783	trials	210624SL	p59	Z11111	95	4.0	270.0	4	5686.49856549341	5686.72544726242
5690.521398029225	0.5068816130669802	trials	210624SL	p59	Z11111	176	10.0	135.0	8	5690.671398029224	5690.878279642292
5690.941681306197	0.5068816130669802	trials	210624SL	p59	Z11111	321	5.0	225.0	12	5691.091681306197	5691.298562919264
5691.382004739425	0.49684153478392545	trials	210624SL	p59	Z11111	177	11.0	135.0	8	5691.532004739424	5691.728846274209
5691.782247860143	0.49688153509578115	trials	210624SL	p59	Z11111	314	13.0	180.0	12	5691.9322478601425	5692.129129395239
5692.212571215399	0.5068416127551245	trials	210624SL	p59	Z11111	34	3.0	90.0	4	5692.362571215399	5692.569412828155
5692.622814414089	0.526921769321234	trials	210624SL	p59	Z11111	301	0.0	180.0	12	5692.772814414088	5692.99973618341
5693.073137925287	0.49688153509669064	trials	210624SL	p59	Z11111	271	0.0	90.0	12	5693.223137925286	5693.420019460384
5693.4734210463175	0.49684153478392545	trials	210624SL	p59	Z11111	44	13.0	90.0	4	5693.623421046317	5693.820262581102
5700.318074414472	0.5068816130669802	trials	210624SL	p59	Z11111	202	6.0	225.0	8	5700.468074414472	5700.674956027539
5700.758357847388	0.5168816910381793	trials	210624SL	p59	Z11111	1	0.0	0.0	4	5700.908357847387	5701.125239538426
5701.198681280614	0.49684153478392545	trials	210624SL	p59	Z11111	274	3.0	90.0	12	5701.348681280614	5701.545522815399
5701.5989644016445	0.49684153478483495	trials	210624SL	p59	Z11111	0			0	5701.748964401644	5701.94580593643
5702.03924783456	0.49684153478392545	trials	210624SL	p59	Z11111	92	1.0	270.0	4	5702.18924783456	5702.3860893693445
5702.43953095559	0.5268817690093783	trials	210624SL	p59	Z11111	155	4.0	90.0	8	5702.58953095559	5702.8164127246
5702.889814466477	0.49688153509578115	trials	210624SL	p59	Z11111	151	0.0	90.0	8	5703.039814466477	5703.236696001573
5703.320137821733	0.49684153478392545	trials	210624SL	p59	Z11111	85	9.0	225.0	4	5703.470137821732	5703.666979356517
5706.792484895822	0.5268817690093783	trials	210624SL	p59	Z11111	132	11.0	0.0	8	5706.9424848958215	5707.169366664832
5707.222768250766	0.49688153509578115	trials	210624SL	p59	Z11111	38	7.0	90.0	4	5707.372768250766	5707.569649785863
5707.65305160571	0.5369218472924331	trials	210624SL	p59	Z11111	248	7.0	0.0	12	5707.80305160571	5708.039973453003
5708.093375038937	0.49684153478392545	trials	210624SL	p59	Z11111	205	9.0	225.0	8	5708.243375038936	5708.440216573721
5708.493658159968	0.5268817690093783	trials	210624SL	p59	Z11111	194	13.0	180.0	8	5708.643658159967	5708.870539928977
5708.943941670854	0.49688153509578115	trials	210624SL	p59	Z11111	285	14.0	90.0	12	5709.093941670853	5709.29082320595
5709.344224791885	0.5268817690093783	trials	210624SL	p59	Z11111	318	2.0	225.0	12	5709.494224791884	5709.721106560894
5711.895964687947	0.5068816130669802	trials	210624SL	p59	Z11111	153	2.0	90.0	8	5712.045964687946	5712.252846301014
5712.31624796492	0.5068816130669802	trials	210624SL	p59	Z11111	4	3.0	0.0	4	5712.46624796492	5712.673129577987
5712.726531163921	0.5268817690093783	trials	210624SL	p59	Z11111	284	13.0	90.0	12	5712.876531163921	5713.103412932931
5713.176814674807	0.49688153509669064	trials	210624SL	p59	Z11111	136	0.0	45.0	8	5713.326814674807	5713.523696209904
5713.607138030064	0.49684153478392545	trials	210624SL	p59	Z11111	315	14.0	180.0	12	5713.757138030063	5713.953979564848
5714.007381150782	0.5068816130669802	trials	210624SL	p59	Z11111	192	11.0	180.0	8	5714.1573811507815	5714.364262763849
5714.4477045840085	0.49684153478483495	trials	210624SL	p59	Z11111	171	5.0	135.0	8	5714.597704584008	5714.794546118794
5714.8479877050395	0.5268817690093783	trials	210624SL	p59	Z11111	275	4.0	90.0	12	5714.997987705039	5715.224869474049
5718.850698914408	0.5068816130678897	trials	210624SL	p59	Z11111	65	4.0	180.0	4	5719.000698914408	5719.207580527476
5750.071942348234	0.5068816130669802	trials	210624SL	p59	Z11111	206	10.0	225.0	8	5750.221942348234	5750.4288239613015
5750.492225625207	0.49688153509578115	trials	210624SL	p59	Z11111	212	1.0	270.0	8	5750.642225625206	5750.839107160303
5750.892508746238	0.5268817690093783	trials	210624SL	p59	Z11111	213	2.0	270.0	8	5751.042508746237	5751.269390515247
5751.3428322574355	0.49684153478392545	trials	210624SL	p59	Z11111	310	9.0	180.0	12	5751.492832257435	5751.68967379222
5751.773115612379	0.49684153478483495	trials	210624SL	p59	Z11111	9	8.0	0.0	4	5751.923115612379	5752.119957147164
5754.675098239304	0.5268817690102878	trials	210624SL	p59	Z11111	217	6.0	270.0	8	5754.825098239304	5755.051980008315
5755.105381594249	0.5268817690093783	trials	210624SL	p59	Z11111	22	6.0	45.0	4	5755.255381594248	5755.482263363258
5755.555705105447	0.49684153478392545	trials	210624SL	p59	Z11111	159	8.0	90.0	8	5755.705705105446	5755.902546640231
5755.955948226166	0.5268817690093783	trials	210624SL	p59	Z11111	134	13.0	0.0	8	5756.105948226165	5756.332829995175
5756.406271737364	0.5268817690093783	trials	210624SL	p59	Z11111	258	2.0	45.0	12	5756.556271737363	5756.783153506373
5756.85655524825	0.49688153509578115	trials	210624SL	p59	Z11111	256	0.0	45.0	12	5757.006555248249	5757.203436783346
5757.276838525223	0.49688153509578115	trials	210624SL	p59	Z11111	58	12.0	135.0	4	5757.426838525223	5757.623720060319
5757.677121646253	0.49688153509578115	trials	210624SL	p59	Z11111	225	14.0	270.0	8	5757.827121646253	5758.024003181349
5761.699873011877	0.5268817690093783	trials	210624SL	p59	Z11111	117	11.0	315.0	4	5761.849873011876	5762.076754780886
5762.1401564447915	0.5369218472924331	trials	210624SL	p59	Z11111	59	13.0	135.0	4	5762.290156444791	5762.527078292084
5762.590479955989	0.5068816130669802	trials	210624SL	p59	Z11111	103	12.0	270.0	4	5762.740479955989	5762.947361569057
5763.000763154992	0.5268817690093783	trials	210624SL	p59	Z11111	291	5.0	135.0	12	5763.150763154991	5763.377644924001
5763.451086666189	0.49684153478392545	trials	210624SL	p59	Z11111	165	14.0	90.0	8	5763.601086666189	5763.797928200974
5763.8513297869085	0.5268817690093783	trials	210624SL	p59	Z11111	50	4.0	135.0	4	5764.001329786908	5764.228211555918
5764.301653298106	0.49684153478392545	trials	210624SL	p59	Z11111	223	12.0	270.0	8	5764.451653298106	5764.648494832891
5764.73193665305	0.5068816130678897	trials	210624SL	p59	Z11111	77	1.0	225.0	4	5764.88193665305	5765.088818266118
5767.974161932867	0.5168816910381793	trials	210624SL	p59	Z11111	35	4.0	90.0	4	5768.124161932867	5768.3410436239055
5768.394445209839	0.5068416127551245	trials	210624SL	p59	Z11111	295	9.0	135.0	12	5768.544445209839	5768.751286822595
5768.834728642755	0.49688153509578115	trials	210624SL	p59	Z11111	355	9.0	315.0	12	5768.984728642755	5769.181610177851
5769.235011763785	0.5268817690093783	trials	210624SL	p59	Z11111	236	10.0	315.0	8	5769.385011763785	5769.611893532795
5769.675295196701	0.5268817690084688	trials	210624SL	p59	Z11111	216	5.0	270.0	8	5769.825295196701	5770.05217696571
5770.125618707899	0.49684153478392545	trials	210624SL	p59	Z11111	290	4.0	135.0	12	5770.2756187078985	5770.472460242683
5770.5559020628425	0.49688153509578115	trials	210624SL	p59	Z11111	303	2.0	180.0	12	5770.705902062842	5770.902783597939
5773.287763363322	0.5268817690102878	trials	210624SL	p59	Z11111	227	1.0	315.0	8	5773.437763363321	5773.664645132332
5773.73808687452	0.49684153478392545	trials	210624SL	p59	Z11111	324	8.0	225.0	12	5773.88808687452	5774.084928409305
5774.168370229464	0.49684153478392545	trials	210624SL	p59	Z11111	157	6.0	90.0	8	5774.318370229464	5774.515211764248
5774.568653350495	0.49684153478392545	trials	210624SL	p59	Z11111	360	14.0	315.0	12	5774.718653350495	5774.915494885279
5775.00893678341	0.49688153509578115	trials	210624SL	p59	Z11111	167	1.0	135.0	8	5775.158936783409	5775.355818318506
5775.409219904441	0.5268817690084688	trials	210624SL	p59	Z11111	307	6.0	180.0	12	5775.55921990444	5775.78610167345
5775.859503415327	0.49688153509578115	trials	210624SL	p59	Z11111	286	0.0	135.0	12	5776.009503415326	5776.206384950423
5776.259786536357	0.5268817690093783	trials	210624SL	p59	Z11111	120	14.0	315.0	4	5776.4097865363565	5776.636668305367
5779.692133298562	0.5268817690093783	trials	210624SL	p59	Z11111	90	14.0	225.0	4	5779.842133298562	5780.069015067572
5780.122416653506	0.49688153509578115	trials	210624SL	p59	Z11111	124	3.0	0.0	8	5780.272416653505	5780.469298188602
5780.562700086421	0.49688153509578115	trials	210624SL	p59	Z11111	337	6.0	270.0	12	5780.71270008642	5780.909581621517
5780.993023441677	0.49684153478392545	trials	210624SL	p59	Z11111	172	6.0	135.0	8	5781.143023441677	5781.339864976461
5781.413306718649	0.49684153478392545	trials	210624SL	p59	Z11111	21	5.0	45.0	4	5781.563306718649	5781.760148253434
5781.813549839368	0.49688153509669064	trials	210624SL	p59	Z11111	338	7.0	270.0	12	5781.963549839367	5782.160431374465
5782.243873194624	0.49684153478392545	trials	210624SL	p59	Z11111	279	8.0	90.0	12	5782.393873194624	5782.590714729408
5782.654156393625	0.49684153478392545	trials	210624SL	p59	Z11111	14	13.0	0.0	4	5782.804156393625	5783.00099792841
5786.686867836908	0.526921769321234	trials	210624SL	p59	Z11111	255	14.0	0.0	12	5786.836867836908	5787.06378960623
5787.117191192164	0.5268817690093783	trials	210624SL	p59	Z11111	179	13.0	135.0	8	5787.267191192163	5787.4940729611735
5787.56747470305	0.49688153509669064	trials	210624SL	p59	Z11111	25	9.0	45.0	4	5787.717474703049	5787.914356238147
5787.967757824081	0.5268817690093783	trials	210624SL	p59	Z11111	112	6.0	315.0	4	5788.11775782408	5788.3446395930905
5788.418081335279	0.49684153478392545	trials	210624SL	p59	Z11111	32	1.0	90.0	4	5788.568081335278	5788.764922870063
5788.818324455998	0.5369218472924331	trials	210624SL	p59	Z11111	0			0	5788.968324455997	5789.205246303291
5792.680954573146	0.49688153509578115	trials	210624SL	p59	Z11111	230	4.0	315.0	8	5792.830954573145	5793.027836108242
5815.986856290599	0.5068416127551245	trials	210624SL	p59	Z11111	261	5.0	45.0	12	5816.136856290598	5816.343697903354
5816.417139645542	0.49684153478392545	trials	210624SL	p59	Z11111	298	12.0	135.0	12	5816.567139645542	5816.7639811803265
5816.817422766573	0.5268817690093783	trials	210624SL	p59	Z11111	293	7.0	135.0	12	5816.967422766573	5817.194304535583
5817.257706199488	0.49688153509578115	trials	210624SL	p59	Z11111	86	10.0	225.0	4	5817.407706199488	5817.604587734584
5817.687989554432	0.49688153509669064	trials	210624SL	p59	Z11111	283	12.0	90.0	12	5817.837989554431	5818.034871089529
5818.118312909688	0.49684153478392545	trials	210624SL	p59	Z11111	330	14.0	225.0	12	5818.268312909688	5818.465154444472
5818.528556108377	0.5268817690093783	trials	210624SL	p59	Z11111	163	12.0	90.0	8	5818.678556108377	5818.905437877387
5818.968879541605	0.5068816130669802	trials	210624SL	p59	Z11111	142	6.0	45.0	8	5819.118879541605	5819.325761154672
5825.933613846038	0.5068816130669802	trials	210624SL	p59	Z11111	109	3.0	315.0	4	5826.083613846037	5826.290495459105
5826.35389712301	0.5168816910390888	trials	210624SL	p59	Z11111	54	8.0	135.0	4	5826.50389712301	5826.7207788140495
5826.804220634209	0.49684153478392545	trials	210624SL	p59	Z11111	335	4.0	270.0	12	5826.9542206342085	5827.151062168993
5827.204463754927	0.49688153509578115	trials	210624SL	p59	Z11111	305	4.0	180.0	12	5827.354463754927	5827.551345290023
5827.6347871101825	0.49684153478483495	trials	210624SL	p59	Z11111	187	6.0	180.0	8	5827.784787110182	5827.981628644968
5828.045030308873	0.526921769321234	trials	210624SL	p59	Z11111	53	7.0	135.0	4	5828.195030308872	5828.421952078194
5828.475353664128	0.49684153478392545	trials	210624SL	p59	Z11111	49	3.0	135.0	4	5828.625353664128	5828.822195198913
5828.905637019073	0.49688153509578115	trials	210624SL	p59	Z11111	133	12.0	0.0	8	5829.0556370190725	5829.252518554169
5832.307943547052	0.5268817690093783	trials	210624SL	p59	Z11111	343	12.0	270.0	12	5832.457943547051	5832.6848253160615
5832.758267058251	0.49684153478301596	trials	210624SL	p59	Z11111	11	10.0	0.0	4	5832.90826705825	5833.105108593034
5833.188550413194	0.49688153509578115	trials	210624SL	p59	Z11111	302	1.0	180.0	12	5833.338550413194	5833.53543194829
5833.598833612195	0.5268817690093783	trials	210624SL	p59	Z11111	8	7.0	0.0	4	5833.748833612195	5833.975715381205
5834.039117045111	0.5068816130669802	trials	210624SL	p59	Z11111	254	13.0	0.0	12	5834.189117045111	5834.3959986581785
5834.479440478338	0.49684153478392545	trials	210624SL	p59	Z11111	306	5.0	180.0	12	5834.6294404783375	5834.826282013122
5834.9097238332815	0.5068816130678897	trials	210624SL	p59	Z11111	83	7.0	225.0	4	5835.059723833281	5835.26660544635
5835.320007032284	0.5268817690093783	trials	210624SL	p59	Z11111	210	14.0	225.0	8	5835.470007032283	5835.696888801293
5838.912435042651	0.526921769321234	trials	210624SL	p59	Z11111	119	13.0	315.0	4	5839.062435042651	5839.2893568119725
5839.362758553849	0.5268817690093783	trials	210624SL	p59	Z11111	123	2.0	0.0	8	5839.5127585538485	5839.739640322859
5839.813082065048	0.49684153478392545	trials	210624SL	p59	Z11111	39	8.0	90.0	4	5839.963082065047	5840.159923599832
5840.213325185766	0.5369218472924331	trials	210624SL	p59	Z11111	47	1.0	135.0	4	5840.3633251857655	5840.600247033059
5840.663648696964	0.49684153478392545	trials	210624SL	p59	Z11111	0			0	5840.813648696963	5841.010490231748
5841.073931895966	0.5268817690093783	trials	210624SL	p59	Z11111	104	13.0	270.0	4	5841.2239318959655	5841.450813664976
5841.524215406852	0.5268817690093783	trials	210624SL	p59	Z11111	288	2.0	135.0	12	5841.6742154068515	5841.901097175862
5841.954538762108	0.5268817690093783	trials	210624SL	p59	Z11111	185	4.0	180.0	8	5842.104538762108	5842.331420531118
5845.306804899919	0.5268817690093783	trials	210624SL	p59	Z11111	233	7.0	315.0	8	5845.456804899919	5845.683686668929
5845.737088254863	0.5268817690093783	trials	210624SL	p59	Z11111	232	6.0	315.0	8	5845.887088254863	5846.113970023873
5848.278828072955	0.5268817690093783	trials	210624SL	p59	Z11111	88	12.0	225.0	4	5848.428828072954	5848.655709841964
5848.7291515841525	0.49684153478392545	trials	210624SL	p59	Z11111	168	2.0	135.0	8	5848.879151584152	5849.075993118937
5849.129394704872	0.5268817690093783	trials	210624SL	p59	Z11111	327	11.0	225.0	12	5849.279394704871	5849.506276473881
5849.559718060127	0.5068416127551245	trials	210624SL	p59	Z11111	269	13.0	45.0	12	5849.709718060127	5849.916559672883
5850.000001493042	0.49688153509578115	trials	210624SL	p59	Z11111	154	3.0	90.0	8	5850.150001493042	5850.346883028138
5850.400284614073	0.5268817690093783	trials	210624SL	p59	Z11111	244	3.0	0.0	12	5850.550284614073	5850.777166383083
5850.850568124959	0.49688153509578115	trials	210624SL	p59	Z11111	329	13.0	225.0	12	5851.000568124959	5851.197449660055
5851.260851323961	0.5268817690093783	trials	210624SL	p59	Z11111	6	5.0	0.0	4	5851.410851323961	5851.637733092971
5854.573117149887	0.5268817690093783	trials	210624SL	p59	Z11111	115	9.0	315.0	4	5854.723117149887	5854.949998918897
5855.013400582802	0.49688153509669064	trials	210624SL	p59	Z11111	359	13.0	315.0	12	5855.163400582802	5855.360282117899
5855.423683781804	0.49688153509578115	trials	210624SL	p59	Z11111	116	10.0	315.0	4	5855.573683781804	5855.7705653169005
5858.115544770399	0.5068416127551245	trials	210624SL	p59	Z11111	224	13.0	270.0	8	5858.265544770398	5858.472386383154
5858.525787969088	0.49688153509669064	trials	210624SL	p59	Z11111	5	4.0	0.0	4	5858.675787969088	5858.872669504185
5858.93607116809	0.49688153509578115	trials	210624SL	p59	Z11111	292	6.0	135.0	12	5859.08607116809	5859.282952703186
5859.366394523346	0.49684153478392545	trials	210624SL	p59	Z11111	71	10.0	180.0	4	5859.516394523345	5859.71323605813
5859.766637644065	0.49688153509578115	trials	210624SL	p59	Z11111	347	1.0	315.0	12	5859.916637644064	5860.113519179161
5860.166920765095	0.5268817690093783	trials	210624SL	p59	Z11111	208	12.0	225.0	8	5860.316920765094	5860.5438025341045
5860.60720419801	0.49688153509669064	trials	210624SL	p59	Z11111	144	8.0	45.0	8	5860.757204198009	5860.954085733107
5861.007487319041	0.5268817690093783	trials	210624SL	p59	Z11111	334	3.0	270.0	12	5861.15748731904	5861.38436908805
5871.844891818905	0.5268817690093783	trials	210624SL	p59	Z11111	235	9.0	315.0	8	5871.994891818905	5872.221773587915
5872.28517525182	0.5268817690093783	trials	210624SL	p59	Z11111	184	3.0	180.0	8	5872.43517525182	5872.66205702083
5872.725458684736	0.49688153509578115	trials	210624SL	p59	Z11111	322	6.0	225.0	12	5872.875458684735	5873.072340219832
5873.135741883737	0.5268817690093783	trials	210624SL	p59	Z11111	348	2.0	315.0	12	5873.285741883737	5873.512623652747
5873.576065316964	0.5068816130678897	trials	210624SL	p59	Z11111	46	0.0	135.0	4	5873.726065316963	5873.932946930032
5873.986348515966	0.5268817690093783	trials	210624SL	p59	Z11111	169	3.0	135.0	8	5874.136348515965	5874.3632302849755
5874.436632026852	0.49688153509578115	trials	210624SL	p59	Z11111	273	2.0	90.0	12	5874.5866320268515	5874.783513561948
5874.836915147883	0.5268817690093783	trials	210624SL	p59	Z11111	349	3.0	315.0	12	5874.986915147882	5875.2137969168925
5878.189181285694	0.526921769321234	trials	210624SL	p59	Z11111	289	3.0	135.0	12	5878.3391812856935	5878.566103055015
5878.6295047189205	0.49684153478392545	trials	210624SL	p59	Z11111	76	0.0	225.0	4	5878.77950471892	5878.976346253705
5879.069788151836	0.49688153509578115	trials	210624SL	p59	Z11111	70	9.0	180.0	4	5879.219788151836	5879.416669686932
5879.50007150678	0.49688153509578115	trials	210624SL	p59	Z11111	340	9.0	270.0	12	5879.65007150678	5879.846953041876
5879.910354705782	0.5268817690093783	trials	210624SL	p59	Z11111	262	6.0	45.0	12	5880.060354705782	5880.287236474792
5880.340678061038	0.5268817690093783	trials	210624SL	p59	Z11111	323	7.0	225.0	12	5880.490678061037	5880.717559830047
5880.790961571924	0.49688153509669064	trials	210624SL	p59	Z11111	166	0.0	135.0	8	5880.940961571923	5881.137843107021
5881.191244692955	0.49688153509578115	trials	210624SL	p59	Z11111	45	14.0	90.0	4	5881.341244692954	5881.538126228051
5884.5935512209335	0.5268817690093783	trials	210624SL	p59	Z11111	118	12.0	315.0	4	5884.743551220933	5884.970432989943
5885.023834575877	0.5269217693221435	trials	210624SL	p59	Z11111	304	3.0	180.0	12	5885.173834575877	5885.4007563452
5885.474158087076	0.49688153509578115	trials	210624SL	p59	Z11111	316	0.0	225.0	12	5885.624158087076	5885.821039622172
5885.874441208106	0.5268817690093783	trials	210624SL	p59	Z11111	139	3.0	45.0	8	5886.024441208106	5886.251322977116
5886.314724641022	0.49688153509578115	trials	210624SL	p59	Z11111	127	6.0	0.0	8	5886.464724641021	5886.661606176118
5886.745007995965	0.526921769321234	trials	210624SL	p59	Z11111	19	3.0	45.0	4	5886.895007995965	5887.121929765287
5887.195331507164	0.49688153509578115	trials	210624SL	p59	Z11111	121	0.0	0.0	8	5887.345331507164	5887.54221304226
5887.595614628194	0.5268817690093783	trials	210624SL	p59	Z11111	107	1.0	315.0	4	5887.745614628194	5887.972496397204
5902.185528386588	0.5268817690102878	trials	210624SL	p59	Z11111	240	14.0	315.0	8	5902.335528386588	5902.562410155599
5904.79730875079	0.5268817690093783	trials	210624SL	p59	Z11111	42	11.0	90.0	4	5904.9473087507895	5905.1741905198
5910.060909791389	0.5268817690093783	trials	210624SL	p59	Z11111	299	13.0	135.0	12	5910.210909791389	5910.437791560399
5910.511193302275	0.49688153509578115	trials	210624SL	p59	Z11111	344	13.0	270.0	12	5910.661193302275	5910.8580748373715
5910.911476423305	0.49688153509669064	trials	210624SL	p59	Z11111	325	9.0	225.0	12	5911.061476423305	5911.2583579584025
5911.34175977825	0.5068816130669802	trials	210624SL	p59	Z11111	170	4.0	135.0	8	5911.49175977825	5911.698641391317
5911.752042977251	0.5268817690093783	trials	210624SL	p59	Z11111	180	14.0	135.0	8	5911.902042977251	5912.128924746261
5912.202366488449	0.49684153478483495	trials	210624SL	p59	Z11111	266	10.0	45.0	12	5912.352366488449	5912.549208023234
5912.602609609168	0.526921769321234	trials	210624SL	p59	Z11111	328	12.0	225.0	12	5912.752609609168	5912.97953137849
5913.052933120366	0.49688153509578115	trials	210624SL	p59	Z11111	62	1.0	180.0	4	5913.202933120366	5913.399814655462
5916.335158712068	0.5268817690093783	trials	210624SL	p59	Z11111	181	0.0	180.0	8	5916.4851587120675	5916.712040481078
5916.785482223266	0.49688153509578115	trials	210624SL	p59	Z11111	60	14.0	135.0	4	5916.935482223265	5917.132363758362
5919.317221963386	0.5168416907263236	trials	210624SL	p59	Z11111	56	10.0	135.0	4	5919.467221963386	5919.684063654113
5919.737505240359	0.5068416127551245	trials	210624SL	p59	Z11111	281	10.0	90.0	12	5919.887505240358	5920.094346853114
5920.147788439361	0.5268817690093783	trials	210624SL	p59	Z11111	346	0.0	315.0	12	5920.29778843936	5920.5246702083705
5920.578071794304	0.49684153478392545	trials	210624SL	p59	Z11111	320	4.0	225.0	12	5920.728071794304	5920.924913329089
5921.008355149248	0.5068816130669802	trials	210624SL	p59	Z11111	96	5.0	270.0	4	5921.158355149248	5921.365236762315
5921.448638582164	0.49688153509578115	trials	210624SL	p59	Z11111	357	11.0	315.0	12	5921.598638582163	5921.79552011726
5921.848921703194	0.5268817690093783	trials	210624SL	p59	Z11111	156	5.0	90.0	8	5921.998921703193	5922.225803472204
5922.289205136109	0.5269217693221435	trials	210624SL	p59	Z11111	149	13.0	45.0	8	5922.439205136108	5922.666126905431
