onset	duration	nwb_table	ses_ID	pen_ID	sub_ID	cond_ID	stim_ID	mode	pdOnTS	pdOffTS
1361.7000193103934	0.5244013999467825	trials	200719TX	p61	Z08115	117	38.0	2.0	1361.8500193103935	1362.07442071034
1362.1403020571338	0.5044412754239147	trials	200719TX	p61	Z08115	100	33.0	0.0	1362.2903020571339	1362.4947433325576
1362.5805848038742	0.49444121303781685	trials	200719TX	p61	Z08115	39	12.0	2.0	1362.7305848038743	1362.925026016912
1362.9808673010698	0.49440121278826155	trials	200719TX	p61	Z08115	112	37.0	0.0	1363.1308673010699	1363.325268513858
1363.4111899856734	0.5044012751745868	trials	200719TX	p61	Z08115	88	29.0	0.0	1363.5611899856735	1363.765591260848
1363.8214725452553	0.49440121278826155	trials	200719TX	p61	Z08115	32	10.0	1.0	1363.9714725452554	1364.1658737580435
1364.2517552296094	0.49440121278826155	trials	200719TX	p61	Z08115	14	4.0	1.0	1364.4017552296095	1364.5961564423976
1364.652037726805	0.5244013999470098	trials	200719TX	p61	Z08115	56	18.0	1.0	1364.802037726805	1365.026439126752
1368.2344600760441	0.5244013999467825	trials	200719TX	p61	Z08115	83	27.0	1.0	1368.3844600760442	1368.6088614759908
1368.6847828854202	0.5244013999470098	trials	200719TX	p61	Z08115	78	25.0	2.0	1368.8347828854203	1369.059184285367
1369.135065694547	0.49440121278826155	trials	200719TX	p61	Z08115	109	36.0	0.0	1369.285065694547	1369.479466907335
1369.5353481917425	0.5244013999470098	trials	200719TX	p61	Z08115	19	6.0	0.0	1369.6853481917426	1369.9097495916894
1369.975630938483	0.5244414001965652	trials	200719TX	p61	Z08115	67	22.0	0.0	1370.125630938483	1370.3500723386794
1370.4059536230866	0.4943612125389336	trials	200719TX	p61	Z08115	37	12.0	0.0	1370.5559536230867	1370.7503148356254
1370.816196182419	0.5144413378102399	trials	200719TX	p61	Z08115	45	14.0	2.0	1370.966196182419	1371.180637520229
1371.2465188670226	0.5244013999470098	trials	200719TX	p61	Z08115	13	4.0	0.0	1371.3965188670227	1371.6209202669695
1374.8989816532148	0.5044012751743594	trials	200719TX	p61	Z08115	64	21.0	0.0	1375.048981653215	1375.253382928389
1375.3092642127965	0.49440121278826155	trials	200719TX	p61	Z08115	90	29.0	2.0	1375.4592642127966	1375.6536654255847
1375.709546709992	0.5244013999470098	trials	200719TX	p61	Z08115	76	25.0	0.0	1375.8595467099922	1376.083948109939
1376.1398293943464	0.5044012751743594	trials	200719TX	p61	Z08115	11	3.0	1.0	1376.2898293943465	1376.4942306695207
1376.5801121410868	0.49440121278826155	trials	200719TX	p61	Z08115	0			1376.730112141087	1376.924513353875
1376.9803946382824	0.49440121278826155	trials	200719TX	p61	Z08115	103	34.0	0.0	1377.1303946382825	1377.3247958510706
1377.4106773226365	0.5044012751745868	trials	200719TX	p61	Z08115	40	13.0	0.0	1377.5606773226366	1377.765078597811
1377.8510000696265	0.49440121278826155	trials	200719TX	p61	Z08115	46	15.0	0.0	1378.0010000696266	1378.1954012824147
1381.4334224188656	0.5144013375606846	trials	200719TX	p61	Z08115	15	4.0	2.0	1381.5834224188657	1381.7978237564262
1381.873705165606	0.5044412754239147	trials	200719TX	p61	Z08115	55	18.0	0.0	1382.023705165606	1382.2281464410298
1382.293987787574	0.49440121278826155	trials	200719TX	p61	Z08115	38	12.0	1.0	1382.443987787574	1382.6383890003622
1382.7042703471557	0.5244414001965652	trials	200719TX	p61	Z08115	79	26.0	0.0	1382.8542703471558	1383.0787117473521
1383.154593156532	0.49440121278826155	trials	200719TX	p61	Z08115	72	23.0	2.0	1383.304593156532	1383.4989943693201
1383.5548756537275	0.5244013999467825	trials	200719TX	p61	Z08115	99	32.0	2.0	1383.7048756537276	1383.9292770536742
1383.9851583380816	0.5244414001965652	trials	200719TX	p61	Z08115	118	39.0	0.0	1384.1351583380817	1384.3595997382781
1384.4354411472084	0.49444121303781685	trials	200719TX	p61	Z08115	61	20.0	0.0	1384.5854411472085	1384.7798823602461
1388.08794393365	0.5044012751745868	trials	200719TX	p61	Z08115	18	5.0	2.0	1388.23794393365	1388.4423452088245
1388.508226555618	0.5244414001965652	trials	200719TX	p61	Z08115	113	37.0	1.0	1388.658226555618	1388.8826679558144
1388.9385092399723	0.49440121278826155	trials	200719TX	p61	Z08115	42	13.0	2.0	1389.0885092399724	1389.2829104527605
1389.3687919243264	0.49444121303781685	trials	200719TX	p61	Z08115	66	21.0	2.0	1389.5187919243265	1389.713233137364
1389.7791144841578	0.5244013999467825	trials	200719TX	p61	Z08115	48	15.0	2.0	1389.929114484158	1390.1535158841045
1390.2093571682624	0.49444121303781685	trials	200719TX	p61	Z08115	93	30.0	2.0	1390.3593571682625	1390.5537983813
1390.6396798528663	0.49440121278826155	trials	200719TX	p61	Z08115	86	28.0	1.0	1390.7896798528664	1390.9840810656544
1391.049962412448	0.49440121278826155	trials	200719TX	p61	Z08115	49	16.0	0.0	1391.199962412448	1391.394363625236
1394.5923845121422	0.5244013999467825	trials	200719TX	p61	Z08115	102	33.0	2.0	1394.7423845121423	1394.9667859120889
1395.0226671964963	0.49440121278826155	trials	200719TX	p61	Z08115	120	39.0	2.0	1395.1726671964964	1395.3670684092845
1395.4329497560782	0.5244013999467825	trials	200719TX	p61	Z08115	36	11.0	2.0	1395.5829497560783	1395.8073511560249
1395.8632324404323	0.5244414001965652	trials	200719TX	p61	Z08115	110	36.0	1.0	1396.0132324404324	1396.2376738406288
1396.313515249559	0.49444121303781685	trials	200719TX	p61	Z08115	54	17.0	2.0	1396.4635152495591	1396.6579564625968
1396.7137977467546	0.5244414001963378	trials	200719TX	p61	Z08115	22	7.0	0.0	1396.8637977467547	1397.0882391469509
1397.1641205561307	0.49440121278826155	trials	200719TX	p61	Z08115	80	26.0	1.0	1397.3141205561308	1397.5085217689189
1397.574363115463	0.5244414001963378	trials	200719TX	p61	Z08115	53	17.0	1.0	1397.7243631154631	1397.9488045156593
1401.1668255273378	0.5044012751743594	trials	200719TX	p61	Z08115	57	18.0	2.0	1401.3168255273379	1401.521226802512
1401.5771080869195	0.5044012751745868	trials	200719TX	p61	Z08115	85	28.0	0.0	1401.7271080869195	1401.931509362094
1401.9873906465014	0.5244414001963378	trials	200719TX	p61	Z08115	41	13.0	1.0	1402.1373906465014	1402.3618320466976
1402.4377134558774	0.49440121278826155	trials	200719TX	p61	Z08115	0			1402.5877134558775	1402.7821146686656
1402.8379559528234	0.5344414625828904	trials	200719TX	p61	Z08115	60	19.0	2.0	1402.9879559528235	1403.2223974154062
1403.2982788245859	0.5044012751745868	trials	200719TX	p61	Z08115	87	28.0	2.0	1403.448278824586	1403.6526800997603
1403.7385615713265	0.49440121278826155	trials	200719TX	p61	Z08115	84	27.0	2.0	1403.8885615713266	1404.0829627841147
1404.1688842559302	0.49440121278826155	trials	200719TX	p61	Z08115	59	19.0	1.0	1404.3188842559302	1404.5132854687183
1407.8213470421222	0.5044012751745868	trials	200719TX	p61	Z08115	116	38.0	1.0	1407.9713470421223	1408.1757483172967
1408.231629601704	0.5044012751743594	trials	200719TX	p61	Z08115	77	25.0	1.0	1408.3816296017042	1408.5860308768783
1408.6719123484445	0.49440121278826155	trials	200719TX	p61	Z08115	101	33.0	1.0	1408.8219123484446	1409.0163135612327
1409.1021950327986	0.49444121303781685	trials	200719TX	p61	Z08115	44	14.0	1.0	1409.2521950327987	1409.4466362458363
1409.5225176550161	0.49440121278826155	trials	200719TX	p61	Z08115	24	7.0	2.0	1409.6725176550162	1409.8669188678043
1409.9528003393705	0.534441462582663	trials	200719TX	p61	Z08115	43	14.0	0.0	1410.1028003393706	1410.337241801953
1410.3931230863604	0.5244013999470098	trials	200719TX	p61	Z08115	81	26.0	2.0	1410.5431230863605	1410.7675244863074
1410.8334058331009	0.5244013999470098	trials	200719TX	p61	Z08115	115	38.0	0.0	1410.983405833101	1411.2078072330478
1414.355787807773	0.514401337560912	trials	200719TX	p61	Z08115	82	27.0	0.0	1414.505787807773	1414.7201891453337
1414.8061106171492	0.5344014623331077	trials	200719TX	p61	Z08115	114	37.0	2.0	1414.9561106171493	1415.1905120794822
1415.2763935510484	0.49444121303781685	trials	200719TX	p61	Z08115	50	16.0	1.0	1415.4263935510485	1415.620834764086
1415.6766760482437	0.5344414625828904	trials	200719TX	p61	Z08115	20	6.0	1.0	1415.8266760482438	1416.0611175108265
1416.1469989823925	0.49440121278826155	trials	200719TX	p61	Z08115	27	8.0	2.0	1416.2969989823926	1416.4914001951806
1416.5772816667468	0.49444121303781685	trials	200719TX	p61	Z08115	3	0.0	2.0	1416.7272816667469	1416.9217228797845
1417.0076043513504	0.5044012751745868	trials	200719TX	p61	Z08115	34	11.0	0.0	1417.1576043513505	1417.362005626525
1417.4178869109323	0.49440121278826155	trials	200719TX	p61	Z08115	106	35.0	0.0	1417.5678869109324	1417.7622881237205
1420.8301881988568	0.5044012751745868	trials	200719TX	p61	Z08115	4	1.0	0.0	1420.980188198857	1421.1845894740313
1421.2504708208248	0.5244414001965652	trials	200719TX	p61	Z08115	69	22.0	2.0	1421.400470820825	1421.6249122210213
1421.6807935054287	0.5244013999467825	trials	200719TX	p61	Z08115	58	19.0	0.0	1421.8307935054288	1422.0551949053754
1422.1110361895333	0.534441462582663	trials	200719TX	p61	Z08115	70	23.0	0.0	1422.2610361895333	1422.4954776521158
1422.581359123682	0.49444121303781685	trials	200719TX	p61	Z08115	1	0.0	0.0	1422.731359123682	1422.9258003367197
1422.9916416832637	0.5244414001965652	trials	200719TX	p61	Z08115	16	5.0	0.0	1423.1416416832637	1423.3660830834601
1423.4319644302536	0.4944012127884889	trials	200719TX	p61	Z08115	51	16.0	2.0	1423.5819644302537	1423.776365643042
1423.8722471769943	0.49440121278826155	trials	200719TX	p61	Z08115	52	17.0	0.0	1424.0222471769944	1424.2166483897824
1427.38462908928	0.5144413378104673	trials	200719TX	p61	Z08115	35	11.0	1.0	1427.53462908928	1427.7490704270904
1427.8349518986563	0.534441462582663	trials	200719TX	p61	Z08115	29	9.0	1.0	1427.9849518986564	1428.2193933612389
1430.406687942645	0.49440121278826155	trials	200719TX	p61	Z08115	74	24.0	1.0	1430.556687942645	1430.7510891554332
1430.8169705022267	0.5244414001965652	trials	200719TX	p61	Z08115	97	32.0	0.0	1430.9669705022268	1431.1914119024232
1431.2872934363754	0.5244414001963378	trials	200719TX	p61	Z08115	12	3.0	2.0	1431.4372934363755	1431.6617348365717
1431.7275761831158	0.49444121303781685	trials	200719TX	p61	Z08115	63	20.0	2.0	1431.877576183116	1432.0720173961536
1432.1378587426975	0.49440121278826155	trials	200719TX	p61	Z08115	95	31.0	1.0	1432.2878587426976	1432.4822599554857
1432.5681814273014	0.5244013999467825	trials	200719TX	p61	Z08115	75	24.0	2.0	1432.7181814273015	1432.942582827248
1433.018464236428	0.49440121278826155	trials	200719TX	p61	Z08115	26	8.0	1.0	1433.168464236428	1433.362865449216
1433.4287467960098	0.5244414001963378	trials	200719TX	p61	Z08115	8	2.0	1.0	1433.57874679601	1433.803188196206
1436.9411287082958	0.5044012751743594	trials	200719TX	p61	Z08115	107	35.0	1.0	1437.0911287082959	1437.29552998347
1437.3714513928994	0.5244013999470098	trials	200719TX	p61	Z08115	9	2.0	2.0	1437.5214513928995	1437.7458527928463
1437.8417343267986	0.5244414001965652	trials	200719TX	p61	Z08115	105	34.0	2.0	1437.9917343267987	1438.216175726995
1438.3120572609473	0.49440121278826155	trials	200719TX	p61	Z08115	92	30.0	1.0	1438.4620572609474	1438.6564584737355
1438.7423399453014	0.49444121303781685	trials	200719TX	p61	Z08115	47	15.0	1.0	1438.8923399453015	1439.0867811583391
1439.1726626299053	0.534441462582663	trials	200719TX	p61	Z08115	119	39.0	1.0	1439.3226626299054	1439.5571040924879
1439.6429455638042	0.5344814628322183	trials	200719TX	p61	Z08115	30	9.0	2.0	1439.7929455638043	1440.0274270266364
1440.0932683731805	0.534441462582663	trials	200719TX	p61	Z08115	104	34.0	1.0	1440.2432683731806	1440.477709835763
1443.585650160694	0.49440121278826155	trials	200719TX	p61	Z08115	71	23.0	1.0	1443.7356501606941	1443.9300513734822
1443.9959327202757	0.49440121278826155	trials	200719TX	p61	Z08115	10	3.0	0.0	1444.1459327202758	1444.340333933064
1444.42621540463	0.49440121278826155	trials	200719TX	p61	Z08115	65	21.0	1.0	1444.5762154046301	1444.7706166174182
1444.86653815162	0.49440121278826155	trials	200719TX	p61	Z08115	62	20.0	1.0	1445.0165381516201	1445.2109393644082
1445.2968208359741	0.49440121278826155	trials	200719TX	p61	Z08115	25	8.0	0.0	1445.4468208359742	1445.6412220487623
1445.7271035203285	0.534441462582663	trials	200719TX	p61	Z08115	21	6.0	2.0	1445.8771035203285	1446.111544982911
1446.1673862670689	0.5244414001963378	trials	200719TX	p61	Z08115	23	7.0	1.0	1446.317386267069	1446.5418276672651
1448.7591624360794	0.514401337560912	trials	200719TX	p61	Z08115	111	36.0	2.0	1448.9091624360794	1449.1235637736402
1449.1794450580473	0.4944012127884889	trials	200719TX	p61	Z08115	91	30.0	0.0	1449.3294450580474	1449.5238462708357
1449.6097277424017	0.534441462582663	trials	200719TX	p61	Z08115	17	5.0	1.0	1449.7597277424018	1449.9941692049842
1450.0800906768	0.5344014623331077	trials	200719TX	p61	Z08115	73	24.0	0.0	1450.2300906768	1450.464492139133
1450.5303734859265	0.49440121278826155	trials	200719TX	p61	Z08115	68	22.0	1.0	1450.6803734859266	1450.8747746987146
1452.9820287807815	0.5044012751743594	trials	200719TX	p61	Z08115	28	9.0	0.0	1453.1320287807816	1453.3364300559558
1453.3923113403632	0.5244414001965652	trials	200719TX	p61	Z08115	108	35.0	2.0	1453.5423113403633	1453.7667527405597
1453.8225940247175	0.49440121278826155	trials	200719TX	p61	Z08115	0			1453.9725940247176	1454.1669952375057
1454.2428766466855	0.49444121303781685	trials	200719TX	p61	Z08115	0			1454.3928766466856	1454.5873178597233
1454.6631592686535	0.5244414001963378	trials	200719TX	p61	Z08115	7	2.0	0.0	1454.8131592686536	1455.0376006688498
1455.1134820780296	0.49440121278826155	trials	200719TX	p61	Z08115	2	0.0	1.0	1455.2634820780297	1455.4578832908178
1455.543764762384	0.49440121278826155	trials	200719TX	p61	Z08115	89	29.0	1.0	1455.693764762384	1455.8881659751721
1455.9540473219656	0.49440121278826155	trials	200719TX	p61	Z08115	96	31.0	2.0	1456.1040473219657	1456.2984485347538
1459.646550357952	0.5144413378104673	trials	200719TX	p61	Z08115	6	1.0	2.0	1459.7965503579521	1460.0109916957624
1460.076873042556	0.5344014623331077	trials	200719TX	p61	Z08115	98	32.0	1.0	1460.226873042556	1460.461274504889
1460.5371559140688	0.5244414001965652	trials	200719TX	p61	Z08115	31	10.0	0.0	1460.6871559140689	1460.9115973142652
1460.9974787858312	0.534441462582663	trials	200719TX	p61	Z08115	5	1.0	1.0	1461.1474787858313	1461.3819202484137
1461.4377615325716	0.5244414001965652	trials	200719TX	p61	Z08115	33	10.0	2.0	1461.5877615325717	1461.812202932768
1461.888084341948	0.5244414001963378	trials	200719TX	p61	Z08115	94	31.0	0.0	1462.038084341948	1462.2625257421441
1462.3383671510744	0.49444121303781685	trials	200719TX	p61	Z08115	49	16.0	0.0	1462.4883671510745	1462.6828083641121
1462.73864964827	0.534441462582663	trials	200719TX	p61	Z08115	55	18.0	0.0	1462.88864964827	1463.1230911108526
1466.381112372076	0.5144413378102399	trials	200719TX	p61	Z08115	58	19.0	0.0	1466.531112372076	1466.745553709886
1466.8014349942935	0.49440121278826155	trials	200719TX	p61	Z08115	39	12.0	2.0	1466.9514349942935	1467.1458362070816
1467.2117175538751	0.5244013999470098	trials	200719TX	p61	Z08115	50	16.0	1.0	1467.3617175538752	1467.586118953822
1470.0035749711094	0.5144413378102399	trials	200719TX	p61	Z08115	10	3.0	0.0	1470.1535749711095	1470.3680163089196
1472.945593325135	0.5044012751743594	trials	200719TX	p61	Z08115	102	33.0	2.0	1473.095593325135	1473.2999946003092
1473.3558758847166	0.49440121278826155	trials	200719TX	p61	Z08115	6	1.0	2.0	1473.5058758847167	1473.7002770975048
1473.7661584442985	0.49440121278826155	trials	200719TX	p61	Z08115	0			1473.9161584442986	1474.1105596570867
1474.1964411286526	0.49440121278826155	trials	200719TX	p61	Z08115	66	21.0	2.0	1474.3464411286527	1474.5408423414408
1474.5967236258482	0.534441462582663	trials	200719TX	p61	Z08115	98	32.0	1.0	1474.7467236258483	1474.9811650884308
1475.047006434975	0.49444121303781685	trials	200719TX	p61	Z08115	65	21.0	1.0	1475.197006434975	1475.3914476480127
1475.4773291195786	0.5044012751745868	trials	200719TX	p61	Z08115	8	2.0	1.0	1475.6273291195787	1475.831730394753
1475.917611866319	0.49440121278826155	trials	200719TX	p61	Z08115	35	11.0	1.0	1476.067611866319	1476.2620130791072
1479.450033903627	0.5144013375606846	trials	200719TX	p61	Z08115	3	0.0	2.0	1479.600033903627	1479.8144352411875
1479.8803165879813	0.49440121278826155	trials	200719TX	p61	Z08115	42	13.0	2.0	1480.0303165879814	1480.2247178007694
1480.2805590849273	0.49444121303781685	trials	200719TX	p61	Z08115	12	3.0	2.0	1480.4305590849274	1480.625000297965
1480.6908816447585	0.49440121278826155	trials	200719TX	p61	Z08115	23	7.0	1.0	1480.8408816447586	1481.0352828575467
1481.1211643291128	0.5244414001963378	trials	200719TX	p61	Z08115	62	20.0	1.0	1481.271164329113	1481.495605729309
1481.571487138489	0.49440121278826155	trials	200719TX	p61	Z08115	1	0.0	0.0	1481.721487138489	1481.915888351277
1482.0117698852293	0.5244013999470098	trials	200719TX	p61	Z08115	100	33.0	0.0	1482.1617698852294	1482.3861712851763
1482.4520526319698	0.5044012751745868	trials	200719TX	p61	Z08115	61	20.0	0.0	1482.6020526319699	1482.8064539071443
1486.0344749812089	0.5144413378102399	trials	200719TX	p61	Z08115	90	29.0	2.0	1486.184474981209	1486.398916319019
1486.4547976034264	0.5344014623331077	trials	200719TX	p61	Z08115	0			1486.6047976034265	1486.8391990657594
1486.8950803501668	0.5244414001965652	trials	200719TX	p61	Z08115	17	5.0	1.0	1487.045080350167	1487.2695217503633
1487.3253630345212	0.534441462582663	trials	200719TX	p61	Z08115	53	17.0	1.0	1487.4753630345213	1487.7098044971037
1487.7756858438972	0.49440121278826155	trials	200719TX	p61	Z08115	104	34.0	1.0	1487.9256858438973	1488.1200870566854
1488.1759283408433	0.49444121303781685	trials	200719TX	p61	Z08115	120	39.0	2.0	1488.3259283408433	1488.520369553881
1488.5762508382884	0.5344014623331077	trials	200719TX	p61	Z08115	96	31.0	2.0	1488.7262508382885	1488.9606523006214
1489.0265336474151	0.49440121278826155	trials	200719TX	p61	Z08115	109	36.0	0.0	1489.1765336474152	1489.3709348602033
1492.518875434679	0.5044412754239147	trials	200719TX	p61	Z08115	56	18.0	1.0	1492.6688754346792	1492.873316710103
1492.9291979945103	0.49440121278826155	trials	200719TX	p61	Z08115	67	22.0	0.0	1493.0791979945104	1493.2735992072985
1493.3294404914564	0.5244414001963378	trials	200719TX	p61	Z08115	93	30.0	2.0	1493.4794404914564	1493.7038818916526
1493.7797633008327	0.4944012127880342	trials	200719TX	p61	Z08115	107	35.0	1.0	1493.9297633008327	1494.1241645136206
1494.180045798028	0.5044012751745868	trials	200719TX	p61	Z08115	31	10.0	0.0	1494.330045798028	1494.5344470732025
1494.6002884197464	0.4944412130380442	trials	200719TX	p61	Z08115	110	36.0	1.0	1494.7502884197465	1494.9447296327844
1495.000570916942	0.49440121278826155	trials	200719TX	p61	Z08115	0			1495.1505709169421	1495.3449721297302
1495.4108934767735	0.5244013999470098	trials	200719TX	p61	Z08115	46	15.0	0.0	1495.5608934767736	1495.7852948767204
1500.8745675623575	0.5144013375606846	trials	200719TX	p61	Z08115	111	36.0	2.0	1501.0245675623576	1501.238968899918
1501.3248903717335	0.5244013999470098	trials	200719TX	p61	Z08115	30	9.0	2.0	1501.4748903717336	1501.6992917716805
1501.7751731808603	0.49440121278826155	trials	200719TX	p61	Z08115	81	26.0	2.0	1501.9251731808604	1502.1195743936485
1502.1754556780559	0.534441462582663	trials	200719TX	p61	Z08115	34	11.0	0.0	1502.325455678056	1502.5598971406384
1502.625778487432	0.4944012127884889	trials	200719TX	p61	Z08115	83	27.0	1.0	1502.775778487432	1502.9701797002203
1503.0660612341726	0.49440121278826155	trials	200719TX	p61	Z08115	71	23.0	1.0	1503.2160612341727	1503.4104624469608
1503.4963839187762	0.49436121253870624	trials	200719TX	p61	Z08115	118	39.0	0.0	1503.6463839187763	1503.8407451313149
1503.926626602881	0.5044412754239147	trials	200719TX	p61	Z08115	87	28.0	2.0	1504.076626602881	1504.2810678783048
1507.4390485154165	0.5144013375606846	trials	200719TX	p61	Z08115	74	24.0	1.0	1507.5890485154166	1507.803449852977
1507.8693311997706	0.5244414001965652	trials	200719TX	p61	Z08115	57	18.0	2.0	1508.0193311997707	1508.243772599967
1508.299613884125	0.5244414001963378	trials	200719TX	p61	Z08115	103	34.0	0.0	1508.449613884125	1508.6740552843212
1508.749936693501	0.49440121278826155	trials	200719TX	p61	Z08115	54	17.0	2.0	1508.899936693501	1509.0943379062892
1509.150179190447	0.49444121303781685	trials	200719TX	p61	Z08115	5	1.0	1.0	1509.3001791904471	1509.4946204034848
1509.590501937437	0.5244414001965652	trials	200719TX	p61	Z08115	13	4.0	0.0	1509.740501937437	1509.9649433376335
1510.0307846841774	0.5044412754241421	trials	200719TX	p61	Z08115	92	30.0	1.0	1510.1807846841775	1510.3852259596015
1510.441107244009	0.5244013999467825	trials	200719TX	p61	Z08115	28	9.0	0.0	1510.591107244009	1510.8155086439556
1514.0935300299514	0.5044412754239147	trials	200719TX	p61	Z08115	117	38.0	2.0	1514.2435300299514	1514.4479713053752
1514.503812589533	0.4944412130380442	trials	200719TX	p61	Z08115	51	16.0	2.0	1514.6538125895331	1514.848253802571
1514.9441353365232	0.5244414001963378	trials	200719TX	p61	Z08115	59	19.0	1.0	1515.0941353365233	1515.3185767367195
1515.4044582082856	0.534441462582663	trials	200719TX	p61	Z08115	20	6.0	1.0	1515.5544582082857	1515.7888996708682
1515.8547410174122	0.49444121303781685	trials	200719TX	p61	Z08115	114	37.0	2.0	1516.0047410174122	1516.1991822304499
1516.2550235146077	0.5044012751745868	trials	200719TX	p61	Z08115	112	37.0	0.0	1516.4050235146078	1516.6094247897822
1516.6653060741896	0.5244414001963378	trials	200719TX	p61	Z08115	37	12.0	0.0	1516.8153060741897	1517.0397474743859
1517.1156288835657	0.49440121278826155	trials	200719TX	p61	Z08115	101	33.0	1.0	1517.2656288835658	1517.4600300963539
1521.1883742917257	0.5144013375606846	trials	200719TX	p61	Z08115	60	19.0	2.0	1521.3383742917258	1521.5527756292863
1521.6086569136937	0.4944012127884889	trials	200719TX	p61	Z08115	86	28.0	1.0	1521.7586569136938	1521.9530581264821
1524.5006349555388	0.5144013375606846	trials	200719TX	p61	Z08115	89	29.0	1.0	1524.6506349555389	1524.8650362930994
1524.9309176398929	0.5244414001965652	trials	200719TX	p61	Z08115	80	26.0	1.0	1525.080917639893	1525.3053590400893
1525.3712003866333	0.49444121303781685	trials	200719TX	p61	Z08115	48	15.0	2.0	1525.5212003866334	1525.715641599671
1525.7714828838289	0.5044412754241421	trials	200719TX	p61	Z08115	116	38.0	1.0	1525.921482883829	1526.125924159253
1526.2118056308188	0.49440121278826155	trials	200719TX	p61	Z08115	44	14.0	1.0	1526.361805630819	1526.556206843607
1526.6120481277649	0.49440121278826155	trials	200719TX	p61	Z08115	38	12.0	1.0	1526.762048127765	1526.956449340553
1527.0323307497329	0.5244414001965652	trials	200719TX	p61	Z08115	36	11.0	2.0	1527.182330749733	1527.4067721499293
1527.4626534343367	0.49440121278826155	trials	200719TX	p61	Z08115	22	7.0	0.0	1527.6126534343368	1527.807054647125
1530.8649546598751	0.5044012751743594	trials	200719TX	p61	Z08115	76	25.0	0.0	1531.0149546598752	1531.2193559350494
1531.2952373442295	0.5244414001963378	trials	200719TX	p61	Z08115	33	10.0	2.0	1531.4452373442296	1531.6696787444257
1531.7455601536055	0.5244013999470098	trials	200719TX	p61	Z08115	41	13.0	1.0	1531.8955601536056	1532.1199615535525
1532.1958429627323	0.49444121303781685	trials	200719TX	p61	Z08115	11	3.0	1.0	1532.3458429627324	1532.54028417577
1532.5961254599279	0.5044012751743594	trials	200719TX	p61	Z08115	16	5.0	0.0	1532.746125459928	1532.9505267351021
1533.0364082066683	0.5244414001963378	trials	200719TX	p61	Z08115	75	24.0	2.0	1533.1864082066684	1533.4108496068645
1533.4766909534087	0.5244814004458931	trials	200719TX	p61	Z08115	27	8.0	2.0	1533.6266909534088	1533.8511723538545
1533.9170137003987	0.49440121278826155	trials	200719TX	p61	Z08115	47	15.0	1.0	1534.0670137003988	1534.2614149131869
1537.5094761122734	0.5044012751743594	trials	200719TX	p61	Z08115	45	14.0	2.0	1537.6594761122735	1537.8638773874477
1537.9397587966275	0.5244414001965652	trials	200719TX	p61	Z08115	32	10.0	1.0	1538.0897587966276	1538.314200196824
1538.4000816683902	0.5344014623331077	trials	200719TX	p61	Z08115	25	8.0	0.0	1538.5500816683902	1538.7844831307232
1538.8504044777662	0.5344014623331077	trials	200719TX	p61	Z08115	14	4.0	1.0	1539.0004044777663	1539.2348059400992
1539.300687286893	0.49440121278826155	trials	200719TX	p61	Z08115	77	25.0	1.0	1539.450687286893	1539.6450884996812
1539.7109698464747	0.49440121278826155	trials	200719TX	p61	Z08115	40	13.0	0.0	1539.8609698464747	1540.0553710592628
1540.1312524684427	0.5244414001965652	trials	200719TX	p61	Z08115	26	8.0	1.0	1540.2812524684427	1540.5056938686391
1540.571535215183	0.49440121278826155	trials	200719TX	p61	Z08115	0			1540.7215352151832	1540.9159364279712
1544.1439575020358	0.5144413378102399	trials	200719TX	p61	Z08115	97	32.0	0.0	1544.293957502036	1544.508398839846
1544.5742801866397	0.49440121278826155	trials	200719TX	p61	Z08115	91	30.0	0.0	1544.7242801866398	1544.918681399428
1545.0045628709938	0.49440121278826155	trials	200719TX	p61	Z08115	94	31.0	0.0	1545.154562870994	1545.348964083782
1545.4148454305757	0.49440121278826155	trials	200719TX	p61	Z08115	29	9.0	1.0	1545.5648454305758	1545.759246643364
1545.8451281149298	0.49440121278826155	trials	200719TX	p61	Z08115	84	27.0	2.0	1545.99512811493	1546.189529327718
1546.2554106745117	0.5244414001963378	trials	200719TX	p61	Z08115	68	22.0	1.0	1546.4054106745118	1546.629852074708
1546.6956934212521	0.534441462582663	trials	200719TX	p61	Z08115	79	26.0	0.0	1546.8456934212522	1547.0801348838347
1547.1460162306282	0.49440121278826155	trials	200719TX	p61	Z08115	69	22.0	2.0	1547.2960162306283	1547.4904174434164
1550.6083578307337	0.5144013375606846	trials	200719TX	p61	Z08115	88	29.0	0.0	1550.7583578307338	1550.9727591682943
1551.0586806401097	0.49440121278826155	trials	200719TX	p61	Z08115	105	34.0	2.0	1551.2086806401098	1551.403081852898
1551.4989633868502	0.49440121278826155	trials	200719TX	p61	Z08115	70	23.0	0.0	1551.6489633868503	1551.8433645996383
1551.8992458840457	0.5044012751745868	trials	200719TX	p61	Z08115	2	0.0	1.0	1552.0492458840458	1552.2536471592202
1552.3395286307862	0.5244414001965652	trials	200719TX	p61	Z08115	21	6.0	2.0	1552.4895286307863	1552.7139700309826
1552.809851564935	0.5244414001963378	trials	200719TX	p61	Z08115	99	32.0	2.0	1552.959851564935	1553.1842929651311
1553.2601743743112	0.5244414001963378	trials	200719TX	p61	Z08115	63	20.0	2.0	1553.4101743743113	1553.6346157745074
1553.7004571210514	0.5044412754241421	trials	200719TX	p61	Z08115	9	2.0	2.0	1553.8504571210515	1554.0548983964754
1557.5330810311937	0.49440121278826155	trials	200719TX	p61	Z08115	52	17.0	0.0	1557.6830810311938	1557.8774822439818
1557.9433635907756	0.5244013999467825	trials	200719TX	p61	Z08115	18	5.0	2.0	1558.0933635907757	1558.3177649907223
1558.3936864001516	0.49436121253870624	trials	200719TX	p61	Z08115	72	23.0	2.0	1558.5436864001517	1558.7380476126903
1558.823969084506	0.5244013999467825	trials	200719TX	p61	Z08115	108	35.0	2.0	1558.973969084506	1559.1983704844527
1559.2742518936325	0.49440121278826155	trials	200719TX	p61	Z08115	15	4.0	2.0	1559.4242518936326	1559.6186531064207
1559.674534390828	0.5244414001965652	trials	200719TX	p61	Z08115	78	25.0	2.0	1559.8245343908281	1560.0489757910245
1560.1148171375685	0.4944012127884889	trials	200719TX	p61	Z08115	95	31.0	1.0	1560.2648171375686	1560.4592183503569
1560.5451398221724	0.5344014623331077	trials	200719TX	p61	Z08115	113	37.0	1.0	1560.6951398221725	1560.9295412845054
1566.0688942825727	0.5044012751745868	trials	200719TX	p61	Z08115	4	1.0	0.0	1566.2188942825728	1566.4232955577472
1566.4791768421546	0.5044012751743594	trials	200719TX	p61	Z08115	7	2.0	0.0	1566.6291768421547	1566.833578117329
1566.899419463873	0.4944412130375895	trials	200719TX	p61	Z08115	85	28.0	0.0	1567.0494194638732	1567.2438606769106
1567.2997019610684	0.5044412754241421	trials	200719TX	p61	Z08115	115	38.0	0.0	1567.4497019610685	1567.6541432364925
1567.739984707809	0.5244414001963378	trials	200719TX	p61	Z08115	24	7.0	2.0	1567.8899847078092	1568.1144261080053
1568.1903075171851	0.49440121278826155	trials	200719TX	p61	Z08115	106	35.0	0.0	1568.3403075171852	1568.5347087299733
1568.5905900143807	0.534441462582663	trials	200719TX	p61	Z08115	64	21.0	0.0	1568.7405900143808	1568.9750314769633
1569.040912823757	0.49440121278826155	trials	200719TX	p61	Z08115	19	6.0	0.0	1569.1909128237571	1569.3853140365452
1574.0042637880338	0.5144013375606846	trials	200719TX	p61	Z08115	119	39.0	1.0	1574.1542637880339	1574.3686651255944
1574.4245464100018	0.5044012751743594	trials	200719TX	p61	Z08115	82	27.0	0.0	1574.5745464100019	1574.778947685176
1574.8448290319698	0.49440121278826155	trials	200719TX	p61	Z08115	43	14.0	0.0	1574.9948290319699	1575.189230244758
1575.2451115291651	0.49440121278826155	trials	200719TX	p61	Z08115	73	24.0	0.0	1575.3951115291652	1575.5895127419533
1575.655394088747	0.5244414001963378	trials	200719TX	p61	Z08115	66	21.0	2.0	1575.805394088747	1576.0298354889433
1576.085676773101	0.4944012127884889	trials	200719TX	p61	Z08115	0			1576.2356767731012	1576.4300779858895
1576.5159594574554	0.534441462582663	trials	200719TX	p61	Z08115	22	7.0	0.0	1576.6659594574555	1576.900400920038
1576.9862823916042	0.534441462582663	trials	200719TX	p61	Z08115	20	6.0	1.0	1577.1362823916043	1577.3707238541867
1580.9289869884938	0.5144013375606846	trials	200719TX	p61	Z08115	104	34.0	1.0	1581.0789869884939	1581.2933883260544
1583.9009655294285	0.5044412754239147	trials	200719TX	p61	Z08115	110	36.0	1.0	1584.0509655294286	1584.2554068048523
1586.6828628845258	0.49440121278826155	trials	200719TX	p61	Z08115	28	9.0	0.0	1586.8328628845259	1587.027264097314
1589.1745584291752	0.5144413378102399	trials	200719TX	p61	Z08115	112	37.0	0.0	1589.3245584291753	1589.5389997669854
1589.604881113779	0.49440121278826155	trials	200719TX	p61	Z08115	19	6.0	0.0	1589.754881113779	1589.949282326567
1590.0351637981332	0.5244414001963378	trials	200719TX	p61	Z08115	13	4.0	0.0	1590.1851637981333	1590.4096051983295
1590.5054867322817	0.49440121278826155	trials	200719TX	p61	Z08115	96	31.0	2.0	1590.6554867322818	1590.84988794507
1590.9057292292277	0.5244414001965652	trials	200719TX	p61	Z08115	43	14.0	0.0	1591.0557292292278	1591.2801706294242
1591.3460519762177	0.5044012751745868	trials	200719TX	p61	Z08115	6	1.0	2.0	1591.4960519762178	1591.7004532513922
1591.7863347229581	0.4944012127884889	trials	200719TX	p61	Z08115	118	39.0	0.0	1591.9363347229582	1592.1307359357465
1592.1866172201537	0.5044012751745868	trials	200719TX	p61	Z08115	17	5.0	1.0	1592.3366172201538	1592.5410184953282
1595.7590395070065	0.5044012751745868	trials	200719TX	p61	Z08115	70	23.0	0.0	1595.9090395070066	1596.113440782181
1596.1693220665884	0.534441462582663	trials	200719TX	p61	Z08115	98	32.0	1.0	1596.3193220665885	1596.553763529171
1596.639645000737	0.5344414625828904	trials	200719TX	p61	Z08115	39	12.0	2.0	1596.789645000737	1597.0240864633197
1597.0899678101132	0.5344014623331077	trials	200719TX	p61	Z08115	27	8.0	2.0	1597.2399678101133	1597.4743692724462
1597.54025061924	0.534441462582663	trials	200719TX	p61	Z08115	41	13.0	1.0	1597.69025061924	1597.9246920818225
1598.0105735533884	0.534441462582663	trials	200719TX	p61	Z08115	24	7.0	2.0	1598.1605735533885	1598.395015015971
1598.4808964875372	0.49440121278826155	trials	200719TX	p61	Z08115	79	26.0	0.0	1598.6308964875373	1598.8252977003253
1598.8811789847327	0.5244013999467825	trials	200719TX	p61	Z08115	9	2.0	2.0	1599.0311789847328	1599.2555803846794
1602.2934802726572	0.5044012751745868	trials	200719TX	p61	Z08115	86	28.0	1.0	1602.4434802726573	1602.6478815478317
1602.7238029572611	0.49436121253870624	trials	200719TX	p61	Z08115	120	39.0	2.0	1602.8738029572612	1603.0681641697997
1603.1340455165932	0.5244414001965652	trials	200719TX	p61	Z08115	30	9.0	2.0	1603.2840455165933	1603.5084869167897
1603.5743682635832	0.49440121278826155	trials	200719TX	p61	Z08115	47	15.0	1.0	1603.7243682635833	1603.9187694763714
1604.0146510103236	0.4944012127884889	trials	200719TX	p61	Z08115	115	38.0	0.0	1604.1646510103237	1604.359052223112
1604.4149335075192	0.534441462582663	trials	200719TX	p61	Z08115	25	8.0	0.0	1604.5649335075193	1604.7993749701018
1604.865216316646	0.49444121303781685	trials	200719TX	p61	Z08115	0			1605.015216316646	1605.2096575296837
1605.2955390012498	0.5044012751743594	trials	200719TX	p61	Z08115	106	35.0	0.0	1605.44553900125	1605.649940276424
1609.248203660276	0.5144413378102399	trials	200719TX	p61	Z08115	21	6.0	2.0	1609.398203660276	1609.6126449980861
1609.6985264696523	0.49440121278826155	trials	200719TX	p61	Z08115	117	38.0	2.0	1609.8485264696524	1610.0429276824404
1613.8713525021735	0.5044012751745868	trials	200719TX	p61	Z08115	78	25.0	2.0	1614.0213525021736	1614.225753777348
1614.2816350617554	0.5244414001963378	trials	200719TX	p61	Z08115	75	24.0	2.0	1614.4316350617555	1614.6560764619517
1614.7319578711317	0.4944012127880342	trials	200719TX	p61	Z08115	5	1.0	1.0	1614.8819578711318	1615.0763590839197
1615.172240617872	0.4944012127884889	trials	200719TX	p61	Z08115	73	24.0	0.0	1615.322240617872	1615.5166418306603
1617.3136939775065	0.5044012751743594	trials	200719TX	p61	Z08115	62	20.0	1.0	1617.4636939775066	1617.6680952526808
1617.7440166621102	0.49436121253870624	trials	200719TX	p61	Z08115	91	30.0	0.0	1617.8940166621103	1618.0883778746488
1618.1842994088506	0.5244013999470098	trials	200719TX	p61	Z08115	8	2.0	1.0	1618.3342994088507	1618.5587008087975
1618.6445822803635	0.5344414625828904	trials	200719TX	p61	Z08115	119	39.0	1.0	1618.7945822803636	1619.0290237429463
1619.0949050897398	0.49440121278826155	trials	200719TX	p61	Z08115	53	17.0	1.0	1619.2449050897399	1619.439306302528
1619.5051876493217	0.5244013999467825	trials	200719TX	p61	Z08115	67	22.0	0.0	1619.6551876493218	1619.8795890492684
1619.9555104586977	0.49440121278826155	trials	200719TX	p61	Z08115	1	0.0	0.0	1620.1055104586978	1620.299911671486
1620.3557529556438	0.49440121278826155	trials	200719TX	p61	Z08115	97	32.0	0.0	1620.5057529556439	1620.700154168432
1623.9582154299046	0.5044012751745868	trials	200719TX	p61	Z08115	111	36.0	2.0	1624.1082154299047	1624.312616705079
1624.3684979894865	0.49440121278826155	trials	200719TX	p61	Z08115	40	13.0	0.0	1624.5184979894866	1624.7128992022747
1624.7987806738408	0.534441462582663	trials	200719TX	p61	Z08115	64	21.0	0.0	1624.948780673841	1625.1832221364234
1625.2390634205813	0.49440121278826155	trials	200719TX	p61	Z08115	101	33.0	1.0	1625.3890634205814	1625.5834646333694
1625.669386105185	0.5044012751745868	trials	200719TX	p61	Z08115	102	33.0	2.0	1625.819386105185	1626.0237873803594
1626.1096688519253	0.5244414001965652	trials	200719TX	p61	Z08115	23	7.0	1.0	1626.2596688519254	1626.4841102521218
1626.579991786074	0.5244414001963378	trials	200719TX	p61	Z08115	89	29.0	1.0	1626.7299917860742	1626.9544331862703
1627.0303145954504	0.5244013999467825	trials	200719TX	p61	Z08115	52	17.0	0.0	1627.1803145954505	1627.404715995397
1630.512656320328	0.5244414001963378	trials	200719TX	p61	Z08115	37	12.0	0.0	1630.662656320328	1630.8870977205243
1630.942939004682	0.49444121303781685	trials	200719TX	p61	Z08115	46	15.0	0.0	1631.0929390046822	1631.2873802177198
1631.3732216890364	0.534441462582663	trials	200719TX	p61	Z08115	81	26.0	2.0	1631.5232216890365	1631.757663151619
1631.8235444984125	0.5344414625828904	trials	200719TX	p61	Z08115	55	18.0	0.0	1631.9735444984126	1632.2079859609953
1632.2738673077888	0.534441462582663	trials	200719TX	p61	Z08115	56	18.0	1.0	1632.423867307789	1632.6583087703714
1632.724190117165	0.5044012751743594	trials	200719TX	p61	Z08115	105	34.0	2.0	1632.8741901171652	1633.0785913923394
1633.1344326764972	0.5244414001965652	trials	200719TX	p61	Z08115	29	9.0	1.0	1633.2844326764973	1633.5088740766937
1633.604755610646	0.5244414001963378	trials	200719TX	p61	Z08115	14	4.0	1.0	1633.754755610646	1633.9791970108422
1637.2472183344516	0.5144413378102399	trials	200719TX	p61	Z08115	109	36.0	0.0	1637.3972183344517	1637.6116596722618
1637.697541143828	0.5044012751745868	trials	200719TX	p61	Z08115	69	22.0	2.0	1637.847541143828	1638.0519424190024
1638.1378238905684	0.5244414001965652	trials	200719TX	p61	Z08115	84	27.0	2.0	1638.2878238905685	1638.5122652907648
1638.6081868249667	0.5244013999467825	trials	200719TX	p61	Z08115	116	38.0	1.0	1638.7581868249667	1638.9825882249133
1639.0584696340932	0.5244414001965652	trials	200719TX	p61	Z08115	7	2.0	0.0	1639.2084696340933	1639.4329110342896
1639.4987523808336	0.49440121278826155	trials	200719TX	p61	Z08115	44	14.0	1.0	1639.6487523808337	1639.8431535936218
1639.9390751278236	0.49440121278826155	trials	200719TX	p61	Z08115	49	16.0	0.0	1640.0890751278237	1640.2834763406117
1640.369357812178	0.49440121278826155	trials	200719TX	p61	Z08115	99	32.0	2.0	1640.519357812178	1640.713759024966
1644.1319012851175	0.5144413378102399	trials	200719TX	p61	Z08115	26	8.0	1.0	1644.2819012851176	1644.4963426229276
1644.5521839070855	0.5044412754239147	trials	200719TX	p61	Z08115	45	14.0	2.0	1644.7021839070856	1644.9066251825093
1644.9724665290535	0.49444121303781685	trials	200719TX	p61	Z08115	113	37.0	1.0	1645.1224665290536	1645.3169077420912
1645.4027892136571	0.5044012751745868	trials	200719TX	p61	Z08115	0			1645.5527892136572	1645.7571904888316
1645.8430719603975	0.4944012127884889	trials	200719TX	p61	Z08115	3	0.0	2.0	1645.9930719603976	1646.187473173186
1646.2433544575931	0.49440121278826155	trials	200719TX	p61	Z08115	32	10.0	1.0	1646.3933544575932	1646.5877556703813
1646.6836372043335	0.5244414001965652	trials	200719TX	p61	Z08115	15	4.0	2.0	1646.8336372043336	1647.05807860453
1647.1239599513237	0.5044012751743594	trials	200719TX	p61	Z08115	85	28.0	0.0	1647.2739599513238	1647.478361226498
1650.50622105184	0.5044412754241421	trials	200719TX	p61	Z08115	60	19.0	2.0	1650.65622105184	1650.860662327264
1650.9465437988301	0.4944012127880342	trials	200719TX	p61	Z08115	57	18.0	2.0	1651.0965437988302	1651.290945011618
1651.346786295776	0.5244814004461205	trials	200719TX	p61	Z08115	51	16.0	2.0	1651.496786295776	1651.721267696222
1655.819854201381	0.514401337560912	trials	200719TX	p61	Z08115	48	15.0	2.0	1655.9698542013812	1656.184255538942
1658.2915496212581	0.5044012751745868	trials	200719TX	p61	Z08115	100	33.0	0.0	1658.4415496212582	1658.6459508964326
1658.70183218084	0.4944012127880342	trials	200719TX	p61	Z08115	58	19.0	0.0	1658.8518321808401	1659.046233393628
1659.1120747401721	0.5244414001965652	trials	200719TX	p61	Z08115	94	31.0	0.0	1659.2620747401722	1659.4865161403686
1659.5623975495482	0.4944012127884889	trials	200719TX	p61	Z08115	65	21.0	1.0	1659.7123975495483	1659.9067987623366
1659.9926802339025	0.49440121278826155	trials	200719TX	p61	Z08115	95	31.0	1.0	1660.1426802339026	1660.3370814466907
1660.4230029185064	0.49436121253870624	trials	200719TX	p61	Z08115	72	23.0	2.0	1660.5730029185065	1660.767364131045
1660.8332454778385	0.5244414001965652	trials	200719TX	p61	Z08115	38	12.0	1.0	1660.9832454778386	1661.207686878035
1661.273528224579	0.5044412754241421	trials	200719TX	p61	Z08115	0			1661.423528224579	1661.627969500003
1664.8860307614757	0.49440121278826155	trials	200719TX	p61	Z08115	35	11.0	1.0	1665.0360307614758	1665.2304319742639
1665.296273320808	0.49444121303781685	trials	200719TX	p61	Z08115	33	10.0	2.0	1665.4462733208081	1665.6407145338458
1665.6965558180036	0.5244414001963378	trials	200719TX	p61	Z08115	59	19.0	1.0	1665.8465558180037	1666.0709972181999
1666.1468786273797	0.5244414001965652	trials	200719TX	p61	Z08115	77	25.0	1.0	1666.2968786273798	1666.5213200275762
1666.6172015615284	0.49440121278826155	trials	200719TX	p61	Z08115	82	27.0	0.0	1666.7672015615285	1666.9616027743166
1667.0474842458825	0.5344414625828904	trials	200719TX	p61	Z08115	18	5.0	2.0	1667.1974842458826	1667.4319257084653
1667.4977670550093	0.534441462582663	trials	200719TX	p61	Z08115	71	23.0	1.0	1667.6477670550094	1667.8822085175918
1667.9580899267717	0.5244414001963378	trials	200719TX	p61	Z08115	10	3.0	0.0	1668.1080899267718	1668.332531326968
1671.520512151238	0.5044412754241421	trials	200719TX	p61	Z08115	50	16.0	1.0	1671.6705121512382	1671.8749534266622
1671.950834835842	0.49440121278826155	trials	200719TX	p61	Z08115	76	25.0	0.0	1672.100834835842	1672.2952360486302
1672.3811175201963	0.5044012751743594	trials	200719TX	p61	Z08115	108	35.0	2.0	1672.5311175201964	1672.7355187953706
1672.8214002669367	0.5244414001963378	trials	200719TX	p61	Z08115	11	3.0	1.0	1672.9714002669368	1673.195841667133
1673.2717230763128	0.5244013999470098	trials	200719TX	p61	Z08115	88	29.0	0.0	1673.421723076313	1673.6461244762597
1673.7220058854396	0.49440121278826155	trials	200719TX	p61	Z08115	36	11.0	2.0	1673.8720058854396	1674.0664070982277
1674.1523285700432	0.4944012127884889	trials	200719TX	p61	Z08115	31	10.0	0.0	1674.3023285700433	1674.4967297828316
1674.5625711293756	0.5244414001963378	trials	200719TX	p61	Z08115	34	11.0	0.0	1674.7125711293756	1674.9370125295718
1678.074993041911	0.5044012751743594	trials	200719TX	p61	Z08115	107	35.0	1.0	1678.2249930419111	1678.4293943170853
1678.4952356636295	0.5244414001963378	trials	200719TX	p61	Z08115	63	20.0	2.0	1678.6452356636296	1678.8696770638257
1678.9455584730056	0.5244414001965652	trials	200719TX	p61	Z08115	92	30.0	1.0	1679.0955584730057	1679.319999873202
1679.385841219746	0.5044412754241421	trials	200719TX	p61	Z08115	61	20.0	0.0	1679.535841219746	1679.74028249517
1679.8261639667362	0.4944012127880342	trials	200719TX	p61	Z08115	80	26.0	1.0	1679.9761639667363	1680.1705651795241
1680.2564466510903	0.5044412754241421	trials	200719TX	p61	Z08115	83	27.0	1.0	1680.4064466510904	1680.6108879265144
1680.6667292106722	0.4944012127880342	trials	200719TX	p61	Z08115	114	37.0	2.0	1680.8167292106723	1681.0111304234601
1681.0670117078676	0.49440121278826155	trials	200719TX	p61	Z08115	90	29.0	2.0	1681.2170117078676	1681.4114129206557
1684.5193532455867	0.5044012751745868	trials	200719TX	p61	Z08115	54	17.0	2.0	1684.6693532455868	1684.8737545207612
1684.9296358051683	0.5244414001965652	trials	200719TX	p61	Z08115	4	1.0	0.0	1685.0796358051684	1685.3040772053648
1685.3599184895227	0.49440121278826155	trials	200719TX	p61	Z08115	74	24.0	1.0	1685.5099184895228	1685.7043197023108
1685.7702010491043	0.5244414001965652	trials	200719TX	p61	Z08115	16	5.0	0.0	1685.9202010491044	1686.1446424493008
1686.2005237337082	0.5244013999470098	trials	200719TX	p61	Z08115	12	3.0	2.0	1686.3505237337083	1686.5749251336551
1686.650806542835	0.49440121278826155	trials	200719TX	p61	Z08115	103	34.0	0.0	1686.800806542835	1686.9952077556231
1687.051049039781	0.5044412754239147	trials	200719TX	p61	Z08115	68	22.0	1.0	1687.201049039781	1687.4054903152048
1687.491371786771	0.49440121278826155	trials	200719TX	p61	Z08115	42	13.0	2.0	1687.641371786771	1687.8357729995591
1691.1238344481906	0.5044412754239147	trials	200719TX	p61	Z08115	93	30.0	2.0	1691.2738344481907	1691.4782757236144
1691.5341170077722	0.49440121278826155	trials	200719TX	p61	Z08115	87	28.0	2.0	1691.6841170077723	1691.8785182205604
1691.9543996297402	0.5344414625828904	trials	200719TX	p61	Z08115	2	0.0	1.0	1692.1043996297403	1692.338841092323
1692.3947223767302	0.5244013999470098	trials	200719TX	p61	Z08115	113	37.0	1.0	1692.5447223767303	1692.7691237766771
1692.8550052482433	0.5044412754239147	trials	200719TX	p61	Z08115	95	31.0	1.0	1693.0050052482434	1693.209446523667
1693.2952879949837	0.5244814004458931	trials	200719TX	p61	Z08115	39	12.0	2.0	1693.4452879949838	1693.6697693954295
1693.755610866746	0.5044412754239147	trials	200719TX	p61	Z08115	86	28.0	1.0	1693.9056108667462	1694.11005214217
1694.1659334265773	0.5244013999470098	trials	200719TX	p61	Z08115	20	6.0	1.0	1694.3159334265774	1694.5403348265243
1697.8183962127696	0.4944012127880342	trials	200719TX	p61	Z08115	103	34.0	0.0	1697.9683962127697	1698.1627974255575
1698.2286787723513	0.49440121278826155	trials	200719TX	p61	Z08115	57	18.0	2.0	1698.3786787723513	1698.5730799851394
1698.6589614567054	0.534441462582663	trials	200719TX	p61	Z08115	11	3.0	1.0	1698.8089614567054	1699.043402919288
1699.129284390854	0.534441462582663	trials	200719TX	p61	Z08115	117	38.0	2.0	1699.2792843908542	1699.5137258534367
1699.5695671375945	0.5144413378102399	trials	200719TX	p61	Z08115	94	31.0	0.0	1699.7195671375946	1699.9340084754047
1700.0098898845845	0.49440121278826155	trials	200719TX	p61	Z08115	38	12.0	1.0	1700.1598898845846	1700.3542910973727
1700.4201724441664	0.4944012127880342	trials	200719TX	p61	Z08115	78	25.0	2.0	1700.5701724441665	1700.7645736569543
1700.830455003748	0.5344014623331077	trials	200719TX	p61	Z08115	35	11.0	1.0	1700.9804550037481	1701.214856466081
1704.5229580397345	0.5044012751745868	trials	200719TX	p61	Z08115	61	20.0	0.0	1704.6729580397346	1704.877359314909
1704.9332405993164	0.49440121278826155	trials	200719TX	p61	Z08115	119	39.0	1.0	1705.0832405993165	1705.2776418121045
1705.3334830962624	0.5244414001965652	trials	200719TX	p61	Z08115	24	7.0	2.0	1705.4834830962625	1705.7079244964589
1705.7838059056385	0.5244414001965652	trials	200719TX	p61	Z08115	89	29.0	1.0	1705.9338059056386	1706.158247305835
1706.2340887147652	0.5244414001965652	trials	200719TX	p61	Z08115	116	38.0	1.0	1706.3840887147653	1706.6085301149617
1706.6744114617552	0.49440121278826155	trials	200719TX	p61	Z08115	31	10.0	0.0	1706.8244114617553	1707.0188126745434
1707.0746939589508	0.5244013999470098	trials	200719TX	p61	Z08115	58	19.0	0.0	1707.2246939589509	1707.4490953588977
1707.5249767680775	0.5344414625824356	trials	200719TX	p61	Z08115	67	22.0	0.0	1707.6749767680776	1707.9094182306599
1713.2188522897923	0.5044012751743594	trials	200719TX	p61	Z08115	75	24.0	2.0	1713.3688522897924	1713.5732535649665
1713.629134849374	0.49440121278826155	trials	200719TX	p61	Z08115	100	33.0	0.0	1713.779134849374	1713.973536062162
1714.0394174089556	0.5044012751745868	trials	200719TX	p61	Z08115	60	19.0	2.0	1714.1894174089557	1714.39381868413
1714.4496999685375	0.49440121278826155	trials	200719TX	p61	Z08115	62	20.0	1.0	1714.5996999685376	1714.7941011813257
1714.8799826528916	0.5344414625828904	trials	200719TX	p61	Z08115	92	30.0	1.0	1715.0299826528917	1715.2644241154744
1715.3503055870403	0.5244414001965652	trials	200719TX	p61	Z08115	45	14.0	2.0	1715.5003055870404	1715.7247469872368
1715.8006283964166	0.49440121278826155	trials	200719TX	p61	Z08115	53	17.0	1.0	1715.9506283964167	1716.1450296092048
1716.2108709557488	0.5244414001965652	trials	200719TX	p61	Z08115	0			1716.3608709557489	1716.5853123559452
1719.753293055443	0.5144013375606846	trials	200719TX	p61	Z08115	106	35.0	0.0	1719.903293055443	1720.1176943930036
1720.2036158648193	0.4944012127880342	trials	200719TX	p61	Z08115	3	0.0	2.0	1720.3536158648194	1720.5480170776073
1720.6438986115595	0.5244414001965652	trials	200719TX	p61	Z08115	1	0.0	0.0	1720.7938986115596	1721.018340011756
1721.0942214209358	0.5244013999467825	trials	200719TX	p61	Z08115	47	15.0	1.0	1721.244221420936	1721.4686228208825
1721.5345041676762	0.49440121278826155	trials	200719TX	p61	Z08115	76	25.0	0.0	1721.6845041676763	1721.8789053804644
1721.9747869144167	0.49444121303781685	trials	200719TX	p61	Z08115	44	14.0	1.0	1722.1247869144167	1722.3192281274544
1722.4051095990203	0.4944012127884889	trials	200719TX	p61	Z08115	82	27.0	0.0	1722.5551095990204	1722.7495108118087
1722.8153921586022	0.49440121278826155	trials	200719TX	p61	Z08115	70	23.0	0.0	1722.9653921586023	1723.1597933713904
1726.8180971298093	0.5144013375606846	trials	200719TX	p61	Z08115	15	4.0	2.0	1726.9680971298094	1727.18249846737
1727.2383797517773	0.5044012751743594	trials	200719TX	p61	Z08115	0			1727.3883797517774	1727.5927810269516
1727.648662311359	0.5244414001965652	trials	200719TX	p61	Z08115	43	14.0	0.0	1727.798662311359	1728.0231037115554
1728.0889450580994	0.534441462582663	trials	200719TX	p61	Z08115	13	4.0	0.0	1728.2389450580995	1728.473386520682
1733.7528203926554	0.5044012751745868	trials	200719TX	p61	Z08115	10	3.0	0.0	1733.9028203926555	1734.10722166783
1734.1731030146234	0.5244414001965652	trials	200719TX	p61	Z08115	27	8.0	2.0	1734.3231030146235	1734.5475444148199
1734.6033856989777	0.5244414001965652	trials	200719TX	p61	Z08115	6	1.0	2.0	1734.7533856989778	1734.9778270991742
1735.053708508354	0.5344014623331077	trials	200719TX	p61	Z08115	36	11.0	2.0	1735.203708508354	1735.438109970687
1735.5039913174805	0.49440121278826155	trials	200719TX	p61	Z08115	29	9.0	1.0	1735.6539913174806	1735.8483925302687
1735.9342740018349	0.49440121278826155	trials	200719TX	p61	Z08115	7	2.0	0.0	1736.084274001835	1736.278675214623
1736.3745967488248	0.49440121278826155	trials	200719TX	p61	Z08115	56	18.0	1.0	1736.524596748825	1736.718997961613
1736.7748792460204	0.49440121278826155	trials	200719TX	p61	Z08115	25	8.0	0.0	1736.9248792460205	1737.1192804588086
1738.966332917586	0.5044412754239147	trials	200719TX	p61	Z08115	99	32.0	2.0	1739.116332917586	1739.3207741930098
1739.386615539554	0.49444121303781685	trials	200719TX	p61	Z08115	49	16.0	0.0	1739.536615539554	1739.7310567525917
1739.7968980991357	0.5044412754241421	trials	200719TX	p61	Z08115	107	35.0	1.0	1739.9468980991358	1740.1513393745597
1740.2071806587173	0.4944012127884889	trials	200719TX	p61	Z08115	17	5.0	1.0	1740.3571806587174	1740.5515818715057
1740.6374633430717	0.49444121303781685	trials	200719TX	p61	Z08115	16	5.0	0.0	1740.7874633430717	1740.9819045561094
1743.0491183883817	0.5144413378104673	trials	200719TX	p61	Z08115	104	34.0	1.0	1743.1991183883817	1743.413559726192
1743.4794410729855	0.49440121278826155	trials	200719TX	p61	Z08115	5	1.0	1.0	1743.6294410729856	1743.8238422857737
1743.919723819726	0.5244414001965652	trials	200719TX	p61	Z08115	19	6.0	0.0	1744.069723819726	1744.2941652199224
1744.3700066288525	0.5244414001965652	trials	200719TX	p61	Z08115	81	26.0	2.0	1744.5200066288526	1744.744448029049
1744.8403295630012	0.5244414001965652	trials	200719TX	p61	Z08115	54	17.0	2.0	1744.9903295630013	1745.2147709631977
1745.2906523723773	0.5244414001965652	trials	200719TX	p61	Z08115	96	31.0	2.0	1745.4406523723774	1745.6650937725738
1745.740935181504	0.5244414001965652	trials	200719TX	p61	Z08115	28	9.0	0.0	1745.8909351815041	1746.1153765817005
1746.181257928494	0.5244414001965652	trials	200719TX	p61	Z08115	50	16.0	1.0	1746.331257928494	1746.5556993286905
1749.7436401527111	0.5044412754239147	trials	200719TX	p61	Z08115	84	27.0	2.0	1749.8936401527112	1750.098081428135
1750.1539627125424	0.534441462582663	trials	200719TX	p61	Z08115	98	32.0	1.0	1750.3039627125424	1750.538404175125
1750.6242456464415	0.534441462582663	trials	200719TX	p61	Z08115	42	13.0	2.0	1750.7742456464416	1751.008687109024
1751.0745684558178	0.5344414625824356	trials	200719TX	p61	Z08115	33	10.0	2.0	1751.224568455818	1751.4590099184002
1751.524891265194	0.49440121278826155	trials	200719TX	p61	Z08115	34	11.0	0.0	1751.674891265194	1751.869292477982
1751.92513376214	0.49444121303781685	trials	200719TX	p61	Z08115	88	29.0	0.0	1752.07513376214	1752.2695749751776
1752.345416384108	0.49444121303781685	trials	200719TX	p61	Z08115	9	2.0	2.0	1752.495416384108	1752.6898575971456
1752.785739131098	0.5244414001965652	trials	200719TX	p61	Z08115	12	3.0	2.0	1752.935739131098	1753.1601805312944
1756.4182017925175	0.5044012751745868	trials	200719TX	p61	Z08115	2	0.0	1.0	1756.5682017925176	1756.772603067692
1756.8284843520994	0.49440121278826155	trials	200719TX	p61	Z08115	71	23.0	1.0	1756.9784843520995	1757.1728855648876
1757.2687670988398	0.5244414001963378	trials	200719TX	p61	Z08115	120	39.0	2.0	1757.41876709884	1757.643208499036
1757.719089908216	0.5244414001965652	trials	200719TX	p61	Z08115	77	25.0	1.0	1757.869089908216	1758.0935313084124
1758.1694127175922	0.49440121278826155	trials	200719TX	p61	Z08115	21	6.0	2.0	1758.3194127175923	1758.5138139303804
1758.5996954019465	0.4944012127880342	trials	200719TX	p61	Z08115	63	20.0	2.0	1758.7496954019466	1758.9440966147345
1758.9999778991419	0.49440121278826155	trials	200719TX	p61	Z08115	4	1.0	0.0	1759.149977899142	1759.34437911193
1759.4102604587238	0.5244013999467825	trials	200719TX	p61	Z08115	91	30.0	0.0	1759.5602604587239	1759.7846618586705
1763.3028847431833	0.5044012751743594	trials	200719TX	p61	Z08115	72	23.0	2.0	1763.4528847431834	1763.6572860183576
1763.713167302765	0.5044012751745868	trials	200719TX	p61	Z08115	69	22.0	2.0	1763.863167302765	1764.0675685779395
1764.123449862347	0.49440121278826155	trials	200719TX	p61	Z08115	64	21.0	0.0	1764.273449862347	1764.467851075135
1764.5237323595425	0.5244013999467825	trials	200719TX	p61	Z08115	59	19.0	1.0	1764.6737323595426	1764.8981337594892
1764.9540150438966	0.5244013999470098	trials	200719TX	p61	Z08115	118	39.0	0.0	1765.1040150438967	1765.3284164438435
1765.394297790637	0.49440121278826155	trials	200719TX	p61	Z08115	83	27.0	1.0	1765.544297790637	1765.7386990034252
1765.7945802878326	0.5244414001965652	trials	200719TX	p61	Z08115	111	36.0	2.0	1765.9445802878327	1766.169021688029
1766.2548631593454	0.5044412754241421	trials	200719TX	p61	Z08115	97	32.0	0.0	1766.4048631593455	1766.6093044347695
1769.9374061331953	0.5044012751743594	trials	200719TX	p61	Z08115	87	28.0	2.0	1770.0874061331954	1770.2918074083696
1770.347688692777	0.4944012127884889	trials	200719TX	p61	Z08115	112	37.0	0.0	1770.497688692777	1770.6920899055654
1770.7779713771313	0.5244414001965652	trials	200719TX	p61	Z08115	51	16.0	2.0	1770.9279713771314	1771.1524127773278
1771.228254186258	0.534441462582663	trials	200719TX	p61	Z08115	93	30.0	2.0	1771.3782541862581	1771.6126956488406
1771.678576995634	0.49440121278826155	trials	200719TX	p61	Z08115	26	8.0	1.0	1771.8285769956342	1772.0229782084223
1772.1088596799882	0.5044412754241421	trials	200719TX	p61	Z08115	48	15.0	2.0	1772.2588596799883	1772.4633009554123
1772.5491424267288	0.49444121303781685	trials	200719TX	p61	Z08115	32	10.0	1.0	1772.699142426729	1772.8935836397666
1772.9494249239244	0.49444121303781685	trials	200719TX	p61	Z08115	108	35.0	2.0	1773.0994249239245	1773.2938661369622
1776.6919682720916	0.5144413378102399	trials	200719TX	p61	Z08115	90	29.0	2.0	1776.8419682720917	1777.0564096099017
1777.1222909566952	0.5144013375606846	trials	200719TX	p61	Z08115	109	36.0	0.0	1777.2722909566953	1777.4866922942558
1777.5525336408	0.49444121303781685	trials	200719TX	p61	Z08115	8	2.0	1.0	1777.7025336408	1777.8969748538377
1777.99285638779	0.5244414001963378	trials	200719TX	p61	Z08115	85	28.0	0.0	1778.14285638779	1778.3672977879862
1778.443179197166	0.5244414001965652	trials	200719TX	p61	Z08115	68	22.0	1.0	1778.5931791971661	1778.8176205973625
1778.9035020689284	0.5344014623333351	trials	200719TX	p61	Z08115	37	12.0	0.0	1779.0535020689285	1779.2879035312617
1779.3737850028276	0.534441462582663	trials	200719TX	p61	Z08115	46	15.0	0.0	1779.5237850028277	1779.7582264654102
1779.824107812204	0.49440121278826155	trials	200719TX	p61	Z08115	66	21.0	2.0	1779.974107812204	1780.168509024992
1783.5266109105764	0.5244414001965652	trials	200719TX	p61	Z08115	80	26.0	1.0	1783.6766109105765	1783.901052310773
1783.9569335951803	0.49440121278826155	trials	200719TX	p61	Z08115	22	7.0	0.0	1784.1069335951804	1784.3013348079685
1784.3972163419207	0.5244414001963378	trials	200719TX	p61	Z08115	23	7.0	1.0	1784.5472163419208	1784.771657742117
1784.8575392136831	0.49440121278826155	trials	200719TX	p61	Z08115	115	38.0	0.0	1785.0075392136832	1785.2019404264713
1785.267821773265	0.5244013999467825	trials	200719TX	p61	Z08115	0			1785.4178217732651	1785.6422231732117
1785.7281046447779	0.49444121303781685	trials	200719TX	p61	Z08115	0			1785.878104644778	1786.0725458578156
1786.1684273917679	0.5244414001963378	trials	200719TX	p61	Z08115	52	17.0	0.0	1786.318427391768	1786.542868791964
1786.6387503259164	0.5244013999470098	trials	200719TX	p61	Z08115	114	37.0	2.0	1786.7887503259165	1787.0131517258633
1790.1210920507942	0.49440121278826155	trials	200719TX	p61	Z08115	30	9.0	2.0	1790.2710920507943	1790.4654932635824
1790.531374610376	0.49440121278826155	trials	200719TX	p61	Z08115	101	33.0	1.0	1790.681374610376	1790.875775823164
1790.9616572947302	0.534441462582663	trials	200719TX	p61	Z08115	73	24.0	0.0	1791.1116572947303	1791.3460987573128
1791.4320202291283	0.5344014623333351	trials	200719TX	p61	Z08115	18	5.0	2.0	1791.5820202291284	1791.8164216914615
1791.8723029758687	0.5244414001965652	trials	200719TX	p61	Z08115	41	13.0	1.0	1792.0223029758688	1792.2467443760652
1792.3125857226091	0.5044412754241421	trials	200719TX	p61	Z08115	74	24.0	1.0	1792.4625857226092	1792.6670269980332
1792.722868282191	0.49440121278826155	trials	200719TX	p61	Z08115	102	33.0	2.0	1792.8728682821911	1793.0672694949792
1793.1531909667947	0.4944012127884889	trials	200719TX	p61	Z08115	79	26.0	0.0	1793.3031909667948	1793.497592179583
1797.926380744735	0.5044412754241421	trials	200719TX	p61	Z08115	110	36.0	1.0	1798.0763807447352	1798.2808220201591
1798.356703429339	0.49440121278826155	trials	200719TX	p61	Z08115	40	13.0	0.0	1798.506703429339	1798.7011046421271
1798.7869861136933	0.4944012127880342	trials	200719TX	p61	Z08115	14	4.0	1.0	1798.9369861136934	1799.1313873264812
1799.197268673275	0.49440121278826155	trials	200719TX	p61	Z08115	65	21.0	1.0	1799.347268673275	1799.5416698860631
1799.6275913578788	0.4944012127880342	trials	200719TX	p61	Z08115	105	34.0	2.0	1799.777591357879	1799.9719925706668
1800.0278338548246	0.5244414001965652	trials	200719TX	p61	Z08115	55	18.0	0.0	1800.1778338548247	1800.402275255021
2273.5173221272553	0.5244414051185231	trials	200719TX	p61	Z08115	83	27.0	1.0	2273.6673221272554	2273.8917635323737
2273.9676049462564	0.4944412173017554	trials	200719TX	p61	Z08115	25	8.0	0.0	2274.1176049462565	2274.312046163558
2274.3678874522298	0.4944012170512906	trials	200719TX	p61	Z08115	51	16.0	2.0	2274.51788745223	2274.712288669281
2274.79817014602	0.5044412799074962	trials	200719TX	p61	Z08115	84	27.0	2.0	2274.94817014602	2275.1526114259273
2275.2084927148494	0.5244014048680583	trials	200719TX	p61	Z08115	47	15.0	1.0	2275.3584927148495	2275.5828941197174
2275.6587755338505	0.4944012170512906	trials	200719TX	p61	Z08115	67	22.0	0.0	2275.8087755338506	2276.0031767509017
2276.0890582276406	0.4944012170512906	trials	200719TX	p61	Z08115	93	30.0	2.0	2276.2390582276407	2276.433459444692
2276.489340733614	0.4944012170512906	trials	200719TX	p61	Z08115	32	10.0	1.0	2276.639340733614	2276.833741950665
2279.991722660319	0.5044012796565767	trials	200719TX	p61	Z08115	34	11.0	0.0	2280.141722660319	2280.3461239399753
2280.4020052288975	0.5044012796570314	trials	200719TX	p61	Z08115	8	2.0	1.0	2280.5520052288975	2280.7564065085544
2280.8422879852933	0.4944012170512906	trials	200719TX	p61	Z08115	29	9.0	1.0	2280.9922879852934	2281.1866892023445
2281.272610679334	0.4944012170512906	trials	200719TX	p61	Z08115	1	0.0	0.0	2281.422610679334	2281.617011896385
2281.6728531850567	0.5344414677238092	trials	200719TX	p61	Z08115	77	25.0	1.0	2281.822853185057	2282.0572946527805
2282.1131759417026	0.5244014048680583	trials	200719TX	p61	Z08115	38	12.0	1.0	2282.2631759417027	2282.4875773465706
2282.5434586354927	0.5044012796570314	trials	200719TX	p61	Z08115	50	16.0	1.0	2282.693458635493	2282.8978599151496
2282.9837813921386	0.5244014048680583	trials	200719TX	p61	Z08115	91	30.0	0.0	2283.1337813921386	2283.3581827970065
2286.5361636318707	0.5144013422627722	trials	200719TX	p61	Z08115	37	12.0	0.0	2286.686163631871	2286.9005649741334
2286.966446325661	0.5244414051185231	trials	200719TX	p61	Z08115	99	32.0	2.0	2287.116446325661	2287.3408877307793
2287.4167691449125	0.4944012170512906	trials	200719TX	p61	Z08115	120	39.0	2.0	2287.5667691449125	2287.7611703619637
2287.8470518387026	0.4944012170512906	trials	200719TX	p61	Z08115	100	33.0	0.0	2287.9970518387026	2288.1914530557538
2288.247334344676	0.5344414677238092	trials	200719TX	p61	Z08115	46	15.0	0.0	2288.397334344676	2288.6317758123996
2288.6876171010717	0.5244414051180684	trials	200719TX	p61	Z08115	28	9.0	0.0	2288.837617101072	2289.0620585061897
2289.117939795112	0.49440121705174533	trials	200719TX	p61	Z08115	19	6.0	0.0	2289.267939795112	2289.4623410121635
2289.518182300835	0.5244414051180684	trials	200719TX	p61	Z08115	90	29.0	2.0	2289.6681823008353	2289.892623705953
2293.190685292585	0.5044012796565767	trials	200719TX	p61	Z08115	68	22.0	1.0	2293.340685292585	2293.5450865722414
2293.6309680489803	0.4944412173017554	trials	200719TX	p61	Z08115	15	4.0	2.0	2293.7809680489804	2293.975409266282
2294.04129061781	0.4944012170512906	trials	200719TX	p61	Z08115	27	8.0	2.0	2294.19129061781	2294.385691834861
2294.4715733116	0.4944012170512906	trials	200719TX	p61	Z08115	113	37.0	1.0	2294.6215733116	2294.815974528651
2294.871815817323	0.4944012170512906	trials	200719TX	p61	Z08115	95	31.0	1.0	2295.021815817323	2295.216217034374
2295.3021385113634	0.5044012796570314	trials	200719TX	p61	Z08115	62	20.0	1.0	2295.4521385113635	2295.6565397910204
2295.742421267759	0.4944012170512906	trials	200719TX	p61	Z08115	10	3.0	0.0	2295.892421267759	2296.08682248481
2296.152703836338	0.5144013422623175	trials	200719TX	p61	Z08115	20	6.0	1.0	2296.302703836338	2296.5171051786
2299.61504551237	0.5044012796570314	trials	200719TX	p61	Z08115	89	29.0	1.0	2299.7650455123703	2299.969446792027
2300.0353281435546	0.5044412799074962	trials	200719TX	p61	Z08115	74	24.0	1.0	2300.1853281435547	2300.389769423462
2300.4756509002004	0.49440121705174533	trials	200719TX	p61	Z08115	111	36.0	2.0	2300.6256509002005	2300.820052117252
2300.8758934059238	0.5244414051180684	trials	200719TX	p61	Z08115	21	6.0	2.0	2301.025893405924	2301.2503348110417
2301.3262162251754	0.4944012170512906	trials	200719TX	p61	Z08115	109	36.0	0.0	2301.4762162251754	2301.6706174422266
2301.7364987937544	0.5244414051180684	trials	200719TX	p61	Z08115	85	28.0	0.0	2301.8864987937545	2302.1109401988724
2302.1668214877946	0.5244014048680583	trials	200719TX	p61	Z08115	23	7.0	1.0	2302.3168214877946	2302.5412228926625
2302.6171043067957	0.4944012170512906	trials	200719TX	p61	Z08115	6	1.0	2.0	2302.7671043067958	2302.961505523847
2306.099446108039	0.5244414051180684	trials	200719TX	p61	Z08115	70	23.0	0.0	2306.249446108039	2306.473887513157
2306.5497689272906	0.4944012170512906	trials	200719TX	p61	Z08115	73	24.0	0.0	2306.6997689272907	2306.894170144342
2306.9800516210803	0.49440121705174533	trials	200719TX	p61	Z08115	13	4.0	0.0	2307.1300516210804	2307.324452838132
2307.3903341896594	0.5244414051185231	trials	200719TX	p61	Z08115	94	31.0	0.0	2307.5403341896595	2307.764775594778
2307.830616946055	0.5344414677238092	trials	200719TX	p61	Z08115	79	26.0	0.0	2307.9806169460553	2308.215058413779
2308.2809397653064	0.5044012796570314	trials	200719TX	p61	Z08115	75	24.0	2.0	2308.4309397653064	2308.6353410449633
2308.6912223338854	0.5244414051185231	trials	200719TX	p61	Z08115	36	11.0	2.0	2308.8412223338855	2309.065663739004
2309.141545153137	0.4944012170512906	trials	200719TX	p61	Z08115	69	22.0	2.0	2309.291545153137	2309.4859463701882
2312.643927079842	0.5044012796565767	trials	200719TX	p61	Z08115	3	0.0	2.0	2312.793927079842	2312.9983283594984
2313.064169710776	0.5044412799074962	trials	200719TX	p61	Z08115	0			2313.214169710776	2313.418610990683
2313.5044924674216	0.49440121705174533	trials	200719TX	p61	Z08115	110	36.0	1.0	2313.6544924674217	2313.8488936844733
2313.904734973145	0.4944412173017554	trials	200719TX	p61	Z08115	2	0.0	1.0	2314.054734973145	2314.2491761904466
2314.3350576671855	0.5044012796565767	trials	200719TX	p61	Z08115	57	18.0	2.0	2314.4850576671856	2314.689458946842
2314.7453402357646	0.5244414051180684	trials	200719TX	p61	Z08115	66	21.0	2.0	2314.8953402357647	2315.1197816408826
2315.18562299216	0.5144413425127823	trials	200719TX	p61	Z08115	103	34.0	0.0	2315.33562299216	2315.5500643346727
2315.6259057485554	0.4944412173017554	trials	200719TX	p61	Z08115	112	37.0	0.0	2315.7759057485555	2315.970346965857
2319.1983681139995	0.5044012796570314	trials	200719TX	p61	Z08115	107	35.0	1.0	2319.3483681139996	2319.5527693936565
2321.5399427734565	0.5244414051180684	trials	200719TX	p61	Z08115	118	39.0	0.0	2321.6899427734566	2321.9143841785744
2321.9802655301023	0.4944012170512906	trials	200719TX	p61	Z08115	43	14.0	0.0	2322.1302655301024	2322.3246667471535
2322.390508098431	0.5244414051180684	trials	200719TX	p61	Z08115	41	13.0	1.0	2322.540508098431	2322.764949503549
2322.8208307924715	0.5244414051180684	trials	200719TX	p61	Z08115	59	19.0	1.0	2322.9708307924716	2323.1952721975895
2323.271113611472	0.49440121705174533	trials	200719TX	p61	Z08115	81	26.0	2.0	2323.4211136114723	2323.615514828524
2323.671396117446	0.5244414051180684	trials	200719TX	p61	Z08115	17	5.0	1.0	2323.821396117446	2324.045837522564
2324.1116788738414	0.5244414051185231	trials	200719TX	p61	Z08115	114	37.0	2.0	2324.2616788738414	2324.48612027896
2324.562001693093	0.4944012170512906	trials	200719TX	p61	Z08115	72	23.0	2.0	2324.712001693093	2324.906402910144
2328.0143433065195	0.5044012796570314	trials	200719TX	p61	Z08115	40	13.0	0.0	2328.1643433065196	2328.3687445861765
2328.4246258750986	0.5244414051185231	trials	200719TX	p61	Z08115	87	28.0	2.0	2328.5746258750987	2328.799067280217
2328.8549085688887	0.4944012170512906	trials	200719TX	p61	Z08115	26	8.0	1.0	2329.004908568889	2329.19930978594
2329.265191137468	0.5244414051180684	trials	200719TX	p61	Z08115	63	20.0	2.0	2329.415191137468	2329.639632542586
2329.7055138941137	0.5044012796570314	trials	200719TX	p61	Z08115	105	34.0	2.0	2329.8555138941138	2330.0599151737706
2330.1157564624423	0.5244414051185231	trials	200719TX	p61	Z08115	56	18.0	1.0	2330.2657564624424	2330.4901978675607
2332.8276134400558	0.5044012796570314	trials	200719TX	p61	Z08115	35	11.0	1.0	2332.977613440056	2333.1820147197127
2333.237896008635	0.4944012170512906	trials	200719TX	p61	Z08115	115	38.0	0.0	2333.387896008635	2333.582297225686
2333.638178514608	0.5244414051185231	trials	200719TX	p61	Z08115	5	1.0	1.0	2333.7881785146083	2334.0126199197266
2334.0884613336093	0.4944412173017554	trials	200719TX	p61	Z08115	61	20.0	0.0	2334.2384613336094	2334.432902550911
2334.4987439021884	0.5244414051185231	trials	200719TX	p61	Z08115	31	10.0	0.0	2334.6487439021885	2334.873185307307
2334.9290265959785	0.5244414051185231	trials	200719TX	p61	Z08115	24	7.0	2.0	2335.0790265959786	2335.303468001097
2335.37934941523	0.4944012170512906	trials	200719TX	p61	Z08115	78	25.0	2.0	2335.52934941523	2335.7237506322813
2335.7796319212034	0.4944012170512906	trials	200719TX	p61	Z08115	44	14.0	1.0	2335.9296319212035	2336.1240331382546
2339.2620137226972	0.5244014048676036	trials	200719TX	p61	Z08115	88	29.0	0.0	2339.4120137226973	2339.6364151275648
2339.6922964164874	0.5344414677238092	trials	200719TX	p61	Z08115	42	13.0	2.0	2339.8422964164874	2340.076737884211
2340.142579235488	0.5044412799074962	trials	200719TX	p61	Z08115	58	19.0	0.0	2340.292579235488	2340.4970205153954
2340.582861991884	0.4944412173017554	trials	200719TX	p61	Z08115	101	33.0	1.0	2340.732861991884	2340.9273032091855
2341.0131846859244	0.4944012170512906	trials	200719TX	p61	Z08115	80	26.0	1.0	2341.1631846859245	2341.3575859029756
2341.423467254503	0.5244414051185231	trials	200719TX	p61	Z08115	30	9.0	2.0	2341.573467254503	2341.7979086596215
2341.863750010899	0.5044412799070415	trials	200719TX	p61	Z08115	9	2.0	2.0	2342.013750010899	2342.218191290806
2342.3040327672943	0.4944412173017554	trials	200719TX	p61	Z08115	0			2342.4540327672944	2342.648473984596
2345.9865758219	0.5044012796570314	trials	200719TX	p61	Z08115	53	17.0	1.0	2346.1365758219	2346.3409771015567
2346.41685851569	0.4944012170512906	trials	200719TX	p61	Z08115	55	18.0	0.0	2346.56685851569	2346.761259732741
2346.8171410216637	0.5344414677238092	trials	200719TX	p61	Z08115	11	3.0	1.0	2346.967141021664	2347.2015824893874
2347.257423778059	0.4944012170512906	trials	200719TX	p61	Z08115	49	16.0	0.0	2347.407423778059	2347.6018249951103
2347.6577062840324	0.5244414051185231	trials	200719TX	p61	Z08115	117	38.0	2.0	2347.8077062840325	2348.032147689151
2348.1079891030336	0.4944412173017554	trials	200719TX	p61	Z08115	22	7.0	0.0	2348.2579891030337	2348.452430320335
2348.5382717968237	0.4944412173017554	trials	200719TX	p61	Z08115	7	2.0	0.0	2348.6882717968238	2348.8827130141253
2348.9485543654027	0.5244414051180684	trials	200719TX	p61	Z08115	48	15.0	2.0	2349.098554365403	2349.3229957705207
2352.5810571067304	0.5044012796565767	trials	200719TX	p61	Z08115	92	30.0	1.0	2352.7310571067305	2352.935458386387
2352.9913396753095	0.5244014048676036	trials	200719TX	p61	Z08115	45	14.0	2.0	2353.1413396753096	2353.365741080177
2353.44162249431	0.49440121705174533	trials	200719TX	p61	Z08115	64	21.0	0.0	2353.5916224943103	2353.786023711362
2353.841905000284	0.5244414051180684	trials	200719TX	p61	Z08115	98	32.0	1.0	2353.991905000284	2354.216346405402
2354.3021878818904	0.5244414051185231	trials	200719TX	p61	Z08115	71	23.0	1.0	2354.4521878818905	2354.676629287009
2354.732510575931	0.4944012170512906	trials	200719TX	p61	Z08115	106	35.0	0.0	2354.882510575931	2355.076911792982
2355.162793269721	0.4944012170512906	trials	200719TX	p61	Z08115	12	3.0	2.0	2355.312793269721	2355.5071944867723
2355.5630757756944	0.5044012796570314	trials	200719TX	p61	Z08115	54	17.0	2.0	2355.7130757756945	2355.9174770553514
2359.2055385793774	0.5144013422623175	trials	200719TX	p61	Z08115	96	31.0	2.0	2359.3555385793775	2359.5699399216396
2359.635821273167	0.5244414051185231	trials	200719TX	p61	Z08115	119	39.0	1.0	2359.785821273167	2360.0102626782855
2360.0661439672076	0.4944012170512906	trials	200719TX	p61	Z08115	60	19.0	2.0	2360.2161439672077	2360.410545184259
2360.466386472931	0.5244414051180684	trials	200719TX	p61	Z08115	86	28.0	1.0	2360.616386472931	2360.840827878049
2360.896709166971	0.5344414677242639	trials	200719TX	p61	Z08115	82	27.0	0.0	2361.046709166971	2361.281150634695
2361.336991923367	0.4944012170512906	trials	200719TX	p61	Z08115	97	32.0	0.0	2361.486991923367	2361.681393140418
2361.767274617157	0.5044412799070415	trials	200719TX	p61	Z08115	116	38.0	1.0	2361.917274617157	2362.121715897064
2362.1775571857356	0.5244414051185231	trials	200719TX	p61	Z08115	0			2362.3275571857357	2362.551998590854
2365.669939049835	0.5244414051180684	trials	200719TX	p61	Z08115	76	25.0	0.0	2365.8199390498353	2366.044380454953
2366.100221743625	0.49440121705174533	trials	200719TX	p61	Z08115	39	12.0	2.0	2366.250221743625	2366.4446229606765
2366.510504312204	0.5244414051185231	trials	200719TX	p61	Z08115	0			2366.660504312204	2366.8849457173224
2366.9507870685998	0.5044412799070415	trials	200719TX	p61	Z08115	65	21.0	1.0	2367.1007870686	2367.3052283485067
2367.3911098252456	0.4944012170512906	trials	200719TX	p61	Z08115	52	17.0	0.0	2367.5411098252457	2367.735511042297
2367.791392331219	0.5244014048680583	trials	200719TX	p61	Z08115	102	33.0	2.0	2367.941392331219	2368.165793736087
2368.2417151504706	0.4943612168008258	trials	200719TX	p61	Z08115	104	34.0	1.0	2368.3917151504706	2368.5860763672713
2368.681997906866	0.49440121705174533	trials	200719TX	p61	Z08115	108	35.0	2.0	2368.831997906866	2369.0263991239176
2372.0742991444095	0.5244014048676036	trials	200719TX	p61	Z08115	33	10.0	2.0	2372.2242991444095	2372.448700549277
2372.514581900805	0.4944012170512906	trials	200719TX	p61	Z08115	16	5.0	0.0	2372.664581900805	2372.858983117856
2372.944864594595	0.4944012170512906	trials	200719TX	p61	Z08115	14	4.0	1.0	2373.094864594595	2373.289265811646
2373.3451471005683	0.5044412799074962	trials	200719TX	p61	Z08115	18	5.0	2.0	2373.4951471005684	2373.6995883804757
2373.7754297943584	0.5044412799074962	trials	200719TX	p61	Z08115	4	1.0	0.0	2373.9254297943585	2374.129871074266
2374.1857123629375	0.5244414051185231	trials	200719TX	p61	Z08115	99	32.0	2.0	2374.3357123629376	2374.560153768056
2374.6159950567276	0.4944412173017554	trials	200719TX	p61	Z08115	21	6.0	2.0	2374.7659950567277	2374.9604362740292
2375.016277562701	0.4944012170512906	trials	200719TX	p61	Z08115	57	18.0	2.0	2375.166277562701	2375.360678779752
2378.6887805544507	0.5044012796570314	trials	200719TX	p61	Z08115	39	12.0	2.0	2378.8387805544508	2379.0431818341076
2379.0990631230297	0.5244414051185231	trials	200719TX	p61	Z08115	82	27.0	0.0	2379.24906312303	2379.473504528148
2379.52934581682	0.5044412799070415	trials	200719TX	p61	Z08115	118	39.0	0.0	2379.67934581682	2379.883787096727
2379.939628385399	0.5244414051180684	trials	200719TX	p61	Z08115	43	14.0	0.0	2380.089628385399	2380.314069790517
2380.369911079189	0.4944012170512906	trials	200719TX	p61	Z08115	46	15.0	0.0	2380.519911079189	2380.71431229624
2380.7701935851624	0.5244414051180684	trials	200719TX	p61	Z08115	36	11.0	2.0	2380.9201935851625	2381.1446349902803
2381.220516404414	0.4944012170512906	trials	200719TX	p61	Z08115	110	36.0	1.0	2381.370516404414	2381.564917621465
2381.6307589727426	0.5244414051180684	trials	200719TX	p61	Z08115	42	13.0	2.0	2381.7807589727427	2382.0052003778605
2385.1331808996974	0.5044012796570314	trials	200719TX	p61	Z08115	83	27.0	1.0	2385.2831808996975	2385.4875821793544
2385.5734636560933	0.5244414051180684	trials	200719TX	p61	Z08115	2	0.0	1.0	2385.7234636560934	2385.9479050612113
2386.003746349883	0.49440121705174533	trials	200719TX	p61	Z08115	88	29.0	0.0	2386.153746349883	2386.3481475669346
2386.4440691065292	0.5244014048676036	trials	200719TX	p61	Z08115	19	6.0	0.0	2386.5940691065293	2386.8184705113968
2386.89435192553	0.49440121705174533	trials	200719TX	p61	Z08115	119	39.0	1.0	2387.04435192553	2387.2387531425816
2387.32463461932	0.4944412173017554	trials	200719TX	p61	Z08115	101	33.0	1.0	2387.47463461932	2387.6690758366217
2387.734917187899	0.5244414051185231	trials	200719TX	p61	Z08115	113	37.0	1.0	2387.884917187899	2388.1093585930175
2388.1652398819397	0.5244014048680583	trials	200719TX	p61	Z08115	72	23.0	2.0	2388.3152398819398	2388.5396412868076
2391.6676218086445	0.5044012796565767	trials	200719TX	p61	Z08115	69	22.0	2.0	2391.8176218086446	2392.022023088301
2392.077864376973	0.5244414051180684	trials	200719TX	p61	Z08115	3	0.0	2.0	2392.2278643769732	2392.452305782091
2392.5281871962243	0.5244414051185231	trials	200719TX	p61	Z08115	24	7.0	2.0	2392.6781871962244	2392.9026286013427
2392.9584698900144	0.4944012170512906	trials	200719TX	p61	Z08115	75	24.0	2.0	2393.1084698900145	2393.3028711070656
2393.3687524585935	0.5244414051185231	trials	200719TX	p61	Z08115	60	19.0	2.0	2393.5187524585936	2393.743193863712
2393.819075277845	0.4944012170512906	trials	200719TX	p61	Z08115	100	33.0	0.0	2393.969075277845	2394.1634764948963
2394.2193577838184	0.5244014048680583	trials	200719TX	p61	Z08115	0			2394.3693577838185	2394.5937591886864
2394.6696406028195	0.4944012170512906	trials	200719TX	p61	Z08115	61	20.0	0.0	2394.8196406028196	2395.0140418198707
2398.3021033438968	0.5044012796570314	trials	200719TX	p61	Z08115	70	23.0	0.0	2398.452103343897	2398.6565046235537
2398.732386037687	0.4944412173017554	trials	200719TX	p61	Z08115	37	12.0	0.0	2398.882386037687	2399.0768272549885
2399.162708731727	0.5044012796570314	trials	200719TX	p61	Z08115	15	4.0	2.0	2399.312708731727	2399.517110011384
2399.602991488123	0.4944012170512906	trials	200719TX	p61	Z08115	56	18.0	1.0	2399.752991488123	2399.947392705174
2400.003273994096	0.5244014048680583	trials	200719TX	p61	Z08115	91	30.0	0.0	2400.1532739940963	2400.377675398964
2400.4535968133478	0.4944012170512906	trials	200719TX	p61	Z08115	0			2400.603596813348	2400.797998030399
2400.8638393816764	0.5244414051180684	trials	200719TX	p61	Z08115	104	34.0	1.0	2401.0138393816765	2401.2382807867943
2401.294162075717	0.5244014048676036	trials	200719TX	p61	Z08115	55	18.0	0.0	2401.444162075717	2401.6685634805845
2404.876584503516	0.5044012796570314	trials	200719TX	p61	Z08115	52	17.0	0.0	2405.026584503516	2405.230985783173
2407.598441543735	0.5244014048680583	trials	200719TX	p61	Z08115	29	9.0	1.0	2407.748441543735	2407.972842948603
2408.0487243627363	0.4944012170512906	trials	200719TX	p61	Z08115	40	13.0	0.0	2408.1987243627364	2408.3931255797875
2408.4490068687096	0.5244414051185231	trials	200719TX	p61	Z08115	10	3.0	0.0	2408.5990068687097	2408.823448273828
2408.8892896251054	0.5244414051180684	trials	200719TX	p61	Z08115	76	25.0	0.0	2409.0392896251055	2409.2637310302234
2409.3196123191456	0.4944012170512906	trials	200719TX	p61	Z08115	59	19.0	1.0	2409.4696123191457	2409.6640135361968
2409.7498950129357	0.5044012796570314	trials	200719TX	p61	Z08115	50	16.0	1.0	2409.8998950129358	2410.1042962925926
2410.1901777693315	0.4944012170512906	trials	200719TX	p61	Z08115	11	3.0	1.0	2410.3401777693316	2410.5345789863827
2410.590460275305	0.5244414051185231	trials	200719TX	p61	Z08115	22	7.0	0.0	2410.740460275305	2410.9649016804233
2414.2129229537763	0.5144013422627722	trials	200719TX	p61	Z08115	97	32.0	0.0	2414.3629229537764	2414.577324296039
2414.6432056475664	0.5244414051185231	trials	200719TX	p61	Z08115	77	25.0	1.0	2414.7932056475665	2415.017647052685
2416.8146992422285	0.5244014048680583	trials	200719TX	p61	Z08115	44	14.0	1.0	2416.9646992422286	2417.1891006470964
2417.2449819360186	0.4944012170512906	trials	200719TX	p61	Z08115	9	2.0	2.0	2417.3949819360187	2417.58938315307
2417.6552645045977	0.5244414051185231	trials	200719TX	p61	Z08115	87	28.0	2.0	2417.8052645045977	2418.029705909716
2418.095547260993	0.5044412799074962	trials	200719TX	p61	Z08115	94	31.0	0.0	2418.245547260993	2418.4499885409004
2418.505829829572	0.5244414051185231	trials	200719TX	p61	Z08115	85	28.0	0.0	2418.655829829572	2418.8802712346906
2418.936112523362	0.4944412173017554	trials	200719TX	p61	Z08115	115	38.0	0.0	2419.0861125233623	2419.280553740664
2419.3363950293356	0.5244414051185231	trials	200719TX	p61	Z08115	79	26.0	0.0	2419.4863950293357	2419.710836434454
2419.7766777857314	0.5244414051180684	trials	200719TX	p61	Z08115	32	10.0	1.0	2419.9266777857315	2420.1511191908494
2423.3891404015976	0.5044412799070415	trials	200719TX	p61	Z08115	49	16.0	0.0	2423.5391404015977	2423.7435816815046
2425.670714685421	0.5044012796570314	trials	200719TX	p61	Z08115	13	4.0	0.0	2425.820714685421	2426.025115965078
2426.080997254	0.5244014048680583	trials	200719TX	p61	Z08115	111	36.0	2.0	2426.230997254	2426.455398658868
2426.51127994779	0.4944012170512906	trials	200719TX	p61	Z08115	54	17.0	2.0	2426.6612799477903	2426.8556811648414
2426.9215625163692	0.5244414051180684	trials	200719TX	p61	Z08115	16	5.0	0.0	2427.0715625163693	2427.296003921487
2427.3618452727646	0.4944012170512906	trials	200719TX	p61	Z08115	114	37.0	2.0	2427.5118452727647	2427.706246489816
2427.7721278413437	0.5244414051185231	trials	200719TX	p61	Z08115	96	31.0	2.0	2427.922127841344	2428.146569246462
2428.2224506605953	0.4944012170512906	trials	200719TX	p61	Z08115	18	5.0	2.0	2428.3724506605954	2428.5668518776465
2428.6327332291744	0.5044012796565767	trials	200719TX	p61	Z08115	0			2428.7827332291745	2428.987134508831
2432.024994466467	0.5044412799074962	trials	200719TX	p61	Z08115	28	9.0	0.0	2432.174994466467	2432.3794357463744
2434.5467302538245	0.5244414051185231	trials	200719TX	p61	Z08115	27	8.0	2.0	2434.6967302538246	2434.921171658943
2434.977052947865	0.4943612168008258	trials	200719TX	p61	Z08115	106	35.0	0.0	2435.127052947865	2435.321414164666
2435.377295453588	0.5244414051185231	trials	200719TX	p61	Z08115	41	13.0	1.0	2435.527295453588	2435.7517368587064
2435.807578147378	0.5044412799074962	trials	200719TX	p61	Z08115	4	1.0	0.0	2435.957578147378	2436.1620194272855
2436.247900904024	0.49440121705174533	trials	200719TX	p61	Z08115	53	17.0	1.0	2436.397900904024	2436.5923021210756
2436.6481834099977	0.4944012170512906	trials	200719TX	p61	Z08115	73	24.0	0.0	2436.798183409998	2436.992584627049
2437.078466103788	0.5044012796565767	trials	200719TX	p61	Z08115	78	25.0	2.0	2437.228466103788	2437.4328673834443
2437.488748672367	0.5144013422623175	trials	200719TX	p61	Z08115	51	16.0	2.0	2437.638748672367	2437.853150014629
2443.4928262609674	0.5044012796570314	trials	200719TX	p61	Z08115	116	38.0	1.0	2443.6428262609675	2443.8472275406243
2443.9031088295465	0.5044012796570314	trials	200719TX	p61	Z08115	20	6.0	1.0	2444.0531088295465	2444.2575101092034
2446.504845117748	0.5044412799074962	trials	200719TX	p61	Z08115	107	35.0	1.0	2446.654845117748	2446.8592863976555
2446.915127686327	0.4944412173017554	trials	200719TX	p61	Z08115	58	19.0	0.0	2447.0651276863273	2447.259568903629
2447.3254102549063	0.5244414051180684	trials	200719TX	p61	Z08115	6	1.0	2.0	2447.4754102549064	2447.6998516600243
2447.7656930113017	0.5044412799074962	trials	200719TX	p61	Z08115	64	21.0	0.0	2447.9156930113018	2448.120134291209
2448.176015580131	0.4944012170512906	trials	200719TX	p61	Z08115	71	23.0	1.0	2448.3260155801313	2448.5204167971824
2448.6062982739213	0.4944012170512906	trials	200719TX	p61	Z08115	5	1.0	1.0	2448.7562982739214	2448.9506994909725
2449.0065807798946	0.5244014048680583	trials	200719TX	p61	Z08115	89	29.0	1.0	2449.1565807798947	2449.3809821847626
2449.4569035991462	0.4943612168008258	trials	200719TX	p61	Z08115	103	34.0	0.0	2449.6069035991463	2449.801264815947
2453.0092858388784	0.5044012796570314	trials	200719TX	p61	Z08115	45	14.0	2.0	2453.1592858388785	2453.3636871185354
2453.4395685326685	0.4944012170512906	trials	200719TX	p61	Z08115	30	9.0	2.0	2453.5895685326686	2453.7839697497197
2453.839851038642	0.5244014048680583	trials	200719TX	p61	Z08115	81	26.0	2.0	2453.989851038642	2454.21425244351
2454.2901738578935	0.4944012170512906	trials	200719TX	p61	Z08115	62	20.0	1.0	2454.4401738578936	2454.6345750749447
2454.7104564890783	0.4944012170512906	trials	200719TX	p61	Z08115	12	3.0	2.0	2454.8604564890784	2455.0548577061295
2455.110698994801	0.5244414051180684	trials	200719TX	p61	Z08115	109	36.0	0.0	2455.2606989948013	2455.485140399919
2455.5509817511966	0.5244814053689879	trials	200719TX	p61	Z08115	86	28.0	1.0	2455.7009817511967	2455.9254631565655
2456.001304570448	0.4944012170512906	trials	200719TX	p61	Z08115	74	24.0	1.0	2456.1513045704482	2456.3457057874994
2459.5136865597583	0.5044412799074962	trials	200719TX	p61	Z08115	31	10.0	0.0	2459.6636865597584	2459.8681278396657
2461.9753819712323	0.5044012796570314	trials	200719TX	p61	Z08115	90	29.0	2.0	2462.1253819712324	2462.3297832508892
2462.4056646650224	0.4944012170512906	trials	200719TX	p61	Z08115	112	37.0	0.0	2462.5556646650225	2462.7500658820736
2462.805947170996	0.5244014048676036	trials	200719TX	p61	Z08115	17	5.0	1.0	2462.9559471709963	2463.1803485758637
2463.256229989997	0.49440121705174533	trials	200719TX	p61	Z08115	33	10.0	2.0	2463.406229989997	2463.6006312070485
2463.6565124959707	0.5344414677238092	trials	200719TX	p61	Z08115	0			2463.8065124959708	2464.0409539636944
2464.1068353152223	0.4944012170512906	trials	200719TX	p61	Z08115	98	32.0	1.0	2464.2568353152224	2464.4512365322735
2464.517117883801	0.5244014048680583	trials	200719TX	p61	Z08115	108	35.0	2.0	2464.667117883801	2464.891519288669
2464.967400702802	0.4944012170512906	trials	200719TX	p61	Z08115	102	33.0	2.0	2465.117400702802	2465.311801919853
2470.351074407357	0.5044012796570314	trials	200719TX	p61	Z08115	23	7.0	1.0	2470.501074407357	2470.705475687014
2472.8127298185805	0.5044012796570314	trials	200719TX	p61	Z08115	25	8.0	0.0	2472.9627298185806	2473.1671310982374
2473.243052512621	0.4944012170512906	trials	200719TX	p61	Z08115	34	11.0	0.0	2473.393052512621	2473.5874537296722
2473.673335206411	0.4944012170512906	trials	200719TX	p61	Z08115	120	39.0	2.0	2473.8233352064112	2474.0177364234623
2474.08361777499	0.5244014048676036	trials	200719TX	p61	Z08115	1	0.0	0.0	2474.2336177749903	2474.4580191798577
2474.533900593991	0.49440121705174533	trials	200719TX	p61	Z08115	26	8.0	1.0	2474.683900593991	2474.8783018110425
2474.9341830999647	0.5244414051180684	trials	200719TX	p61	Z08115	47	15.0	1.0	2475.084183099965	2475.3086245050827
2475.364465793755	0.4944012170512906	trials	200719TX	p61	Z08115	92	30.0	1.0	2475.514465793755	2475.708867010806
2475.764748299728	0.5344414677238092	trials	200719TX	p61	Z08115	8	2.0	1.0	2475.914748299728	2476.149189767452
2479.2370900383657	0.5044412799074962	trials	200719TX	p61	Z08115	80	26.0	1.0	2479.387090038366	2479.591531318273
2479.6674127324063	0.4944012170512906	trials	200719TX	p61	Z08115	66	21.0	2.0	2479.8174127324064	2480.0118139494575
2480.0976954261964	0.4944012170512906	trials	200719TX	p61	Z08115	65	21.0	1.0	2480.2476954261965	2480.4420966432476
2480.4979379319193	0.5344414677238092	trials	200719TX	p61	Z08115	14	4.0	1.0	2480.6479379319194	2480.882379399643
2480.948260751171	0.4944012170512906	trials	200719TX	p61	Z08115	117	38.0	2.0	2481.098260751171	2481.292661968222
2481.35854331975	0.5244414051185231	trials	200719TX	p61	Z08115	95	31.0	1.0	2481.50854331975	2481.7329847248684
2481.8088661390016	0.4944012170512906	trials	200719TX	p61	Z08115	68	22.0	1.0	2481.9588661390017	2482.1532673560528
2482.2391488327917	0.4944012170512906	trials	200719TX	p61	Z08115	35	11.0	1.0	2482.3891488327918	2482.583550049843
2485.7915710727743	0.5044012796565767	trials	200719TX	p61	Z08115	105	34.0	2.0	2485.9415710727744	2486.145972352431
2488.4333476116485	0.5044012796565767	trials	200719TX	p61	Z08115	38	12.0	1.0	2488.5833476116486	2488.787748891305
2491.245285215818	0.5044012796565767	trials	200719TX	p61	Z08115	84	27.0	2.0	2491.395285215818	2491.5996864954745
2491.655567784397	0.5044012796565767	trials	200719TX	p61	Z08115	7	2.0	0.0	2491.805567784397	2492.0099690640536
2492.085850478187	0.5044012796570314	trials	200719TX	p61	Z08115	48	15.0	2.0	2492.235850478187	2492.4402517578437
2492.496133046766	0.5244014048680583	trials	200719TX	p61	Z08115	44	14.0	1.0	2492.646133046766	2492.870534451634
2492.946415865767	0.4944012170512906	trials	200719TX	p61	Z08115	63	20.0	2.0	2493.096415865767	2493.290817082818
2493.376698559557	0.4944012170512906	trials	200719TX	p61	Z08115	67	22.0	0.0	2493.526698559557	2493.7210997766083
2493.786981128136	0.4944012170512906	trials	200719TX	p61	Z08115	93	30.0	2.0	2493.9369811281363	2494.1313823451874
2496.5288382935664	0.5044412799070415	trials	200719TX	p61	Z08115	34	11.0	0.0	2496.6788382935665	2496.8832795734734
2501.432188991053	0.5044012796570314	trials	200719TX	p61	Z08115	67	22.0	0.0	2501.582188991053	2501.78659027071
2503.9739249036215	0.5044012796570314	trials	200719TX	p61	Z08115	42	13.0	2.0	2504.1239249036216	2504.3283261832785
2504.4042075974116	0.4944012170512906	trials	200719TX	p61	Z08115	95	31.0	1.0	2504.5542075974117	2504.748608814463
2504.824490228596	0.5044012796570314	trials	200719TX	p61	Z08115	56	18.0	1.0	2504.974490228596	2505.178891508253
2505.254772922386	0.4944012170512906	trials	200719TX	p61	Z08115	2	0.0	1.0	2505.404772922386	2505.5991741394373
2505.65505542836	0.5244414051180684	trials	200719TX	p61	Z08115	77	25.0	1.0	2505.80505542836	2506.029496833478
2506.105378247611	0.4944012170512906	trials	200719TX	p61	Z08115	117	38.0	2.0	2506.255378247611	2506.4497794646622
2506.5056207533344	0.5344414677238092	trials	200719TX	p61	Z08115	80	26.0	1.0	2506.6556207533345	2506.890062221058
2506.975943697797	0.4944012170512906	trials	200719TX	p61	Z08115	51	16.0	2.0	2507.125943697797	2507.320344914848
2510.3782449979453	0.5144413425127823	trials	200719TX	p61	Z08115	15	4.0	2.0	2510.5282449979454	2510.742686340458
2510.8185677545916	0.4944012170512906	trials	200719TX	p61	Z08115	8	2.0	1.0	2510.9685677545917	2511.162968971643
2511.2288503231703	0.5244414051185231	trials	200719TX	p61	Z08115	113	37.0	1.0	2511.3788503231704	2511.6032917282887
2511.6791331421714	0.4944412173017554	trials	200719TX	p61	Z08115	90	29.0	2.0	2511.8291331421715	2512.023574359473
2512.079415648145	0.4944012170512906	trials	200719TX	p61	Z08115	7	2.0	0.0	2512.2294156481453	2512.4238168651964
2512.5097383421853	0.49440121705174533	trials	200719TX	p61	Z08115	105	34.0	2.0	2512.6597383421854	2512.854139559237
2512.919980910514	0.5244414051185231	trials	200719TX	p61	Z08115	68	22.0	1.0	2513.069980910514	2513.2944223156323
2513.3602636669098	0.534481467974274	trials	200719TX	p61	Z08115	98	32.0	1.0	2513.51026366691	2513.744745134884
2517.132847285215	0.5244414051185231	trials	200719TX	p61	Z08115	106	35.0	0.0	2517.282847285215	2517.5072886903336
2519.6045027590444	0.5144413425127823	trials	200719TX	p61	Z08115	58	19.0	0.0	2519.7545027590445	2519.968944101557
2520.0248253904792	0.5244414051185231	trials	200719TX	p61	Z08115	61	20.0	0.0	2520.1748253904793	2520.3992667955977
2520.475148209731	0.4944012170512906	trials	200719TX	p61	Z08115	5	1.0	1.0	2520.625148209731	2520.819549426782
2520.8754307157046	0.5244014048676036	trials	200719TX	p61	Z08115	101	33.0	1.0	2521.0254307157047	2521.249832120572
2521.305673409244	0.5044412799074962	trials	200719TX	p61	Z08115	45	14.0	2.0	2521.455673409244	2521.660114689151
2521.7159959780734	0.5244014048680583	trials	200719TX	p61	Z08115	107	35.0	1.0	2521.8659959780734	2522.0903973829413
2522.156278734469	0.5344414677238092	trials	200719TX	p61	Z08115	111	36.0	2.0	2522.3062787344693	2522.540720202193
2522.5965614908646	0.4944012170512906	trials	200719TX	p61	Z08115	38	12.0	1.0	2522.7465614908647	2522.940962707916
2527.399831561795	0.5244414051185231	trials	200719TX	p61	Z08115	30	9.0	2.0	2527.549831561795	2527.7742729669135
2530.13168866462	0.5044012796565767	trials	200719TX	p61	Z08115	0			2530.28168866462	2530.4860899442765
2532.4732633240765	0.5044412799074962	trials	200719TX	p61	Z08115	0			2532.6232633240766	2532.827704603984
2535.0450394247123	0.5044012796565767	trials	200719TX	p61	Z08115	120	39.0	2.0	2535.1950394247124	2535.3994407043688
2537.3866140841687	0.5244414051185231	trials	200719TX	p61	Z08115	16	5.0	0.0	2537.536614084169	2537.761055489287
2537.8369369034203	0.4944012170512906	trials	200719TX	p61	Z08115	20	6.0	1.0	2537.9869369034204	2538.1813381204715
2538.2372194093937	0.49440121705174533	trials	200719TX	p61	Z08115	53	17.0	1.0	2538.3872194093938	2538.5816206264453
2538.667502103184	0.4944012170512906	trials	200719TX	p61	Z08115	64	21.0	0.0	2538.817502103184	2539.011903320235
2539.067744608907	0.5044412799070415	trials	200719TX	p61	Z08115	22	7.0	0.0	2539.217744608907	2539.422185888814
2539.508067365553	0.4944012170512906	trials	200719TX	p61	Z08115	65	21.0	1.0	2539.658067365553	2539.852468582604
2539.908309871276	0.5244414051185231	trials	200719TX	p61	Z08115	28	9.0	0.0	2540.058309871276	2540.2827512763943
2540.3586326905274	0.4944012170512906	trials	200719TX	p61	Z08115	60	19.0	2.0	2540.5086326905275	2540.7030339075786
2543.8610146172323	0.5044012796565767	trials	200719TX	p61	Z08115	10	3.0	0.0	2544.0110146172324	2544.2154158968888
2544.2712971858114	0.5244414051180684	trials	200719TX	p61	Z08115	25	8.0	0.0	2544.4212971858115	2544.6457385909293
2544.7216200050625	0.49440121705174533	trials	200719TX	p61	Z08115	115	38.0	0.0	2544.8716200050626	2545.066021222114
2545.1619027614584	0.4944012170512906	trials	200719TX	p61	Z08115	6	1.0	2.0	2545.3119027614584	2545.5063039785095
2545.5921854552485	0.4944012170512906	trials	200719TX	p61	Z08115	87	28.0	2.0	2545.7421854552485	2545.9365866722997
2545.992467961222	0.5344414677238092	trials	200719TX	p61	Z08115	109	36.0	0.0	2546.142467961222	2546.3769094289455
2546.432750717617	0.49440121705174533	trials	200719TX	p61	Z08115	41	13.0	1.0	2546.5827507176173	2546.777151934669
2546.8630734116578	0.4944012170512906	trials	200719TX	p61	Z08115	26	8.0	1.0	2547.013073411658	2547.207474628709
2550.435455776601	0.5044412799074962	trials	200719TX	p61	Z08115	97	32.0	0.0	2550.585455776601	2550.7898970565084
2552.847110874797	0.4944012170512906	trials	200719TX	p61	Z08115	54	17.0	2.0	2552.9971108747973	2553.1915120918484
2553.2673935059815	0.5044412799074962	trials	200719TX	p61	Z08115	84	27.0	2.0	2553.4173935059816	2553.621834785889
2553.7076762623774	0.4944412173017554	trials	200719TX	p61	Z08115	119	39.0	1.0	2553.8576762623775	2554.052117479679
2554.1079587683507	0.5244414051185231	trials	200719TX	p61	Z08115	93	30.0	2.0	2554.257958768351	2554.482400173469
2554.5482815249966	0.5044012796570314	trials	200719TX	p61	Z08115	36	11.0	2.0	2554.6982815249967	2554.9026828046535
2554.9785642187867	0.4944012170512906	trials	200719TX	p61	Z08115	21	6.0	2.0	2555.128564218787	2555.322965435838
2555.3788467247605	0.5244414051180684	trials	200719TX	p61	Z08115	103	34.0	0.0	2555.5288467247606	2555.7532881298785
2555.829129543761	0.4944412173017554	trials	200719TX	p61	Z08115	62	20.0	1.0	2555.9791295437612	2556.173570761063
2559.5016725357614	0.5044012796570314	trials	200719TX	p61	Z08115	52	17.0	0.0	2559.6516725357615	2559.8560738154183
2559.91191510409	0.5244414051185231	trials	200719TX	p61	Z08115	82	27.0	0.0	2560.06191510409	2560.2863565092084
2560.3622379233416	0.4944012170512906	trials	200719TX	p61	Z08115	31	10.0	0.0	2560.5122379233417	2560.706639140393
2560.7624804290645	0.4944012170512906	trials	200719TX	p61	Z08115	83	27.0	1.0	2560.9124804290645	2561.1068816461157
2561.192803123105	0.5044012796570314	trials	200719TX	p61	Z08115	48	15.0	2.0	2561.342803123105	2561.547204402762
2561.6330858795004	0.49440121705174533	trials	200719TX	p61	Z08115	75	24.0	2.0	2561.7830858795005	2561.977487096552
2562.033368385474	0.5244414051180684	trials	200719TX	p61	Z08115	39	12.0	2.0	2562.1833683854743	2562.407809790592
2562.4836912047253	0.49440121705174533	trials	200719TX	p61	Z08115	24	7.0	2.0	2562.6336912047254	2562.828092421777
2565.885992504874	0.5044012796570314	trials	200719TX	p61	Z08115	9	2.0	2.0	2566.0359925048742	2566.240393784531
2566.296275073453	0.5044012796570314	trials	200719TX	p61	Z08115	33	10.0	2.0	2566.4462750734533	2566.65067635311
2566.736557829849	0.5244414051180684	trials	200719TX	p61	Z08115	104	34.0	1.0	2566.886557829849	2567.110999234967
2567.1668405236387	0.4944012170512906	trials	200719TX	p61	Z08115	70	23.0	0.0	2567.316840523639	2567.51124174069
2567.5671230296125	0.5344414677238092	trials	200719TX	p61	Z08115	35	11.0	1.0	2567.7171230296126	2567.951564497336
2568.007405786008	0.5244414051185231	trials	200719TX	p61	Z08115	94	31.0	0.0	2568.157405786008	2568.3818471911263
2568.4577286052595	0.4944012170512906	trials	200719TX	p61	Z08115	81	26.0	2.0	2568.6077286052596	2568.8021298223107
2568.858011111233	0.5244014048680583	trials	200719TX	p61	Z08115	11	3.0	1.0	2569.008011111233	2569.232412516101
2572.7306353558442	0.5044012796565767	trials	200719TX	p61	Z08115	102	33.0	2.0	2572.8806353558443	2573.0850366355007
2573.1409179244233	0.4944012170512906	trials	200719TX	p61	Z08115	86	28.0	1.0	2573.2909179244234	2573.4853191414745
2573.5712006182134	0.4944012170512906	trials	200719TX	p61	Z08115	49	16.0	0.0	2573.7212006182135	2573.9156018352646
2573.981483186792	0.5244414051185231	trials	200719TX	p61	Z08115	29	9.0	1.0	2574.131483186792	2574.3559245919105
2574.411765880582	0.5244414051185231	trials	200719TX	p61	Z08115	19	6.0	0.0	2574.5617658805822	2574.7862072857006
2574.8620886998337	0.4944012170512906	trials	200719TX	p61	Z08115	110	36.0	1.0	2575.012088699834	2575.206489916885
2575.262371205807	0.49440121705174533	trials	200719TX	p61	Z08115	57	18.0	2.0	2575.412371205807	2575.6067724228587
2575.692653899597	0.5044012796570314	trials	200719TX	p61	Z08115	1	0.0	0.0	2575.8426538995973	2576.047055179254
2579.505237768325	0.5044012796565767	trials	200719TX	p61	Z08115	27	8.0	2.0	2579.655237768325	2579.8596390479815
2579.915520336904	0.4944012170512906	trials	200719TX	p61	Z08115	47	15.0	1.0	2580.0655203369042	2580.2599215539553
2580.3458030306942	0.4944012170512906	trials	200719TX	p61	Z08115	0			2580.4958030306943	2580.6902042477454
2580.7460855366676	0.5044012796570314	trials	200719TX	p61	Z08115	96	31.0	2.0	2580.8960855366677	2581.1004868163245
2581.1563681052467	0.5244014048680583	trials	200719TX	p61	Z08115	112	37.0	0.0	2581.3063681052467	2581.5307695101146
2581.596650861642	0.5044412799074962	trials	200719TX	p61	Z08115	73	24.0	0.0	2581.746650861642	2581.9510921415495
2582.036933618038	0.4944412173017554	trials	200719TX	p61	Z08115	79	26.0	0.0	2582.186933618038	2582.3813748353396
2582.4372161240112	0.5244414051180684	trials	200719TX	p61	Z08115	91	30.0	0.0	2582.5872161240113	2582.811657529129
2587.9309705177275	0.5244014048680583	trials	200719TX	p61	Z08115	32	10.0	1.0	2588.0809705177276	2588.3053719225954
2590.922989249297	0.5044012796570314	trials	200719TX	p61	Z08115	4	1.0	0.0	2591.0729892492973	2591.277390528954
2591.3532719430873	0.4944012170512906	trials	200719TX	p61	Z08115	55	18.0	0.0	2591.5032719430874	2591.6976731601385
2597.957793290773	0.49436121680128053	trials	200719TX	p61	Z08115	50	16.0	1.0	2598.1077932907733	2598.3021545075744
2598.3580357964966	0.4944012170512906	trials	200719TX	p61	Z08115	108	35.0	2.0	2598.5080357964966	2598.7024370135478
2598.75831830247	0.5344414677238092	trials	200719TX	p61	Z08115	85	28.0	0.0	2598.90831830247	2599.1427597701936
2599.2086411217215	0.5044012796570314	trials	200719TX	p61	Z08115	43	14.0	0.0	2599.3586411217216	2599.5630424013784
2599.61888369005	0.5244414051180684	trials	200719TX	p61	Z08115	14	4.0	1.0	2599.76888369005	2599.993325095168
2600.0692065093017	0.4944012170512906	trials	200719TX	p61	Z08115	0			2600.219206509302	2600.413607726353
2600.469489015275	0.4944012170512906	trials	200719TX	p61	Z08115	18	5.0	2.0	2600.619489015275	2600.8138902323262
2600.899771709065	0.4944012170512906	trials	200719TX	p61	Z08115	71	23.0	1.0	2601.049771709065	2601.2441729261163
2604.292072946608	0.4944012170512906	trials	200719TX	p61	Z08115	116	38.0	1.0	2604.4420729466083	2604.6364741636594
2604.7023555151873	0.5244414051185231	trials	200719TX	p61	Z08115	63	20.0	2.0	2604.8523555151874	2605.0767969203057
2605.152678334439	0.5244014048680583	trials	200719TX	p61	Z08115	13	4.0	0.0	2605.302678334439	2605.527079739307
2605.60296115344	0.4944012170512906	trials	200719TX	p61	Z08115	17	5.0	1.0	2605.75296115344	2605.947362370491
2606.0032436594133	0.5244414051185231	trials	200719TX	p61	Z08115	88	29.0	0.0	2606.1532436594134	2606.3776850645318
2606.453566478665	0.4944012170512906	trials	200719TX	p61	Z08115	74	24.0	1.0	2606.603566478665	2606.797967695716
2606.853808984388	0.5344414677238092	trials	200719TX	p61	Z08115	78	25.0	2.0	2607.003808984388	2607.2382504521115
2607.3041318036394	0.5344414677238092	trials	200719TX	p61	Z08115	69	22.0	2.0	2607.4541318036395	2607.688573271363
2611.15675592304	0.5044012796565767	trials	200719TX	p61	Z08115	92	30.0	1.0	2611.30675592304	2611.5111572026963
2611.577038554224	0.4944012170512906	trials	200719TX	p61	Z08115	114	37.0	2.0	2611.7270385542242	2611.9214397712753
2612.0073212480143	0.4944012170512906	trials	200719TX	p61	Z08115	99	32.0	2.0	2612.1573212480143	2612.3517224650654
2612.4076037539876	0.5244014048680583	trials	200719TX	p61	Z08115	66	21.0	2.0	2612.5576037539877	2612.7820051588556
2612.857926573239	0.4943612168008258	trials	200719TX	p61	Z08115	37	12.0	0.0	2613.0079265732393	2613.20228779004
2613.258169078962	0.5344414677242639	trials	200719TX	p61	Z08115	72	23.0	2.0	2613.408169078962	2613.6426105466862
2613.6984918356084	0.5244014048676036	trials	200719TX	p61	Z08115	40	13.0	0.0	2613.8484918356085	2614.072893240476
2614.1487746546095	0.4944012170512906	trials	200719TX	p61	Z08115	46	15.0	0.0	2614.2987746546096	2614.4931758716607
2618.7218832846115	0.5044012796570314	trials	200719TX	p61	Z08115	89	29.0	1.0	2618.8718832846116	2619.0762845642685
2619.1321658531906	0.5244414051180684	trials	200719TX	p61	Z08115	12	3.0	2.0	2619.2821658531907	2619.5066072583086
2619.5624485469807	0.5044412799070415	trials	200719TX	p61	Z08115	76	25.0	0.0	2619.712448546981	2619.9168898268877
2620.002731303376	0.4944412173017554	trials	200719TX	p61	Z08115	59	19.0	1.0	2620.152731303376	2620.3471725206778
2620.4330539974167	0.5044012796570314	trials	200719TX	p61	Z08115	118	39.0	0.0	2620.5830539974168	2620.7874552770736
2620.8433365659957	0.5244014048676036	trials	200719TX	p61	Z08115	23	7.0	1.0	2620.993336565996	2621.2177379708633
2621.293659385247	0.49436121680128053	trials	200719TX	p61	Z08115	3	0.0	2.0	2621.443659385247	2621.638020602048
2621.7239020787865	0.49444121730221013	trials	200719TX	p61	Z08115	100	33.0	0.0	2621.8739020787866	2622.0683432960886
2627.5678986651983	0.5044012796570314	trials	200719TX	p61	Z08115	38	12.0	1.0	2627.7178986651984	2627.9222999448552
2627.9981813589884	0.4944012170512906	trials	200719TX	p61	Z08115	23	7.0	1.0	2628.1481813589885	2628.3425825760396
2628.398463864962	0.5244414051180684	trials	200719TX	p61	Z08115	36	11.0	2.0	2628.5484638649623	2628.77290527008
2628.848746683963	0.4944412173017554	trials	200719TX	p61	Z08115	95	31.0	1.0	2628.998746683963	2629.1931879012645
2629.2490291899367	0.5244414051180684	trials	200719TX	p61	Z08115	83	27.0	1.0	2629.3990291899368	2629.6234705950546
2629.689311946332	0.4944412173017554	trials	200719TX	p61	Z08115	8	2.0	1.0	2629.839311946332	2630.0337531636337
2630.089594452306	0.5244414051180684	trials	200719TX	p61	Z08115	74	24.0	1.0	2630.239594452306	2630.464035857424
2630.539917271557	0.4944012170512906	trials	200719TX	p61	Z08115	52	17.0	0.0	2630.689917271557	2630.884318488608
2634.142379824818	0.5044012796565767	trials	200719TX	p61	Z08115	90	29.0	2.0	2634.292379824818	2634.4967811044744
2634.552662393397	0.4944012170512906	trials	200719TX	p61	Z08115	24	7.0	2.0	2634.702662393397	2634.897063610448
2634.9829450871866	0.5044012796570314	trials	200719TX	p61	Z08115	10	3.0	0.0	2635.1329450871867	2635.3373463668436
2635.4232278435825	0.5244414051180684	trials	200719TX	p61	Z08115	80	26.0	1.0	2635.5732278435826	2635.7976692487005
2635.873550662834	0.4944012170512906	trials	200719TX	p61	Z08115	60	19.0	2.0	2636.023550662834	2636.2179518798853
2636.2738331688074	0.4944012170512906	trials	200719TX	p61	Z08115	104	34.0	1.0	2636.4238331688075	2636.6182343858586
2636.684075737136	0.5244414051185231	trials	200719TX	p61	Z08115	120	39.0	2.0	2636.834075737136	2637.0585171422545
2637.124398493782	0.4944012170512906	trials	200719TX	p61	Z08115	18	5.0	2.0	2637.274398493782	2637.468799710833
2642.7882339522926	0.5244014048680583	trials	200719TX	p61	Z08115	37	12.0	0.0	2642.9382339522926	2643.1626353571605
2643.2185166460827	0.4944012170512906	trials	200719TX	p61	Z08115	75	24.0	2.0	2643.3685166460828	2643.562917863134
2643.6487993398728	0.4944412173017554	trials	200719TX	p61	Z08115	2	0.0	1.0	2643.798799339873	2643.9932405571744
2644.0691219713076	0.49440121705174533	trials	200719TX	p61	Z08115	39	12.0	2.0	2644.2191219713077	2644.4135231883592
2644.469364477031	0.5244414051185231	trials	200719TX	p61	Z08115	73	24.0	0.0	2644.619364477031	2644.8438058821494
2647.021100452205	0.514441342513237	trials	200719TX	p61	Z08115	71	23.0	1.0	2647.171100452205	2647.385541794718
2647.451383145995	0.5244414051185231	trials	200719TX	p61	Z08115	5	1.0	1.0	2647.601383145995	2647.8258245511133
2647.8817058400355	0.4944012170512906	trials	200719TX	p61	Z08115	93	30.0	2.0	2648.0317058400356	2648.2261070570867
2648.3119885338256	0.5044012796570314	trials	200719TX	p61	Z08115	19	6.0	0.0	2648.4619885338257	2648.6663898134825
2648.752271290221	0.4944412173017554	trials	200719TX	p61	Z08115	51	16.0	2.0	2648.902271290221	2649.0967125075226
2649.1525537961948	0.5244414051180684	trials	200719TX	p61	Z08115	43	14.0	0.0	2649.302553796195	2649.5269952013127
2649.6128766780516	0.5044012796570314	trials	200719TX	p61	Z08115	96	31.0	2.0	2649.7628766780517	2649.9672779577086
2650.043199372092	0.4943612168008258	trials	200719TX	p61	Z08115	16	5.0	0.0	2650.1931993720923	2650.387560588893
2653.925823679309	0.5044012796565767	trials	200719TX	p61	Z08115	78	25.0	2.0	2654.075823679309	2654.2802249589654
2656.737721283228	0.5044012796570314	trials	200719TX	p61	Z08115	115	38.0	0.0	2656.887721283228	2657.092122562885
2657.168003977018	0.4944012170512906	trials	200719TX	p61	Z08115	53	17.0	1.0	2657.318003977018	2657.5124051940693
2657.598286670808	0.4944012170512906	trials	200719TX	p61	Z08115	15	4.0	2.0	2657.7482866708083	2657.9426878878594
2657.9985691767815	0.5244414051185231	trials	200719TX	p61	Z08115	85	28.0	0.0	2658.1485691767816	2658.3730105819
2658.448891996033	0.4944012170512906	trials	200719TX	p61	Z08115	92	30.0	1.0	2658.598891996033	2658.7932932130843
2658.8491745020065	0.5044012796570314	trials	200719TX	p61	Z08115	108	35.0	2.0	2658.9991745020066	2659.2035757816634
2659.2894572584023	0.4944012170512906	trials	200719TX	p61	Z08115	42	13.0	2.0	2659.4394572584024	2659.6338584754535
2659.6897397643756	0.5244014048676036	trials	200719TX	p61	Z08115	67	22.0	0.0	2659.8397397643757	2660.064141169243
2663.342202630664	0.5244414051180684	trials	200719TX	p61	Z08115	49	16.0	0.0	2663.492202630664	2663.716644035782
2663.772485324454	0.4944012170512906	trials	200719TX	p61	Z08115	117	38.0	2.0	2663.922485324454	2664.116886541505
2664.202768018244	0.4944412173017554	trials	200719TX	p61	Z08115	107	35.0	1.0	2664.352768018244	2664.547209235546
2664.6130505868227	0.5244414051185231	trials	200719TX	p61	Z08115	0			2664.763050586823	2664.987491991941
2665.053373343469	0.5044012796565767	trials	200719TX	p61	Z08115	0			2665.203373343469	2665.4077746231255
2665.4936560998644	0.4944012170512906	trials	200719TX	p61	Z08115	87	28.0	2.0	2665.6436560998645	2665.8380573169156
2665.893938605838	0.49440121705174533	trials	200719TX	p61	Z08115	116	38.0	1.0	2666.043938605838	2666.2383398228894
2666.324221299628	0.5044412799074962	trials	200719TX	p61	Z08115	57	18.0	2.0	2666.474221299628	2666.6786625795353
2670.076764792472	0.5044412799074962	trials	200719TX	p61	Z08115	113	37.0	1.0	2670.2267647924723	2670.4312060723796
2670.507087486513	0.4944012170512906	trials	200719TX	p61	Z08115	54	17.0	2.0	2670.657087486513	2670.851488703564
2670.947370242908	0.4944012170512906	trials	200719TX	p61	Z08115	14	4.0	1.0	2671.0973702429083	2671.2917714599594
2673.609186907244	0.5244014048680583	trials	200719TX	p61	Z08115	64	21.0	0.0	2673.759186907244	2673.983588312112
2674.0595097264954	0.5244014048676036	trials	200719TX	p61	Z08115	88	29.0	0.0	2674.2095097264955	2674.433911131363
2676.3710841981356	0.5044012796565767	trials	200719TX	p61	Z08115	48	15.0	2.0	2676.5210841981357	2676.725485477792
2676.801366891925	0.49440121705174533	trials	200719TX	p61	Z08115	103	34.0	0.0	2676.9513668919253	2677.145768108977
2677.2316495857153	0.49440121705174533	trials	200719TX	p61	Z08115	41	13.0	1.0	2677.3816495857154	2677.576050802767
2677.6419321542944	0.5244014048680583	trials	200719TX	p61	Z08115	29	9.0	1.0	2677.7919321542945	2678.0163335591624
2678.0822149106903	0.5044012796565767	trials	200719TX	p61	Z08115	79	26.0	0.0	2678.2322149106903	2678.4366161903467
2678.5224976670856	0.4944412173017554	trials	200719TX	p61	Z08115	56	18.0	1.0	2678.6724976670857	2678.8669388843873
2678.922780173059	0.49440121705174533	trials	200719TX	p61	Z08115	91	30.0	0.0	2679.072780173059	2679.2671813901106
2679.3531028670996	0.5044012796570314	trials	200719TX	p61	Z08115	98	32.0	1.0	2679.5031028670996	2679.7075041467565
2682.7954044176704	0.5044412799070415	trials	200719TX	p61	Z08115	13	4.0	0.0	2682.9454044176705	2683.1498456975773
2683.2057269865	0.4943612168008258	trials	200719TX	p61	Z08115	102	33.0	2.0	2683.3557269865	2683.5500882033007
2683.605969492223	0.4944012170512906	trials	200719TX	p61	Z08115	59	19.0	1.0	2683.755969492223	2683.950370709274
2684.036252186013	0.5044412799074962	trials	200719TX	p61	Z08115	22	7.0	0.0	2684.186252186013	2684.3906934659203
2684.4765349424083	0.4944412173017554	trials	200719TX	p61	Z08115	97	32.0	0.0	2684.6265349424084	2684.82097615971
2684.876817448382	0.5244414051180684	trials	200719TX	p61	Z08115	28	9.0	0.0	2685.026817448382	2685.2512588535
2685.3071401424227	0.5044012796565767	trials	200719TX	p61	Z08115	33	10.0	2.0	2685.4571401424228	2685.661541422079
2685.7374228362123	0.5044012796570314	trials	200719TX	p61	Z08115	105	34.0	2.0	2685.8874228362124	2686.0918241158693
2689.3698855772896	0.5044012796570314	trials	200719TX	p61	Z08115	1	0.0	0.0	2689.5198855772896	2689.7242868569465
2689.7801681458686	0.4944012170512906	trials	200719TX	p61	Z08115	30	9.0	2.0	2689.9301681458687	2690.12456936292
2690.2104508396587	0.4944012170512906	trials	200719TX	p61	Z08115	81	26.0	2.0	2690.360450839659	2690.55485205671
2690.610733345632	0.5344414677238092	trials	200719TX	p61	Z08115	100	33.0	0.0	2690.760733345632	2690.995174813356
2691.0610561648837	0.5044012796570314	trials	200719TX	p61	Z08115	109	36.0	0.0	2691.2110561648838	2691.4154574445406
2691.501338921279	0.49440121705174533	trials	200719TX	p61	Z08115	0			2691.651338921279	2691.8457401383307
2691.901621427253	0.4944012170512906	trials	200719TX	p61	Z08115	112	37.0	0.0	2692.051621427253	2692.246022644304
2692.331904121043	0.5044012796565767	trials	200719TX	p61	Z08115	84	27.0	2.0	2692.481904121043	2692.6863054006994
2699.536789227314	0.5244414051180684	trials	200719TX	p61	Z08115	55	18.0	0.0	2699.686789227314	2699.911230632432
2699.967071921104	0.5244414051180684	trials	200719TX	p61	Z08115	4	1.0	0.0	2700.117071921104	2700.341513326222
2700.397394615144	0.49440121705174533	trials	200719TX	p61	Z08115	9	2.0	2.0	2700.547394615144	2700.7417958321957
2700.7976371208674	0.5244414051180684	trials	200719TX	p61	Z08115	77	25.0	1.0	2700.9476371208675	2701.1720785259854
2701.247959940119	0.4944012170512906	trials	200719TX	p61	Z08115	31	10.0	0.0	2701.397959940119	2701.59236115717
2701.6582425086976	0.5244414051185231	trials	200719TX	p61	Z08115	65	21.0	1.0	2701.8082425086977	2702.032683913816
2702.0885252024877	0.4944012170512906	trials	200719TX	p61	Z08115	111	36.0	2.0	2702.238525202488	2702.432926419539
2702.488807708461	0.5244414051185231	trials	200719TX	p61	Z08115	61	20.0	0.0	2702.638807708461	2702.8632491135795
2706.341391827611	0.5244414051185231	trials	200719TX	p61	Z08115	62	20.0	1.0	2706.491391827611	2706.7158332327294
2706.7717145216516	0.5244414051185231	trials	200719TX	p61	Z08115	106	35.0	0.0	2706.9217145216517	2707.14615592677
2707.2019972154417	0.4944012170512906	trials	200719TX	p61	Z08115	101	33.0	1.0	2707.3519972154418	2707.546398432493
2707.6122797840208	0.5244414051180684	trials	200719TX	p61	Z08115	7	2.0	0.0	2707.762279784021	2707.9867211891387
2708.052562540416	0.5044412799074962	trials	200719TX	p61	Z08115	32	10.0	1.0	2708.2025625404162	2708.4070038203236
2708.4628851092457	0.5244014048680583	trials	200719TX	p61	Z08115	46	15.0	0.0	2708.612885109246	2708.8372865141137
2708.8931278027853	0.4944412173017554	trials	200719TX	p61	Z08115	99	32.0	2.0	2709.0431278027854	2709.237569020087
2709.3234504968254	0.5044012796570314	trials	200719TX	p61	Z08115	3	0.0	2.0	2709.4734504968255	2709.6778517764824
2716.658416417469	0.5044412799070415	trials	200719TX	p61	Z08115	40	13.0	0.0	2716.8084164174693	2717.012857697376
2717.0786990486536	0.5244414051185231	trials	200719TX	p61	Z08115	27	8.0	2.0	2717.2286990486537	2717.453140453772
2717.5190218052994	0.5044012796570314	trials	200719TX	p61	Z08115	94	31.0	0.0	2717.6690218052995	2717.8734230849564
2717.9593045616953	0.4944012170512906	trials	200719TX	p61	Z08115	0			2718.1093045616954	2718.3037057787465
2718.3595870676686	0.4944012170512906	trials	200719TX	p61	Z08115	69	22.0	2.0	2718.5095870676687	2718.70398828472
2718.7898697614587	0.5044412799074962	trials	200719TX	p61	Z08115	119	39.0	1.0	2718.939869761459	2719.144311041366
2719.2301925181046	0.4944012170512906	trials	200719TX	p61	Z08115	110	36.0	1.0	2719.3801925181046	2719.5745937351558
2719.6604752118947	0.4944012170512906	trials	200719TX	p61	Z08115	6	1.0	2.0	2719.8104752118948	2720.004876428946
2725.2042299186387	0.5044012796565767	trials	200719TX	p61	Z08115	118	39.0	0.0	2725.354229918639	2725.558631198295
2725.624512549823	0.5244414051185231	trials	200719TX	p61	Z08115	25	8.0	0.0	2725.774512549823	2725.9989539549415
2726.0647953062185	0.5044412799074962	trials	200719TX	p61	Z08115	114	37.0	2.0	2726.2147953062185	2726.419236586126
2726.5051180628648	0.4944012170512906	trials	200719TX	p61	Z08115	76	25.0	0.0	2726.655118062865	2726.849519279916
2726.905400568838	0.5244014048676036	trials	200719TX	p61	Z08115	68	22.0	1.0	2727.055400568838	2727.2798019737056
2727.3557233880897	0.5344014674733444	trials	200719TX	p61	Z08115	63	20.0	2.0	2727.50572338809	2727.740124855563
2727.8060062070904	0.49440121705174533	trials	200719TX	p61	Z08115	26	8.0	1.0	2727.9560062070905	2728.150407424142
2728.2162887756695	0.5244414051185231	trials	200719TX	p61	Z08115	89	29.0	1.0	2728.3662887756695	2728.590730180788
2731.8687516419577	0.4944012170512906	trials	200719TX	p61	Z08115	50	16.0	1.0	2732.018751641958	2732.213152859009
2732.279034210537	0.4944012170512906	trials	200719TX	p61	Z08115	44	14.0	1.0	2732.429034210537	2732.623435427588
2732.67931671651	0.5244414051185231	trials	200719TX	p61	Z08115	17	5.0	1.0	2732.82931671651	2733.0537581216286
2733.1296395357617	0.49440121705174533	trials	200719TX	p61	Z08115	21	6.0	2.0	2733.279639535762	2733.4740407528134
2733.559922229552	0.4944012170512906	trials	200719TX	p61	Z08115	20	6.0	1.0	2733.709922229552	2733.904323446603
2733.970204798131	0.5244014048680583	trials	200719TX	p61	Z08115	70	23.0	0.0	2734.120204798131	2734.344606202999
2734.400487491921	0.4944012170512906	trials	200719TX	p61	Z08115	34	11.0	0.0	2734.550487491921	2734.744888708972
2734.830770185711	0.4944012170512906	trials	200719TX	p61	Z08115	12	3.0	2.0	2734.980770185711	2735.1751714027623
2739.423878940924	0.5044412799074962	trials	200719TX	p61	Z08115	66	21.0	2.0	2739.5738789409243	2739.7783202208316
2742.2958569209773	0.5044012796570314	trials	200719TX	p61	Z08115	86	28.0	1.0	2742.4458569209773	2742.650258200634
2742.7261396147674	0.4944012170512906	trials	200719TX	p61	Z08115	47	15.0	1.0	2742.8761396147675	2743.0705408318186
2747.47936937242	0.5144013422623175	trials	200719TX	p61	Z08115	58	19.0	0.0	2747.62936937242	2747.8437707146823
2747.899652003605	0.5244414051180684	trials	200719TX	p61	Z08115	35	11.0	1.0	2748.049652003605	2748.274093408723
2748.3499748228564	0.4944012170512906	trials	200719TX	p61	Z08115	82	27.0	0.0	2748.4999748228565	2748.6943760399076
2748.780257516646	0.4944012170512906	trials	200719TX	p61	Z08115	45	14.0	2.0	2748.930257516646	2749.1246587336973
2749.18054002262	0.5344414677238092	trials	200719TX	p61	Z08115	11	3.0	1.0	2749.33054002262	2749.5649814903436
2751.852356749561	0.5044012796570314	trials	200719TX	p61	Z08115	72	23.0	2.0	2752.002356749561	2752.206758029218
