onset	duration	nwb_table	ses_ID	pen_ID	sub_ID	cond_ID	stim_ID	mode	pdOnTS	pdOffTS
941.7066879931948	0.502841185037255	trials	200630TX	p52	Z08115	36	11.0	2.0	941.8566879931948	942.0595291782321
942.1150503789265	0.49452113642996665	trials	200630TX	p52	Z08115	72	23.0	2.0	942.2650503789265	942.4595715153565
942.515092716051	0.5278813313266255	trials	200630TX	p52	Z08115	52	17.0	0.0	942.6650927160509	942.8929740473776
942.9568152966793	0.5195212824855844	trials	200630TX	p52	Z08115	108	35.0	2.0	943.1068152966793	943.326336579165
943.3902178287004	0.5278413310929864	trials	200630TX	p52	Z08115	10	3.0	0.0	943.5402178287004	943.7680591597934
943.8236203607215	0.5278413310929864	trials	200630TX	p52	Z08115	49	16.0	0.0	943.9736203607215	944.2014616918145
944.2903430874056	0.49452113642996665	trials	200630TX	p52	Z08115	99	32.0	2.0	944.4403430874056	944.6348642238356
948.8742898677059	0.5111612336445432	trials	200630TX	p52	Z08115	0			949.0242898677059	949.2354511013505
949.2909723020449	0.5278813313266255	trials	200630TX	p52	Z08115	30	9.0	2.0	949.4409723020449	949.6688536333716
949.724374834066	0.5278813313266255	trials	200630TX	p52	Z08115	79	26.0	0.0	949.874374834066	950.1022561653926
950.1577773660871	0.5278813313266255	trials	200630TX	p52	Z08115	112	37.0	0.0	950.3077773660871	950.5356586974137
950.5994999467155	0.5195212824855844	trials	200630TX	p52	Z08115	88	29.0	0.0	950.7494999467154	950.9690212292011
951.0329024787366	0.5278413310929864	trials	200630TX	p52	Z08115	61	20.0	0.0	951.1829024787365	951.4107438098296
951.4996252054207	0.49452113642996665	trials	200630TX	p52	Z08115	103	34.0	0.0	951.6496252054206	951.8441463418507
951.9330277374418	0.5278413310928727	trials	200630TX	p52	Z08115	60	19.0	2.0	952.0830277374417	952.3108690685347
955.7335299407079	0.502841185037255	trials	200630TX	p52	Z08115	97	32.0	0.0	955.8835299407078	956.0863711257451
956.1502123750469	0.5278813313266255	trials	200630TX	p52	Z08115	43	14.0	0.0	956.3002123750468	956.5280937063735
956.6169751019646	0.5278413310929864	trials	200630TX	p52	Z08115	93	30.0	2.0	956.7669751019646	956.9948164330576
957.0503376337521	0.5278813313266255	trials	200630TX	p52	Z08115	40	13.0	0.0	957.200337633752	957.4282189650787
957.4837401657732	0.5278813313266255	trials	200630TX	p52	Z08115	55	18.0	0.0	957.6337401657731	957.8616214970998
957.9171426977942	0.502841185037255	trials	200630TX	p52	Z08115	4	1.0	0.0	958.0671426977942	958.2699838828315
958.3588652784226	0.49452113642996665	trials	200630TX	p52	Z08115	117	38.0	2.0	958.5088652784226	958.7033864148526
958.7922678104437	0.5278413310928727	trials	200630TX	p52	Z08115	100	33.0	0.0	958.9422678104437	959.1701091415366
962.4094089424791	0.5195212824855844	trials	200630TX	p52	Z08115	63	20.0	2.0	962.5594089424791	962.7789302249647
962.8344514256592	0.5278813313266255	trials	200630TX	p52	Z08115	78	25.0	2.0	962.9844514256591	963.2123327569858
963.2761740062875	0.5278813313266255	trials	200630TX	p52	Z08115	27	8.0	2.0	963.4261740062875	963.6540553376142
963.7095765383086	0.5278413310929864	trials	200630TX	p52	Z08115	106	35.0	0.0	963.8595765383086	964.0874178694016
964.1762992649927	0.5278813313266255	trials	200630TX	p52	Z08115	96	31.0	2.0	964.3262992649927	964.5541805963194
964.6097017970138	0.5278413310929864	trials	200630TX	p52	Z08115	31	10.0	0.0	964.7597017970138	964.9875431281068
965.0431043290349	0.5278413310929864	trials	200630TX	p52	Z08115	45	14.0	2.0	965.1931043290349	965.4209456601279
965.4764668608224	0.5278813313266255	trials	200630TX	p52	Z08115	69	22.0	2.0	965.6264668608223	965.854348192149
969.1686484312584	0.502841185037255	trials	200630TX	p52	Z08115	3	0.0	2.0	969.3186484312583	969.5214896162956
969.5770108169901	0.5278813313266255	trials	200630TX	p52	Z08115	82	27.0	0.0	969.7270108169901	969.9548921483167
970.0270934464595	0.5111612336446569	trials	200630TX	p52	Z08115	51	16.0	2.0	970.1770934464595	970.3882546801042
970.4521359296397	0.49452113642985296	trials	200630TX	p52	Z08115	76	25.0	0.0	970.6021359296396	970.7966570660695
970.8855384616608	0.49452113642985296	trials	200630TX	p52	Z08115	64	21.0	0.0	971.0355384616607	971.2300595980906
971.3022608962334	0.5278413310929864	trials	200630TX	p52	Z08115	84	27.0	2.0	971.4522608962334	971.6801022273264
971.7689836229175	0.49452113642996665	trials	200630TX	p52	Z08115	90	29.0	2.0	971.9189836229175	972.1135047593475
972.202346154705	0.49452113642985296	trials	200630TX	p52	Z08115	0			972.352346154705	972.5468672911348
975.8611675302443	0.5028811852708941	trials	200630TX	p52	Z08115	0			976.0111675302443	976.2140487155152
976.2695699162098	0.5278813313265118	trials	200630TX	p52	Z08115	91	30.0	0.0	976.4195699162098	976.6474512475363
976.7362926428938	0.5278813313266255	trials	200630TX	p52	Z08115	0			976.8862926428937	977.1141739742204
977.1696951749149	0.49452113642996665	trials	200630TX	p52	Z08115	54	17.0	2.0	977.3196951749148	977.5142163113449
977.603097706936	0.502841185037255	trials	200630TX	p52	Z08115	13	4.0	0.0	977.7530977069359	977.9559388919732
978.0364602387234	0.5028811852708941	trials	200630TX	p52	Z08115	102	33.0	2.0	978.1864602387234	978.3893414239943
978.4782228195855	0.4944811361962138	trials	200630TX	p52	Z08115	73	24.0	0.0	978.6282228195855	978.8227039557818
978.9115853513729	0.5278813313266255	trials	200630TX	p52	Z08115	28	9.0	0.0	979.0615853513729	979.2894666826995
982.5287264834083	0.5028811852708941	trials	200630TX	p52	Z08115	120	39.0	2.0	982.6787264834082	982.8816076686792
982.9371288693737	0.5028411850371413	trials	200630TX	p52	Z08115	94	31.0	0.0	983.0871288693737	983.2899700544109
983.3788514500021	0.49452113642985296	trials	200630TX	p52	Z08115	87	28.0	2.0	983.5288514500021	983.723372586432
983.8122539820232	0.5278413310928727	trials	200630TX	p52	Z08115	42	13.0	2.0	983.9622539820232	984.1900953131161
984.2456165138105	0.5278813313266255	trials	200630TX	p52	Z08115	66	21.0	2.0	984.3956165138105	984.6234978451372
984.6790190458316	0.5278813313266255	trials	200630TX	p52	Z08115	21	6.0	2.0	984.8290190458316	985.0569003771583
985.1124215778527	0.49452113642996665	trials	200630TX	p52	Z08115	39	12.0	2.0	985.2624215778527	985.4569427142827
985.5207839635844	0.5195612827193372	trials	200630TX	p52	Z08115	111	36.0	2.0	985.6707839635844	985.8903452463038
989.1546051930682	0.5028811852710078	trials	200630TX	p52	Z08115	18	5.0	2.0	989.3046051930681	989.5074863783392
989.5963277736967	0.49452113642985296	trials	200630TX	p52	Z08115	114	37.0	2.0	989.7463277736966	989.9408489101265
989.9964101110547	0.5278413310928727	trials	200630TX	p52	Z08115	24	7.0	2.0	990.1464101110547	990.3742514421476
990.4381326916831	0.5195212824855844	trials	200630TX	p52	Z08115	1	0.0	0.0	990.5881326916831	990.8076539741687
990.8714952234706	0.5278813313266255	trials	200630TX	p52	Z08115	57	18.0	2.0	991.0214952234705	991.2493765547972
991.3048977554917	0.5278813313266255	trials	200630TX	p52	Z08115	115	38.0	0.0	991.4548977554916	991.6827790868183
991.7383002875127	0.5278413310928727	trials	200630TX	p52	Z08115	16	5.0	0.0	991.8883002875127	992.1161416186056
992.1716628193001	0.5278813313266255	trials	200630TX	p52	Z08115	46	15.0	0.0	992.3216628193001	992.5495441506267
995.8054840487838	0.5112012338782961	trials	200630TX	p52	Z08115	105	34.0	2.0	995.9554840487838	996.1666852826621
996.2222064833566	0.49452113642985296	trials	200630TX	p52	Z08115	85	28.0	0.0	996.3722064833565	996.5667276197864
996.6556090153776	0.49452113642985296	trials	200630TX	p52	Z08115	37	12.0	0.0	996.8056090153776	997.0001301518075
997.0556513525021	0.5278813313265118	trials	200630TX	p52	Z08115	9	2.0	2.0	997.2056513525021	997.4335326838286
997.4890538845232	0.5278813313265118	trials	200630TX	p52	Z08115	109	36.0	0.0	997.6390538845232	997.8669352158497
997.9307764651516	0.5195212824855844	trials	200630TX	p52	Z08115	81	26.0	2.0	998.0807764651515	998.3002977476372
998.3641789971726	0.5278413310928727	trials	200630TX	p52	Z08115	25	8.0	0.0	998.5141789971726	998.7420203282655
998.7975815291937	0.5278413310928727	trials	200630TX	p52	Z08115	19	6.0	0.0	998.9475815291937	999.1754228602866
1002.3480422716694	0.5028411850371413	trials	200630TX	p52	Z08115	58	19.0	0.0	1002.4980422716694	1002.7008834567066
1002.7564046574012	0.5278813313265118	trials	200630TX	p52	Z08115	118	39.0	0.0	1002.9064046574011	1003.1342859887277
1003.1981272380295	0.5278813313266255	trials	200630TX	p52	Z08115	33	10.0	2.0	1003.3481272380295	1003.5760085693562
1003.6315297700506	0.5278813313266255	trials	200630TX	p52	Z08115	70	23.0	0.0	1003.7815297700506	1004.0094111013773
1004.0982524967347	0.49452113642985296	trials	200630TX	p52	Z08115	67	22.0	0.0	1004.2482524967347	1004.4427736331646
1004.5316550287558	0.49452113642985296	trials	200630TX	p52	Z08115	15	4.0	2.0	1004.6816550287558	1004.8761761651857
1004.9650575607769	0.49452113642985296	trials	200630TX	p52	Z08115	12	3.0	2.0	1005.1150575607769	1005.3095786972068
1005.3984200925643	0.5028811852710078	trials	200630TX	p52	Z08115	7	2.0	0.0	1005.5484200925642	1005.7513012778353
1009.040601370889	0.502841185037255	trials	200630TX	p52	Z08115	48	15.0	2.0	1009.190601370889	1009.3934425559263
1009.4489637566207	0.49452113642996665	trials	200630TX	p52	Z08115	75	24.0	2.0	1009.5989637566207	1009.7934848930507
1009.8823662886418	0.49452113642996665	trials	200630TX	p52	Z08115	22	7.0	0.0	1010.0323662886418	1010.2268874250718
1010.2824086257663	0.5278813313266255	trials	200630TX	p52	Z08115	34	11.0	0.0	1010.4324086257662	1010.6602899570929
1010.7241312063946	0.5278813313266255	trials	200630TX	p52	Z08115	6	1.0	2.0	1010.8741312063946	1011.1020125377213
1011.1575337384157	0.5278813313266255	trials	200630TX	p52	Z08115	109	36.0	0.0	1011.3075337384157	1011.5354150697424
1011.6242564650998	0.49452113642996665	trials	200630TX	p52	Z08115	7	2.0	0.0	1011.7742564650998	1011.9687776015298
1012.0576589971209	0.49452113642996665	trials	200630TX	p52	Z08115	118	39.0	0.0	1012.2076589971209	1012.4021801335509
1015.624799837045	0.5111612336445432	trials	200630TX	p52	Z08115	93	30.0	2.0	1015.774799837045	1015.9859610706895
1016.0415222716177	0.5278413310928727	trials	200630TX	p52	Z08115	24	7.0	2.0	1016.1915222716177	1016.4193636027106
1016.4749248036388	0.5278413310928727	trials	200630TX	p52	Z08115	67	22.0	0.0	1016.6249248036388	1016.8527661347317
1016.9082873354262	0.5278813313266255	trials	200630TX	p52	Z08115	58	19.0	0.0	1017.0582873354261	1017.2861686667528
1017.3416898674473	0.5278413310928727	trials	200630TX	p52	Z08115	0			1017.4916898674472	1017.7195311985402
1017.7750923994683	0.49452113642996665	trials	200630TX	p52	Z08115	16	5.0	0.0	1017.9250923994683	1018.1196135358983
1018.2084549312558	0.5028811852708941	trials	200630TX	p52	Z08115	39	12.0	2.0	1018.3584549312558	1018.5613361165267
1018.6502175121178	0.5278413310929864	trials	200630TX	p52	Z08115	108	35.0	2.0	1018.8002175121178	1019.0280588432108
1022.51736010471	0.5028811852708941	trials	200630TX	p52	Z08115	6	1.0	2.0	1022.6673601047099	1022.8702412899809
1026.7012645478856	0.502841185037596	trials	200630TX	p52	Z08115	43	14.0	0.0	1026.8512645478856	1027.054105732923
1027.142987128514	0.494521136430194	trials	200630TX	p52	Z08115	69	22.0	2.0	1027.2929871285141	1027.4875082649442
1027.5430294656385	0.494521136430194	trials	200630TX	p52	Z08115	61	20.0	0.0	1027.6930294656386	1027.8875506020686
1027.9764319976596	0.5028411850373686	trials	200630TX	p52	Z08115	72	23.0	2.0	1028.1264319976597	1028.3292731826969
1028.4181545782878	0.5278413310932137	trials	200630TX	p52	Z08115	66	21.0	2.0	1028.568154578288	1028.795995909381
1028.884877304972	0.5278813313268529	trials	200630TX	p52	Z08115	37	12.0	0.0	1029.034877304972	1029.2627586362987
1029.318279836993	0.5278413310932137	trials	200630TX	p52	Z08115	114	37.0	2.0	1029.4682798369931	1029.6961211680862
1029.7516823690141	0.5278413310932137	trials	200630TX	p52	Z08115	60	19.0	2.0	1029.9016823690142	1030.1295237001073
1033.418823793161	0.5111612336447706	trials	200630TX	p52	Z08115	40	13.0	0.0	1033.568823793161	1033.7799850268057
1033.8688664223966	0.5278813313268529	trials	200630TX	p52	Z08115	46	15.0	0.0	1034.0188664223967	1034.2467477537234
1034.3022689544177	0.5278413310932137	trials	200630TX	p52	Z08115	99	32.0	2.0	1034.4522689544178	1034.6801102855109
1034.7356714864388	0.5278413310932137	trials	200630TX	p52	Z08115	22	7.0	0.0	1034.885671486439	1035.113512817532
1035.1690340182263	0.5278813313268529	trials	200630TX	p52	Z08115	79	26.0	0.0	1035.3190340182264	1035.546915349553
1035.6107965990884	0.5278413310929864	trials	200630TX	p52	Z08115	102	33.0	2.0	1035.7607965990885	1035.9886379301813
1036.0441591308756	0.5278813313268529	trials	200630TX	p52	Z08115	34	11.0	0.0	1036.1941591308757	1036.4220404622024
1036.5108818575598	0.5278813313268529	trials	200630TX	p52	Z08115	31	10.0	0.0	1036.6608818575598	1036.8887631888865
1040.078022697484	0.5028811852710078	trials	200630TX	p52	Z08115	78	25.0	2.0	1040.228022697484	1040.4309038827548
1040.4947451320566	0.5195212824858118	trials	200630TX	p52	Z08115	73	24.0	0.0	1040.6447451320566	1040.8642664145423
1040.9281476640776	0.5278413310932137	trials	200630TX	p52	Z08115	10	3.0	0.0	1041.0781476640777	1041.3059889951708
1041.3948703907618	0.5278813313268529	trials	200630TX	p52	Z08115	117	38.0	2.0	1041.5448703907618	1041.7727517220885
1041.8282329225492	0.5278813313268529	trials	200630TX	p52	Z08115	15	4.0	2.0	1041.9782329225493	1042.206114253876
1042.2616354545703	0.5278813313268529	trials	200630TX	p52	Z08115	76	25.0	0.0	1042.4116354545704	1042.639516785897
1042.6950379865914	0.5028811852710078	trials	200630TX	p52	Z08115	21	6.0	2.0	1042.8450379865915	1043.0479191718623
1043.1284405186125	0.5028411850373686	trials	200630TX	p52	Z08115	42	13.0	2.0	1043.2784405186126	1043.4812817036498
1047.6373868607457	0.5028411850373686	trials	200630TX	p52	Z08115	27	8.0	2.0	1047.7873868607458	1047.990228045783
1048.0540692950847	0.5278813313268529	trials	200630TX	p52	Z08115	33	10.0	2.0	1048.2040692950848	1048.4319506264114
1048.5208320220024	0.5278413310932137	trials	200630TX	p52	Z08115	63	20.0	2.0	1048.6708320220025	1048.8986733530955
1048.9875547486865	0.494521136430194	trials	200630TX	p52	Z08115	106	35.0	0.0	1049.1375547486866	1049.3320758851166
1049.4209572807076	0.49448113619655487	trials	200630TX	p52	Z08115	88	29.0	0.0	1049.5709572807077	1049.765438416904
1049.820999617832	0.5278413310932137	trials	200630TX	p52	Z08115	100	33.0	0.0	1049.9709996178321	1050.1988409489252
1050.2544021498531	0.5278413310932137	trials	200630TX	p52	Z08115	115	38.0	0.0	1050.4044021498532	1050.6322434809463
1050.6877646816406	0.5028811852710078	trials	200630TX	p52	Z08115	28	9.0	0.0	1050.8377646816407	1051.0406458669115
1054.3132658625168	0.502841185037596	trials	200630TX	p52	Z08115	13	4.0	0.0	1054.463265862517	1054.6661070475543
1054.7216682484823	0.5278413310932137	trials	200630TX	p52	Z08115	36	11.0	2.0	1054.8716682484824	1055.0995095795754
1059.6306169275063	0.5028411850373686	trials	200630TX	p52	Z08115	120	39.0	2.0	1059.7806169275063	1059.9834581125435
1060.0390193134717	0.494521136430194	trials	200630TX	p52	Z08115	9	2.0	2.0	1060.1890193134718	1060.3835404499018
1060.4474216994372	0.5195212824855844	trials	200630TX	p52	Z08115	64	21.0	0.0	1060.5974216994373	1060.8169429819227
1060.8807842312244	0.5278813313268529	trials	200630TX	p52	Z08115	18	5.0	2.0	1061.0307842312245	1061.2586655625512
1061.3475069579085	0.494521136430194	trials	200630TX	p52	Z08115	0			1061.4975069579086	1061.6920280943386
1061.7809094899296	0.494521136430194	trials	200630TX	p52	Z08115	51	16.0	2.0	1061.9309094899297	1062.1254306263597
1062.180951827054	0.5278813313268529	trials	200630TX	p52	Z08115	96	31.0	2.0	1062.3309518270542	1062.5588331583808
1062.6143543590752	0.502841185037596	trials	200630TX	p52	Z08115	57	18.0	2.0	1062.7643543590752	1062.9671955441127
1066.1898152476065	0.5028811852712352	trials	200630TX	p52	Z08115	0			1066.3398152476066	1066.5426964328776
1066.6148977310202	0.494521136430194	trials	200630TX	p52	Z08115	103	34.0	0.0	1066.7648977310203	1066.9594188674503
1067.0483002630413	0.49448113619655487	trials	200630TX	p52	Z08115	87	28.0	2.0	1067.1983002630413	1067.3927813992377
1067.4816627948287	0.494521136430194	trials	200630TX	p52	Z08115	91	30.0	0.0	1067.6316627948288	1067.8261839312588
1067.9150653268498	0.502841185037596	trials	200630TX	p52	Z08115	12	3.0	2.0	1068.06506532685	1068.2679065118873
1068.3567879074783	0.5278413310932137	trials	200630TX	p52	Z08115	81	26.0	2.0	1068.5067879074784	1068.7346292385714
1070.8154422714108	0.5111612336447706	trials	200630TX	p52	Z08115	112	37.0	0.0	1070.965442271411	1071.1766035050555
1071.2654849006465	0.494521136430194	trials	200630TX	p52	Z08115	105	34.0	2.0	1071.4154849006466	1071.6100060370766
1071.6988874326676	0.494521136430194	trials	200630TX	p52	Z08115	0			1071.8488874326677	1072.0434085690977
1072.098929769792	0.5278813313268529	trials	200630TX	p52	Z08115	1	0.0	0.0	1072.248929769792	1072.4768111011188
1072.532332301813	0.5278813313268529	trials	200630TX	p52	Z08115	4	1.0	0.0	1072.6823323018132	1072.9102136331398
1072.9740548824416	0.5195212824855844	trials	200630TX	p52	Z08115	25	8.0	0.0	1073.1240548824417	1073.343576164927
1073.4074574144624	0.5278413310932137	trials	200630TX	p52	Z08115	49	16.0	0.0	1073.5574574144625	1073.7852987455556
1073.8741801411466	0.5278413310932137	trials	200630TX	p52	Z08115	55	18.0	0.0	1074.0241801411466	1074.2520214722397
1077.4413209810707	0.5028411850373686	trials	200630TX	p52	Z08115	75	24.0	2.0	1077.5913209810708	1077.794162166108
1077.8497233670362	0.5028411850373686	trials	200630TX	p52	Z08115	3	0.0	2.0	1077.9997233670363	1078.2025645520735
1078.2914459476644	0.494521136430194	trials	200630TX	p52	Z08115	82	27.0	0.0	1078.4414459476645	1078.6359670840945
1078.7248484796855	0.5278413310932137	trials	200630TX	p52	Z08115	48	15.0	2.0	1078.8748484796856	1079.1026898107787
1079.158211011473	0.5278813313268529	trials	200630TX	p52	Z08115	111	36.0	2.0	1079.308211011473	1079.5360923427997
1079.591613543494	0.5278413310932137	trials	200630TX	p52	Z08115	97	32.0	0.0	1079.7416135434942	1079.9694548745872
1080.0250160755152	0.4944811361963275	trials	200630TX	p52	Z08115	84	27.0	2.0	1080.1750160755153	1080.3694972117114
1080.4583786073026	0.5028811852712352	trials	200630TX	p52	Z08115	94	31.0	0.0	1080.6083786073027	1080.8112597925738
1084.1005198853936	0.5028811852710078	trials	200630TX	p52	Z08115	54	17.0	2.0	1084.2505198853937	1084.4534010706645
1084.508922271359	0.5278413310929864	trials	200630TX	p52	Z08115	45	14.0	2.0	1084.6589222713592	1084.886763602452
1086.9425764892358	0.502841185037596	trials	200630TX	p52	Z08115	30	9.0	2.0	1087.0925764892359	1087.2954176742733
1087.3509788752012	0.5028411850373686	trials	200630TX	p52	Z08115	52	17.0	0.0	1087.5009788752013	1087.7038200602385
1087.7843414069887	0.5028811852710078	trials	200630TX	p52	Z08115	85	28.0	0.0	1087.9343414069888	1088.1372225922596
1088.226063987617	0.49456113666383317	trials	200630TX	p52	Z08115	70	23.0	0.0	1088.376063987617	1088.5706251242807
1090.5680376698785	0.5112012338784098	trials	200630TX	p52	Z08115	90	29.0	2.0	1090.7180376698786	1090.9292389037569
1090.9847601044512	0.5278813313268529	trials	200630TX	p52	Z08115	19	6.0	0.0	1091.1347601044513	1091.362641435778
1091.4181626364723	0.5278813313268529	trials	200630TX	p52	Z08115	84	27.0	2.0	1091.5681626364724	1091.796043967799
1091.8515651684934	0.5278413310932137	trials	200630TX	p52	Z08115	25	8.0	0.0	1092.0015651684935	1092.2294064995865
1092.2849277002808	0.5278813313268529	trials	200630TX	p52	Z08115	4	1.0	0.0	1092.434927700281	1092.6628090316076
1092.726690281143	0.5195212824858118	trials	200630TX	p52	Z08115	115	38.0	0.0	1092.876690281143	1093.0962115636287
1093.1600528129304	0.5278813313268529	trials	200630TX	p52	Z08115	105	34.0	2.0	1093.3100528129305	1093.5379341442572
1093.5934553449515	0.5278813313266255	trials	200630TX	p52	Z08115	73	24.0	0.0	1093.7434553449516	1093.971336676278
1097.377277450769	0.5028811852712352	trials	200630TX	p52	Z08115	118	39.0	0.0	1097.5272774507691	1097.7301586360402
1097.793999885342	0.5195212824858118	trials	200630TX	p52	Z08115	42	13.0	2.0	1097.943999885342	1098.1635211678276
1098.227402417363	0.5278413310929864	trials	200630TX	p52	Z08115	72	23.0	2.0	1098.377402417363	1098.605243748456
1098.6941251440471	0.5278813313268529	trials	200630TX	p52	Z08115	52	17.0	0.0	1098.8441251440472	1099.0720064753739
1099.1275276760682	0.49452113642996665	trials	200630TX	p52	Z08115	7	2.0	0.0	1099.2775276760683	1099.472048812498
1099.5609302080893	0.49452113642996665	trials	200630TX	p52	Z08115	60	19.0	2.0	1099.7109302080894	1099.9054513445192
1099.969292593821	0.5195212824858118	trials	200630TX	p52	Z08115	111	36.0	2.0	1100.119292593821	1100.3388138763066
1100.402695125842	0.5278813313268529	trials	200630TX	p52	Z08115	108	35.0	2.0	1100.552695125842	1100.7805764571688
1104.0365163553258	0.5028411850373686	trials	200630TX	p52	Z08115	49	16.0	0.0	1104.186516355326	1104.389357540363
1104.444918741291	0.5278413310932137	trials	200630TX	p52	Z08115	3	0.0	2.0	1104.5949187412912	1104.8227600723842
1104.8782812730785	0.5278813313268529	trials	200630TX	p52	Z08115	0			1105.0282812730786	1105.2561626044053
1105.320003853707	0.5195612827194509	trials	200630TX	p52	Z08115	120	39.0	2.0	1105.470003853707	1105.6895651364264
1105.753406385728	0.5278413310932137	trials	200630TX	p52	Z08115	33	10.0	2.0	1105.9034063857282	1106.1312477168212
1106.2201291124122	0.5278813313268529	trials	200630TX	p52	Z08115	28	9.0	0.0	1106.3701291124123	1106.598010443739
1106.6535316444333	0.5278413310929864	trials	200630TX	p52	Z08115	93	30.0	2.0	1106.8035316444334	1107.0313729755262
1107.0869341764544	0.5278413310929864	trials	200630TX	p52	Z08115	81	26.0	2.0	1107.2369341764545	1107.4647755075473
1110.7373955031526	0.511161233644998	trials	200630TX	p52	Z08115	57	18.0	2.0	1110.8873955031527	1111.0985567367975
1111.1874781326221	0.49448113619655487	trials	200630TX	p52	Z08115	0			1111.3374781326222	1111.5319592688186
1111.6208406644096	0.494521136430194	trials	200630TX	p52	Z08115	94	31.0	0.0	1111.7708406644097	1111.9653618008397
1112.0542431964307	0.49452113642996665	trials	200630TX	p52	Z08115	99	32.0	2.0	1112.2042431964308	1112.3987643328605
1112.487605728218	0.5028811852710078	trials	200630TX	p52	Z08115	18	5.0	2.0	1112.6376057282182	1112.840486913489
1112.9210082602392	0.5028811852710078	trials	200630TX	p52	Z08115	30	9.0	2.0	1113.0710082602393	1113.2738894455101
1113.3294106462045	0.5278813313268529	trials	200630TX	p52	Z08115	9	2.0	2.0	1113.4794106462045	1113.7072919775312
1113.7961333728886	0.5278813313268529	trials	200630TX	p52	Z08115	40	13.0	0.0	1113.9461333728887	1114.1740147042153
1119.438566337069	0.502841185037596	trials	200630TX	p52	Z08115	114	37.0	2.0	1119.588566337069	1119.7914075221065
1119.8469287228008	0.5278813313268529	trials	200630TX	p52	Z08115	64	21.0	0.0	1119.996928722801	1120.2248100541276
1120.288651303429	0.5195612827196783	trials	200630TX	p52	Z08115	117	38.0	2.0	1120.4386513034292	1120.6582125861487
1120.7220538354502	0.5278813313268529	trials	200630TX	p52	Z08115	0			1120.8720538354503	1121.099935166777
1121.1887765621343	0.5278813313268529	trials	200630TX	p52	Z08115	96	31.0	2.0	1121.3387765621344	1121.566657893461
1121.6221790941554	0.5278413310932137	trials	200630TX	p52	Z08115	6	1.0	2.0	1121.7721790941555	1122.0000204252485
1122.0555816261765	0.494521136430194	trials	200630TX	p52	Z08115	85	28.0	0.0	1122.2055816261766	1122.4001027626066
1122.488944157964	0.494521136430194	trials	200630TX	p52	Z08115	58	19.0	0.0	1122.638944157964	1122.833465294394
1128.198057511704	0.5111612336447706	trials	200630TX	p52	Z08115	76	25.0	0.0	1128.3480575117042	1128.5592187453487
1128.6481001409397	0.494521136430194	trials	200630TX	p52	Z08115	54	17.0	2.0	1128.7981001409398	1128.9926212773698
1129.0815026729608	0.494521136430194	trials	200630TX	p52	Z08115	36	11.0	2.0	1129.231502672961	1129.426023809391
1129.4815450100853	0.5278813313268529	trials	200630TX	p52	Z08115	19	6.0	0.0	1129.6315450100853	1129.859426341412
1129.9149475421063	0.5278413310932137	trials	200630TX	p52	Z08115	46	15.0	0.0	1130.0649475421064	1130.2927888731995
1130.3566701227348	0.5278813313268529	trials	200630TX	p52	Z08115	109	36.0	0.0	1130.506670122735	1130.7345514540616
1130.790072654756	0.5278413310929864	trials	200630TX	p52	Z08115	43	14.0	0.0	1130.940072654756	1131.1679139858488
1131.25679538144	0.5278413310929864	trials	200630TX	p52	Z08115	79	26.0	0.0	1131.4067953814401	1131.634636712533
1134.7239356371413	0.5028411850373686	trials	200630TX	p52	Z08115	24	7.0	2.0	1134.8739356371414	1135.0767768221785
1135.1406180714803	0.5195612827196783	trials	200630TX	p52	Z08115	112	37.0	0.0	1135.2906180714804	1135.5101793541999
1135.5907007009498	0.494521136430194	trials	200630TX	p52	Z08115	75	24.0	2.0	1135.74070070095	1135.93522183738
1136.024103232971	0.5278413310929864	trials	200630TX	p52	Z08115	103	34.0	0.0	1136.174103232971	1136.4019445640638
1136.4574657647584	0.5278813313268529	trials	200630TX	p52	Z08115	51	16.0	2.0	1136.6074657647584	1136.8353470960851
1139.3578427093191	0.5028811852712352	trials	200630TX	p52	Z08115	27	8.0	2.0	1139.5078427093192	1139.7107238945903
1139.7662450952846	0.5278813313268529	trials	200630TX	p52	Z08115	15	4.0	2.0	1139.9162450952847	1140.1441264266114
1140.207967675913	0.5195212824855844	trials	200630TX	p52	Z08115	102	33.0	2.0	1140.3579676759132	1140.5774889583986
1140.6413702079342	0.5278413310929864	trials	200630TX	p52	Z08115	70	23.0	0.0	1140.7913702079343	1141.019211539027
1141.108092934618	0.5278813313268529	trials	200630TX	p52	Z08115	61	20.0	0.0	1141.2580929346182	1141.4859742659448
1141.5414554664055	0.5278813313268529	trials	200630TX	p52	Z08115	87	28.0	2.0	1141.6914554664056	1141.9193367977323
1141.9748579984266	0.494521136430194	trials	200630TX	p52	Z08115	10	3.0	0.0	1142.1248579984267	1142.3193791348567
1142.4082605304477	0.494521136430194	trials	200630TX	p52	Z08115	48	15.0	2.0	1142.5582605304478	1142.7527816668778
1146.0004015164275	0.5028411850373686	trials	200630TX	p52	Z08115	106	35.0	0.0	1146.1504015164276	1146.3532427014648
1146.408803902393	0.5278413310929864	trials	200630TX	p52	Z08115	12	3.0	2.0	1146.558803902393	1146.7866452334858
1146.8421664341802	0.5278813313268529	trials	200630TX	p52	Z08115	69	22.0	2.0	1146.9921664341803	1147.220047765507
1149.7342233301338	0.5278813313268529	trials	200630TX	p52	Z08115	37	12.0	0.0	1149.8842233301339	1150.1121046614605
1150.1759459107623	0.5195212824858118	trials	200630TX	p52	Z08115	0			1150.3259459107624	1150.545467193248
1150.6093484427834	0.5278813313268529	trials	200630TX	p52	Z08115	13	4.0	0.0	1150.7593484427834	1150.9872297741101
1151.0760711694675	0.5278813313268529	trials	200630TX	p52	Z08115	45	14.0	2.0	1151.2260711694676	1151.4539525007942
1151.5094737014886	0.5278413310929864	trials	200630TX	p52	Z08115	91	30.0	0.0	1151.6594737014887	1151.8873150325815
1151.942836233276	0.49456113666383317	trials	200630TX	p52	Z08115	90	29.0	2.0	1152.092836233276	1152.2873973699398
1152.342918570634	0.5278413310929864	trials	200630TX	p52	Z08115	78	25.0	2.0	1152.4929185706342	1152.720759901727
1152.7846411512623	0.5195212824858118	trials	200630TX	p52	Z08115	67	22.0	0.0	1152.9346411512624	1153.154162433748
1156.2851016016268	0.5028411850373686	trials	200630TX	p52	Z08115	22	7.0	0.0	1156.435101601627	1156.637942786664
1156.693503987592	0.5278413310932137	trials	200630TX	p52	Z08115	16	5.0	0.0	1156.8435039875922	1157.0713453186852
1157.1268665193795	0.5028811852712352	trials	200630TX	p52	Z08115	21	6.0	2.0	1157.2768665193796	1157.4797477046507
1161.6691730564094	0.502841185037596	trials	200630TX	p52	Z08115	82	27.0	0.0	1161.8191730564095	1162.0220142414469
1164.277828296676	0.5028411850373686	trials	200630TX	p52	Z08115	88	29.0	0.0	1164.4278282966761	1164.6306694817133
1164.6862306826413	0.5278413310932137	trials	200630TX	p52	Z08115	97	32.0	0.0	1164.8362306826414	1165.0640720137344
1165.1196332146624	0.502841185037596	trials	200630TX	p52	Z08115	63	20.0	2.0	1165.2696332146625	1165.4724743996999
1165.5613157950572	0.49452113642996665	trials	200630TX	p52	Z08115	100	33.0	0.0	1165.7113157950573	1165.905836931487
1165.9947183270783	0.494521136430194	trials	200630TX	p52	Z08115	31	10.0	0.0	1166.1447183270784	1166.3392394635084
1166.4281208590994	0.49452113642996665	trials	200630TX	p52	Z08115	39	12.0	2.0	1166.5781208590995	1166.7726419955293
1166.8615233911205	0.4944811361963275	trials	200630TX	p52	Z08115	55	18.0	0.0	1167.0115233911206	1167.2060045273167
1167.261565728245	0.5278413310929864	trials	200630TX	p52	Z08115	66	21.0	2.0	1167.411565728245	1167.6394070593378
1172.9039586921915	0.5112012338786371	trials	200630TX	p52	Z08115	88	29.0	0.0	1173.0539586921916	1173.26515992607
1173.3206811267644	0.5278813313268529	trials	200630TX	p52	Z08115	66	21.0	2.0	1173.4706811267645	1173.6985624580911
1173.7540836587855	0.5278813313268529	trials	200630TX	p52	Z08115	96	31.0	2.0	1173.9040836587856	1174.1319649901122
1174.1874861908066	0.5278413310929864	trials	200630TX	p52	Z08115	27	8.0	2.0	1174.3374861908067	1174.5653275218995
1174.620848722594	0.5278813313266255	trials	200630TX	p52	Z08115	1	0.0	0.0	1174.770848722594	1174.9987300539206
1175.062611303456	0.494521136430194	trials	200630TX	p52	Z08115	39	12.0	2.0	1175.212611303456	1175.407132439886
1175.4959738352434	0.494521136430194	trials	200630TX	p52	Z08115	34	11.0	0.0	1175.6459738352435	1175.8404949716735
1175.9293763672645	0.5278413310932137	trials	200630TX	p52	Z08115	0			1176.0793763672646	1176.3072176983576
1179.5131573044032	0.5028811852712352	trials	200630TX	p52	Z08115	0			1179.6631573044033	1179.8660384896743
1179.9299197392097	0.5195212824855844	trials	200630TX	p52	Z08115	4	1.0	0.0	1180.0799197392098	1180.2994410216952
1180.363282270997	0.5278813313268529	trials	200630TX	p52	Z08115	36	11.0	2.0	1180.513282270997	1180.7411636023237
1180.796684803018	0.5278413310932137	trials	200630TX	p52	Z08115	87	28.0	2.0	1180.9466848030181	1181.1745261341111
1181.2634075297021	0.494521136430194	trials	200630TX	p52	Z08115	94	31.0	0.0	1181.4134075297022	1181.6079286661322
1181.6634898670602	0.5278413310932137	trials	200630TX	p52	Z08115	55	18.0	0.0	1181.8134898670603	1182.0413311981533
1182.0968523988477	0.5278813313268529	trials	200630TX	p52	Z08115	72	23.0	2.0	1182.2468523988478	1182.4747337301744
1182.5385749794762	0.5195212824858118	trials	200630TX	p52	Z08115	85	28.0	0.0	1182.6885749794762	1182.9080962619619
1186.1390760142967	0.502841185037596	trials	200630TX	p52	Z08115	111	36.0	2.0	1186.2890760142968	1186.4919171993342
1186.5474384000286	0.494521136430194	trials	200630TX	p52	Z08115	51	16.0	2.0	1186.6974384000287	1186.8919595364587
1186.9808409320494	0.494521136430194	trials	200630TX	p52	Z08115	108	35.0	2.0	1187.1308409320495	1187.3253620684795
1187.4142034638369	0.49456113666406054	trials	200630TX	p52	Z08115	105	34.0	2.0	1187.564203463837	1187.7587646005009
1187.847605995858	0.5028811852712352	trials	200630TX	p52	Z08115	13	4.0	0.0	1187.997605995858	1188.2004871811291
1188.28936857672	0.49448113619655487	trials	200630TX	p52	Z08115	115	38.0	0.0	1188.4393685767202	1188.6338497129166
1188.7227311085076	0.494521136430194	trials	200630TX	p52	Z08115	3	0.0	2.0	1188.8727311085077	1189.0672522449377
1189.1561336405287	0.494521136430194	trials	200630TX	p52	Z08115	120	39.0	2.0	1189.3061336405287	1189.5006547769588
1192.689914285556	0.5112012338786371	trials	200630TX	p52	Z08115	0			1192.839914285556	1193.0511155194345
1193.1066767203624	0.5278413310932137	trials	200630TX	p52	Z08115	1	0.0	0.0	1193.2566767203625	1193.4845180514556
1193.573359446813	0.5278813313266255	trials	200630TX	p52	Z08115	82	27.0	0.0	1193.723359446813	1193.9512407781394
1194.0068019790676	0.5278413310932137	trials	200630TX	p52	Z08115	37	12.0	0.0	1194.1568019790677	1194.3846433101608
1194.440164510855	0.49452113642996665	trials	200630TX	p52	Z08115	22	7.0	0.0	1194.5901645108552	1194.784685647285
1194.8735670428762	0.4944811361963275	trials	200630TX	p52	Z08115	100	33.0	0.0	1195.0235670428763	1195.2180481790724
1195.3069295746636	0.5028811852710078	trials	200630TX	p52	Z08115	6	1.0	2.0	1195.4569295746637	1195.6598107599345
1195.748652155292	0.5278813313268529	trials	200630TX	p52	Z08115	60	19.0	2.0	1195.898652155292	1196.1265334866187
1199.5741945048474	0.4944811361963275	trials	200630TX	p52	Z08115	109	36.0	0.0	1199.7241945048474	1199.9186756410436
1199.9742368419718	0.5028411850373686	trials	200630TX	p52	Z08115	7	2.0	0.0	1200.1242368419719	1200.327078027009
1200.4159594226003	0.49452113642996665	trials	200630TX	p52	Z08115	97	32.0	0.0	1200.5659594226004	1200.7604805590302
1200.8493619546211	0.5278413310932137	trials	200630TX	p52	Z08115	102	33.0	2.0	1200.9993619546212	1201.2272032857143
1201.3160846813053	0.494521136430194	trials	200630TX	p52	Z08115	67	22.0	0.0	1201.4660846813053	1201.6606058177354
1203.9664201650758	0.502841185037596	trials	200630TX	p52	Z08115	112	37.0	0.0	1204.1164201650759	1204.3192613501133
1204.3748225510412	0.494521136430194	trials	200630TX	p52	Z08115	93	30.0	2.0	1204.5248225510413	1204.7193436874713
1208.783728308718	0.5028411850373686	trials	200630TX	p52	Z08115	118	39.0	0.0	1208.9337283087182	1209.1365694937554
1209.1921306946836	0.49452113642996665	trials	200630TX	p52	Z08115	40	13.0	0.0	1209.3421306946836	1209.5366518311134
1209.625493226471	0.49452113642996665	trials	200630TX	p52	Z08115	25	8.0	0.0	1209.775493226471	1209.9700143629009
1210.0338956124365	0.5195212824855844	trials	200630TX	p52	Z08115	99	32.0	2.0	1210.1838956124366	1210.403416894922
1210.4672981444573	0.5278413310932137	trials	200630TX	p52	Z08115	46	15.0	0.0	1210.6172981444574	1210.8451394755505
1210.9340208711415	0.5278413310932137	trials	200630TX	p52	Z08115	106	35.0	0.0	1211.0840208711415	1211.3118622022346
1211.3674234031625	0.5278413310932137	trials	200630TX	p52	Z08115	69	22.0	2.0	1211.5174234031626	1211.7452647342557
1211.80078593495	0.5278813313268529	trials	200630TX	p52	Z08115	61	20.0	0.0	1211.95078593495	1212.1786672662768
1215.451287261882	0.5111612336447706	trials	200630TX	p52	Z08115	58	19.0	0.0	1215.6012872618821	1215.8124484955267
1215.8680096964547	0.5278413310932137	trials	200630TX	p52	Z08115	117	38.0	2.0	1216.0180096964548	1216.2458510275478
1218.735026446119	0.5028811852710078	trials	200630TX	p52	Z08115	63	20.0	2.0	1218.8850264461191	1219.08790763139
1219.1434688323181	0.5278413310932137	trials	200630TX	p52	Z08115	43	14.0	0.0	1219.2934688323182	1219.5213101634113
1219.5768313641056	0.49452113642996665	trials	200630TX	p52	Z08115	64	21.0	0.0	1219.7268313641057	1219.9213525005355
1220.0102338961265	0.502841185037596	trials	200630TX	p52	Z08115	30	9.0	2.0	1220.1602338961266	1220.363075081164
1220.4185962818583	0.5278813313268529	trials	200630TX	p52	Z08115	114	37.0	2.0	1220.5685962818584	1220.796477613185
1220.8853190085424	0.494521136430194	trials	200630TX	p52	Z08115	31	10.0	0.0	1221.0353190085425	1221.2298401449725
1221.3187215405635	0.49452113642996665	trials	200630TX	p52	Z08115	76	25.0	0.0	1221.4687215405636	1221.6632426769934
1221.718763877688	0.5278813313268529	trials	200630TX	p52	Z08115	79	26.0	0.0	1221.868763877688	1222.0966452090147
1225.2025842308376	0.5111612336447706	trials	200630TX	p52	Z08115	34	11.0	0.0	1225.3525842308377	1225.5637454644823
1225.6193066654102	0.5278413310932137	trials	200630TX	p52	Z08115	18	5.0	2.0	1225.7693066654103	1225.9971479965034
1226.0526691971977	0.5278813313268529	trials	200630TX	p52	Z08115	57	18.0	2.0	1226.2026691971978	1226.4305505285245
1226.4860717292188	0.5278813313268529	trials	200630TX	p52	Z08115	75	24.0	2.0	1226.6360717292189	1226.8639530605456
1230.9616578764553	0.502841185037596	trials	200630TX	p52	Z08115	49	16.0	0.0	1231.1116578764554	1231.3144990614928
1231.3700602624208	0.5278413310929864	trials	200630TX	p52	Z08115	10	3.0	0.0	1231.5200602624209	1231.7479015935137
1233.887034967072	0.5028811852712352	trials	200630TX	p52	Z08115	45	14.0	2.0	1234.037034967072	1234.239916152343
1234.2954373530374	0.49452113642996665	trials	200630TX	p52	Z08115	52	17.0	0.0	1234.4454373530375	1234.6399584894673
1234.6955196903955	0.5028411850373686	trials	200630TX	p52	Z08115	28	9.0	0.0	1234.8455196903956	1235.0483608754328
1235.1288822221827	0.5028811852712352	trials	200630TX	p52	Z08115	12	3.0	2.0	1235.2788822221828	1235.4817634074539
1235.5706048028112	0.5278813313268529	trials	200630TX	p52	Z08115	81	26.0	2.0	1235.7206048028113	1235.948486134138
1236.037367529729	0.4944811361963275	trials	200630TX	p52	Z08115	33	10.0	2.0	1236.187367529729	1236.3818486659252
1236.4374098668534	0.5278413310932137	trials	200630TX	p52	Z08115	0			1236.5874098668535	1236.8152511979465
1236.8707723986408	0.5278813313268529	trials	200630TX	p52	Z08115	78	25.0	2.0	1237.020772398641	1237.2486537299676
1240.6796346507479	0.5028411850373686	trials	200630TX	p52	Z08115	19	6.0	0.0	1240.829634650748	1241.0324758357851
1241.0879970364797	0.49452113642996665	trials	200630TX	p52	Z08115	15	4.0	2.0	1241.2379970364798	1241.4325181729096
1241.496399422445	0.5195212824858118	trials	200630TX	p52	Z08115	91	30.0	0.0	1241.646399422445	1241.8659207049307
1241.9214419056252	0.5278813313266255	trials	200630TX	p52	Z08115	90	29.0	2.0	1242.0714419056253	1242.2993232369518
1242.354844437646	0.502841185037596	trials	200630TX	p52	Z08115	42	13.0	2.0	1242.5048444376462	1242.7076856226836
1242.7882069694335	0.5028811852712352	trials	200630TX	p52	Z08115	84	27.0	2.0	1242.9382069694336	1243.1410881547047
1243.2299695502957	0.494521136430194	trials	200630TX	p52	Z08115	48	15.0	2.0	1243.3799695502958	1243.5744906867258
1243.6633720823168	0.49448113619655487	trials	200630TX	p52	Z08115	24	7.0	2.0	1243.8133720823168	1244.0078532185132
1247.2638331169037	0.511161233644998	trials	200630TX	p52	Z08115	103	34.0	0.0	1247.4138331169038	1247.6249943505486
1249.7724877729477	0.5028411850373686	trials	200630TX	p52	Z08115	16	5.0	0.0	1249.9224877729478	1250.125328957985
1250.180890158913	0.5362013799342549	trials	200630TX	p52	Z08115	70	23.0	0.0	1250.330890158913	1250.567091538847
1250.6226127395414	0.5278413310932137	trials	200630TX	p52	Z08115	73	24.0	0.0	1250.7726127395415	1251.0004540706345
1251.0893354662255	0.494521136430194	trials	200630TX	p52	Z08115	9	2.0	2.0	1251.2393354662256	1251.4338566026556
1251.5227379982466	0.494521136430194	trials	200630TX	p52	Z08115	21	6.0	2.0	1251.6727379982467	1251.8672591346767
1251.956100530034	0.49452113642996665	trials	200630TX	p52	Z08115	54	17.0	2.0	1252.1061005300342	1252.300621666464
1269.902018521004	0.5028414250041351	trials	200630TX	p52	Z08115	26	8.0	1.0	1270.0520185210041	1270.254859946008
1270.3104213901204	0.527841600635611	trials	200630TX	p52	Z08115	80	26.0	1.0	1270.4604213901205	1270.688262990756
1270.7438244348684	0.5278416006353837	trials	200630TX	p52	Z08115	20	6.0	1.0	1270.8938244348685	1271.1216660355037
1271.1855075377853	0.5278816009165439	trials	200630TX	p52	Z08115	0			1271.3355075377854	1271.5633891387017
1271.6189105825333	0.5278816009165439	trials	200630TX	p52	Z08115	23	7.0	1.0	1271.7689105825334	1271.9967921834498
1272.0523136272811	0.527841600635611	trials	200630TX	p52	Z08115	119	39.0	1.0	1272.2023136272812	1272.4301552279167
1272.485676671748	0.5278816009165439	trials	200630TX	p52	Z08115	68	22.0	1.0	1272.6356766717481	1272.8635582726645
1272.9190797164958	0.5278816009165439	trials	200630TX	p52	Z08115	62	20.0	1.0	1273.069079716496	1273.2969613174123
1276.4695846595428	0.5111614834540887	trials	200630TX	p52	Z08115	74	24.0	1.0	1276.6195846595429	1276.8307461429968
1276.919627821191	0.49452136655395407	trials	200630TX	p52	Z08115	77	25.0	1.0	1277.069627821191	1277.2641491877448
1277.3530308659388	0.4944813662727938	trials	200630TX	p52	Z08115	2	0.0	1.0	1277.5030308659389	1277.6975122322115
1277.7863939104056	0.49452136655395407	trials	200630TX	p52	Z08115	29	9.0	1.0	1277.9363939104057	1278.1309152769595
1278.2197969551537	0.5028414250039077	trials	200630TX	p52	Z08115	89	29.0	1.0	1278.3697969551538	1278.5726383801575
1278.62819982427	0.5278416006353837	trials	200630TX	p52	Z08115	56	18.0	1.0	1278.7781998242701	1279.0060414249053
1279.061562868737	0.5278816009165439	trials	200630TX	p52	Z08115	101	33.0	1.0	1279.211562868737	1279.4394444696534
1279.5283261478473	0.49452136655395407	trials	200630TX	p52	Z08115	53	17.0	1.0	1279.6783261478474	1279.8728475144012
1283.1787917931392	0.5028414250041351	trials	200630TX	p52	Z08115	35	11.0	1.0	1283.3287917931393	1283.5316332181433
1283.5955147207058	0.527841600635611	trials	200630TX	p52	Z08115	47	15.0	1.0	1283.7455147207058	1283.9733563213413
1284.0289177654538	0.5278416006353837	trials	200630TX	p52	Z08115	71	23.0	1.0	1284.178917765454	1284.406759366089
1284.4956410442833	0.527841600635611	trials	200630TX	p52	Z08115	92	30.0	1.0	1284.6456410442834	1284.8734826449188
1284.929044089031	0.527841600635611	trials	200630TX	p52	Z08115	32	10.0	1.0	1285.0790440890312	1285.3068856896666
1285.362407133498	0.5278816009165439	trials	200630TX	p52	Z08115	14	4.0	1.0	1285.512407133498	1285.7402887344144
1285.7958101782458	0.502881425285068	trials	200630TX	p52	Z08115	113	37.0	1.0	1285.945810178246	1286.1486916035308
1286.2042130473624	0.5278416006353837	trials	200630TX	p52	Z08115	41	13.0	1.0	1286.3542130473625	1286.5820546479977
1289.804678341391	0.5028414250041351	trials	200630TX	p52	Z08115	116	38.0	1.0	1289.9546783413912	1290.1575197663951
1290.2130812105074	0.5362016593667249	trials	200630TX	p52	Z08115	11	3.0	1.0	1290.3630812105075	1290.599282869874
1290.6798044893371	0.5028414250039077	trials	200630TX	p52	Z08115	38	12.0	1.0	1290.8298044893372	1291.032645914341
1291.113207534085	0.5028414250039077	trials	200630TX	p52	Z08115	8	2.0	1.0	1291.263207534085	1291.4660489590888
1291.554930637283	0.527841600635611	trials	200630TX	p52	Z08115	83	27.0	1.0	1291.704930637283	1291.9327722379185
1292.0216539161124	0.49452136655395407	trials	200630TX	p52	Z08115	0			1292.1716539161125	1292.3661752826663
1292.4550169605793	0.5278816009165439	trials	200630TX	p52	Z08115	107	35.0	1.0	1292.6050169605794	1292.8328985614958
1292.9051001225087	0.49452136655395407	trials	200630TX	p52	Z08115	17	5.0	1.0	1293.0551001225087	1293.2496214890625
1296.3555643627483	0.5111614834543161	trials	200630TX	p52	Z08115	98	32.0	1.0	1296.5055643627484	1296.7167258462025
1296.8056075243967	0.5278816009165439	trials	200630TX	p52	Z08115	110	36.0	1.0	1296.9556075243968	1297.1834891253131
1297.2723308032262	0.49452136655395407	trials	200630TX	p52	Z08115	59	19.0	1.0	1297.4223308032263	1297.61685216978
1297.6724136138923	0.527841600635611	trials	200630TX	p52	Z08115	0			1297.8224136138924	1298.0502552145279
1298.1058166586404	0.5278416006353837	trials	200630TX	p52	Z08115	50	16.0	1.0	1298.2558166586405	1298.4836582592757
1298.5474997615572	0.5195615424663629	trials	200630TX	p52	Z08115	44	14.0	1.0	1298.6974997615573	1298.9170613040235
1298.9809028063053	0.5278816009165439	trials	200630TX	p52	Z08115	104	34.0	1.0	1299.1309028063054	1299.3587844072217
1299.4476260851347	0.49452136655395407	trials	200630TX	p52	Z08115	95	31.0	1.0	1299.5976260851348	1299.7921474516886
1303.0314512622633	0.5028414250039077	trials	200630TX	p52	Z08115	86	28.0	1.0	1303.1814512622634	1303.3842926872671
1303.4481741898298	0.5195215421852026	trials	200630TX	p52	Z08115	5	1.0	1.0	1303.59817418983	1303.817695732015
1303.8815372342967	0.5278816009165439	trials	200630TX	p52	Z08115	0			1304.0315372342968	1304.2594188352132
1304.3483005134071	0.527841600635611	trials	200630TX	p52	Z08115	65	21.0	1.0	1304.4983005134072	1304.7261421140427
1306.8486380788065	0.5028414250039077	trials	200630TX	p52	Z08115	65	21.0	1.0	1306.9986380788066	1307.2014795038103
1307.2570409479229	0.527841600635611	trials	200630TX	p52	Z08115	89	29.0	1.0	1307.407040947923	1307.6348825485584
1307.6904039923897	0.5278816009165439	trials	200630TX	p52	Z08115	71	23.0	1.0	1307.8404039923898	1308.0682855933062
1308.1238070371376	0.527841600635611	trials	200630TX	p52	Z08115	44	14.0	1.0	1308.2738070371377	1308.501648637773
1310.824146007589	0.5028414250041351	trials	200630TX	p52	Z08115	83	27.0	1.0	1310.974146007589	1311.176987432593
1311.2742291695183	0.5278416006353837	trials	200630TX	p52	Z08115	41	13.0	1.0	1311.4242291695184	1311.6520707701536
1311.7409524483478	0.527841600635611	trials	200630TX	p52	Z08115	14	4.0	1.0	1311.890952448348	1312.1187940489833
1312.1743554930956	0.527841600635611	trials	200630TX	p52	Z08115	98	32.0	1.0	1312.3243554930957	1312.5521970937311
1312.6077185375625	0.5278816009165439	trials	200630TX	p52	Z08115	116	38.0	1.0	1312.7577185375626	1312.985600138479
1313.0411215823106	0.5278416006353837	trials	200630TX	p52	Z08115	119	39.0	1.0	1313.1911215823106	1313.4189631829458
1313.4828446855086	0.5195215421852026	trials	200630TX	p52	Z08115	59	19.0	1.0	1313.6328446855086	1313.8523662276937
1313.9162477302564	0.527841600635611	trials	200630TX	p52	Z08115	38	12.0	1.0	1314.0662477302565	1314.294089330892
1317.4667126730221	0.5028414250041351	trials	200630TX	p52	Z08115	56	18.0	1.0	1317.6167126730222	1317.8195540980262
1317.8751155421385	0.49452136655395407	trials	200630TX	p52	Z08115	113	37.0	1.0	1318.0251155421386	1318.2196369086923
1318.3084785866054	0.502881425285068	trials	200630TX	p52	Z08115	53	17.0	1.0	1318.4584785866055	1318.6613600118903
1318.7502416900845	0.4944813662727938	trials	200630TX	p52	Z08115	50	16.0	1.0	1318.9002416900846	1319.0947230563572
1319.1836047345514	0.5278816009165439	trials	200630TX	p52	Z08115	107	35.0	1.0	1319.3336047345515	1319.5614863354679
1319.6170077792992	0.527841600635611	trials	200630TX	p52	Z08115	11	3.0	1.0	1319.7670077792993	1319.9948493799347
1320.050410824047	0.527841600635611	trials	200630TX	p52	Z08115	74	24.0	1.0	1320.2004108240471	1320.4282524246826
1320.483773868514	0.5278816009165439	trials	200630TX	p52	Z08115	17	5.0	1.0	1320.633773868514	1320.8616554694304
1324.1259194553556	0.502881425285068	trials	200630TX	p52	Z08115	35	11.0	1.0	1324.2759194553557	1324.4788008806406
1326.7512978991936	0.5028414250039077	trials	200630TX	p52	Z08115	20	6.0	1.0	1326.9012978991937	1327.1041393241974
1327.159660768029	0.4945213665537267	trials	200630TX	p52	Z08115	0			1327.309660768029	1327.5041821345826
1327.5930638127768	0.49452136655395407	trials	200630TX	p52	Z08115	0			1327.7430638127769	1327.9375851793307
1328.0264668575246	0.49452136655395407	trials	200630TX	p52	Z08115	77	25.0	1.0	1328.1764668575247	1328.3709882240785
1328.4598299019915	0.502881425285068	trials	200630TX	p52	Z08115	8	2.0	1.0	1328.6098299019916	1328.8127113272765
1328.9015930054707	0.5278416006353837	trials	200630TX	p52	Z08115	68	22.0	1.0	1329.0515930054707	1329.279434606106
1329.3683162843001	0.527841600635611	trials	200630TX	p52	Z08115	92	30.0	1.0	1329.5183162843002	1329.7461578849357
1329.801719329048	0.527841600635611	trials	200630TX	p52	Z08115	86	28.0	1.0	1329.951719329048	1330.1795609296835
1333.652226379673	0.5111614834540887	trials	200630TX	p52	Z08115	32	10.0	1.0	1333.8022263796731	1334.013387863127
1334.1022695413212	0.5278816009165439	trials	200630TX	p52	Z08115	95	31.0	1.0	1334.2522695413213	1334.4801511422377
1334.535672586069	0.527841600635611	trials	200630TX	p52	Z08115	0			1334.6856725860691	1334.9135141867046
1334.969075630817	0.4944813662727938	trials	200630TX	p52	Z08115	26	8.0	1.0	1335.1190756308172	1335.3135569970898
1335.402438675284	0.4945213665537267	trials	200630TX	p52	Z08115	47	15.0	1.0	1335.552438675284	1335.7469600418376
1335.8358417200318	0.5028414250039077	trials	200630TX	p52	Z08115	5	1.0	1.0	1335.9858417200319	1336.1886831450356
1336.2775648232298	0.49452136655395407	trials	200630TX	p52	Z08115	110	36.0	1.0	1336.42756482323	1336.6220861897837
1336.7109678679776	0.527841600635611	trials	200630TX	p52	Z08115	0			1336.8609678679777	1337.0888094686131
1340.5947951526844	0.5028414250039077	trials	200630TX	p52	Z08115	23	7.0	1.0	1340.7447951526844	1340.9476365776882
1341.0115180802509	0.5278816009165439	trials	200630TX	p52	Z08115	29	9.0	1.0	1341.161518080251	1341.3893996811673
1341.4782413590804	0.5278816009165439	trials	200630TX	p52	Z08115	80	26.0	1.0	1341.6282413590804	1341.8561229599968
1341.9116444038284	0.5278816009165439	trials	200630TX	p52	Z08115	2	0.0	1.0	1342.0616444038285	1342.2895260047449
1342.3450474485762	0.5278416006353837	trials	200630TX	p52	Z08115	101	33.0	1.0	1342.4950474485763	1342.7228890492115
1342.778410493043	0.5278816009165439	trials	200630TX	p52	Z08115	62	20.0	1.0	1342.9284104930432	1343.1562920939596
1345.2287477071793	0.5028414250039077	trials	200630TX	p52	Z08115	104	34.0	1.0	1345.3787477071794	1345.5815891321831
1345.6454706347458	0.5362016593667249	trials	200630TX	p52	Z08115	77	25.0	1.0	1345.795470634746	1346.0316722941125
1346.0955537966752	0.4945213665537267	trials	200630TX	p52	Z08115	113	37.0	1.0	1346.2455537966753	1346.4400751632288
1350.429464243311	0.5028414250039077	trials	200630TX	p52	Z08115	0			1350.5794642433111	1350.7823056683148
1352.7881208133713	0.5028414250041351	trials	200630TX	p52	Z08115	23	7.0	1.0	1352.9381208133714	1353.1409622383753
1353.2048037406569	0.5195615424663629	trials	200630TX	p52	Z08115	26	8.0	1.0	1353.354803740657	1353.5743652831231
1353.6382067854047	0.5278816009165439	trials	200630TX	p52	Z08115	107	35.0	1.0	1353.7882067854048	1354.0160883863211
1354.1049700645153	0.4944813662727938	trials	200630TX	p52	Z08115	89	29.0	1.0	1354.2549700645154	1354.449451430788
1354.5383331089822	0.4945213665537267	trials	200630TX	p52	Z08115	101	33.0	1.0	1354.6883331089823	1354.8828544755359
1354.97173615373	0.49452136655395407	trials	200630TX	p52	Z08115	29	9.0	1.0	1355.1217361537301	1355.316257520284
1355.405099198197	0.49456136683488694	trials	200630TX	p52	Z08115	59	19.0	1.0	1355.555099198197	1355.7496605650317
1355.8385022429447	0.502881425285068	trials	200630TX	p52	Z08115	17	5.0	1.0	1355.9885022429448	1356.1913836682297
1359.5306481810494	0.502881425285068	trials	200630TX	p52	Z08115	92	30.0	1.0	1359.6806481810495	1359.8835296063344
1359.939051050166	0.5278816009165439	trials	200630TX	p52	Z08115	5	1.0	1.0	1360.089051050166	1360.3169326510824
1360.3724540949138	0.4945213665537267	trials	200630TX	p52	Z08115	20	6.0	1.0	1360.5224540949139	1360.7169754614674
1360.8058571396616	0.5028414250041351	trials	200630TX	p52	Z08115	86	28.0	1.0	1360.9558571396617	1361.1586985646657
1363.9229190376795	0.511201483735249	trials	200630TX	p52	Z08115	95	31.0	1.0	1364.0729190376796	1364.2841205214147
1364.339641965246	0.5278816009165439	trials	200630TX	p52	Z08115	104	34.0	1.0	1364.4896419652462	1364.7175235661625
1364.773045009994	0.527841600635611	trials	200630TX	p52	Z08115	74	24.0	1.0	1364.923045009994	1365.1508866106294
1365.206448054742	0.5278416006353837	trials	200630TX	p52	Z08115	32	10.0	1.0	1365.356448054742	1365.5842896553772
1365.64817115794	0.51952154218543	trials	200630TX	p52	Z08115	98	32.0	1.0	1365.79817115794	1366.0176927001253
1366.0732141439566	0.5028414250039077	trials	200630TX	p52	Z08115	0			1366.2232141439567	1366.4260555689605
1366.5149372471546	0.5278816009165439	trials	200630TX	p52	Z08115	41	13.0	1.0	1366.6649372471547	1366.892818848071
1366.9816605259844	0.4945213665537267	trials	200630TX	p52	Z08115	71	23.0	1.0	1367.1316605259844	1367.326181892538
1370.6988066397205	0.502881425285068	trials	200630TX	p52	Z08115	56	18.0	1.0	1370.8488066397206	1371.0516880650055
1371.115569567568	0.527841600635611	trials	200630TX	p52	Z08115	83	27.0	1.0	1371.265569567568	1371.4934111682035
1371.5822928463976	0.5278416006353837	trials	200630TX	p52	Z08115	8	2.0	1.0	1371.7322928463977	1371.960134447033
1372.0156958911455	0.527841600635611	trials	200630TX	p52	Z08115	53	17.0	1.0	1372.1656958911456	1372.393537491781
1372.4490589356124	0.4945213665537267	trials	200630TX	p52	Z08115	119	39.0	1.0	1372.5990589356124	1372.793580302166
1372.8824619803602	0.49452136655395407	trials	200630TX	p52	Z08115	44	14.0	1.0	1373.0324619803603	1373.226983346914
1373.2908648494765	0.51952154218543	trials	200630TX	p52	Z08115	0			1373.4408648494766	1373.6603863916619
1373.7242278939434	0.5278816009165439	trials	200630TX	p52	Z08115	0			1373.8742278939435	1374.1021094948599
1377.399733715148	0.4944813662727938	trials	200630TX	p52	Z08115	2	0.0	1.0	1377.549733715148	1377.7442150814206
1377.8330967596148	0.49456136683465957	trials	200630TX	p52	Z08115	116	38.0	1.0	1377.983096759615	1378.1776581264494
1378.2664998043626	0.502881425285068	trials	200630TX	p52	Z08115	68	22.0	1.0	1378.4164998043627	1378.6193812296476
1378.7082629078416	0.4944813662730212	trials	200630TX	p52	Z08115	11	3.0	1.0	1378.8582629078417	1379.0527442741145
1379.1416259523085	0.5278816009165439	trials	200630TX	p52	Z08115	47	15.0	1.0	1379.2916259523086	1379.519507553225
1379.5750289970565	0.5278416006353837	trials	200630TX	p52	Z08115	80	26.0	1.0	1379.7250289970566	1379.9528705976918
1380.0083920415234	0.5278816009165439	trials	200630TX	p52	Z08115	38	12.0	1.0	1380.1583920415235	1380.3862736424398
1380.4417950862712	0.5278816009165439	trials	200630TX	p52	Z08115	62	20.0	1.0	1380.5917950862713	1380.8196766871877
1384.0839806733939	0.5028014247229748	trials	200630TX	p52	Z08115	65	21.0	1.0	1384.233980673394	1384.4367820981167
1384.4923435422293	0.527841600635611	trials	200630TX	p52	Z08115	50	16.0	1.0	1384.6423435422294	1384.8701851428648
1386.9593608735468	0.5028414250041351	trials	200630TX	p52	Z08115	14	4.0	1.0	1387.1093608735468	1387.3122022985508
1387.3677237423822	0.49452136655395407	trials	200630TX	p52	Z08115	71	23.0	1.0	1387.5177237423823	1387.712245108936
1387.80112678713	0.49452136655395407	trials	200630TX	p52	Z08115	35	11.0	1.0	1387.95112678713	1388.1456481536839
1388.2344898315969	0.502881425285068	trials	200630TX	p52	Z08115	50	16.0	1.0	1388.384489831597	1388.5873712568819
1388.676252935076	0.49452136655395407	trials	200630TX	p52	Z08115	56	18.0	1.0	1388.8262529350761	1389.02077430163
1389.109615979543	0.5278816009165439	trials	200630TX	p52	Z08115	110	36.0	1.0	1389.259615979543	1389.4874975804594
1389.559699141472	0.49452136655395407	trials	200630TX	p52	Z08115	35	11.0	1.0	1389.7096991414721	1389.904220508026
1391.993356238427	0.5111614834543161	trials	200630TX	p52	Z08115	2	0.0	1.0	1392.143356238427	1392.3545177218812
1392.4350793416252	0.4945213665537267	trials	200630TX	p52	Z08115	0			1392.5850793416253	1392.7796007081788
1392.8434422104604	0.5195615424665903	trials	200630TX	p52	Z08115	92	30.0	1.0	1392.9934422104604	1393.2130037529269
1393.2768452552084	0.5195215421852026	trials	200630TX	p52	Z08115	62	20.0	1.0	1393.4268452552085	1393.6463667973935
1393.7102482999562	0.527841600635611	trials	200630TX	p52	Z08115	17	5.0	1.0	1393.8602482999563	1394.0880899005917
1396.28558639225	0.511201483735249	trials	200630TX	p52	Z08115	86	28.0	1.0	1396.4355863922501	1396.6467878759852
1396.7356295538982	0.49456136683488694	trials	200630TX	p52	Z08115	0			1396.8856295538983	1397.080190920733
1397.169032598646	0.49452136655395407	trials	200630TX	p52	Z08115	113	37.0	1.0	1397.3190325986461	1397.5135539652
1397.602435643394	0.4945213665537267	trials	200630TX	p52	Z08115	5	1.0	1.0	1397.7524356433942	1397.9469570099477
1398.035838688142	0.5028414250039077	trials	200630TX	p52	Z08115	98	32.0	1.0	1398.185838688142	1398.3886801131457
1402.3614290763276	0.5194815419042698	trials	200630TX	p52	Z08115	41	13.0	1.0	1402.5114290763277	1402.7309106182317
1402.7864720623443	0.527841600635611	trials	200630TX	p52	Z08115	0			1402.9364720623444	1403.1643136629798
1405.0034076367847	0.502881425285068	trials	200630TX	p52	Z08115	23	7.0	1.0	1405.1534076367848	1405.3562890620697
1405.4201305643512	0.5195615424663629	trials	200630TX	p52	Z08115	119	39.0	1.0	1405.5701305643513	1405.7896921068175
1405.8535336090993	0.5278416006353837	trials	200630TX	p52	Z08115	74	24.0	1.0	1406.0035336090993	1406.2313752097346
1406.286936653847	0.5278416006353837	trials	200630TX	p52	Z08115	47	15.0	1.0	1406.4369366538472	1406.6647782544824
1406.7536599326766	0.49452136655395407	trials	200630TX	p52	Z08115	44	14.0	1.0	1406.9036599326766	1407.0981812992304
1407.1870629774244	0.4944813662730212	trials	200630TX	p52	Z08115	68	22.0	1.0	1407.3370629774245	1407.5315443436973
1407.6204260218915	0.4945213665537267	trials	200630TX	p52	Z08115	59	19.0	1.0	1407.7704260218916	1407.9649473884451
1408.0288288910078	0.5195215421852026	trials	200630TX	p52	Z08115	80	26.0	1.0	1408.178828891008	1408.398350433193
1411.4709730727973	0.527841600635611	trials	200630TX	p52	Z08115	65	21.0	1.0	1411.6209730727974	1411.8488146734328
1411.9376563513458	0.49456136683488694	trials	200630TX	p52	Z08115	77	25.0	1.0	1412.087656351346	1412.2822177181806
1412.337739162012	0.527841600635611	trials	200630TX	p52	Z08115	116	38.0	1.0	1412.487739162012	1412.7155807626475
1412.77114220676	0.5278416006353837	trials	200630TX	p52	Z08115	53	17.0	1.0	1412.9211422067601	1413.1489838073953
1413.212865309958	0.51952154218543	trials	200630TX	p52	Z08115	14	4.0	1.0	1413.3628653099581	1413.5823868521434
1413.646228354425	0.5278816009165439	trials	200630TX	p52	Z08115	110	36.0	1.0	1413.796228354425	1414.0241099553414
1414.1129516332544	0.5278816009165439	trials	200630TX	p52	Z08115	38	12.0	1.0	1414.2629516332545	1414.4908332341709
1414.5463546780024	0.5278816009165439	trials	200630TX	p52	Z08115	11	3.0	1.0	1414.6963546780025	1414.924236278919
1418.1968603235753	0.5028414250039077	trials	200630TX	p52	Z08115	29	9.0	1.0	1418.3468603235754	1418.549701748579
1418.6135832511418	0.5278416006353837	trials	200630TX	p52	Z08115	0			1418.7635832511419	1418.991424851777
1419.0803065299713	0.527841600635611	trials	200630TX	p52	Z08115	101	33.0	1.0	1419.2303065299714	1419.4581481306068
1419.5136695744382	0.5278816009165439	trials	200630TX	p52	Z08115	89	29.0	1.0	1419.6636695744382	1419.8915511753546
1419.947072619186	0.5278816009165439	trials	200630TX	p52	Z08115	8	2.0	1.0	1420.097072619186	1420.3249542201024
1420.380475663934	0.5028814252848406	trials	200630TX	p52	Z08115	107	35.0	1.0	1420.530475663934	1420.7333570892188
1420.8138787086818	0.5028414250041351	trials	200630TX	p52	Z08115	104	34.0	1.0	1420.963878708682	1421.1667201336859
1421.2556018118798	0.527841600635611	trials	200630TX	p52	Z08115	95	31.0	1.0	1421.40560181188	1421.6334434125154
1424.8894273402714	0.5028414250041351	trials	200630TX	p52	Z08115	32	10.0	1.0	1425.0394273402715	1425.2422687652754
1425.2978302093877	0.5111614834543161	trials	200630TX	p52	Z08115	20	6.0	1.0	1425.4478302093878	1425.658991692842
1425.7311932538546	0.5278816009165439	trials	200630TX	p52	Z08115	83	27.0	1.0	1425.8811932538547	1426.109074854771
1426.1729163570526	0.5278816009167713	trials	200630TX	p52	Z08115	26	8.0	1.0	1426.3229163570527	1426.5507979579693
1917.8381217275548	0.5028413109241683	trials	200630TX	p52	Z08115	37	12.0	0.0	1917.988121727555	1918.190963038479
1918.2465243669817	0.5278414724953109	trials	200630TX	p52	Z08115	48	15.0	2.0	1918.3965243669818	1918.624365839477
1918.6799271679797	0.5278414724953109	trials	200630TX	p52	Z08115	39	12.0	2.0	1918.8299271679798	1919.057768640475
1919.1132899687193	0.5028813111825912	trials	200630TX	p52	Z08115	75	24.0	2.0	1919.2632899687194	1919.4661712799018
1919.5550528237468	0.5278414724953109	trials	200630TX	p52	Z08115	115	38.0	0.0	1919.7050528237469	1919.932894296242
1920.021775840087	0.5278414724953109	trials	200630TX	p52	Z08115	117	38.0	2.0	1920.171775840087	1920.3996173125822
1920.4551386408266	0.5278814727537338	trials	200630TX	p52	Z08115	87	28.0	2.0	1920.6051386408267	1920.8330201135802
1920.8885414418246	0.5278414724953109	trials	200630TX	p52	Z08115	58	19.0	0.0	1921.0385414418247	1921.2663829143198
1924.4723246031185	0.5112013649536493	trials	200630TX	p52	Z08115	31	10.0	0.0	1924.6223246031186	1924.833525968072
1924.9224075119168	0.5278414724955383	trials	200630TX	p52	Z08115	49	16.0	0.0	1925.072407511917	1925.3002489844123
1925.355810312915	0.5278414724953109	trials	200630TX	p52	Z08115	30	9.0	2.0	1925.5058103129152	1925.7336517854103
1925.7891731136547	0.4945212571531101	trials	200630TX	p52	Z08115	73	24.0	0.0	1925.9391731136548	1926.1336943708077
1926.2225759146527	0.5028413109241683	trials	200630TX	p52	Z08115	28	9.0	0.0	1926.3725759146528	1926.5754172255768
1926.6309785540795	0.5195214187244801	trials	200630TX	p52	Z08115	6	1.0	2.0	1926.7809785540796	1927.000499972804
1927.0643813550776	0.5278414724953109	trials	200630TX	p52	Z08115	60	19.0	2.0	1927.2143813550776	1927.4422228275728
1927.5310643711591	0.4945212571533375	trials	200630TX	p52	Z08115	0			1927.6810643711592	1927.8755856283124
1931.1148875327117	0.5028413109241683	trials	200630TX	p52	Z08115	120	39.0	2.0	1931.2648875327118	1931.4677288436358
1931.5566503877392	0.5028413109241683	trials	200630TX	p52	Z08115	84	27.0	2.0	1931.7066503877393	1931.9094916986633
1931.9983332422496	0.4945212571533375	trials	200630TX	p52	Z08115	64	21.0	0.0	1932.1483332422497	1932.3428544994028
1932.4317360432478	0.4945212571531101	trials	200630TX	p52	Z08115	94	31.0	0.0	1932.581736043248	1932.7762573004009
1932.8651388442458	0.4945212571533375	trials	200630TX	p52	Z08115	88	29.0	0.0	1933.015138844246	1933.209660101399
1933.2985416452439	0.49448125689468725	trials	200630TX	p52	Z08115	85	28.0	0.0	1933.448541645244	1933.6430229021385
1933.6985842306412	0.5278414724955383	trials	200630TX	p52	Z08115	33	10.0	2.0	1933.8485842306413	1934.0764257031367
1934.1403070854103	0.5195214187244801	trials	200630TX	p52	Z08115	93	30.0	2.0	1934.2903070854104	1934.5098285041347
1937.7407703545045	0.5028413109241683	trials	200630TX	p52	Z08115	52	17.0	0.0	1937.8907703545046	1938.0936116654286
1938.1491729939316	0.5278414724953109	trials	200630TX	p52	Z08115	99	32.0	2.0	1938.2991729939317	1938.5270144664269
1938.5825757949297	0.4945212571531101	trials	200630TX	p52	Z08115	81	26.0	2.0	1938.7325757949297	1938.9270970520827
1939.0159785959277	0.5028413109241683	trials	200630TX	p52	Z08115	61	20.0	0.0	1939.1659785959278	1939.3688199068517
1939.4577014506965	0.4944812568949146	trials	200630TX	p52	Z08115	4	1.0	0.0	1939.6077014506966	1939.8021827075913
1939.8577440360941	0.5278414724953109	trials	200630TX	p52	Z08115	42	13.0	2.0	1940.0077440360942	1940.2355855085893
1940.2911068368337	0.5278814727537338	trials	200630TX	p52	Z08115	25	8.0	0.0	1940.4411068368338	1940.6689883095873
1940.7245096378317	0.5278414724953109	trials	200630TX	p52	Z08115	43	14.0	0.0	1940.8745096378318	1941.102351110327
1944.3416530147263	0.5112013649536493	trials	200630TX	p52	Z08115	24	7.0	2.0	1944.4916530147264	1944.7028543796798
1944.7583757079242	0.5278814727537338	trials	200630TX	p52	Z08115	0			1944.9083757079243	1945.1362571806778
1945.2250987242642	0.4945212571533375	trials	200630TX	p52	Z08115	108	35.0	2.0	1945.3750987242643	1945.5696199814174
1945.6585015252624	0.4945212571531101	trials	200630TX	p52	Z08115	46	15.0	0.0	1945.8085015252625	1946.0030227824154
1946.0919043262604	0.49448125689468725	trials	200630TX	p52	Z08115	7	2.0	0.0	1946.2419043262605	1946.436385583155
1946.525267127	0.5028813111825912	trials	200630TX	p52	Z08115	18	5.0	2.0	1946.675267127	1946.8781484381825
1946.9336697664269	0.5278814727537338	trials	200630TX	p52	Z08115	13	4.0	0.0	1947.083669766427	1947.3115512391805
1949.1589641480718	0.5028413109241683	trials	200630TX	p52	Z08115	36	11.0	2.0	1949.308964148072	1949.511805458996
1949.5756868412698	0.4945212571531101	trials	200630TX	p52	Z08115	51	16.0	2.0	1949.7256868412699	1949.9202080984228
1951.9009818691995	0.5112013649534219	trials	200630TX	p52	Z08115	55	18.0	0.0	1952.0509818691996	1952.2621832341529
1952.3177445626557	0.5278414724955383	trials	200630TX	p52	Z08115	91	30.0	0.0	1952.4677445626558	1952.695586035151
1952.7511073633952	0.5278814727539611	trials	200630TX	p52	Z08115	109	36.0	0.0	1952.9011073633953	1953.1289888361491
1953.1845101643935	0.4945212571531101	trials	200630TX	p52	Z08115	12	3.0	2.0	1953.3345101643936	1953.5290314215465
1953.5845527497909	0.5278414724953109	trials	200630TX	p52	Z08115	78	25.0	2.0	1953.734552749791	1953.962394222286
1954.0179555507889	0.5028413109241683	trials	200630TX	p52	Z08115	106	35.0	0.0	1954.167955550789	1954.370796861713
1954.4263581902158	0.5278414724953109	trials	200630TX	p52	Z08115	0			1954.5763581902158	1954.804199662711
1954.893081206556	0.5278414724953109	trials	200630TX	p52	Z08115	82	27.0	0.0	1955.043081206556	1955.2709226790512
1958.4602242603082	0.5028413109241683	trials	200630TX	p52	Z08115	96	31.0	2.0	1958.6102242603083	1958.8130655712323
1958.876946953506	0.4944812568949146	trials	200630TX	p52	Z08115	72	23.0	2.0	1959.026946953506	1959.2214282104007
1959.3019897004747	0.5362015265247919	trials	200630TX	p52	Z08115	1	0.0	0.0	1959.4519897004748	1959.6881912269994
1959.7437125552435	0.5278414724955383	trials	200630TX	p52	Z08115	76	25.0	0.0	1959.8937125552436	1960.121554027739
1960.1771153562418	0.5278414724953109	trials	200630TX	p52	Z08115	102	33.0	2.0	1960.3271153562418	1960.554956828737
1960.6105181572398	0.5278414724953109	trials	200630TX	p52	Z08115	112	37.0	0.0	1960.7605181572399	1960.988359629735
1961.0438809579794	0.5278814727537338	trials	200630TX	p52	Z08115	105	34.0	2.0	1961.1938809579794	1961.421762430733
1961.4856038127482	0.5195214187244801	trials	200630TX	p52	Z08115	54	17.0	2.0	1961.6356038127483	1961.8551252314726
1965.086107082101	0.5028413109241683	trials	200630TX	p52	Z08115	79	26.0	0.0	1965.2361070821012	1965.4389483930252
1965.4944697212695	0.5278814727537338	trials	200630TX	p52	Z08115	0			1965.6444697212696	1965.8723511940232
1965.9278725222675	0.5278414724953109	trials	200630TX	p52	Z08115	22	7.0	0.0	1966.0778725222676	1966.3057139947628
1968.378208358312	0.5028413109239409	trials	200630TX	p52	Z08115	34	11.0	0.0	1968.528208358312	1968.7310496692357
1970.7368236015836	0.5028813111828185	trials	200630TX	p52	Z08115	103	34.0	0.0	1970.8868236015837	1971.0897049127664
1971.1452262410105	0.5028413109241683	trials	200630TX	p52	Z08115	15	4.0	2.0	1971.2952262410106	1971.4980675519346
1971.5786290420087	0.5028413109239409	trials	200630TX	p52	Z08115	45	14.0	2.0	1971.7286290420088	1971.9314703529326
1972.0203518967776	0.5278414724953109	trials	200630TX	p52	Z08115	19	6.0	0.0	1972.1703518967777	1972.3981933692728
1972.4870749131178	0.5278414724953109	trials	200630TX	p52	Z08115	70	23.0	0.0	1972.6370749131179	1972.864916385613
1972.9204777141158	0.4945212571533375	trials	200630TX	p52	Z08115	111	36.0	2.0	1973.070477714116	1973.264998971269
1973.3538805151138	0.4944812568949146	trials	200630TX	p52	Z08115	40	13.0	0.0	1973.503880515114	1973.6983617720086
1973.7872433158534	0.4945212571533375	trials	200630TX	p52	Z08115	100	33.0	0.0	1973.9372433158535	1974.1317645730066
1977.2960659926925	0.5028413109239409	trials	200630TX	p52	Z08115	97	32.0	0.0	1977.4460659926926	1977.6489073036164
1977.7044286318608	0.4945212571533375	trials	200630TX	p52	Z08115	69	22.0	2.0	1977.8544286318609	1978.048949889014
1978.1378314328588	0.5278414724953109	trials	200630TX	p52	Z08115	3	0.0	2.0	1978.2878314328589	1978.515672905354
1978.5711942335984	0.5278814727539611	trials	200630TX	p52	Z08115	57	18.0	2.0	1978.7211942335985	1978.9490757063522
1979.0129570886259	0.5195214187244801	trials	200630TX	p52	Z08115	16	5.0	0.0	1979.162957088626	1979.3824785073502
1981.5882937325262	0.5028413109241683	trials	200630TX	p52	Z08115	118	39.0	0.0	1981.7382937325262	1981.9411350434502
1982.0050164257239	0.5278414724953109	trials	200630TX	p52	Z08115	66	21.0	2.0	1982.155016425724	1982.382857898219
1982.471739442064	0.5278414724953109	trials	200630TX	p52	Z08115	21	6.0	2.0	1982.6217394420642	1982.8495809145593
1982.905142243062	0.4945212571533375	trials	200630TX	p52	Z08115	9	2.0	2.0	1983.0551422430622	1983.2496635002153
1983.3385050438017	0.4945212571531101	trials	200630TX	p52	Z08115	10	3.0	0.0	1983.4885050438018	1983.6830263009547
1983.7385876294577	0.5278414724953109	trials	200630TX	p52	Z08115	67	22.0	0.0	1983.8885876294578	1984.116429101953
1984.1803104842265	0.5278414724953109	trials	200630TX	p52	Z08115	27	8.0	2.0	1984.3303104842266	1984.5581519567218
1986.4722452965557	0.5028813111828185	trials	200630TX	p52	Z08115	114	37.0	2.0	1986.6222452965558	1986.8251266077384
1986.8889679897536	0.5278814727537338	trials	200630TX	p52	Z08115	90	29.0	2.0	1987.0389679897537	1987.2668494625073
1987.3557310063522	0.4945212571533375	trials	200630TX	p52	Z08115	63	20.0	2.0	1987.5057310063523	1987.7002522635055
1987.7891338073503	0.49448125689468725	trials	200630TX	p52	Z08115	97	32.0	0.0	1987.9391338073503	1988.1336150642449
1988.1891763927479	0.5278414724953109	trials	200630TX	p52	Z08115	37	12.0	0.0	1988.339176392748	1988.567017865243
1988.6308992475167	0.5195214187244801	trials	200630TX	p52	Z08115	85	28.0	0.0	1988.7808992475168	1989.000420666241
1989.0643020485147	0.5278414724953109	trials	200630TX	p52	Z08115	90	29.0	2.0	1989.2143020485148	1989.44214352101
1993.8815731816019	0.5028813111825912	trials	200630TX	p52	Z08115	0			1994.031573181602	1994.2344544927844
1994.2982958747996	0.5028813111828185	trials	200630TX	p52	Z08115	61	20.0	0.0	1994.4482958747997	1994.6511771859823
1994.7316986757976	0.4945212571533375	trials	200630TX	p52	Z08115	84	27.0	2.0	1994.8816986757977	1995.0762199329508
1997.2487149427845	0.5028413109241683	trials	200630TX	p52	Z08115	109	36.0	0.0	1997.3987149427846	1997.6015562537086
1997.6904377975536	0.4945212571531101	trials	200630TX	p52	Z08115	39	12.0	2.0	1997.8404377975537	1998.0349590547066
1998.1238405985516	0.4945212571533375	trials	200630TX	p52	Z08115	91	30.0	0.0	1998.2738405985517	1998.4683618557049
1998.5572033992912	0.4945212571533375	trials	200630TX	p52	Z08115	12	3.0	2.0	1998.7072033992913	1998.9017246564445
1998.9906062002892	0.5028413109241683	trials	200630TX	p52	Z08115	0			1999.1406062002893	1999.3434475112133
1999.4323290550583	0.4945212571531101	trials	200630TX	p52	Z08115	3	0.0	2.0	1999.5823290550584	1999.7768503122113
1999.8657318560563	0.5278414724953109	trials	200630TX	p52	Z08115	46	15.0	0.0	2000.0157318560564	2000.2435733285515
2000.2991346570543	0.5278414724953109	trials	200630TX	p52	Z08115	111	36.0	2.0	2000.4491346570544	2000.6769761295495
2004.182959757461	0.5111613646949991	trials	200630TX	p52	Z08115	72	23.0	2.0	2004.3329597574611	2004.544121122156
2004.599682450659	0.4945212571531101	trials	200630TX	p52	Z08115	94	31.0	0.0	2004.749682450659	2004.944203707812
2005.033085251657	0.4945212571531101	trials	200630TX	p52	Z08115	108	35.0	2.0	2005.183085251657	2005.37760650881
2005.466488052655	0.49448125689468725	trials	200630TX	p52	Z08115	60	19.0	2.0	2005.616488052655	2005.8109693095496
2005.8665306380526	0.5278414724953109	trials	200630TX	p52	Z08115	58	19.0	0.0	2006.0165306380527	2006.2443721105478
2006.2999334390506	0.5028413109241683	trials	200630TX	p52	Z08115	102	33.0	2.0	2006.4499334390507	2006.6527747499747
2006.7416562938195	0.4944812568949146	trials	200630TX	p52	Z08115	13	4.0	0.0	2006.8916562938196	2007.0861375507143
2007.175019094559	0.5278814727539611	trials	200630TX	p52	Z08115	79	26.0	0.0	2007.3250190945591	2007.552900567313
2011.0588841952244	0.5028413109241683	trials	200630TX	p52	Z08115	69	22.0	2.0	2011.2088841952245	2011.4117255061485
2011.4756068884221	0.4945212571533375	trials	200630TX	p52	Z08115	15	4.0	2.0	2011.6256068884222	2011.8201281455754
2011.9089696891617	0.5278814727537338	trials	200630TX	p52	Z08115	88	29.0	0.0	2012.0589696891618	2012.2868511619154
2012.375692705502	0.5278814727537338	trials	200630TX	p52	Z08115	49	16.0	0.0	2012.525692705502	2012.7535741782556
2012.8090955065	0.5278814727537338	trials	200630TX	p52	Z08115	66	21.0	2.0	2012.9590955065	2013.1869769792536
2013.242498307498	0.5278814727539611	trials	200630TX	p52	Z08115	0			2013.392498307498	2013.6203797802518
2015.9261956517123	0.5028413109241683	trials	200630TX	p52	Z08115	0			2016.0761956517124	2016.2790369626364
2016.34291834491	0.4945212571533375	trials	200630TX	p52	Z08115	40	13.0	0.0	2016.49291834491	2016.6874396020633
2016.7763211459082	0.4945212571531101	trials	200630TX	p52	Z08115	96	31.0	2.0	2016.9263211459083	2017.1208424030613
2017.2096839466476	0.5278814727539611	trials	200630TX	p52	Z08115	75	24.0	2.0	2017.3596839466477	2017.5875654194015
2017.6430867476458	0.5278814727537338	trials	200630TX	p52	Z08115	36	11.0	2.0	2017.793086747646	2018.0209682203995
2018.0764495483852	0.49456125741198775	trials	200630TX	p52	Z08115	70	23.0	0.0	2018.2264495483853	2018.421010805797
2018.5098523493834	0.4945212571531101	trials	200630TX	p52	Z08115	22	7.0	0.0	2018.6598523493835	2018.8543736065365
2018.9432551503814	0.5028813111825912	trials	200630TX	p52	Z08115	115	38.0	0.0	2019.0932551503815	2019.296136461564
2022.5103982041337	0.5112013649536493	trials	200630TX	p52	Z08115	93	30.0	2.0	2022.6603982041338	2022.8715995690873
2022.9271208973314	0.5278814727539611	trials	200630TX	p52	Z08115	55	18.0	0.0	2023.0771208973315	2023.3050023700853
2023.3605236983294	0.5278414724955383	trials	200630TX	p52	Z08115	42	13.0	2.0	2023.5105236983295	2023.7383651708249
2023.7939264993277	0.5278414724953109	trials	200630TX	p52	Z08115	24	7.0	2.0	2023.9439264993277	2024.1717679718229
2026.477623843542	0.5111613646949991	trials	200630TX	p52	Z08115	28	9.0	0.0	2026.627623843542	2026.838785208237
2026.9276667520817	0.5278414724955383	trials	200630TX	p52	Z08115	33	10.0	2.0	2027.0776667520818	2027.3055082245771
2027.394389768422	0.5278414724953109	trials	200630TX	p52	Z08115	27	8.0	2.0	2027.544389768422	2027.772231240917
2027.82779256942	0.5278414724955383	trials	200630TX	p52	Z08115	114	37.0	2.0	2027.97779256942	2028.2056340419153
2028.2611553701595	0.5278814727539611	trials	200630TX	p52	Z08115	10	3.0	0.0	2028.4111553701596	2028.6390368429134
2028.6945581711575	0.5278814727539611	trials	200630TX	p52	Z08115	103	34.0	0.0	2028.8445581711576	2029.0724396439114
2031.494936269457	0.5028413109241683	trials	200630TX	p52	Z08115	43	14.0	0.0	2031.644936269457	2031.847777580381
2031.9116589626547	0.5278414724953109	trials	200630TX	p52	Z08115	25	8.0	0.0	2032.0616589626547	2032.2895004351499
2032.3450217633942	0.5278814727539611	trials	200630TX	p52	Z08115	7	2.0	0.0	2032.4950217633943	2032.722903236148
2032.7784245643925	0.5278814727537338	trials	200630TX	p52	Z08115	16	5.0	0.0	2032.9284245643926	2033.1563060371461
2033.2118273653905	0.4945212571531101	trials	200630TX	p52	Z08115	117	38.0	2.0	2033.3618273653906	2033.5563486225435
2033.6118699507879	0.5278814727539611	trials	200630TX	p52	Z08115	9	2.0	2.0	2033.761869950788	2033.9897514235417
2034.0536328058154	0.5278414724953109	trials	200630TX	p52	Z08115	76	25.0	0.0	2034.2036328058155	2034.4314742783106
2034.486995606555	0.4945212571533375	trials	200630TX	p52	Z08115	63	20.0	2.0	2034.636995606555	2034.8315168637082
2038.1374991990501	0.5028413109241683	trials	200630TX	p52	Z08115	73	24.0	0.0	2038.2874991990502	2038.4903405099742
2038.5542218922478	0.4945212571533375	trials	200630TX	p52	Z08115	99	32.0	2.0	2038.704221892248	2038.898743149401
2038.9792646392166	0.5278814727539611	trials	200630TX	p52	Z08115	67	22.0	0.0	2039.1292646392167	2039.3571461119705
2039.4209874939856	0.5278414724953109	trials	200630TX	p52	Z08115	106	35.0	0.0	2039.5709874939857	2039.7988289664809
2039.8877105103256	0.5278814727539611	trials	200630TX	p52	Z08115	81	26.0	2.0	2040.0377105103257	2040.2655919830795
2040.3211133113236	0.5278414724955383	trials	200630TX	p52	Z08115	120	39.0	2.0	2040.4711133113237	2040.698954783819
2040.7545161123219	0.5278414724953109	trials	200630TX	p52	Z08115	87	28.0	2.0	2040.904516112322	2041.132357584817
2041.1878789130615	0.5028813111825912	trials	200630TX	p52	Z08115	54	17.0	2.0	2041.3378789130616	2041.540760224244
2044.7800221283849	0.5028813111825912	trials	200630TX	p52	Z08115	19	6.0	0.0	2044.930022128385	2045.1329034395674
2045.1884247678117	0.4945212571531101	trials	200630TX	p52	Z08115	30	9.0	2.0	2045.3384247678118	2045.5329460249648
2045.6218275688097	0.4945212571533375	trials	200630TX	p52	Z08115	51	16.0	2.0	2045.7718275688098	2045.966348825963
2046.0552303698078	0.49448125689468725	trials	200630TX	p52	Z08115	6	1.0	2.0	2046.2052303698079	2046.3997116267024
2046.4885931705473	0.5028413109241683	trials	200630TX	p52	Z08115	57	18.0	2.0	2046.6385931705474	2046.8414344814714
2046.9303160253164	0.5278814727537338	trials	200630TX	p52	Z08115	34	11.0	0.0	2047.0803160253165	2047.30819749807
2047.397079041915	0.49448125689468725	trials	200630TX	p52	Z08115	21	6.0	2.0	2047.5470790419151	2047.7415602988096
2047.8304418426546	0.4945212571533375	trials	200630TX	p52	Z08115	78	25.0	2.0	2047.9804418426547	2048.174963099808
2053.7396000323956	0.5028013106652907	trials	200630TX	p52	Z08115	112	37.0	0.0	2053.8896000323957	2054.092401343061
2054.1562827253347	0.5278414724953109	trials	200630TX	p52	Z08115	4	1.0	0.0	2054.3062827253348	2054.53412419783
2054.5896855263327	0.5278414724953109	trials	200630TX	p52	Z08115	18	5.0	2.0	2054.739685526333	2054.967526998828
2055.023048327072	0.5278814727539611	trials	200630TX	p52	Z08115	45	14.0	2.0	2055.173048327072	2055.400929799826
2057.6567453481443	0.5028413109239409	trials	200630TX	p52	Z08115	100	33.0	0.0	2057.8067453481444	2058.009586659068
2058.065147987571	0.5278414724953109	trials	200630TX	p52	Z08115	82	27.0	0.0	2058.215147987571	2058.442989460066
2058.498550788569	0.5278414724953109	trials	200630TX	p52	Z08115	52	17.0	0.0	2058.648550788569	2058.876392261064
2061.1655680249833	0.5028413109239409	trials	200630TX	p52	Z08115	48	15.0	2.0	2061.3155680249833	2061.518409335907
2061.582290718181	0.5028413109243957	trials	200630TX	p52	Z08115	31	10.0	0.0	2061.732290718181	2061.9351320291053
2062.0156535189208	0.5278814727535064	trials	200630TX	p52	Z08115	1	0.0	0.0	2062.165653518921	2062.393534991674
2062.449056319919	0.5278814727535064	trials	200630TX	p52	Z08115	105	34.0	2.0	2062.599056319919	2062.826937792672
2062.882459120917	0.5278414724953109	trials	200630TX	p52	Z08115	64	21.0	0.0	2063.032459120917	2063.260300593412
2063.315821921656	0.5278814727539611	trials	200630TX	p52	Z08115	118	39.0	0.0	2063.4658219216562	2063.69370339441
2063.749224722654	0.5278814727539611	trials	200630TX	p52	Z08115	18	5.0	2.0	2063.8992247226543	2064.127106195408
2064.1909475774232	0.5278814727539611	trials	200630TX	p52	Z08115	67	22.0	0.0	2064.3409475774233	2064.568829050177
2068.008132247146	0.5028413109239409	trials	200630TX	p52	Z08115	109	36.0	0.0	2068.158132247146	2068.36097355807
2068.4248549403437	0.5195214187242527	trials	200630TX	p52	Z08115	55	18.0	0.0	2068.574854940344	2068.794376359068
2071.133552446129	0.5028413109239409	trials	200630TX	p52	Z08115	99	32.0	2.0	2071.2835524461293	2071.486393757053
2071.550275139327	0.5278414724953109	trials	200630TX	p52	Z08115	72	23.0	2.0	2071.700275139327	2071.928116611822
2072.016998155667	0.5278414724953109	trials	200630TX	p52	Z08115	85	28.0	0.0	2072.166998155667	2072.394839628162
2072.4504009566654	0.5278414724953109	trials	200630TX	p52	Z08115	49	16.0	0.0	2072.6004009566655	2072.8282424291606
2072.8837637574047	0.5278814727539611	trials	200630TX	p52	Z08115	13	4.0	0.0	2073.033763757405	2073.2616452301586
2073.3171665584027	0.5278814727539611	trials	200630TX	p52	Z08115	9	2.0	2.0	2073.467166558403	2073.6950480311566
2073.758889413172	0.5195214187242527	trials	200630TX	p52	Z08115	4	1.0	0.0	2073.908889413172	2074.128410831896
2074.19229221417	0.5278414724953109	trials	200630TX	p52	Z08115	115	38.0	0.0	2074.34229221417	2074.570133686665
2077.8594359142066	0.5028413109243957	trials	200630TX	p52	Z08115	69	22.0	2.0	2078.0094359142067	2078.212277225131
2078.2761586074043	0.5195214187247075	trials	200630TX	p52	Z08115	75	24.0	2.0	2078.4261586074044	2078.645680026129
2078.7012413546317	0.5028413109239409	trials	200630TX	p52	Z08115	66	21.0	2.0	2078.851241354632	2079.0540826655556
2081.1182169750755	0.5028413109239409	trials	200630TX	p52	Z08115	15	4.0	2.0	2081.2682169750756	2081.4710582859993
2081.534939668273	0.5278414724953109	trials	200630TX	p52	Z08115	25	8.0	0.0	2081.6849396682733	2081.9127811407684
2081.968342469271	0.5278414724953109	trials	200630TX	p52	Z08115	10	3.0	0.0	2082.1183424692713	2082.3461839417664
2082.401705270011	0.5278414724953109	trials	200630TX	p52	Z08115	40	13.0	0.0	2082.551705270011	2082.779546742506
2082.835108071009	0.5278414724953109	trials	200630TX	p52	Z08115	70	23.0	0.0	2082.985108071009	2083.2129495435042
2085.2187634761103	0.5028413109243957	trials	200630TX	p52	Z08115	108	35.0	2.0	2085.3687634761104	2085.5716047870346
2085.6271661155374	0.5278414724953109	trials	200630TX	p52	Z08115	31	10.0	0.0	2085.7771661155375	2086.0050075880326
2088.169142543837	0.4945212571533375	trials	200630TX	p52	Z08115	78	25.0	2.0	2088.319142543837	2088.5136638009903
2088.6359055604357	0.5111613646949991	trials	200630TX	p52	Z08115	3	0.0	2.0	2088.785905560436	2088.9970669251306
2089.077628415205	0.49448125689468725	trials	200630TX	p52	Z08115	12	3.0	2.0	2089.227628415205	2089.4221096720994
2089.510991215944	0.5278814727539611	trials	200630TX	p52	Z08115	94	31.0	0.0	2089.6609912159443	2089.888872688698
2089.944394016942	0.4945212571533375	trials	200630TX	p52	Z08115	0			2090.0943940169423	2090.2889152740954
2090.37779681794	0.49448125689468725	trials	200630TX	p52	Z08115	42	13.0	2.0	2090.5277968179403	2090.722278074835
2090.81115961868	0.4945212571533375	trials	200630TX	p52	Z08115	36	11.0	2.0	2090.96115961868	2091.1556808758332
2091.244562419678	0.5028413109239409	trials	200630TX	p52	Z08115	91	30.0	0.0	2091.394562419678	2091.597403730602
2095.053387035371	0.5028413109243957	trials	200630TX	p52	Z08115	106	35.0	0.0	2095.203387035371	2095.4062283462954
2095.461789674798	0.5362015265245645	trials	200630TX	p52	Z08115	28	9.0	0.0	2095.6117896747983	2095.8479912013227
2095.928512691138	0.4945212571533375	trials	200630TX	p52	Z08115	111	36.0	2.0	2096.0785126911383	2096.2730339482914
2096.336915330565	0.5278414724957656	trials	200630TX	p52	Z08115	61	20.0	0.0	2096.486915330565	2096.7147568030605
2096.7703181315633	0.5278414724953109	trials	200630TX	p52	Z08115	51	16.0	2.0	2096.9203181315634	2097.1481596040585
2097.2370411479033	0.49448125689468725	trials	200630TX	p52	Z08115	87	28.0	2.0	2097.3870411479033	2097.581522404798
2097.6704039486426	0.4945212571533375	trials	200630TX	p52	Z08115	34	11.0	0.0	2097.8204039486427	2098.014925205796
2098.0704865342987	0.5278414724953109	trials	200630TX	p52	Z08115	112	37.0	0.0	2098.2204865342987	2098.448328006794
2102.0126720118774	0.5028413109239409	trials	200630TX	p52	Z08115	7	2.0	0.0	2102.1626720118775	2102.3655133228012
2102.4543948666465	0.5278414724953109	trials	200630TX	p52	Z08115	54	17.0	2.0	2102.6043948666465	2102.8322363391417
2102.8877976676445	0.49448125689468725	trials	200630TX	p52	Z08115	82	27.0	0.0	2103.0377976676446	2103.232278924539
2103.321160468384	0.4945212571533375	trials	200630TX	p52	Z08115	117	38.0	2.0	2103.471160468384	2103.665681725537
2103.754563269382	0.5028413109243957	trials	200630TX	p52	Z08115	76	25.0	0.0	2103.904563269382	2104.107404580306
2104.196286124151	0.5278414724953109	trials	200630TX	p52	Z08115	84	27.0	2.0	2104.346286124151	2104.574127596646
2104.663009140491	0.5278814727539611	trials	200630TX	p52	Z08115	102	33.0	2.0	2104.813009140491	2105.0408906132448
2105.096411941489	0.5278414724957656	trials	200630TX	p52	Z08115	16	5.0	0.0	2105.246411941489	2105.4742534139846
2114.2476310840398	0.5111613646949991	trials	200630TX	p52	Z08115	58	19.0	0.0	2114.39763108404	2114.6087924487347
2114.69767399258	0.5278814727535064	trials	200630TX	p52	Z08115	105	34.0	2.0	2114.84767399258	2115.0755554653333
2115.131076793578	0.5278414724953109	trials	200630TX	p52	Z08115	73	24.0	0.0	2115.281076793578	2115.508918266073
2115.564479594576	0.5278414724953109	trials	200630TX	p52	Z08115	6	1.0	2.0	2115.714479594576	2115.942321067071
2115.9978423953153	0.5028813111825912	trials	200630TX	p52	Z08115	93	30.0	2.0	2116.1478423953154	2116.350723706498
2118.4148580160177	0.5028413109239409	trials	200630TX	p52	Z08115	19	6.0	0.0	2118.5648580160178	2118.7676993269415
2118.8232606554443	0.5028413109243957	trials	200630TX	p52	Z08115	60	19.0	2.0	2118.9732606554444	2119.1761019663686
2119.2649435099547	0.5278814727539611	trials	200630TX	p52	Z08115	97	32.0	0.0	2119.414943509955	2119.6428249827086
2119.7317065265534	0.494481256895142	trials	200630TX	p52	Z08115	22	7.0	0.0	2119.8817065265534	2120.0761877834484
2120.165069327293	0.4945212571533375	trials	200630TX	p52	Z08115	79	26.0	0.0	2120.3150693272933	2120.5095905844464
2120.598472128291	0.4945212571533375	trials	200630TX	p52	Z08115	0			2120.7484721282913	2120.9429933854444
2121.0068747677183	0.5195214187242527	trials	200630TX	p52	Z08115	57	18.0	2.0	2121.1568747677184	2121.3763961864424
2123.682212057903	0.5028413109239409	trials	200630TX	p52	Z08115	27	8.0	2.0	2123.8322120579032	2124.035053368827
2124.098934751101	0.5278414724953109	trials	200630TX	p52	Z08115	39	12.0	2.0	2124.248934751101	2124.476776223596
2124.565657767441	0.5278814727539611	trials	200630TX	p52	Z08115	103	34.0	0.0	2124.715657767441	2124.9435392401947
2124.999060568439	0.5278414724953109	trials	200630TX	p52	Z08115	114	37.0	2.0	2125.149060568439	2125.376902040934
2127.316035542598	0.5028413109239409	trials	200630TX	p52	Z08115	100	33.0	0.0	2127.466035542598	2127.668876853522
2127.7244381820246	0.5278414724953109	trials	200630TX	p52	Z08115	48	15.0	2.0	2127.8744381820247	2128.10227965452
2128.1578009827645	0.5278414724953109	trials	200630TX	p52	Z08115	1	0.0	0.0	2128.3078009827645	2128.5356424552597
2128.5912037837625	0.5028413109239409	trials	200630TX	p52	Z08115	118	39.0	0.0	2128.7412037837626	2128.9440450946863
2131.2249008048343	0.5028413109239409	trials	200630TX	p52	Z08115	81	26.0	2.0	2131.3749008048344	2131.577742115758
2131.641623498032	0.5278414724953109	trials	200630TX	p52	Z08115	90	29.0	2.0	2131.791623498032	2132.019464970527
2132.074986298772	0.5278814727535064	trials	200630TX	p52	Z08115	63	20.0	2.0	2132.224986298772	2132.4528677715252
2132.50838909977	0.5278414724953109	trials	200630TX	p52	Z08115	96	31.0	2.0	2132.65838909977	2132.886230572265
2132.941791900768	0.5278414724953109	trials	200630TX	p52	Z08115	24	7.0	2.0	2133.091791900768	2133.319633373263
2133.375194701766	0.5278414724953109	trials	200630TX	p52	Z08115	45	14.0	2.0	2133.525194701766	2133.753036174261
2133.816917556535	0.5278414724953109	trials	200630TX	p52	Z08115	43	14.0	0.0	2133.966917556535	2134.19475902903
2134.250320357533	0.5278414724953109	trials	200630TX	p52	Z08115	46	15.0	0.0	2134.400320357533	2134.628161830028
2137.884103841969	0.5028413109243957	trials	200630TX	p52	Z08115	0			2138.034103841969	2138.2369451528934
2138.2925064813962	0.5278414724953109	trials	200630TX	p52	Z08115	0			2138.4425064813963	2138.6703479538915
2138.7342293361653	0.5195214187242527	trials	200630TX	p52	Z08115	52	17.0	0.0	2138.8842293361654	2139.1037507548895
2139.1675921369047	0.5278814727539611	trials	200630TX	p52	Z08115	33	10.0	2.0	2139.3175921369048	2139.5454736096585
2141.692968457921	0.5111613646949991	trials	200630TX	p52	Z08115	37	12.0	0.0	2141.842968457921	2142.054129822616
2144.1516243477363	0.5111613646949991	trials	200630TX	p52	Z08115	88	29.0	0.0	2144.3016243477364	2144.512785712431
2144.6183473640763	0.5111613646949991	trials	200630TX	p52	Z08115	64	21.0	0.0	2144.7683473640764	2144.979508728771
2145.035070057274	0.5278414724953109	trials	200630TX	p52	Z08115	21	6.0	2.0	2145.185070057274	2145.412911529769
2145.468432858014	0.5278814727535064	trials	200630TX	p52	Z08115	30	9.0	2.0	2145.618432858014	2145.846314330767
2145.901835659012	0.5278814727535064	trials	200630TX	p52	Z08115	0			2146.051835659012	2146.279717131765
2146.33523846001	0.5028413109239409	trials	200630TX	p52	Z08115	120	39.0	2.0	2146.48523846001	2146.6880797709337
2146.776961314779	0.5278414724953109	trials	200630TX	p52	Z08115	112	37.0	0.0	2146.926961314779	2147.154802787274
2147.210364115777	0.5278414724953109	trials	200630TX	p52	Z08115	91	30.0	0.0	2147.360364115777	2147.588205588272
2150.927508138956	0.5028413109243957	trials	200630TX	p52	Z08115	67	22.0	0.0	2151.077508138956	2151.2803494498803
2151.344230832154	0.5278414724953109	trials	200630TX	p52	Z08115	97	32.0	0.0	2151.4942308321542	2151.7220723046494
2151.777633633152	0.5278414724953109	trials	200630TX	p52	Z08115	0			2151.9276336331523	2152.1554751056474
2152.244356649492	0.4945212571533375	trials	200630TX	p52	Z08115	66	21.0	2.0	2152.3943566494922	2152.5888779066454
2152.6443992348895	0.4945212571533375	trials	200630TX	p52	Z08115	69	22.0	2.0	2152.7943992348896	2152.988920492043
2153.0778020358875	0.4945212571533375	trials	200630TX	p52	Z08115	90	29.0	2.0	2153.2278020358876	2153.422323293041
2153.5112048368856	0.5028413109243957	trials	200630TX	p52	Z08115	100	33.0	0.0	2153.6612048368856	2153.86404614781
2153.9529276916546	0.5278414724953109	trials	200630TX	p52	Z08115	54	17.0	2.0	2154.1029276916547	2154.33076916415
2159.995366742764	0.5028813111825912	trials	200630TX	p52	Z08115	108	35.0	2.0	2160.145366742764	2160.3482480539465
2160.4037693821906	0.4945212571533375	trials	200630TX	p52	Z08115	102	33.0	2.0	2160.5537693821907	2160.748290639344
2160.8371721831886	0.4945212571533375	trials	200630TX	p52	Z08115	84	27.0	2.0	2160.9871721831887	2161.181693440342
2161.245534822357	0.5195214187247075	trials	200630TX	p52	Z08115	109	36.0	0.0	2161.395534822357	2161.6150562410817
2163.9209121128006	0.5111613646949991	trials	200630TX	p52	Z08115	3	0.0	2.0	2164.0709121128007	2164.2820734774955
2164.3709550213407	0.5278414724953109	trials	200630TX	p52	Z08115	46	15.0	0.0	2164.520955021341	2164.748796493836
2164.8043578223387	0.5278414724953109	trials	200630TX	p52	Z08115	58	19.0	0.0	2164.954357822339	2165.182199294834
2165.2377606233367	0.5278414724953109	trials	200630TX	p52	Z08115	120	39.0	2.0	2165.387760623337	2165.615602095832
2165.671123424076	0.5278814727539611	trials	200630TX	p52	Z08115	27	8.0	2.0	2165.821123424076	2166.04900489683
2166.112886279104	0.5195214187242527	trials	200630TX	p52	Z08115	13	4.0	0.0	2166.262886279104	2166.482407697828
2166.546249079843	0.5278814727539611	trials	200630TX	p52	Z08115	34	11.0	0.0	2166.6962490798433	2166.924130552597
2166.979651880841	0.5278414724953109	trials	200630TX	p52	Z08115	48	15.0	2.0	2167.1296518808413	2167.3574933533364
2179.0562499295474	0.5278414724953109	trials	200630TX	p52	Z08115	0			2179.2062499295475	2179.4340914020427
2179.4896527305455	0.5278414724953109	trials	200630TX	p52	Z08115	45	14.0	2.0	2179.6396527305455	2179.8674942030407
2179.9230555315435	0.5278414724953109	trials	200630TX	p52	Z08115	51	16.0	2.0	2180.0730555315436	2180.3008970040387
2180.356418332283	0.5278414724953109	trials	200630TX	p52	Z08115	12	3.0	2.0	2180.506418332283	2180.734259804778
2180.789821133281	0.4945212571533375	trials	200630TX	p52	Z08115	28	9.0	0.0	2180.939821133281	2181.134342390434
2181.223223934279	0.5028413109243957	trials	200630TX	p52	Z08115	42	13.0	2.0	2181.373223934279	2181.576065245203
2181.664946789048	0.5278414724953109	trials	200630TX	p52	Z08115	94	31.0	0.0	2181.814946789048	2182.042788261543
2182.0983095897877	0.5278814727535064	trials	200630TX	p52	Z08115	99	32.0	2.0	2182.248309589788	2182.476191062541
2186.0321750135954	0.5028413109239409	trials	200630TX	p52	Z08115	79	26.0	0.0	2186.1821750135955	2186.3850163245193
2189.2325956972923	0.5028813111825912	trials	200630TX	p52	Z08115	9	2.0	2.0	2189.3825956972923	2189.5854770084748
2189.6743585523195	0.5278414724953109	trials	200630TX	p52	Z08115	81	26.0	2.0	2189.8243585523196	2190.0522000248147
2190.1077213530593	0.5278414724953109	trials	200630TX	p52	Z08115	16	5.0	0.0	2190.2577213530594	2190.4855628255546
2190.5411241540573	0.5278414724953109	trials	200630TX	p52	Z08115	88	29.0	0.0	2190.6911241540574	2190.9189656265526
2190.9745269550554	0.5028413109239409	trials	200630TX	p52	Z08115	49	16.0	0.0	2191.1245269550554	2191.327368265979
2191.4162498098244	0.49452125715288275	trials	200630TX	p52	Z08115	52	17.0	0.0	2191.5662498098245	2191.760771066977
2191.8496526108224	0.5278414724953109	trials	200630TX	p52	Z08115	18	5.0	2.0	2191.9996526108225	2192.2274940833177
2192.3163756271624	0.49448125689468725	trials	200630TX	p52	Z08115	118	39.0	0.0	2192.4663756271625	2192.660856884057
2196.4502423435397	0.5111613646949991	trials	200630TX	p52	Z08115	10	3.0	0.0	2196.60024234354	2196.8114037082346
2196.9002852520794	0.5278814727539611	trials	200630TX	p52	Z08115	61	20.0	0.0	2197.0502852520794	2197.278166724833
2197.36700826842	0.49452125715288275	trials	200630TX	p52	Z08115	19	6.0	0.0	2197.51700826842	2197.7115295255726
2197.800411069418	0.49452125715288275	trials	200630TX	p52	Z08115	4	1.0	0.0	2197.950411069418	2198.1449323265706
2198.233813870416	0.4945212571533375	trials	200630TX	p52	Z08115	31	10.0	0.0	2198.383813870416	2198.578335127569
2198.667176671155	0.5028813111825912	trials	200630TX	p52	Z08115	70	23.0	0.0	2198.8171766711553	2199.0200579823377
2199.108939526183	0.5278414724953109	trials	200630TX	p52	Z08115	82	27.0	0.0	2199.258939526183	2199.486780998678
2199.575662542523	0.5278414724953109	trials	200630TX	p52	Z08115	7	2.0	0.0	2199.725662542523	2199.953504015018
2203.0761251653325	0.5028413109239409	trials	200630TX	p52	Z08115	39	12.0	2.0	2203.2261251653326	2203.4289664762564
2203.484527804759	0.5028413109243957	trials	200630TX	p52	Z08115	75	24.0	2.0	2203.6345278047593	2203.8373691156835
2203.9262506595283	0.49448125689468725	trials	200630TX	p52	Z08115	106	35.0	0.0	2204.0762506595283	2204.270731916423
2204.3596534605263	0.5278414724953109	trials	200630TX	p52	Z08115	1	0.0	0.0	2204.5096534605264	2204.7374949330215
2204.8263764768667	0.49448125689468725	trials	200630TX	p52	Z08115	85	28.0	0.0	2204.976376476867	2205.1708577337613
2205.259739277606	0.5028413109243957	trials	200630TX	p52	Z08115	115	38.0	0.0	2205.409739277606	2205.6125805885304
2205.693142078604	0.4945212571533375	trials	200630TX	p52	Z08115	33	10.0	2.0	2205.843142078604	2206.0376633357573
2206.126544879602	0.5028413109243957	trials	200630TX	p52	Z08115	25	8.0	0.0	2206.276544879602	2206.4793861905264
2210.202051218808	0.5028813111825912	trials	200630TX	p52	Z08115	96	31.0	2.0	2210.352051218808	2210.5549325299903
2210.6104538582345	0.4945212571533375	trials	200630TX	p52	Z08115	78	25.0	2.0	2210.7604538582345	2210.9549751153877
2211.018856497661	0.5195214187247075	trials	200630TX	p52	Z08115	55	18.0	0.0	2211.168856497661	2211.3883779163857
2211.468899406201	0.5112013649536493	trials	200630TX	p52	Z08115	21	6.0	2.0	2211.6188994062013	2211.830100771155
2211.918942314741	0.5278814727539611	trials	200630TX	p52	Z08115	76	25.0	0.0	2212.068942314741	2212.2968237874948
2212.352345115739	0.5278814727539611	trials	200630TX	p52	Z08115	57	18.0	2.0	2212.502345115739	2212.7302265884928
2212.7857479167374	0.49452125715288275	trials	200630TX	p52	Z08115	0			2212.9357479167375	2213.13026917389
2213.2191507177354	0.49448125689468725	trials	200630TX	p52	Z08115	114	37.0	2.0	2213.3691507177355	2213.56363197463
2219.2116294459606	0.5111613646949991	trials	200630TX	p52	Z08115	103	34.0	0.0	2219.3616294459607	2219.5727908106555
2219.6283521391583	0.5278414724953109	trials	200630TX	p52	Z08115	37	12.0	0.0	2219.7783521391584	2220.0061936116535
2220.061714939898	0.5278414724948561	trials	200630TX	p52	Z08115	87	28.0	2.0	2220.2117149398982	2220.439556412393
2220.495117740896	0.49452125715288275	trials	200630TX	p52	Z08115	30	9.0	2.0	2220.6451177408962	2220.839638998049
2220.928520541894	0.5028413109239409	trials	200630TX	p52	Z08115	73	24.0	0.0	2221.0785205418942	2221.281361852818
2221.3368831810626	0.5278814727535064	trials	200630TX	p52	Z08115	63	20.0	2.0	2221.4868831810627	2221.714764653816
2221.7702859820606	0.5278414724953109	trials	200630TX	p52	Z08115	64	21.0	0.0	2221.9202859820607	2222.148127454556
2222.2036487828	0.5278814727539611	trials	200630TX	p52	Z08115	105	34.0	2.0	2222.3536487828	2222.581530255554
2226.6959578157202	0.5028413109239409	trials	200630TX	p52	Z08115	15	4.0	2.0	2226.8459578157203	2227.048799126644
2227.1376406702307	0.4945212571533375	trials	200630TX	p52	Z08115	36	11.0	2.0	2227.2876406702308	2227.482161927384
2227.5710434712287	0.4945212571533375	trials	200630TX	p52	Z08115	117	38.0	2.0	2227.7210434712288	2227.915564728382
2228.0044462722267	0.4945212571533375	trials	200630TX	p52	Z08115	111	36.0	2.0	2228.154446272227	2228.34896752938
2228.412848911654	0.5195214187242527	trials	200630TX	p52	Z08115	40	13.0	0.0	2228.562848911654	2228.782370330378
2228.846211712393	0.5278814727539611	trials	200630TX	p52	Z08115	22	7.0	0.0	2228.9962117123932	2229.224093185147
2231.4382284640938	0.5112013649531946	trials	200630TX	p52	Z08115	72	23.0	2.0	2231.588228464094	2231.799429829047
2240.6894882531874	0.5028413109243957	trials	200630TX	p52	Z08115	60	19.0	2.0	2240.8394882531875	2241.0423295641117
2241.106170946127	0.5195214187242527	trials	200630TX	p52	Z08115	43	14.0	0.0	2241.256170946127	2241.475692364851
2241.539573747125	0.5278414724953109	trials	200630TX	p52	Z08115	93	30.0	2.0	2241.689573747125	2241.91741521962
2242.006296763465	0.5278814727539611	trials	200630TX	p52	Z08115	24	7.0	2.0	2242.156296763465	2242.3841782362188
2242.4396995644634	0.5278414724953109	trials	200630TX	p52	Z08115	6	1.0	2.0	2242.5896995644634	2242.8175410369586
2260.7561367610433	0.511161444695972	trials	200630TX	p52	Z08115	2	0.0	1.0	2260.9061367610434	2261.117298205739
2261.197859783164	0.50284138777306	trials	200630TX	p52	Z08115	80	26.0	1.0	2261.347859783164	2261.550701170937
2261.6062225770456	0.5278815590895647	trials	200630TX	p52	Z08115	8	2.0	1.0	2261.7562225770457	2261.984104136135
2262.072945770209	0.49452133085014793	trials	200630TX	p52	Z08115	0			2262.222945770209	2262.417467101059
2262.5063487354073	0.4945213308496932	trials	200630TX	p52	Z08115	11	3.0	1.0	2262.6563487354074	2262.850870066257
2262.9063914723656	0.5278815590895647	trials	200630TX	p52	Z08115	119	39.0	1.0	2263.0563914723657	2263.284273031455
2263.3397944375633	0.50284138777306	trials	200630TX	p52	Z08115	29	9.0	1.0	2263.4897944375634	2263.6926358253363
2263.7731974027615	0.50284138777306	trials	200630TX	p52	Z08115	92	30.0	1.0	2263.9231974027616	2264.1260387905345
2267.3486618648917	0.50284138777306	trials	200630TX	p52	Z08115	38	12.0	1.0	2267.498661864892	2267.7015032526647
2267.7570646590466	0.49452133085014793	trials	200630TX	p52	Z08115	104	34.0	1.0	2267.9070646590467	2268.1015859898966
2268.1571073960054	0.527841558815453	trials	200630TX	p52	Z08115	71	23.0	1.0	2268.3071073960054	2268.5349489548207
2268.590510361203	0.5278415588159078	trials	200630TX	p52	Z08115	86	28.0	1.0	2268.740510361203	2268.968351920019
2269.023913326401	0.50284138777306	trials	200630TX	p52	Z08115	116	38.0	1.0	2269.173913326401	2269.376754714174
2269.4322761202825	0.5278415588159078	trials	200630TX	p52	Z08115	95	31.0	1.0	2269.5822761202826	2269.8101176790983
2269.86567908548	0.5278415588159078	trials	200630TX	p52	Z08115	0			2270.0156790854803	2270.243520644296
2270.2990820506784	0.527841558815453	trials	200630TX	p52	Z08115	20	6.0	1.0	2270.4490820506785	2270.6769236094938
2273.832866227646	0.511161444695972	trials	200630TX	p52	Z08115	50	16.0	1.0	2273.982866227646	2274.1940276723417
2274.249589078724	0.5278415588159078	trials	200630TX	p52	Z08115	62	20.0	1.0	2274.399589078724	2274.62743063754
2274.716312271888	0.527841558815453	trials	200630TX	p52	Z08115	0			2274.866312271888	2275.0941538307034
2275.1497152370857	0.5278415588159078	trials	200630TX	p52	Z08115	74	24.0	1.0	2275.299715237086	2275.5275567959015
2277.600052001469	0.50284138777306	trials	200630TX	p52	Z08115	98	32.0	1.0	2277.750052001469	2277.952893389242
2278.0084147953503	0.49452133085014793	trials	200630TX	p52	Z08115	107	35.0	1.0	2278.1584147953504	2278.3529361262003
2278.4418177605485	0.5278415588159078	trials	200630TX	p52	Z08115	53	17.0	1.0	2278.5918177605486	2278.8196593193643
2278.8835407826696	0.519521501892541	trials	200630TX	p52	Z08115	35	11.0	1.0	2279.0335407826697	2279.253062284562
2279.3169437478673	0.5278415588159078	trials	200630TX	p52	Z08115	0			2279.4669437478674	2279.694785306683
2279.7836669410312	0.4945213308496932	trials	200630TX	p52	Z08115	26	8.0	1.0	2279.9336669410313	2280.128188271881
2280.2170299059553	0.49452133085014793	trials	200630TX	p52	Z08115	65	21.0	1.0	2280.3670299059554	2280.5615512368054
2280.650432871153	0.49452133085014793	trials	200630TX	p52	Z08115	41	13.0	1.0	2280.800432871153	2280.994954202003
2284.342578131574	0.5028813880467169	trials	200630TX	p52	Z08115	47	15.0	1.0	2284.492578131574	2284.6954595196207
2284.7509809257294	0.5278815590895647	trials	200630TX	p52	Z08115	77	25.0	1.0	2284.9009809257295	2285.128862484819
2285.184383890927	0.5278415588159078	trials	200630TX	p52	Z08115	44	14.0	1.0	2285.3343838909273	2285.562225449743
2285.6177868561253	0.5278415588159078	trials	200630TX	p52	Z08115	101	33.0	1.0	2285.7677868561254	2285.995628414941
2286.0511498210494	0.5278815590895647	trials	200630TX	p52	Z08115	17	5.0	1.0	2286.2011498210495	2286.429031380139
2286.492912843444	0.5278415588159078	trials	200630TX	p52	Z08115	68	22.0	1.0	2286.6429128434443	2286.87075440226
2289.0848905768876	0.5112014449696289	trials	200630TX	p52	Z08115	110	36.0	1.0	2289.2348905768877	2289.446092021857
2289.5349736562052	0.49452133085014793	trials	200630TX	p52	Z08115	32	10.0	1.0	2289.6849736562053	2289.8794949870553
2289.9683366211293	0.49452133085014793	trials	200630TX	p52	Z08115	59	19.0	1.0	2290.1183366211294	2290.3128579519794
2290.3684193583617	0.527841558815453	trials	200630TX	p52	Z08115	113	37.0	1.0	2290.518419358362	2290.746260917177
2290.835142551525	0.49452133085014793	trials	200630TX	p52	Z08115	83	27.0	1.0	2290.9851425515253	2291.1796638823753
2291.2685455167234	0.5028413877726052	trials	200630TX	p52	Z08115	23	7.0	1.0	2291.4185455167235	2291.621386904496
2291.710268538844	0.49452133085014793	trials	200630TX	p52	Z08115	5	1.0	1.0	2291.860268538844	2292.054789869694
2292.1436315037686	0.5278815590891099	trials	200630TX	p52	Z08115	56	18.0	1.0	2292.2936315037687	2292.5215130628576
2295.6774556810096	0.50284138777306	trials	200630TX	p52	Z08115	14	4.0	1.0	2295.8274556810097	2296.0302970687826
2296.085858475165	0.527841558815453	trials	200630TX	p52	Z08115	89	29.0	1.0	2296.235858475165	2296.4637000339803
2296.5275814972856	0.5278415588159078	trials	200630TX	p52	Z08115	0			2296.6775814972857	2296.9054230561014
2298.8528774061815	0.511161444695972	trials	200630TX	p52	Z08115	53	17.0	1.0	2299.0028774061816	2299.2140388508774
2299.2696002572598	0.5278415588159078	trials	200630TX	p52	Z08115	95	31.0	1.0	2299.41960025726	2299.6474418160756
2299.7030032224575	0.5278415588159078	trials	200630TX	p52	Z08115	113	37.0	1.0	2299.8530032224576	2300.0808447812733
2300.1364061876557	0.527841558815453	trials	200630TX	p52	Z08115	5	1.0	1.0	2300.2864061876558	2300.514247746471
2300.5697691525797	0.49452133085014793	trials	200630TX	p52	Z08115	0			2300.71976915258	2300.91429048343
2300.9781719467346	0.5195215018929957	trials	200630TX	p52	Z08115	77	25.0	1.0	2301.1281719467347	2301.3476934486275
2301.4032148547362	0.5028413877726052	trials	200630TX	p52	Z08115	86	28.0	1.0	2301.5532148547363	2301.7560562425087
2301.844937876857	0.5278415588159078	trials	200630TX	p52	Z08115	14	4.0	1.0	2301.994937876857	2302.2227794356727
2305.4787627382693	0.50284138777306	trials	200630TX	p52	Z08115	47	15.0	1.0	2305.6287627382694	2305.8316041260423
2308.787545375852	0.50284138777306	trials	200630TX	p52	Z08115	26	8.0	1.0	2308.937545375852	2309.140386763625
2309.2042682269303	0.527841558815453	trials	200630TX	p52	Z08115	50	16.0	1.0	2309.3542682269303	2309.5821097857456
2309.6709914200937	0.49452133085014793	trials	200630TX	p52	Z08115	83	27.0	1.0	2309.820991420094	2310.015512750944
2310.104394385292	0.49448133057603627	trials	200630TX	p52	Z08115	92	30.0	1.0	2310.254394385292	2310.448875715868
2310.537757350216	0.49452133085014793	trials	200630TX	p52	Z08115	44	14.0	1.0	2310.687757350216	2310.882278681066
2313.1381351411296	0.50284138777306	trials	200630TX	p52	Z08115	8	2.0	1.0	2313.2881351411297	2313.4909765289026
2313.5464979350113	0.50284138777306	trials	200630TX	p52	Z08115	74	24.0	1.0	2313.6964979350114	2313.8993393227843
2313.954900729166	0.5278415588159078	trials	200630TX	p52	Z08115	38	12.0	1.0	2314.1049007291663	2314.332742287982
2314.3882636940907	0.5278815590895647	trials	200630TX	p52	Z08115	20	6.0	1.0	2314.538263694091	2314.76614525318
2314.8216666592884	0.5278815590895647	trials	200630TX	p52	Z08115	35	11.0	1.0	2314.9716666592885	2315.199548218378
2315.2550696244866	0.527841558815453	trials	200630TX	p52	Z08115	32	10.0	1.0	2315.4050696244867	2315.632911183302
2315.6884725896844	0.494481330576491	trials	200630TX	p52	Z08115	29	9.0	1.0	2315.8384725896844	2316.0329539202608
2316.1218355546084	0.5028813880467169	trials	200630TX	p52	Z08115	101	33.0	1.0	2316.2718355546085	2316.474716942655
2319.8473410432694	0.50284138777306	trials	200630TX	p52	Z08115	119	39.0	1.0	2319.9973410432694	2320.2001824310423
2322.6560402594487	0.5028413877726052	trials	200630TX	p52	Z08115	89	29.0	1.0	2322.8060402594488	2323.008881647221
2323.097803281843	0.494481330576491	trials	200630TX	p52	Z08115	116	38.0	1.0	2323.247803281843	2323.4422846124194
2323.5311662467675	0.50284138777306	trials	200630TX	p52	Z08115	110	36.0	1.0	2323.6811662467676	2323.8840076345405
2323.9395690409224	0.5278415588159078	trials	200630TX	p52	Z08115	80	26.0	1.0	2324.0895690409225	2324.317410599738
2324.4062922340863	0.5278415588159078	trials	200630TX	p52	Z08115	68	22.0	1.0	2324.5562922340864	2324.784133792902
2326.8732691123155	0.50284138777306	trials	200630TX	p52	Z08115	17	5.0	1.0	2327.0232691123156	2327.2261105000885
2327.281671906471	0.5278415588159078	trials	200630TX	p52	Z08115	56	18.0	1.0	2327.431671906471	2327.6595134652866
2327.715034871395	0.5278815590895647	trials	200630TX	p52	Z08115	98	32.0	1.0	2327.865034871395	2328.0929164304844
2328.148437836593	0.5278815590891099	trials	200630TX	p52	Z08115	65	21.0	1.0	2328.298437836593	2328.526319395682
2328.581840801791	0.5278815590895647	trials	200630TX	p52	Z08115	0			2328.731840801791	2328.9597223608803
2329.023563823912	0.5278415588159078	trials	200630TX	p52	Z08115	11	3.0	1.0	2329.173563823912	2329.4014053827277
2329.4902870170754	0.5278815590895647	trials	200630TX	p52	Z08115	104	34.0	1.0	2329.6402870170755	2329.868168576165
2329.9236899822736	0.5278415588159078	trials	200630TX	p52	Z08115	62	20.0	1.0	2330.0736899822737	2330.3015315410894
2335.499448129743	0.50284138777306	trials	200630TX	p52	Z08115	68	22.0	1.0	2335.649448129743	2335.852289517516
2335.9078109236243	0.5028813880467169	trials	200630TX	p52	Z08115	23	7.0	1.0	2336.0578109236244	2336.260692311671
2338.391467915974	0.5028813880462621	trials	200630TX	p52	Z08115	2	0.0	1.0	2338.541467915974	2338.74434930402
2338.8081907670517	0.5278815590895647	trials	200630TX	p52	Z08115	59	19.0	1.0	2338.9581907670517	2339.186072326141
2339.24159373225	0.5278815590895647	trials	200630TX	p52	Z08115	71	23.0	1.0	2339.39159373225	2339.6194752913393
2339.6749966974476	0.49452133085014793	trials	200630TX	p52	Z08115	41	13.0	1.0	2339.8249966974477	2340.0195180282976
2340.1083996626458	0.49448133057603627	trials	200630TX	p52	Z08115	0			2340.258399662646	2340.4528809932217
2340.508442399604	0.5278415588159078	trials	200630TX	p52	Z08115	107	35.0	1.0	2340.658442399604	2340.88628395842
2340.941845364802	0.5278415588159078	trials	200630TX	p52	Z08115	41	13.0	1.0	2341.091845364802	2341.3196869236176
2341.383568386923	0.5278415588159078	trials	200630TX	p52	Z08115	29	9.0	1.0	2341.533568386923	2341.7614099457387
2346.934286363076	0.5112014449696289	trials	200630TX	p52	Z08115	56	18.0	1.0	2347.084286363076	2347.2954878080454
2347.351009214154	0.5278815590895647	trials	200630TX	p52	Z08115	0			2347.5010092141542	2347.7288907732436
2347.784412179352	0.49452133085014793	trials	200630TX	p52	Z08115	23	7.0	1.0	2347.934412179352	2348.128933510202
2348.2177751442764	0.4945213308496932	trials	200630TX	p52	Z08115	17	5.0	1.0	2348.3677751442765	2348.562296475126
2348.651178109474	0.5028813880467169	trials	200630TX	p52	Z08115	50	16.0	1.0	2348.801178109474	2349.0040594975208
2349.092941131869	0.527841558815453	trials	200630TX	p52	Z08115	98	32.0	1.0	2349.242941131869	2349.4707826906842
2349.5596643250324	0.494481330576491	trials	200630TX	p52	Z08115	92	30.0	1.0	2349.7096643250325	2349.9041456556088
2351.8766401770054	0.50284138777306	trials	200630TX	p52	Z08115	53	17.0	1.0	2352.0266401770054	2352.2294815647783
2352.2850029708866	0.5278815590895647	trials	200630TX	p52	Z08115	74	24.0	1.0	2352.4350029708867	2352.662884529976
2352.7184059360848	0.4945213308496932	trials	200630TX	p52	Z08115	5	1.0	1.0	2352.868405936085	2353.0629272669344
2353.118448673043	0.5278815590891099	trials	200630TX	p52	Z08115	116	38.0	1.0	2353.268448673043	2353.496330232132
2353.5601716951637	0.5278815590895647	trials	200630TX	p52	Z08115	0			2353.710171695164	2353.938053254253
2353.993574660362	0.5278415588159078	trials	200630TX	p52	Z08115	77	25.0	1.0	2354.143574660362	2354.3714162191777
2354.4602978535254	0.5278415588159078	trials	200630TX	p52	Z08115	62	20.0	1.0	2354.6102978535255	2354.838139412341
2354.8937008187236	0.5278415588159078	trials	200630TX	p52	Z08115	38	12.0	1.0	2355.0437008187237	2355.2715423775394
2358.4608452239304	0.50284138777306	trials	200630TX	p52	Z08115	8	2.0	1.0	2358.6108452239305	2358.8136866117034
2358.8775680750086	0.5278415588159078	trials	200630TX	p52	Z08115	44	14.0	1.0	2359.0275680750087	2359.2554096338245
2359.3442912681726	0.5278415588159078	trials	200630TX	p52	Z08115	0			2359.4942912681727	2359.7221328269884
2359.811014461336	0.49452133085014793	trials	200630TX	p52	Z08115	0			2359.961014461336	2360.155535792186
2360.2444174265343	0.4945213308496932	trials	200630TX	p52	Z08115	47	15.0	1.0	2360.3944174265343	2360.588938757384
2360.6777803914583	0.49452133085014793	trials	200630TX	p52	Z08115	14	4.0	1.0	2360.8277803914584	2361.0223017223084
2361.1111833566565	0.50284138777306	trials	200630TX	p52	Z08115	89	29.0	1.0	2361.2611833566566	2361.4640247444295
2361.552906378777	0.49452133085014793	trials	200630TX	p52	Z08115	86	28.0	1.0	2361.7029063787772	2361.897427709627
2364.970049757728	0.50284138777306	trials	200630TX	p52	Z08115	65	21.0	1.0	2365.120049757728	2365.3228911455008
2365.3784525518827	0.5278415588159078	trials	200630TX	p52	Z08115	59	19.0	1.0	2365.5284525518828	2365.7562941106985
2365.811815516807	0.527841558815453	trials	200630TX	p52	Z08115	107	35.0	1.0	2365.9618155168073	2366.1896570756226
2366.245218482005	0.5362016160124767	trials	200630TX	p52	Z08115	101	33.0	1.0	2366.395218482005	2366.6314200980173
2366.686941504126	0.527841558815453	trials	200630TX	p52	Z08115	95	31.0	1.0	2366.836941504126	2367.0647830629414
2367.12030446905	0.5278815590895647	trials	200630TX	p52	Z08115	83	27.0	1.0	2367.27030446905	2367.4981860281396
2367.553707434248	0.5278815590895647	trials	200630TX	p52	Z08115	80	26.0	1.0	2367.703707434248	2367.9315889933373
2367.987110399446	0.5278415588159078	trials	200630TX	p52	Z08115	110	36.0	1.0	2368.137110399446	2368.364951958262
2371.587575032619	0.5112014449696289	trials	200630TX	p52	Z08115	20	6.0	1.0	2371.737575032619	2371.9487764775886
2376.0715257103075	0.50284138777306	trials	200630TX	p52	Z08115	113	37.0	1.0	2376.2215257103076	2376.4243670980804
2376.4882485613857	0.5278415588159078	trials	200630TX	p52	Z08115	71	23.0	1.0	2376.638248561386	2376.8660901202015
2376.954971754549	0.49452133085014793	trials	200630TX	p52	Z08115	32	10.0	1.0	2377.1049717545493	2377.2994930853993
2377.3883747197474	0.4945213308496932	trials	200630TX	p52	Z08115	2	0.0	1.0	2377.5383747197475	2377.732896050597
2377.8217376846715	0.49452133085014793	trials	200630TX	p52	Z08115	35	11.0	1.0	2377.9717376846716	2378.1662590155215
2378.2218204219034	0.5278415588159078	trials	200630TX	p52	Z08115	11	3.0	1.0	2378.3718204219035	2378.5996619807192
2378.6635434440245	0.5195215018929957	trials	200630TX	p52	Z08115	119	39.0	1.0	2378.8135434440246	2379.0330649459174
2381.155520493297	0.50284138777306	trials	200630TX	p52	Z08115	104	34.0	1.0	2381.305520493297	2381.50836188107
2381.572243344375	0.5278815590895647	trials	200630TX	p52	Z08115	26	8.0	1.0	2381.722243344375	2381.9501249034643
2382.005646309573	0.5278415588159078	trials	200630TX	p52	Z08115	68	22.0	1.0	2382.155646309573	2382.383487868389
2382.4390492747707	0.5278415588159078	trials	200630TX	p52	Z08115	119	39.0	1.0	2382.589049274771	2382.8168908335865
2382.872412239695	0.5278815590895647	trials	200630TX	p52	Z08115	53	17.0	1.0	2383.0224122396953	2383.2502937987847
2385.6227910568655	0.50284138777306	trials	200630TX	p52	Z08115	41	13.0	1.0	2385.7727910568656	2385.9756324446384
2386.0395139079437	0.5195215018929957	trials	200630TX	p52	Z08115	0			2386.189513907944	2386.4090354098366
2386.472916873142	0.527841558815453	trials	200630TX	p52	Z08115	59	19.0	1.0	2386.622916873142	2386.8507584319573
2386.9396400663054	0.5278415588159078	trials	200630TX	p52	Z08115	17	5.0	1.0	2387.0896400663055	2387.317481625121
2387.3730430315036	0.527841558815453	trials	200630TX	p52	Z08115	5	1.0	1.0	2387.5230430315037	2387.750884590319
2387.8064059964277	0.5278815590895647	trials	200630TX	p52	Z08115	95	31.0	1.0	2387.9564059964277	2388.184287555517
2388.2398089616254	0.5278415588159078	trials	200630TX	p52	Z08115	11	3.0	1.0	2388.3898089616255	2388.617650520441
2388.6815319837465	0.5278815590895647	trials	200630TX	p52	Z08115	104	34.0	1.0	2388.8315319837466	2389.059413542836
2395.490778570331	0.50284138777306	trials	200630TX	p52	Z08115	83	27.0	1.0	2395.640778570331	2395.843619958104
2395.907501421409	0.519521501892541	trials	200630TX	p52	Z08115	38	12.0	1.0	2396.057501421409	2396.2770229233015
2396.340904386607	0.5278415588159078	trials	200630TX	p52	Z08115	77	25.0	1.0	2396.490904386607	2396.7187459454226
2396.774267351531	0.5278815590895647	trials	200630TX	p52	Z08115	71	23.0	1.0	2396.924267351531	2397.1521489106203
2397.2410305449685	0.5278415588159078	trials	200630TX	p52	Z08115	98	32.0	1.0	2397.3910305449685	2397.6188721037843
2397.6743935098925	0.5278815590895647	trials	200630TX	p52	Z08115	56	18.0	1.0	2397.8243935098926	2398.052275068982
2400.3247716428923	0.50284138777306	trials	200630TX	p52	Z08115	50	16.0	1.0	2400.4747716428924	2400.6776130306653
2400.7331344367735	0.5028813880467169	trials	200630TX	p52	Z08115	113	37.0	1.0	2400.8831344367736	2401.08601582482
2403.200151315277	0.50284138777306	trials	200630TX	p52	Z08115	110	36.0	1.0	2403.350151315277	2403.5529927030498
2403.6085541094317	0.50284138777306	trials	200630TX	p52	Z08115	0			2403.7585541094318	2403.9613954972046
2404.050277131553	0.5278415588159078	trials	200630TX	p52	Z08115	89	29.0	1.0	2404.200277131553	2404.4281186903686
2404.5170003247167	0.527841558815453	trials	200630TX	p52	Z08115	0			2404.667000324717	2404.894841883532
2404.9504032899144	0.5278415588159078	trials	200630TX	p52	Z08115	80	26.0	1.0	2405.1004032899145	2405.3282448487303
2405.3837662548385	0.5278415588159078	trials	200630TX	p52	Z08115	23	7.0	1.0	2405.5337662548386	2405.7616078136543
2408.150825186129	0.50284138777306	trials	200630TX	p52	Z08115	44	14.0	1.0	2408.3008251861293	2408.503666573902
2408.5675080369333	0.5195615021666526	trials	200630TX	p52	Z08115	26	8.0	1.0	2408.7175080369334	2408.9370695391
2409.0009110021315	0.5278415588159078	trials	200630TX	p52	Z08115	0			2409.1509110021316	2409.3787525609473
2409.434313967329	0.5278415588159078	trials	200630TX	p52	Z08115	35	11.0	1.0	2409.5843139673293	2409.812155526145
2409.8677169325274	0.49448133057603627	trials	200630TX	p52	Z08115	92	30.0	1.0	2410.0177169325275	2410.2121982631033
2410.3010798974515	0.49452133085014793	trials	200630TX	p52	Z08115	65	21.0	1.0	2410.4510798974516	2410.6456012283015
2413.034818600776	0.5028013874994031	trials	200630TX	p52	Z08115	116	38.0	1.0	2413.184818600776	2413.387619988275
2413.4431813946576	0.50284138777306	trials	200630TX	p52	Z08115	20	6.0	1.0	2413.5931813946577	2413.7960227824306
2413.884904416778	0.5278415588159078	trials	200630TX	p52	Z08115	107	35.0	1.0	2414.0349044167783	2414.262745975594
2414.351627609942	0.5278415588159078	trials	200630TX	p52	Z08115	74	24.0	1.0	2414.5016276099423	2414.729469168758
2414.78503057514	0.5278415588159078	trials	200630TX	p52	Z08115	62	20.0	1.0	2414.93503057514	2415.1628721339557
2415.218433540338	0.5278415588159078	trials	200630TX	p52	Z08115	47	15.0	1.0	2415.368433540338	2415.596275099154
2415.651796505262	0.5278815590895647	trials	200630TX	p52	Z08115	101	33.0	1.0	2415.8017965052622	2416.0296780643516
2416.0935195273833	0.5278815590895647	trials	200630TX	p52	Z08115	8	2.0	1.0	2416.2435195273833	2416.4714010864727
2421.9026392714345	0.50284138777306	trials	200630TX	p52	Z08115	86	28.0	1.0	2422.0526392714346	2422.2554806592075
2422.31104206559	0.527841558815453	trials	200630TX	p52	Z08115	29	9.0	1.0	2422.46104206559	2422.688883624405
2422.761085144634	0.4945213308496932	trials	200630TX	p52	Z08115	32	10.0	1.0	2422.911085144634	2423.1056064754835
2423.1694879387887	0.5195215018929957	trials	200630TX	p52	Z08115	14	4.0	1.0	2423.319487938789	2423.5390094406816
2427.8201197568537	0.5028013874994031	trials	200630TX	p52	Z08115	2	0.0	1.0	2427.970119756854	2428.172921144353
