onset	duration	nwb_table	ses_ID	pen_ID	sub_ID	cond_ID	stim_ID	position	pdOnTS	pdOffTS
2238.3025525561266	0.5068416469798649	trials	210625SL	p60	Z11111	23	7.0	1.0	2238.4525525561266	2238.6593942031063
2238.7328359822645	0.49684156735429497	trials	210625SL	p60	Z11111	10	9.0	0.0	2238.8828359822646	2239.0796775496187
2239.1330791692067	0.5268818065501364	trials	210625SL	p60	Z11111	72	11.0	4.0	2239.2830791692068	2239.5099609757567
2239.5734026752893	0.5268418062310047	trials	210625SL	p60	Z11111	0			2239.7234026752894	2239.9502444815203
2240.023726260997	0.49680156703561806	trials	210625SL	p60	Z11111	53	7.0	3.0	2240.1737262609972	2240.3705278280327
2240.454009687135	0.4968415673538402	trials	210625SL	p60	Z11111	4	3.0	0.0	2240.604009687135	2240.800851254489
2240.8742930336475	0.4968415673538402	trials	210625SL	p60	Z11111	47	1.0	3.0	2241.0242930336476	2241.2211346010013
2244.907045144494	0.5068416469798649	trials	210625SL	p60	Z11111	39	8.0	2.0	2245.057045144494	2245.263886791474
2245.337328570632	0.4968415673538402	trials	210625SL	p60	Z11111	52	6.0	3.0	2245.487328570632	2245.684170137986
2245.7776120763956	0.49684156735429497	trials	210625SL	p60	Z11111	22	6.0	1.0	2245.9276120763957	2246.12445364375
2246.1778952636564	0.4968415673538402	trials	210625SL	p60	Z11111	50	4.0	3.0	2246.3278952636565	2246.52473683101
2246.6081786897944	0.4968415673538402	trials	210625SL	p60	Z11111	0			2246.7581786897945	2246.955020257148
2247.0485021958766	0.4968415673538402	trials	210625SL	p60	Z11111	37	6.0	2.0	2247.1985021958767	2247.3953437632304
2247.4787856220146	0.4968415673538402	trials	210625SL	p60	Z11111	16	0.0	1.0	2247.6287856220147	2247.8256271893683
2251.551578051683	0.5268418062310047	trials	210625SL	p60	Z11111	74	13.0	4.0	2251.701578051683	2251.928419857914
2251.981861477821	0.5268418062310047	trials	210625SL	p60	Z11111	15	14.0	0.0	2252.131861477821	2252.358703284052
2252.4321450632106	0.5268818065496816	trials	210625SL	p60	Z11111	60	14.0	3.0	2252.5821450632106	2252.80902686976
2252.8824686489183	0.4968415673538402	trials	210625SL	p60	Z11111	63	2.0	4.0	2253.0324686489184	2253.229310216272
2253.282751836179	0.5268418062310047	trials	210625SL	p60	Z11111	14	13.0	0.0	2253.4327518361792	2253.65959364241
2253.713035262317	0.5068416469794101	trials	210625SL	p60	Z11111	35	4.0	2.0	2253.863035262317	2254.0698769092965
2254.1533187680807	0.4968415673538402	trials	210625SL	p60	Z11111	0			2254.3033187680808	2254.5001603354344
2258.656394623887	0.5068416469798649	trials	210625SL	p60	Z11111	55	9.0	3.0	2258.806394623887	2259.013236270867
2259.0666778907735	0.5068416469798649	trials	210625SL	p60	Z11111	57	11.0	3.0	2259.2166778907736	2259.4235195377532
2259.506961396537	0.49684156735429497	trials	210625SL	p60	Z11111	31	0.0	2.0	2259.656961396537	2259.853802963891
2259.907244583798	0.5268818065496816	trials	210625SL	p60	Z11111	25	9.0	1.0	2260.057244583798	2260.2841263903474
2260.3575681695056	0.49684156735429497	trials	210625SL	p60	Z11111	58	12.0	3.0	2260.5075681695057	2260.70440973686
2260.7578113564477	0.49684156735429497	trials	210625SL	p60	Z11111	19	3.0	1.0	2260.907811356448	2261.104652923802
2261.1580945437086	0.5368818861757063	trials	210625SL	p60	Z11111	71	10.0	4.0	2261.3080945437086	2261.544976429884
2265.29092745145	0.49684156735429497	trials	210625SL	p60	Z11111	46	0.0	3.0	2265.44092745145	2265.637769018804
2265.701170718018	0.5268818065496816	trials	210625SL	p60	Z11111	40	9.0	2.0	2265.8511707180182	2266.0780525245677
2268.0027490443686	0.5168817269241117	trials	210625SL	p60	Z11111	7	6.0	0.0	2268.1527490443686	2268.3696307712926
2268.4230323908805	0.5268818065501364	trials	210625SL	p60	Z11111	49	3.0	3.0	2268.5730323908806	2268.7999141974306
2268.853355817337	0.5268418062314595	trials	210625SL	p60	Z11111	43	12.0	2.0	2269.0033558173373	2269.2301976235685
2271.184934382565	0.5268418062310047	trials	210625SL	p60	Z11111	33	2.0	2.0	2271.3349343825653	2271.561776188796
2271.615217808703	0.4968415673538402	trials	210625SL	p60	Z11111	24	8.0	1.0	2271.7652178087033	2271.962059376057
2272.0155009959635	0.49684156735429497	trials	210625SL	p60	Z11111	38	7.0	2.0	2272.1655009959636	2272.3623425633177
2272.4457844221015	0.5068416469798649	trials	210625SL	p60	Z11111	66	5.0	4.0	2272.5957844221016	2272.8026260690813
2272.856067688988	0.5268818065501364	trials	210625SL	p60	Z11111	67	6.0	4.0	2273.006067688988	2273.232949495538
2273.3063512743774	0.5268818065501364	trials	210625SL	p60	Z11111	65	4.0	4.0	2273.4563512743775	2273.6832330809275
2273.736674700834	0.4968415673538402	trials	210625SL	p60	Z11111	2	1.0	0.0	2273.886674700834	2274.083516268188
2277.9295080863303	0.506881647298087	trials	210625SL	p60	Z11111	8	7.0	0.0	2278.0795080863304	2278.2863897336283
2278.3497914328423	0.5068816472985418	trials	210625SL	p60	Z11111	75	14.0	4.0	2278.4997914328424	2278.7066730801407
2278.7600746997286	0.5268818065501364	trials	210625SL	p60	Z11111	11	10.0	0.0	2278.9100746997287	2279.1369565062787
2279.210398285437	0.4968415673538402	trials	210625SL	p60	Z11111	59	13.0	3.0	2279.360398285437	2279.5572398527906
2279.6106814726973	0.5268418062314595	trials	210625SL	p60	Z11111	12	11.0	0.0	2279.7606814726973	2279.9875232789286
2280.040964898835	0.5368818861757063	trials	210625SL	p60	Z11111	26	10.0	1.0	2280.1909648988353	2280.427846785011
2280.491248484225	0.49684156735429497	trials	210625SL	p60	Z11111	73	12.0	4.0	2280.641248484225	2280.838090051579
2284.6941219496653	0.5268818065501364	trials	210625SL	p60	Z11111	0			2284.8441219496654	2285.0710037562153
2285.1444455353735	0.4968415673538402	trials	210625SL	p60	Z11111	62	1.0	4.0	2285.2944455353736	2285.4912871027273
2285.544728722634	0.5268418062314595	trials	210625SL	p60	Z11111	3	2.0	0.0	2285.694728722634	2285.9215705288652
2285.9950123080234	0.49684156735429497	trials	210625SL	p60	Z11111	9	8.0	0.0	2286.1450123080235	2286.3418538753776
2286.3952954952842	0.5368418858570294	trials	210625SL	p60	Z11111	21	5.0	1.0	2286.5452954952843	2286.782137381141
2286.845579080674	0.506881647298087	trials	210625SL	p60	Z11111	1	0.0	0.0	2286.995579080674	2287.202460727972
2287.25586234756	0.5268818065496816	trials	210625SL	p60	Z11111	18	2.0	1.0	2287.4058623475603	2287.63274415411
2291.408695414553	0.5068416469798649	trials	210625SL	p60	Z11111	44	13.0	2.0	2291.5586954145533	2291.765537061533
2291.828978761065	0.5368818861757063	trials	210625SL	p60	Z11111	61	0.0	4.0	2291.9789787610653	2292.215860647241
2292.289302426399	0.49684156735429497	trials	210625SL	p60	Z11111	45	14.0	2.0	2292.439302426399	2292.636143993753
2292.68958561366	0.4968415673538402	trials	210625SL	p60	Z11111	6	5.0	0.0	2292.83958561366	2293.0364271810136
2293.119869039798	0.4968415673538402	trials	210625SL	p60	Z11111	29	13.0	1.0	2293.269869039798	2293.4667106071515
2293.5401523863097	0.49684156735429497	trials	210625SL	p60	Z11111	48	2.0	3.0	2293.69015238631	2293.886993953664
2293.9404355735705	0.5268418062314595	trials	210625SL	p60	Z11111	68	7.0	4.0	2294.0904355735706	2294.317277379802
2298.0632284013677	0.5068416469798649	trials	210625SL	p60	Z11111	28	12.0	1.0	2298.213228401368	2298.4200700483475
2300.304766249645	0.5268418062314595	trials	210625SL	p60	Z11111	20	4.0	1.0	2300.454766249645	2300.6816080558765
2300.7450497554087	0.49684156735429497	trials	210625SL	p60	Z11111	34	3.0	2.0	2300.8950497554088	2301.091891322763
2303.747113659386	0.5268418062314595	trials	210625SL	p60	Z11111	30	14.0	1.0	2303.897113659386	2304.123955465617
2304.1973972447754	0.4968415673538402	trials	210625SL	p60	Z11111	13	12.0	0.0	2304.3473972447755	2304.544238812129
2304.597680432036	0.5268818065496816	trials	210625SL	p60	Z11111	42	11.0	2.0	2304.7476804320363	2304.974562238586
2305.048004017744	0.4968415673538402	trials	210625SL	p60	Z11111	70	9.0	4.0	2305.198004017744	2305.3948455850978
2305.448247204686	0.4968415673538402	trials	210625SL	p60	Z11111	51	5.0	3.0	2305.5982472046862	2305.79508877204
2305.878570631143	0.5068416469798649	trials	210625SL	p60	Z11111	36	5.0	2.0	2306.028570631143	2306.2354122781226
2306.288853898029	0.5268418062314595	trials	210625SL	p60	Z11111	27	11.0	1.0	2306.4388538980293	2306.6656957042605
2308.8505942959237	0.5068416469798649	trials	210625SL	p60	Z11111	64	3.0	4.0	2309.0005942959237	2309.2074359429034
2309.2808777220616	0.49684156735429497	trials	210625SL	p60	Z11111	17	1.0	1.0	2309.4308777220617	2309.627719289416
2309.7111611481996	0.49684156735429497	trials	210625SL	p60	Z11111	69	8.0	4.0	2309.8611611481997	2310.058002715554
2310.151484654282	0.49684156735429497	trials	210625SL	p60	Z11111	32	1.0	2.0	2310.301484654282	2310.498326221636
2310.551727841224	0.49684156735429497	trials	210625SL	p60	Z11111	41	10.0	2.0	2310.701727841224	2310.898569408578
2310.9820512676806	0.4968415673538402	trials	210625SL	p60	Z11111	54	8.0	3.0	2311.1320512676807	2311.3288928350344
2311.3822944546228	0.5368818861757063	trials	210625SL	p60	Z11111	5	4.0	0.0	2311.532294454623	2311.7691763407984
2315.5751678404376	0.5168417266054348	trials	210625SL	p60	Z11111	56	10.0	3.0	2315.7251678404377	2315.942009567043
2316.015451346201	0.4968415673538402	trials	210625SL	p60	Z11111	31	0.0	2.0	2316.1654513462013	2316.362292913555
2316.4257346130876	0.5268818065496816	trials	210625SL	p60	Z11111	40	9.0	2.0	2316.5757346130877	2316.802616419637
2316.8560180392255	0.4968415673538402	trials	210625SL	p60	Z11111	53	7.0	3.0	2317.0060180392256	2317.2028596065793
2317.286341465682	0.4968415673538402	trials	210625SL	p60	Z11111	61	0.0	4.0	2317.4363414656823	2317.633183033036
2317.6966247325686	0.5268418062310047	trials	210625SL	p60	Z11111	30	14.0	1.0	2317.8466247325687	2318.0734665387995
2318.136908238332	0.5068416469798649	trials	210625SL	p60	Z11111	46	0.0	3.0	2318.286908238332	2318.493749885312
2322.2097006680006	0.5068416469798649	trials	210625SL	p60	Z11111	75	14.0	4.0	2322.3597006680006	2322.5665423149803
2322.6399840941385	0.4968415673538402	trials	210625SL	p60	Z11111	51	5.0	3.0	2322.7899840941386	2322.9868256614923
2323.0402272810807	0.506881647298087	trials	210625SL	p60	Z11111	73	12.0	4.0	2323.1902272810808	2323.3971089283787
2323.480550787163	0.4968415673538402	trials	210625SL	p60	Z11111	70	9.0	4.0	2323.630550787163	2323.8273923545166
2323.910834213301	0.4968415673538402	trials	210625SL	p60	Z11111	72	11.0	4.0	2324.060834213301	2324.2576757806546
2324.3211174801872	0.5268818065496816	trials	210625SL	p60	Z11111	65	4.0	4.0	2324.4711174801873	2324.697999286737
2324.751400906325	0.4968415673538402	trials	210625SL	p60	Z11111	68	7.0	4.0	2324.9014009063253	2325.098242473679
2328.9042339733182	0.5268818065496816	trials	210625SL	p60	Z11111	49	3.0	3.0	2329.0542339733183	2329.281115779868
2329.3445574794005	0.4968415673538402	trials	210625SL	p60	Z11111	48	2.0	3.0	2329.4945574794006	2329.691399046754
2329.754840746287	0.4968415673538402	trials	210625SL	p60	Z11111	6	5.0	0.0	2329.904840746287	2330.1016823136406
2330.185124172425	0.4968415673538402	trials	210625SL	p60	Z11111	28	12.0	1.0	2330.335124172425	2330.5319657397786
2330.585367359367	0.5268818065496816	trials	210625SL	p60	Z11111	13	12.0	0.0	2330.735367359367	2330.9622491659165
2331.035690945075	0.4968415673538402	trials	210625SL	p60	Z11111	34	3.0	2.0	2331.1856909450753	2331.382532512429
2331.4459742119616	0.5268818065496816	trials	210625SL	p60	Z11111	11	10.0	0.0	2331.5959742119617	2331.822856018511
2335.4887264024337	0.5268818065501364	trials	210625SL	p60	Z11111	69	8.0	4.0	2335.638726402434	2335.8656082089838
2335.939049988142	0.4968415673538402	trials	210625SL	p60	Z11111	21	5.0	1.0	2336.089049988142	2336.2858915554957
2336.339293175084	0.5268818065496816	trials	210625SL	p60	Z11111	55	9.0	3.0	2336.489293175084	2336.7161749816337
2336.789616760792	0.49684156735429497	trials	210625SL	p60	Z11111	19	3.0	1.0	2336.939616760792	2337.136458328146
2337.21990018693	0.5068416469798649	trials	210625SL	p60	Z11111	26	10.0	1.0	2337.36990018693	2337.5767418339096
2337.6301834538167	0.5268818065496816	trials	210625SL	p60	Z11111	0			2337.780183453817	2338.0070652603663
2338.0805070395245	0.4968415673538402	trials	210625SL	p60	Z11111	1	0.0	0.0	2338.2305070395246	2338.4273486068782
2342.253340265769	0.5168417266054348	trials	210625SL	p60	Z11111	0			2342.403340265769	2342.6201819923745
2342.6936237715327	0.49684156735429497	trials	210625SL	p60	Z11111	17	1.0	1.0	2342.8436237715327	2343.040465338887
2344.975201938632	0.5268418062310047	trials	210625SL	p60	Z11111	43	12.0	2.0	2345.125201938632	2345.352043744863
2345.40548536477	0.5268418062310047	trials	210625SL	p60	Z11111	74	13.0	4.0	2345.55548536477	2345.782327171001
2345.8557689501595	0.4968815676725171	trials	210625SL	p60	Z11111	57	11.0	3.0	2346.0057689501596	2346.202650517832
2348.4875899060717	0.5068416469794101	trials	210625SL	p60	Z11111	29	13.0	1.0	2348.6375899060718	2348.844431553051
2348.897873172958	0.4968415673538402	trials	210625SL	p60	Z11111	60	14.0	3.0	2349.047873172958	2349.244714740312
2349.2981163599	0.5368818861757063	trials	210625SL	p60	Z11111	47	1.0	3.0	2349.4481163599003	2349.684998246076
2349.748439945608	0.49684156735429497	trials	210625SL	p60	Z11111	50	4.0	3.0	2349.898439945608	2350.095281512962
2350.1587232124944	0.5268418062314595	trials	210625SL	p60	Z11111	42	11.0	2.0	2350.3087232124944	2350.5355650187257
2350.609006797884	0.4968815676725171	trials	210625SL	p60	Z11111	36	5.0	2.0	2350.759006797884	2350.9558883655563
2351.0393302243406	0.4968415673538402	trials	210625SL	p60	Z11111	8	7.0	0.0	2351.1893302243407	2351.3861717916943
2355.2421636894624	0.5268818065501364	trials	210625SL	p60	Z11111	15	14.0	0.0	2355.3921636894624	2355.6190454960124
2355.6924872751706	0.4968415673538402	trials	210625SL	p60	Z11111	56	10.0	3.0	2355.8424872751707	2356.0393288425244
2356.092770462431	0.5268418062314595	trials	210625SL	p60	Z11111	33	2.0	2.0	2356.242770462431	2356.4696122686623
2356.5430540478205	0.4968415673538402	trials	210625SL	p60	Z11111	39	8.0	2.0	2356.6930540478206	2356.8898956151743
2356.9433372350813	0.5268818065496816	trials	210625SL	p60	Z11111	38	7.0	2.0	2357.0933372350814	2357.320219041631
2357.393660820789	0.49684156735429497	trials	210625SL	p60	Z11111	63	2.0	4.0	2357.5436608207892	2357.7405023881433
2357.8039040873573	0.5268818065496816	trials	210625SL	p60	Z11111	66	5.0	4.0	2357.9539040873574	2358.180785893907
2361.9367369950987	0.5168417266054348	trials	210625SL	p60	Z11111	23	7.0	1.0	2362.086736995099	2362.303578721704
2364.2583154807007	0.5268818065496816	trials	210625SL	p60	Z11111	59	13.0	3.0	2364.408315480701	2364.6351972872503
2364.698638986783	0.4968415673538402	trials	210625SL	p60	Z11111	12	11.0	0.0	2364.848638986783	2365.0454805541367
2365.108882253351	0.4968815676725171	trials	210625SL	p60	Z11111	14	13.0	0.0	2365.258882253351	2365.4557638210235
2365.5091654406115	0.5268818065501364	trials	210625SL	p60	Z11111	24	8.0	1.0	2365.6591654406116	2365.8860472471615
2365.9594890263197	0.4968415673538402	trials	210625SL	p60	Z11111	62	1.0	4.0	2366.10948902632	2366.3063305936735
2366.35977221358	0.5268418062314595	trials	210625SL	p60	Z11111	52	6.0	3.0	2366.50977221358	2366.7366140198114
2366.8100557989696	0.4968415673538402	trials	210625SL	p60	Z11111	45	14.0	2.0	2366.9600557989697	2367.1568973663234
2370.882848228638	0.5068416469798649	trials	210625SL	p60	Z11111	5	4.0	0.0	2371.032848228638	2371.239689875618
2371.313131654776	0.4968415673538402	trials	210625SL	p60	Z11111	18	2.0	1.0	2371.463131654776	2371.65997322213
2371.743415080914	0.4968415673538402	trials	210625SL	p60	Z11111	35	4.0	2.0	2371.893415080914	2372.0902566482678
2372.143698268175	0.4968415673538402	trials	210625SL	p60	Z11111	0			2372.293698268175	2372.4905398355286
2372.553981535061	0.5268418062310047	trials	210625SL	p60	Z11111	67	6.0	4.0	2372.7039815350613	2372.930823341292
2372.9942650408248	0.5068416469798649	trials	210625SL	p60	Z11111	2	1.0	0.0	2373.144265040825	2373.3511066878045
2373.404548307711	0.5268818065496816	trials	210625SL	p60	Z11111	44	13.0	2.0	2373.5545483077112	2373.7814301142607
2375.66608631524	0.5268818065496816	trials	210625SL	p60	Z11111	58	12.0	3.0	2375.81608631524	2376.0429681217897
2376.096369741378	0.5268818065496816	trials	210625SL	p60	Z11111	71	10.0	4.0	2376.246369741378	2376.4732515479277
2376.546693327086	0.49684156735429497	trials	210625SL	p60	Z11111	3	2.0	0.0	2376.696693327086	2376.89353489444
2376.9469765143467	0.5268418062314595	trials	210625SL	p60	Z11111	27	11.0	1.0	2377.096976514347	2377.323818320578
2377.3972600997363	0.4968415673538402	trials	210625SL	p60	Z11111	22	6.0	1.0	2377.5472600997364	2377.74410166709
2377.797543286997	0.5368818861752516	trials	210625SL	p60	Z11111	54	8.0	3.0	2377.947543286997	2378.1844251731723
2378.247866872705	0.4968415673538402	trials	210625SL	p60	Z11111	4	3.0	0.0	2378.397866872705	2378.5947084400586
2385.963128305585	0.5068416469798649	trials	210625SL	p60	Z11111	32	1.0	2.0	2386.113128305585	2386.319969952565
2386.393411731723	0.4968415673538402	trials	210625SL	p60	Z11111	20	4.0	1.0	2386.543411731723	2386.740253299077
2386.8036949986094	0.5268418062314595	trials	210625SL	p60	Z11111	10	9.0	0.0	2386.9536949986095	2387.180536804841
2387.243978504373	0.5068416469798649	trials	210625SL	p60	Z11111	16	0.0	1.0	2387.393978504373	2387.6008201513528
2387.684262010137	0.4968415673538402	trials	210625SL	p60	Z11111	37	6.0	2.0	2387.834262010137	2388.0311035774907
2388.084545197398	0.5268818065496816	trials	210625SL	p60	Z11111	0			2388.234545197398	2388.4614270039474
2388.5348687831056	0.4968415673538402	trials	210625SL	p60	Z11111	25	9.0	1.0	2388.6848687831057	2388.8817103504593
2392.70770200935	0.5268418062314595	trials	210625SL	p60	Z11111	41	10.0	2.0	2392.8577020093503	2393.0845438155816
2393.137985435488	0.5268818065496816	trials	210625SL	p60	Z11111	64	3.0	4.0	2393.2879854354883	2393.514867242038
2393.568268861626	0.506881647298087	trials	210625SL	p60	Z11111	7	6.0	0.0	2393.7182688616263	2393.925150508924
2394.0085923677084	0.5268418062314595	trials	210625SL	p60	Z11111	9	8.0	0.0	2394.1585923677085	2394.3854341739398
2394.458875953098	0.4968415673538402	trials	210625SL	p60	Z11111	27	11.0	1.0	2394.608875953098	2394.8057175204517
2394.8591591403588	0.5268818065496816	trials	210625SL	p60	Z11111	73	12.0	4.0	2395.009159140359	2395.2360409469084
2407.5978205721335	0.5168817269241117	trials	210625SL	p60	Z11111	16	0.0	1.0	2407.7478205721336	2407.9647022990575
2408.0381440782157	0.4968415673538402	trials	210625SL	p60	Z11111	65	4.0	4.0	2408.188144078216	2408.3849856455695
2408.4384272654765	0.5268418062310047	trials	210625SL	p60	Z11111	20	4.0	1.0	2408.5884272654766	2408.8152690717075
2408.8887108508657	0.49684156735429497	trials	210625SL	p60	Z11111	0			2409.0387108508658	2409.23555241822
2409.2889940381265	0.5368818861757063	trials	210625SL	p60	Z11111	40	9.0	2.0	2409.4389940381266	2409.675875924302
2409.7393176238347	0.5068416469794101	trials	210625SL	p60	Z11111	9	8.0	0.0	2409.889317623835	2410.096159270814
2410.1495608904024	0.5268818065496816	trials	210625SL	p60	Z11111	41	10.0	2.0	2410.2995608904025	2410.526442696952
2414.122272523176	0.4968415673538402	trials	210625SL	p60	Z11111	13	12.0	0.0	2414.272272523176	2414.4691140905297
2414.5325557900624	0.4968415673538402	trials	210625SL	p60	Z11111	68	7.0	4.0	2414.6825557900625	2414.879397357416
2414.9628392162003	0.4968815676725171	trials	210625SL	p60	Z11111	25	9.0	1.0	2415.1128392162004	2415.3097207838728
2415.363122403461	0.5268818065496816	trials	210625SL	p60	Z11111	34	3.0	2.0	2415.5131224034612	2415.7400042100107
2415.813445989169	0.4968415673538402	trials	210625SL	p60	Z11111	39	8.0	2.0	2415.963445989169	2416.1602875565227
2416.2137291764298	0.5368418858570294	trials	210625SL	p60	Z11111	56	10.0	3.0	2416.36372917643	2416.6005710622867
2416.6540126821933	0.5268418062314595	trials	210625SL	p60	Z11111	48	2.0	3.0	2416.8040126821934	2417.0308544884247
2420.826845908438	0.5068416469798649	trials	210625SL	p60	Z11111	51	5.0	3.0	2420.976845908438	2421.1836875554177
2421.2471292549503	0.4968415673538402	trials	210625SL	p60	Z11111	62	1.0	4.0	2421.3971292549504	2421.593970822304
2421.6674126014623	0.4968415673538402	trials	210625SL	p60	Z11111	22	6.0	1.0	2421.8174126014624	2422.014254168816
2422.067695788723	0.5068416469794101	trials	210625SL	p60	Z11111	0			2422.217695788723	2422.4245374357024
2422.5079792944866	0.4968415673538402	trials	210625SL	p60	Z11111	38	7.0	2.0	2422.6579792944867	2422.8548208618404
2422.9383027209433	0.4968415673538402	trials	210625SL	p60	Z11111	61	0.0	4.0	2423.0883027209434	2423.285144288297
2423.3385459078854	0.4968415673538402	trials	210625SL	p60	Z11111	71	10.0	4.0	2423.4885459078855	2423.685387475239
2427.381298098358	0.506881647298087	trials	210625SL	p60	Z11111	5	4.0	0.0	2427.531298098358	2427.738179745656
2427.80158144487	0.5368818861757063	trials	210625SL	p60	Z11111	36	5.0	2.0	2427.95158144487	2428.1884633310456
2428.2619051102038	0.4968415673538402	trials	210625SL	p60	Z11111	57	11.0	3.0	2428.411905110204	2428.6087466775575
2428.6621882974646	0.5268818065496816	trials	210625SL	p60	Z11111	75	14.0	4.0	2428.8121882974647	2429.039070104014
2429.1125118831724	0.49684156735429497	trials	210625SL	p60	Z11111	60	14.0	3.0	2429.2625118831725	2429.4593534505266
2429.5127550701145	0.5268818065501364	trials	210625SL	p60	Z11111	50	4.0	3.0	2429.6627550701146	2429.8896368766646
2429.943078496571	0.5068416469798649	trials	210625SL	p60	Z11111	52	6.0	3.0	2430.0930784965713	2430.299920143551
2433.9557904478474	0.5168417266058896	trials	210625SL	p60	Z11111	45	14.0	2.0	2434.1057904478475	2434.3226321744532
2434.37607379436	0.5068416469798649	trials	210625SL	p60	Z11111	30	14.0	1.0	2434.52607379436	2434.7329154413396
2434.8163573001234	0.5268818065501364	trials	210625SL	p60	Z11111	24	8.0	1.0	2434.9663573001235	2435.1932391066734
2435.2666808858316	0.5268818065496816	trials	210625SL	p60	Z11111	15	14.0	0.0	2435.4166808858317	2435.6435626923812
2435.71700447154	0.4968415673538402	trials	210625SL	p60	Z11111	1	0.0	0.0	2435.86700447154	2436.0638460388936
2436.147287897678	0.5068416469794101	trials	210625SL	p60	Z11111	31	0.0	2.0	2436.297287897678	2436.504129544657
2436.5875714034414	0.4968415673538402	trials	210625SL	p60	Z11111	49	3.0	3.0	2436.7375714034415	2436.934412970795
2440.66036383311	0.5168417266054348	trials	210625SL	p60	Z11111	8	7.0	0.0	2440.81036383311	2441.027205559715
2441.090647259248	0.5268818065496816	trials	210625SL	p60	Z11111	54	8.0	3.0	2441.240647259248	2441.4675290657974
2441.520930685386	0.4968415673538402	trials	210625SL	p60	Z11111	59	13.0	3.0	2441.670930685386	2441.8677722527395
2441.921213872646	0.49684156735429497	trials	210625SL	p60	Z11111	33	2.0	2.0	2442.0712138726462	2442.2680554400004
2442.351497298784	0.5068816472985418	trials	210625SL	p60	Z11111	66	5.0	4.0	2442.501497298784	2442.7083789460826
2442.7717806452965	0.4968415673538402	trials	210625SL	p60	Z11111	26	10.0	1.0	2442.9217806452966	2443.1186222126503
2443.1920639918085	0.4968815676725171	trials	210625SL	p60	Z11111	67	6.0	4.0	2443.3420639918086	2443.538945559481
2447.495018254144	0.5268418062314595	trials	210625SL	p60	Z11111	44	13.0	2.0	2447.645018254144	2447.871860060375
2447.9453018395334	0.4968815676725171	trials	210625SL	p60	Z11111	70	9.0	4.0	2448.0953018395335	2448.292183407206
2450.8773251858115	0.5268418062314595	trials	210625SL	p60	Z11111	53	7.0	3.0	2451.0273251858116	2451.254166992043
2451.317608691575	0.49684156735429497	trials	210625SL	p60	Z11111	35	4.0	2.0	2451.467608691575	2451.6644502589293
2451.7278919584614	0.5268818065501364	trials	210625SL	p60	Z11111	23	7.0	1.0	2451.8778919584615	2452.1047737650115
2452.1782155441697	0.5268418062310047	trials	210625SL	p60	Z11111	18	2.0	1.0	2452.32821554417	2452.5550573504006
2452.6284991295593	0.4968415673538402	trials	210625SL	p60	Z11111	0			2452.7784991295593	2452.975340696913
2453.0287823168196	0.5268818065501364	trials	210625SL	p60	Z11111	42	11.0	2.0	2453.1787823168197	2453.4056641233697
2453.479105902528	0.4968415673538402	trials	210625SL	p60	Z11111	69	8.0	4.0	2453.629105902528	2453.8259474698816
2457.531858172626	0.5268418062314595	trials	210625SL	p60	Z11111	46	0.0	3.0	2457.681858172626	2457.9086999788574
2457.9821417580156	0.4968415673538402	trials	210625SL	p60	Z11111	32	1.0	2.0	2458.1321417580157	2458.3289833253693
2458.4124651844722	0.4968415673538402	trials	210625SL	p60	Z11111	43	12.0	2.0	2458.5624651844723	2458.759306751826
2458.8127083714144	0.5268818065496816	trials	210625SL	p60	Z11111	19	3.0	1.0	2458.9627083714145	2459.189590177964
2459.263031957122	0.4968415673538402	trials	210625SL	p60	Z11111	72	11.0	4.0	2459.4130319571223	2459.609873524476
2459.6733152240085	0.5268418062314595	trials	210625SL	p60	Z11111	64	3.0	4.0	2459.8233152240086	2460.05015703024
2460.1135987297725	0.506881647298087	trials	210625SL	p60	Z11111	55	9.0	3.0	2460.2635987297726	2460.4704803770705
2464.206391318692	0.5268818065501364	trials	210625SL	p60	Z11111	2	1.0	0.0	2464.356391318692	2464.583273125242
2464.646674824456	0.506881647298087	trials	210625SL	p60	Z11111	6	5.0	0.0	2464.796674824456	2465.003556471754
2465.0569580913425	0.4968815676725171	trials	210625SL	p60	Z11111	58	12.0	3.0	2465.2069580913426	2465.403839659015
2465.487281517799	0.4968415673538402	trials	210625SL	p60	Z11111	0			2465.6372815177992	2465.834123085153
2468.1891030310917	0.5068416469798649	trials	210625SL	p60	Z11111	3	2.0	0.0	2468.339103031092	2468.5459446780715
2468.599386297978	0.5268818065496816	trials	210625SL	p60	Z11111	28	12.0	1.0	2468.749386297978	2468.9762681045277
2469.029669724116	0.506881647298087	trials	210625SL	p60	Z11111	29	13.0	1.0	2469.179669724116	2469.386551371414
2469.4699932301983	0.4968415673538402	trials	210625SL	p60	Z11111	37	6.0	2.0	2469.6199932301984	2469.816834797552
2469.8702364171404	0.4968415673538402	trials	210625SL	p60	Z11111	11	10.0	0.0	2470.0202364171405	2470.217077984494
2476.5848098820284	0.516881726923657	trials	210625SL	p60	Z11111	63	2.0	4.0	2476.7348098820285	2476.951691608952
2477.02513338811	0.49684156735429497	trials	210625SL	p60	Z11111	4	3.0	0.0	2477.17513338811	2477.3719749554643
2479.7970354594204	0.5168417266058896	trials	210625SL	p60	Z11111	14	13.0	0.0	2479.9470354594205	2480.163877186026
2480.2373189651844	0.4968415673538402	trials	210625SL	p60	Z11111	74	13.0	4.0	2480.3873189651845	2480.584160532538
2480.6376021524447	0.5368418858570294	trials	210625SL	p60	Z11111	7	6.0	0.0	2480.787602152445	2481.0244440383017
2481.0878857378343	0.4968415673538402	trials	210625SL	p60	Z11111	10	9.0	0.0	2481.2378857378344	2481.434727305188
2481.4981690047207	0.5268818065501364	trials	210625SL	p60	Z11111	12	11.0	0.0	2481.648169004721	2481.8750508112707
2481.948492590429	0.4968415673538402	trials	210625SL	p60	Z11111	17	1.0	1.0	2482.098492590429	2482.2953341577827
2482.348735777371	0.5268818065496816	trials	210625SL	p60	Z11111	47	1.0	3.0	2482.498735777371	2482.7256175839207
2486.461568525861	0.5168417266054348	trials	210625SL	p60	Z11111	21	5.0	1.0	2486.611568525861	2486.8284102524663
2486.881851872373	0.5268418062314595	trials	210625SL	p60	Z11111	31	0.0	2.0	2487.031851872373	2487.2586936786042
2487.3121352985113	0.4968415673538402	trials	210625SL	p60	Z11111	74	13.0	4.0	2487.4621352985114	2487.658976865865
2487.7124184857717	0.4968415673538402	trials	210625SL	p60	Z11111	39	8.0	2.0	2487.8624184857717	2488.0592600531254
2488.152701991535	0.49684156735429497	trials	210625SL	p60	Z11111	19	3.0	1.0	2488.3027019915353	2488.4995435588894
2488.552985178796	0.5268418062314595	trials	210625SL	p60	Z11111	41	10.0	2.0	2488.702985178796	2488.9298269850274
2488.983268604934	0.49684156735429497	trials	210625SL	p60	Z11111	72	11.0	4.0	2489.133268604934	2489.330110172288
2493.0860612734796	0.5268818065501364	trials	210625SL	p60	Z11111	52	6.0	3.0	2493.2360612734797	2493.4629430800296
2493.536384859188	0.4968415673538402	trials	210625SL	p60	Z11111	64	3.0	4.0	2493.686384859188	2493.8832264265416
2493.93662804613	0.4968815676725171	trials	210625SL	p60	Z11111	25	9.0	1.0	2494.08662804613	2494.2835096138024
2494.3369112333903	0.49684156735429497	trials	210625SL	p60	Z11111	27	11.0	1.0	2494.4869112333904	2494.6837528007445
2494.737194420651	0.5368818861757063	trials	210625SL	p60	Z11111	24	8.0	1.0	2494.887194420651	2495.1240763068267
2495.1774779264147	0.5268818065501364	trials	210625SL	p60	Z11111	67	6.0	4.0	2495.3274779264148	2495.5543597329647
2495.6078013528713	0.4968415673538402	trials	210625SL	p60	Z11111	6	5.0	0.0	2495.7578013528714	2495.954642920225
2499.7305941806685	0.5068416469798649	trials	210625SL	p60	Z11111	68	7.0	4.0	2499.8805941806686	2500.0874358276483
2500.1608776068065	0.4968415673538402	trials	210625SL	p60	Z11111	7	6.0	0.0	2500.3108776068066	2500.5077191741602
2500.5911610329445	0.4968415673538402	trials	210625SL	p60	Z11111	12	11.0	0.0	2500.7411610329445	2500.938002600298
2500.9914442202053	0.5068416469794101	trials	210625SL	p60	Z11111	21	5.0	1.0	2501.1414442202054	2501.3482858671846
2501.4017274870916	0.5268818065496816	trials	210625SL	p60	Z11111	8	7.0	0.0	2501.5517274870917	2501.7786092936412
2501.842050993174	0.5068416469798649	trials	210625SL	p60	Z11111	23	7.0	1.0	2501.992050993174	2502.1988926401536
2502.2522942597416	0.5268818065501364	trials	210625SL	p60	Z11111	36	5.0	2.0	2502.4022942597417	2502.6291760662916
2506.355086928287	0.5068816472985418	trials	210625SL	p60	Z11111	30	14.0	1.0	2506.5050869282873	2506.7119685755856
2506.785410354744	0.4968415673538402	trials	210625SL	p60	Z11111	5	4.0	0.0	2506.935410354744	2507.1322519220976
2507.185653541686	0.5268818065496816	trials	210625SL	p60	Z11111	57	11.0	3.0	2507.335653541686	2507.5625353482355
2507.6359771273937	0.49684156735429497	trials	210625SL	p60	Z11111	0			2507.785977127394	2507.982818694748
2508.0362603146546	0.4968415673538402	trials	210625SL	p60	Z11111	37	6.0	2.0	2508.1862603146546	2508.3831018820083
2508.4365035015967	0.5268818065496816	trials	210625SL	p60	Z11111	10	9.0	0.0	2508.586503501597	2508.8133853081463
2508.886827087305	0.4968415673538402	trials	210625SL	p60	Z11111	69	8.0	4.0	2509.036827087305	2509.2336686546587
2516.522007882542	0.506881647298087	trials	210625SL	p60	Z11111	65	4.0	4.0	2516.672007882542	2516.87888952984
2516.952331308998	0.4968415673538402	trials	210625SL	p60	Z11111	2	1.0	0.0	2517.102331308998	2517.299172876352
2517.35257449594	0.5268818065496816	trials	210625SL	p60	Z11111	16	0.0	1.0	2517.5025744959403	2517.72945630249
2517.8028980816484	0.4968415673538402	trials	210625SL	p60	Z11111	43	12.0	2.0	2517.9528980816485	2518.149739649002
2518.203181268909	0.5268418062314595	trials	210625SL	p60	Z11111	11	10.0	0.0	2518.353181268909	2518.58002307514
2518.643464774673	0.5268818065496816	trials	210625SL	p60	Z11111	61	0.0	4.0	2518.793464774673	2519.0203465812224
2519.0937883603806	0.4968415673538402	trials	210625SL	p60	Z11111	60	14.0	3.0	2519.2437883603807	2519.4406299277343
2523.206581108552	0.5268818065496816	trials	210625SL	p60	Z11111	48	2.0	3.0	2523.3565811085523	2523.583462915102
2523.65690469426	0.49684156735429497	trials	210625SL	p60	Z11111	3	2.0	0.0	2523.80690469426	2524.003746261614
2524.057147881202	0.5268818065501364	trials	210625SL	p60	Z11111	18	2.0	1.0	2524.207147881202	2524.434029687752
2524.5074714669104	0.5268418062314595	trials	210625SL	p60	Z11111	28	12.0	1.0	2524.6574714669105	2524.8843132731417
2524.947754972674	0.5268818065501364	trials	210625SL	p60	Z11111	33	2.0	2.0	2525.097754972674	2525.324636779224
2525.3780783991306	0.4968415673538402	trials	210625SL	p60	Z11111	58	12.0	3.0	2525.5280783991307	2525.7249199664843
2525.8083618252685	0.5068416469798649	trials	210625SL	p60	Z11111	42	11.0	2.0	2525.9583618252686	2526.1652034722483
2530.0212353703346	0.5168417266054348	trials	210625SL	p60	Z11111	9	8.0	0.0	2530.1712353703347	2530.38807709694
2530.4615188760986	0.4968415673538402	trials	210625SL	p60	Z11111	45	14.0	2.0	2530.6115188760987	2530.8083604434523
2530.861802063359	0.5368818861757063	trials	210625SL	p60	Z11111	55	9.0	3.0	2531.011802063359	2531.2486839495346
2531.3120856487485	0.49684156735429497	trials	210625SL	p60	Z11111	14	13.0	0.0	2531.4620856487486	2531.6589272161027
2531.722368915635	0.5268818065501364	trials	210625SL	p60	Z11111	20	4.0	1.0	2531.872368915635	2532.099250722185
2533.8938662062133	0.5268418062314595	trials	210625SL	p60	Z11111	13	12.0	0.0	2534.0438662062134	2534.2707080124446
2534.344149791603	0.4968815676725171	trials	210625SL	p60	Z11111	4	3.0	0.0	2534.494149791603	2534.6910313592753
2534.7444329788636	0.4968415673538402	trials	210625SL	p60	Z11111	26	10.0	1.0	2534.8944329788637	2535.0912745462174
2535.1747164050016	0.506881647298087	trials	210625SL	p60	Z11111	62	1.0	4.0	2535.3247164050017	2535.5315980522996
2535.615039911084	0.4968415673538402	trials	210625SL	p60	Z11111	44	13.0	2.0	2535.765039911084	2535.9618814784376
2536.0153230983447	0.5268418062310047	trials	210625SL	p60	Z11111	22	6.0	1.0	2536.1653230983447	2536.3921649045756
2536.4656066837338	0.49684156735429497	trials	210625SL	p60	Z11111	0			2536.615606683734	2536.812448251088
2540.558399272654	0.5168417266054348	trials	210625SL	p60	Z11111	54	8.0	3.0	2540.708399272654	2540.925240999259
2540.9986827784173	0.49684156735429497	trials	210625SL	p60	Z11111	35	4.0	2.0	2541.1486827784174	2541.3455243457715
2541.429006204874	0.5068416469798649	trials	210625SL	p60	Z11111	1	0.0	0.0	2541.579006204874	2541.7858478518538
2541.869289710638	0.4968415673538402	trials	210625SL	p60	Z11111	32	1.0	2.0	2542.019289710638	2542.2161312779917
2542.2695728978983	0.5268418062314595	trials	210625SL	p60	Z11111	40	9.0	2.0	2542.4195728978984	2542.6464147041297
2542.719856483288	0.4968415673538402	trials	210625SL	p60	Z11111	73	12.0	4.0	2542.869856483288	2543.0666980506417
2543.1301397501743	0.5268818065496816	trials	210625SL	p60	Z11111	0			2543.2801397501744	2543.507021556724
2547.1929321002167	0.5068416469798649	trials	210625SL	p60	Z11111	29	13.0	1.0	2547.342932100217	2547.5497737471965
2547.6032153671035	0.4968415673538402	trials	210625SL	p60	Z11111	38	7.0	2.0	2547.7532153671036	2547.9500569344573
2548.0034585540457	0.506881647298087	trials	210625SL	p60	Z11111	75	14.0	4.0	2548.1534585540458	2548.3603402013437
2548.4437820601274	0.49684156735429497	trials	210625SL	p60	Z11111	17	1.0	1.0	2548.5937820601275	2548.7906236274816
2548.8440252470696	0.49688156767297187	trials	210625SL	p60	Z11111	15	14.0	0.0	2548.9940252470697	2549.1909068147424
2549.274348673526	0.5068416469798649	trials	210625SL	p60	Z11111	49	3.0	3.0	2549.4243486735263	2549.631190320506
2549.6846319404126	0.5268418062314595	trials	210625SL	p60	Z11111	47	1.0	3.0	2549.8346319404127	2550.061473746644
2554.8581531346495	0.5068416469798649	trials	210625SL	p60	Z11111	71	10.0	4.0	2555.0081531346495	2555.2149947816292
2557.399893373293	0.5168417266054348	trials	210625SL	p60	Z11111	63	2.0	4.0	2557.549893373293	2557.766735099898
2557.830176799431	0.4968415673538402	trials	210625SL	p60	Z11111	59	13.0	3.0	2557.980176799431	2558.1770183667845
2558.2604602255687	0.4968415673538402	trials	210625SL	p60	Z11111	66	5.0	4.0	2558.410460225569	2558.6073017929225
2558.6607434128296	0.5268418062310047	trials	210625SL	p60	Z11111	56	10.0	3.0	2558.8107434128297	2559.0375852190605
2559.111026998219	0.4968415673538402	trials	210625SL	p60	Z11111	50	4.0	3.0	2559.261026998219	2559.457868565573
2559.5113101854795	0.5368818861757063	trials	210625SL	p60	Z11111	51	5.0	3.0	2559.6613101854796	2559.898192071655
2568.957745402856	0.5068416469798649	trials	210625SL	p60	Z11111	55	9.0	3.0	2569.107745402856	2569.3145870498356
2569.378028749368	0.49684156735429497	trials	210625SL	p60	Z11111	53	7.0	3.0	2569.528028749368	2569.724870316722
2569.7883120162546	0.4968415673538402	trials	210625SL	p60	Z11111	46	0.0	3.0	2569.9383120162547	2570.1351535836084
2570.2185954423926	0.4968415673538402	trials	210625SL	p60	Z11111	70	9.0	4.0	2570.3685954423927	2570.5654370097463
2570.618878629653	0.4968415673538402	trials	210625SL	p60	Z11111	0			2570.768878629653	2570.9657201970067
2571.049162055791	0.5068416469798649	trials	210625SL	p60	Z11111	75	14.0	4.0	2571.199162055791	2571.4060037027707
2571.489485561873	0.49684156735429497	trials	210625SL	p60	Z11111	34	3.0	2.0	2571.6394855618732	2571.8363271292274
2575.5922782304187	0.5268418062314595	trials	210625SL	p60	Z11111	34	3.0	2.0	2575.742278230419	2575.96912003665
2576.0525618954343	0.4968415673538402	trials	210625SL	p60	Z11111	3	2.0	0.0	2576.2025618954344	2576.399403462788
2576.4728452419463	0.49684156735429497	trials	210625SL	p60	Z11111	21	5.0	1.0	2576.6228452419464	2576.8196868093005
2576.873128429207	0.5268818065496816	trials	210625SL	p60	Z11111	74	13.0	4.0	2577.023128429207	2577.2500102357567
2577.3134119349706	0.5268818065501364	trials	210625SL	p60	Z11111	33	2.0	2.0	2577.4634119349707	2577.6902937415207
2577.763735520679	0.4968415673538402	trials	210625SL	p60	Z11111	61	0.0	4.0	2577.913735520679	2578.1105770880326
2578.194018946817	0.4968415673538402	trials	210625SL	p60	Z11111	22	6.0	1.0	2578.344018946817	2578.5408605141706
2582.2668113764853	0.5068416469794101	trials	210625SL	p60	Z11111	0			2582.4168113764854	2582.6236530234646
2582.6770946433717	0.4968415673538402	trials	210625SL	p60	Z11111	44	13.0	2.0	2582.8270946433718	2583.0239362107254
2583.077377830632	0.5368418858570294	trials	210625SL	p60	Z11111	66	5.0	4.0	2583.227377830632	2583.464219716489
2583.5276614160216	0.4968415673538402	trials	210625SL	p60	Z11111	47	1.0	3.0	2583.6776614160217	2583.8745029833754
2583.937944682908	0.5268818065501364	trials	210625SL	p60	Z11111	40	9.0	2.0	2584.087944682908	2584.314826489458
2584.368228109046	0.49684156735429497	trials	210625SL	p60	Z11111	31	0.0	2.0	2584.518228109046	2584.7150696764
2584.7685112963068	0.5268818065496816	trials	210625SL	p60	Z11111	16	0.0	1.0	2584.918511296307	2585.1453931028564
2587.3802920926487	0.5268818065501364	trials	210625SL	p60	Z11111	50	4.0	3.0	2587.530292092649	2587.7571738991987
2587.830615678357	0.4968415673538402	trials	210625SL	p60	Z11111	56	10.0	3.0	2587.980615678357	2588.1774572457107
2588.230858865299	0.4968415673538402	trials	210625SL	p60	Z11111	41	10.0	2.0	2588.380858865299	2588.577700432653
2588.6311420525594	0.5268818065501364	trials	210625SL	p60	Z11111	71	10.0	4.0	2588.7811420525595	2589.0080238591095
2589.0814656382677	0.4968415673538402	trials	210625SL	p60	Z11111	17	1.0	1.0	2589.2314656382678	2589.4283072056214
2604.5119485037094	0.5168817269241117	trials	210625SL	p60	Z11111	26	10.0	1.0	2604.6619485037095	2604.8788302306334
2604.942271930166	0.4968415673538402	trials	210625SL	p60	Z11111	24	8.0	1.0	2605.092271930166	2605.28911349752
2605.342515117108	0.5268818065496816	trials	210625SL	p60	Z11111	36	5.0	2.0	2605.4925151171083	2605.7193969236578
2608.9049434829953	0.5268818065496816	trials	210625SL	p60	Z11111	4	3.0	0.0	2609.0549434829954	2609.281825289545
2614.79895041411	0.5168817269241117	trials	210625SL	p60	Z11111	48	2.0	3.0	2614.94895041411	2615.165832141034
2615.2392739201923	0.49684156735429497	trials	210625SL	p60	Z11111	15	14.0	0.0	2615.3892739201924	2615.5861154875465
2615.6395171071345	0.506881647298087	trials	210625SL	p60	Z11111	0			2615.7895171071345	2615.9963987544324
2616.0498403743395	0.5268418062310047	trials	210625SL	p60	Z11111	19	3.0	1.0	2616.1998403743396	2616.4266821805704
2616.4801238004775	0.4968415673538402	trials	210625SL	p60	Z11111	72	11.0	4.0	2616.6301238004776	2616.8269653678312
2616.8803669874196	0.5268818065496816	trials	210625SL	p60	Z11111	5	4.0	0.0	2617.0303669874197	2617.257248793969
2617.3306905731274	0.5268818065501364	trials	210625SL	p60	Z11111	9	8.0	0.0	2617.4806905731275	2617.7075723796775
2621.433483241673	0.5068416469798649	trials	210625SL	p60	Z11111	27	11.0	1.0	2621.583483241673	2621.790324888653
2621.863766667811	0.5268818065501364	trials	210625SL	p60	Z11111	67	6.0	4.0	2622.013766667811	2622.240648474361
2622.3040901738937	0.4968415673538402	trials	210625SL	p60	Z11111	45	14.0	2.0	2622.4540901738937	2622.6509317412474
2622.704333360836	0.5268818065496816	trials	210625SL	p60	Z11111	29	13.0	1.0	2622.854333360836	2623.0812151673854
2623.134656787292	0.5268418062314595	trials	210625SL	p60	Z11111	57	11.0	3.0	2623.284656787292	2623.5114985935234
2623.5849403726816	0.4968415673538402	trials	210625SL	p60	Z11111	63	2.0	4.0	2623.7349403726816	2623.9317819400353
2623.9852235599424	0.5368818861752516	trials	210625SL	p60	Z11111	60	14.0	3.0	2624.1352235599425	2624.3721054461175
2628.1280565473094	0.5168417266054348	trials	210625SL	p60	Z11111	54	8.0	3.0	2628.2780565473095	2628.4948982739147
2628.568340053073	0.49684156735429497	trials	210625SL	p60	Z11111	51	5.0	3.0	2628.718340053073	2628.915181620427
2631.200121008667	0.5268818065496816	trials	210625SL	p60	Z11111	42	11.0	2.0	2631.350121008667	2631.5770028152165
2631.6304444351235	0.5268418062310047	trials	210625SL	p60	Z11111	35	4.0	2.0	2631.7804444351236	2632.0072862413544
2632.080728020513	0.4968415673538402	trials	210625SL	p60	Z11111	20	4.0	1.0	2632.230728020513	2632.427569587867
2632.4910112873995	0.5268818065496816	trials	210625SL	p60	Z11111	23	7.0	1.0	2632.6410112873996	2632.867893093949
2636.053439653286	0.5068416469798649	trials	210625SL	p60	Z11111	43	12.0	2.0	2636.2034396532863	2636.410281300266
2636.483723079424	0.49684156735429497	trials	210625SL	p60	Z11111	1	0.0	0.0	2636.6337230794243	2636.8305646467784
2636.884006266685	0.5268818065496816	trials	210625SL	p60	Z11111	8	7.0	0.0	2637.034006266685	2637.2608880732346
2637.334329852393	0.49684156735429497	trials	210625SL	p60	Z11111	49	3.0	3.0	2637.484329852393	2637.681171419747
2637.734573039335	0.5268818065501364	trials	210625SL	p60	Z11111	37	6.0	2.0	2637.884573039335	2638.111454845885
2638.184896625043	0.4968415673538402	trials	210625SL	p60	Z11111	6	5.0	0.0	2638.3348966250433	2638.531738192397
2638.5951798919295	0.5268418062314595	trials	210625SL	p60	Z11111	38	7.0	2.0	2638.7451798919296	2638.972021698161
2642.7580130385486	0.5268418062310047	trials	210625SL	p60	Z11111	0			2642.9080130385487	2643.1348548447795
2643.2083366242564	0.49680156703561806	trials	210625SL	p60	Z11111	11	10.0	0.0	2643.3583366242565	2643.555138191292
2643.6386200503944	0.4968415673538402	trials	210625SL	p60	Z11111	0			2643.7886200503945	2643.985461617748
2644.0388632373365	0.5368818861757063	trials	210625SL	p60	Z11111	25	9.0	1.0	2644.1888632373366	2644.425745123512
2644.4891868230447	0.4968415673538402	trials	210625SL	p60	Z11111	32	1.0	2.0	2644.639186823045	2644.8360283903985
2644.899470089931	0.4968415673538402	trials	210625SL	p60	Z11111	7	6.0	0.0	2645.049470089931	2645.246311657285
2645.329753516069	0.4968415673538402	trials	210625SL	p60	Z11111	62	1.0	4.0	2645.479753516069	2645.676595083423
2649.3725057065417	0.4968415673538402	trials	210625SL	p60	Z11111	65	4.0	4.0	2649.522505706542	2649.7193472738954
2649.7827889734276	0.5268818065501364	trials	210625SL	p60	Z11111	10	9.0	0.0	2649.9327889734277	2650.1596707799777
2650.233112559136	0.4968415673538402	trials	210625SL	p60	Z11111	12	11.0	0.0	2650.383112559136	2650.5799541264896
2650.6333957463967	0.5268418062310047	trials	210625SL	p60	Z11111	18	2.0	1.0	2650.7833957463968	2651.0102375526276
2651.0836793317862	0.4968415673538402	trials	210625SL	p60	Z11111	30	14.0	1.0	2651.2336793317863	2651.43052089914
2653.5853792516077	0.5068416469798649	trials	210625SL	p60	Z11111	52	6.0	3.0	2653.735379251608	2653.9422208985875
2653.995662518494	0.5268818065496816	trials	210625SL	p60	Z11111	39	8.0	2.0	2654.145662518494	2654.3725443250437
2654.425945944632	0.5268818065496816	trials	210625SL	p60	Z11111	53	7.0	3.0	2654.575945944632	2654.8028277511817
2654.87626953034	0.49684156735429497	trials	210625SL	p60	Z11111	68	7.0	4.0	2655.02626953034	2655.223111097694
2655.2865527972267	0.5168417266054348	trials	210625SL	p60	Z11111	73	12.0	4.0	2655.436552797227	2655.653394523832
2655.7268363029903	0.5068416469798649	trials	210625SL	p60	Z11111	70	9.0	4.0	2655.8768363029903	2656.08367794997
2656.1371195698766	0.5268818065496816	trials	210625SL	p60	Z11111	58	12.0	3.0	2656.2871195698767	2656.514001376426
2660.269952477618	0.5068416469798649	trials	210625SL	p60	Z11111	59	13.0	3.0	2660.419952477618	2660.626794124598
2660.700235903756	0.4968415673538402	trials	210625SL	p60	Z11111	13	12.0	0.0	2660.850235903756	2661.04707747111
2661.100519091017	0.4968415673538402	trials	210625SL	p60	Z11111	46	0.0	3.0	2661.250519091017	2661.4473606583706
2661.530802517155	0.5068416469794101	trials	210625SL	p60	Z11111	69	8.0	4.0	2661.680802517155	2661.887644164134
2661.9710860229184	0.4968415673538402	trials	210625SL	p60	Z11111	2	1.0	0.0	2662.1210860229185	2662.317927590272
2662.371369210179	0.4968415673538402	trials	210625SL	p60	Z11111	14	13.0	0.0	2662.5213692101793	2662.718210777533
2662.7716523974395	0.5268418062314595	trials	210625SL	p60	Z11111	64	3.0	4.0	2662.9216523974396	2663.148494203671
2667.4248094482696	0.5268818065496816	trials	210625SL	p60	Z11111	28	12.0	1.0	2667.5748094482697	2667.801691254819
2672.918533192124	0.5068816472985418	trials	210625SL	p60	Z11111	31	0.0	2.0	2673.068533192124	2673.2754148394224
2673.3388165386364	0.506881647298087	trials	210625SL	p60	Z11111	53	7.0	3.0	2673.4888165386365	2673.6956981859344
2673.7791400447186	0.4968415673538402	trials	210625SL	p60	Z11111	32	1.0	2.0	2673.9291400447187	2674.1259816120723
2674.179423231979	0.49684156735429497	trials	210625SL	p60	Z11111	72	11.0	4.0	2674.329423231979	2674.526264799333
2674.609706658117	0.5068416469798649	trials	210625SL	p60	Z11111	51	5.0	3.0	2674.759706658117	2674.9665483050967
2675.0199899250033	0.5268418062314595	trials	210625SL	p60	Z11111	24	8.0	1.0	2675.1699899250034	2675.3968317312347
2675.4502733511413	0.4968415673538402	trials	210625SL	p60	Z11111	8	7.0	0.0	2675.6002733511414	2675.797114918495
2715.8177547777927	0.5168817269241117	trials	210625SL	p60	Z11111	44	13.0	2.0	2715.967754777793	2716.1846365047168
2716.258078283875	0.49684156735429497	trials	210625SL	p60	Z11111	58	12.0	3.0	2716.408078283875	2716.604919851229
2716.658321470817	0.4968815676725171	trials	210625SL	p60	Z11111	69	8.0	4.0	2716.808321470817	2717.0052030384895
2717.0686047377035	0.5268818065501364	trials	210625SL	p60	Z11111	65	4.0	4.0	2717.2186047377036	2717.4454865442535
2717.508928243786	0.5068416469794101	trials	210625SL	p60	Z11111	1	0.0	0.0	2717.6589282437862	2717.8657698907655
2717.9192115106725	0.5268418062310047	trials	210625SL	p60	Z11111	20	4.0	1.0	2718.0692115106726	2718.2960533169035
2718.369495096062	0.4968415673538402	trials	210625SL	p60	Z11111	52	6.0	3.0	2718.519495096062	2718.716336663416
2722.5023280038035	0.5268418062310047	trials	210625SL	p60	Z11111	5	4.0	0.0	2722.6523280038036	2722.8791698100345
2722.9526115891927	0.49688156767297187	trials	210625SL	p60	Z11111	16	0.0	1.0	2723.1026115891927	2723.2994931568655
2723.3528947764535	0.5268818065501364	trials	210625SL	p60	Z11111	46	0.0	3.0	2723.5028947764536	2723.7297765830035
2723.8032183621617	0.4968415673538402	trials	210625SL	p60	Z11111	19	3.0	1.0	2723.953218362162	2724.1500599295155
2724.2034615491034	0.5268818065501364	trials	210625SL	p60	Z11111	25	9.0	1.0	2724.3534615491035	2724.5803433556534
2724.6537851348116	0.4968415673538402	trials	210625SL	p60	Z11111	67	6.0	4.0	2724.8037851348117	2725.0006267021654
2725.0540683220725	0.5268418062310047	trials	210625SL	p60	Z11111	4	3.0	0.0	2725.2040683220725	2725.4309101283034
2729.7973060901713	0.5168417266054348	trials	210625SL	p60	Z11111	75	14.0	4.0	2729.9473060901714	2730.1641478167767
2730.237589595935	0.49684156735429497	trials	210625SL	p60	Z11111	50	4.0	3.0	2730.387589595935	2730.584431163289
2730.6478728628213	0.5268818065501364	trials	210625SL	p60	Z11111	61	0.0	4.0	2730.7978728628214	2731.0247546693713
2731.0781562889592	0.49684156735429497	trials	210625SL	p60	Z11111	6	5.0	0.0	2731.2281562889593	2731.4249978563134
2731.508439715097	0.49684156735429497	trials	210625SL	p60	Z11111	63	2.0	4.0	2731.6584397150973	2731.8552812824514
2731.918722981984	0.5268818065496816	trials	210625SL	p60	Z11111	48	2.0	3.0	2732.068722981984	2732.2956047885336
2732.359046488066	0.5068416469803196	trials	210625SL	p60	Z11111	60	14.0	3.0	2732.509046488066	2732.715888135046
2736.451839076986	0.5068416469798649	trials	210625SL	p60	Z11111	33	2.0	2.0	2736.601839076986	2736.8086807239656
2736.8921225827494	0.5068416469803196	trials	210625SL	p60	Z11111	3	2.0	0.0	2737.0421225827495	2737.2489642297296
2737.3324060885134	0.4968815676725171	trials	210625SL	p60	Z11111	40	9.0	2.0	2737.4824060885135	2737.679287656186
2737.732689275774	0.5268818065496816	trials	210625SL	p60	Z11111	37	6.0	2.0	2737.8826892757743	2738.109571082324
2738.183012861482	0.5268418062314595	trials	210625SL	p60	Z11111	57	11.0	3.0	2738.333012861482	2738.5598546677134
2738.623296367246	0.5268818065496816	trials	210625SL	p60	Z11111	12	11.0	0.0	2738.773296367246	2739.0001781737956
2739.073619952954	0.5268418062314595	trials	210625SL	p60	Z11111	2	1.0	0.0	2739.223619952954	2739.450461759185
2743.1764126214994	0.5268418062314595	trials	210625SL	p60	Z11111	64	3.0	4.0	2743.3264126214995	2743.5532544277307
2743.6166961272634	0.5068416469794101	trials	210625SL	p60	Z11111	14	13.0	0.0	2743.7666961272635	2743.9735377742427
2744.0570196333456	0.4968415673538402	trials	210625SL	p60	Z11111	0			2744.2070196333457	2744.4038612006993
2744.4572628202877	0.5268818065496816	trials	210625SL	p60	Z11111	43	12.0	2.0	2744.607262820288	2744.8341446268373
2744.9075864059955	0.4968415673538402	trials	210625SL	p60	Z11111	22	6.0	1.0	2745.0575864059956	2745.2544279733493
2745.3078695932563	0.5268418062310047	trials	210625SL	p60	Z11111	39	8.0	2.0	2745.4578695932564	2745.6847113994872
2745.758153178646	0.4968415673538402	trials	210625SL	p60	Z11111	45	14.0	2.0	2745.908153178646	2746.1049947459996
2750.13114799868	0.5268418062314595	trials	210625SL	p60	Z11111	68	7.0	4.0	2750.28114799868	2750.507989804911
2750.5814315840694	0.4968415673538402	trials	210625SL	p60	Z11111	62	1.0	4.0	2750.7314315840695	2750.928273151423
2750.98171477133	0.5268818065496816	trials	210625SL	p60	Z11111	70	9.0	4.0	2751.1317147713303	2751.35859657788
2751.432038357038	0.49684156735429497	trials	210625SL	p60	Z11111	71	10.0	4.0	2751.582038357038	2751.778879924392
2751.83228154398	0.49688156767297187	trials	210625SL	p60	Z11111	34	3.0	2.0	2751.98228154398	2752.179163111653
2752.2626049704368	0.5068416469798649	trials	210625SL	p60	Z11111	0			2752.412604970437	2752.6194466174165
2754.78430504951	0.5268818065496816	trials	210625SL	p60	Z11111	13	12.0	0.0	2754.93430504951	2755.1611868560594
2755.214588475648	0.5268818065496816	trials	210625SL	p60	Z11111	0			2755.364588475648	2755.5914702821974
2755.664912061356	0.4968415673538402	trials	210625SL	p60	Z11111	41	10.0	2.0	2755.814912061356	2756.01175362871
2756.095195487494	0.4968415673538402	trials	210625SL	p60	Z11111	73	12.0	4.0	2756.245195487494	2756.442037054848
2756.4954786747544	0.4968415673538402	trials	210625SL	p60	Z11111	49	3.0	3.0	2756.6454786747545	2756.842320242108
2756.9357621805184	0.4968415673538402	trials	210625SL	p60	Z11111	18	2.0	1.0	2757.0857621805185	2757.282603747872
2757.3660856069746	0.49684156735429497	trials	210625SL	p60	Z11111	55	9.0	3.0	2757.5160856069747	2757.712927174329
2761.5689190720964	0.5268818065501364	trials	210625SL	p60	Z11111	29	13.0	1.0	2761.7189190720965	2761.9458008786464
2763.8604973188217	0.5268418062310047	trials	210625SL	p60	Z11111	27	11.0	1.0	2764.0104973188218	2764.2373391250526
2766.152035565228	0.5268818065496816	trials	210625SL	p60	Z11111	42	11.0	2.0	2766.302035565228	2766.5289173717774
2766.6023591509356	0.49684156735429497	trials	210625SL	p60	Z11111	59	13.0	3.0	2766.7523591509357	2766.94920071829
2767.0026423381964	0.4968415673538402	trials	210625SL	p60	Z11111	0			2767.1526423381965	2767.34948390555
2767.4329257643344	0.4968415673538402	trials	210625SL	p60	Z11111	17	1.0	1.0	2767.5829257643345	2767.779767331688
2767.843209031221	0.5168417266054348	trials	210625SL	p60	Z11111	35	4.0	2.0	2767.993209031221	2768.210050757826
2768.2934926166104	0.4968815676720624	trials	210625SL	p60	Z11111	11	10.0	0.0	2768.4434926166105	2768.6403741842823
2768.7037758834967	0.4968415673538402	trials	210625SL	p60	Z11111	56	10.0	3.0	2768.853775883497	2769.0506174508505
2772.7965684724163	0.5268818065501364	trials	210625SL	p60	Z11111	38	7.0	2.0	2772.9465684724164	2773.1734502789664
2773.226891898873	0.5268418062314595	trials	210625SL	p60	Z11111	74	13.0	4.0	2773.376891898873	2773.6037337051043
2773.657175325011	0.4968415673538402	trials	210625SL	p60	Z11111	23	7.0	1.0	2773.807175325011	2774.0040168923647
2774.057418511953	0.5368818861757063	trials	210625SL	p60	Z11111	36	5.0	2.0	2774.207418511953	2774.4443003981287
2774.4977420180353	0.4968415673538402	trials	210625SL	p60	Z11111	15	14.0	0.0	2774.6477420180354	2774.844583585389
2774.8980252052957	0.5268418062314595	trials	210625SL	p60	Z11111	26	10.0	1.0	2775.0480252052957	2775.274867011527
2778.1602511808173	0.5068416469794101	trials	210625SL	p60	Z11111	10	9.0	0.0	2778.3102511808174	2778.5170928277967
2778.570494447385	0.5068816472985418	trials	210625SL	p60	Z11111	30	14.0	1.0	2778.720494447385	2778.9273760946835
2779.0108179534673	0.49684156735429497	trials	210625SL	p60	Z11111	9	8.0	0.0	2779.1608179534674	2779.3576595208215
2779.4110611404094	0.5268818065501364	trials	210625SL	p60	Z11111	54	8.0	3.0	2779.5610611404095	2779.7879429469594
2779.8613847261176	0.4968415673538402	trials	210625SL	p60	Z11111	28	12.0	1.0	2780.0113847261177	2780.2082262934714
2780.261667913378	0.5368818861757063	trials	210625SL	p60	Z11111	7	6.0	0.0	2780.411667913378	2780.6485497995536
2780.7119914990863	0.5068416469798649	trials	210625SL	p60	Z11111	66	5.0	4.0	2780.8619914990863	2781.068833146066
2785.575270223013	0.506881647298087	trials	210625SL	p60	Z11111	47	1.0	3.0	2785.725270223013	2785.932151870311
2785.995553569525	0.5068816472985418	trials	210625SL	p60	Z11111	21	5.0	1.0	2786.145553569525	2786.3524352168233
2786.4358770756076	0.4968415673538402	trials	210625SL	p60	Z11111	36	5.0	2.0	2786.5858770756076	2786.7827186429613
2786.85616042212	0.4968415673538402	trials	210625SL	p60	Z11111	31	0.0	2.0	2787.00616042212	2787.2030019894737
2787.2864438482575	0.49684156735429497	trials	210625SL	p60	Z11111	37	6.0	2.0	2787.4364438482576	2787.6332854156117
2787.6867270355183	0.5068416469798649	trials	210625SL	p60	Z11111	5	4.0	0.0	2787.8367270355184	2788.043568682498
2788.127010541282	0.49684156735429497	trials	210625SL	p60	Z11111	22	6.0	1.0	2788.277010541282	2788.473852108636
2792.149762572503	0.5168417266058896	trials	210625SL	p60	Z11111	33	2.0	2.0	2792.299762572503	2792.5166042991086
2792.590046078267	0.5268818065496816	trials	210625SL	p60	Z11111	61	0.0	4.0	2792.740046078267	2792.9669278848164
2793.0403696639746	0.4968415673538402	trials	210625SL	p60	Z11111	73	12.0	4.0	2793.1903696639747	2793.3872112313284
2793.450652930861	0.5268418062314595	trials	210625SL	p60	Z11111	13	12.0	0.0	2793.600652930861	2793.8274947370924
2793.890936436625	0.506881647298087	trials	210625SL	p60	Z11111	38	7.0	2.0	2794.040936436625	2794.247818083923
2794.3012197035114	0.5268818065496816	trials	210625SL	p60	Z11111	63	2.0	4.0	2794.4512197035115	2794.678101510061
2794.751543289219	0.4968415673538402	trials	210625SL	p60	Z11111	28	12.0	1.0	2794.9015432892193	2795.098384856573
2799.1044979496833	0.5268818065496816	trials	210625SL	p60	Z11111	2	1.0	0.0	2799.2544979496834	2799.481379756233
2799.544781455447	0.49684156735429497	trials	210625SL	p60	Z11111	44	13.0	2.0	2799.694781455447	2799.891623022801
2799.9550647223336	0.4968415673538402	trials	210625SL	p60	Z11111	48	2.0	3.0	2800.1050647223337	2800.3019062896874
2800.3853481484716	0.4968815676725171	trials	210625SL	p60	Z11111	30	14.0	1.0	2800.5353481484717	2800.732229716144
2800.785631335732	0.49684156735429497	trials	210625SL	p60	Z11111	60	14.0	3.0	2800.935631335732	2801.132472903086
2801.2159547621886	0.5068416469798649	trials	210625SL	p60	Z11111	1	0.0	0.0	2801.3659547621887	2801.5727964091684
2801.656238267952	0.49684156735429497	trials	210625SL	p60	Z11111	59	13.0	3.0	2801.8062382679523	2802.0030798353064
2805.739030777246	0.5268418062314595	trials	210625SL	p60	Z11111	74	13.0	4.0	2805.8890307772463	2806.1158725834775
2806.189314362636	0.4968415673538402	trials	210625SL	p60	Z11111	0			2806.3393143626363	2806.53615592999
2806.5895975498966	0.5268418062314595	trials	210625SL	p60	Z11111	70	9.0	4.0	2806.7395975498966	2806.966439356128
2809.2013783462385	0.5268418062314595	trials	210625SL	p60	Z11111	71	10.0	4.0	2809.3513783462386	2809.57822015247
2809.631661772377	0.4968415673538402	trials	210625SL	p60	Z11111	4	3.0	0.0	2809.781661772377	2809.9785033397307
2810.0319449596373	0.5368818861757063	trials	210625SL	p60	Z11111	35	4.0	2.0	2810.1819449596373	2810.418826845813
2810.482228545027	0.4968815676725171	trials	210625SL	p60	Z11111	27	11.0	1.0	2810.632228545027	2810.8291101126993
2810.892511811913	0.5268818065501364	trials	210625SL	p60	Z11111	15	14.0	0.0	2811.0425118119133	2811.2693936184633
2811.32283523837	0.4968415673538402	trials	210625SL	p60	Z11111	25	9.0	1.0	2811.47283523837	2811.6696768057236
2811.723078425312	0.5268818065496816	trials	210625SL	p60	Z11111	24	8.0	1.0	2811.873078425312	2812.0999602318616
2817.6471255956226	0.5068416469798649	trials	210625SL	p60	Z11111	68	7.0	4.0	2817.7971255956227	2818.0039672426024
2818.057408862509	0.5068416469798649	trials	210625SL	p60	Z11111	41	10.0	2.0	2818.207408862509	2818.4142505094887
2818.4676921293953	0.5268418062314595	trials	210625SL	p60	Z11111	34	3.0	2.0	2818.6176921293954	2818.8445339356267
2818.9179757147854	0.5268818065496816	trials	210625SL	p60	Z11111	52	6.0	3.0	2819.0679757147855	2819.294857521335
2819.368299300493	0.5268818065496816	trials	210625SL	p60	Z11111	29	13.0	1.0	2819.5182993004933	2819.7451811070428
2819.798582726631	0.5068416469798649	trials	210625SL	p60	Z11111	14	13.0	0.0	2819.9485827266312	2820.155424373611
2820.2088659935175	0.5268818065496816	trials	210625SL	p60	Z11111	69	8.0	4.0	2820.3588659935176	2820.585747800067
2824.341698901259	0.5268418062314595	trials	210625SL	p60	Z11111	49	3.0	3.0	2824.491698901259	2824.7185407074903
2826.73331794456	0.5068416469798649	trials	210625SL	p60	Z11111	75	14.0	4.0	2826.88331794456	2827.0901595915398
2827.163601370698	0.5268818065496816	trials	210625SL	p60	Z11111	66	5.0	4.0	2827.313601370698	2827.5404831772476
2827.613924956406	0.4968415673538402	trials	210625SL	p60	Z11111	50	4.0	3.0	2827.7639249564063	2827.96076652376
2828.0141681433483	0.4968815676720624	trials	210625SL	p60	Z11111	26	10.0	1.0	2828.1641681433484	2828.3610497110203
2828.4144513306087	0.4968415673538402	trials	210625SL	p60	Z11111	53	7.0	3.0	2828.564451330609	2828.7612928979624
2828.8447347567467	0.5068816472985418	trials	210625SL	p60	Z11111	16	0.0	1.0	2828.9947347567468	2829.201616404045
2829.255018023633	0.5268818065501364	trials	210625SL	p60	Z11111	64	3.0	4.0	2829.405018023633	2829.631899830183
2833.3878509313745	0.5268818065501364	trials	210625SL	p60	Z11111	54	8.0	3.0	2833.5378509313746	2833.7647327379245
2833.8381745170827	0.5268418062310047	trials	210625SL	p60	Z11111	47	1.0	3.0	2833.988174517083	2834.2150163233136
2834.2884581024723	0.4968415673538402	trials	210625SL	p60	Z11111	17	1.0	1.0	2834.4384581024724	2834.635299669826
2834.7187415286103	0.4968415673538402	trials	210625SL	p60	Z11111	0			2834.8687415286104	2835.065583095964
2836.9502792972617	0.5068416469798649	trials	210625SL	p60	Z11111	23	7.0	1.0	2837.1002792972617	2837.3071209442414
2837.3805627233996	0.49684156735429497	trials	210625SL	p60	Z11111	9	8.0	0.0	2837.5305627233997	2837.727404290754
2837.7808459106604	0.4968415673538402	trials	210625SL	p60	Z11111	32	1.0	2.0	2837.9308459106605	2838.127687478014
2838.181129097921	0.5268418062314595	trials	210625SL	p60	Z11111	67	6.0	4.0	2838.331129097921	2838.557970904152
2838.6314126833104	0.49684156735429497	trials	210625SL	p60	Z11111	19	3.0	1.0	2838.7814126833105	2838.9782542506646
2839.0416959501968	0.5268818065496816	trials	210625SL	p60	Z11111	3	2.0	0.0	2839.191695950197	2839.4185777567463
2839.4719793763347	0.5268818065501364	trials	210625SL	p60	Z11111	42	11.0	2.0	2839.621979376335	2839.848861182885
2850.479507023932	0.5268418062314595	trials	210625SL	p60	Z11111	43	12.0	2.0	2850.629507023932	2850.8563488301634
2850.9297906093216	0.49684156735429497	trials	210625SL	p60	Z11111	0			2851.0797906093217	2851.276632176676
2851.3300737965824	0.5268418062310047	trials	210625SL	p60	Z11111	10	9.0	0.0	2851.4800737965825	2851.7069156028133
2851.780357381972	0.4968815676725171	trials	210625SL	p60	Z11111	11	10.0	0.0	2851.930357381972	2852.1272389496444
2852.1806405692323	0.5268818065501364	trials	210625SL	p60	Z11111	45	14.0	2.0	2852.3306405692324	2852.5575223757824
2852.6309641549406	0.4968415673538402	trials	210625SL	p60	Z11111	6	5.0	0.0	2852.7809641549406	2852.9778057222943
2853.0312073418827	0.5368818861757063	trials	210625SL	p60	Z11111	46	0.0	3.0	2853.181207341883	2853.4180892280583
2857.424202321168	0.5268818065501364	trials	210625SL	p60	Z11111	58	12.0	3.0	2857.5742023211683	2857.8010841277182
2857.8645258272504	0.5068416469798649	trials	210625SL	p60	Z11111	40	9.0	2.0	2858.0145258272505	2858.22136747423
2860.4663065439668	0.5268418062314595	trials	210625SL	p60	Z11111	0			2860.616306543967	2860.843148350198
2863.2281685353328	0.5268818065496816	trials	210625SL	p60	Z11111	56	10.0	3.0	2863.378168535333	2863.6050503418824
2863.6584519614707	0.5268818065496816	trials	210625SL	p60	Z11111	21	5.0	1.0	2863.808451961471	2864.0353337680203
2866.090111323593	0.5068816472985418	trials	210625SL	p60	Z11111	12	11.0	0.0	2866.2401113235933	2866.4469929708916
2866.5304348296754	0.49684156735429497	trials	210625SL	p60	Z11111	7	6.0	0.0	2866.6804348296755	2866.8772763970296
2866.9607182558134	0.5068416469798649	trials	210625SL	p60	Z11111	57	11.0	3.0	2867.1107182558135	2867.317559902793
2867.4010017615774	0.4968415673538402	trials	210625SL	p60	Z11111	65	4.0	4.0	2867.5510017615775	2867.747843328931
2867.801284948838	0.5268818065496816	trials	210625SL	p60	Z11111	51	5.0	3.0	2867.9512849488383	2868.178166755388
2868.251608534546	0.49684156735429497	trials	210625SL	p60	Z11111	72	11.0	4.0	2868.401608534546	2868.5984501019
2868.651851721488	0.506881647298087	trials	210625SL	p60	Z11111	62	1.0	4.0	2868.801851721488	2869.008733368786
2872.7246441511566	0.5268818065496816	trials	210625SL	p60	Z11111	8	7.0	0.0	2872.8746441511566	2873.101525957706
2873.16492765692	0.5068816472985418	trials	210625SL	p60	Z11111	18	2.0	1.0	2873.31492765692	2873.5218093042186
2873.5752109238065	0.5268818065501364	trials	210625SL	p60	Z11111	20	4.0	1.0	2873.7252109238066	2873.9520927303565
2875.876789250157	0.49684156735429497	trials	210625SL	p60	Z11111	55	9.0	3.0	2876.026789250157	2876.223630817511
2876.2870725170437	0.4968415673538402	trials	210625SL	p60	Z11111	0			2876.437072517044	2876.6339140843975
2876.7173559431817	0.4968415673538402	trials	210625SL	p60	Z11111	39	8.0	2.0	2876.867355943182	2877.0641975105355
2877.117639130442	0.5268418062314595	trials	210625SL	p60	Z11111	30	14.0	1.0	2877.267639130442	2877.4944809366734
2877.5679227158316	0.49684156735429497	trials	210625SL	p60	Z11111	16	0.0	1.0	2877.7179227158317	2877.914764283186
2877.9682059030924	0.5068416469794101	trials	210625SL	p60	Z11111	34	3.0	2.0	2878.1182059030925	2878.3250475500718
2878.4085294091747	0.4968415673538402	trials	210625SL	p60	Z11111	3	2.0	0.0	2878.5585294091748	2878.7553709765284
2882.531322236972	0.4968415673538402	trials	210625SL	p60	Z11111	49	3.0	3.0	2882.681322236972	2882.8781638043256
2882.951605583484	0.49684156735429497	trials	210625SL	p60	Z11111	74	13.0	4.0	2883.101605583484	2883.298447150838
2883.36188885037	0.5268818065496816	trials	210625SL	p60	Z11111	1	0.0	0.0	2883.5118888503703	2883.7387706569198
2883.802172356134	0.506881647298087	trials	210625SL	p60	Z11111	53	7.0	3.0	2883.9521723561343	2884.159054003432
2884.2424958622164	0.4968415673538402	trials	210625SL	p60	Z11111	51	5.0	3.0	2884.3924958622165	2884.58933742957
2884.6427390491585	0.5268818065496816	trials	210625SL	p60	Z11111	5	4.0	0.0	2884.7927390491586	2885.019620855708
2885.0930626348663	0.49684156735429497	trials	210625SL	p60	Z11111	56	10.0	3.0	2885.2430626348664	2885.4399042022205
2889.5961384906727	0.5268418062314595	trials	210625SL	p60	Z11111	28	12.0	1.0	2889.746138490673	2889.972980296904
2892.077838251243	0.5068416469794101	trials	210625SL	p60	Z11111	36	5.0	2.0	2892.227838251243	2892.4346798982224
2892.508121677381	0.4968415673538402	trials	210625SL	p60	Z11111	45	14.0	2.0	2892.658121677381	2892.854963244735
2892.9084048646414	0.5268418062314595	trials	210625SL	p60	Z11111	13	12.0	0.0	2893.0584048646415	2893.2852466708728
2893.358688450031	0.4968415673538402	trials	210625SL	p60	Z11111	20	4.0	1.0	2893.508688450031	2893.7055300173847
2893.758971637292	0.5268418062310047	trials	210625SL	p60	Z11111	54	8.0	3.0	2893.908971637292	2894.1358134435227
2894.209255222681	0.4968815676725171	trials	210625SL	p60	Z11111	73	12.0	4.0	2894.359255222681	2894.5561367903533
2894.6095384099417	0.5368818861757063	trials	210625SL	p60	Z11111	35	4.0	2.0	2894.759538409942	2894.9964202961173
2898.752371397309	0.5168417266054348	trials	210625SL	p60	Z11111	48	2.0	3.0	2898.9023713973093	2899.1192131239145
2899.1926549030727	0.4968415673538402	trials	210625SL	p60	Z11111	4	3.0	0.0	2899.342654903073	2899.5394964704265
2904.1060140257655	0.4968415673538402	trials	210625SL	p60	Z11111	25	9.0	1.0	2904.2560140257656	2904.4528555931192
2904.5262973722774	0.49684156735429497	trials	210625SL	p60	Z11111	29	13.0	1.0	2904.6762973722775	2904.8731389396316
2904.9265805595383	0.5068416469798649	trials	210625SL	p60	Z11111	67	6.0	4.0	2905.0765805595383	2905.283422206518
2905.3368638264246	0.5268418062314595	trials	210625SL	p60	Z11111	58	12.0	3.0	2905.4868638264247	2905.713705632656
2905.787147411814	0.4968415673538402	trials	210625SL	p60	Z11111	22	6.0	1.0	2905.9371474118143	2906.133988979168
2908.3188875708315	0.5068416469798649	trials	210625SL	p60	Z11111	46	0.0	3.0	2908.4688875708316	2908.6757292178113
2908.739170917344	0.5068416469794101	trials	210625SL	p60	Z11111	44	13.0	2.0	2908.889170917344	2909.0960125643232
2909.1794544231075	0.4968415673538402	trials	210625SL	p60	Z11111	60	14.0	3.0	2909.3294544231076	2909.526295990461
2909.5797376103683	0.5268818065496816	trials	210625SL	p60	Z11111	6	5.0	0.0	2909.7297376103684	2909.956619416918
2910.030061196076	0.49684156735429497	trials	210625SL	p60	Z11111	63	2.0	4.0	2910.180061196076	2910.3769027634303
2910.47034470184	0.4968415673538402	trials	210625SL	p60	Z11111	38	7.0	2.0	2910.62034470184	2910.817186269194
2910.870627889101	0.5268418062310047	trials	210625SL	p60	Z11111	43	12.0	2.0	2911.020627889101	2911.247469695332
2916.3943918721507	0.5268418062314595	trials	210625SL	p60	Z11111	75	14.0	4.0	2916.5443918721508	2916.771233678382
2916.8246752982886	0.49684156735429497	trials	210625SL	p60	Z11111	21	5.0	1.0	2916.9746752982887	2917.171516865643
2919.5765372100286	0.5168817269241117	trials	210625SL	p60	Z11111	52	6.0	3.0	2919.7265372100287	2919.9434189369526
2920.016860716111	0.49684156735429497	trials	210625SL	p60	Z11111	62	1.0	4.0	2920.166860716111	2920.363702283465
2920.4171439033717	0.49684156735429497	trials	210625SL	p60	Z11111	24	8.0	1.0	2920.5671439033717	2920.763985470726
2920.8474273295096	0.5368418858570294	trials	210625SL	p60	Z11111	7	6.0	0.0	2920.9974273295097	2921.2342692153666
2921.2877108352736	0.4968415673538402	trials	210625SL	p60	Z11111	47	1.0	3.0	2921.4377108352737	2921.6345524026274
2921.7179942614116	0.506881647298087	trials	210625SL	p60	Z11111	33	2.0	2.0	2921.8679942614117	2922.0748759087096
2922.1583177674934	0.49684156735429497	trials	210625SL	p60	Z11111	57	11.0	3.0	2922.3083177674935	2922.5051593348476
2926.2911106749166	0.5068816472985418	trials	210625SL	p60	Z11111	55	9.0	3.0	2926.4411106749167	2926.647992322215
2929.053012666601	0.5268418062314595	trials	210625SL	p60	Z11111	31	0.0	2.0	2929.203012666601	2929.429854472832
2929.483296092739	0.5268818065501364	trials	210625SL	p60	Z11111	41	10.0	2.0	2929.633296092739	2929.860177899289
2929.933619678447	0.4968415673538402	trials	210625SL	p60	Z11111	59	13.0	3.0	2930.083619678447	2930.280461245801
2930.333862865389	0.5368818861757063	trials	210625SL	p60	Z11111	2	1.0	0.0	2930.4838628653893	2930.720744751565
2930.784186451097	0.4968415673538402	trials	210625SL	p60	Z11111	71	10.0	4.0	2930.934186451097	2931.1310280184507
2931.1944697179833	0.5268418062314595	trials	210625SL	p60	Z11111	9	8.0	0.0	2931.3444697179834	2931.5713115242147
2931.6247531441218	0.4968415673538402	trials	210625SL	p60	Z11111	11	10.0	0.0	2931.774753144122	2931.9715947114755
2935.8576268484394	0.506881647298087	trials	210625SL	p60	Z11111	66	5.0	4.0	2936.0076268484395	2936.2145084957374
2936.2879502748956	0.49684156735429497	trials	210625SL	p60	Z11111	72	11.0	4.0	2936.4379502748957	2936.63479184225
2936.708233621408	0.4968415673538402	trials	210625SL	p60	Z11111	8	7.0	0.0	2936.858233621408	2937.0550751887617
2937.10847680835	0.4968415673538402	trials	210625SL	p60	Z11111	37	6.0	2.0	2937.25847680835	2937.455318375704
2937.508759995611	0.5368818861752516	trials	210625SL	p60	Z11111	18	2.0	1.0	2937.658759995611	2937.895641881786
2937.9590835813187	0.4968415673538402	trials	210625SL	p60	Z11111	50	4.0	3.0	2938.109083581319	2938.3059251486725
2938.369366848205	0.5268418062314595	trials	210625SL	p60	Z11111	0			2938.519366848205	2938.7462086544365
2943.152604934807	0.5268818065496816	trials	210625SL	p60	Z11111	27	11.0	1.0	2943.3026049348073	2943.529486741357
2943.582888360945	0.4968415673538402	trials	210625SL	p60	Z11111	69	8.0	4.0	2943.7328883609453	2943.929729928299
2943.9831715482055	0.5268818065501364	trials	210625SL	p60	Z11111	14	13.0	0.0	2944.1331715482056	2944.3600533547556
2944.4334951339138	0.4968415673538402	trials	210625SL	p60	Z11111	17	1.0	1.0	2944.583495133914	2944.7803367012675
2944.833738320856	0.5368818861757063	trials	210625SL	p60	Z11111	32	1.0	2.0	2944.983738320856	2945.2206202070315
2945.274061826938	0.49684156735429497	trials	210625SL	p60	Z11111	26	10.0	1.0	2945.424061826938	2945.6209033942923
2945.704345253076	0.49684156735429497	trials	210625SL	p60	Z11111	70	9.0	4.0	2945.854345253076	2946.0511868204303
2952.589040072558	0.5168417266054348	trials	210625SL	p60	Z11111	40	9.0	2.0	2952.739040072558	2952.9558817991633
2953.0293235783215	0.4968415673538402	trials	210625SL	p60	Z11111	12	11.0	0.0	2953.1793235783216	2953.3761651456753
2953.429606765582	0.5368818861757063	trials	210625SL	p60	Z11111	64	3.0	4.0	2953.579606765582	2953.8164886517575
2953.87993035129	0.5068416469798649	trials	210625SL	p60	Z11111	23	7.0	1.0	2954.02993035129	2954.23677199827
2954.290173617858	0.5268818065501364	trials	210625SL	p60	Z11111	42	11.0	2.0	2954.440173617858	2954.667055424408
2954.740497203566	0.4968415673538402	trials	210625SL	p60	Z11111	39	8.0	2.0	2954.890497203566	2955.08733877092
2955.170780629704	0.4968415673538402	trials	210625SL	p60	Z11111	0			2955.320780629704	2955.517622197058
2959.5938158481854	0.5268418062314595	trials	210625SL	p60	Z11111	19	3.0	1.0	2959.7438158481855	2959.9706576544168
2960.0340993539494	0.5068416469798649	trials	210625SL	p60	Z11111	0			2960.1840993539495	2960.390941000929
2960.4744228600316	0.4968415673538402	trials	210625SL	p60	Z11111	61	0.0	4.0	2960.6244228600317	2960.8212644273854
2960.8746660469737	0.5268818065496816	trials	210625SL	p60	Z11111	15	14.0	0.0	2961.024666046974	2961.2515478535233
2961.314989553056	0.5268418062314595	trials	210625SL	p60	Z11111	68	7.0	4.0	2961.464989553056	2961.6918313592873
2984.810976640191	0.5268818065501364	trials	210625SL	p60	Z11111	65	4.0	4.0	2984.960976640191	2985.187858446741
2985.261300225899	0.4968415673538402	trials	210625SL	p60	Z11111	10	9.0	0.0	2985.411300225899	2985.608141793253
3009.039235226372	0.5268418041978293	trials	210625SL	p60	Z11111	61	0.0	4.0	3009.189235226372	3009.41607703057
3009.4895188077253	0.4968415655894205	trials	210625SL	p60	Z11111	47	1.0	3.0	3009.6395188077254	3009.8363603733146
3009.8898019913977	0.5268818045160515	trials	210625SL	p60	Z11111	63	2.0	4.0	3010.039801991398	3010.2666837959137
3010.340125573069	0.4968415655894205	trials	210625SL	p60	Z11111	59	13.0	3.0	3010.4901255730692	3010.6869671386585
3010.7403687564233	0.5268818045160515	trials	210625SL	p60	Z11111	22	6.0	1.0	3010.8903687564234	3011.1172505609393
3011.1906923380943	0.49684156558987524	trials	210625SL	p60	Z11111	11	10.0	0.0	3011.3406923380944	3011.537533903684
3011.6309758399116	0.49688156590764265	trials	210625SL	p60	Z11111	66	5.0	4.0	3011.7809758399117	3011.977857405819
3015.6337276759996	0.5268418041978293	trials	210625SL	p60	Z11111	43	12.0	2.0	3015.7837276759997	3016.0105694801973
3016.074011177817	0.5068416451254052	trials	210625SL	p60	Z11111	26	10.0	1.0	3016.224011177817	3016.430852822942
3016.514334679952	0.4968415655894205	trials	210625SL	p60	Z11111	8	7.0	0.0	3016.664334679952	3016.861176245541
3016.9446181022327	0.4968415655894205	trials	210625SL	p60	Z11111	58	12.0	3.0	3017.0946181022327	3017.291459667822
3017.344901285905	0.5368418837342688	trials	210625SL	p60	Z11111	53	7.0	3.0	3017.494901285905	3017.7317431696392
3017.7951848672583	0.5068416451254052	trials	210625SL	p60	Z11111	0			3017.9451848672584	3018.1520265123836
3018.2054681304667	0.5268818045160515	trials	210625SL	p60	Z11111	31	0.0	2.0	3018.3554681304668	3018.5823499349826
3022.288260603162	0.5268418041978293	trials	210625SL	p60	Z11111	73	12.0	4.0	3022.4382606031622	3022.66510240736
3022.7285441049794	0.5068416451254052	trials	210625SL	p60	Z11111	49	3.0	3.0	3022.8785441049795	3023.0853857501047
3023.138827368188	0.5268818045160515	trials	210625SL	p60	Z11111	33	2.0	2.0	3023.288827368188	3023.5157091727037
3023.5891509498592	0.4968415655894205	trials	210625SL	p60	Z11111	10	9.0	0.0	3023.7391509498593	3023.9359925154486
3024.01943437214	0.4968415655894205	trials	210625SL	p60	Z11111	42	11.0	2.0	3024.16943437214	3024.3662759377294
3024.4197175558124	0.4968415655894205	trials	210625SL	p60	Z11111	19	3.0	1.0	3024.5697175558125	3024.7665591214018
3024.8600010576292	0.49684156558987524	trials	210625SL	p60	Z11111	74	13.0	4.0	3025.0100010576293	3025.206842623219
3030.03352220549	0.5068416451258599	trials	210625SL	p60	Z11111	25	9.0	1.0	3030.18352220549	3030.390363850616
3030.443805468699	0.4968415655894205	trials	210625SL	p60	Z11111	3	2.0	0.0	3030.593805468699	3030.790647034288
3030.8740888909797	0.5068816454436273	trials	210625SL	p60	Z11111	36	5.0	2.0	3031.02408889098	3031.2309705364232
3031.284372154188	0.5268818045160515	trials	210625SL	p60	Z11111	65	4.0	4.0	3031.434372154188	3031.661253958704
3031.7346957358595	0.4968415655894205	trials	210625SL	p60	Z11111	38	7.0	2.0	3031.8846957358596	3032.081537301449
3032.144978999068	0.5068416451258599	trials	210625SL	p60	Z11111	17	1.0	1.0	3032.294978999068	3032.5018206441937
3032.5552622622768	0.5268418041978293	trials	210625SL	p60	Z11111	50	4.0	3.0	3032.705262262277	3032.9321040664745
3041.6914549274447	0.5168817249800668	trials	210625SL	p60	Z11111	72	11.0	4.0	3041.841454927445	3042.0583366524247
3045.1638425452547	0.5268418041978293	trials	210625SL	p60	Z11111	9	8.0	0.0	3045.313842545255	3045.5406843494525
3045.6141261266075	0.4968415655894205	trials	210625SL	p60	Z11111	30	14.0	1.0	3045.7641261266076	3045.960967692197
3046.01440931028	0.5268818045160515	trials	210625SL	p60	Z11111	39	8.0	2.0	3046.16440931028	3046.391291114796
3046.4647328919514	0.4968415655894205	trials	210625SL	p60	Z11111	35	4.0	2.0	3046.6147328919515	3046.8115744575407
3046.8649760753055	0.5268818045160515	trials	210625SL	p60	Z11111	60	14.0	3.0	3047.0149760753056	3047.2418578798215
3047.315299656977	0.4968415655894205	trials	210625SL	p60	Z11111	27	11.0	1.0	3047.465299656977	3047.6621412225663
3047.7255829201854	0.5268418041978293	trials	210625SL	p60	Z11111	75	14.0	4.0	3047.8755829201855	3048.102424724383
3051.928456347951	0.5168417246618446	trials	210625SL	p60	Z11111	0			3052.078456347951	3052.2952980726127
3052.3687398497677	0.4968415655894205	trials	210625SL	p60	Z11111	45	14.0	2.0	3052.518739849768	3052.715581415357
3052.76902303344	0.4968415655894205	trials	210625SL	p60	Z11111	23	7.0	1.0	3052.91902303344	3053.1158645990295
3053.2093065352574	0.4968415655894205	trials	210625SL	p60	Z11111	48	2.0	3.0	3053.3593065352575	3053.5561481008467
3053.6396299578564	0.4968415655894205	trials	210625SL	p60	Z11111	51	5.0	3.0	3053.7896299578565	3053.9864715234457
3054.0398731412106	0.5368818840520362	trials	210625SL	p60	Z11111	32	1.0	2.0	3054.1898731412107	3054.4267550252625
3054.490196722882	0.4968415655894205	trials	210625SL	p60	Z11111	5	4.0	0.0	3054.640196722882	3054.8370382884714
3058.763110707718	0.5268418041978293	trials	210625SL	p60	Z11111	57	11.0	3.0	3058.9131107077183	3059.139952511916
3059.2133942890714	0.4968415655894205	trials	210625SL	p60	Z11111	44	13.0	2.0	3059.3633942890715	3059.5602358546607
3059.643677711352	0.49688156590764265	trials	210625SL	p60	Z11111	7	6.0	0.0	3059.7936777113523	3059.9905592772598
3060.0439608950246	0.5368818840520362	trials	210625SL	p60	Z11111	18	2.0	1.0	3060.1939608950247	3060.4308427790766
3060.4842843971596	0.49684156558987524	trials	210625SL	p60	Z11111	56	10.0	3.0	3060.6342843971597	3060.8311259627494
3060.8845275805143	0.4968415655894205	trials	210625SL	p60	Z11111	55	9.0	3.0	3061.0345275805144	3061.2313691461036
3061.3148510031133	0.5068416451254052	trials	210625SL	p60	Z11111	1	0.0	0.0	3061.4648510031134	3061.6716926482386
3065.4876841919518	0.5268418041978293	trials	210625SL	p60	Z11111	71	10.0	4.0	3065.637684191952	3065.8645259961495
3065.9179676142326	0.5268818045160515	trials	210625SL	p60	Z11111	0			3066.0679676142327	3066.2948494187485
3066.368291195904	0.4968415655894205	trials	210625SL	p60	Z11111	16	0.0	1.0	3066.518291195904	3066.7151327614934
3066.768534379258	0.5268818045160515	trials	210625SL	p60	Z11111	34	3.0	2.0	3066.9185343792583	3067.145416183774
3067.2188579609297	0.4968415655894205	trials	210625SL	p60	Z11111	62	1.0	4.0	3067.3688579609297	3067.565699526519
3067.629141224138	0.5268418041982841	trials	210625SL	p60	Z11111	40	9.0	2.0	3067.779141224138	3068.0059830283362
3068.0694247259553	0.5068816454436273	trials	210625SL	p60	Z11111	2	1.0	0.0	3068.2194247259554	3068.426306371399
3072.1422171191143	0.5268418041978293	trials	210625SL	p60	Z11111	70	9.0	4.0	3072.2922171191144	3072.519058923312
3072.5925007004676	0.4968415655894205	trials	210625SL	p60	Z11111	41	10.0	2.0	3072.7425007004676	3072.939342266057
3072.99278388414	0.5268818045160515	trials	210625SL	p60	Z11111	15	14.0	0.0	3073.14278388414	3073.369665688656
3073.4431074658114	0.4968415655894205	trials	210625SL	p60	Z11111	21	5.0	1.0	3073.5931074658115	3073.7899490314007
3073.873390888092	0.5068416451254052	trials	210625SL	p60	Z11111	0			3074.0233908880923	3074.2302325332175
3074.2836741513006	0.5268418041978293	trials	210625SL	p60	Z11111	69	8.0	4.0	3074.4336741513007	3074.6605159554983
3074.733957732654	0.49688156590764265	trials	210625SL	p60	Z11111	52	6.0	3.0	3074.883957732654	3075.0808392985614
3078.666669011671	0.5268418041978293	trials	210625SL	p60	Z11111	29	13.0	1.0	3078.816669011671	3079.0435108158686
3079.0969524339516	0.49684156558987524	trials	210625SL	p60	Z11111	14	13.0	0.0	3079.2469524339517	3079.4437939995414
3079.527235856233	0.4968415655894205	trials	210625SL	p60	Z11111	12	11.0	0.0	3079.677235856233	3079.874077421822
3079.9375191194413	0.5268818045160515	trials	210625SL	p60	Z11111	24	8.0	1.0	3080.0875191194414	3080.3144009239572
3080.367802541722	0.4968415655894205	trials	210625SL	p60	Z11111	67	6.0	4.0	3080.517802541722	3080.7146441073114
3080.7680857253945	0.5268818045160515	trials	210625SL	p60	Z11111	37	6.0	2.0	3080.9180857253946	3081.1449675299104
3081.2083692272117	0.4968415655894205	trials	210625SL	p60	Z11111	46	0.0	3.0	3081.358369227212	3081.555210792801
3085.271161540835	0.5268418041978293	trials	210625SL	p60	Z11111	54	8.0	3.0	3085.421161540835	3085.6480033450325
3085.7014449631156	0.4968415655894205	trials	210625SL	p60	Z11111	13	12.0	0.0	3085.8514449631157	3086.048286528705
3086.1317283853964	0.4968415655894205	trials	210625SL	p60	Z11111	28	12.0	1.0	3086.2817283853965	3086.4785699509857
3086.552011728141	0.4968415655894205	trials	210625SL	p60	Z11111	6	5.0	0.0	3086.7020117281413	3086.8988532937306
3086.9622949913496	0.4968415655894205	trials	210625SL	p60	Z11111	4	3.0	0.0	3087.1122949913497	3087.309136556939
3087.3925784136304	0.49688156590764265	trials	210625SL	p60	Z11111	68	7.0	4.0	3087.5425784136305	3087.739459979538
3087.792861597303	0.5268818045160515	trials	210625SL	p60	Z11111	64	3.0	4.0	3087.942861597303	3088.169743401819
3091.9656947861417	0.5068816454436273	trials	210625SL	p60	Z11111	20	4.0	1.0	3092.115694786142	3092.3225764315853
3092.3960182087408	0.4968415655894205	trials	210625SL	p60	Z11111	27	11.0	1.0	3092.546018208741	3092.74285977433
3092.796261392095	0.5268818045160515	trials	210625SL	p60	Z11111	36	5.0	2.0	3092.946261392095	3093.173143196611
3093.2465849737664	0.4968415655894205	trials	210625SL	p60	Z11111	3	2.0	0.0	3093.3965849737665	3093.5934265393557
3093.646868157439	0.4968415655894205	trials	210625SL	p60	Z11111	21	5.0	1.0	3093.796868157439	3093.993709723028
3094.0771515797196	0.5068416451258599	trials	210625SL	p60	Z11111	23	7.0	1.0	3094.2271515797197	3094.4339932248454
3094.4874348429285	0.4968415655894205	trials	210625SL	p60	Z11111	1	0.0	0.0	3094.6374348429285	3094.834276408518
3098.5501871562333	0.5268818045160515	trials	210625SL	p60	Z11111	0			3098.7001871562334	3098.9270689607492
3098.980470578514	0.49688156590764265	trials	210625SL	p60	Z11111	34	3.0	2.0	3099.130470578514	3099.3273521444216
3099.410794001113	0.5068416451254052	trials	210625SL	p60	Z11111	47	1.0	3.0	3099.560794001113	3099.7676356462384
3099.831077343858	0.4968415655894205	trials	210625SL	p60	Z11111	45	14.0	2.0	3099.981077343858	3100.1779189094473
3100.2413606070663	0.5268418041978293	trials	210625SL	p60	Z11111	10	9.0	0.0	3100.3913606070664	3100.618202411264
3100.671644029347	0.4968415655894205	trials	210625SL	p60	Z11111	29	13.0	1.0	3100.821644029347	3101.0184855949365
3101.101927451628	0.4968415655894205	trials	210625SL	p60	Z11111	17	1.0	1.0	3101.251927451628	3101.4487690172173
3103.653667747023	0.5068416451254052	trials	210625SL	p60	Z11111	38	7.0	2.0	3103.803667747023	3104.0105093921484
3104.083951169304	0.4968415655894205	trials	210625SL	p60	Z11111	42	11.0	2.0	3104.233951169304	3104.430792734893
3104.514274591903	0.4968415655894205	trials	210625SL	p60	Z11111	13	12.0	0.0	3104.664274591903	3104.8611161574922
3104.924517854793	0.5268818045160515	trials	210625SL	p60	Z11111	31	0.0	2.0	3105.074517854793	3105.301399659309
3105.3648413569285	0.5068416451254052	trials	210625SL	p60	Z11111	26	10.0	1.0	3105.5148413569286	3105.721683002054
3105.8051248587453	0.4968415655894205	trials	210625SL	p60	Z11111	16	0.0	1.0	3105.9551248587454	3106.1519664243347
3106.2054080424177	0.4968415655894205	trials	210625SL	p60	Z11111	8	7.0	0.0	3106.355408042418	3106.552249608007
3110.3282008332576	0.5268818045160515	trials	210625SL	p60	Z11111	40	9.0	2.0	3110.4782008332577	3110.7050826377736
3110.768524335393	0.4968415655894205	trials	210625SL	p60	Z11111	59	13.0	3.0	3110.918524335393	3111.1153659009824
3113.0500624817214	0.5268818045160515	trials	210625SL	p60	Z11111	20	4.0	1.0	3113.2000624817215	3113.4269442862374
3113.4803859043204	0.4968415655894205	trials	210625SL	p60	Z11111	69	8.0	4.0	3113.6303859043205	3113.8272274699098
3113.920669406137	0.4968415655894205	trials	210625SL	p60	Z11111	58	12.0	3.0	3114.0706694061373	3114.2675109717266
3114.3209525898096	0.49684156558987524	trials	210625SL	p60	Z11111	4	3.0	0.0	3114.4709525898097	3114.6677941553994
3114.751236012091	0.4968415655894205	trials	210625SL	p60	Z11111	28	12.0	1.0	3114.901236012091	3115.09807757768
3115.1515191957633	0.5068416451254052	trials	210625SL	p60	Z11111	57	11.0	3.0	3115.3015191957634	3115.5083608408886
3115.59180269758	0.4968415655894205	trials	210625SL	p60	Z11111	15	14.0	0.0	3115.74180269758	3115.9386442631694
3119.694595329348	0.5268818045160515	trials	210625SL	p60	Z11111	65	4.0	4.0	3119.844595329348	3120.071477133864
3120.1348788311648	0.49688156590764265	trials	210625SL	p60	Z11111	14	13.0	0.0	3120.284878831165	3120.4817603970723
3120.545162094373	0.5268818045160515	trials	210625SL	p60	Z11111	5	4.0	0.0	3120.6951620943732	3120.922043898889
3120.9954856760446	0.4968415655894205	trials	210625SL	p60	Z11111	44	13.0	2.0	3121.1454856760447	3121.342327241634
3121.4257690983254	0.4968415655894205	trials	210625SL	p60	Z11111	11	10.0	0.0	3121.5757690983255	3121.7726106639147
3121.826052281998	0.5268818045160515	trials	210625SL	p60	Z11111	51	5.0	3.0	3121.976052281998	3122.202934086514
3122.2763758636693	0.4968415655894205	trials	210625SL	p60	Z11111	24	8.0	1.0	3122.4263758636694	3122.6232174292586
3126.519249609579	0.5168417246613899	trials	210625SL	p60	Z11111	74	13.0	4.0	3126.6692496095793	3126.8860913342405
3126.959533111396	0.4968415655894205	trials	210625SL	p60	Z11111	63	2.0	4.0	3127.109533111396	3127.3063746769853
3127.369816374605	0.5268818045160515	trials	210625SL	p60	Z11111	32	1.0	2.0	3127.519816374605	3127.746698179121
3127.81013987674	0.5068416451254052	trials	210625SL	p60	Z11111	22	6.0	1.0	3127.96013987674	3128.166981521865
3128.2204231399483	0.5268418041978293	trials	210625SL	p60	Z11111	60	14.0	3.0	3128.3704231399483	3128.597264944146
3128.650706562229	0.49684156558987524	trials	210625SL	p60	Z11111	70	9.0	4.0	3128.800706562229	3128.997548127819
3129.0809899845103	0.5068416451254052	trials	210625SL	p60	Z11111	75	14.0	4.0	3129.2309899845104	3129.4378316296356
3133.143742297815	0.5168817249800668	trials	210625SL	p60	Z11111	39	8.0	2.0	3133.2937422978152	3133.510624022795
3133.58406579995	0.4968415655894205	trials	210625SL	p60	Z11111	12	11.0	0.0	3133.7340657999503	3133.9309073655395
3133.9843089833043	0.49688156590764265	trials	210625SL	p60	Z11111	62	1.0	4.0	3134.1343089833044	3134.331190549212
3134.42463248544	0.4968415655894205	trials	210625SL	p60	Z11111	49	3.0	3.0	3134.57463248544	3134.771474051029
3134.824915669112	0.5268418041978293	trials	210625SL	p60	Z11111	55	9.0	3.0	3134.9749156691123	3135.20175747331
3135.255199091393	0.4968415655894205	trials	210625SL	p60	Z11111	0			3135.405199091393	3135.6020406569824
3137.6568181927914	0.5268818045160515	trials	210625SL	p60	Z11111	35	4.0	2.0	3137.8068181927915	3138.0336999973074
3138.0971416949264	0.5368818840520362	trials	210625SL	p60	Z11111	18	2.0	1.0	3138.2471416949265	3138.4840235789784
3138.5474252762797	0.5068816454436273	trials	210625SL	p60	Z11111	2	1.0	0.0	3138.69742527628	3138.904306921723
3138.9877487784147	0.4968415655894205	trials	210625SL	p60	Z11111	33	2.0	2.0	3139.137748778415	3139.334590344004
3139.387991961769	0.5268818045160515	trials	210625SL	p60	Z11111	30	14.0	1.0	3139.537991961769	3139.764873766285
3139.8383155434403	0.4968415655894205	trials	210625SL	p60	Z11111	54	8.0	3.0	3139.9883155434404	3140.1851571090297
3140.2385987271127	0.5368818840520362	trials	210625SL	p60	Z11111	25	9.0	1.0	3140.388598727113	3140.6254806111647
3144.6615939056273	0.5268818045160515	trials	210625SL	p60	Z11111	68	7.0	4.0	3144.8115939056274	3145.0384757101433
3145.111917487299	0.4968415655894205	trials	210625SL	p60	Z11111	52	6.0	3.0	3145.261917487299	3145.458759052888
3145.5422009095796	0.4968415655894205	trials	210625SL	p60	Z11111	53	7.0	3.0	3145.6922009095797	3145.889042475169
3145.942484093252	0.5368818840520362	trials	210625SL	p60	Z11111	43	12.0	2.0	3146.092484093252	3146.329365977304
3146.3927676746052	0.4968415655894205	trials	210625SL	p60	Z11111	0			3146.5427676746053	3146.7396092401946
3146.8030509378136	0.5268818045160515	trials	210625SL	p60	Z11111	9	8.0	0.0	3146.9530509378137	3147.1799327423296
3147.253374519485	0.4968415655894205	trials	210625SL	p60	Z11111	19	3.0	1.0	3147.403374519485	3147.6002160850744
3151.2160460367922	0.5268818045160515	trials	210625SL	p60	Z11111	61	0.0	4.0	3151.3660460367923	3151.592927841308
3151.6763696979997	0.5068816454440821	trials	210625SL	p60	Z11111	6	5.0	0.0	3151.826369698	3152.0332513434437
3152.116693200135	0.4968415655894205	trials	210625SL	p60	Z11111	7	6.0	0.0	3152.2666932001353	3152.4635347657245
3152.5169363834893	0.5268818045160515	trials	210625SL	p60	Z11111	73	12.0	4.0	3152.6669363834894	3152.8938181880053
3152.9472598060884	0.5068416451254052	trials	210625SL	p60	Z11111	72	11.0	4.0	3153.0972598060885	3153.3041014512137
3153.387543307905	0.4968415655894205	trials	210625SL	p60	Z11111	56	10.0	3.0	3153.5375433079053	3153.7343848734945
3153.7878264915776	0.4968415655894205	trials	210625SL	p60	Z11111	0			3153.9378264915777	3154.134668057167
3157.920619361954	0.516881724979612	trials	210625SL	p60	Z11111	67	6.0	4.0	3158.070619361954	3158.2875010869334
3158.350942784553	0.4968415655894205	trials	210625SL	p60	Z11111	50	4.0	3.0	3158.500942784553	3158.6977843501422
3158.761186047443	0.5268818045160515	trials	210625SL	p60	Z11111	41	10.0	2.0	3158.911186047443	3159.138067851959
3159.2115096291145	0.4968415655894205	trials	210625SL	p60	Z11111	71	10.0	4.0	3159.3615096291146	3159.558351194704
3159.611792812787	0.5268418041978293	trials	210625SL	p60	Z11111	64	3.0	4.0	3159.761792812787	3159.9886346169847
3160.06207639414	0.4968415655894205	trials	210625SL	p60	Z11111	37	6.0	2.0	3160.2120763941402	3160.4089179597295
3160.4623595778125	0.5268818045160515	trials	210625SL	p60	Z11111	66	5.0	4.0	3160.6123595778126	3160.8392413823285
3164.56515220958	0.5068416451258599	trials	210625SL	p60	Z11111	46	0.0	3.0	3164.71515220958	3164.9219938547058
3164.995475632179	0.4968415655894205	trials	210625SL	p60	Z11111	48	2.0	3.0	3165.145475632179	3165.3423171977684
3165.42575905446	0.49684156558987524	trials	210625SL	p60	Z11111	42	11.0	2.0	3165.57575905446	3165.7726006200496
3165.8360423176687	0.4968415655894205	trials	210625SL	p60	Z11111	23	7.0	1.0	3165.9860423176688	3166.182883883258
3166.2663257399495	0.4968415655894205	trials	210625SL	p60	Z11111	26	10.0	1.0	3166.4163257399496	3166.613167305539
3166.666608923622	0.5268418041978293	trials	210625SL	p60	Z11111	68	7.0	4.0	3166.816608923622	3167.0434507278196
3167.116892504975	0.4968415655894205	trials	210625SL	p60	Z11111	51	5.0	3.0	3167.266892504975	3167.4637340705644
3171.2697255347416	0.5268818045160515	trials	210625SL	p60	Z11111	57	11.0	3.0	3171.4197255347417	3171.6466073392576
3171.7200491164126	0.49684156558987524	trials	210625SL	p60	Z11111	1	0.0	0.0	3171.8700491164127	3172.0668906820024
3172.1202922997672	0.4968415655894205	trials	210625SL	p60	Z11111	69	8.0	4.0	3172.2702922997673	3172.4671338653566
3172.5506157223663	0.4968415655894205	trials	210625SL	p60	Z11111	60	14.0	3.0	3172.7006157223664	3172.8974572879556
3172.9608589852564	0.5268818045160515	trials	210625SL	p60	Z11111	10	9.0	0.0	3173.1108589852565	3173.3377407897724
3173.3911824078555	0.4968415655894205	trials	210625SL	p60	Z11111	12	11.0	0.0	3173.5411824078556	3173.738023973445
3173.8214658301363	0.4968415655894205	trials	210625SL	p60	Z11111	52	6.0	3.0	3173.9714658301364	3174.1683073957256
3180.335917643157	0.5068416451254052	trials	210625SL	p60	Z11111	71	10.0	4.0	3180.485917643157	3180.692759288282
3180.7662010654376	0.4968415655894205	trials	210625SL	p60	Z11111	36	5.0	2.0	3180.9162010654377	3181.113042631027
3184.969074493203	0.5268418041978293	trials	210625SL	p60	Z11111	74	13.0	4.0	3185.1190744932032	3185.345916297401
3185.40935799502	0.5068416451258599	trials	210625SL	p60	Z11111	0			3185.55935799502	3185.7661996401457
3185.819641258229	0.5268418041978293	trials	210625SL	p60	Z11111	20	4.0	1.0	3185.969641258229	3186.1964830624265
3186.2699248395816	0.49688156590764265	trials	210625SL	p60	Z11111	34	3.0	2.0	3186.4199248395817	3186.616806405489
3186.670208023254	0.4968415655894205	trials	210625SL	p60	Z11111	29	13.0	1.0	3186.820208023254	3187.0170495888433
3187.1004914455348	0.5068816454440821	trials	210625SL	p60	Z11111	15	14.0	0.0	3187.250491445535	3187.4573730909788
3187.5107747087436	0.5268818045160515	trials	210625SL	p60	Z11111	19	3.0	1.0	3187.6607747087437	3187.8876565132596
3191.6436075794377	0.5068416451258599	trials	210625SL	p60	Z11111	0			3191.793607579438	3192.0004492245635
3192.0738910017185	0.4968415655894205	trials	210625SL	p60	Z11111	25	9.0	1.0	3192.2238910017186	3192.420732567308
3192.474174185391	0.49684156558987524	trials	210625SL	p60	Z11111	38	7.0	2.0	3192.624174185391	3192.8210157509807
3192.904457607672	0.4968415655894205	trials	210625SL	p60	Z11111	13	12.0	0.0	3193.0544576076722	3193.2512991732615
3193.3147408708805	0.4968415655894205	trials	210625SL	p60	Z11111	73	12.0	4.0	3193.4647408708806	3193.66158243647
3193.715024054553	0.5268418041978293	trials	210625SL	p60	Z11111	65	4.0	4.0	3193.865024054553	3194.0918658587507
3194.165307635906	0.4968415655894205	trials	210625SL	p60	Z11111	2	1.0	0.0	3194.3153076359063	3194.5121492014955
3198.2681002676736	0.5268818045160515	trials	210625SL	p60	Z11111	0			3198.4181002676737	3198.6449820721896
3198.708423769809	0.5068416451254052	trials	210625SL	p60	Z11111	46	0.0	3.0	3198.858423769809	3199.0652654149344
3199.1187070330175	0.5268418041978293	trials	210625SL	p60	Z11111	5	4.0	0.0	3199.2687070330176	3199.495548837215
3199.5589905348347	0.5068416451254052	trials	210625SL	p60	Z11111	70	9.0	4.0	3199.708990534835	3199.91583217996
3199.969273798043	0.4968415655894205	trials	210625SL	p60	Z11111	55	9.0	3.0	3200.119273798043	3200.3161153636324
3200.399557220324	0.4968415655894205	trials	210625SL	p60	Z11111	9	8.0	0.0	3200.549557220324	3200.7463987859132
3200.7998404039963	0.5368818840520362	trials	210625SL	p60	Z11111	14	13.0	0.0	3200.9498404039964	3201.1867222880483
3209.255587657208	0.5068816454436273	trials	210625SL	p60	Z11111	24	8.0	1.0	3209.405587657208	3209.6124693026513
3209.6858710794886	0.49688156590764265	trials	210625SL	p60	Z11111	7	6.0	0.0	3209.8358710794887	3210.032752645396
3213.0481778217645	0.5268818045160515	trials	210625SL	p60	Z11111	72	11.0	4.0	3213.1981778217646	3213.4250596262805
3213.498501403436	0.4968415655894205	trials	210625SL	p60	Z11111	6	5.0	0.0	3213.648501403436	3213.8453429690253
3213.8987845871084	0.5268418041978293	trials	210625SL	p60	Z11111	37	6.0	2.0	3214.0487845871085	3214.275626391306
3214.349068168461	0.4968415655894205	trials	210625SL	p60	Z11111	35	4.0	2.0	3214.4990681684612	3214.6959097340505
3214.7493513521335	0.49684156558987524	trials	210625SL	p60	Z11111	33	2.0	2.0	3214.8993513521336	3215.0961929177233
3217.3611321250637	0.5268418041978293	trials	210625SL	p60	Z11111	48	2.0	3.0	3217.511132125064	3217.7379739292614
3217.811415706417	0.4968415655894205	trials	210625SL	p60	Z11111	61	0.0	4.0	3217.961415706417	3218.1582572720063
3218.2116988900893	0.5268818045160515	trials	210625SL	p60	Z11111	54	8.0	3.0	3218.3616988900894	3218.5885806946053
3218.6620224717603	0.4968415655894205	trials	210625SL	p60	Z11111	31	0.0	2.0	3218.8120224717604	3219.0088640373497
3219.072305734969	0.5268418041978293	trials	210625SL	p60	Z11111	58	12.0	3.0	3219.2223057349693	3219.449147539167
3219.512589236786	0.5068416451254052	trials	210625SL	p60	Z11111	75	14.0	4.0	3219.662589236786	3219.8694308819113
3219.9228724999944	0.5268418041982841	trials	210625SL	p60	Z11111	50	4.0	3.0	3220.0728724999944	3220.2997143041925
3223.9856248132996	0.5268818045160515	trials	210625SL	p60	Z11111	47	1.0	3.0	3224.1356248132997	3224.3625066178156
3224.4159082355804	0.4968415655894205	trials	210625SL	p60	Z11111	8	7.0	0.0	3224.5659082355805	3224.76274980117
3224.8562317377155	0.4968415655894205	trials	210625SL	p60	Z11111	21	5.0	1.0	3225.0062317377156	3225.203073303305
3225.256514921388	0.5268418041978293	trials	210625SL	p60	Z11111	18	2.0	1.0	3225.406514921388	3225.6333567255856
3235.073192998831	0.5068416451258599	trials	210625SL	p60	Z11111	4	3.0	0.0	3235.223192998831	3235.430034643957
3235.503476421112	0.49684156558987524	trials	210625SL	p60	Z11111	67	6.0	4.0	3235.653476421112	3235.8503179867016
3235.9137596843207	0.5268418041978293	trials	210625SL	p60	Z11111	40	9.0	2.0	3236.0637596843208	3236.2906014885184
3236.3440431066015	0.5268818045160515	trials	210625SL	p60	Z11111	39	8.0	2.0	3236.4940431066016	3236.7209249111174
3236.794366688273	0.4968415655894205	trials	210625SL	p60	Z11111	30	14.0	1.0	3236.944366688273	3237.1412082538623
3237.194609871627	0.5268818045160515	trials	210625SL	p60	Z11111	45	14.0	2.0	3237.344609871627	3237.571491676143
3237.644933453298	0.49684156558987524	trials	210625SL	p60	Z11111	32	1.0	2.0	3237.794933453298	3237.991775018888
3241.5876048115333	0.5168817249800668	trials	210625SL	p60	Z11111	22	6.0	1.0	3241.7376048115334	3241.9544865365133
3242.0179282341323	0.4968415655894205	trials	210625SL	p60	Z11111	16	0.0	1.0	3242.1679282341324	3242.3647697997217
3242.448211656413	0.4968415655894205	trials	210625SL	p60	Z11111	63	2.0	4.0	3242.5982116564132	3242.7950532220025
3245.4802757720877	0.5268418041978293	trials	210625SL	p60	Z11111	44	13.0	2.0	3245.6302757720878	3245.8571175762854
3245.920559273905	0.5068816454436273	trials	210625SL	p60	Z11111	64	3.0	4.0	3246.070559273905	3246.2774409193485
3246.3308425371133	0.4968415655894205	trials	210625SL	p60	Z11111	53	7.0	3.0	3246.4808425371134	3246.6776841027026
3246.761125959394	0.49688156590764265	trials	210625SL	p60	Z11111	56	10.0	3.0	3246.911125959394	3247.1080075253017
3247.1614091430665	0.5268818045160515	trials	210625SL	p60	Z11111	0			3247.3114091430666	3247.5382909475825
3247.6017326452015	0.49684156558987524	trials	210625SL	p60	Z11111	66	5.0	4.0	3247.7517326452016	3247.9485742107913
3248.032016067483	0.4968415655894205	trials	210625SL	p60	Z11111	49	3.0	3.0	3248.182016067483	3248.378857633072
3252.485051484924	0.5068416451254052	trials	210625SL	p60	Z11111	62	1.0	4.0	3252.635051484924	3252.8418931300494
3252.915334907205	0.5268818045160515	trials	210625SL	p60	Z11111	17	1.0	1.0	3253.065334907205	3253.292216711721
3253.3556184090216	0.5268818045160515	trials	210625SL	p60	Z11111	28	12.0	1.0	3253.5056184090217	3253.7325002135376
3253.805941990693	0.4968415655894205	trials	210625SL	p60	Z11111	43	12.0	2.0	3253.955941990693	3254.1527835562824
3254.236225412974	0.4968415655894205	trials	210625SL	p60	Z11111	27	11.0	1.0	3254.386225412974	3254.5830669785632
3254.6465086761823	0.5268818045160515	trials	210625SL	p60	Z11111	11	10.0	0.0	3254.7965086761824	3255.0233904806983
3255.0868321783178	0.5068416451254052	trials	210625SL	p60	Z11111	41	10.0	2.0	3255.236832178318	3255.443673823443
3259.4297867202254	0.5268418041978293	trials	210625SL	p60	Z11111	59	13.0	3.0	3259.5797867202255	3259.806628524423
3259.870070222042	0.4968415655894205	trials	210625SL	p60	Z11111	3	2.0	0.0	3260.0200702220422	3260.2169117876315
3260.290353564787	0.4968415655894205	trials	210625SL	p60	Z11111	56	10.0	3.0	3260.440353564787	3260.6371951303763
3260.6906367484594	0.5368818840520362	trials	210625SL	p60	Z11111	69	8.0	4.0	3260.8406367484595	3261.0775186325113
3261.130920250276	0.5268818045160515	trials	210625SL	p60	Z11111	65	4.0	4.0	3261.2809202502763	3261.507802054792
3261.5812438319476	0.4968415655894205	trials	210625SL	p60	Z11111	39	8.0	2.0	3261.7312438319477	3261.928085397537
3261.98152701562	0.4968415655894205	trials	210625SL	p60	Z11111	9	8.0	0.0	3262.13152701562	3262.3283685812094
3266.1243199655323	0.4968415655894205	trials	210625SL	p60	Z11111	21	5.0	1.0	3266.2743199655324	3266.4711615311217
3266.544603308277	0.4968415655894205	trials	210625SL	p60	Z11111	16	0.0	1.0	3266.6946033082772	3266.8914448738665
3266.9448864919495	0.4968415655894205	trials	210625SL	p60	Z11111	57	11.0	3.0	3267.0948864919496	3267.291728057539
3267.355169755158	0.5268818045160515	trials	210625SL	p60	Z11111	36	5.0	2.0	3267.505169755158	3267.732051559674
3267.8054933368294	0.4968415655894205	trials	210625SL	p60	Z11111	19	3.0	1.0	3267.9554933368295	3268.1523349024187
3268.23577675911	0.4968415655894205	trials	210625SL	p60	Z11111	30	14.0	1.0	3268.3857767591103	3268.5826183246995
3268.6360199424644	0.49688156590764265	trials	210625SL	p60	Z11111	75	14.0	4.0	3268.7860199424645	3268.982901508372
3272.778852892695	0.5068816454436273	trials	210625SL	p60	Z11111	41	10.0	2.0	3272.928852892695	3273.1357345381384
3273.1991362354397	0.5068816454436273	trials	210625SL	p60	Z11111	18	2.0	1.0	3273.34913623544	3273.5560178808832
3273.609419498648	0.5268818045160515	trials	210625SL	p60	Z11111	64	3.0	4.0	3273.759419498648	3273.986301303164
3274.0597430803195	0.5268418041978293	trials	210625SL	p60	Z11111	49	3.0	3.0	3274.2097430803196	3274.4365848845173
3278.863021283434	0.5268418041978293	trials	210625SL	p60	Z11111	53	7.0	3.0	3279.013021283434	3279.239863087632
3279.3033047852514	0.5068416451254052	trials	210625SL	p60	Z11111	1	0.0	0.0	3279.4533047852515	3279.6601464303767
3279.7135880484598	0.5268818045160515	trials	210625SL	p60	Z11111	67	6.0	4.0	3279.86358804846	3280.0904698529757
3280.163871629813	0.49688156590764265	trials	210625SL	p60	Z11111	27	11.0	1.0	3280.313871629813	3280.5107531957206
3280.594195052412	0.4968415655894205	trials	210625SL	p60	Z11111	15	14.0	0.0	3280.744195052412	3280.9410366180014
3281.034478554229	0.4968415655894205	trials	210625SL	p60	Z11111	37	6.0	2.0	3281.184478554229	3281.381320119818
3281.434761737901	0.5268818045160515	trials	210625SL	p60	Z11111	72	11.0	4.0	3281.5847617379013	3281.811643542417
3289.7504278769707	0.5268418041978293	trials	210625SL	p60	Z11111	63	2.0	4.0	3289.9004278769708	3290.1272696811684
3290.1807112992515	0.4968415655894205	trials	210625SL	p60	Z11111	22	6.0	1.0	3290.3307112992516	3290.527552864841
3290.6109947215323	0.4968415655894205	trials	210625SL	p60	Z11111	48	2.0	3.0	3290.7609947215324	3290.9578362871216
3291.021277984741	0.4968415655894205	trials	210625SL	p60	Z11111	0			3291.171277984741	3291.3681195503304
3291.451561407022	0.49688156590764265	trials	210625SL	p60	Z11111	35	4.0	2.0	3291.601561407022	3291.7984429729295
3291.8518445906943	0.5268818045160515	trials	210625SL	p60	Z11111	2	1.0	0.0	3292.0018445906944	3292.2287263952103
3292.3021681723653	0.4968415655894205	trials	210625SL	p60	Z11111	60	14.0	3.0	3292.4521681723654	3292.6490097379547
3297.595770275296	0.5068416451254052	trials	210625SL	p60	Z11111	51	5.0	3.0	3297.7457702752963	3297.9526119204215
3298.026053697577	0.4968415655894205	trials	210625SL	p60	Z11111	43	12.0	2.0	3298.176053697577	3298.3728952631664
3298.456337119858	0.4968415655894205	trials	210625SL	p60	Z11111	44	13.0	2.0	3298.606337119858	3298.803178685447
3298.8766204626027	0.49688156590764265	trials	210625SL	p60	Z11111	20	4.0	1.0	3299.0266204626028	3299.22350202851
3299.276903646275	0.5268818045160515	trials	210625SL	p60	Z11111	40	9.0	2.0	3299.426903646275	3299.653785450791
3299.7272272279465	0.4968415655894205	trials	210625SL	p60	Z11111	73	12.0	4.0	3299.8772272279466	3300.074068793536
3300.147510570691	0.4968415655894205	trials	210625SL	p60	Z11111	31	0.0	2.0	3300.297510570691	3300.49435213628
3304.3003436004574	0.5268418041982841	trials	210625SL	p60	Z11111	10	9.0	0.0	3304.4503436004575	3304.6771854046556
3304.730627022738	0.49684156558987524	trials	210625SL	p60	Z11111	62	1.0	4.0	3304.8806270227383	3305.077468588328
3305.130910206411	0.5268418041978293	trials	210625SL	p60	Z11111	66	5.0	4.0	3305.280910206411	3305.507752010609
3305.581193787764	0.4968415655894205	trials	210625SL	p60	Z11111	32	1.0	2.0	3305.731193787764	3305.928035353353
3305.981476971436	0.5368818840524909	trials	210625SL	p60	Z11111	68	7.0	4.0	3306.1314769714363	3306.3683588554886
3306.4217604732535	0.5268818045160515	trials	210625SL	p60	Z11111	42	11.0	2.0	3306.5717604732536	3306.7986422777694
3306.8720840549245	0.49684156558987524	trials	210625SL	p60	Z11111	0			3307.0220840549246	3307.2189256205143
3310.8447956520863	0.5068416451258599	trials	210625SL	p60	Z11111	28	12.0	1.0	3310.9947956520864	3311.201637297212
3311.265078994831	0.5068416451254052	trials	210625SL	p60	Z11111	8	7.0	0.0	3311.415078994831	3311.6219206399564
3311.6753622580395	0.5268418041978293	trials	210625SL	p60	Z11111	54	8.0	3.0	3311.8253622580396	3312.0522040622373
3312.1056456803203	0.4968415655894205	trials	210625SL	p60	Z11111	52	6.0	3.0	3312.2556456803204	3312.4524872459097
3312.535929102601	0.5068816454440821	trials	210625SL	p60	Z11111	13	12.0	0.0	3312.685929102601	3312.892810748045
3312.94621236581	0.5268818045160515	trials	210625SL	p60	Z11111	47	1.0	3.0	3313.09621236581	3313.323094170326
3313.396535947481	0.49684156558987524	trials	210625SL	p60	Z11111	70	9.0	4.0	3313.546535947481	3313.7433775130708
3317.629409613855	0.5268818045160515	trials	210625SL	p60	Z11111	38	7.0	2.0	3317.779409613855	3318.006291418371
3318.0797331955264	0.4968415655894205	trials	210625SL	p60	Z11111	50	4.0	3.0	3318.2297331955265	3318.4265747611157
3318.510016617807	0.4968415655894205	trials	210625SL	p60	Z11111	55	9.0	3.0	3318.6600166178073	3318.8568581833965
3318.940300040088	0.5068416451254052	trials	210625SL	p60	Z11111	3	2.0	0.0	3319.090300040088	3319.2971416852133
3319.380623542223	0.4968415655894205	trials	210625SL	p60	Z11111	17	1.0	1.0	3319.530623542223	3319.7274651078123
3319.780866725577	0.4968415655894205	trials	210625SL	p60	Z11111	74	13.0	4.0	3319.9308667255773	3320.1277082911665
3320.2111901481762	0.5068416451258599	trials	210625SL	p60	Z11111	45	14.0	2.0	3320.3611901481763	3320.568031793302
3327.9864519891125	0.5168817249800668	trials	210625SL	p60	Z11111	33	2.0	2.0	3328.1364519891126	3328.3533337140925
3328.426775491248	0.4968415655894205	trials	210625SL	p60	Z11111	58	12.0	3.0	3328.576775491248	3328.7736170568373
3328.8470588339924	0.49684156558987524	trials	210625SL	p60	Z11111	24	8.0	1.0	3328.9970588339925	3329.193900399582
3329.2473420176652	0.4968415655894205	trials	210625SL	p60	Z11111	61	0.0	4.0	3329.3973420176653	3329.5941835832546
3329.6475852010194	0.5368818840520362	trials	210625SL	p60	Z11111	0			3329.7975852010195	3330.0344670850714
3335.5916324772984	0.5268818045160515	trials	210625SL	p60	Z11111	6	5.0	0.0	3335.7416324772985	3335.9685142818144
3336.04195605897	0.4968415655894205	trials	210625SL	p60	Z11111	26	10.0	1.0	3336.19195605897	3336.388797624559
3336.4722394812507	0.4968415655894205	trials	210625SL	p60	Z11111	46	0.0	3.0	3336.6222394812507	3336.81908104684
3336.872522664923	0.5368818840520362	trials	210625SL	p60	Z11111	14	13.0	0.0	3337.022522664923	3337.259404548975
3337.31280616674	0.49684156558987524	trials	210625SL	p60	Z11111	12	11.0	0.0	3337.46280616674	3337.6596477323296
3337.743129589339	0.4968415655894205	trials	210625SL	p60	Z11111	0			3337.893129589339	3338.089971154928
3338.1533728522295	0.5268818045160515	trials	210625SL	p60	Z11111	25	9.0	1.0	3338.3033728522296	3338.5302546567455
3342.2662055638516	0.5268418041978293	trials	210625SL	p60	Z11111	11	10.0	0.0	3342.4162055638517	3342.6430473680493
3342.7164891452044	0.5268818045160515	trials	210625SL	p60	Z11111	7	6.0	0.0	3342.8664891452045	3343.0933709497203
3343.166812726876	0.4968415655894205	trials	210625SL	p60	Z11111	34	3.0	2.0	3343.316812726876	3343.513654292465
3343.577095990084	0.5068416451258599	trials	210625SL	p60	Z11111	29	13.0	1.0	3343.7270959900843	3343.93393763521
3343.987379253293	0.5268418041978293	trials	210625SL	p60	Z11111	59	13.0	3.0	3344.137379253293	3344.364221057491
3344.417662675574	0.4968415655894205	trials	210625SL	p60	Z11111	5	4.0	0.0	3344.567662675574	3344.764504241163
3344.8479460978547	0.5068416451258599	trials	210625SL	p60	Z11111	4	3.0	0.0	3344.9979460978548	3345.2047877429804
3348.9107384114777	0.5068416451258599	trials	210625SL	p60	Z11111	23	7.0	1.0	3349.060738411478	3349.2675800566035
3349.3309817539043	0.5068816454440821	trials	210625SL	p60	Z11111	71	10.0	4.0	3349.4809817539044	3349.6878633993483
3349.77130525604	0.4968415655894205	trials	210625SL	p60	Z11111	37	6.0	2.0	3349.92130525604	3350.118146821629
3350.171588439712	0.4968415655894205	trials	210625SL	p60	Z11111	26	10.0	1.0	3350.3215884397123	3350.5184300053015
3352.6532481777176	0.5268818045160515	trials	210625SL	p60	Z11111	68	7.0	4.0	3352.8032481777177	3353.0301299822336
3353.0935716798526	0.5068416451258599	trials	210625SL	p60	Z11111	17	1.0	1.0	3353.2435716798527	3353.4504133249784
3353.5038549430615	0.5268418041978293	trials	210625SL	p60	Z11111	63	2.0	4.0	3353.6538549430616	3353.880696747259
3353.9341383653423	0.4968415655894205	trials	210625SL	p60	Z11111	48	2.0	3.0	3354.0841383653424	3354.2809799309316
3354.3344215490147	0.5268418041978293	trials	210625SL	p60	Z11111	24	8.0	1.0	3354.4844215490148	3354.7112633532124
3354.784705130368	0.4968415655894205	trials	210625SL	p60	Z11111	10	9.0	0.0	3354.934705130368	3355.1315466959572
3355.1949883935763	0.5268818045160515	trials	210625SL	p60	Z11111	30	14.0	1.0	3355.3449883935764	3355.5718701980923
3361.5193186944557	0.5168417246618446	trials	210625SL	p60	Z11111	49	3.0	3.0	3361.669318694456	3361.8861604191175
3361.9596021962725	0.49684156558987524	trials	210625SL	p60	Z11111	5	4.0	0.0	3362.1096021962726	3362.3064437618623
3362.3698854594813	0.5268818045160515	trials	210625SL	p60	Z11111	4	3.0	0.0	3362.5198854594814	3362.7467672639973
3362.800168881762	0.4968415655894205	trials	210625SL	p60	Z11111	70	9.0	4.0	3362.9501688817622	3363.1470104473515
3363.230452304043	0.49688156590764265	trials	210625SL	p60	Z11111	36	5.0	2.0	3363.380452304043	3363.5773338699505
3363.6407355672513	0.5268818045160515	trials	210625SL	p60	Z11111	3	2.0	0.0	3363.7907355672514	3364.0176173717673
3364.081059069387	0.5068416451254052	trials	210625SL	p60	Z11111	38	7.0	2.0	3364.231059069387	3364.437900714512
3368.2738924172977	0.5068816454440821	trials	210625SL	p60	Z11111	16	0.0	1.0	3368.423892417298	3368.6307740627417
3368.6941757600425	0.5268818045160515	trials	210625SL	p60	Z11111	44	13.0	2.0	3368.8441757600426	3369.0710575645585
3369.15449942125	0.4968415655894205	trials	210625SL	p60	Z11111	28	12.0	1.0	3369.30449942125	3369.5013409868393
3369.5547826049224	0.5268818045160515	trials	210625SL	p60	Z11111	67	6.0	4.0	3369.7047826049225	3369.9316644094383
3370.005106186594	0.4968415655894205	trials	210625SL	p60	Z11111	0			3370.155106186594	3370.351947752183
3370.405349369948	0.5368818840520362	trials	210625SL	p60	Z11111	50	4.0	3.0	3370.555349369948	3370.792231254
3370.845672872083	0.5268418041978293	trials	210625SL	p60	Z11111	35	4.0	2.0	3370.995672872083	3371.2225146762808
3385.1553866851123	0.49688156590764265	trials	210625SL	p60	Z11111	58	12.0	3.0	3385.3053866851124	3385.50226825102
3385.575710028175	0.4968415655894205	trials	210625SL	p60	Z11111	61	0.0	4.0	3385.725710028175	3385.922551593764
3385.975953211529	0.5368818840524909	trials	210625SL	p60	Z11111	29	13.0	1.0	3386.125953211529	3386.3628350955814
3386.4262767932005	0.5068416451254052	trials	210625SL	p60	Z11111	39	8.0	2.0	3386.5762767932006	3386.783118438326
3386.836560056409	0.5268418041978293	trials	210625SL	p60	Z11111	19	3.0	1.0	3386.986560056409	3387.2134018606066
3387.286843637762	0.4968415655894205	trials	210625SL	p60	Z11111	46	0.0	3.0	3387.436843637762	3387.6336852033514
3387.6871268214345	0.5268818045160515	trials	210625SL	p60	Z11111	56	10.0	3.0	3387.8371268214346	3388.0640086259505
3391.839959851201	0.5068416451258599	trials	210625SL	p60	Z11111	55	9.0	3.0	3391.989959851201	3392.1968014963268
3392.270243273482	0.4968415655894205	trials	210625SL	p60	Z11111	34	3.0	2.0	3392.420243273482	3392.617084839071
3392.7005266957626	0.49684156558987524	trials	210625SL	p60	Z11111	7	6.0	0.0	3392.8505266957627	3393.0473682613524
3393.1108099589715	0.5268818045160515	trials	210625SL	p60	Z11111	62	1.0	4.0	3393.2608099589715	3393.4876917634874
3393.5511334611065	0.4968415655894205	trials	210625SL	p60	Z11111	20	4.0	1.0	3393.7011334611066	3393.897975026696
3393.9614167243153	0.5268418041978293	trials	210625SL	p60	Z11111	0			3394.1114167243154	3394.338258528513
3394.411700305668	0.49684156558987524	trials	210625SL	p60	Z11111	52	6.0	3.0	3394.561700305668	3394.758541871258
3399.124897792322	0.5268818045155967	trials	210625SL	p60	Z11111	73	12.0	4.0	3399.274897792322	3399.5017795968374
3399.575221373993	0.5268818045160515	trials	210625SL	p60	Z11111	0			3399.725221373993	3399.952103178509
3400.0255449556644	0.4968415655894205	trials	210625SL	p60	Z11111	1	0.0	0.0	3400.1755449556645	3400.3723865212537
3400.4358282188728	0.5268418041978293	trials	210625SL	p60	Z11111	12	11.0	0.0	3400.585828218873	3400.8126700230705
3400.8661116411536	0.4968415655894205	trials	210625SL	p60	Z11111	31	0.0	2.0	3401.0161116411537	3401.212953206743
3401.2963950634344	0.5368818840524909	trials	210625SL	p60	Z11111	9	8.0	0.0	3401.4463950634345	3401.683276947487
3401.7366785652516	0.49688156590764265	trials	210625SL	p60	Z11111	42	11.0	2.0	3401.8866785652517	3402.083560131159
3409.5620208045048	0.5268818045160515	trials	210625SL	p60	Z11111	43	12.0	2.0	3409.712020804505	3409.9389026090207
3410.012344386176	0.4968415655894205	trials	210625SL	p60	Z11111	60	14.0	3.0	3410.1623443861763	3410.3591859517655
3410.442627808457	0.4968415655894205	trials	210625SL	p60	Z11111	6	5.0	0.0	3410.592627808457	3410.7894693740463
3410.8529110716654	0.5268418041982841	trials	210625SL	p60	Z11111	18	2.0	1.0	3411.0029110716655	3411.2297528758636
3411.3031946530186	0.49688156590764265	trials	210625SL	p60	Z11111	74	13.0	4.0	3411.4531946530187	3411.650076218926
3411.703477836691	0.4968415655894205	trials	210625SL	p60	Z11111	23	7.0	1.0	3411.853477836691	3412.0503194022804
3412.1037610203634	0.5268818045160515	trials	210625SL	p60	Z11111	45	14.0	2.0	3412.2537610203635	3412.4806428248794
3416.2865942887383	0.5168817249800668	trials	210625SL	p60	Z11111	14	13.0	0.0	3416.4365942887384	3416.6534760137183
3416.7169177113374	0.4968415655894205	trials	210625SL	p60	Z11111	15	14.0	0.0	3416.8669177113375	3417.0637592769267
3417.117160894692	0.5368818840520362	trials	210625SL	p60	Z11111	69	8.0	4.0	3417.267160894692	3417.504042778744
3417.567484476363	0.5068416451258599	trials	210625SL	p60	Z11111	8	7.0	0.0	3417.717484476363	3417.924326121489
3417.977767739572	0.5268418041978293	trials	210625SL	p60	Z11111	71	10.0	4.0	3418.127767739572	3418.3546095437696
3418.4280513209246	0.4968415655894205	trials	210625SL	p60	Z11111	33	2.0	2.0	3418.5780513209247	3418.774892886514
3418.828334504597	0.5268818045160515	trials	210625SL	p60	Z11111	75	14.0	4.0	3418.978334504597	3419.205216309113
3422.9011268977565	0.5168417246618446	trials	210625SL	p60	Z11111	32	1.0	2.0	3423.0511268977566	3423.2679686224183
3423.3214102405013	0.536841883733814	trials	210625SL	p60	Z11111	54	8.0	3.0	3423.4714102405014	3423.708252124235
3423.771693821854	0.5068816454440821	trials	210625SL	p60	Z11111	0			3423.921693821854	3424.128575467298
3424.2120173239896	0.4968415655894205	trials	210625SL	p60	Z11111	66	5.0	4.0	3424.3620173239897	3424.558858889579
3424.6122605073438	0.5268818045160515	trials	210625SL	p60	Z11111	57	11.0	3.0	3424.762260507344	3424.9891423118597
3425.062584089015	0.5368818840520362	trials	210625SL	p60	Z11111	13	12.0	0.0	3425.2125840890153	3425.449465973067
3425.512907670686	0.5068416451258599	trials	210625SL	p60	Z11111	22	6.0	1.0	3425.6629076706863	3425.869749315812
3429.62570038199	0.5068416451254052	trials	210625SL	p60	Z11111	72	11.0	4.0	3429.77570038199	3429.9825420271154
3430.0359836451985	0.5268418041982841	trials	210625SL	p60	Z11111	21	5.0	1.0	3430.1859836451986	3430.4128254493967
3430.496267306088	0.4968415655894205	trials	210625SL	p60	Z11111	25	9.0	1.0	3430.6462673060882	3430.8431088716775
3430.9065505692965	0.5268818045160515	trials	210625SL	p60	Z11111	2	1.0	0.0	3431.0565505692966	3431.2834323738125
3431.356874150968	0.4968415655894205	trials	210625SL	p60	Z11111	51	5.0	3.0	3431.506874150968	3431.7037157165573
3431.7571573346404	0.5268418041978293	trials	210625SL	p60	Z11111	41	10.0	2.0	3431.9071573346405	3432.133999138838
3432.2074409159936	0.4968415655894205	trials	210625SL	p60	Z11111	65	4.0	4.0	3432.3574409159937	3432.554282481583
3436.3903141846863	0.5068416451258599	trials	210625SL	p60	Z11111	27	11.0	1.0	3436.5403141846864	3436.747155829812
3436.820597606967	0.49684156558987524	trials	210625SL	p60	Z11111	11	10.0	0.0	3436.970597606967	3437.167439172557
3437.22088079064	0.536841883733814	trials	210625SL	p60	Z11111	59	13.0	3.0	3437.37088079064	3437.6077226743737
3437.6711643719927	0.4968415655894205	trials	210625SL	p60	Z11111	40	9.0	2.0	3437.821164371993	3438.018005937582
3438.0814476352016	0.5268818045160515	trials	210625SL	p60	Z11111	47	1.0	3.0	3438.2314476352017	3438.4583294397175
3438.5117310574824	0.4968415655894205	trials	210625SL	p60	Z11111	64	3.0	4.0	3438.6617310574825	3438.8585726230717
3442.2142805058957	0.5068416451258599	trials	210625SL	p60	Z11111	53	7.0	3.0	3442.3642805058957	3442.5711221510214
3442.6445639281765	0.4968415655894205	trials	210625SL	p60	Z11111	0			3442.7945639281766	3442.991405493766
3443.044847111849	0.5268418041978293	trials	210625SL	p60	Z11111	16	0.0	1.0	3443.194847111849	3443.4216889160466
3443.495130693202	0.4968415655894205	trials	210625SL	p60	Z11111	44	13.0	2.0	3443.645130693202	3443.8419722587914
3443.8954138768745	0.4968415655894205	trials	210625SL	p60	Z11111	3	2.0	0.0	3444.0454138768746	3444.242255442464
3444.295697060547	0.5368418837342688	trials	210625SL	p60	Z11111	34	3.0	2.0	3444.445697060547	3444.682538944281
3444.735980562364	0.5268818045160515	trials	210625SL	p60	Z11111	59	13.0	3.0	3444.8859805623642	3445.11286236688
3450.039582744831	0.5068816454436273	trials	210625SL	p60	Z11111	69	8.0	4.0	3450.189582744831	3450.3964643902746
3450.4498660080394	0.5368818840524909	trials	210625SL	p60	Z11111	53	7.0	3.0	3450.5998660080395	3450.836747892092
3450.8901895101744	0.49684156558987524	trials	210625SL	p60	Z11111	10	9.0	0.0	3451.0401895101745	3451.237031075764
3451.3204729324557	0.4968415655894205	trials	210625SL	p60	Z11111	2	1.0	0.0	3451.470472932456	3451.667314498045
3451.720756116128	0.4968415655894205	trials	210625SL	p60	Z11111	26	10.0	1.0	3451.870756116128	3452.0675976817174
3452.161039617945	0.4968415655894205	trials	210625SL	p60	Z11111	20	4.0	1.0	3452.311039617945	3452.507881183534
3452.5913230402257	0.4968415655894205	trials	210625SL	p60	Z11111	70	9.0	4.0	3452.741323040226	3452.938164605815
3456.84423686599	0.5268418041978293	trials	210625SL	p60	Z11111	12	11.0	0.0	3456.99423686599	3457.2210786701876
3457.294520447343	0.4968415655894205	trials	210625SL	p60	Z11111	40	9.0	2.0	3457.444520447343	3457.6413620129324
3457.6948036310155	0.4968415655894205	trials	210625SL	p60	Z11111	8	7.0	0.0	3457.8448036310156	3458.041645196605
3466.3306723168316	0.5068816454436273	trials	210625SL	p60	Z11111	31	0.0	2.0	3466.4806723168317	3466.687553962275
3466.7609957394307	0.4968415655894205	trials	210625SL	p60	Z11111	41	10.0	2.0	3466.9109957394307	3467.10783730502
3467.1912791617115	0.5368818840520362	trials	210625SL	p60	Z11111	71	10.0	4.0	3467.3412791617116	3467.5781610457634
3467.641602743383	0.5068416451254052	trials	210625SL	p60	Z11111	15	14.0	0.0	3467.791602743383	3467.9984443885082
3468.051846006273	0.5268818045160515	trials	210625SL	p60	Z11111	74	13.0	4.0	3468.201846006273	3468.428727810789
3468.482169428872	0.49684156558987524	trials	210625SL	p60	Z11111	68	7.0	4.0	3468.632169428872	3468.829010994462
3470.833748132272	0.516881724979612	trials	210625SL	p60	Z11111	52	6.0	3.0	3470.983748132272	3471.2006298572514
3471.274071634407	0.4968415655894205	trials	210625SL	p60	Z11111	36	5.0	2.0	3471.424071634407	3471.6209131999963
3471.674314817761	0.5368818840524909	trials	210625SL	p60	Z11111	0			3471.824314817761	3472.0611967018135
3472.1246383994326	0.4968415655894205	trials	210625SL	p60	Z11111	62	1.0	4.0	3472.2746383994327	3472.471479965022
3472.534921662641	0.5268818045160515	trials	210625SL	p60	Z11111	32	1.0	2.0	3472.684921662641	3472.911803467157
3472.965205084922	0.4968415655894205	trials	210625SL	p60	Z11111	27	11.0	1.0	3473.1152050849223	3473.3120466505115
3473.3654882685946	0.5268418041978293	trials	210625SL	p60	Z11111	64	3.0	4.0	3473.5154882685947	3473.7423300727924
3477.9386046411055	0.5068416451258599	trials	210625SL	p60	Z11111	56	10.0	3.0	3478.0886046411056	3478.2954462862313
3478.3688880633867	0.5268818045155967	trials	210625SL	p60	Z11111	13	12.0	0.0	3478.518888063387	3478.7457698679023
3478.7991714856676	0.4968415655894205	trials	210625SL	p60	Z11111	19	3.0	1.0	3478.9491714856676	3479.146013051257
3479.2394949878026	0.4968415655894205	trials	210625SL	p60	Z11111	6	5.0	0.0	3479.3894949878027	3479.586336553392
3479.639778171475	0.5268418041978293	trials	210625SL	p60	Z11111	25	9.0	1.0	3479.789778171475	3480.0166199756727
3480.090061752828	0.4968415655894205	trials	210625SL	p60	Z11111	50	4.0	3.0	3480.2400617528283	3480.4369033184175
3480.5103450955726	0.49684156558987524	trials	210625SL	p60	Z11111	65	4.0	4.0	3480.6603450955727	3480.8571866611624
3488.32568725529	0.5068416451254052	trials	210625SL	p60	Z11111	48	2.0	3.0	3488.4756872552903	3488.6825289004155
3488.755970677571	0.4968415655894205	trials	210625SL	p60	Z11111	39	8.0	2.0	3488.905970677571	3489.1028122431603
3489.1562538612434	0.4968415655894205	trials	210625SL	p60	Z11111	49	3.0	3.0	3489.3062538612435	3489.5030954268327
3489.586537283524	0.4968415655894205	trials	210625SL	p60	Z11111	30	14.0	1.0	3489.7365372835243	3489.9333788491135
3489.9968205467326	0.5268418041978293	trials	210625SL	p60	Z11111	46	0.0	3.0	3490.1468205467327	3490.3736623509303
3490.43710404855	0.5068416451254052	trials	210625SL	p60	Z11111	57	11.0	3.0	3490.58710404855	3490.793945693675
3490.847387311758	0.5268818045160515	trials	210625SL	p60	Z11111	9	8.0	0.0	3490.9973873117583	3491.224269116274
3494.9802201824527	0.5268418041978293	trials	210625SL	p60	Z11111	22	6.0	1.0	3495.130220182453	3495.3570619866505
3495.4105036047335	0.4968415655894205	trials	210625SL	p60	Z11111	67	6.0	4.0	3495.5605036047336	3495.757345170323
3498.1623654918053	0.5168817249800668	trials	210625SL	p60	Z11111	17	1.0	1.0	3498.3123654918054	3498.5292472167853
3498.58264883455	0.5068816454436273	trials	210625SL	p60	Z11111	14	13.0	0.0	3498.73264883455	3498.9395304799937
3501.2244698464065	0.5068416451258599	trials	210625SL	p60	Z11111	33	2.0	2.0	3501.3744698464066	3501.5813114915322
3501.6447531891513	0.5068416451254052	trials	210625SL	p60	Z11111	38	7.0	2.0	3501.7947531891514	3502.0015948342766
3502.0550364523597	0.5268418041978293	trials	210625SL	p60	Z11111	7	6.0	0.0	3502.2050364523598	3502.4318782565574
3502.495319954177	0.5068416451254052	trials	210625SL	p60	Z11111	37	6.0	2.0	3502.645319954177	3502.8521615993022
3502.9056032173853	0.5268818045160515	trials	210625SL	p60	Z11111	51	5.0	3.0	3503.0556032173854	3503.2824850219013
3503.3559267990568	0.4968415655894205	trials	210625SL	p60	Z11111	1	0.0	0.0	3503.505926799057	3503.702768364646
3503.7862102213376	0.4968415655894205	trials	210625SL	p60	Z11111	55	9.0	3.0	3503.9362102213377	3504.133051786927
3511.5915123012005	0.5068416451258599	trials	210625SL	p60	Z11111	4	3.0	0.0	3511.7415123012006	3511.9483539463263
3512.0117956439453	0.5068816454436273	trials	210625SL	p60	Z11111	60	14.0	3.0	3512.1617956439454	3512.368677289389
3512.4521191460803	0.4968415655894205	trials	210625SL	p60	Z11111	0			3512.6021191460804	3512.7989607116697
3512.8523623294345	0.5268818045160515	trials	210625SL	p60	Z11111	29	13.0	1.0	3513.0023623294346	3513.2292441339505
3513.302685911106	0.4968415655894205	trials	210625SL	p60	Z11111	54	8.0	3.0	3513.452685911106	3513.6495274766953
3513.742969412923	0.4968415655894205	trials	210625SL	p60	Z11111	21	5.0	1.0	3513.892969412923	3514.089810978512
3514.143252596595	0.5268818045160515	trials	210625SL	p60	Z11111	45	14.0	2.0	3514.2932525965953	3514.520134401111
3518.246045228363	0.5268818045160515	trials	210625SL	p60	Z11111	66	5.0	4.0	3518.396045228363	3518.622927032879
3518.676328650644	0.4968415655894205	trials	210625SL	p60	Z11111	23	7.0	1.0	3518.826328650644	3519.023170216233
3519.0766118343163	0.5268818045160515	trials	210625SL	p60	Z11111	73	12.0	4.0	3519.2266118343164	3519.4534936388322
3519.5269354159877	0.4968415655894205	trials	210625SL	p60	Z11111	61	0.0	4.0	3519.676935415988	3519.873776981577
3519.947218758732	0.49684156558987524	trials	210625SL	p60	Z11111	11	10.0	0.0	3520.097218758732	3520.294060324322
3520.3474619420867	0.5268818045155967	trials	210625SL	p60	Z11111	43	12.0	2.0	3520.497461942087	3520.7243437466022
3520.797785523758	0.4968415655894205	trials	210625SL	p60	Z11111	18	2.0	1.0	3520.9477855237583	3521.1446270893475
3530.3543015319888	0.5268818045160515	trials	210625SL	p60	Z11111	47	1.0	3.0	3530.504301531989	3530.7311833365047
3533.7166082742647	0.5268418041978293	trials	210625SL	p60	Z11111	28	12.0	1.0	3533.8666082742648	3534.0934500784624
3534.156891776082	0.5068416451254052	trials	210625SL	p60	Z11111	63	2.0	4.0	3534.306891776082	3534.5137334212072
3534.5971752778987	0.4968415655894205	trials	210625SL	p60	Z11111	58	12.0	3.0	3534.747175277899	3534.944016843488
3535.0274987004977	0.4968415655894205	trials	210625SL	p60	Z11111	42	11.0	2.0	3535.177498700498	3535.374340266087
3535.4377419633884	0.5268818045160515	trials	210625SL	p60	Z11111	5	4.0	0.0	3535.5877419633885	3535.8146237679043
3535.8780654655234	0.5068416451258599	trials	210625SL	p60	Z11111	24	8.0	1.0	3536.0280654655235	3536.234907110649
3536.31834896734	0.49684156558987524	trials	210625SL	p60	Z11111	75	14.0	4.0	3536.4683489673403	3536.66519053293
3540.541222554178	0.5068816454436273	trials	210625SL	p60	Z11111	35	4.0	2.0	3540.6912225541782	3540.8981041996217
3540.971545976777	0.4968415655894205	trials	210625SL	p60	Z11111	72	11.0	4.0	3541.1215459767773	3541.3183875423665
3541.401829399058	0.4968415655894205	trials	210625SL	p60	Z11111	0			3541.551829399058	3541.7486709646473
3551.6387908192455	0.5268818045165062	trials	210625SL	p60	Z11111	40	9.0	2.0	3551.7887908192456	3552.015672623762
3552.089114400917	0.4968415655894205	trials	210625SL	p60	Z11111	71	10.0	4.0	3552.239114400917	3552.4359559665063
3552.489357584271	0.49688156590764265	trials	210625SL	p60	Z11111	20	4.0	1.0	3552.6393575842712	3552.8362391501787
3552.8896407679435	0.5368818840524909	trials	210625SL	p60	Z11111	41	10.0	2.0	3553.0396407679436	3553.276522651996
3553.339964349615	0.4968415655894205	trials	210625SL	p60	Z11111	67	6.0	4.0	3553.489964349615	3553.6868059152043
3553.7502476128234	0.5268418041978293	trials	210625SL	p60	Z11111	38	7.0	2.0	3553.9002476128235	3554.127089417021
3563.7370470433357	0.5068416451254052	trials	210625SL	p60	Z11111	52	6.0	3.0	3563.8870470433358	3564.093888688461
3564.1673304656165	0.4968415655894205	trials	210625SL	p60	Z11111	36	5.0	2.0	3564.3173304656166	3564.514172031206
3564.5976138878973	0.4968415655894205	trials	210625SL	p60	Z11111	53	7.0	3.0	3564.7476138878974	3564.9444554534866
3564.9978970715697	0.5368818840520362	trials	210625SL	p60	Z11111	0			3565.14789707157	3565.3847789556216
3565.4482206532407	0.5368418837342688	trials	210625SL	p60	Z11111	37	6.0	2.0	3565.598220653241	3565.835062536975
3565.898504234594	0.5068416451258599	trials	210625SL	p60	Z11111	35	4.0	2.0	3566.048504234594	3566.2553458797197
3566.338827736729	0.5268418041982841	trials	210625SL	p60	Z11111	13	12.0	0.0	3566.488827736729	3566.715669540927
3570.641741960174	0.5268818045160515	trials	210625SL	p60	Z11111	42	11.0	2.0	3570.791741960174	3571.01862376469
3571.0720253824547	0.5268818045160515	trials	210625SL	p60	Z11111	51	5.0	3.0	3571.222025382455	3571.4489071869707
3571.522348964126	0.5268418041978293	trials	210625SL	p60	Z11111	70	9.0	4.0	3571.6723489641263	3571.899190768324
3571.962632465943	0.5268818045160515	trials	210625SL	p60	Z11111	17	1.0	1.0	3572.112632465943	3572.339514270459
3572.4229561271504	0.49684156558987524	trials	210625SL	p60	Z11111	73	12.0	4.0	3572.5729561271505	3572.76979769274
3572.8332393903593	0.4968415655894205	trials	210625SL	p60	Z11111	54	8.0	3.0	3572.9832393903594	3573.1800809559486
3573.2635228126396	0.49684156558987524	trials	210625SL	p60	Z11111	21	5.0	1.0	3573.4135228126397	3573.6103643782294
3578.1068013338995	0.5068816454436273	trials	210625SL	p60	Z11111	26	10.0	1.0	3578.2568013338996	3578.463682979343
3578.5270846766443	0.4968815659071879	trials	210625SL	p60	Z11111	30	14.0	1.0	3578.6770846766444	3578.8739662425514
3578.937407940171	0.5268418041978293	trials	210625SL	p60	Z11111	65	4.0	4.0	3579.087407940171	3579.3142497443687
3579.3676913624518	0.4968415655894205	trials	210625SL	p60	Z11111	34	3.0	2.0	3579.517691362452	3579.714532928041
3579.767934545806	0.5268818045160515	trials	210625SL	p60	Z11111	15	14.0	0.0	3579.917934545806	3580.144816350322
3580.2182581274774	0.4968415655894205	trials	210625SL	p60	Z11111	60	14.0	3.0	3580.3682581274775	3580.5650996930667
3580.61854131115	0.5368818840520362	trials	210625SL	p60	Z11111	24	8.0	1.0	3580.76854131115	3581.0054231952017
3584.7913744999883	0.5268818045160515	trials	210625SL	p60	Z11111	16	0.0	1.0	3584.9413744999883	3585.168256304504
3585.2416980816597	0.4968415655894205	trials	210625SL	p60	Z11111	72	11.0	4.0	3585.39169808166	3585.588539647249
3585.6719815039405	0.49684156558987524	trials	210625SL	p60	Z11111	8	7.0	0.0	3585.8219815039406	3586.0188230695303
3586.0722646876134	0.4968415655894205	trials	210625SL	p60	Z11111	45	14.0	2.0	3586.2222646876135	3586.4191062532027
3586.51254818943	0.5268818045160515	trials	210625SL	p60	Z11111	62	1.0	4.0	3586.6625481894303	3586.889429993946
3586.962871771101	0.49684156558987524	trials	210625SL	p60	Z11111	1	0.0	0.0	3587.1128717711013	3587.309713336691
3587.3931551933824	0.4968415655894205	trials	210625SL	p60	Z11111	68	7.0	4.0	3587.5431551933825	3587.7399967589718
3591.365866790544	0.5268418041978293	trials	210625SL	p60	Z11111	39	8.0	2.0	3591.515866790544	3591.7427085947415
3591.7961502128246	0.4968415655894205	trials	210625SL	p60	Z11111	31	0.0	2.0	3591.9461502128247	3592.142991778414
3592.196433396497	0.5268418041982841	trials	210625SL	p60	Z11111	25	9.0	1.0	3592.346433396497	3592.573275200695
3594.7281335325015	0.5268818045160515	trials	210625SL	p60	Z11111	46	0.0	3.0	3594.8781335325016	3595.1050153370174
3595.1684570346365	0.5068416451258599	trials	210625SL	p60	Z11111	18	2.0	1.0	3595.3184570346366	3595.5252986797623
3597.940319080781	0.516881724979612	trials	210625SL	p60	Z11111	75	14.0	4.0	3598.0903190807812	3598.3072008057607
3602.85367815943	0.5268818045160515	trials	210625SL	p60	Z11111	28	12.0	1.0	3603.00367815943	3603.230559963946
3619.1447677314304	0.5268818045160515	trials	210625SL	p60	Z11111	7	6.0	0.0	3619.2947677314305	3619.5216495359464
3622.8973175775245	0.4968415655894205	trials	210625SL	p60	Z11111	6	5.0	0.0	3623.0473175775246	3623.244159143114
3623.3176009202693	0.4968415655894205	trials	210625SL	p60	Z11111	59	13.0	3.0	3623.4676009202694	3623.6644424858587
3623.7178841039417	0.5068416451254052	trials	210625SL	p60	Z11111	2	1.0	0.0	3623.867884103942	3624.074725749067
3624.158167605759	0.49688156590764265	trials	210625SL	p60	Z11111	14	13.0	0.0	3624.308167605759	3624.5050491716665
3624.5584507894314	0.5268818045160515	trials	210625SL	p60	Z11111	63	2.0	4.0	3624.7084507894315	3624.9353325939474
3624.9887742120304	0.5068416451254052	trials	210625SL	p60	Z11111	69	8.0	4.0	3625.1387742120305	3625.3456158571557
3625.429057713847	0.4968415655894205	trials	210625SL	p60	Z11111	4	3.0	0.0	3625.5790577138473	3625.7758992794365
3629.8320527332894	0.5068416451258599	trials	210625SL	p60	Z11111	22	6.0	1.0	3629.9820527332895	3630.188894378415
3630.2623361555707	0.4968415655894205	trials	210625SL	p60	Z11111	10	9.0	0.0	3630.4123361555708	3630.60917772116
3630.662619339243	0.5268818045160515	trials	210625SL	p60	Z11111	50	4.0	3.0	3630.812619339243	3631.039501143759
3631.112942920914	0.4968415655894205	trials	210625SL	p60	Z11111	57	11.0	3.0	3631.262942920914	3631.4597844865034
3631.5131861042687	0.5268818045160515	trials	210625SL	p60	Z11111	9	8.0	0.0	3631.663186104269	3631.8900679087847
3631.9635096859397	0.4968415655894205	trials	210625SL	p60	Z11111	12	11.0	0.0	3632.11350968594	3632.310351251529
3632.3737929491485	0.5268418041978293	trials	210625SL	p60	Z11111	0			3632.5237929491486	3632.7506347533463
3636.4865856604524	0.5268818045160515	trials	210625SL	p60	Z11111	43	12.0	2.0	3636.6365856604525	3636.8634674649684
3636.9168690827332	0.5068416451254052	trials	210625SL	p60	Z11111	33	2.0	2.0	3637.0668690827333	3637.2737107278585
3637.347152505014	0.5068816454436273	trials	210625SL	p60	Z11111	64	3.0	4.0	3637.497152505014	3637.7040341504576
3637.787476007149	0.4968415655894205	trials	210625SL	p60	Z11111	5	4.0	0.0	3637.937476007149	3638.1343175727384
3638.1877591908215	0.5268418041978293	trials	210625SL	p60	Z11111	61	0.0	4.0	3638.3377591908215	3638.564600995019
3638.6280426926382	0.5268818045160515	trials	210625SL	p60	Z11111	3	2.0	0.0	3638.7780426926383	3639.004924497154
3639.0783662743097	0.4968415655894205	trials	210625SL	p60	Z11111	29	13.0	1.0	3639.22836627431	3639.425207839899
3644.5820900484537	0.5068416451258599	trials	210625SL	p60	Z11111	32	1.0	2.0	3644.7320900484538	3644.9389316935794
3645.0123734707345	0.5268818045160515	trials	210625SL	p60	Z11111	47	1.0	3.0	3645.1623734707346	3645.3892552752504
3645.462697052406	0.4968415655894205	trials	210625SL	p60	Z11111	66	5.0	4.0	3645.612697052406	3645.8095386179953
3645.8929804746867	0.5368818840520362	trials	210625SL	p60	Z11111	0			3646.042980474687	3646.2798623587387
3646.353304135894	0.4968415655894205	trials	210625SL	p60	Z11111	48	2.0	3.0	3646.5033041358943	3646.7001457014835
3646.783587558175	0.4968415655894205	trials	210625SL	p60	Z11111	23	7.0	1.0	3646.933587558175	3647.1304291237643
3647.1838707418474	0.4968415655894205	trials	210625SL	p60	Z11111	56	10.0	3.0	3647.3338707418475	3647.5307123074367
3652.08722974096	0.5268418041978293	trials	210625SL	p60	Z11111	49	3.0	3.0	3652.23722974096	3652.464071545158
3652.5375133223133	0.4968415655894205	trials	210625SL	p60	Z11111	19	3.0	1.0	3652.6875133223134	3652.8843548879026
3655.439496403382	0.5268818045155967	trials	210625SL	p60	Z11111	74	13.0	4.0	3655.589496403382	3655.8163782078973
3655.8797799051986	0.4968415655894205	trials	210625SL	p60	Z11111	55	9.0	3.0	3656.0297799051987	3656.226621470788
3656.2900631684074	0.5268818045160515	trials	210625SL	p60	Z11111	27	11.0	1.0	3656.4400631684075	3656.6669449729234
3656.7303866705424	0.5068416451254052	trials	210625SL	p60	Z11111	58	12.0	3.0	3656.8803866705425	3657.0872283156677
3663.515000632311	0.5068416451254052	trials	210625SL	p60	Z11111	44	13.0	2.0	3663.665000632311	3663.8718422774364
3663.9252838955194	0.4968415655894205	trials	210625SL	p60	Z11111	13	12.0	0.0	3664.0752838955195	3664.2721254611088
3681.1770211080798	0.5068416451258599	trials	210625SL	p60	Z11111	34	3.0	2.0	3681.32702110808	3681.5338627532055
3712.7885525319857	0.5068416451258599	trials	210625SL	p60	Z11111	18	2.0	1.0	3712.938552531986	3713.1453941771115
3715.2502521112374	0.5068416451254052	trials	210625SL	p60	Z11111	7	6.0	0.0	3715.4002521112375	3715.6070937563627
3733.522677441892	0.5068416451254052	trials	210625SL	p60	Z11111	68	7.0	4.0	3733.672677441892	3733.8795190870173
3733.9429607846364	0.5268818045160515	trials	210625SL	p60	Z11111	26	10.0	1.0	3734.0929607846365	3734.3198425891524
3734.393284366308	0.4968415655894205	trials	210625SL	p60	Z11111	11	10.0	0.0	3734.543284366308	3734.740125931897
3734.793527549662	0.49684156558987524	trials	210625SL	p60	Z11111	0			3734.943527549662	3735.140369115252
3735.223850972261	0.4968415655894205	trials	210625SL	p60	Z11111	29	13.0	1.0	3735.373850972261	3735.5706925378504
3735.6240941556157	0.5068816454436273	trials	210625SL	p60	Z11111	58	12.0	3.0	3735.774094155616	3735.9809758010592
3736.0644176577507	0.4968415655894205	trials	210625SL	p60	Z11111	71	10.0	4.0	3736.214417657751	3736.41125922334
3740.5974937117994	0.5268818045155967	trials	210625SL	p60	Z11111	10	9.0	0.0	3740.7474937117995	3740.974375516315
3741.0478172934704	0.4968415655894205	trials	210625SL	p60	Z11111	61	0.0	4.0	3741.1978172934705	3741.3946588590597
3741.4480604768246	0.5268818045160515	trials	210625SL	p60	Z11111	0			3741.5980604768247	3741.8249422813406
3741.8783838994236	0.5068416451258599	trials	210625SL	p60	Z11111	43	12.0	2.0	3742.0283838994237	3742.2352255445494
3742.318667401241	0.4968415655894205	trials	210625SL	p60	Z11111	28	12.0	1.0	3742.468667401241	3742.66550896683
3742.7189505849133	0.4968415655894205	trials	210625SL	p60	Z11111	66	5.0	4.0	3742.8689505849134	3743.0657921505026
3743.149234007194	0.4968415655894205	trials	210625SL	p60	Z11111	48	2.0	3.0	3743.299234007194	3743.4960755727834
