onset	duration	nwb_table	ses_ID	pen_ID	sub_ID	cond_ID	stim_ID	rotation	luminance	pdOnTS	pdOffTS
1479.1690022805753	0.5069600132690084	trials	210528SL	p38	Z11111	346	0.0	315.0	12	1479.3190022805754	1479.5259622938443
1479.5892823075208	0.49692001262519625	trials	210528SL	p38	Z11111	285	14.0	90.0	12	1479.7392823075209	1479.9362023201459
1480.0196023351098	0.49692001262519625	trials	210528SL	p38	Z11111	35	4.0	90.0	4	1480.1696023351099	1480.3665223477349
1480.4598823633373	0.4969200126254236	trials	210528SL	p38	Z11111	175	9.0	135.0	8	1480.6098823633374	1480.8068023759627
1480.890162390924	0.49692001262519625	trials	210528SL	p38	Z11111	303	2.0	180.0	12	1481.040162390924	1481.237082403549
1481.290442416587	0.5269600145513778	trials	210528SL	p38	Z11111	99	8.0	270.0	4	1481.440442416587	1481.6674024311383
1481.7307224448148	0.5269600145511504	trials	210528SL	p38	Z11111	0			0	1481.8807224448149	1482.1076824593658
1485.883522711063	0.5069600132690084	trials	210528SL	p38	Z11111	272	1.0	90.0	12	1486.0335227110631	1486.240482724332
1486.3238427392932	0.5269200145485229	trials	210528SL	p38	Z11111	34	3.0	90.0	4	1486.4738427392933	1486.7007627538417
1486.7641227675208	0.5269600145513778	trials	210528SL	p38	Z11111	13	12.0	0.0	4	1486.914122767521	1487.141082782072
1487.1944427951098	0.5269200145487503	trials	210528SL	p38	Z11111	292	6.0	135.0	12	1487.34444279511	1487.5713628096585
1487.6347228233376	0.5269200145487503	trials	210528SL	p38	Z11111	217	6.0	270.0	8	1487.7847228233377	1488.0116428378863
1488.065002850924	0.5269600145513778	trials	210528SL	p38	Z11111	310	9.0	180.0	12	1488.215002850924	1488.4419628654753
1488.4952828785106	0.5069200132663809	trials	210528SL	p38	Z11111	250	9.0	0.0	12	1488.6452828785107	1488.8522028917769
1492.4379631312875	0.5069200132663809	trials	210528SL	p38	Z11111	191	10.0	180.0	8	1492.5879631312876	1492.7948831445538
1492.8482431575917	0.5269200145487503	trials	210528SL	p38	Z11111	128	7.0	0.0	8	1492.9982431575918	1493.2251631721404
1493.3185631877452	0.5269200145487503	trials	210528SL	p38	Z11111	254	13.0	0.0	12	1493.4685631877453	1493.6954832022939
1493.7488432153318	0.5369200151899349	trials	210528SL	p38	Z11111	27	11.0	45.0	4	1493.898843215332	1494.1357632305217
1494.2191632454853	0.4969200126254236	trials	210528SL	p38	Z11111	206	10.0	225.0	8	1494.3691632454854	1494.5660832581107
1494.649443273072	0.5069200132663809	trials	210528SL	p38	Z11111	244	3.0	0.0	12	1494.799443273072	1495.0063632863382
1495.0897233012995	0.4969200126254236	trials	210528SL	p38	Z11111	162	11.0	90.0	8	1495.2397233012996	1495.4366433139248
1499.322603572682	0.5069200132663809	trials	210528SL	p38	Z11111	157	6.0	90.0	8	1499.4726035726821	1499.6795235859483
1499.7428435996248	0.5269600145511504	trials	210528SL	p38	Z11111	70	9.0	180.0	4	1499.892843599625	1500.119803614176
1500.1731636272139	0.5269200145487503	trials	210528SL	p38	Z11111	161	10.0	90.0	8	1500.323163627214	1500.5500836417625
1500.6134436554416	0.5269600145511504	trials	210528SL	p38	Z11111	296	10.0	135.0	12	1500.7634436554417	1500.9904036699927
1501.0437636830306	0.5269200145487503	trials	210528SL	p38	Z11111	307	6.0	180.0	12	1501.1937636830307	1501.4206836975793
1501.4740437106173	0.5069200132663809	trials	210528SL	p38	Z11111	165	14.0	90.0	8	1501.6240437106173	1501.8309637238835
1501.9143237388448	0.4969200126254236	trials	210528SL	p38	Z11111	221	10.0	270.0	8	1502.064323738845	1502.2612437514701
1505.8169639890546	0.5069200132663809	trials	210528SL	p38	Z11111	352	6.0	315.0	12	1505.9669639890546	1506.1738840023208
1506.2272440153588	0.5269200145487503	trials	210528SL	p38	Z11111	14	13.0	0.0	4	1506.3772440153589	1506.6041640299075
1508.8390041828065	0.5269200145487503	trials	210528SL	p38	Z11111	199	3.0	225.0	8	1508.9890041828066	1509.2159241973552
1509.279284211034	0.5269600145513778	trials	210528SL	p38	Z11111	302	1.0	180.0	12	1509.4292842110342	1509.6562442255854
1509.7095642386207	0.5269600145511504	trials	210528SL	p38	Z11111	7	6.0	0.0	4	1509.8595642386208	1510.0865242531718
1510.1398842662097	0.5269200145487503	trials	210528SL	p38	Z11111	39	8.0	90.0	4	1510.2898842662098	1510.5168042807584
1510.5801642944375	0.5269200145485229	trials	210528SL	p38	Z11111	231	5.0	315.0	8	1510.7301642944376	1510.957084308986
1511.010444322024	0.5269600145513778	trials	210528SL	p38	Z11111	210	14.0	225.0	8	1511.160444322024	1511.3874043365752
1511.450764350254	0.5269200145487503	trials	210528SL	p38	Z11111	52	6.0	135.0	4	1511.6007643502542	1511.8276843648027
1516.384084666544	0.5069200132663809	trials	210528SL	p38	Z11111	318	2.0	225.0	12	1516.534084666544	1516.7410046798102
1516.7943246928455	0.536960015192335	trials	210528SL	p38	Z11111	130	9.0	0.0	8	1516.9443246928456	1517.1812847080378
1517.2646847230017	0.49688001262279613	trials	210528SL	p38	Z11111	219	8.0	270.0	8	1517.4146847230018	1517.6115647356244
1517.7049647512295	0.49692001262519625	trials	210528SL	p38	Z11111	4	3.0	0.0	4	1517.8549647512295	1518.0518847638546
1518.1352447788158	0.5269600145513778	trials	210528SL	p38	Z11111	320	4.0	225.0	12	1518.285244778816	1518.5122047933671
1518.5755248070436	0.5269600145511504	trials	210528SL	p38	Z11111	133	12.0	0.0	8	1518.7255248070437	1518.9524848215947
1519.0058448346326	0.49692001262519625	trials	210528SL	p38	Z11111	87	11.0	225.0	4	1519.1558448346327	1519.3527648472577
1522.9384850867657	0.5069200132663809	trials	210528SL	p38	Z11111	127	6.0	0.0	8	1523.0884850867658	1523.295405100032
1523.3587651137111	0.5269200145487503	trials	210528SL	p38	Z11111	57	11.0	135.0	4	1523.5087651137112	1523.7356851282598
1523.7890451412977	0.5269600145511504	trials	210528SL	p38	Z11111	0			0	1523.9390451412978	1524.1660051558488
1524.219325168884	0.5069600132690084	trials	210528SL	p38	Z11111	20	4.0	45.0	4	1524.3693251688842	1524.576285182153
1524.6596451971145	0.49692001262519625	trials	210528SL	p38	Z11111	84	8.0	225.0	4	1524.8096451971146	1525.0065652097396
1525.089925224701	0.4969200126254236	trials	210528SL	p38	Z11111	224	13.0	270.0	8	1525.239925224701	1525.4368452373262
1525.530245252931	0.5269200145487503	trials	210528SL	p38	Z11111	140	4.0	45.0	8	1525.6802452529312	1525.9071652674797
1529.6029655140453	0.5069200132663809	trials	210528SL	p38	Z11111	329	13.0	225.0	12	1529.7529655140454	1529.9598855273116
1530.0432855422755	0.49688001262256876	trials	210528SL	p38	Z11111	264	8.0	45.0	12	1530.1932855422756	1530.390165554898
1530.483565570503	0.5269200145487503	trials	210528SL	p38	Z11111	195	14.0	180.0	8	1530.6335655705032	1530.8604855850517
1530.9138455980897	0.5269600145511504	trials	210528SL	p38	Z11111	349	3.0	315.0	12	1531.0638455980898	1531.2908056126407
1531.3541656263199	0.5269200145487503	trials	210528SL	p38	Z11111	252	11.0	0.0	12	1531.50416562632	1531.7310856408685
1531.8144456558298	0.536960015192335	trials	210528SL	p38	Z11111	279	8.0	90.0	12	1531.9644456558299	1532.201405671022
1532.25476568406	0.5269200145487503	trials	210528SL	p38	Z11111	154	3.0	90.0	8	1532.40476568406	1532.6316856986086
1536.4075659503083	0.5069200132663809	trials	210528SL	p38	Z11111	200	4.0	225.0	8	1536.5575659503083	1536.7644859635745
1536.8478459785358	0.536960015192335	trials	210528SL	p38	Z11111	338	7.0	270.0	12	1536.997845978536	1537.234805993728
1537.3181660086893	0.4969200126254236	trials	210528SL	p38	Z11111	169	3.0	135.0	8	1537.4681660086894	1537.6650860213147
1537.7184460343526	0.5369200151897076	trials	210528SL	p38	Z11111	360	14.0	315.0	12	1537.8684460343527	1538.1053660495422
1538.1587260625802	0.5269600145513778	trials	210528SL	p38	Z11111	8	7.0	0.0	4	1538.3087260625803	1538.5356860771315
1538.5890060901668	0.5269600145511504	trials	210528SL	p38	Z11111	348	2.0	315.0	12	1538.7390060901669	1538.9659661047178
1541.2107662582555	0.5069600132690084	trials	210528SL	p38	Z11111	108	2.0	315.0	4	1541.3607662582556	1541.5677262715244
1541.6210462845597	0.5269600145513778	trials	210528SL	p38	Z11111	359	13.0	315.0	12	1541.7710462845598	1541.998006299111
1542.0513263121463	0.5269600145511504	trials	210528SL	p38	Z11111	257	1.0	45.0	12	1542.2013263121464	1542.4282863266974
1548.4356467214639	0.5069200132663809	trials	210528SL	p38	Z11111	44	13.0	90.0	4	1548.585646721464	1548.7925667347301
1548.845926747768	0.5269200145487503	trials	210528SL	p38	Z11111	215	4.0	270.0	8	1548.9959267477682	1549.2228467623167
1549.2762067753547	0.5269600145511504	trials	210528SL	p38	Z11111	245	4.0	0.0	12	1549.4262067753548	1549.6531667899058
1549.7165268035849	0.5269200145487503	trials	210528SL	p38	Z11111	334	3.0	270.0	12	1549.866526803585	1550.0934468181335
1550.1468068311715	0.5269200145485229	trials	210528SL	p38	Z11111	116	10.0	315.0	4	1550.2968068311716	1550.52372684572
1550.587086859399	0.5269600145513778	trials	210528SL	p38	Z11111	323	7.0	225.0	12	1550.7370868593991	1550.9640468739503
1551.0173668869857	0.5269600145511504	trials	210528SL	p38	Z11111	69	8.0	180.0	4	1551.1673668869857	1551.3943269015367
1558.9126873931777	0.5069200132666083	trials	210528SL	p38	Z11111	297	11.0	135.0	12	1559.0626873931778	1559.2696074064443
1559.3329674201232	0.5269600145513778	trials	210528SL	p38	Z11111	107	1.0	315.0	4	1559.4829674201233	1559.7099274346745
1559.7632874477124	0.49692001262519625	trials	210528SL	p38	Z11111	41	10.0	90.0	4	1559.9132874477125	1560.1102074603375
1560.1635274733728	0.5269600145513778	trials	210528SL	p38	Z11111	276	5.0	90.0	12	1560.313527473373	1560.540487487924
1560.603847501603	0.5269200145487503	trials	210528SL	p38	Z11111	198	2.0	225.0	8	1560.753847501603	1560.9807675161517
1561.0341275291896	0.5269200145487503	trials	210528SL	p38	Z11111	284	13.0	90.0	12	1561.1841275291897	1561.4110475437383
1561.4744075574172	0.5269600145513778	trials	210528SL	p38	Z11111	225	14.0	270.0	8	1561.6244075574173	1561.8513675719685
1565.687247827515	0.5069200132663809	trials	210528SL	p38	Z11111	170	4.0	135.0	8	1565.837247827515	1566.0441678407813
1566.1075278544602	0.5269600145513778	trials	210528SL	p38	Z11111	91	0.0	270.0	4	1566.2575278544602	1566.4844878690114
1566.5378478820494	0.5269200145485229	trials	210528SL	p38	Z11111	315	14.0	180.0	12	1566.6878478820495	1566.9147678965978
1566.9681279096358	0.5369200151899349	trials	210528SL	p38	Z11111	43	12.0	90.0	4	1567.1181279096359	1567.3550479248256
1570.690608148295	0.5069600132690084	trials	210528SL	p38	Z11111	306	5.0	180.0	12	1570.8406081482951	1571.047568161564
1571.1008881745993	0.536960015192335	trials	210528SL	p38	Z11111	131	10.0	0.0	8	1571.2508881745994	1571.4878481897915
1587.1817292055894	0.5069200132663809	trials	210528SL	p38	Z11111	62	1.0	180.0	4	1587.3317292055895	1587.5386492188557
1587.5920092318936	0.536960015192335	trials	210528SL	p38	Z11111	119	13.0	315.0	4	1587.7420092318937	1587.9789692470858
1588.0623292620473	0.49692001262519625	trials	210528SL	p38	Z11111	145	9.0	45.0	8	1588.2123292620474	1588.4092492746724
1588.4926092896337	0.5069200132663809	trials	210528SL	p38	Z11111	53	7.0	135.0	4	1588.6426092896338	1588.8495293029
1588.9328893178613	0.4969200126254236	trials	210528SL	p38	Z11111	232	6.0	315.0	8	1589.0828893178614	1589.2798093304866
1589.3331693435246	0.5269600145511504	trials	210528SL	p38	Z11111	295	9.0	135.0	12	1589.4831693435247	1589.7101293580756
1589.7734893717547	0.5269200145487503	trials	210528SL	p38	Z11111	46	0.0	135.0	4	1589.9234893717548	1590.1504093863034
1593.7261296251702	0.536960015192335	trials	210528SL	p38	Z11111	353	7.0	315.0	12	1593.8761296251703	1594.1130896403624
1594.1964496553237	0.4969200126254236	trials	210528SL	p38	Z11111	61	0.0	180.0	4	1594.3464496553238	1594.543369667949
1594.6367296835515	0.5269600145511504	trials	210528SL	p38	Z11111	247	6.0	0.0	12	1594.7867296835516	1595.0136896981026
1595.0670497111405	0.5369200151899349	trials	210528SL	p38	Z11111	92	1.0	270.0	4	1595.2170497111406	1595.4539697263303
1595.5373697412942	0.49692001262519625	trials	210528SL	p38	Z11111	144	8.0	45.0	8	1595.6873697412943	1595.8842897539193
1595.9676497688806	0.5369200151899349	trials	210528SL	p38	Z11111	319	3.0	225.0	12	1596.1176497688807	1596.3545697840705
1596.4079297971082	0.4969200126254236	trials	210528SL	p38	Z11111	163	12.0	90.0	8	1596.5579297971083	1596.7548498097335
1600.3906100524496	0.5169600139101931	trials	210528SL	p38	Z11111	125	4.0	0.0	8	1600.5406100524497	1600.7575700663597
1603.6428102609577	0.5069200132663809	trials	210528SL	p38	Z11111	132	11.0	0.0	8	1603.7928102609578	1603.999730274224
1604.0830902891855	0.536960015192335	trials	210528SL	p38	Z11111	59	13.0	135.0	4	1604.2330902891856	1604.4700503043778
1604.553410319339	0.49692001262519625	trials	210528SL	p38	Z11111	216	5.0	270.0	8	1604.7034103193391	1604.9003303319641
1604.983730346928	0.4969200126254236	trials	210528SL	p38	Z11111	106	0.0	315.0	4	1605.1337303469281	1605.3306503595534
1605.4240103751558	0.5269200145485229	trials	210528SL	p38	Z11111	89	13.0	225.0	4	1605.574010375156	1605.8009303897043
1605.8542904027422	0.5369600151925624	trials	210528SL	p38	Z11111	273	2.0	90.0	12	1606.0042904027423	1606.2412504179347
1606.2946104309726	0.5269200145485229	trials	210528SL	p38	Z11111	160	9.0	90.0	8	1606.4446104309727	1606.671530445521
1610.7476107164675	0.5069200132663809	trials	210528SL	p38	Z11111	111	5.0	315.0	4	1610.8976107164676	1611.1045307297338
1611.1578907427718	0.5269200145487503	trials	210528SL	p38	Z11111	241	0.0	0.0	12	1611.3078907427719	1611.5348107573204
1611.5981707709993	0.5269200145487503	trials	210528SL	p38	Z11111	246	5.0	0.0	12	1611.7481707709994	1611.975090785548
1612.028450798586	0.5269200145487503	trials	210528SL	p38	Z11111	305	4.0	180.0	12	1612.178450798586	1612.4053708131346
1612.4587308261723	0.5369600151925624	trials	210528SL	p38	Z11111	76	0.0	225.0	4	1612.6087308261724	1612.8456908413648
1612.8990508544025	0.5269200145487503	trials	210528SL	p38	Z11111	253	12.0	0.0	12	1613.0490508544026	1613.2759708689512
1613.329330881989	0.4969200126254236	trials	210528SL	p38	Z11111	358	12.0	315.0	12	1613.4793308819892	1613.6762508946144
1617.9724511796733	0.5069200132663809	trials	210528SL	p38	Z11111	166	0.0	135.0	8	1618.1224511796734	1618.3293711929396
1618.3827312059775	0.5269200145487503	trials	210528SL	p38	Z11111	26	10.0	45.0	4	1618.5327312059776	1618.7596512205262
1618.8230112342053	0.5269600145511504	trials	210528SL	p38	Z11111	94	3.0	270.0	4	1618.9730112342054	1619.1999712487564
1619.2533312617943	0.5269200145487503	trials	210528SL	p38	Z11111	197	1.0	225.0	8	1619.4033312617944	1619.630251276343
1619.6836112893807	0.5369600151925624	trials	210528SL	p38	Z11111	188	7.0	180.0	8	1619.8336112893808	1620.0705713045731
1620.1238913176085	0.5269600145511504	trials	210528SL	p38	Z11111	153	2.0	90.0	8	1620.2738913176086	1620.5008513321595
1620.5542113451975	0.5369200151899349	trials	210528SL	p38	Z11111	242	1.0	0.0	12	1620.7042113451976	1620.9411313603873
1647.1720930517483	0.5069600132690084	trials	210528SL	p38	Z11111	1	0.0	0.0	4	1647.3220930517484	1647.5290530650173
1649.7138132147054	0.5069200132666083	trials	210528SL	p38	Z11111	260	4.0	45.0	12	1649.8638132147055	1650.070733227972
1650.1240932410096	0.5369600151925624	trials	210528SL	p38	Z11111	265	9.0	45.0	12	1650.2740932410097	1650.511053256202
1650.5944132711634	0.49692001262519625	trials	210528SL	p38	Z11111	209	13.0	225.0	8	1650.7444132711635	1650.9413332837885
1651.0246932987498	0.5069200132666083	trials	210528SL	p38	Z11111	113	7.0	315.0	4	1651.1746932987498	1651.3816133120163
1651.4650133269802	0.49692001262519625	trials	210528SL	p38	Z11111	9	8.0	0.0	4	1651.6150133269803	1651.8119333396053
1651.8952933545665	0.5069200132663809	trials	210528SL	p38	Z11111	54	8.0	135.0	4	1652.0452933545666	1652.2522133678328
1652.3355733827943	0.49692001262519625	trials	210528SL	p38	Z11111	287	1.0	135.0	12	1652.4855733827944	1652.6824933954194
1656.3582936407026	0.5069200132663809	trials	210528SL	p38	Z11111	294	8.0	135.0	12	1656.5082936407027	1656.715213653969
1656.7985736689304	0.49692001262519625	trials	210528SL	p38	Z11111	211	0.0	270.0	8	1656.9485736689305	1657.1454936815555
1657.2388936971606	0.49692001262519625	trials	210528SL	p38	Z11111	100	9.0	270.0	4	1657.3888936971607	1657.5858137097857
1657.669173724747	0.4969200126254236	trials	210528SL	p38	Z11111	86	10.0	225.0	4	1657.819173724747	1658.0160937373723
1658.0994537523336	0.5069200132663809	trials	210528SL	p38	Z11111	312	11.0	180.0	12	1658.2494537523337	1658.4563737656
1658.5397737805638	0.4969200126254236	trials	210528SL	p38	Z11111	15	14.0	0.0	4	1658.6897737805639	1658.8866937931891
1658.9700538081504	0.5069200132663809	trials	210528SL	p38	Z11111	24	8.0	45.0	4	1659.1200538081505	1659.3269738214167
1663.8833741231579	0.5069200132663809	trials	210528SL	p38	Z11111	331	0.0	270.0	12	1664.033374123158	1664.2402941364242
1664.293654149462	0.5269200145485229	trials	210528SL	p38	Z11111	300	14.0	135.0	12	1664.4436541494622	1664.6705741640105
1664.7239341770485	0.5369200151899349	trials	210528SL	p38	Z11111	342	11.0	270.0	12	1664.8739341770486	1665.1108541922383
1665.1642142052763	0.5269600145511504	trials	210528SL	p38	Z11111	40	9.0	90.0	4	1665.3142142052764	1665.5411742198273
1665.5944942328626	0.536960015192335	trials	210528SL	p38	Z11111	45	14.0	90.0	4	1665.7444942328627	1665.981454248055
1666.0348142610928	0.5269200145487503	trials	210528SL	p38	Z11111	186	5.0	180.0	8	1666.184814261093	1666.4117342756415
1666.4650942886794	0.4969200126254236	trials	210528SL	p38	Z11111	309	8.0	180.0	12	1666.6150942886795	1666.8120143013048
1670.5678545517194	0.5069200132666083	trials	210528SL	p38	Z11111	75	14.0	180.0	4	1670.7178545517195	1670.924774564986
1670.9881345786648	0.5269600145513778	trials	210528SL	p38	Z11111	299	13.0	135.0	12	1671.138134578665	1671.365094593216
1671.4184146062514	0.5269600145511504	trials	210528SL	p38	Z11111	58	12.0	135.0	4	1671.5684146062515	1671.7953746208025
1671.8487346338404	0.5369200151899349	trials	210528SL	p38	Z11111	263	7.0	45.0	12	1671.9987346338405	1672.2356546490303
1672.3190546639942	0.49692001262519625	trials	210528SL	p38	Z11111	71	10.0	180.0	4	1672.4690546639943	1672.6659746766193
1672.7192946896546	0.5369600151925624	trials	210528SL	p38	Z11111	55	9.0	135.0	4	1672.8692946896547	1673.106254704847
1673.1896147198083	0.49692001262519625	trials	210528SL	p38	Z11111	321	5.0	225.0	12	1673.3396147198084	1673.5365347324334
1677.3624149873388	0.5069600132690084	trials	210528SL	p38	Z11111	114	8.0	315.0	4	1677.5124149873388	1677.7193750006077
1677.772695013643	0.4969200126254236	trials	210528SL	p38	Z11111	322	6.0	225.0	12	1677.922695013643	1678.1196150262683
1678.2030150412322	0.5069200132663809	trials	210528SL	p38	Z11111	226	0.0	315.0	8	1678.3530150412323	1678.5599350544985
1678.6432950694598	0.49692001262519625	trials	210528SL	p38	Z11111	50	4.0	135.0	4	1678.7932950694599	1678.990215082085
1679.0735750970464	0.49692001262519625	trials	210528SL	p38	Z11111	147	11.0	45.0	8	1679.2235750970465	1679.4204951096715
1679.5138951252766	0.49692001262519625	trials	210528SL	p38	Z11111	121	0.0	0.0	8	1679.6638951252767	1679.8608151379017
1679.944175152863	0.4969200126254236	trials	210528SL	p38	Z11111	167	1.0	135.0	8	1680.094175152863	1680.2910951654883
1682.1956952972146	0.5069200132666083	trials	210528SL	p38	Z11111	304	3.0	180.0	12	1682.3456952972147	1682.552615310481
1682.6359753254424	0.5069200132663809	trials	210528SL	p38	Z11111	30	14.0	45.0	4	1682.7859753254425	1682.9928953387086
1683.0762953536725	0.5269200145487503	trials	210528SL	p38	Z11111	90	14.0	225.0	4	1683.2262953536726	1683.4532153682212
1683.5165753819	0.5269600145513778	trials	210528SL	p38	Z11111	238	12.0	315.0	8	1683.6665753819002	1683.8935353964514
1683.9468554094867	0.5269600145511504	trials	210528SL	p38	Z11111	68	7.0	180.0	4	1684.0968554094868	1684.3238154240378
1684.3771754370757	0.4969200126254236	trials	210528SL	p38	Z11111	93	2.0	270.0	4	1684.5271754370758	1684.724095449701
1684.8174554653033	0.4969200126254236	trials	210528SL	p38	Z11111	335	4.0	270.0	12	1684.9674554653034	1685.1643754779286
1689.030295735401	0.5069200132663809	trials	210528SL	p38	Z11111	336	5.0	270.0	12	1689.1802957354012	1689.3872157486674
1689.4505757623465	0.5269200145485229	trials	210528SL	p38	Z11111	25	9.0	45.0	4	1689.6005757623466	1689.827495776895
1689.8808557899329	0.5269600145513778	trials	210528SL	p38	Z11111	117	11.0	315.0	4	1690.030855789933	1690.2578158044842
1690.3111358175195	0.536960015192335	trials	210528SL	p38	Z11111	173	7.0	135.0	8	1690.4611358175196	1690.6980958327117
1690.7514558457497	0.5269200145487503	trials	210528SL	p38	Z11111	190	9.0	180.0	8	1690.9014558457498	1691.1283758602983
1691.181735873336	0.5369600151925624	trials	210528SL	p38	Z11111	148	12.0	45.0	8	1691.3317358733361	1691.5686958885285
1691.6220159015638	0.5269600145511504	trials	210528SL	p38	Z11111	182	1.0	180.0	8	1691.772015901564	1691.998975916115
1695.4946561498502	0.5069200132663809	trials	210528SL	p38	Z11111	184	3.0	180.0	8	1695.6446561498503	1695.8515761631165
1695.9349361780778	0.49692001262519625	trials	210528SL	p38	Z11111	37	6.0	90.0	4	1696.084936178078	1696.281856190703
1696.3652162056644	0.5069200132663809	trials	210528SL	p38	Z11111	267	11.0	45.0	12	1696.5152162056645	1696.7221362189307
1696.8055362338946	0.49692001262519625	trials	210528SL	p38	Z11111	282	11.0	90.0	12	1696.9555362338947	1697.1524562465197
1697.235816261481	0.5369600151925624	trials	210528SL	p38	Z11111	222	11.0	270.0	8	1697.385816261481	1697.6227762766734
1697.6760962897088	0.5269600145511504	trials	210528SL	p38	Z11111	269	13.0	45.0	12	1697.8260962897089	1698.0530563042598
1698.1064163172978	0.5369200151899349	trials	210528SL	p38	Z11111	218	7.0	270.0	8	1698.2564163172979	1698.4933363324876
1702.0090165675051	0.5069200132663809	trials	210528SL	p38	Z11111	356	10.0	315.0	12	1702.1590165675052	1702.3659365807714
1702.4292965944505	0.5269600145511504	trials	210528SL	p38	Z11111	326	10.0	225.0	12	1702.5792965944506	1702.8062566090016
1702.8596166220395	0.5269200145487503	trials	210528SL	p38	Z11111	174	8.0	135.0	8	1703.0096166220396	1703.2365366365882
1703.289896649626	0.5069200132666083	trials	210528SL	p38	Z11111	187	6.0	180.0	8	1703.439896649626	1703.6468166628924
1705.6114567984682	0.5069200132663809	trials	210528SL	p38	Z11111	344	13.0	270.0	12	1705.7614567984683	1705.9683768117345
1706.0217368247725	0.5269200145487503	trials	210528SL	p38	Z11111	227	1.0	315.0	8	1706.1717368247726	1706.3986568393211
1706.4520168523588	0.536960015192335	trials	210528SL	p38	Z11111	239	13.0	315.0	8	1706.602016852359	1706.838976867551
1706.9223368825126	0.49692001262519625	trials	210528SL	p38	Z11111	258	2.0	45.0	12	1707.0723368825127	1707.2692568951377
1707.3626169107401	0.49692001262519625	trials	210528SL	p38	Z11111	11	10.0	0.0	4	1707.5126169107402	1707.7095369233652
1707.7929369383291	0.49688001262279613	trials	210528SL	p38	Z11111	112	6.0	315.0	4	1707.9429369383292	1708.1398169509519
1708.2232169659158	0.5069200132663809	trials	210528SL	p38	Z11111	291	5.0	135.0	12	1708.3732169659158	1708.580136979182
1712.115817215482	0.5069200132663809	trials	210528SL	p38	Z11111	333	2.0	270.0	12	1712.265817215482	1712.4727372287482
1712.526097241786	0.5269600145513778	trials	210528SL	p38	Z11111	243	2.0	0.0	12	1712.676097241786	1712.9030572563372
1712.9664172700163	0.5269200145485229	trials	210528SL	p38	Z11111	120	14.0	315.0	4	1713.1164172700164	1713.3433372845648
1713.3966972976027	0.5269200145487503	trials	210528SL	p38	Z11111	261	5.0	45.0	12	1713.5466972976028	1713.7736173121514
1713.8269773251893	0.536960015192335	trials	210528SL	p38	Z11111	143	7.0	45.0	8	1713.9769773251894	1714.2139373403816
1714.2672573534169	0.5269600145513778	trials	210528SL	p38	Z11111	328	12.0	225.0	12	1714.417257353417	1714.6442173679682
1714.697577381006	0.49692001262519625	trials	210528SL	p38	Z11111	164	13.0	90.0	8	1714.8475773810062	1715.0444973936312
1718.5201376260816	0.5069200132666083	trials	210528SL	p38	Z11111	101	10.0	270.0	4	1718.6701376260817	1718.877057639348
1718.930417652386	0.5269200145485229	trials	210528SL	p38	Z11111	332	1.0	270.0	12	1719.0804176523861	1719.3073376669345
1719.3706976806136	0.5269600145513778	trials	210528SL	p38	Z11111	202	6.0	225.0	8	1719.5206976806137	1719.747657695165
1719.8010177082026	0.4969200126254236	trials	210528SL	p38	Z11111	330	14.0	225.0	12	1719.9510177082027	1720.147937720828
1720.2412977364304	0.5269200145485229	trials	210528SL	p38	Z11111	228	2.0	315.0	8	1720.3912977364305	1720.6182177509788
1720.6715777640168	0.5269600145513778	trials	210528SL	p38	Z11111	12	11.0	0.0	4	1720.8215777640169	1721.048537778568
1721.111897792247	0.4969200126254236	trials	210528SL	p38	Z11111	102	11.0	270.0	4	1721.261897792247	1721.4588178048723
1725.17461805272	0.5069200132663809	trials	210528SL	p38	Z11111	98	7.0	270.0	4	1725.32461805272	1725.5315380659863
1725.5848980790242	0.536960015192335	trials	210528SL	p38	Z11111	137	1.0	45.0	8	1725.7348980790243	1725.9718580942165
1726.0251781072518	0.5269600145513778	trials	210528SL	p38	Z11111	122	1.0	0.0	8	1726.175178107252	1726.402138121803
1726.455498134841	0.5369200151899349	trials	210528SL	p38	Z11111	203	7.0	225.0	8	1726.6054981348411	1726.8424181500309
1726.9258181649946	0.49688001262279613	trials	210528SL	p38	Z11111	301	0.0	180.0	12	1727.0758181649946	1727.2726981776173
1731.3487784485635	0.5069200132666083	trials	210528SL	p38	Z11111	255	14.0	0.0	12	1731.4987784485636	1731.70569846183
1731.7590584748677	0.5369200151899349	trials	210528SL	p38	Z11111	347	1.0	315.0	12	1731.9090584748678	1732.1459784900576
1732.1993385030955	0.5269600145511504	trials	210528SL	p38	Z11111	179	13.0	135.0	8	1732.3493385030956	1732.5762985176466
1732.6596585326079	0.5369600151925624	trials	210528SL	p38	Z11111	95	4.0	270.0	4	1732.809658532608	1733.0466185478003
1733.1299785627616	0.5269200145487503	trials	210528SL	p38	Z11111	63	2.0	180.0	4	1733.2799785627617	1733.5068985773103
1733.5702585909894	0.5269600145511504	trials	210528SL	p38	Z11111	141	5.0	45.0	8	1733.7202585909895	1733.9472186055405
1734.0005786185784	0.49692001262519625	trials	210528SL	p38	Z11111	110	4.0	315.0	4	1734.1505786185785	1734.3474986312035
1737.973218873276	0.5069600132690084	trials	210528SL	p38	Z11111	150	14.0	45.0	8	1738.123218873276	1738.330178886545
1738.3834988995802	0.5269600145513778	trials	210528SL	p38	Z11111	16	0.0	45.0	4	1738.5334988995803	1738.7604589141315
1738.8138189271695	0.5369200151897076	trials	210528SL	p38	Z11111	325	9.0	225.0	12	1738.9638189271695	1739.200738942359
1739.2840989573203	0.4969200126254236	trials	210528SL	p38	Z11111	72	11.0	180.0	4	1739.4340989573204	1739.6310189699457
1739.7244189855505	0.5269200145487503	trials	210528SL	p38	Z11111	171	5.0	135.0	8	1739.8744189855506	1740.1013390000992
1740.1546990131371	0.5269600145513778	trials	210528SL	p38	Z11111	67	6.0	180.0	4	1740.3046990131372	1740.5316590276884
1740.5950190413673	0.5269200145487503	trials	210528SL	p38	Z11111	185	4.0	180.0	8	1740.7450190413674	1740.971939055916
1744.557659295424	0.5069200132663809	trials	210528SL	p38	Z11111	230	4.0	315.0	8	1744.707659295424	1744.9145793086902
1744.9779393223694	0.5269600145511504	trials	210528SL	p38	Z11111	103	12.0	270.0	4	1745.1279393223695	1745.3548993369204
1745.4082593499584	0.5269200145485229	trials	210528SL	p38	Z11111	343	12.0	270.0	12	1745.5582593499585	1745.7851793645068
1745.8385393775447	0.5369200151899349	trials	210528SL	p38	Z11111	262	6.0	45.0	12	1745.9885393775448	1746.2254593927346
1746.3088594076985	0.5269200145485229	trials	210528SL	p38	Z11111	56	10.0	135.0	4	1746.4588594076986	1746.685779422247
1746.749139435926	0.5269600145513778	trials	210528SL	p38	Z11111	208	12.0	225.0	8	1746.8991394359261	1747.1260994504773
1747.1794194635127	0.5269600145511504	trials	210528SL	p38	Z11111	33	2.0	90.0	4	1747.3294194635127	1747.5563794780637
1751.0020197085908	0.5069200132663809	trials	210528SL	p38	Z11111	42	11.0	90.0	4	1751.1520197085908	1751.358939721857
1751.412299734895	0.5269200145487503	trials	210528SL	p38	Z11111	73	12.0	180.0	4	1751.562299734895	1751.7892197494436
1751.8425797624816	0.5369200151897076	trials	210528SL	p38	Z11111	193	12.0	180.0	8	1751.9925797624817	1752.2294997776712
1752.312899792635	0.4969200126254236	trials	210528SL	p38	Z11111	21	5.0	45.0	4	1752.4628997926352	1752.6598198052604
1752.753179820863	0.49692001262519625	trials	210528SL	p38	Z11111	311	10.0	180.0	12	1752.903179820863	1753.100099833488
1753.1834598484493	0.4969200126254236	trials	210528SL	p38	Z11111	5	4.0	0.0	4	1753.3334598484494	1753.5303798610746
1753.6237798766797	0.49692001262519625	trials	210528SL	p38	Z11111	38	7.0	90.0	4	1753.7737798766798	1753.9706998893048
1757.4863801243223	0.5069200132663809	trials	210528SL	p38	Z11111	139	3.0	45.0	8	1757.6363801243224	1757.8433001375886
1757.8966601506265	0.49692001262519625	trials	210528SL	p38	Z11111	207	11.0	225.0	8	1758.0466601506266	1758.2435801632516
1758.3069401769308	0.5269200145487503	trials	210528SL	p38	Z11111	345	14.0	270.0	12	1758.4569401769309	1758.6838601914794
1758.7372202045171	0.4969200126254236	trials	210528SL	p38	Z11111	281	10.0	90.0	12	1758.8872202045172	1759.0841402171425
1759.1375002301804	0.5269200145487503	trials	210528SL	p38	Z11111	289	3.0	135.0	12	1759.2875002301805	1759.514420244729
1759.577780258408	0.5269200145487503	trials	210528SL	p38	Z11111	277	6.0	90.0	12	1759.727780258408	1759.9547002729566
1760.0080602859946	0.5269600145513778	trials	210528SL	p38	Z11111	341	10.0	270.0	12	1760.1580602859947	1760.3850203005459
1763.990740541336	0.5069200132663809	trials	210528SL	p38	Z11111	78	2.0	225.0	4	1764.140740541336	1764.3476605546023
1764.4110205682814	0.5269600145511504	trials	210528SL	p38	Z11111	354	8.0	315.0	12	1764.5610205682815	1764.7879805828325
1764.8413005958678	0.5269600145513778	trials	210528SL	p38	Z11111	172	6.0	135.0	8	1764.9913005958679	1765.218260610419
1765.281620624098	0.5269200145487503	trials	210528SL	p38	Z11111	204	8.0	225.0	8	1765.431620624098	1765.6585406386466
1765.7119006516846	0.5269600145511504	trials	210528SL	p38	Z11111	159	8.0	90.0	8	1765.8619006516847	1766.0888606662356
1766.1421806792712	0.49692001262519625	trials	210528SL	p38	Z11111	192	11.0	180.0	8	1766.2921806792713	1766.4891006918963
1766.5825007075014	0.5269200145485229	trials	210528SL	p38	Z11111	142	6.0	45.0	8	1766.7325007075015	1766.9594207220498
1770.415060953218	0.5069200132666083	trials	210528SL	p38	Z11111	317	1.0	225.0	12	1770.565060953218	1770.7719809664845
1770.8253409795223	0.536960015192335	trials	210528SL	p38	Z11111	280	9.0	90.0	12	1770.9753409795223	1771.2123009947145
1771.295661009676	0.49692001262519625	trials	210528SL	p38	Z11111	213	2.0	270.0	8	1771.445661009676	1771.642581022301
1771.7359810379062	0.49692001262519625	trials	210528SL	p38	Z11111	266	10.0	45.0	12	1771.8859810379063	1772.0829010505313
1772.1662610654926	0.4969200126254236	trials	210528SL	p38	Z11111	64	3.0	180.0	4	1772.3162610654927	1772.513181078118
1772.5965410930792	0.5069200132663809	trials	210528SL	p38	Z11111	88	12.0	225.0	4	1772.7465410930793	1772.9534611063455
1773.0368211213067	0.5269600145513778	trials	210528SL	p38	Z11111	19	3.0	45.0	4	1773.1868211213068	1773.413781135858
1777.189621387555	0.5069200132663809	trials	210528SL	p38	Z11111	18	2.0	45.0	4	1777.339621387555	1777.5465414008213
1777.5999014138592	0.5369600151925624	trials	210528SL	p38	Z11111	271	0.0	90.0	12	1777.7499014138593	1777.9868614290517
1778.0402214420897	0.5269200145485229	trials	210528SL	p38	Z11111	240	14.0	315.0	8	1778.1902214420898	1778.417141456638
1778.470501469676	0.5269200145487503	trials	210528SL	p38	Z11111	176	10.0	135.0	8	1778.6205014696761	1778.8474214842247
1778.9107814979038	0.5269600145511504	trials	210528SL	p38	Z11111	135	14.0	0.0	8	1779.060781497904	1779.2877415124549
1779.3411015254928	0.5269200145485229	trials	210528SL	p38	Z11111	126	5.0	0.0	8	1779.491101525493	1779.7180215400413
1779.7813815537204	0.5269200145487503	trials	210528SL	p38	Z11111	97	6.0	270.0	4	1779.9313815537205	1780.158301568269
1783.7840618103442	0.5069200132663809	trials	210528SL	p38	Z11111	152	1.0	90.0	8	1783.9340618103442	1784.1409818236104
1784.1943418366484	0.5269600145511504	trials	210528SL	p38	Z11111	28	12.0	45.0	4	1784.3443418366485	1784.5713018511995
1792.8301823903175	0.5069200132663809	trials	210528SL	p38	Z11111	151	0.0	90.0	8	1792.9801823903176	1793.1871024035838
1793.2404224166194	0.5269600145511504	trials	210528SL	p38	Z11111	82	6.0	225.0	4	1793.3904224166195	1793.6173824311704
1793.6707424442084	0.5369200151897076	trials	210528SL	p38	Z11111	234	8.0	315.0	8	1793.8207424442085	1794.057662459398
1794.141062474362	0.4969200126254236	trials	210528SL	p38	Z11111	149	13.0	45.0	8	1794.291062474362	1794.4879824869872
1794.5813425025895	0.4969200126254236	trials	210528SL	p38	Z11111	339	8.0	270.0	12	1794.7313425025895	1794.9282625152148
1795.0016225295349	0.5069200132666083	trials	210528SL	p38	Z11111	109	3.0	315.0	4	1795.151622529535	1795.3585425428014
1795.4119025558393	0.5369200151897076	trials	210528SL	p38	Z11111	237	11.0	315.0	8	1795.5619025558394	1795.798822571029
1802.8669030338012	0.5069600132690084	trials	210528SL	p38	Z11111	2	1.0	0.0	4	1803.0169030338013	1803.2238630470702
1803.2972230613902	0.5069200132666083	trials	210528SL	p38	Z11111	205	9.0	225.0	8	1803.4472230613903	1803.6541430746568
1803.7075030876945	0.5269200145487503	trials	210528SL	p38	Z11111	235	9.0	315.0	8	1803.8575030876946	1804.0844231022431
1804.1477831159223	0.5269200145487503	trials	210528SL	p38	Z11111	194	13.0	180.0	8	1804.2977831159224	1804.524703130471
1804.6081031454346	0.5369200151899349	trials	210528SL	p38	Z11111	51	5.0	135.0	4	1804.7581031454347	1804.9950231606244
1805.0483831736624	0.5269600145511504	trials	210528SL	p38	Z11111	156	5.0	90.0	8	1805.1983831736625	1805.4253431882134
1805.4786632012488	0.5369600151925624	trials	210528SL	p38	Z11111	249	8.0	0.0	12	1805.6286632012489	1805.8656232164412
1809.5213834604397	0.5069600132690084	trials	210528SL	p38	Z11111	351	5.0	315.0	12	1809.6713834604398	1809.8783434737086
1809.931663486744	0.49692001262519625	trials	210528SL	p38	Z11111	124	3.0	0.0	8	1810.081663486744	1810.278583499369
1810.361983514333	0.49688001262279613	trials	210528SL	p38	Z11111	233	7.0	315.0	8	1810.511983514333	1810.7088635269556
1810.8022635425605	0.5269200145487503	trials	210528SL	p38	Z11111	65	4.0	180.0	4	1810.9522635425606	1811.1791835571091
1811.232543570147	0.536960015192335	trials	210528SL	p38	Z11111	229	3.0	315.0	8	1811.3825435701472	1811.6195035853393
1811.7028636003006	0.4969200126254236	trials	210528SL	p38	Z11111	48	2.0	135.0	4	1811.8528636003007	1812.049783612926
1812.1331436278872	0.536960015192335	trials	210528SL	p38	Z11111	74	13.0	180.0	4	1812.2831436278873	1812.5201036430794
1816.0557838793793	0.5069200132663809	trials	210528SL	p38	Z11111	85	9.0	225.0	4	1816.2057838793794	1816.4127038926456
1816.4760639063247	0.5269600145511504	trials	210528SL	p38	Z11111	0			0	1816.6260639063248	1816.8530239208758
1816.9063839339137	0.5269200145487503	trials	210528SL	p38	Z11111	118	12.0	315.0	4	1817.0563839339138	1817.2833039484624
1817.3366639615	0.5369600151925624	trials	210528SL	p38	Z11111	81	5.0	225.0	4	1817.4866639615002	1817.7236239766926
1817.8069839916539	0.49692001262519625	trials	210528SL	p38	Z11111	283	12.0	90.0	12	1817.956983991654	1818.153904004279
1818.2472640198814	0.4969200126254236	trials	210528SL	p38	Z11111	32	1.0	90.0	4	1818.3972640198815	1818.5941840325067
1818.677544047468	0.49692001262519625	trials	210528SL	p38	Z11111	17	1.0	45.0	4	1818.827544047468	1819.0244640600931
1822.8803843169244	0.5169200139075656	trials	210528SL	p38	Z11111	212	1.0	270.0	8	1823.0303843169245	1823.2473043308319
1823.3307043457958	0.5269200145487503	trials	210528SL	p38	Z11111	79	3.0	225.0	4	1823.4807043457959	1823.7076243603444
1823.7609843733824	0.5269200145487503	trials	210528SL	p38	Z11111	180	14.0	135.0	8	1823.9109843733825	1824.137904387931
1824.20126440161	0.4969200126254236	trials	210528SL	p38	Z11111	286	0.0	135.0	12	1824.35126440161	1824.5481844142353
1824.631584429199	0.4969200126254236	trials	210528SL	p38	Z11111	290	4.0	135.0	12	1824.781584429199	1824.9785044418243
1825.0618644567855	0.5069200132663809	trials	210528SL	p38	Z11111	220	9.0	270.0	8	1825.2118644567856	1825.4187844700518
1825.5021444850133	0.49692001262519625	trials	210528SL	p38	Z11111	316	0.0	225.0	12	1825.6521444850134	1825.8490644976384
1829.3847847339407	0.5069200132666083	trials	210528SL	p38	Z11111	115	9.0	315.0	4	1829.5347847339408	1829.7417047472072
1829.8050647608861	0.5269200145487503	trials	210528SL	p38	Z11111	274	3.0	90.0	12	1829.9550647608862	1830.1819847754348
1830.2353447884727	0.5269200145487503	trials	210528SL	p38	Z11111	3	2.0	0.0	4	1830.3853447884728	1830.6122648030214
1830.665624816059	0.536960015192335	trials	210528SL	p38	Z11111	251	10.0	0.0	12	1830.8156248160592	1831.0525848312514
1831.1359448462129	0.49692001262519625	trials	210528SL	p38	Z11111	96	5.0	270.0	4	1831.285944846213	1831.482864858838
1831.536224871876	0.5369200151899349	trials	210528SL	p38	Z11111	0			0	1831.686224871876	1831.9231448870657
1832.0065449020294	0.4969200126254236	trials	210528SL	p38	Z11111	138	2.0	45.0	8	1832.1565449020295	1832.3534649146548
1835.9291851535215	0.5069200132663809	trials	210528SL	p38	Z11111	278	7.0	90.0	12	1836.0791851535216	1836.2861051667878
1836.3394651798258	0.4969200126254236	trials	210528SL	p38	Z11111	129	8.0	0.0	8	1836.4894651798259	1836.686385192451
1836.7697452074124	0.49692001262519625	trials	210528SL	p38	Z11111	308	7.0	180.0	12	1836.9197452074125	1837.1166652200375
1837.21002523564	0.4969200126254236	trials	210528SL	p38	Z11111	259	3.0	45.0	12	1837.36002523564	1837.5569452482653
1837.610305261303	0.5269600145513778	trials	210528SL	p38	Z11111	136	0.0	45.0	8	1837.760305261303	1837.9872652758543
1838.0505852895308	0.5269600145511504	trials	210528SL	p38	Z11111	189	8.0	180.0	8	1838.2005852895309	1838.4275453040818
1838.4809053171198	0.5269200145487503	trials	210528SL	p38	Z11111	158	7.0	90.0	8	1838.6309053171199	1838.8578253316684
1848.2174259413569	0.5169600139101931	trials	210528SL	p38	Z11111	183	2.0	180.0	8	1848.367425941357	1848.584385955267
1848.6677459702282	0.5269600145511504	trials	210528SL	p38	Z11111	168	2.0	135.0	8	1848.8177459702283	1849.0447059847793
1849.0980259978146	0.5369600151925624	trials	210528SL	p38	Z11111	77	1.0	225.0	4	1849.2480259978147	1849.484986013007
1849.538346026045	0.5269200145485229	trials	210528SL	p38	Z11111	268	12.0	45.0	12	1849.688346026045	1849.9152660405935
1849.9686260536314	0.5269200145487503	trials	210528SL	p38	Z11111	275	4.0	90.0	12	1850.1186260536315	1850.34554606818
1850.4089060818592	0.5269600145511504	trials	210528SL	p38	Z11111	288	2.0	135.0	12	1850.5589060818593	1850.7858660964102
1850.8392261094482	0.5269200145487503	trials	210528SL	p38	Z11111	327	11.0	225.0	12	1850.9892261094483	1851.2161461239969
1853.3509062704793	0.5069200132666083	trials	210528SL	p38	Z11111	314	13.0	180.0	12	1853.5009062704794	1853.7078262837458
1853.7711862974247	0.5269200145487503	trials	210528SL	p38	Z11111	214	3.0	270.0	8	1853.9211862974248	1854.1481063119734
1854.2014663250113	0.5269600145513778	trials	210528SL	p38	Z11111	31	0.0	90.0	4	1854.3514663250114	1854.5784263395626
1854.631746352598	0.536960015192335	trials	210528SL	p38	Z11111	357	11.0	315.0	12	1854.781746352598	1855.0187063677902
1855.0720663808281	0.5269200145487503	trials	210528SL	p38	Z11111	83	7.0	225.0	4	1855.2220663808282	1855.4489863953768
1855.5023464084145	0.536960015192335	trials	210528SL	p38	Z11111	104	13.0	270.0	4	1855.6523464084146	1855.8893064236067
1855.9726664385682	0.49692001262519625	trials	210528SL	p38	Z11111	270	14.0	45.0	12	1856.1226664385683	1856.3195864511933
1860.1955067093068	0.5069200132666083	trials	210528SL	p38	Z11111	6	5.0	0.0	4	1860.3455067093068	1860.5524267225733
1862.417026851735	0.5269200145487503	trials	210528SL	p38	Z11111	340	9.0	270.0	12	1862.5670268517351	1862.7939468662837
1862.8473068793216	0.49692001262519625	trials	210528SL	p38	Z11111	23	7.0	45.0	4	1862.9973068793217	1863.1942268919468
1863.2775869069083	0.5069200132663809	trials	210528SL	p38	Z11111	134	13.0	0.0	8	1863.4275869069083	1863.6345069201745
1863.7178669351358	0.5269600145511504	trials	210528SL	p38	Z11111	49	3.0	135.0	4	1863.867866935136	1864.0948269496869
1864.1481869627248	0.5369200151899349	trials	210528SL	p38	Z11111	66	5.0	180.0	4	1864.298186962725	1864.5351069779147
1864.6185069928783	0.4968800126230235	trials	210528SL	p38	Z11111	178	12.0	135.0	8	1864.7685069928784	1864.9653870055013
1865.0587870211061	0.5269200145487503	trials	210528SL	p38	Z11111	29	13.0	45.0	4	1865.2087870211062	1865.4357070356548
1868.941387270031	0.5069200132663809	trials	210528SL	p38	Z11111	337	6.0	270.0	12	1869.0913872700312	1869.2983072832974
1869.3516672963353	0.536960015192335	trials	210528SL	p38	Z11111	60	14.0	135.0	4	1869.5016672963354	1869.7386273115276
1869.7919873245655	0.5269200145487503	trials	210528SL	p38	Z11111	10	9.0	0.0	4	1869.9419873245656	1870.1689073391142
1870.2222673521521	0.5269200145487503	trials	210528SL	p38	Z11111	201	5.0	225.0	8	1870.3722673521522	1870.5991873667008
1870.6525473797385	0.5069200132663809	trials	210528SL	p38	Z11111	105	14.0	270.0	4	1870.8025473797386	1871.0094673930048
1871.0928674079687	0.49688001262279613	trials	210528SL	p38	Z11111	146	10.0	45.0	8	1871.2428674079688	1871.4397474205914
1871.5231474355553	0.5069200132663809	trials	210528SL	p38	Z11111	355	9.0	315.0	12	1871.6731474355554	1871.8800674488216
1875.4157476851215	0.5069200132663809	trials	210528SL	p38	Z11111	177	11.0	135.0	8	1875.5657476851216	1875.7726676983877
1875.8260277114257	0.5269600145511504	trials	210528SL	p38	Z11111	181	0.0	180.0	8	1875.9760277114258	1876.2029877259768
1876.2663477396559	0.5269200145487503	trials	210528SL	p38	Z11111	80	4.0	225.0	4	1876.416347739656	1876.6432677542045
1876.6966277672423	0.5269200145487503	trials	210528SL	p38	Z11111	22	6.0	45.0	4	1876.8466277672424	1877.073547781791
1877.1269077948289	0.536960015192335	trials	210528SL	p38	Z11111	236	10.0	315.0	8	1877.276907794829	1877.513867810021
1877.5972278249824	0.4969200126254236	trials	210528SL	p38	Z11111	350	4.0	315.0	12	1877.7472278249825	1877.9441478376077
1878.0375078532102	0.49692001262519625	trials	210528SL	p38	Z11111	256	0.0	45.0	12	1878.1875078532103	1878.3844278658353
1882.0402281098363	0.5069200132663809	trials	210528SL	p38	Z11111	298	12.0	135.0	12	1882.1902281098364	1882.3971481231026
1882.490508138705	0.5269600145513778	trials	210528SL	p38	Z11111	155	4.0	90.0	8	1882.6405081387052	1882.8674681532564
1882.9508281682176	0.536960015192335	trials	210528SL	p38	Z11111	36	5.0	90.0	4	1883.1008281682177	1883.3377881834099
1883.4211481983712	0.5269200145487503	trials	210528SL	p38	Z11111	293	7.0	135.0	12	1883.5711481983712	1883.7980682129198
1883.8514282259578	0.536960015192335	trials	210528SL	p38	Z11111	248	7.0	0.0	12	1884.0014282259579	1884.23838824115
1884.291748254188	0.5269200145487503	trials	210528SL	p38	Z11111	313	12.0	180.0	12	1884.441748254188	1884.6686682687366
1884.7220282817743	0.5269200145487503	trials	210528SL	p38	Z11111	223	12.0	270.0	8	1884.8720282817744	1885.098948296323
1889.995588619878	0.5069200132663809	trials	210528SL	p38	Z11111	47	1.0	135.0	4	1890.145588619878	1890.3525086331442
1890.4058286461795	0.5369600151925624	trials	210528SL	p38	Z11111	324	8.0	225.0	12	1890.5558286461796	1890.792788661372
1890.8761486763333	0.49692001262519625	trials	210528SL	p38	Z11111	123	2.0	0.0	8	1891.0261486763334	1891.2230686889584
1891.3164687045635	0.49692001262519625	trials	210528SL	p38	Z11111	196	0.0	225.0	8	1891.4664687045636	1891.6633887171886
1891.74674873215	0.49692001262519625	trials	210528SL	p38	Z11111	71	10.0	180.0	4	1891.8967487321502	1892.0936687447752
1892.1470287578131	0.5369200151897076	trials	210528SL	p38	Z11111	65	4.0	180.0	4	1892.2970287578132	1892.5339487730027
1892.5873087860407	0.5269600145513778	trials	210528SL	p38	Z11111	325	9.0	225.0	12	1892.7373087860408	1892.964268800592
1896.6200290445904	0.5069200132663809	trials	210528SL	p38	Z11111	184	3.0	180.0	8	1896.7700290445905	1896.9769490578567
1897.0303090708946	0.536960015192335	trials	210528SL	p38	Z11111	36	5.0	90.0	4	1897.1803090708947	1897.417269086087
1900.832869314688	0.5069200132663809	trials	210528SL	p38	Z11111	9	8.0	0.0	4	1900.982869314688	1901.1897893279543
1904.585389555273	0.5069200132666083	trials	210528SL	p38	Z11111	75	14.0	180.0	4	1904.735389555273	1904.9423095685395
1905.0256695835008	0.49692001262519625	trials	210528SL	p38	Z11111	224	13.0	270.0	8	1905.1756695835008	1905.3725895961259
1905.4259496091638	0.536960015192335	trials	210528SL	p38	Z11111	156	5.0	90.0	8	1905.575949609164	1905.812909624356
1905.8962696393173	0.4969200126254236	trials	210528SL	p38	Z11111	176	10.0	135.0	8	1906.0462696393174	1906.2431896519427
1906.326549666904	0.536960015192335	trials	210528SL	p38	Z11111	124	3.0	0.0	8	1906.476549666904	1906.7135096820962
1906.7668696951341	0.5269200145487503	trials	210528SL	p38	Z11111	281	10.0	90.0	12	1906.9168696951342	1907.1437897096828
1907.1971497227207	0.536960015192335	trials	210528SL	p38	Z11111	0			0	1907.3471497227208	1907.584109737913
1911.169829977421	0.5069200132663809	trials	210528SL	p38	Z11111	203	7.0	225.0	8	1911.319829977421	1911.5267499906872
1911.5801100037252	0.49692001262519625	trials	210528SL	p38	Z11111	30	14.0	45.0	4	1911.7301100037253	1911.9270300163503
1912.020390031953	0.5269600145511504	trials	210528SL	p38	Z11111	222	11.0	270.0	8	1912.170390031953	1912.397350046504
1912.450710059542	0.49688001262256876	trials	210528SL	p38	Z11111	180	14.0	135.0	8	1912.600710059542	1912.7975900721644
1912.8509500852024	0.5369600151925624	trials	210528SL	p38	Z11111	324	8.0	225.0	12	1913.0009500852025	1913.2379101003949
1913.3212701153561	0.49692001262519625	trials	210528SL	p38	Z11111	290	4.0	135.0	12	1913.4712701153562	1913.6681901279812
1913.7615501435837	0.5269600145513778	trials	210528SL	p38	Z11111	153	2.0	90.0	8	1913.9115501435838	1914.138510158135
1917.594150389303	0.5069200132663809	trials	210528SL	p38	Z11111	299	13.0	135.0	12	1917.744150389303	1917.9510704025693
1918.0044304156072	0.5269200145487503	trials	210528SL	p38	Z11111	257	1.0	45.0	12	1918.1544304156073	1918.3813504301559
1918.474750445761	0.49692001262519625	trials	210528SL	p38	Z11111	314	13.0	180.0	12	1918.624750445761	1918.821670458386
1918.8749904714214	0.5269600145513778	trials	210528SL	p38	Z11111	16	0.0	45.0	4	1919.0249904714215	1919.2519504859727
1919.3053104990106	0.5069200132663809	trials	210528SL	p38	Z11111	145	9.0	45.0	8	1919.4553104990107	1919.662230512277
1919.7455905272382	0.49692001262519625	trials	210528SL	p38	Z11111	166	0.0	135.0	8	1919.8955905272383	1920.0925105398633
1920.1758705548248	0.536960015192335	trials	210528SL	p38	Z11111	340	9.0	270.0	12	1920.3258705548249	1920.562830570017
1924.49879083198	0.5069200132663809	trials	210528SL	p38	Z11111	211	0.0	270.0	8	1924.64879083198	1924.8557108452462
1924.9090708582842	0.49692001262519625	trials	210528SL	p38	Z11111	274	3.0	90.0	12	1925.0590708582843	1925.2559908709093
1925.3493908865144	0.5269200145487503	trials	210528SL	p38	Z11111	47	1.0	135.0	4	1925.4993908865144	1925.726310901063
1925.7796709141007	0.5369200151899349	trials	210528SL	p38	Z11111	308	7.0	180.0	12	1925.9296709141008	1926.1665909292906
1926.2499909442545	0.49692001262519625	trials	210528SL	p38	Z11111	157	6.0	90.0	8	1926.3999909442546	1926.5969109568796
1926.6802709718409	0.5069200132666083	trials	210528SL	p38	Z11111	230	4.0	315.0	8	1926.830270971841	1927.0371909851074
1927.1205510000686	0.49692001262519625	trials	210528SL	p38	Z11111	213	2.0	270.0	8	1927.2705510000687	1927.4674710126937
1931.1732712599005	0.5069600132690084	trials	210528SL	p38	Z11111	238	12.0	315.0	8	1931.3232712599006	1931.5302312731694
1933.7350314241426	0.5069200132663809	trials	210528SL	p38	Z11111	241	0.0	0.0	12	1933.8850314241427	1934.0919514374089
1934.1453114504468	0.49688001262256876	trials	210528SL	p38	Z11111	82	6.0	225.0	4	1934.295311450447	1934.4921914630693
1934.5755914780332	0.4969200126254236	trials	210528SL	p38	Z11111	348	2.0	315.0	12	1934.7255914780333	1934.9225114906585
1934.9858715043374	0.5269200145487503	trials	210528SL	p38	Z11111	217	6.0	270.0	8	1935.1358715043375	1935.362791518886
1935.416151531924	0.5269200145487503	trials	210528SL	p38	Z11111	291	5.0	135.0	12	1935.566151531924	1935.7930715464727
1935.8464315595106	0.536960015192335	trials	210528SL	p38	Z11111	345	14.0	270.0	12	1935.9964315595107	1936.2333915747029
1936.2867115877382	0.5269600145513778	trials	210528SL	p38	Z11111	91	0.0	270.0	4	1936.4367115877383	1936.6636716022895
1940.6396718668193	0.5069200132663809	trials	210528SL	p38	Z11111	140	4.0	45.0	8	1940.7896718668194	1940.9965918800856
1941.0499518931235	0.5369200151897076	trials	210528SL	p38	Z11111	53	7.0	135.0	4	1941.1999518931236	1941.4368719083132
1941.490231921351	0.5269600145513778	trials	210528SL	p38	Z11111	296	10.0	135.0	12	1941.6402319213512	1941.8671919359024
1941.9205119489377	0.5269600145513778	trials	210528SL	p38	Z11111	3	2.0	0.0	4	1942.0705119489378	1942.297471963489
1942.360831977168	0.5269200145487503	trials	210528SL	p38	Z11111	103	12.0	270.0	4	1942.510831977168	1942.7377519917166
1942.7911120047545	0.49692001262519625	trials	210528SL	p38	Z11111	215	4.0	270.0	8	1942.9411120047546	1943.1380320173796
1943.221392032341	0.536960015192335	trials	210528SL	p38	Z11111	349	3.0	315.0	12	1943.3713920323412	1943.6083520475333
1954.6090727624387	0.5069200132666083	trials	210528SL	p38	Z11111	201	5.0	225.0	8	1954.7590727624388	1954.9659927757052
1955.0493527906665	0.49692001262519625	trials	210528SL	p38	Z11111	68	7.0	180.0	4	1955.1993527906666	1955.3962728032916
1955.4896728188967	0.49692001262519625	trials	210528SL	p38	Z11111	94	3.0	270.0	4	1955.6396728188968	1955.8365928315218
1955.919952846483	0.4969200126254236	trials	210528SL	p38	Z11111	331	0.0	270.0	12	1956.0699528464831	1956.2668728591084
1956.3502328740697	0.5069200132663809	trials	210528SL	p38	Z11111	8	7.0	0.0	4	1956.5002328740698	1956.707152887336
1956.7905529022999	0.49688001262279613	trials	210528SL	p38	Z11111	183	2.0	180.0	8	1956.9405529023	1957.1374329149226
1957.1907929279605	0.5269600145511504	trials	210528SL	p38	Z11111	245	4.0	0.0	12	1957.3407929279606	1957.5677529425116
1961.073433176888	0.5069200132661535	trials	210528SL	p38	Z11111	74	13.0	180.0	4	1961.2234331768882	1961.4303531901542
1961.4937132038333	0.4969200126254236	trials	210528SL	p38	Z11111	57	11.0	135.0	4	1961.6437132038334	1961.8406332164586
1961.92399323142	0.49692001262519625	trials	210528SL	p38	Z11111	164	13.0	90.0	8	1962.07399323142	1962.270913244045
1962.324273257083	0.5269200145487503	trials	210528SL	p38	Z11111	163	12.0	90.0	8	1962.474273257083	1962.7011932716316
1964.605793403358	0.5069200132663809	trials	210528SL	p38	Z11111	135	14.0	0.0	8	1964.755793403358	1964.9627134166242
1965.0160734296624	0.5369600151921077	trials	210528SL	p38	Z11111	259	3.0	45.0	12	1965.1660734296624	1965.4030334448544
1965.4863934598159	0.4969200126254236	trials	210528SL	p38	Z11111	69	8.0	180.0	4	1965.636393459816	1965.8333134724412
1965.9166734874025	0.5069200132661535	trials	210528SL	p38	Z11111	80	4.0	225.0	4	1966.0666734874026	1966.2735935006685
1966.3569935156324	0.49688001262279613	trials	210528SL	p38	Z11111	39	8.0	90.0	4	1966.5069935156325	1966.7038735282551
1966.787273543219	0.4969200126254236	trials	210528SL	p38	Z11111	298	12.0	135.0	12	1966.9372735432191	1967.1341935558444
1967.2275535714466	0.49692001262519625	trials	210528SL	p38	Z11111	34	3.0	90.0	4	1967.3775535714467	1967.5744735840717
1971.1501938229387	0.5069200132663809	trials	210528SL	p38	Z11111	99	8.0	270.0	4	1971.3001938229388	1971.507113836205
1971.560473849243	0.5269600145511504	trials	210528SL	p38	Z11111	234	8.0	315.0	8	1971.710473849243	1971.937433863794
1971.9907538768293	0.496920012625651	trials	210528SL	p38	Z11111	338	7.0	270.0	12	1972.1407538768294	1972.337673889455
1972.4310739050597	0.5269200145485229	trials	210528SL	p38	Z11111	322	6.0	225.0	12	1972.5810739050598	1972.8079939196082
1972.8613539326461	0.5269200145489776	trials	210528SL	p38	Z11111	198	2.0	225.0	8	1973.0113539326462	1973.238273947195
1973.301633960874	0.5269600145511504	trials	210528SL	p38	Z11111	173	7.0	135.0	8	1973.451633960874	1973.678593975425
1973.731953988463	0.5269200145487503	trials	210528SL	p38	Z11111	86	10.0	225.0	4	1973.881953988463	1974.1088740030116
1977.7045942431605	0.5069600132692358	trials	210528SL	p38	Z11111	303	2.0	180.0	12	1977.8545942431606	1978.0615542564296
1978.144914271391	0.536960015192335	trials	210528SL	p38	Z11111	209	13.0	225.0	8	1978.294914271391	1978.5318742865832
1978.6152343015447	0.49692001262519625	trials	210528SL	p38	Z11111	177	11.0	135.0	8	1978.7652343015448	1978.9621543141698
1979.0155143272077	0.5269200145485229	trials	210528SL	p38	Z11111	284	13.0	90.0	12	1979.1655143272078	1979.3924343417561
1979.4557943554353	0.5269200145487503	trials	210528SL	p38	Z11111	333	2.0	270.0	12	1979.6057943554354	1979.832714369984
1979.8860743830219	0.5269600145511504	trials	210528SL	p38	Z11111	233	7.0	315.0	8	1980.036074383022	1980.263034397573
1980.3263944112518	0.5269200145489776	trials	210528SL	p38	Z11111	341	10.0	270.0	12	1980.476394411252	1980.7033144258007
1984.3891146717249	0.5069200132663809	trials	210528SL	p38	Z11111	77	1.0	225.0	4	1984.539114671725	1984.7460346849912
1984.8093946986705	0.5269600145511504	trials	210528SL	p38	Z11111	76	0.0	225.0	4	1984.9593946986706	1985.1863547132216
1985.239674726257	0.5269600145511504	trials	210528SL	p38	Z11111	350	4.0	315.0	12	1985.389674726257	1985.616634740808
1985.6699547538433	0.5369600151925624	trials	210528SL	p38	Z11111	17	1.0	45.0	4	1985.8199547538434	1986.0569147690358
1986.1403147839997	0.49688001262256876	trials	210528SL	p38	Z11111	187	6.0	180.0	8	1986.2903147839997	1986.4871947966221
1986.54055480966	0.5369600151925624	trials	210528SL	p38	Z11111	236	10.0	315.0	8	1986.6905548096602	1986.9275148248526
1987.0108748398138	0.49692001262519625	trials	210528SL	p38	Z11111	125	4.0	0.0	8	1987.160874839814	1987.357794852439
1990.943515091947	0.5069200132663809	trials	210528SL	p38	Z11111	276	5.0	90.0	12	1991.093515091947	1991.3004351052132
1991.3637951188923	0.5269600145511504	trials	210528SL	p38	Z11111	150	14.0	45.0	8	1991.5137951188924	1991.7407551334434
1991.7940751464787	0.5269600145513778	trials	210528SL	p38	Z11111	169	3.0	135.0	8	1991.9440751464788	1992.17103516103
1992.224395174068	0.5069200132663809	trials	210528SL	p38	Z11111	73	12.0	180.0	4	1992.374395174068	1992.5813151873342
1992.6346752003722	0.5269200145487503	trials	210528SL	p38	Z11111	269	13.0	45.0	12	1992.7846752003722	1993.0115952149208
1993.0649552279588	0.5269200145485229	trials	210528SL	p38	Z11111	132	11.0	0.0	8	1993.2149552279589	1993.4418752425072
1993.5052352561863	0.5269600145511504	trials	210528SL	p38	Z11111	258	2.0	45.0	12	1993.6552352561864	1993.8821952707374
1997.4579155096044	0.5069200132661535	trials	210528SL	p38	Z11111	190	9.0	180.0	8	1997.6079155096045	1997.8148355228705
1997.898195537832	0.4969200126254236	trials	210528SL	p38	Z11111	52	6.0	135.0	4	1998.048195537832	1998.2451155504573
1998.3284755654186	0.506960013268781	trials	210528SL	p38	Z11111	278	7.0	90.0	12	1998.4784755654186	1998.6854355786872
1998.7687955936485	0.4969200126254236	trials	210528SL	p38	Z11111	357	11.0	315.0	12	1998.9187955936486	1999.1157156062739
1999.1690756193116	0.5269200145489776	trials	210528SL	p38	Z11111	0			0	1999.3190756193117	1999.5459956338605
1999.6093556475394	0.5269600145513778	trials	210528SL	p38	Z11111	25	9.0	45.0	4	1999.7593556475395	1999.9863156620906
2000.039635675126	0.5269600145513778	trials	210528SL	p38	Z11111	214	3.0	270.0	8	2000.189635675126	2000.4165956896773
2003.9723159272617	0.5069200132663809	trials	210528SL	p38	Z11111	2	1.0	0.0	4	2004.1223159272618	2004.329235940528
2006.9743161197289	0.5069200132663809	trials	210528SL	p38	Z11111	249	8.0	0.0	12	2007.124316119729	2007.3312361329952
2007.384596146033	0.5269200145487503	trials	210528SL	p38	Z11111	197	1.0	225.0	8	2007.534596146033	2007.7615161605816
2007.8449161755457	0.5069200132661535	trials	210528SL	p38	Z11111	106	0.0	315.0	4	2007.9949161755458	2008.2018361888117
2008.285196203773	0.49692001262519625	trials	210528SL	p38	Z11111	26	10.0	45.0	4	2008.435196203773	2008.6321162163981
2008.7154762313596	0.5069200132663809	trials	210528SL	p38	Z11111	216	5.0	270.0	8	2008.8654762313597	2009.072396244626
2009.1557962595898	0.4969200126254236	trials	210528SL	p38	Z11111	5	4.0	0.0	4	2009.30579625959	2009.5027162722151
2009.5860762871764	0.49692001262519625	trials	210528SL	p38	Z11111	188	7.0	180.0	8	2009.7360762871765	2009.9329962998015
2013.5487565412354	0.5069200132666083	trials	210528SL	p38	Z11111	160	9.0	90.0	8	2013.6987565412355	2013.905676554502
2013.9890365694632	0.5269600145511504	trials	210528SL	p38	Z11111	283	12.0	90.0	12	2014.1390365694633	2014.3659965840143
2014.4293165976908	0.5269600145513778	trials	210528SL	p38	Z11111	181	0.0	180.0	8	2014.5793165976909	2014.806276612242
2014.869636625921	0.5069200132666083	trials	210528SL	p38	Z11111	165	14.0	90.0	8	2015.019636625921	2015.2265566391875
2017.9617168241634	0.5069200132663809	trials	210528SL	p38	Z11111	288	2.0	135.0	12	2018.1117168241635	2018.3186368374297
2018.401996852391	0.4969200126254236	trials	210528SL	p38	Z11111	264	8.0	45.0	12	2018.551996852391	2018.7489168650163
2018.8022768780543	0.5369600151921077	trials	210528SL	p38	Z11111	24	8.0	45.0	4	2018.9522768780544	2019.1892368932463
2019.2725969082076	0.496920012625651	trials	210528SL	p38	Z11111	149	13.0	45.0	8	2019.4225969082077	2019.6195169208331
2019.7028769357944	0.5069200132661535	trials	210528SL	p38	Z11111	128	7.0	0.0	8	2019.8528769357945	2020.0597969490605
2020.1431969640244	0.4969200126254236	trials	210528SL	p38	Z11111	186	5.0	180.0	8	2020.2931969640244	2020.4901169766497
2020.573476991611	0.5069200132663809	trials	210528SL	p38	Z11111	221	10.0	270.0	8	2020.723476991611	2020.9303970048772
2025.3166772957115	0.5069200132666083	trials	210528SL	p38	Z11111	0			0	2025.4666772957116	2025.673597308978
2025.7269573220158	0.5369200151897076	trials	210528SL	p38	Z11111	220	9.0	270.0	8	2025.8769573220159	2026.1138773372054
2026.197237352167	0.49692001262519625	trials	210528SL	p38	Z11111	189	8.0	180.0	8	2026.347237352167	2026.544157364792
2026.627557379756	0.5369200151897076	trials	210528SL	p38	Z11111	170	4.0	135.0	8	2026.777557379756	2027.0144773949455
2027.0678374079835	0.5269600145513778	trials	210528SL	p38	Z11111	136	0.0	45.0	8	2027.2178374079836	2027.4447974225347
2027.4981174355703	0.49692001262519625	trials	210528SL	p38	Z11111	22	6.0	45.0	4	2027.6481174355704	2027.8450374481954
2027.9083974618743	0.5269600145513778	trials	210528SL	p38	Z11111	58	12.0	135.0	4	2028.0583974618744	2028.2853574764256
2032.661597766616	0.5069200132666083	trials	210528SL	p38	Z11111	302	1.0	180.0	12	2032.8115977666162	2033.0185177798826
2033.0718777929203	0.5269600145513778	trials	210528SL	p38	Z11111	207	11.0	225.0	8	2033.2218777929204	2033.4488378074716
2033.502157820507	0.536960015192335	trials	210528SL	p38	Z11111	32	1.0	90.0	4	2033.652157820507	2033.8891178356992
2033.9724778506604	0.536960015192335	trials	210528SL	p38	Z11111	185	4.0	180.0	8	2034.1224778506605	2034.3594378658527
2034.4127978788906	0.5269200145485229	trials	210528SL	p38	Z11111	227	1.0	315.0	8	2034.5627978788907	2034.789717893439
2034.8430779064772	0.5269200145487503	trials	210528SL	p38	Z11111	252	11.0	0.0	12	2034.9930779064773	2035.2199979210259
2037.6049580835495	0.5069200132663809	trials	210528SL	p38	Z11111	126	5.0	0.0	8	2037.7549580835496	2037.9618780968158
2038.0252381104947	0.5269200145489776	trials	210528SL	p38	Z11111	240	14.0	315.0	8	2038.1752381104948	2038.4021581250436
2038.4555181380815	0.5269200145485229	trials	210528SL	p38	Z11111	228	2.0	315.0	8	2038.6055181380816	2038.83243815263
2038.885798165668	0.536960015192335	trials	210528SL	p38	Z11111	114	8.0	315.0	4	2039.035798165668	2039.2727581808601
2039.3260781938955	0.5269600145513778	trials	210528SL	p38	Z11111	244	3.0	0.0	12	2039.4760781938955	2039.7030382084467
2039.7563982214847	0.5369200151897076	trials	210528SL	p38	Z11111	192	11.0	180.0	8	2039.9063982214848	2040.1433182366743
2042.3881583902144	0.5169200139075656	trials	210528SL	p38	Z11111	133	12.0	0.0	8	2042.5381583902144	2042.7550784041218
2042.8384784190857	0.5269200145487503	trials	210528SL	p38	Z11111	265	9.0	45.0	12	2042.9884784190858	2043.2153984336344
2043.2687584466723	0.5069200132663809	trials	210528SL	p38	Z11111	347	1.0	315.0	12	2043.4187584466724	2043.6256784599386
2043.7090384749	0.4969200126254236	trials	210528SL	p38	Z11111	306	5.0	180.0	12	2043.8590384749	2044.0559584875252
2044.1393185024867	0.49692001262519625	trials	210528SL	p38	Z11111	174	8.0	135.0	8	2044.2893185024868	2044.4862385151118
2044.5796385307167	0.5269200145487503	trials	210528SL	p38	Z11111	161	10.0	90.0	8	2044.7296385307168	2044.9565585452654
2045.0099185583033	0.536960015192335	trials	210528SL	p38	Z11111	143	7.0	45.0	8	2045.1599185583034	2045.3968785734955
2049.1326788226256	0.5069200132666083	trials	210528SL	p38	Z11111	78	2.0	225.0	4	2049.2826788226257	2049.489598835892
2049.54295884893	0.5369600151921077	trials	210528SL	p38	Z11111	316	0.0	225.0	12	2049.69295884893	2049.929918864122
2049.98327887716	0.5269200145489776	trials	210528SL	p38	Z11111	123	2.0	0.0	8	2050.13327887716	2050.360198891709
2050.4135589047464	0.496920012625651	trials	210528SL	p38	Z11111	297	11.0	135.0	12	2050.5635589047465	2050.760478917372
2050.8438389323333	0.5069200132661535	trials	210528SL	p38	Z11111	313	12.0	180.0	12	2050.9938389323333	2051.2007589455993
2051.284158960563	0.49692001262519625	trials	210528SL	p38	Z11111	155	4.0	90.0	8	2051.4341589605633	2051.6310789731883
2051.684398986224	0.5269600145511504	trials	210528SL	p38	Z11111	312	11.0	180.0	12	2051.834398986224	2052.061359000775
2055.6570792409243	0.5069200132661535	trials	210528SL	p38	Z11111	31	0.0	90.0	4	2055.8070792409244	2056.0139992541904
2056.0673592672283	0.496920012625651	trials	210528SL	p38	Z11111	92	1.0	270.0	4	2056.2173592672284	2056.414279279854
2056.4976392948147	0.5369600151925624	trials	210528SL	p38	Z11111	63	2.0	180.0	4	2056.647639294815	2056.884599310007
2056.937959323045	0.5269200145485229	trials	210528SL	p38	Z11111	67	6.0	180.0	4	2057.087959323045	2057.3148793375935
2057.3682393506315	0.5369600151925624	trials	210528SL	p38	Z11111	286	0.0	135.0	12	2057.5182393506316	2057.755199365824
2057.8385593807852	0.49692001262519625	trials	210528SL	p38	Z11111	344	13.0	270.0	12	2057.9885593807853	2058.1854793934103
2058.278839409013	0.49692001262519625	trials	210528SL	p38	Z11111	179	13.0	135.0	8	2058.428839409013	2058.625759421638
2062.1414396566556	0.5069200132666083	trials	210528SL	p38	Z11111	279	8.0	90.0	12	2062.2914396566557	2062.498359669922
2062.561719683601	0.5269600145511504	trials	210528SL	p38	Z11111	4	3.0	0.0	4	2062.711719683601	2062.938679698152
2062.99203971119	0.5269200145485229	trials	210528SL	p38	Z11111	1	0.0	0.0	4	2063.14203971119	2063.3689597257385
2063.4223197387764	0.5369600151925624	trials	210528SL	p38	Z11111	219	8.0	270.0	8	2063.5723197387765	2063.809279753969
2063.89263976893	0.49692001262519625	trials	210528SL	p38	Z11111	263	7.0	45.0	12	2064.0426397689303	2064.2395597815553
2064.3329197971575	0.5269600145516051	trials	210528SL	p38	Z11111	102	11.0	270.0	4	2064.4829197971576	2064.709879811709
2064.7631998247443	0.5269600145511504	trials	210528SL	p38	Z11111	172	6.0	135.0	8	2064.9131998247444	2065.1401598392954
2068.7659200813705	0.5069200132661535	trials	210528SL	p38	Z11111	321	5.0	225.0	12	2068.9159200813706	2069.1228400946366
2069.2162001102392	0.5269600145511504	trials	210528SL	p38	Z11111	142	6.0	45.0	8	2069.3662001102393	2069.5931601247903
2069.6765201397516	0.5069200132666083	trials	210528SL	p38	Z11111	205	9.0	225.0	8	2069.8265201397517	2070.033440153018
2072.3483203110486	0.5069200132666083	trials	210528SL	p38	Z11111	144	8.0	45.0	8	2072.4983203110487	2072.705240324315
2072.758600337353	0.5269200145485229	trials	210528SL	p38	Z11111	261	5.0	45.0	12	2072.908600337353	2073.1355203519015
2073.198880365581	0.5269600145511504	trials	210528SL	p38	Z11111	96	5.0	270.0	4	2073.348880365581	2073.575840380132
2073.62920039317	0.5269200145485229	trials	210528SL	p38	Z11111	353	7.0	315.0	12	2073.77920039317	2074.0061204077183
2074.0594804207562	0.5369600151925624	trials	210528SL	p38	Z11111	122	1.0	0.0	8	2074.2094804207563	2074.4464404359487
2074.52980045091	0.49692001262519625	trials	210528SL	p38	Z11111	326	10.0	225.0	12	2074.67980045091	2074.876720463535
2074.9300404765704	0.5369600151925624	trials	210528SL	p38	Z11111	141	5.0	45.0	8	2075.0800404765705	2075.317000491763
2078.9727607357613	0.506960013268781	trials	210528SL	p38	Z11111	235	9.0	315.0	8	2079.1227607357614	2079.32972074903
2079.3830407620653	0.5269600145511504	trials	210528SL	p38	Z11111	254	13.0	0.0	12	2079.5330407620654	2079.7600007766164
2079.813360789655	0.5369200151894802	trials	210528SL	p38	Z11111	54	8.0	135.0	4	2079.963360789655	2080.200280804844
2082.6452409712147	0.506960013268781	trials	210528SL	p38	Z11111	55	9.0	135.0	4	2082.7952409712148	2083.0022009844834
2083.06552099816	0.5269600145511504	trials	210528SL	p38	Z11111	232	6.0	315.0	8	2083.21552099816	2083.442481012711
2083.495841025749	0.5269200145485229	trials	210528SL	p38	Z11111	202	6.0	225.0	8	2083.645841025749	2083.8727610402975
2083.936121053977	0.5269600145511504	trials	210528SL	p38	Z11111	218	7.0	270.0	8	2084.086121053977	2084.313081068528
2084.3664010815633	0.5269600145511504	trials	210528SL	p38	Z11111	171	5.0	135.0	8	2084.5164010815633	2084.7433610961143
2084.7967211091523	0.5369200151899349	trials	210528SL	p38	Z11111	273	2.0	90.0	12	2084.9467211091523	2085.183641124342
2085.2670011393034	0.49692001262519625	trials	210528SL	p38	Z11111	89	13.0	225.0	4	2085.4170011393035	2085.6139211519285
2089.289721397212	0.5069200132661535	trials	210528SL	p38	Z11111	342	11.0	270.0	12	2089.439721397212	2089.646641410478
2089.700001423516	0.5269600145511504	trials	210528SL	p38	Z11111	195	14.0	180.0	8	2089.850001423516	2090.076961438067
2090.1402814517437	0.5269600145511504	trials	210528SL	p38	Z11111	79	3.0	225.0	4	2090.290281451744	2090.5172414662948
2090.5706014793327	0.5269200145489776	trials	210528SL	p38	Z11111	343	12.0	270.0	12	2090.720601479333	2090.9475214938816
2091.000881506919	0.5369600151925624	trials	210528SL	p38	Z11111	20	4.0	45.0	4	2091.150881506919	2091.3878415221116
2091.471201537073	0.49692001262519625	trials	210528SL	p38	Z11111	194	13.0	180.0	8	2091.621201537073	2091.818121549698
2091.9114815653006	0.49692001262519625	trials	210528SL	p38	Z11111	301	0.0	180.0	12	2092.0614815653007	2092.2584015779257
2095.844121817434	0.506960013268781	trials	210528SL	p38	Z11111	12	11.0	0.0	4	2095.994121817434	2096.2010818307026
2096.254401843738	0.5369600151925624	trials	210528SL	p38	Z11111	13	12.0	0.0	4	2096.404401843738	2096.6413618589304
2096.7247218738917	0.5269600145511504	trials	210528SL	p38	Z11111	72	11.0	180.0	4	2096.8747218738918	2097.1016818884427
2097.165041902122	0.5269200145485229	trials	210528SL	p38	Z11111	250	9.0	0.0	12	2097.315041902122	2097.5419619166705
2097.5953219297085	0.5269200145485229	trials	210528SL	p38	Z11111	66	5.0	180.0	4	2097.7453219297086	2097.972241944257
2098.025601957295	0.5369600151925624	trials	210528SL	p38	Z11111	248	7.0	0.0	12	2098.175601957295	2098.4125619724873
2098.4959219874486	0.49692001262519625	trials	210528SL	p38	Z11111	129	8.0	0.0	8	2098.6459219874487	2098.8428420000737
2102.498602244072	0.5169600139101931	trials	210528SL	p38	Z11111	127	6.0	0.0	8	2102.648602244072	2102.865562257982
2102.9489222729435	0.5269600145511504	trials	210528SL	p38	Z11111	18	2.0	45.0	4	2103.0989222729436	2103.3258822874946
2103.37920230053	0.5369600151925624	trials	210528SL	p38	Z11111	19	3.0	45.0	4	2103.52920230053	2103.7661623157223
2103.8195223287603	0.5269200145485229	trials	210528SL	p38	Z11111	162	11.0	90.0	8	2103.9695223287604	2104.1964423433087
2104.2498023563467	0.5269200145489776	trials	210528SL	p38	Z11111	120	14.0	315.0	4	2104.3998023563468	2104.6267223708955
2104.6900823845745	0.5269600145511504	trials	210528SL	p38	Z11111	109	3.0	315.0	4	2104.8400823845745	2105.0670423991255
2105.1204024121635	0.49692001262519625	trials	210528SL	p38	Z11111	61	0.0	180.0	4	2105.2704024121635	2105.4673224247886
2109.563362697015	0.5069200132661535	trials	210528SL	p38	Z11111	10	9.0	0.0	4	2109.713362697015	2109.920282710281
2109.973642723319	0.5269600145511504	trials	210528SL	p38	Z11111	151	0.0	90.0	8	2110.123642723319	2110.35060273787
2110.4039227509056	0.5269600145511504	trials	210528SL	p38	Z11111	93	2.0	270.0	4	2110.5539227509057	2110.7808827654567
2114.0564029850766	0.5069200132666083	trials	210528SL	p38	Z11111	112	6.0	315.0	4	2114.2064029850767	2114.413322998343
2114.466683011381	0.5369200151899349	trials	210528SL	p38	Z11111	251	10.0	0.0	12	2114.616683011381	2114.853603026571
2114.9370030415344	0.496920012625651	trials	210528SL	p38	Z11111	35	4.0	90.0	4	2115.0870030415344	2115.28392305416
2115.377283069762	0.49692001262519625	trials	210528SL	p38	Z11111	44	13.0	90.0	4	2115.5272830697622	2115.7242030823872
2115.807563097349	0.49692001262519625	trials	210528SL	p38	Z11111	182	1.0	180.0	8	2115.957563097349	2116.154483109974
2116.237883124938	0.5069200132661535	trials	210528SL	p38	Z11111	90	14.0	225.0	4	2116.387883124938	2116.594803138204
2116.6781631531653	0.496920012625651	trials	210528SL	p38	Z11111	191	10.0	180.0	8	2116.8281631531654	2117.025083165791
2120.830963419414	0.5069200132661535	trials	210528SL	p38	Z11111	97	6.0	270.0	4	2120.980963419414	2121.18788343268
2121.241243445718	0.5369200151899349	trials	210528SL	p38	Z11111	307	6.0	180.0	12	2121.391243445718	2121.6281634609077
2121.6815234739456	0.5269600145511504	trials	210528SL	p38	Z11111	148	12.0	45.0	8	2121.8315234739457	2122.0584834884967
2122.1118435015346	0.5269200145489776	trials	210528SL	p38	Z11111	108	2.0	315.0	4	2122.2618435015347	2122.4887635160835
2122.5521235297624	0.5269200145485229	trials	210528SL	p38	Z11111	346	0.0	315.0	12	2122.7021235297625	2122.929043544311
2122.982403557349	0.5269600145511504	trials	210528SL	p38	Z11111	167	1.0	135.0	8	2123.132403557349	2123.3593635719
2123.422723585579	0.5269200145485229	trials	210528SL	p38	Z11111	266	10.0	45.0	12	2123.5727235855793	2123.7996436001276
2127.5354838492603	0.5069200132666083	trials	210528SL	p38	Z11111	208	12.0	225.0	8	2127.6854838492604	2127.892403862527
2127.9457638755644	0.5069200132666083	trials	210528SL	p38	Z11111	21	5.0	45.0	4	2128.0957638755644	2128.302683888831
2128.386043903792	0.49692001262519625	trials	210528SL	p38	Z11111	100	9.0	270.0	4	2128.5360439037922	2128.7329639164172
2128.8163239313785	0.496920012625651	trials	210528SL	p38	Z11111	113	7.0	315.0	4	2128.9663239313786	2129.163243944004
2129.256643959609	0.5269200145485229	trials	210528SL	p38	Z11111	175	9.0	135.0	8	2129.406643959609	2129.6335639741574
2129.6869239871953	0.496920012625651	trials	210528SL	p38	Z11111	110	4.0	315.0	4	2129.8369239871954	2130.033843999821
2130.0872040128584	0.5369200151899349	trials	210528SL	p38	Z11111	199	3.0	225.0	8	2130.2372040128585	2130.474124028048
2134.0298442656326	0.5069200132666083	trials	210528SL	p38	Z11111	247	6.0	0.0	12	2134.1798442656327	2134.386764278899
2134.440124291937	0.5269200145485229	trials	210528SL	p38	Z11111	329	13.0	225.0	12	2134.590124291937	2134.8170443064855
2134.8704043195235	0.5369600151925624	trials	210528SL	p38	Z11111	305	4.0	180.0	12	2135.0204043195235	2135.257364334716
2135.340724349677	0.49692001262519625	trials	210528SL	p38	Z11111	337	6.0	270.0	12	2135.4907243496773	2135.6876443623023
2135.7810443779076	0.5269200145485229	trials	210528SL	p38	Z11111	204	8.0	225.0	8	2135.9310443779077	2136.157964392456
2136.211324405494	0.5269200145485229	trials	210528SL	p38	Z11111	27	11.0	45.0	4	2136.361324405494	2136.5882444200424
2136.651604433722	0.5269600145511504	trials	210528SL	p38	Z11111	116	10.0	315.0	4	2136.801604433722	2137.028564448273
2140.5842446858546	0.5069200132666083	trials	210528SL	p38	Z11111	121	0.0	0.0	8	2140.7342446858547	2140.941164699121
2140.994524712159	0.5269600145511504	trials	210528SL	p38	Z11111	267	11.0	45.0	12	2141.144524712159	2141.37148472671
2141.4448447410305	0.5369200151899349	trials	210528SL	p38	Z11111	50	4.0	135.0	4	2141.5948447410306	2141.8317647562203
2141.9151647711838	0.496920012625651	trials	210528SL	p38	Z11111	23	7.0	45.0	4	2142.065164771184	2142.2620847838093
2144.767084954029	0.5069200132661535	trials	210528SL	p38	Z11111	239	13.0	315.0	8	2144.917084954029	2145.124004967295
2145.177364980333	0.5269200145489776	trials	210528SL	p38	Z11111	262	6.0	45.0	12	2145.327364980333	2145.554284994882
2145.60764500792	0.5369200151899349	trials	210528SL	p38	Z11111	130	9.0	0.0	8	2145.75764500792	2145.9945650231098
2150.751085337681	0.506960013268781	trials	210528SL	p38	Z11111	95	4.0	270.0	4	2150.9010853376813	2151.10804535095
2151.161365363985	0.5369600151921077	trials	210528SL	p38	Z11111	60	14.0	135.0	4	2151.3113653639853	2151.548325379177
2151.631685394139	0.49692001262519625	trials	210528SL	p38	Z11111	87	11.0	225.0	4	2151.781685394139	2151.978605406764
2152.0619654217253	0.5069600132692358	trials	210528SL	p38	Z11111	193	12.0	180.0	8	2152.2119654217254	2152.4189254349944
2152.5022854499553	0.496920012625651	trials	210528SL	p38	Z11111	225	14.0	270.0	8	2152.6522854499553	2152.849205462581
2152.932565477542	0.49692001262519625	trials	210528SL	p38	Z11111	309	8.0	180.0	12	2153.082565477542	2153.279485490167
2153.372885505772	0.4968800126230235	trials	210528SL	p38	Z11111	62	1.0	180.0	4	2153.522885505772	2153.719765518395
2157.4256057656044	0.5069200132661535	trials	210528SL	p38	Z11111	292	6.0	135.0	12	2157.5756057656045	2157.7825257788704
2157.8358857919084	0.49692001262519625	trials	210528SL	p38	Z11111	210	14.0	225.0	8	2157.9858857919085	2158.1828058045335
2158.276165820136	0.5269600145511504	trials	210528SL	p38	Z11111	212	1.0	270.0	8	2158.4261658201362	2158.653125834687
2158.7064458477225	0.49692001262519625	trials	210528SL	p38	Z11111	330	14.0	225.0	12	2158.8564458477226	2159.0533658603476
2159.1367658753115	0.5069200132666083	trials	210528SL	p38	Z11111	315	14.0	180.0	12	2159.2867658753116	2159.493685888578
2159.5470059016134	0.5269600145511504	trials	210528SL	p38	Z11111	59	13.0	135.0	4	2159.6970059016135	2159.9239659161644
2159.9773259292024	0.5269200145485229	trials	210528SL	p38	Z11111	154	3.0	90.0	8	2160.1273259292025	2160.354245943751
2165.4910062827007	0.5069600132692358	trials	210528SL	p38	Z11111	226	0.0	315.0	8	2165.641006282701	2165.84796629597
2165.901286309005	0.5269600145511504	trials	210528SL	p38	Z11111	40	9.0	90.0	4	2166.0512863090053	2166.2782463235562
2166.331606336594	0.49688001262256876	trials	210528SL	p38	Z11111	268	12.0	45.0	12	2166.4816063365943	2166.6784863492167
2166.7718863648215	0.496920012625651	trials	210528SL	p38	Z11111	48	2.0	135.0	4	2166.9218863648216	2167.118806377447
2167.2021663924083	0.49692001262519625	trials	210528SL	p38	Z11111	200	4.0	225.0	8	2167.3521663924084	2167.5490864050334
2167.6324464199947	0.5069600132692358	trials	210528SL	p38	Z11111	277	6.0	90.0	12	2167.782446419995	2167.989406433264
2170.3342865932177	0.5069200132666083	trials	210528SL	p38	Z11111	70	9.0	180.0	4	2170.484286593218	2170.6912066064842
2170.744566619522	0.5369200151894802	trials	210528SL	p38	Z11111	255	14.0	0.0	12	2170.8945666195223	2171.1314866347116
2171.2148866496755	0.496920012625651	trials	210528SL	p38	Z11111	272	1.0	90.0	12	2171.3648866496756	2171.561806662301
2171.6151666753385	0.5369200151899349	trials	210528SL	p38	Z11111	229	3.0	315.0	8	2171.7651666753386	2172.0020866905284
2172.0854467054896	0.49692001262519625	trials	210528SL	p38	Z11111	256	0.0	45.0	12	2172.2354467054897	2172.4323667181147
2172.4857267311527	0.5269600145516051	trials	210528SL	p38	Z11111	15	14.0	0.0	4	2172.6357267311528	2172.862686745704
2172.926046759383	0.5269200145489776	trials	210528SL	p38	Z11111	14	13.0	0.0	4	2173.076046759383	2173.302966773932
2176.978767019215	0.5069200132666083	trials	210528SL	p38	Z11111	335	4.0	270.0	12	2177.128767019215	2177.3356870324815
2177.389047045519	0.5369200151899349	trials	210528SL	p38	Z11111	42	11.0	90.0	4	2177.539047045519	2177.775967060709
2177.8593670756727	0.5269200145489776	trials	210528SL	p38	Z11111	138	2.0	45.0	8	2178.009367075673	2178.2362870902216
2178.2896471032595	0.49692001262519625	trials	210528SL	p38	Z11111	64	3.0	180.0	4	2178.4396471032596	2178.6365671158846
2178.729927131487	0.5269600145511504	trials	210528SL	p38	Z11111	81	5.0	225.0	4	2178.879927131487	2179.106887146038
2179.1602071590733	0.5269600145516051	trials	210528SL	p38	Z11111	45	14.0	90.0	4	2179.3102071590733	2179.5371671736248
2179.6005271873037	0.5269200145485229	trials	210528SL	p38	Z11111	332	1.0	270.0	12	2179.7505271873038	2179.977447201852
2183.603207443927	0.5069200132666083	trials	210528SL	p38	Z11111	118	12.0	315.0	4	2183.7532074439273	2183.9601274571937
2184.0435274721576	0.5269200145485229	trials	210528SL	p38	Z11111	147	11.0	45.0	8	2184.1935274721577	2184.420447486706
2184.473807499744	0.5069200132666083	trials	210528SL	p38	Z11111	253	12.0	0.0	12	2184.623807499744	2184.8307275130105
2184.9140875279713	0.496920012625651	trials	210528SL	p38	Z11111	152	1.0	90.0	8	2185.0640875279714	2185.261007540597
2185.344407555561	0.5069200132661535	trials	210528SL	p38	Z11111	360	14.0	315.0	12	2185.494407555561	2185.701327568827
2185.7846875837886	0.49692001262519625	trials	210528SL	p38	Z11111	304	3.0	180.0	12	2185.9346875837887	2186.1316075964137
2186.1849676094516	0.5269200145485229	trials	210528SL	p38	Z11111	356	10.0	315.0	12	2186.3349676094517	2186.561887624
2190.1176078615845	0.5069200132666083	trials	210528SL	p38	Z11111	178	12.0	135.0	8	2190.2676078615846	2190.474527874851
2190.53788788853	0.5269200145489776	trials	210528SL	p38	Z11111	289	3.0	135.0	12	2190.68788788853	2190.914807903079
2190.9681679161163	0.496920012625651	trials	210528SL	p38	Z11111	56	10.0	135.0	4	2191.1181679161164	2191.315087928742
2191.36844794178	0.5269200145485229	trials	210528SL	p38	Z11111	354	8.0	315.0	12	2191.51844794178	2191.745367956328
2191.8087279700076	0.5269600145511504	trials	210528SL	p38	Z11111	206	10.0	225.0	8	2191.9587279700077	2192.1856879845586
2192.2390479975966	0.5269200145485229	trials	210528SL	p38	Z11111	336	5.0	270.0	12	2192.3890479975967	2192.615968012145
2192.679328025824	0.5269200145489776	trials	210528SL	p38	Z11111	104	13.0	270.0	4	2192.829328025824	2193.056248040373
2196.6820082824474	0.5069200132666083	trials	210528SL	p38	Z11111	323	7.0	225.0	12	2196.8320082824475	2197.038928295714
2197.092288308752	0.5269600145511504	trials	210528SL	p38	Z11111	270	14.0	45.0	12	2197.242288308752	2197.469248323303
2197.522608336341	0.5369200151899349	trials	210528SL	p38	Z11111	271	0.0	90.0	12	2197.672608336341	2197.9095283515308
2197.992888366492	0.49692001262519625	trials	210528SL	p38	Z11111	260	4.0	45.0	12	2198.142888366492	2198.339808379117
2198.423208394081	0.49692001262519625	trials	210528SL	p38	Z11111	280	9.0	90.0	12	2198.573208394081	2198.770128406706
2198.8334884203855	0.5269200145485229	trials	210528SL	p38	Z11111	310	9.0	180.0	12	2198.9834884203856	2199.210408434934
2199.263768447972	0.49692001262519625	trials	210528SL	p38	Z11111	134	13.0	0.0	8	2199.413768447972	2199.610688460597
2205.5580088515144	0.5069200132661535	trials	210528SL	p38	Z11111	105	14.0	270.0	4	2205.7080088515145	2205.9149288647804
2205.9682888778184	0.5369200151899349	trials	210528SL	p38	Z11111	88	12.0	225.0	4	2206.1182888778185	2206.3552088930082
2206.408568906046	0.5269200145485229	trials	210528SL	p38	Z11111	51	5.0	135.0	4	2206.5585689060463	2206.7854889205946
2206.8388489336326	0.5269600145511504	trials	210528SL	p38	Z11111	46	0.0	135.0	4	2206.9888489336327	2207.2158089481836
2207.279168961863	0.5269200145485229	trials	210528SL	p38	Z11111	83	7.0	225.0	4	2207.429168961863	2207.6560889764114
2207.7094489894494	0.5269200145485229	trials	210528SL	p38	Z11111	242	1.0	0.0	12	2207.8594489894494	2208.086369003998
2208.149729017677	0.5269600145511504	trials	210528SL	p38	Z11111	38	7.0	90.0	4	2208.2997290176772	2208.526689032228
2212.0523692678867	0.5069200132666083	trials	210528SL	p38	Z11111	119	13.0	315.0	4	2212.2023692678868	2212.409289281153
2212.4926492961145	0.49692001262519625	trials	210528SL	p38	Z11111	300	14.0	135.0	12	2212.6426492961145	2212.8395693087396
2212.9229693237035	0.5069200132666083	trials	210528SL	p38	Z11111	293	7.0	135.0	12	2213.0729693237035	2213.27988933697
2213.3632493519312	0.49692001262519625	trials	210528SL	p38	Z11111	7	6.0	0.0	4	2213.5132493519313	2213.7101693645564
2215.975009519379	0.5069200132666083	trials	210528SL	p38	Z11111	237	11.0	315.0	8	2216.125009519379	2216.3319295326455
2216.385289545683	0.5369600151925624	trials	210528SL	p38	Z11111	318	2.0	225.0	12	2216.535289545683	2216.7722495608755
2216.825569573911	0.5269600145511504	trials	210528SL	p38	Z11111	11	10.0	0.0	4	2216.975569573911	2217.202529588462
2217.2558896015	0.5369200151899349	trials	210528SL	p38	Z11111	196	0.0	225.0	8	2217.4058896015	2217.6428096166896
2217.726169631651	0.49692001262519625	trials	210528SL	p38	Z11111	282	11.0	90.0	12	2217.876169631651	2218.073089644276
2218.166489659881	0.496920012625651	trials	210528SL	p38	Z11111	339	8.0	270.0	12	2218.316489659881	2218.5134096725064
2218.5967696874677	0.49692001262519625	trials	210528SL	p38	Z11111	311	10.0	180.0	12	2218.746769687468	2218.943689700093
2222.3793299299787	0.5169200139075656	trials	210528SL	p38	Z11111	131	10.0	0.0	8	2222.5293299299788	2222.746249943886
2222.8296099588474	0.49692001262519625	trials	210528SL	p38	Z11111	117	11.0	315.0	4	2222.9796099588475	2223.1765299714725
2225.5814901352787	0.5069200132661535	trials	210528SL	p38	Z11111	285	14.0	90.0	12	2225.731490135279	2225.938410148545
2225.9917701615827	0.5269200145489776	trials	210528SL	p38	Z11111	146	10.0	45.0	8	2226.141770161583	2226.3686901761316
2226.4620901917365	0.5269200145485229	trials	210528SL	p38	Z11111	223	12.0	270.0	8	2226.6120901917366	2226.839010206285
2226.892370219323	0.5269200145489776	trials	210528SL	p38	Z11111	107	1.0	315.0	4	2227.042370219323	2227.2692902338717
2227.3326502475506	0.5269600145511504	trials	210528SL	p38	Z11111	101	10.0	270.0	4	2227.4826502475507	2227.7096102621017
2227.762930275137	0.5269600145516051	trials	210528SL	p38	Z11111	294	8.0	135.0	12	2227.912930275137	2228.1398902896885
2228.193250302726	0.5369200151899349	trials	210528SL	p38	Z11111	334	3.0	270.0	12	2228.343250302726	2228.580170317916
2232.0958505529334	0.5069200132666083	trials	210528SL	p38	Z11111	320	4.0	225.0	12	2232.2458505529335	2232.4527705662
2232.516130579879	0.5269600145511504	trials	210528SL	p38	Z11111	317	1.0	225.0	12	2232.666130579879	2232.89309059443
2232.946450607468	0.5269200145489776	trials	210528SL	p38	Z11111	115	9.0	315.0	4	2233.096450607468	2233.3233706220167
2233.3867306356956	0.5269200145485229	trials	210528SL	p38	Z11111	327	11.0	225.0	12	2233.5367306356957	2233.763650650244
2233.817010663282	0.5269600145511504	trials	210528SL	p38	Z11111	43	12.0	90.0	4	2233.967010663282	2234.193970677833
2234.2573306915124	0.5269200145485229	trials	210528SL	p38	Z11111	328	12.0	225.0	12	2234.4073306915125	2234.634250706061
2237.1692908782065	0.5069200132666083	trials	210528SL	p38	Z11111	359	13.0	315.0	12	2237.3192908782066	2237.526210891473
2237.6195709070757	0.5269600145511504	trials	210528SL	p38	Z11111	168	2.0	135.0	8	2237.769570907076	2237.996530921627
2238.079890936588	0.5269200145485229	trials	210528SL	p38	Z11111	37	6.0	90.0	4	2238.229890936588	2238.4568109511365
2238.5201709648154	0.496920012625651	trials	210528SL	p38	Z11111	319	3.0	225.0	12	2238.6701709648155	2238.867090977441
2238.950490992405	0.49692001262519625	trials	210528SL	p38	Z11111	84	8.0	225.0	4	2239.100490992405	2239.29741100503
2239.3807710199912	0.5069200132666083	trials	210528SL	p38	Z11111	159	8.0	90.0	8	2239.5307710199913	2239.7376910332578
2239.821051048219	0.49692001262519625	trials	210528SL	p38	Z11111	352	6.0	315.0	12	2239.971051048219	2240.167971060844
2244.1740113273	0.5069200132661535	trials	210528SL	p38	Z11111	41	10.0	90.0	4	2244.3240113273	2244.530931340566
2247.4061715345233	0.5069200132661535	trials	210528SL	p38	Z11111	28	12.0	45.0	4	2247.5561715345234	2247.7630915477894
2247.8164515608273	0.5069200132666083	trials	210528SL	p38	Z11111	275	4.0	90.0	12	2247.9664515608274	2248.173371574094
2250.2780917186506	0.5069200132666083	trials	210528SL	p38	Z11111	351	5.0	315.0	12	2250.4280917186506	2250.635011731917
2250.688371744955	0.5369600151921077	trials	210528SL	p38	Z11111	137	1.0	45.0	8	2250.838371744955	2251.075331760147
2251.1586917751083	0.496920012625651	trials	210528SL	p38	Z11111	355	9.0	315.0	12	2251.3086917751084	2251.505611787734
2251.5990118033387	0.49688001262256876	trials	210528SL	p38	Z11111	287	1.0	135.0	12	2251.749011803339	2251.945891815961
2252.029291830925	0.49692001262519625	trials	210528SL	p38	Z11111	295	9.0	135.0	12	2252.179291830925	2252.37621184355
2252.469571859153	0.49692001262519625	trials	210528SL	p38	Z11111	243	2.0	0.0	12	2252.619571859153	2252.816491871778
2252.8998518867393	0.5269600145511504	trials	210528SL	p38	Z11111	358	12.0	315.0	12	2253.0498518867394	2253.2768119012903
2257.122692157478	0.506960013268781	trials	210528SL	p38	Z11111	49	3.0	135.0	4	2257.272692157478	2257.4796521707467
2257.5329721837825	0.49692001262519625	trials	210528SL	p38	Z11111	139	3.0	45.0	8	2257.6829721837826	2257.8798921964076
2257.9332522094455	0.5269200145485229	trials	210528SL	p38	Z11111	246	5.0	0.0	12	2258.0832522094456	2258.310172223994
2258.363532237032	0.5069200132666083	trials	210528SL	p38	Z11111	29	13.0	45.0	4	2258.513532237032	2258.7204522502984
2258.803852265262	0.496920012625651	trials	210528SL	p38	Z11111	6	5.0	0.0	4	2258.953852265262	2259.1507722778874
2259.2341322928487	0.5369600151921077	trials	210528SL	p38	Z11111	98	7.0	270.0	4	2259.384132292849	2259.6210923080407
2259.6744123210765	0.5269600145511504	trials	210528SL	p38	Z11111	0			0	2259.8244123210766	2260.0513723356275
2262.006012470562	0.5069200132666083	trials	210528SL	p38	Z11111	111	5.0	315.0	4	2262.156012470562	2262.3629324838284
2262.4162924968664	0.5269200145485229	trials	210528SL	p38	Z11111	33	2.0	90.0	4	2262.5662924968665	2262.793212511415
2262.8465725244528	0.5369200151899349	trials	210528SL	p38	Z11111	85	9.0	225.0	4	2262.996572524453	2263.2334925396426
2263.2868525526806	0.5269600145511504	trials	210528SL	p38	Z11111	158	7.0	90.0	8	2263.4368525526806	2263.6638125672316
2263.717132580267	0.5369600151925624	trials	210528SL	p38	Z11111	231	5.0	315.0	8	2263.867132580267	2264.1040925954594
2264.1874526104207	0.49692001262519625	trials	210528SL	p38	Z11111	230	4.0	315.0	8	2264.3374526104208	2264.534372623046
2264.627772638651	0.5269200145485229	trials	210528SL	p38	Z11111	350	4.0	315.0	12	2264.777772638651	2265.0046926531995
2269.0507329222196	0.5069200132666083	trials	210528SL	p38	Z11111	139	3.0	45.0	8	2269.2007329222197	2269.407652935486
2269.4910129504474	0.5269600145511504	trials	210528SL	p38	Z11111	332	1.0	270.0	12	2269.6410129504475	2269.8679729649984
2269.931332978678	0.5269200145485229	trials	210528SL	p38	Z11111	317	1.0	225.0	12	2270.081332978678	2270.3082529932262
2270.361613006264	0.5269600145511504	trials	210528SL	p38	Z11111	324	8.0	225.0	12	2270.5116130062643	2270.7385730208152
2270.7918930338506	0.496920012625651	trials	210528SL	p38	Z11111	73	12.0	180.0	4	2270.9418930338506	2271.138813046476
2271.232213062081	0.5269200145485229	trials	210528SL	p38	Z11111	267	11.0	45.0	12	2271.382213062081	2271.6091330766294
2271.6624930896674	0.49692001262519625	trials	210528SL	p38	Z11111	5	4.0	0.0	4	2271.8124930896674	2272.0094131022925
2275.8553333584828	0.5069200132666083	trials	210528SL	p38	Z11111	285	14.0	90.0	12	2276.005333358483	2276.2122533717493
2276.2656133847872	0.49692001262519625	trials	210528SL	p38	Z11111	123	2.0	0.0	8	2276.4156133847873	2276.6125333974123
2276.6958934123736	0.5069200132666083	trials	210528SL	p38	Z11111	15	14.0	0.0	4	2276.8458934123737	2277.05281342564
2277.1361734406014	0.5269600145511504	trials	210528SL	p38	Z11111	312	11.0	180.0	12	2277.2861734406015	2277.5131334551525
2277.5664934681904	0.5369200151899349	trials	210528SL	p38	Z11111	233	7.0	315.0	8	2277.7164934681905	2277.9534134833802
2278.006773496418	0.5269200145485229	trials	210528SL	p38	Z11111	194	13.0	180.0	8	2278.1567734964183	2278.3836935109666
2278.4370535240046	0.5269600145511504	trials	210528SL	p38	Z11111	268	12.0	45.0	12	2278.5870535240047	2278.8140135385556
2282.860053807576	0.5069200132661535	trials	210528SL	p38	Z11111	104	13.0	270.0	4	2283.0100538075762	2283.216973820842
2283.2702938338775	0.5269600145516051	trials	210528SL	p38	Z11111	319	3.0	225.0	12	2283.4202938338776	2283.647253848429
2283.710613862108	0.5269200145485229	trials	210528SL	p38	Z11111	178	12.0	135.0	8	2283.860613862108	2284.0875338766564
2284.1608938909767	0.496920012625651	trials	210528SL	p38	Z11111	0			0	2284.310893890977	2284.5078139036023
2284.5912139185657	0.496920012625651	trials	210528SL	p38	Z11111	28	12.0	45.0	4	2284.741213918566	2284.9381339311913
2284.9914539442266	0.5369600151921077	trials	210528SL	p38	Z11111	47	1.0	135.0	4	2285.1414539442267	2285.3784139594186
2285.46177397438	0.496920012625651	trials	210528SL	p38	Z11111	196	0.0	225.0	8	2285.61177397438	2285.8086939870054
2289.4344542290805	0.5069200132661535	trials	210528SL	p38	Z11111	263	7.0	45.0	12	2289.5844542290806	2289.7913742423466
2289.8447342553845	0.5269200145489776	trials	210528SL	p38	Z11111	96	5.0	270.0	4	2289.9947342553846	2290.2216542699334
2290.2850142836123	0.5269600145511504	trials	210528SL	p38	Z11111	63	2.0	180.0	4	2290.4350142836124	2290.6619742981634
2290.7453343131247	0.49692001262519625	trials	210528SL	p38	Z11111	343	12.0	270.0	12	2290.8953343131247	2291.0922543257498
2291.1856543413546	0.5269200145489776	trials	210528SL	p38	Z11111	182	1.0	180.0	8	2291.3356543413547	2291.5625743559035
2291.6159343689415	0.5269200145485229	trials	210528SL	p38	Z11111	300	14.0	135.0	12	2291.7659343689415	2291.99285438349
2292.056214397169	0.5269600145516051	trials	210528SL	p38	Z11111	106	0.0	315.0	4	2292.206214397169	2292.4331744117203
2296.459174679456	0.5069200132661535	trials	210528SL	p38	Z11111	119	13.0	315.0	4	2296.609174679456	2296.816094692722
2296.86945470576	0.49692001262519625	trials	210528SL	p38	Z11111	30	14.0	45.0	4	2297.01945470576	2297.216374718385
2297.2997347333467	0.49692001262519625	trials	210528SL	p38	Z11111	165	14.0	90.0	8	2297.4497347333468	2297.646654745972
2297.7400547615766	0.5269200145489776	trials	210528SL	p38	Z11111	222	11.0	270.0	8	2297.8900547615767	2298.1169747761255
2298.170334789163	0.5369600151925624	trials	210528SL	p38	Z11111	284	13.0	90.0	12	2298.320334789163	2298.5572948043555
2298.6406548193168	0.49692001262519625	trials	210528SL	p38	Z11111	103	12.0	270.0	4	2298.790654819317	2298.987574831942
2301.0522949739343	0.5069200132661535	trials	210528SL	p38	Z11111	307	6.0	180.0	12	2301.2022949739344	2301.4092149872004
2301.4725750008797	0.5269200145485229	trials	210528SL	p38	Z11111	193	12.0	180.0	8	2301.62257500088	2301.849495015428
2301.902855028466	0.5269200145485229	trials	210528SL	p38	Z11111	167	1.0	135.0	8	2302.052855028466	2302.2797750430145
2302.3331350560525	0.5369600151925624	trials	210528SL	p38	Z11111	11	10.0	0.0	4	2302.4831350560526	2302.720095071245
2302.773455084283	0.5269200145485229	trials	210528SL	p38	Z11111	244	3.0	0.0	12	2302.923455084283	2303.1503750988313
2303.2037351118693	0.5369200151899349	trials	210528SL	p38	Z11111	116	10.0	315.0	4	2303.3537351118694	2303.590655127059
2303.674055142023	0.49692001262519625	trials	210528SL	p38	Z11111	314	13.0	180.0	12	2303.824055142023	2304.020975154648
2307.9769354178934	0.5069200132661535	trials	210528SL	p38	Z11111	195	14.0	180.0	8	2308.1269354178935	2308.3338554311595
2308.397215444839	0.5269600145511504	trials	210528SL	p38	Z11111	274	3.0	90.0	12	2308.547215444839	2308.77417545939
2308.857535474351	0.49692001262519625	trials	210528SL	p38	Z11111	84	8.0	225.0	4	2309.0075354743512	2309.2044554869763
2309.297815502579	0.5269600145511504	trials	210528SL	p38	Z11111	238	12.0	315.0	8	2309.447815502579	2309.67477551713
2309.728135530168	0.5269200145485229	trials	210528SL	p38	Z11111	229	3.0	315.0	8	2309.878135530168	2310.1050555447164
2310.1684155583957	0.5269200145485229	trials	210528SL	p38	Z11111	138	2.0	45.0	8	2310.318415558396	2310.545335572944
2310.598695585982	0.49692001262519625	trials	210528SL	p38	Z11111	135	14.0	0.0	8	2310.748695585982	2310.945615598607
2331.6828969377525	0.5069200132661535	trials	210528SL	p38	Z11111	224	13.0	270.0	8	2331.8328969377526	2332.0398169510186
2332.1231769659803	0.5269600145511504	trials	210528SL	p38	Z11111	27	11.0	45.0	4	2332.2731769659804	2332.5001369805314
2332.5634969942103	0.49692001262519625	trials	210528SL	p38	Z11111	349	3.0	315.0	12	2332.7134969942103	2332.9104170068354
2332.9937770217966	0.496920012625651	trials	210528SL	p38	Z11111	218	7.0	270.0	8	2333.1437770217967	2333.340697034422
2333.4240570493835	0.5069200132661535	trials	210528SL	p38	Z11111	81	5.0	225.0	4	2333.5740570493836	2333.7809770626495
2333.8643770776134	0.49692001262519625	trials	210528SL	p38	Z11111	133	12.0	0.0	8	2334.0143770776135	2334.2112970902385
2334.2646171032743	0.5269600145511504	trials	210528SL	p38	Z11111	283	12.0	90.0	12	2334.4146171032744	2334.6415771178254
2338.187297354769	0.5069200132661535	trials	210528SL	p38	Z11111	266	10.0	45.0	12	2338.337297354769	2338.544217368035
2338.59753738107	0.49692001262519625	trials	210528SL	p38	Z11111	328	12.0	225.0	12	2338.7475373810703	2338.9444573936953
2339.027857408659	0.496920012625651	trials	210528SL	p38	Z11111	321	5.0	225.0	12	2339.1778574086593	2339.3747774212848
2339.468137436887	0.5269600145511504	trials	210528SL	p38	Z11111	145	9.0	45.0	8	2339.618137436887	2339.845097451438
2339.8984174644734	0.5369600151925624	trials	210528SL	p38	Z11111	340	9.0	270.0	12	2340.0484174644735	2340.285377479666
2340.368737494627	0.49692001262519625	trials	210528SL	p38	Z11111	242	1.0	0.0	12	2340.518737494627	2340.715657507252
2340.7990175222135	0.5069600132692358	trials	210528SL	p38	Z11111	2	1.0	0.0	4	2340.9490175222136	2341.1559775354826
2345.4721778218236	0.5069200132666083	trials	210528SL	p38	Z11111	299	13.0	135.0	12	2345.6221778218237	2345.82909783509
2345.892457848769	0.49692001262519625	trials	210528SL	p38	Z11111	44	13.0	90.0	4	2346.042457848769	2346.239377861394
2346.322737876356	0.49692001262519625	trials	210528SL	p38	Z11111	322	6.0	225.0	12	2346.472737876356	2346.669657888981
2346.753057903945	0.5069200132661535	trials	210528SL	p38	Z11111	1	0.0	0.0	4	2346.903057903945	2347.109977917211
2347.193337932172	0.496920012625651	trials	210528SL	p38	Z11111	127	6.0	0.0	8	2347.3433379321723	2347.5402579447978
2347.623617959759	0.5069200132661535	trials	210528SL	p38	Z11111	164	13.0	90.0	8	2347.773617959759	2347.980537973025
2348.033897986063	0.5269600145511504	trials	210528SL	p38	Z11111	85	9.0	225.0	4	2348.183897986063	2348.410858000614
2352.246738256161	0.5069200132661535	trials	210528SL	p38	Z11111	232	6.0	315.0	8	2352.396738256161	2352.603658269427
2352.6670182831062	0.5269600145511504	trials	210528SL	p38	Z11111	275	4.0	90.0	12	2352.8170182831063	2353.0439782976573
2353.0972983106926	0.49692001262519625	trials	210528SL	p38	Z11111	49	3.0	135.0	4	2353.2472983106927	2353.4442183233177
2353.5276183382816	0.5069200132666083	trials	210528SL	p38	Z11111	16	0.0	45.0	4	2353.6776183382817	2353.884538351548
2353.9678983665094	0.5269600145511504	trials	210528SL	p38	Z11111	225	14.0	270.0	8	2354.1178983665095	2354.3448583810605
2354.398178394096	0.5369600151925624	trials	210528SL	p38	Z11111	334	3.0	270.0	12	2354.548178394096	2354.7851384092883
2354.838498422326	0.5269200145485229	trials	210528SL	p38	Z11111	286	0.0	135.0	12	2354.9884984223263	2355.2154184368746
2358.661058667402	0.5069200132661535	trials	210528SL	p38	Z11111	355	9.0	315.0	12	2358.811058667402	2359.017978680668
2359.1013386956297	0.49692001262519625	trials	210528SL	p38	Z11111	243	2.0	0.0	12	2359.25133869563	2359.448258708255
2359.5016187212927	0.5269600145511504	trials	210528SL	p38	Z11111	12	11.0	0.0	4	2359.651618721293	2359.878578735844
2359.9419387495227	0.5269200145489776	trials	210528SL	p38	Z11111	64	3.0	180.0	4	2360.091938749523	2360.3188587640716
2360.3722187771095	0.5269200145485229	trials	210528SL	p38	Z11111	352	6.0	315.0	12	2360.5222187771096	2360.749138791658
2360.812498805337	0.5269600145511504	trials	210528SL	p38	Z11111	323	7.0	225.0	12	2360.962498805337	2361.189458819888
2361.2427788329237	0.5269600145511504	trials	210528SL	p38	Z11111	331	0.0	270.0	12	2361.392778832924	2361.6197388474748
2365.175459085059	0.5069200132666083	trials	210528SL	p38	Z11111	197	1.0	225.0	8	2365.3254590850593	2365.5323790983257
2365.5957391120046	0.5269200145489776	trials	210528SL	p38	Z11111	68	7.0	180.0	4	2365.7457391120047	2365.9726591265535
2366.026019139591	0.5269200145489776	trials	210528SL	p38	Z11111	124	3.0	0.0	8	2366.176019139591	2366.40293915414
2366.456299167178	0.5369600151921077	trials	210528SL	p38	Z11111	118	12.0	315.0	4	2366.606299167178	2366.84325918237
2366.8966191954078	0.5269200145489776	trials	210528SL	p38	Z11111	190	9.0	180.0	8	2367.046619195408	2367.2735392099567
2367.3268992229946	0.5369200151894802	trials	210528SL	p38	Z11111	277	6.0	90.0	12	2367.4768992229947	2367.713819238184
2367.797219253148	0.496920012625651	trials	210528SL	p38	Z11111	29	13.0	45.0	4	2367.947219253148	2368.1441392657734
2371.729859505281	0.5169200139075656	trials	210528SL	p38	Z11111	7	6.0	0.0	4	2371.8798595052813	2372.0967795191887
2372.1501395322266	0.5269200145485229	trials	210528SL	p38	Z11111	351	5.0	315.0	12	2372.3001395322267	2372.527059546775
2372.580419559813	0.5269600145511504	trials	210528SL	p38	Z11111	220	9.0	270.0	8	2372.730419559813	2372.957379574364
2373.0106995874	0.506960013268781	trials	210528SL	p38	Z11111	78	2.0	225.0	4	2373.1606995874	2373.3676596006685
2373.45101961563	0.49692001262519625	trials	210528SL	p38	Z11111	201	5.0	225.0	8	2373.60101961563	2373.797939628255
2373.881299643216	0.5069200132666083	trials	210528SL	p38	Z11111	289	3.0	135.0	12	2374.0312996432162	2374.2382196564827
2374.3216196714466	0.49688001262256876	trials	210528SL	p38	Z11111	161	10.0	90.0	8	2374.4716196714467	2374.668499684069
2378.274259924862	0.5069200132666083	trials	210528SL	p38	Z11111	297	11.0	135.0	12	2378.424259924862	2378.6311799381283
2378.6845399511662	0.49692001262519625	trials	210528SL	p38	Z11111	153	2.0	90.0	8	2378.8345399511663	2379.0314599637913
2379.124819979394	0.49692001262519625	trials	210528SL	p38	Z11111	356	10.0	315.0	12	2379.274819979394	2379.471739992019
2379.555140006983	0.49692001262519625	trials	210528SL	p38	Z11111	90	14.0	225.0	4	2379.705140006983	2379.902060019608
2379.9854200345694	0.5069200132666083	trials	210528SL	p38	Z11111	187	6.0	180.0	8	2380.1354200345695	2380.342340047836
2380.425700062797	0.49692001262519625	trials	210528SL	p38	Z11111	202	6.0	225.0	8	2380.5757000627973	2380.7726200754223
2380.8559800903836	0.49692001262519625	trials	210528SL	p38	Z11111	117	11.0	315.0	4	2381.0059800903837	2381.2029001030087
2384.8987403495767	0.5069200132666083	trials	210528SL	p38	Z11111	301	0.0	180.0	12	2385.0487403495767	2385.255660362843
2385.3089803758785	0.5269600145511504	trials	210528SL	p38	Z11111	236	10.0	315.0	8	2385.4589803758786	2385.6859403904296
2385.7793004060322	0.49692001262519625	trials	210528SL	p38	Z11111	168	2.0	135.0	8	2385.9293004060323	2386.1262204186573
2395.756021045669	0.5069200132666083	trials	210528SL	p38	Z11111	181	0.0	180.0	8	2395.906021045669	2396.1129410589356
2396.1663010719735	0.5269600145511504	trials	210528SL	p38	Z11111	176	10.0	135.0	8	2396.3163010719736	2396.5432610865246
2396.59658109956	0.49692001262519625	trials	210528SL	p38	Z11111	261	5.0	45.0	12	2396.74658109956	2396.943501112185
2397.0369011277903	0.5269200145485229	trials	210528SL	p38	Z11111	0			0	2397.1869011277904	2397.4138211423387
2397.4671811553767	0.5269200145485229	trials	210528SL	p38	Z11111	241	0.0	0.0	12	2397.617181155377	2397.844101169925
2397.9074611836045	0.5269600145511504	trials	210528SL	p38	Z11111	10	9.0	0.0	4	2398.0574611836046	2398.2844211981555
2398.3377812111935	0.5269200145485229	trials	210528SL	p38	Z11111	149	13.0	45.0	8	2398.4877812111936	2398.714701225742
2402.510581478724	0.5069200132661535	trials	210528SL	p38	Z11111	219	8.0	270.0	8	2402.660581478724	2402.86750149199
2402.920861505028	0.5269200145489776	trials	210528SL	p38	Z11111	156	5.0	90.0	8	2403.070861505028	2403.297781519577
2403.3511415326147	0.5369600151921077	trials	210528SL	p38	Z11111	120	14.0	315.0	4	2403.501141532615	2403.7381015478068
2403.791421560842	0.5269600145511504	trials	210528SL	p38	Z11111	23	7.0	45.0	4	2403.941421560842	2404.168381575393
2406.40318172829	0.5069600132692358	trials	210528SL	p38	Z11111	310	9.0	180.0	12	2406.55318172829	2406.760141741559
2406.8134617545943	0.5369600151925624	trials	210528SL	p38	Z11111	36	5.0	90.0	4	2406.9634617545944	2407.2004217697868
2407.2837817847476	0.496920012625651	trials	210528SL	p38	Z11111	207	11.0	225.0	8	2407.4337817847477	2407.630701797373
2407.724101812978	0.49692001262519625	trials	210528SL	p38	Z11111	221	10.0	270.0	8	2407.874101812978	2408.071021825603
2408.154381840565	0.5269200145485229	trials	210528SL	p38	Z11111	295	9.0	135.0	12	2408.304381840565	2408.5313018551133
2408.594661868792	0.5269600145511504	trials	210528SL	p38	Z11111	93	2.0	270.0	4	2408.7446618687923	2408.9716218833432
2411.0563420266176	0.5069200132666083	trials	210528SL	p38	Z11111	112	6.0	315.0	4	2411.2063420266177	2411.413262039884
2411.466622052922	0.5269200145485229	trials	210528SL	p38	Z11111	245	4.0	0.0	12	2411.616622052922	2411.8435420674705
2411.8969020805084	0.49692001262519625	trials	210528SL	p38	Z11111	13	12.0	0.0	4	2412.0469020805085	2412.2438220931335
2412.337182108736	0.49692001262519625	trials	210528SL	p38	Z11111	92	1.0	270.0	4	2412.4871821087363	2412.6841021213613
2412.767502136325	0.49688001262256876	trials	210528SL	p38	Z11111	209	13.0	225.0	8	2412.9175021363253	2413.1143821489477
2413.1677421619856	0.5369600151925624	trials	210528SL	p38	Z11111	251	10.0	0.0	12	2413.3177421619857	2413.554702177178
2415.6193823191675	0.5069600132692358	trials	210528SL	p38	Z11111	57	11.0	135.0	4	2415.7693823191676	2415.9763423324366
2416.029662345472	0.5069600132692358	trials	210528SL	p38	Z11111	258	2.0	45.0	12	2416.179662345472	2416.386622358741
2416.4699823737024	0.5269200145485229	trials	210528SL	p38	Z11111	55	9.0	135.0	4	2416.6199823737024	2416.846902388251
2416.9002624012887	0.5269200145485229	trials	210528SL	p38	Z11111	318	2.0	225.0	12	2417.050262401289	2417.277182415837
2417.3405424295165	0.5269600145511504	trials	210528SL	p38	Z11111	234	8.0	315.0	8	2417.4905424295166	2417.7175024440676
2417.7708624571055	0.49692001262519625	trials	210528SL	p38	Z11111	269	13.0	45.0	12	2417.9208624571056	2418.1177824697306
2418.191142484051	0.49692001262519625	trials	210528SL	p38	Z11111	43	12.0	90.0	4	2418.341142484051	2418.538062496676
2422.474022758639	0.5069200132661535	trials	210528SL	p38	Z11111	228	2.0	315.0	8	2422.624022758639	2422.830942771905
2422.8943027855844	0.5269200145485229	trials	210528SL	p38	Z11111	337	6.0	270.0	12	2423.0443027855845	2423.271222800133
2423.3245828131708	0.5269600145511504	trials	210528SL	p38	Z11111	113	7.0	315.0	4	2423.474582813171	2423.701542827722
2423.754862840757	0.5369600151925624	trials	210528SL	p38	Z11111	154	3.0	90.0	8	2423.9048628407572	2424.1418228559496
2424.225182870911	0.49692001262519625	trials	210528SL	p38	Z11111	329	13.0	225.0	12	2424.375182870911	2424.572102883536
2424.6655028991413	0.49692001262519625	trials	210528SL	p38	Z11111	158	7.0	90.0	8	2424.8155028991414	2425.0124229117664
2425.0957829267277	0.49692001262519625	trials	210528SL	p38	Z11111	186	5.0	180.0	8	2425.2457829267278	2425.442702939353
2429.0784631820693	0.5169200139071108	trials	210528SL	p38	Z11111	62	1.0	180.0	4	2429.2284631820694	2429.4453831959763
2429.5287432109376	0.5269600145516051	trials	210528SL	p38	Z11111	273	2.0	90.0	12	2429.6787432109377	2429.905703225489
2429.969063239168	0.5269200145485229	trials	210528SL	p38	Z11111	71	10.0	180.0	4	2430.119063239168	2430.3459832537164
2430.3993432667544	0.5269600145511504	trials	210528SL	p38	Z11111	114	8.0	315.0	4	2430.5493432667545	2430.7763032813054
2430.8296232943408	0.5369600151925624	trials	210528SL	p38	Z11111	338	7.0	270.0	12	2430.979623294341	2431.2165833095332
2431.2999433244945	0.49692001262519625	trials	210528SL	p38	Z11111	235	9.0	315.0	8	2431.4499433244946	2431.6468633371196
2431.740263352725	0.5269200145485229	trials	210528SL	p38	Z11111	240	14.0	315.0	8	2431.890263352725	2432.1171833672734
2435.722943608066	0.5069200132666083	trials	210528SL	p38	Z11111	65	4.0	180.0	4	2435.872943608066	2436.0798636213326
2436.1332236343706	0.5369200151894802	trials	210528SL	p38	Z11111	223	12.0	270.0	8	2436.2832236343706	2436.52014364956
2436.6035436645243	0.49688001262256876	trials	210528SL	p38	Z11111	75	14.0	180.0	4	2436.7535436645244	2436.950423677147
2437.0338236921107	0.49692001262519625	trials	210528SL	p38	Z11111	254	13.0	0.0	12	2437.1838236921108	2437.380743704736
2437.4441037184147	0.5269200145489776	trials	210528SL	p38	Z11111	86	10.0	225.0	4	2437.5941037184148	2437.8210237329636
2440.9564639436026	0.5069200132666083	trials	210528SL	p38	Z11111	296	10.0	135.0	12	2441.1064639436026	2441.313383956869
2441.366743969907	0.5369200151899349	trials	210528SL	p38	Z11111	60	14.0	135.0	4	2441.516743969907	2441.753663985097
2441.8370640000608	0.49692001262519625	trials	210528SL	p38	Z11111	14	13.0	0.0	4	2441.987064000061	2442.183984012686
2442.267344027647	0.5069200132661535	trials	210528SL	p38	Z11111	160	9.0	90.0	8	2442.4173440276472	2442.624264040913
2442.707624055875	0.49692001262519625	trials	210528SL	p38	Z11111	50	4.0	135.0	4	2442.857624055875	2443.0545440685
2443.137944083464	0.5069200132661535	trials	210528SL	p38	Z11111	255	14.0	0.0	12	2443.287944083464	2443.49486409673
2443.5782241116913	0.496920012625651	trials	210528SL	p38	Z11111	26	10.0	45.0	4	2443.7282241116914	2443.925144124317
2448.101264401677	0.5069200132666083	trials	210528SL	p38	Z11111	290	4.0	135.0	12	2448.251264401677	2448.4581844149434
2448.5115444279813	0.5269200145485229	trials	210528SL	p38	Z11111	259	3.0	45.0	12	2448.6615444279814	2448.8884644425298
2448.9818644581346	0.5269200145489776	trials	210528SL	p38	Z11111	72	11.0	180.0	4	2449.1318644581347	2449.3587844726835
2449.4121444857215	0.49692001262519625	trials	210528SL	p38	Z11111	227	1.0	315.0	8	2449.5621444857215	2449.7590644983466
2449.8524645139514	0.5269200145489776	trials	210528SL	p38	Z11111	110	4.0	315.0	4	2450.0024645139515	2450.2293845285003
2450.282744541538	0.5269200145489776	trials	210528SL	p38	Z11111	79	3.0	225.0	4	2450.432744541538	2450.6596645560867
2450.7230245697656	0.49692001262519625	trials	210528SL	p38	Z11111	45	14.0	90.0	4	2450.8730245697657	2451.0699445823907
2454.6256648199756	0.5069200132661535	trials	210528SL	p38	Z11111	59	13.0	135.0	4	2454.7756648199756	2454.9825848332416
2455.0359448462796	0.5269200145489776	trials	210528SL	p38	Z11111	170	4.0	135.0	8	2455.1859448462797	2455.4128648608284
2455.4662248738664	0.5369600151921077	trials	210528SL	p38	Z11111	121	0.0	0.0	8	2455.6162248738665	2455.8531848890584
2455.9065049020937	0.5269600145516051	trials	210528SL	p38	Z11111	211	0.0	270.0	8	2456.056504902094	2456.2834649166452
2456.3368249296827	0.5269200145489776	trials	210528SL	p38	Z11111	98	7.0	270.0	4	2456.486824929683	2456.7137449442316
2456.7771049579105	0.5269200145485229	trials	210528SL	p38	Z11111	311	10.0	180.0	12	2456.9271049579106	2457.154024972459
2457.2073849854974	0.49692001262519625	trials	210528SL	p38	Z11111	270	14.0	45.0	12	2457.3573849854974	2457.5543049981225
2462.230785307562	0.5069200132666083	trials	210528SL	p38	Z11111	40	9.0	90.0	4	2462.3807853075623	2462.5877053208287
2462.641065333866	0.5369200151899349	trials	210528SL	p38	Z11111	150	14.0	45.0	8	2462.7910653338663	2463.027985349056
2463.081345362094	0.5269600145511504	trials	210528SL	p38	Z11111	61	0.0	180.0	4	2463.231345362094	2463.458305376645
2463.5116253896804	0.49692001262519625	trials	210528SL	p38	Z11111	292	6.0	135.0	12	2463.6616253896805	2463.8585454023055
2463.951945417911	0.49692001262519625	trials	210528SL	p38	Z11111	4	3.0	0.0	4	2464.101945417911	2464.298865430536
2466.4135855757336	0.5069200132666083	trials	210528SL	p38	Z11111	216	5.0	270.0	8	2466.5635855757337	2466.770505589
2466.823865602038	0.5269600145511504	trials	210528SL	p38	Z11111	208	12.0	225.0	8	2466.973865602038	2467.200825616589
2467.294185632192	0.5269200145485229	trials	210528SL	p38	Z11111	82	6.0	225.0	4	2467.444185632192	2467.67110564674
2467.764505662345	0.5269200145489776	trials	210528SL	p38	Z11111	101	10.0	270.0	4	2467.914505662345	2468.141425676894
2468.194785689932	0.5269600145511504	trials	210528SL	p38	Z11111	91	0.0	270.0	4	2468.344785689932	2468.571745704483
2468.635105718162	0.5269200145489776	trials	210528SL	p38	Z11111	249	8.0	0.0	12	2468.785105718162	2469.0120257327108
2469.0653857457482	0.5269200145489776	trials	210528SL	p38	Z11111	38	7.0	90.0	4	2469.2153857457483	2469.442305760297
2473.0080259985225	0.496920012625651	trials	210528SL	p38	Z11111	184	3.0	180.0	8	2473.1580259985226	2473.354946011148
2473.418306024827	0.4969200126247415	trials	210528SL	p38	Z11111	282	11.0	90.0	12	2473.568306024827	2473.7652260374516
2473.8485860524133	0.49692001262519625	trials	210528SL	p38	Z11111	9	8.0	0.0	4	2473.9985860524134	2474.1955060650384
2474.2789060800023	0.5069200132666083	trials	210528SL	p38	Z11111	51	5.0	135.0	4	2474.4289060800024	2474.635826093269
2474.71918610823	0.49692001262519625	trials	210528SL	p38	Z11111	148	12.0	45.0	8	2474.86918610823	2475.0661061208552
2475.149466135817	0.49692001262519625	trials	210528SL	p38	Z11111	99	8.0	270.0	4	2475.299466135817	2475.496386148442
2475.589786164047	0.49692001262519625	trials	210528SL	p38	Z11111	171	5.0	135.0	8	2475.739786164047	2475.936706176672
2479.532426416821	0.496920012625651	trials	210528SL	p38	Z11111	48	2.0	135.0	4	2479.6824264168213	2479.8793464294467
2479.942706443125	0.5269200145489776	trials	210528SL	p38	Z11111	231	5.0	315.0	8	2480.0927064431253	2480.319626457674
2480.393026471997	0.5269200145485229	trials	210528SL	p38	Z11111	163	12.0	90.0	8	2480.543026471997	2480.7699464865455
2480.8233064995834	0.5269200145485229	trials	210528SL	p38	Z11111	260	4.0	45.0	12	2480.9733064995835	2481.200226514132
2481.263586527811	0.49692001262519625	trials	210528SL	p38	Z11111	205	9.0	225.0	8	2481.4135865278113	2481.6105065404363
2481.6938665553976	0.49692001262519625	trials	210528SL	p38	Z11111	157	6.0	90.0	8	2481.8438665553977	2482.0407865680227
2482.1241865829866	0.49692001262519625	trials	210528SL	p38	Z11111	358	12.0	315.0	12	2482.2741865829867	2482.4711065956117
2486.3169868517994	0.5069200132661535	trials	210528SL	p38	Z11111	132	11.0	0.0	8	2486.4669868517994	2486.6739068650654
2489.5891870615897	0.5169200139075656	trials	210528SL	p38	Z11111	226	0.0	315.0	8	2489.7391870615897	2489.956107075497
2491.8807472085086	0.5069200132656988	trials	210528SL	p38	Z11111	212	1.0	270.0	8	2492.0307472085087	2492.2376672217742
2492.3010272354536	0.5269200145485229	trials	210528SL	p38	Z11111	32	1.0	90.0	4	2492.4510272354537	2492.677947250002
2492.73130726304	0.5269200145489776	trials	210528SL	p38	Z11111	359	13.0	315.0	12	2492.88130726304	2493.108227277589
2493.161587290627	0.5369600151921077	trials	210528SL	p38	Z11111	115	9.0	315.0	4	2493.311587290627	2493.548547305819
2493.601907318857	0.5269200145485229	trials	210528SL	p38	Z11111	46	0.0	135.0	4	2493.751907318857	2493.978827333405
2494.032187346443	0.5369600151925624	trials	210528SL	p38	Z11111	172	6.0	135.0	8	2494.1821873464432	2494.4191473616356
2494.502507376597	0.49692001262519625	trials	210528SL	p38	Z11111	188	7.0	180.0	8	2494.652507376597	2494.849427389222
2499.3457476871113	0.5069200132666083	trials	210528SL	p38	Z11111	140	4.0	45.0	8	2499.4957476871114	2499.702667700378
2499.7560277134157	0.5269600145511504	trials	210528SL	p38	Z11111	199	3.0	225.0	8	2499.906027713416	2500.132987727967
2500.186307741002	0.5369600151925624	trials	210528SL	p38	Z11111	271	0.0	90.0	12	2500.336307741002	2500.5732677561946
2500.656627771156	0.49692001262519625	trials	210528SL	p38	Z11111	183	2.0	180.0	8	2500.806627771156	2501.003547783781
2501.0969477993863	0.49692001262519625	trials	210528SL	p38	Z11111	54	8.0	135.0	4	2501.2469477993864	2501.4438678120114
2501.5272278269726	0.49692001262519625	trials	210528SL	p38	Z11111	333	2.0	270.0	12	2501.6772278269727	2501.8741478395978
2501.957507854559	0.5069200132666083	trials	210528SL	p38	Z11111	144	8.0	45.0	8	2502.107507854559	2502.3144278678255
2506.00022811375	0.5069200132666083	trials	210528SL	p38	Z11111	189	8.0	180.0	8	2506.15022811375	2506.3571481270164
2506.410508140054	0.496920012625651	trials	210528SL	p38	Z11111	6	5.0	0.0	4	2506.560508140054	2506.7574281526795
2506.8107881657174	0.5369600151921077	trials	210528SL	p38	Z11111	143	7.0	45.0	8	2506.9607881657175	2507.1977481809095
2507.2510681939452	0.5269600145511504	trials	210528SL	p38	Z11111	346	0.0	315.0	12	2507.4010681939453	2507.6280282084963
2507.6813882215342	0.5269200145485229	trials	210528SL	p38	Z11111	247	6.0	0.0	12	2507.8313882215343	2508.0583082360827
2508.151708251688	0.49692001262519625	trials	210528SL	p38	Z11111	206	10.0	225.0	8	2508.301708251688	2508.498628264313
2508.5519482773484	0.5269600145511504	trials	210528SL	p38	Z11111	80	4.0	225.0	4	2508.7019482773485	2508.9289082918995
2512.484628529484	0.5169200139075656	trials	210528SL	p38	Z11111	125	4.0	0.0	8	2512.634628529484	2512.8515485433913
2512.9048685564267	0.5269600145516051	trials	210528SL	p38	Z11111	89	13.0	225.0	4	2513.0548685564268	2513.281828570978
2513.335188584016	0.5269200145485229	trials	210528SL	p38	Z11111	279	8.0	90.0	12	2513.485188584016	2513.7121085985646
2513.7754686122435	0.5269600145511504	trials	210528SL	p38	Z11111	70	9.0	180.0	4	2513.9254686122435	2514.1524286267945
2514.2057886398325	0.5269200145489776	trials	210528SL	p38	Z11111	257	1.0	45.0	12	2514.3557886398326	2514.5827086543813
2514.6360686674193	0.5369200151899349	trials	210528SL	p38	Z11111	94	3.0	270.0	4	2514.7860686674194	2515.022988682609
2515.0763486956466	0.5269600145516051	trials	210528SL	p38	Z11111	305	4.0	180.0	12	2515.2263486956467	2515.453308710198
2519.00898894778	0.5069200132661535	trials	210528SL	p38	Z11111	22	6.0	45.0	4	2519.15898894778	2519.365908961046
2519.4292689747253	0.49692001262519625	trials	210528SL	p38	Z11111	175	9.0	135.0	8	2519.5792689747254	2519.7761889873505
2519.8595890023144	0.4968800126230235	trials	210528SL	p38	Z11111	3	2.0	0.0	4	2520.0095890023144	2520.2064690149373
2520.289869029901	0.49692001262519625	trials	210528SL	p38	Z11111	105	14.0	270.0	4	2520.4398690299013	2520.6367890425263
2520.7301490581285	0.49692001262519625	trials	210528SL	p38	Z11111	325	9.0	225.0	12	2520.8801490581286	2521.0770690707536
2521.160429085715	0.496920012625651	trials	210528SL	p38	Z11111	142	6.0	45.0	8	2521.310429085715	2521.5073490983405
2521.6007491139453	0.5269200145485229	trials	210528SL	p38	Z11111	303	2.0	180.0	12	2521.7507491139454	2521.9776691284937
2525.6034293705684	0.5069200132666083	trials	210528SL	p38	Z11111	210	14.0	225.0	8	2525.7534293705685	2525.960349383835
2526.013709396873	0.5269600145511504	trials	210528SL	p38	Z11111	18	2.0	45.0	4	2526.163709396873	2526.390669411424
2526.4539894251006	0.5269600145511504	trials	210528SL	p38	Z11111	213	2.0	270.0	8	2526.6039894251007	2526.8309494396517
2526.914309454613	0.49692001262519625	trials	210528SL	p38	Z11111	353	7.0	315.0	12	2527.064309454613	2527.261229467238
2527.3546294828434	0.5269200145485229	trials	210528SL	p38	Z11111	74	13.0	180.0	4	2527.5046294828435	2527.731549497392
2527.7849095104298	0.5269200145485229	trials	210528SL	p38	Z11111	152	1.0	90.0	8	2527.93490951043	2528.161829524978
2528.2251895386576	0.5269600145511504	trials	210528SL	p38	Z11111	341	10.0	270.0	12	2528.3751895386577	2528.6021495532086
2532.237909795925	0.5269200145485229	trials	210528SL	p38	Z11111	280	9.0	90.0	12	2532.387909795925	2532.6148298104736
2532.6681898235115	0.5269600145511504	trials	210528SL	p38	Z11111	107	1.0	315.0	4	2532.8181898235116	2533.0451498380626
2533.108509851742	0.49688001262256876	trials	210528SL	p38	Z11111	34	3.0	90.0	4	2533.258509851742	2533.4553898643644
2533.5387898793283	0.49692001262519625	trials	210528SL	p38	Z11111	348	2.0	315.0	12	2533.6887898793284	2533.8857098919534
2533.9390699049914	0.5269200145485229	trials	210528SL	p38	Z11111	326	10.0	225.0	12	2534.0890699049914	2534.31598991954
2534.379349933219	0.49692001262519625	trials	210528SL	p38	Z11111	308	7.0	180.0	12	2534.5293499332192	2534.7262699458443
2534.8096299608055	0.5269600145511504	trials	210528SL	p38	Z11111	52	6.0	135.0	4	2534.9596299608056	2535.1865899753566
2539.002470229621	0.5069200132666083	trials	210528SL	p38	Z11111	287	1.0	135.0	12	2539.152470229621	2539.3593902428875
2539.412750255925	0.5269200145489776	trials	210528SL	p38	Z11111	288	2.0	135.0	12	2539.562750255925	2539.789670270474
2539.843030283512	0.5269200145485229	trials	210528SL	p38	Z11111	278	7.0	90.0	12	2539.993030283512	2540.21995029806
2540.2833103117396	0.5269600145511504	trials	210528SL	p38	Z11111	339	8.0	270.0	12	2540.4333103117397	2540.6602703262906
2540.7136303393286	0.5269200145485229	trials	210528SL	p38	Z11111	88	12.0	225.0	4	2540.8636303393287	2541.090550353877
2541.153910367556	0.5269200145489776	trials	210528SL	p38	Z11111	37	6.0	90.0	4	2541.303910367556	2541.530830382105
2541.5841903951427	0.49692001262519625	trials	210528SL	p38	Z11111	83	7.0	225.0	4	2541.734190395143	2541.931110407768
2545.706950659465	0.5069600132692358	trials	210528SL	p38	Z11111	87	11.0	225.0	4	2545.856950659465	2546.063910672734
2546.117270685772	0.5269200145485229	trials	210528SL	p38	Z11111	344	13.0	270.0	12	2546.267270685772	2546.4941907003204
2546.5875507159226	0.5269600145511504	trials	210528SL	p38	Z11111	253	12.0	0.0	12	2546.7375507159227	2546.9645107304736
2547.0178707435116	0.5269200145489776	trials	210528SL	p38	Z11111	214	3.0	270.0	8	2547.1678707435117	2547.3947907580605
2547.4581507717394	0.5269200145489776	trials	210528SL	p38	Z11111	239	13.0	315.0	8	2547.6081507717395	2547.8350707862883
2547.888430799326	0.49692001262519625	trials	210528SL	p38	Z11111	25	9.0	45.0	4	2548.0384307993263	2548.2353508119513
2548.2887108249893	0.5269200145485229	trials	210528SL	p38	Z11111	293	7.0	135.0	12	2548.4387108249894	2548.6656308395377
2552.161311073273	0.5069200132666083	trials	210528SL	p38	Z11111	21	5.0	45.0	4	2552.311311073273	2552.5182310865393
2552.5715910995773	0.49692001262519625	trials	210528SL	p38	Z11111	17	1.0	45.0	4	2552.7215910995774	2552.9185111122024
2553.0018711271637	0.5069200132666083	trials	210528SL	p38	Z11111	360	14.0	315.0	12	2553.1518711271638	2553.35879114043
2553.442191155394	0.49692001262519625	trials	210528SL	p38	Z11111	335	4.0	270.0	12	2553.592191155394	2553.789111168019
2553.8424311810545	0.5269600145511504	trials	210528SL	p38	Z11111	298	12.0	135.0	12	2553.9924311810546	2554.2193911956056
2554.2727512086435	0.5069200132666083	trials	210528SL	p38	Z11111	41	10.0	90.0	4	2554.4227512086436	2554.62967122191
2557.0946313895624	0.5069200132666083	trials	210528SL	p38	Z11111	191	10.0	180.0	8	2557.2446313895625	2557.451551402829
2557.504911415867	0.5269200145485229	trials	210528SL	p38	Z11111	180	14.0	135.0	8	2557.654911415867	2557.8818314304153
2557.9451914440947	0.5269600145511504	trials	210528SL	p38	Z11111	302	1.0	180.0	12	2558.095191444095	2558.3221514586457
2558.3755114716837	0.5269200145485229	trials	210528SL	p38	Z11111	320	4.0	225.0	12	2558.525511471684	2558.752431486232
2558.815791499911	0.5269600145516051	trials	210528SL	p38	Z11111	128	7.0	0.0	8	2558.965791499911	2559.1927515144625
2559.246071527498	0.5269600145511504	trials	210528SL	p38	Z11111	24	8.0	45.0	4	2559.396071527498	2559.623031542049
2559.676391555087	0.49692001262519625	trials	210528SL	p38	Z11111	53	7.0	135.0	4	2559.826391555087	2560.023311567712
2563.619031807861	0.5069200132666083	trials	210528SL	p38	Z11111	179	13.0	135.0	8	2563.769031807861	2563.9759518211276
2564.059311836089	0.49692001262519625	trials	210528SL	p38	Z11111	215	4.0	270.0	8	2564.209311836089	2564.406231848714
2564.499631864319	0.5269200145489776	trials	210528SL	p38	Z11111	357	11.0	315.0	12	2564.649631864319	2564.8765518788678
2564.9299118919057	0.49692001262519625	trials	210528SL	p38	Z11111	264	8.0	45.0	12	2565.079911891906	2565.276831904531
2565.3701919201335	0.49692001262519625	trials	210528SL	p38	Z11111	58	12.0	135.0	4	2565.5201919201336	2565.7171119327586
2565.8005119477225	0.49692001262519625	trials	210528SL	p38	Z11111	20	4.0	45.0	4	2565.9505119477226	2566.1474319603476
2566.230791975309	0.5069200132661535	trials	210528SL	p38	Z11111	69	8.0	180.0	4	2566.380791975309	2566.587711988575
2571.0440322839	0.5069200132666083	trials	210528SL	p38	Z11111	155	4.0	90.0	8	2571.1940322839	2571.4009522971664
2571.4543123102044	0.5269200145485229	trials	210528SL	p38	Z11111	217	6.0	270.0	8	2571.6043123102045	2571.831232324753
2571.8945923384313	0.5269600145516051	trials	210528SL	p38	Z11111	185	4.0	180.0	8	2572.0445923384314	2572.271552352983
2572.324872366018	0.5269600145511504	trials	210528SL	p38	Z11111	102	11.0	270.0	4	2572.474872366018	2572.701832380569
2572.7551923936076	0.5369200151894802	trials	210528SL	p38	Z11111	203	7.0	225.0	8	2572.9051923936076	2573.142112408797
2573.225512423761	0.496920012625651	trials	210528SL	p38	Z11111	136	0.0	45.0	8	2573.375512423761	2573.5724324363864
2573.6657924519886	0.4969200126247415	trials	210528SL	p38	Z11111	177	11.0	135.0	8	2573.8157924519887	2574.0127124646133
2577.6184727054065	0.5069200132666083	trials	210528SL	p38	Z11111	281	10.0	90.0	12	2577.7684727054066	2577.975392718673
2578.0587527336343	0.49692001262519625	trials	210528SL	p38	Z11111	95	4.0	270.0	4	2578.2087527336344	2578.4056727462594
2578.499032761862	0.49692001262519625	trials	210528SL	p38	Z11111	174	8.0	135.0	8	2578.649032761862	2578.845952774487
2578.929352789451	0.49688001262256876	trials	210528SL	p38	Z11111	330	14.0	225.0	12	2579.079352789451	2579.2762328020735
2579.3295928151115	0.5269600145511504	trials	210528SL	p38	Z11111	56	10.0	135.0	4	2579.4795928151116	2579.7065528296625
2579.769912843342	0.5269200145485229	trials	210528SL	p38	Z11111	354	8.0	315.0	12	2579.919912843342	2580.1468328578903
2580.2001928709283	0.49692001262519625	trials	210528SL	p38	Z11111	306	5.0	180.0	12	2580.3501928709284	2580.5471128835534
2584.3729931384587	0.5069200132661535	trials	210528SL	p38	Z11111	256	0.0	45.0	12	2584.522993138459	2584.7299131517248
2584.7832731647627	0.5269600145516051	trials	210528SL	p38	Z11111	265	9.0	45.0	12	2584.933273164763	2585.160233179314
2585.2235531929905	0.5269600145511504	trials	210528SL	p38	Z11111	248	7.0	0.0	12	2585.3735531929906	2585.6005132075416
2585.6538732205795	0.5269200145485229	trials	210528SL	p38	Z11111	31	0.0	90.0	4	2585.8038732205796	2586.030793235128
2586.084153248166	0.5369600151925624	trials	210528SL	p38	Z11111	141	5.0	45.0	8	2586.234153248166	2586.4711132633583
2586.5544732783196	0.49692001262519625	trials	210528SL	p38	Z11111	162	11.0	90.0	8	2586.7044732783197	2586.9013932909447
2586.9947533065474	0.49692001262519625	trials	210528SL	p38	Z11111	169	3.0	135.0	8	2587.1447533065475	2587.3416733191725
2591.0975135695876	0.5069200132661535	trials	210528SL	p38	Z11111	126	5.0	0.0	8	2591.2475135695877	2591.4544335828537
2591.5077935958916	0.5269600145516051	trials	210528SL	p38	Z11111	77	1.0	225.0	4	2591.6577935958917	2591.884753610443
2591.9380736234784	0.5369600151921077	trials	210528SL	p38	Z11111	0			0	2592.0880736234785	2592.3250336386704
2592.408393653632	0.49692001262519625	trials	210528SL	p38	Z11111	147	11.0	45.0	8	2592.5583936536323	2592.7553136662573
2592.848713681862	0.496920012625651	trials	210528SL	p38	Z11111	336	5.0	270.0	12	2592.9987136818622	2593.1956336944877
2593.278993709449	0.4969200126247415	trials	210528SL	p38	Z11111	315	14.0	180.0	12	2593.428993709449	2593.6259137220736
2593.7092737370353	0.5069200132661535	trials	210528SL	p38	Z11111	131	10.0	0.0	8	2593.8592737370354	2594.0661937503014
2598.0822340173986	0.5069200132666083	trials	210528SL	p38	Z11111	316	0.0	225.0	12	2598.2322340173987	2598.439154030665
2598.502514044344	0.5269200145489776	trials	210528SL	p38	Z11111	342	11.0	270.0	12	2598.652514044344	2598.879434058893
2598.9327940719304	0.5269600145516051	trials	210528SL	p38	Z11111	66	5.0	180.0	4	2599.0827940719305	2599.309754086482
2599.363074099517	0.5369600151925624	trials	210528SL	p38	Z11111	294	8.0	135.0	12	2599.513074099517	2599.7500341147093
2599.803394127747	0.5269200145489776	trials	210528SL	p38	Z11111	100	9.0	270.0	4	2599.9533941277473	2600.180314142296
2600.233674155334	0.5369600151921077	trials	210528SL	p38	Z11111	246	5.0	0.0	12	2600.383674155334	2600.620634170526
2600.7039941854873	0.496920012625651	trials	210528SL	p38	Z11111	252	11.0	0.0	12	2600.8539941854874	2601.050914198113
2604.756714445319	0.5069200132666083	trials	210528SL	p38	Z11111	97	6.0	270.0	4	2604.9067144453193	2605.1136344585857
2605.1669944716236	0.5369600151921077	trials	210528SL	p38	Z11111	146	10.0	45.0	8	2605.3169944716237	2605.5539544868157
2605.637314501777	0.49692001262519625	trials	210528SL	p38	Z11111	130	9.0	0.0	8	2605.787314501777	2605.984234514402
2606.0775945300047	0.5269600145511504	trials	210528SL	p38	Z11111	304	3.0	180.0	12	2606.227594530005	2606.454554544556
2606.5079145575937	0.49692001262519625	trials	210528SL	p38	Z11111	151	0.0	90.0	8	2606.657914557594	2606.854834570219
2606.908154583254	0.5269600145516051	trials	210528SL	p38	Z11111	345	14.0	270.0	12	2607.0581545832542	2607.2851145978057
2607.348474611484	0.5269200145489776	trials	210528SL	p38	Z11111	327	11.0	225.0	12	2607.498474611484	2607.725394626033
2618.826195347355	0.5069200132661535	trials	210528SL	p38	Z11111	313	12.0	180.0	12	2618.9761953473553	2619.1831153606213
2619.2364753736592	0.5269200145485229	trials	210528SL	p38	Z11111	173	7.0	135.0	8	2619.3864753736593	2619.6133953882077
2619.666755401246	0.5369600151921077	trials	210528SL	p38	Z11111	262	6.0	45.0	12	2619.816755401246	2620.053715416438
2620.1370754313994	0.496920012625651	trials	210528SL	p38	Z11111	108	2.0	315.0	4	2620.2870754313994	2620.483995444025
2620.5773554596267	0.5269600145516051	trials	210528SL	p38	Z11111	347	1.0	315.0	12	2620.727355459627	2620.954315474178
2621.007675487216	0.5269200145489776	trials	210528SL	p38	Z11111	159	8.0	90.0	8	2621.1576754872162	2621.384595501765
2621.4479555154435	0.5269200145489776	trials	210528SL	p38	Z11111	291	5.0	135.0	12	2621.5979555154436	2621.8248755299924
2625.460675772711	0.5069200132666083	trials	210528SL	p38	Z11111	204	8.0	225.0	8	2625.610675772711	2625.8175957859776
2625.8809557996565	0.5269200145489776	trials	210528SL	p38	Z11111	129	8.0	0.0	8	2626.0309557996566	2626.2578758142054
2626.3112358272433	0.5269200145485229	trials	210528SL	p38	Z11111	33	2.0	90.0	4	2626.4612358272434	2626.6881558417917
2626.7415158548297	0.5369600151921077	trials	210528SL	p38	Z11111	200	4.0	225.0	8	2626.89151585483	2627.1284758700217
2627.1817958830575	0.5269600145511504	trials	210528SL	p38	Z11111	122	1.0	0.0	8	2627.3317958830576	2627.5587558976085
2627.6121159106465	0.5369200151899349	trials	210528SL	p38	Z11111	192	11.0	180.0	8	2627.7621159106466	2627.9990359258363
2628.0824359407998	0.496920012625651	trials	210528SL	p38	Z11111	166	0.0	135.0	8	2628.2324359408	2628.4293559534253
2632.015076192933	0.5169200139075656	trials	210528SL	p38	Z11111	8	7.0	0.0	4	2632.165076192933	2632.3819962068405
2632.435356219878	0.5269200145489776	trials	210528SL	p38	Z11111	137	1.0	45.0	8	2632.585356219878	2632.812276234427
2632.895676249391	0.5069200132661535	trials	210528SL	p38	Z11111	35	4.0	90.0	4	2633.045676249391	2633.252596262657
2633.335956277618	0.5269600145516051	trials	210528SL	p38	Z11111	134	13.0	0.0	8	2633.4859562776182	2633.7129162921697
2633.766236305205	0.5369600151921077	trials	210528SL	p38	Z11111	39	8.0	90.0	4	2633.916236305205	2634.153196320397
2634.2365563353587	0.49692001262519625	trials	210528SL	p38	Z11111	250	9.0	0.0	12	2634.386556335359	2634.583476347984
2634.6768763635887	0.49692001262519625	trials	210528SL	p38	Z11111	76	0.0	225.0	4	2634.826876363589	2635.023796376214
2638.7095566221356	0.5069600132692358	trials	210528SL	p38	Z11111	109	3.0	315.0	4	2638.8595566221356	2639.0665166354047
2639.11983664844	0.5369600151925624	trials	210528SL	p38	Z11111	42	11.0	90.0	4	2639.26983664844	2639.5067966636325
2639.5601566766704	0.5269200145485229	trials	210528SL	p38	Z11111	19	3.0	45.0	4	2639.7101566766705	2639.937076691219
2639.990436704257	0.5269200145485229	trials	210528SL	p38	Z11111	67	6.0	180.0	4	2640.140436704257	2640.3673567188052
2640.4307167324846	0.5269600145511504	trials	210528SL	p38	Z11111	272	1.0	90.0	12	2640.5807167324847	2640.8076767470357
2640.8610367600736	0.5269200145485229	trials	210528SL	p38	Z11111	237	11.0	315.0	8	2641.0110367600737	2641.237956774622
2641.3013167883014	0.5269600145511504	trials	210528SL	p38	Z11111	276	5.0	90.0	12	2641.4513167883015	2641.6782768028525
2645.2339570404342	0.5069200132666083	trials	210528SL	p38	Z11111	111	5.0	315.0	4	2645.3839570404343	2645.5908770537008
2645.6742770686647	0.5369200151899349	trials	210528SL	p38	Z11111	0			0	2645.8242770686647	2646.0611970838545
2646.1445970988184	0.5269200145485229	trials	210528SL	p38	Z11111	309	8.0	180.0	12	2646.2945970988185	2646.521517113367
2646.5848771270457	0.5269200145489776	trials	210528SL	p38	Z11111	198	2.0	225.0	8	2646.734877127046	2646.9617971415946
2647.0151571546326	0.49692001262519625	trials	210528SL	p38	Z11111	240	14.0	315.0	8	2647.1651571546327	2647.3620771672577
2647.445437182219	0.5069600132692358	trials	210528SL	p38	Z11111	360	14.0	315.0	12	2647.595437182219	2647.802397195488
2647.885757210449	0.496920012625651	trials	210528SL	p38	Z11111	56	10.0	135.0	4	2648.035757210449	2648.2326772230745
2651.9084774683574	0.5069200132666083	trials	210528SL	p38	Z11111	107	1.0	315.0	4	2652.0584774683575	2652.265397481624
2652.3187174946593	0.5269600145511504	trials	210528SL	p38	Z11111	207	11.0	225.0	8	2652.4687174946594	2652.6956775092103
2652.7490375222483	0.5369200151899349	trials	210528SL	p38	Z11111	156	5.0	90.0	8	2652.8990375222484	2653.135957537438
2653.219357552402	0.5269200145485229	trials	210528SL	p38	Z11111	217	6.0	270.0	8	2653.369357552402	2653.5962775669504
2653.6596375806294	0.5269600145516051	trials	210528SL	p38	Z11111	74	13.0	180.0	4	2653.8096375806294	2654.036597595181
2654.089917608216	0.5269600145511504	trials	210528SL	p38	Z11111	181	0.0	180.0	8	2654.2399176082163	2654.4668776227672
2654.5302376364466	0.5269200145485229	trials	210528SL	p38	Z11111	29	13.0	45.0	4	2654.6802376364467	2654.907157650995
2658.6329978994863	0.5069200132661535	trials	210528SL	p38	Z11111	193	12.0	180.0	8	2658.7829978994864	2658.9899179127524
2659.0432779257903	0.5269200145489776	trials	210528SL	p38	Z11111	48	2.0	135.0	4	2659.1932779257904	2659.420197940339
2659.513597955944	0.5269200145489776	trials	210528SL	p38	Z11111	136	0.0	45.0	8	2659.663597955944	2659.890517970493
2659.9738779854542	0.4969200126247415	trials	210528SL	p38	Z11111	355	9.0	315.0	12	2660.1238779854543	2660.320797998079
2660.3841580117582	0.5269600145511504	trials	210528SL	p38	Z11111	106	0.0	315.0	4	2660.5341580117583	2660.7611180263093
2660.8144780393473	0.5269200145489776	trials	210528SL	p38	Z11111	293	7.0	135.0	12	2660.9644780393473	2661.191398053896
2661.244758066934	0.5369200151894802	trials	210528SL	p38	Z11111	244	3.0	0.0	12	2661.394758066934	2661.6316780821235
2665.2374383229167	0.5069200132661535	trials	210528SL	p38	Z11111	91	0.0	270.0	4	2665.3874383229168	2665.5943583361827
2665.6477183492207	0.5269200145489776	trials	210528SL	p38	Z11111	67	6.0	180.0	4	2665.7977183492208	2666.0246383637696
2666.0779983768075	0.5069200132661535	trials	210528SL	p38	Z11111	172	6.0	135.0	8	2666.2279983768076	2666.4349183900736
2666.518278405035	0.49692001262519625	trials	210528SL	p38	Z11111	305	4.0	180.0	12	2666.668278405035	2666.86519841766
2666.9185584306983	0.5269600145511504	trials	210528SL	p38	Z11111	274	3.0	90.0	12	2667.0685584306984	2667.2955184452494
2667.3588784589283	0.5269200145489776	trials	210528SL	p38	Z11111	318	2.0	225.0	12	2667.5088784589284	2667.735798473477
2667.789158486515	0.5269200145485229	trials	210528SL	p38	Z11111	53	7.0	135.0	4	2667.939158486515	2668.1660785010636
2675.2841989670437	0.5069200132666083	trials	210528SL	p38	Z11111	5	4.0	0.0	4	2675.434198967044	2675.6411189803102
2675.704478993989	0.5269200145489776	trials	210528SL	p38	Z11111	308	7.0	180.0	12	2675.8544789939892	2676.081399008538
2676.134759021576	0.5269600145511504	trials	210528SL	p38	Z11111	0			0	2676.284759021576	2676.511719036127
2676.565079049165	0.5369200151899349	trials	210528SL	p38	Z11111	252	11.0	0.0	12	2676.715079049165	2676.951999064355
2677.035359079316	0.49692001262519625	trials	210528SL	p38	Z11111	82	6.0	225.0	4	2677.185359079316	2677.382279091941
2677.435639104979	0.5369600151921077	trials	210528SL	p38	Z11111	177	11.0	135.0	8	2677.5856391049792	2677.822599120171
2677.8759591332096	0.5269200145485229	trials	210528SL	p38	Z11111	70	9.0	180.0	4	2678.0259591332097	2678.252879147758
2682.459039427044	0.5069200132666083	trials	210528SL	p38	Z11111	111	5.0	315.0	4	2682.609039427044	2682.8159594403105
2682.8693194533485	0.5069200132661535	trials	210528SL	p38	Z11111	96	5.0	270.0	4	2683.0193194533485	2683.2262394666145
2683.279599479653	0.5269200145485229	trials	210528SL	p38	Z11111	236	10.0	315.0	8	2683.429599479653	2683.6565194942013
2683.7098795072393	0.5269200145485229	trials	210528SL	p38	Z11111	230	4.0	315.0	8	2683.8598795072394	2684.0867995217877
2684.1501595354666	0.5269600145516051	trials	210528SL	p38	Z11111	330	14.0	225.0	12	2684.3001595354667	2684.527119550018
2684.5804395630535	0.5269600145511504	trials	210528SL	p38	Z11111	269	13.0	45.0	12	2684.7304395630536	2684.9573995776045
2685.0107595906425	0.5369200151899349	trials	210528SL	p38	Z11111	64	3.0	180.0	4	2685.1607595906426	2685.3976796058323
2689.0034398466246	0.5069200132666083	trials	210528SL	p38	Z11111	126	5.0	0.0	8	2689.1534398466247	2689.360359859891
2689.4437198748524	0.49692001262519625	trials	210528SL	p38	Z11111	114	8.0	315.0	4	2689.5937198748525	2689.7906398874775
2689.884039903083	0.5269200145485229	trials	210528SL	p38	Z11111	87	11.0	225.0	4	2690.034039903083	2690.260959917631
2690.314319930669	0.5269200145485229	trials	210528SL	p38	Z11111	148	12.0	45.0	8	2690.4643199306693	2690.6912399452176
2690.754599958897	0.49692001262519625	trials	210528SL	p38	Z11111	13	12.0	0.0	4	2690.904599958897	2691.101519971522
2694.136880175745	0.5069200132666083	trials	210528SL	p38	Z11111	115	9.0	315.0	4	2694.286880175745	2694.4938001890114
2694.5471602020493	0.5269600145511504	trials	210528SL	p38	Z11111	31	0.0	90.0	4	2694.6971602020494	2694.9241202166004
2694.9874402302767	0.5269600145516051	trials	210528SL	p38	Z11111	259	3.0	45.0	12	2695.1374402302768	2695.364400244828
2695.417760257866	0.5269200145485229	trials	210528SL	p38	Z11111	173	7.0	135.0	8	2695.567760257866	2695.7946802724146
2700.0008405517005	0.5169200139075656	trials	210528SL	p38	Z11111	159	8.0	90.0	8	2700.1508405517006	2700.367760565608
2700.4511205805693	0.496920012625651	trials	210528SL	p38	Z11111	213	2.0	270.0	8	2700.6011205805694	2700.798040593195
2700.8814406081583	0.5369200151899349	trials	210528SL	p38	Z11111	21	5.0	45.0	4	2701.0314406081584	2701.268360623348
2701.321720636386	0.5269600145511504	trials	210528SL	p38	Z11111	155	4.0	90.0	8	2701.471720636386	2701.698680650937
2701.752000663973	0.5369600151921077	trials	210528SL	p38	Z11111	246	5.0	0.0	12	2701.902000663973	2702.138960679165
2702.1923206922024	0.5269200145489776	trials	210528SL	p38	Z11111	263	7.0	45.0	12	2702.3423206922025	2702.5692407067513
2702.6226007197893	0.5369600151921077	trials	210528SL	p38	Z11111	103	12.0	270.0	4	2702.7726007197894	2703.0095607349813
2706.66532097898	0.5069200132661535	trials	210528SL	p38	Z11111	8	7.0	0.0	4	2706.8153209789803	2707.022240992246
2707.075601005284	0.49692001262519625	trials	210528SL	p38	Z11111	174	8.0	135.0	8	2707.2256010052843	2707.4225210179093
2707.5058810328705	0.496920012625651	trials	210528SL	p38	Z11111	337	6.0	270.0	12	2707.6558810328706	2707.852801045496
2707.946201061101	0.5269200145485229	trials	210528SL	p38	Z11111	264	8.0	45.0	12	2708.096201061101	2708.3231210756494
2708.3764810886873	0.5369200151899349	trials	210528SL	p38	Z11111	302	1.0	180.0	12	2708.5264810886874	2708.763401103877
2708.816761116915	0.5269600145511504	trials	210528SL	p38	Z11111	25	9.0	45.0	4	2708.966761116915	2709.193721131466
2711.3484812792312	0.5069200132661535	trials	210528SL	p38	Z11111	198	2.0	225.0	8	2711.4984812792313	2711.7054012924973
2711.7887613074586	0.496920012625651	trials	210528SL	p38	Z11111	2	1.0	0.0	4	2711.9387613074587	2712.135681320084
2712.229081335689	0.5269200145485229	trials	210528SL	p38	Z11111	58	12.0	135.0	4	2712.379081335689	2712.6060013502374
2712.6593613632754	0.5269200145489776	trials	210528SL	p38	Z11111	271	0.0	90.0	12	2712.8093613632755	2713.0362813778243
2713.089641390862	0.5069200132661535	trials	210528SL	p38	Z11111	153	2.0	90.0	8	2713.2396413908623	2713.4465614041283
2713.5299214190895	0.496920012625651	trials	210528SL	p38	Z11111	228	2.0	315.0	8	2713.6799214190896	2713.876841431715
2713.930201444753	0.5269600145511504	trials	210528SL	p38	Z11111	243	2.0	0.0	12	2714.080201444753	2714.307161459304
2718.3231617263987	0.5069200132666083	trials	210528SL	p38	Z11111	50	4.0	135.0	4	2718.4731617263988	2718.680081739665
2718.763481754629	0.49692001262519625	trials	210528SL	p38	Z11111	23	7.0	45.0	4	2718.913481754629	2719.110401767254
2721.665401940679	0.5069600132692358	trials	210528SL	p38	Z11111	202	6.0	225.0	8	2721.8154019406793	2722.0223619539483
2722.0756819669837	0.5269600145511504	trials	210528SL	p38	Z11111	223	12.0	270.0	8	2722.2256819669838	2722.4526419815347
2722.516001995214	0.5269200145485229	trials	210528SL	p38	Z11111	280	9.0	90.0	12	2722.666001995214	2722.8929220097625
2722.9462820228005	0.5269200145485229	trials	210528SL	p38	Z11111	335	4.0	270.0	12	2723.0962820228006	2723.323202037349
2723.3865620510282	0.5269600145511504	trials	210528SL	p38	Z11111	348	2.0	315.0	12	2723.5365620510283	2723.7635220655793
2723.8168820786173	0.5269200145485229	trials	210528SL	p38	Z11111	123	2.0	0.0	8	2723.9668820786173	2724.1938020931657
2724.2471621062036	0.5369600151925624	trials	210528SL	p38	Z11111	291	5.0	135.0	12	2724.3971621062037	2724.634122121396
2728.2898823653945	0.5069200132661535	trials	210528SL	p38	Z11111	286	0.0	135.0	12	2728.4398823653946	2728.6468023786606
2728.7001623916985	0.5269200145489776	trials	210528SL	p38	Z11111	310	9.0	180.0	12	2728.8501623916986	2729.0770824062474
2729.1304424192854	0.5369600151921077	trials	210528SL	p38	Z11111	260	4.0	45.0	12	2729.2804424192855	2729.5174024344774
2729.600762449439	0.49692001262519625	trials	210528SL	p38	Z11111	249	8.0	0.0	12	2729.750762449439	2729.947682462064
2730.0410424776665	0.49692001262519625	trials	210528SL	p38	Z11111	119	13.0	315.0	4	2730.1910424776665	2730.3879624902916
2730.4713625052555	0.49692001262519625	trials	210528SL	p38	Z11111	24	8.0	45.0	4	2730.6213625052555	2730.8182825178806
2730.9016425328423	0.5069200132661535	trials	210528SL	p38	Z11111	141	5.0	45.0	8	2731.0516425328424	2731.2585625461084
2734.814282783693	0.5069200132661535	trials	210528SL	p38	Z11111	83	7.0	225.0	4	2734.9642827836933	2735.1712027969593
2735.2245628099968	0.5269200145489776	trials	210528SL	p38	Z11111	199	3.0	225.0	8	2735.374562809997	2735.6014828245457
2737.716242969746	0.5069200132666083	trials	210528SL	p38	Z11111	109	3.0	315.0	4	2737.866242969746	2738.0731629830125
2738.1265229960504	0.5069200132666083	trials	210528SL	p38	Z11111	231	5.0	315.0	8	2738.2765229960505	2738.483443009317
2738.566803024278	0.49692001262519625	trials	210528SL	p38	Z11111	16	0.0	45.0	4	2738.7168030242783	2738.9137230369033
2738.9970830518646	0.5069200132666083	trials	210528SL	p38	Z11111	237	11.0	315.0	8	2739.1470830518647	2739.354003065131
2739.4373630800924	0.49692001262519625	trials	210528SL	p38	Z11111	108	2.0	315.0	4	2739.5873630800925	2739.7842830927175
2739.8676831076814	0.49692001262519625	trials	210528SL	p38	Z11111	309	8.0	180.0	12	2740.0176831076815	2740.2146031203065
2740.307963135909	0.49692001262519625	trials	210528SL	p38	Z11111	314	13.0	180.0	12	2740.4579631359093	2740.6548831485343
2745.141203445782	0.5169600139101931	trials	210528SL	p38	Z11111	190	9.0	180.0	8	2745.2912034457822	2745.5081634596922
2745.5915234746535	0.5269600145511504	trials	210528SL	p38	Z11111	124	3.0	0.0	8	2745.7415234746536	2745.9684834892046
2746.0318035028813	0.5269600145511504	trials	210528SL	p38	Z11111	88	12.0	225.0	4	2746.1818035028814	2746.4087635174324
2748.4934836607067	0.5069200132666083	trials	210528SL	p38	Z11111	86	10.0	225.0	4	2748.643483660707	2748.8504036739732
2748.903763687011	0.5269200145485229	trials	210528SL	p38	Z11111	42	11.0	90.0	4	2749.0537636870113	2749.2806837015596
2749.3340437145976	0.5369600151925624	trials	210528SL	p38	Z11111	322	6.0	225.0	12	2749.4840437145976	2749.72100372979
2749.8043637447513	0.5269200145485229	trials	210528SL	p38	Z11111	113	7.0	315.0	4	2749.9543637447514	2750.1812837592997
2750.2446437729786	0.5269600145516051	trials	210528SL	p38	Z11111	232	6.0	315.0	8	2750.3946437729787	2750.62160378753
2750.674963800568	0.5269200145485229	trials	210528SL	p38	Z11111	117	11.0	315.0	4	2750.824963800568	2751.0518838151165
2751.1152438287954	0.5269200145489776	trials	210528SL	p38	Z11111	162	11.0	90.0	8	2751.2652438287955	2751.4921638433443
2770.6884050836884	0.5069200132666083	trials	210528SL	p38	Z11111	299	13.0	135.0	12	2770.8384050836885	2771.045325096955
2773.060005235739	0.5069200132666083	trials	210528SL	p38	Z11111	110	4.0	315.0	4	2773.210005235739	2773.4169252490055
2773.470285262043	0.5369600151921077	trials	210528SL	p38	Z11111	44	13.0	90.0	4	2773.620285262043	2773.857245277235
2773.910605290273	0.496920012625651	trials	210528SL	p38	Z11111	235	9.0	315.0	8	2774.060605290273	2774.2575253028986
2774.34088531786	0.5269200145489776	trials	210528SL	p38	Z11111	0			0	2774.49088531786	2774.7178053324087
2774.7711653454467	0.5069200132656988	trials	210528SL	p38	Z11111	1	0.0	0.0	4	2774.9211653454468	2775.1280853587123
2775.211445373674	0.49692001262519625	trials	210528SL	p38	Z11111	19	3.0	45.0	4	2775.361445373674	2775.558365386299
2775.641765401263	0.496920012625651	trials	210528SL	p38	Z11111	331	0.0	270.0	12	2775.791765401263	2775.9886854138886
2779.6344456572456	0.5069200132666083	trials	210528SL	p38	Z11111	307	6.0	180.0	12	2779.7844456572457	2779.991365670512
2780.04472568355	0.5269200145485229	trials	210528SL	p38	Z11111	157	6.0	90.0	8	2780.19472568355	2780.4216456980985
2780.4750057111364	0.5069200132666083	trials	210528SL	p38	Z11111	135	14.0	0.0	8	2780.6250057111365	2780.831925724403
2780.915325739367	0.5269200145485229	trials	210528SL	p38	Z11111	36	5.0	90.0	4	2781.065325739367	2781.2922457539153
2781.385605769518	0.49692001262519625	trials	210528SL	p38	Z11111	292	6.0	135.0	12	2781.535605769518	2781.732525782143
2781.815925797107	0.5269200145485229	trials	210528SL	p38	Z11111	84	8.0	225.0	4	2781.965925797107	2782.1928458116554
2782.2562058253347	0.5269600145511504	trials	210528SL	p38	Z11111	33	2.0	90.0	4	2782.406205825335	2782.633165839886
2786.208886078752	0.5069200132666083	trials	210528SL	p38	Z11111	99	8.0	270.0	4	2786.358886078752	2786.5658060920186
2786.619126105054	0.5269600145511504	trials	210528SL	p38	Z11111	75	14.0	180.0	4	2786.769126105054	2786.996086119605
2787.049446132643	0.5269200145489776	trials	210528SL	p38	Z11111	22	6.0	45.0	4	2787.199446132643	2787.426366147192
2787.4897261608708	0.5269600145511504	trials	210528SL	p38	Z11111	95	4.0	270.0	4	2787.639726160871	2787.866686175422
2787.920006188457	0.5269600145511504	trials	210528SL	p38	Z11111	242	1.0	0.0	12	2788.0700061884572	2788.296966203008
2788.350326216046	0.5369200151899349	trials	210528SL	p38	Z11111	253	12.0	0.0	12	2788.5003262160462	2788.737246231236
2788.790606244274	0.49692001262519625	trials	210528SL	p38	Z11111	347	1.0	315.0	12	2788.940606244274	2789.137526256899
2792.8133265021825	0.5069200132666083	trials	210528SL	p38	Z11111	226	0.0	315.0	8	2792.9633265021826	2793.170246515449
2793.2236065284865	0.5269200145485229	trials	210528SL	p38	Z11111	35	4.0	90.0	4	2793.3736065284866	2793.600526543035
2793.6938865586376	0.5269600145511504	trials	210528SL	p38	Z11111	131	10.0	0.0	8	2793.8438865586377	2794.0708465731886
2794.1242065862266	0.496920012625651	trials	210528SL	p38	Z11111	138	2.0	45.0	8	2794.2742065862267	2794.471126598852
2794.5644866144544	0.49692001262519625	trials	210528SL	p38	Z11111	283	12.0	90.0	12	2794.7144866144545	2794.9114066270795
2794.9947666420408	0.49692001262519625	trials	210528SL	p38	Z11111	250	9.0	0.0	12	2795.144766642041	2795.341686654666
2795.42508666963	0.5069200132661535	trials	210528SL	p38	Z11111	39	8.0	90.0	4	2795.5750866696303	2795.7820066828963
2799.387726923687	0.5069200132666083	trials	210528SL	p38	Z11111	178	12.0	135.0	8	2799.537726923687	2799.7446469369534
2799.798006949991	0.5269600145516051	trials	210528SL	p38	Z11111	6	5.0	0.0	4	2799.948006949991	2800.1749669645424
2800.2282869775777	0.5369600151921077	trials	210528SL	p38	Z11111	256	0.0	45.0	12	2800.378286977578	2800.6152469927697
2800.6686070058076	0.5269200145489776	trials	210528SL	p38	Z11111	143	7.0	45.0	8	2800.8186070058077	2801.0455270203565
2801.0988870333945	0.49692001262519625	trials	210528SL	p38	Z11111	179	13.0	135.0	8	2801.2488870333946	2801.4458070460196
2801.539167061622	0.49692001262519625	trials	210528SL	p38	Z11111	186	5.0	180.0	8	2801.689167061622	2801.886087074247
2801.969487089211	0.496920012625651	trials	210528SL	p38	Z11111	30	14.0	45.0	4	2802.119487089211	2802.3164071018364
2805.9621673451934	0.5069200132666083	trials	210528SL	p38	Z11111	122	1.0	0.0	8	2806.1121673451935	2806.31908735846
2806.402447373421	0.49692001262519625	trials	210528SL	p38	Z11111	233	7.0	315.0	8	2806.5524473734213	2806.7493673860463
2806.8427674016516	0.5269200145485229	trials	210528SL	p38	Z11111	125	4.0	0.0	8	2806.9927674016517	2807.2196874162
2807.273047429238	0.5269200145485229	trials	210528SL	p38	Z11111	61	0.0	180.0	4	2807.423047429238	2807.6499674437864
2807.7033274568244	0.5369600151925624	trials	210528SL	p38	Z11111	80	4.0	225.0	4	2807.8533274568244	2808.090287472017
2808.173647486978	0.49692001262519625	trials	210528SL	p38	Z11111	221	10.0	270.0	8	2808.323647486978	2808.520567499603
2808.573927512641	0.5269200145485229	trials	210528SL	p38	Z11111	320	4.0	225.0	12	2808.7239275126412	2808.9508475271896
2812.5766077692647	0.5069200132666083	trials	210528SL	p38	Z11111	65	4.0	180.0	4	2812.726607769265	2812.933527782531
2812.9968877962096	0.5269600145516051	trials	210528SL	p38	Z11111	325	9.0	225.0	12	2813.1468877962097	2813.373847810761
2813.427207823799	0.5269200145489776	trials	210528SL	p38	Z11111	340	9.0	270.0	12	2813.577207823799	2813.804127838348
2813.8574878513855	0.5369200151899349	trials	210528SL	p38	Z11111	11	10.0	0.0	4	2814.0074878513856	2814.2444078665753
2814.3278078815392	0.5269200145485229	trials	210528SL	p38	Z11111	0			0	2814.4778078815393	2814.7047278960877
2814.768087909767	0.5269600145511504	trials	210528SL	p38	Z11111	284	13.0	90.0	12	2814.918087909767	2815.145047924318
2815.1983679373534	0.5269600145516051	trials	210528SL	p38	Z11111	294	8.0	135.0	12	2815.3483679373535	2815.575327951905
2819.4712482113005	0.5069200132666083	trials	210528SL	p38	Z11111	3	2.0	0.0	4	2819.6212482113006	2819.828168224567
2819.8815282376045	0.496920012625651	trials	210528SL	p38	Z11111	14	13.0	0.0	4	2820.0315282376046	2820.22844825023
2825.1250485737824	0.506960013268781	trials	210528SL	p38	Z11111	93	2.0	270.0	4	2825.2750485737824	2825.482008587051
2825.5353286000864	0.5269600145511504	trials	210528SL	p38	Z11111	270	14.0	45.0	12	2825.6853286000865	2825.9122886146374
2825.965608627673	0.5369600151921077	trials	210528SL	p38	Z11111	147	11.0	45.0	8	2826.1156086276733	2826.352568642865
2826.4359286578265	0.496920012625651	trials	210528SL	p38	Z11111	336	5.0	270.0	12	2826.5859286578266	2826.782848670452
2826.876248686057	0.49692001262519625	trials	210528SL	p38	Z11111	151	0.0	90.0	8	2827.026248686057	2827.223168698682
2827.306528713643	0.496920012625651	trials	210528SL	p38	Z11111	357	11.0	315.0	12	2827.456528713643	2827.6534487262684
2827.7468487418732	0.5269200145485229	trials	210528SL	p38	Z11111	98	7.0	270.0	4	2827.8968487418733	2828.1237687564217
2831.829569003629	0.5069200132666083	trials	210528SL	p38	Z11111	354	8.0	315.0	12	2831.979569003629	2832.1864890168954
2832.2698890318593	0.5069200132656988	trials	210528SL	p38	Z11111	185	4.0	180.0	8	2832.4198890318594	2832.626809045125
2832.710169060086	0.496920012625651	trials	210528SL	p38	Z11111	78	2.0	225.0	4	2832.8601690600863	2833.0570890727117
2833.140449087673	0.496920012625651	trials	210528SL	p38	Z11111	290	4.0	135.0	12	2833.290449087673	2833.4873691002986
2833.5807691159034	0.49692001262519625	trials	210528SL	p38	Z11111	255	14.0	0.0	12	2833.7307691159035	2833.9276891285285
2834.01104914349	0.49692001262519625	trials	210528SL	p38	Z11111	38	7.0	90.0	4	2834.16104914349	2834.357969156115
2834.411329169153	0.5369200151899349	trials	210528SL	p38	Z11111	208	12.0	225.0	8	2834.561329169153	2834.7982491843427
2838.484049430267	0.5069200132661535	trials	210528SL	p38	Z11111	205	9.0	225.0	8	2838.634049430267	2838.840969443533
2838.894329456571	0.5369600151925624	trials	210528SL	p38	Z11111	104	13.0	270.0	4	2839.044329456571	2839.2812894717636
2839.364649486725	0.49692001262519625	trials	210528SL	p38	Z11111	116	10.0	315.0	4	2839.514649486725	2839.71156949935
2839.764929512388	0.5369200151899349	trials	210528SL	p38	Z11111	272	1.0	90.0	12	2839.914929512388	2840.1518495275777
2840.2052095406157	0.5269600145511504	trials	210528SL	p38	Z11111	210	14.0	225.0	8	2840.3552095406158	2840.5821695551667
2840.665529570128	0.5069200132666083	trials	210528SL	p38	Z11111	89	13.0	225.0	4	2840.815529570128	2841.0224495833945
2841.105809598356	0.49692001262519625	trials	210528SL	p38	Z11111	273	2.0	90.0	12	2841.255809598356	2841.452729610981
2845.1285298562643	0.5069200132661535	trials	210528SL	p38	Z11111	97	6.0	270.0	4	2845.2785298562644	2845.4854498695304
2845.5388098825683	0.5269200145485229	trials	210528SL	p38	Z11111	289	3.0	135.0	12	2845.6888098825684	2845.9157298971168
2845.969089910155	0.5369600151921077	trials	210528SL	p38	Z11111	144	8.0	45.0	8	2846.1190899101553	2846.356049925347
2846.4394099403085	0.496920012625651	trials	210528SL	p38	Z11111	69	8.0	180.0	4	2846.5894099403085	2846.786329952934
2846.879729968539	0.49688001262256876	trials	210528SL	p38	Z11111	12	11.0	0.0	4	2847.029729968539	2847.2266099811613
2847.3100099961252	0.49692001262519625	trials	210528SL	p38	Z11111	277	6.0	90.0	12	2847.4600099961253	2847.6569300087504
2847.7402900237116	0.5069200132666083	trials	210528SL	p38	Z11111	266	10.0	45.0	12	2847.8902900237117	2848.097210036978
2851.903090290601	0.5069200132666083	trials	210528SL	p38	Z11111	315	14.0	180.0	12	2852.053090290601	2852.2600103038676
2852.343370318829	0.49692001262519625	trials	210528SL	p38	Z11111	350	4.0	315.0	12	2852.493370318829	2852.690290331454
2852.773690346418	0.5069200132666083	trials	210528SL	p38	Z11111	220	9.0	270.0	8	2852.923690346418	2853.1306103596844
2855.8457305433753	0.5069200132666083	trials	210528SL	p38	Z11111	282	11.0	90.0	12	2855.9957305433754	2856.202650556642
2856.25601056968	0.49692001262519625	trials	210528SL	p38	Z11111	112	6.0	315.0	4	2856.40601056968	2856.602930582305
2856.69633059791	0.49692001262519625	trials	210528SL	p38	Z11111	15	14.0	0.0	4	2856.8463305979103	2857.0432506105353
2857.1266106254966	0.49692001262519625	trials	210528SL	p38	Z11111	18	2.0	45.0	4	2857.2766106254967	2857.4735306381217
2857.556890653083	0.5069200132666083	trials	210528SL	p38	Z11111	165	14.0	90.0	8	2857.706890653083	2857.9138106663495
2857.9972106813134	0.49688001262256876	trials	210528SL	p38	Z11111	288	2.0	135.0	12	2858.1472106813135	2858.344090693936
2858.4274907088998	0.5069200132666083	trials	210528SL	p38	Z11111	311	10.0	180.0	12	2858.5774907089	2858.7844107221663
2862.5402509725814	0.5069200132656988	trials	210528SL	p38	Z11111	133	12.0	0.0	8	2862.6902509725815	2862.897170985847
2862.950530998885	0.496920012625651	trials	210528SL	p38	Z11111	298	12.0	135.0	12	2863.100530998885	2863.2974510115105
2863.3808110264717	0.5269600145511504	trials	210528SL	p38	Z11111	338	7.0	270.0	12	2863.530811026472	2863.757771041023
2863.821131054702	0.5269200145485229	trials	210528SL	p38	Z11111	211	0.0	270.0	8	2863.9711310547023	2864.1980510692506
2864.251411082288	0.5269200145489776	trials	210528SL	p38	Z11111	268	12.0	45.0	12	2864.401411082288	2864.628331096837
2864.691691110516	0.5269600145511504	trials	210528SL	p38	Z11111	327	11.0	225.0	12	2864.841691110516	2865.068651125067
2865.1219711381027	0.5269600145511504	trials	210528SL	p38	Z11111	197	1.0	225.0	8	2865.271971138103	2865.4989311526538
2869.8151314389947	0.5069600132692358	trials	210528SL	p38	Z11111	47	1.0	135.0	4	2869.965131438995	2870.172091452264
2870.255451467225	0.49692001262519625	trials	210528SL	p38	Z11111	45	14.0	90.0	4	2870.4054514672252	2870.6023714798503
2870.695731495453	0.5269600145511504	trials	210528SL	p38	Z11111	182	1.0	180.0	8	2870.845731495453	2871.072691510004
2871.126051523042	0.5269200145485229	trials	210528SL	p38	Z11111	201	5.0	225.0	8	2871.276051523042	2871.5029715375904
2871.5663315512697	0.5269200145485229	trials	210528SL	p38	Z11111	279	8.0	90.0	12	2871.71633155127	2871.943251565818
2871.996611578856	0.5269600145511504	trials	210528SL	p38	Z11111	342	11.0	270.0	12	2872.146611578856	2872.373571593407
2872.4268916064425	0.5369600151925624	trials	210528SL	p38	Z11111	183	2.0	180.0	8	2872.5768916064426	2872.813851621635
2876.4996518675594	0.5069200132661535	trials	210528SL	p38	Z11111	100	9.0	270.0	4	2876.6496518675594	2876.8565718808254
2876.909931893864	0.5369200151894802	trials	210528SL	p38	Z11111	63	2.0	180.0	4	2877.059931893864	2877.296851909053
2877.380251924017	0.496920012625651	trials	210528SL	p38	Z11111	297	11.0	135.0	12	2877.530251924017	2877.7271719366427
2877.810531951604	0.5069200132661535	trials	210528SL	p38	Z11111	37	6.0	90.0	4	2877.960531951604	2878.16745196487
2878.2508119798317	0.4969200126247415	trials	210528SL	p38	Z11111	222	11.0	270.0	8	2878.400811979832	2878.5977319924564
2878.6811320074207	0.5069200132661535	trials	210528SL	p38	Z11111	333	2.0	270.0	12	2878.831132007421	2879.038052020687
2879.0914120337247	0.5269200145485229	trials	210528SL	p38	Z11111	285	14.0	90.0	12	2879.241412033725	2879.468332048273
2883.774532333973	0.5069200132666083	trials	210528SL	p38	Z11111	167	1.0	135.0	8	2883.9245323339733	2884.1314523472397
2884.1848123602776	0.5369600151921077	trials	210528SL	p38	Z11111	239	13.0	315.0	8	2884.3348123602777	2884.5717723754697
2886.536412511046	0.5069200132661535	trials	210528SL	p38	Z11111	32	1.0	90.0	4	2886.686412511046	2886.893332524312
2886.94669253735	0.5269200145485229	trials	210528SL	p38	Z11111	262	6.0	45.0	12	2887.09669253735	2887.3236125518983
2887.3869725655773	0.5269600145516051	trials	210528SL	p38	Z11111	90	14.0	225.0	4	2887.5369725655773	2887.7639325801288
2887.8172525931636	0.5269600145520599	trials	210528SL	p38	Z11111	303	2.0	180.0	12	2887.9672525931637	2888.1942126077156
2888.247572620753	0.5069200132661535	trials	210528SL	p38	Z11111	245	4.0	0.0	12	2888.397572620753	2888.604492634019
2888.687852648981	0.5269200145485229	trials	210528SL	p38	Z11111	20	4.0	45.0	4	2888.837852648981	2889.0647726635293
2889.1181326765673	0.5369600151925624	trials	210528SL	p38	Z11111	60	14.0	135.0	4	2889.2681326765673	2889.5050926917597
2893.361012948591	0.5069200132661535	trials	210528SL	p38	Z11111	258	2.0	45.0	12	2893.511012948591	2893.717932961857
2893.771292974895	0.5269200145489776	trials	210528SL	p38	Z11111	68	7.0	180.0	4	2893.921292974895	2894.148212989444
2894.211573003123	0.5269200145489776	trials	210528SL	p38	Z11111	105	14.0	270.0	4	2894.361573003123	2894.5884930176717
2896.7032531628715	0.5069200132666083	trials	210528SL	p38	Z11111	139	3.0	45.0	8	2896.8532531628716	2897.060173176138
2897.113533189176	0.5369200151899349	trials	210528SL	p38	Z11111	326	10.0	225.0	12	2897.263533189176	2897.500453204366
2897.5838532193297	0.49692001262519625	trials	210528SL	p38	Z11111	72	11.0	180.0	4	2897.73385321933	2897.930773231955
2897.98409324499	0.5269600145511504	trials	210528SL	p38	Z11111	128	7.0	0.0	8	2898.1340932449903	2898.361053259541
2898.4244132732206	0.5269200145485229	trials	210528SL	p38	Z11111	62	1.0	180.0	4	2898.5744132732207	2898.801333287769
2898.854693300807	0.5269200145485229	trials	210528SL	p38	Z11111	76	0.0	225.0	4	2899.004693300807	2899.2316133153554
2899.2950133290374	0.5269200145485229	trials	210528SL	p38	Z11111	212	1.0	270.0	8	2899.4450133290375	2899.671933343586
2903.3276935875842	0.5069200132661535	trials	210528SL	p38	Z11111	140	4.0	45.0	8	2903.4776935875843	2903.6846136008503
2903.7379736138882	0.5269600145516051	trials	210528SL	p38	Z11111	351	5.0	315.0	12	2903.8879736138883	2904.1149336284398
2904.178293642118	0.5269200145489776	trials	210528SL	p38	Z11111	276	5.0	90.0	12	2904.3282936421183	2904.555213656667
2904.608573669705	0.5269200145489776	trials	210528SL	p38	Z11111	134	13.0	0.0	8	2904.758573669705	2904.985493684254
2905.0488536979324	0.5269600145516051	trials	210528SL	p38	Z11111	345	14.0	270.0	12	2905.1988536979325	2905.425813712484
2905.4791737255214	0.5269200145489776	trials	210528SL	p38	Z11111	219	8.0	270.0	8	2905.6291737255215	2905.8560937400703
2905.909453753108	0.5369200151899349	trials	210528SL	p38	Z11111	257	1.0	45.0	12	2906.0594537531083	2906.296373768298
2909.782054001392	0.5069200132666083	trials	210528SL	p38	Z11111	27	11.0	45.0	4	2909.9320540013923	2910.1389740146587
2910.1923340276962	0.5369200151899349	trials	210528SL	p38	Z11111	101	10.0	270.0	4	2910.3423340276963	2910.579254042886
2910.66265405785	0.49692001262519625	trials	210528SL	p38	Z11111	17	1.0	45.0	4	2910.81265405785	2911.009574070475
2911.092934085437	0.5069200132661535	trials	210528SL	p38	Z11111	180	14.0	135.0	8	2911.242934085437	2911.449854098703
2911.533214113664	0.49692001262519625	trials	210528SL	p38	Z11111	127	6.0	0.0	8	2911.6832141136642	2911.8801341262892
2911.933494139327	0.5269600145516051	trials	210528SL	p38	Z11111	319	3.0	225.0	12	2912.0834941393273	2912.3104541538787
2912.373774167555	0.5269600145511504	trials	210528SL	p38	Z11111	184	3.0	180.0	8	2912.523774167555	2912.750734182106
2916.406534426107	0.5069200132661535	trials	210528SL	p38	Z11111	94	3.0	270.0	4	2916.556534426107	2916.763454439373
2916.8167744524085	0.5069200132666083	trials	210528SL	p38	Z11111	132	11.0	0.0	8	2916.9667744524086	2917.173694465675
2917.257094480639	0.5269200145485229	trials	210528SL	p38	Z11111	306	5.0	180.0	12	2917.407094480639	2917.6340144951873
2917.6873745082253	0.5269200145489776	trials	210528SL	p38	Z11111	55	9.0	135.0	4	2917.8373745082254	2918.064294522774
2918.117654535812	0.5069200132661535	trials	210528SL	p38	Z11111	296	10.0	135.0	12	2918.267654535812	2918.474574549078
2918.557974564042	0.49692001262519625	trials	210528SL	p38	Z11111	343	12.0	270.0	12	2918.707974564042	2918.904894576667
2918.9882545916284	0.5069200132666083	trials	210528SL	p38	Z11111	43	12.0	90.0	4	2919.1382545916285	2919.345174604895
2924.2317749278063	0.5069200132661535	trials	210528SL	p38	Z11111	188	7.0	180.0	8	2924.3817749278064	2924.5886949410724
2924.6420549541103	0.5069200132666083	trials	210528SL	p38	Z11111	214	3.0	270.0	8	2924.7920549541104	2924.998974967377
2925.082334982338	0.5269600145511504	trials	210528SL	p38	Z11111	4	3.0	0.0	4	2925.232334982338	2925.459294996889
2925.512655009927	0.49692001262519625	trials	210528SL	p38	Z11111	51	5.0	135.0	4	2925.662655009927	2925.8595750225522
2925.952935038155	0.5269600145511504	trials	210528SL	p38	Z11111	137	1.0	45.0	8	2926.102935038155	2926.329895052706
2926.3832150657413	0.5269600145511504	trials	210528SL	p38	Z11111	92	1.0	270.0	4	2926.5332150657414	2926.7601750802924
2926.8235350939717	0.5269200145485229	trials	210528SL	p38	Z11111	356	10.0	315.0	12	2926.973535093972	2927.20045510852
2930.7561753461046	0.5069200132666083	trials	210528SL	p38	Z11111	170	4.0	135.0	8	2930.9061753461046	2931.113095359371
2931.166455372409	0.5369200151899349	trials	210528SL	p38	Z11111	254	13.0	0.0	12	2931.316455372409	2931.553375387599
2931.606735400637	0.5269600145511504	trials	210528SL	p38	Z11111	146	10.0	45.0	8	2931.756735400637	2931.983695415188
2932.037015428223	0.5269600145511504	trials	210528SL	p38	Z11111	261	5.0	45.0	12	2932.1870154282233	2932.4139754427742
2932.4773354564536	0.5269200145485229	trials	210528SL	p38	Z11111	304	3.0	180.0	12	2932.6273354564537	2932.854255471002
2932.90761548404	0.5269600145511504	trials	210528SL	p38	Z11111	154	3.0	90.0	8	2933.05761548404	2933.284575498591
2933.3378955116264	0.49692001262519625	trials	210528SL	p38	Z11111	102	11.0	270.0	4	2933.4878955116264	2933.6848155242515
2937.2605357631187	0.5069200132661535	trials	210528SL	p38	Z11111	321	5.0	225.0	12	2937.410535763119	2937.6174557763848
2937.6708157894227	0.5369600151925624	trials	210528SL	p38	Z11111	353	7.0	315.0	12	2937.820815789423	2938.057775804615
2938.1411358195764	0.49692001262519625	trials	210528SL	p38	Z11111	57	11.0	135.0	4	2938.2911358195765	2938.4880558322016
2938.5714158471633	0.506960013268781	trials	210528SL	p38	Z11111	267	11.0	45.0	12	2938.7214158471634	2938.928375860432
2939.0117358753932	0.49692001262519625	trials	210528SL	p38	Z11111	265	9.0	45.0	12	2939.1617358753933	2939.3586558880183
2939.4420159029796	0.49692001262519625	trials	210528SL	p38	Z11111	81	5.0	225.0	4	2939.5920159029797	2939.7889359156047
2939.852295929284	0.5269200145485229	trials	210528SL	p38	Z11111	142	6.0	45.0	8	2940.002295929284	2940.2292159438325
2943.764936180135	0.5069200132661535	trials	210528SL	p38	Z11111	344	13.0	270.0	12	2943.914936180135	2944.121856193401
2944.1852162070804	0.5269200145485229	trials	210528SL	p38	Z11111	0			0	2944.3352162070805	2944.562136221629
2944.615496234667	0.5269600145511504	trials	210528SL	p38	Z11111	71	10.0	180.0	4	2944.765496234667	2944.992456249218
2947.377376411739	0.5069200132666083	trials	210528SL	p38	Z11111	10	9.0	0.0	4	2947.527376411739	2947.7342964250056
2947.8076564393255	0.49692001262519625	trials	210528SL	p38	Z11111	275	4.0	90.0	12	2947.9576564393255	2948.1545764519506
2948.2079364649885	0.5369200151899349	trials	210528SL	p38	Z11111	120	14.0	315.0	4	2948.3579364649886	2948.5948564801784
2948.6482164932163	0.5269200145485229	trials	210528SL	p38	Z11111	150	14.0	45.0	8	2948.7982164932164	2949.0251365077647
2949.0784965208027	0.5269600145511504	trials	210528SL	p38	Z11111	323	7.0	225.0	12	2949.2284965208028	2949.4554565353537
2949.518816549033	0.5269200145485229	trials	210528SL	p38	Z11111	313	12.0	180.0	12	2949.668816549033	2949.8957365635815
2949.9490965766195	0.5269200145485229	trials	210528SL	p38	Z11111	316	0.0	225.0	12	2950.0990965766196	2950.326016591168
2954.742296883926	0.506960013268781	trials	210528SL	p38	Z11111	49	3.0	135.0	4	2954.892296883926	2955.0992568971947
2957.464137058431	0.5069200132666083	trials	210528SL	p38	Z11111	164	13.0	90.0	8	2957.614137058431	2957.8210570716974
2957.8744170847353	0.5369600151921077	trials	210528SL	p38	Z11111	196	0.0	225.0	8	2958.0244170847354	2958.2613770999274
2958.3147371129653	0.5269200145489776	trials	210528SL	p38	Z11111	216	5.0	270.0	8	2958.4647371129654	2958.691657127514
2958.745017140552	0.5269200145485229	trials	210528SL	p38	Z11111	79	3.0	225.0	4	2958.895017140552	2959.1219371551006
2959.1852971687795	0.496920012625651	trials	210528SL	p38	Z11111	195	14.0	180.0	8	2959.3352971687796	2959.532217181405
2959.6155771963663	0.49692001262519625	trials	210528SL	p38	Z11111	66	5.0	180.0	4	2959.7655771963664	2959.9624972089914
2960.0158572220294	0.5269600145511504	trials	210528SL	p38	Z11111	160	9.0	90.0	8	2960.1658572220294	2960.3928172365804
2963.9885374767296	0.5069200132666083	trials	210528SL	p38	Z11111	218	7.0	270.0	8	2964.1385374767297	2964.345457489996
2964.398817503034	0.49692001262519625	trials	210528SL	p38	Z11111	152	1.0	90.0	8	2964.548817503034	2964.745737515659
2964.8290975306204	0.5069200132666083	trials	210528SL	p38	Z11111	121	0.0	0.0	8	2964.9790975306205	2965.186017543887
2965.2694175588504	0.496920012625651	trials	210528SL	p38	Z11111	301	0.0	180.0	12	2965.4194175588505	2965.616337571476
2965.6696575845112	0.5269600145511504	trials	210528SL	p38	Z11111	194	13.0	180.0	8	2965.8196575845113	2966.0466175990623
2966.109977612741	0.5269200145489776	trials	210528SL	p38	Z11111	175	9.0	135.0	8	2966.2599776127413	2966.48689762729
2966.540257640328	0.5269200145485229	trials	210528SL	p38	Z11111	238	12.0	315.0	8	2966.690257640328	2966.9171776548765
2970.3928578873292	0.5069200132666083	trials	210528SL	p38	Z11111	40	9.0	90.0	4	2970.5428578873293	2970.7497779005957
2970.8031379136337	0.5369200151894802	trials	210528SL	p38	Z11111	224	13.0	270.0	8	2970.953137913634	2971.190057928823
2971.273457943787	0.496920012625651	trials	210528SL	p38	Z11111	41	10.0	90.0	4	2971.423457943787	2971.6203779564125
2971.703737971374	0.5369600151921077	trials	210528SL	p38	Z11111	341	10.0	270.0	12	2971.853737971374	2972.090697986566
2972.144017999601	0.5269600145511504	trials	210528SL	p38	Z11111	187	6.0	180.0	8	2972.2940179996012	2972.520978014152
2972.57433802719	0.5369200151899349	trials	210528SL	p38	Z11111	145	9.0	45.0	8	2972.7243380271902	2972.96125804238
2973.044658057344	0.4968800126230235	trials	210528SL	p38	Z11111	247	6.0	0.0	12	2973.194658057344	2973.391538069967
2976.9672983088362	0.5069200132661535	trials	210528SL	p38	Z11111	161	10.0	90.0	8	2977.1172983088363	2977.3242183221023
2977.377538335138	0.49692001262519625	trials	210528SL	p38	Z11111	334	3.0	270.0	12	2977.527538335138	2977.724458347763
2977.807858362727	0.5069200132661535	trials	210528SL	p38	Z11111	324	8.0	225.0	12	2977.957858362727	2978.164778375993
2980.809858555194	0.5069200132666083	trials	210528SL	p38	Z11111	149	13.0	45.0	8	2980.959858555194	2981.1667785684604
2981.2201385814983	0.5369600151921077	trials	210528SL	p38	Z11111	77	1.0	225.0	4	2981.3701385814984	2981.6070985966903
2981.660418609726	0.5269600145511504	trials	210528SL	p38	Z11111	189	8.0	180.0	8	2981.810418609726	2982.037378624277
2982.090738637315	0.5369200151899349	trials	210528SL	p38	Z11111	300	14.0	135.0	12	2982.240738637315	2982.477658652505
2982.561058667469	0.49688001262256876	trials	210528SL	p38	Z11111	168	2.0	135.0	8	2982.711058667469	2982.9079386800913
2982.9612986931293	0.5369600151921077	trials	210528SL	p38	Z11111	203	7.0	225.0	8	2983.1112986931294	2983.3482587083213
2983.4016187213592	0.5269200145489776	trials	210528SL	p38	Z11111	251	10.0	0.0	12	2983.5516187213593	2983.778538735908
2986.3335789093358	0.5069200132666083	trials	210528SL	p38	Z11111	26	10.0	45.0	4	2986.483578909336	2986.6904989226023
2986.74385893564	0.5269200145485229	trials	210528SL	p38	Z11111	229	3.0	315.0	8	2986.8938589356403	2987.1207789501887
2987.1741389632266	0.5369600151925624	trials	210528SL	p38	Z11111	352	6.0	315.0	12	2987.3241389632267	2987.561098978419
2987.6444589933803	0.5369600151925624	trials	210528SL	p38	Z11111	328	12.0	225.0	12	2987.7944589933804	2988.031419008573
2988.0847790216108	0.5269200145485229	trials	210528SL	p38	Z11111	227	1.0	315.0	8	2988.234779021611	2988.461699036159
2988.515059049197	0.5269200145485229	trials	210528SL	p38	Z11111	163	12.0	90.0	8	2988.665059049197	2988.8919790637456
2988.955339077425	0.5269600145511504	trials	210528SL	p38	Z11111	73	12.0	180.0	4	2989.105339077425	2989.332299091976
2992.8879793295578	0.5069600132692358	trials	210528SL	p38	Z11111	52	6.0	135.0	4	2993.037979329558	2993.244939342827
2993.338299358429	0.5269200145489776	trials	210528SL	p38	Z11111	234	8.0	315.0	8	2993.4882993584292	2993.715219372978
2993.7986193879415	0.5369200151899349	trials	210528SL	p38	Z11111	312	11.0	180.0	12	2993.9486193879416	2994.1855394031313
2994.2388994161693	0.5269600145516051	trials	210528SL	p38	Z11111	278	7.0	90.0	12	2994.3888994161694	2994.615859430721
2994.669179443756	0.5269600145511504	trials	210528SL	p38	Z11111	158	7.0	90.0	8	2994.819179443756	2995.046139458307
2995.109499471986	0.5269200145485229	trials	210528SL	p38	Z11111	176	10.0	135.0	8	2995.259499471986	2995.4864194865345
2995.5397794995724	0.5269200145489776	trials	210528SL	p38	Z11111	192	11.0	180.0	8	2995.6897794995725	2995.9166995141213
2999.562499757481	0.5069200132666083	trials	210528SL	p38	Z11111	295	9.0	135.0	12	2999.712499757481	2999.9194197707475
2999.9727797837854	0.5269200145485229	trials	210528SL	p38	Z11111	225	14.0	270.0	8	3000.1227797837855	3000.349699798334
3000.443099813939	0.5269200145485229	trials	210528SL	p38	Z11111	339	8.0	270.0	12	3000.5930998139393	3000.8200198284876
3000.8733798415255	0.5369200151894802	trials	210528SL	p38	Z11111	46	0.0	135.0	4	3001.0233798415256	3001.260299856715
3001.313659869753	0.5269600145516051	trials	210528SL	p38	Z11111	206	10.0	225.0	8	3001.463659869753	3001.6906198843044
3001.7439798973423	0.5269200145485229	trials	210528SL	p38	Z11111	329	13.0	225.0	12	3001.8939798973424	3002.120899911891
3002.18425992557	0.5269200145485229	trials	210528SL	p38	Z11111	54	8.0	135.0	4	3002.33425992557	3002.5611799401186
3006.537180204648	0.5069200132666083	trials	210528SL	p38	Z11111	7	6.0	0.0	4	3006.687180204648	3006.8941002179145
3006.9474602309524	0.49692001262519625	trials	210528SL	p38	Z11111	215	4.0	270.0	8	3007.0974602309525	3007.2943802435775
3007.3477402566155	0.5269200145489776	trials	210528SL	p38	Z11111	59	13.0	135.0	4	3007.4977402566155	3007.7246602711643
3007.7780202842023	0.5069200132661535	trials	210528SL	p38	Z11111	200	4.0	225.0	8	3007.9280202842024	3008.1349402974683
3008.2183003124296	0.49692001262519625	trials	210528SL	p38	Z11111	169	3.0	135.0	8	3008.3683003124297	3008.5652203250547
3008.6486203400186	0.49692001262519625	trials	210528SL	p38	Z11111	191	10.0	180.0	8	3008.7986203400187	3008.9955403526437
3009.0889003682464	0.49692001262519625	trials	210528SL	p38	Z11111	129	8.0	0.0	8	3009.2389003682465	3009.4358203808715
3013.111620626155	0.5069200132666083	trials	210528SL	p38	Z11111	317	1.0	225.0	12	3013.261620626155	3013.4685406394215
3013.5519006543827	0.5369600151921077	trials	210528SL	p38	Z11111	209	13.0	225.0	8	3013.701900654383	3013.9388606695748
3013.9922206826127	0.5269200145489776	trials	210528SL	p38	Z11111	346	0.0	315.0	12	3014.142220682613	3014.3691406971616
3014.422500710199	0.5269200145489776	trials	210528SL	p38	Z11111	85	9.0	225.0	4	3014.572500710199	3014.799420724748
3014.862780738427	0.5269600145511504	trials	210528SL	p38	Z11111	171	5.0	135.0	8	3015.012780738427	3015.239740752978
3015.2930607660137	0.5269600145511504	trials	210528SL	p38	Z11111	241	0.0	0.0	12	3015.443060766014	3015.6700207805648
3015.7233807936027	0.5069200132661535	trials	210528SL	p38	Z11111	332	1.0	270.0	12	3015.873380793603	3016.0803008068688
3019.6159810431686	0.5069200132666083	trials	210528SL	p38	Z11111	359	13.0	315.0	12	3019.7659810431687	3019.972901056435
3020.026261069473	0.5269600145511504	trials	210528SL	p38	Z11111	34	3.0	90.0	4	3020.176261069473	3020.403221084024
3020.4565410970595	0.5369600151925624	trials	210528SL	p38	Z11111	358	12.0	315.0	12	3020.6065410970596	3020.843501112252
3020.89686112529	0.5269200145485229	trials	210528SL	p38	Z11111	204	8.0	225.0	8	3021.04686112529	3021.2737811398383
3021.3271411528763	0.5369600151925624	trials	210528SL	p38	Z11111	287	1.0	135.0	12	3021.4771411528764	3021.7141011680687
3021.79746118303	0.49692001262519625	trials	210528SL	p38	Z11111	349	3.0	315.0	12	3021.94746118303	3022.144381195655
3022.2277412106164	0.5069200132666083	trials	210528SL	p38	Z11111	166	0.0	135.0	8	3022.3777412106165	3022.584661223883
3026.190421464675	0.5069200132666083	trials	210528SL	p38	Z11111	248	7.0	0.0	12	3026.3404214646753	3026.5473414779417
3026.630701492903	0.5369600151925624	trials	210528SL	p38	Z11111	130	9.0	0.0	8	3026.780701492903	3027.0176615080954
3027.1010215230567	0.49692001262519625	trials	210528SL	p38	Z11111	9	8.0	0.0	4	3027.251021523057	3027.447941535682
3027.531301550643	0.49692001262519625	trials	210528SL	p38	Z11111	28	12.0	45.0	4	3027.681301550643	3027.878221563268
3027.9716215788735	0.5269200145485229	trials	210528SL	p38	Z11111	118	12.0	315.0	4	3028.1216215788736	3028.348541593422
3028.40190160646	0.49692001262519625	trials	210528SL	p38	Z11111	281	10.0	90.0	12	3028.55190160646	3028.748821619085
3028.8422216346903	0.5269200145485229	trials	210528SL	p38	Z11111	215	4.0	270.0	8	3028.9922216346904	3029.2191416492387
3032.9949819009357	0.5069200132666083	trials	210528SL	p38	Z11111	6	5.0	0.0	4	3033.144981900936	3033.3519019142022
3035.7868620799313	0.5069200132666083	trials	210528SL	p38	Z11111	124	3.0	0.0	8	3035.9368620799314	3036.143782093198
3036.197142106236	0.5269600145511504	trials	210528SL	p38	Z11111	73	12.0	180.0	4	3036.347142106236	3036.574102120787
3036.637462134466	0.5269200145485229	trials	210528SL	p38	Z11111	108	2.0	315.0	4	3036.7874621344663	3037.0143821490146
3037.0677421620526	0.5269200145485229	trials	210528SL	p38	Z11111	59	13.0	135.0	4	3037.2177421620527	3037.444662176601
3037.498022189639	0.5369600151925624	trials	210528SL	p38	Z11111	80	4.0	225.0	4	3037.648022189639	3037.8849822048314
3037.9383022178667	0.49692001262519625	trials	210528SL	p38	Z11111	66	5.0	180.0	4	3038.088302217867	3038.285222230492
3038.3686222454558	0.49692001262519625	trials	210528SL	p38	Z11111	172	6.0	135.0	8	3038.518622245456	3038.715542258081
3042.3813025027207	0.5069200132661535	trials	210528SL	p38	Z11111	192	11.0	180.0	8	3042.531302502721	3042.7382225159868
3042.821622530951	0.4969200126247415	trials	210528SL	p38	Z11111	48	2.0	135.0	4	3042.971622530951	3043.1685425435758
3043.2218625566115	0.5269600145511504	trials	210528SL	p38	Z11111	0			0	3043.3718625566116	3043.5988225711626
3043.6621825848415	0.5269200145489776	trials	210528SL	p38	Z11111	271	0.0	90.0	12	3043.8121825848416	3044.0391025993904
3044.0924626124283	0.5269200145485229	trials	210528SL	p38	Z11111	204	8.0	225.0	8	3044.2424626124284	3044.4693826269768
3044.5327426406557	0.5269600145511504	trials	210528SL	p38	Z11111	360	14.0	315.0	12	3044.6827426406558	3044.9097026552067
3044.9630626682447	0.5269200145489776	trials	210528SL	p38	Z11111	336	5.0	270.0	12	3045.1130626682448	3045.3399826827936
3048.9357429229453	0.5069200132661535	trials	210528SL	p38	Z11111	132	11.0	0.0	8	3049.0857429229454	3049.2926629362114
3049.3760229511727	0.496920012625651	trials	210528SL	p38	Z11111	51	5.0	135.0	4	3049.5260229511728	3049.7229429637982
3049.776302976836	0.5369200151894802	trials	210528SL	p38	Z11111	24	8.0	45.0	4	3049.9263029768363	3050.1632229920256
3050.2165830050635	0.5269600145516051	trials	210528SL	p38	Z11111	197	1.0	225.0	8	3050.3665830050636	3050.593543019615
3050.64686303265	0.5269600145516051	trials	210528SL	p38	Z11111	91	0.0	270.0	4	3050.79686303265	3051.0238230472014
3051.0871830608803	0.5269200145485229	trials	210528SL	p38	Z11111	109	3.0	315.0	4	3051.2371830608804	3051.4641030754287
3051.5174630884667	0.496920012625651	trials	210528SL	p38	Z11111	53	7.0	135.0	4	3051.667463088467	3051.8643831010922
3055.4201033386767	0.5069200132661535	trials	210528SL	p38	Z11111	16	0.0	45.0	4	3055.5701033386767	3055.7770233519427
3055.8303833649807	0.5369200151899349	trials	210528SL	p38	Z11111	29	13.0	45.0	4	3055.9803833649808	3056.2173033801705
3058.6222635439763	0.4968800126230235	trials	210528SL	p38	Z11111	357	11.0	315.0	12	3058.7722635439764	3058.969143556599
3059.032503570278	0.5269600145516051	trials	210528SL	p38	Z11111	136	0.0	45.0	8	3059.182503570278	3059.4094635848296
3059.4628235978676	0.5269200145485229	trials	210528SL	p38	Z11111	191	10.0	180.0	8	3059.6128235978676	3059.839743612416
3059.893103625454	0.5369600151921077	trials	210528SL	p38	Z11111	223	12.0	270.0	8	3060.043103625454	3060.280063640646
3060.3333836536813	0.5269600145516051	trials	210528SL	p38	Z11111	166	0.0	135.0	8	3060.4833836536814	3060.710343668233
3060.7637036812707	0.5369200151899349	trials	210528SL	p38	Z11111	49	3.0	135.0	4	3060.913703681271	3061.1506236964606
3061.2039837094985	0.5269200145485229	trials	210528SL	p38	Z11111	30	14.0	45.0	4	3061.3539837094986	3061.580903724047
3065.38678397767	0.5069200132661535	trials	210528SL	p38	Z11111	62	1.0	180.0	4	3065.53678397767	3065.743703990936
3065.807064004615	0.5269600145511504	trials	210528SL	p38	Z11111	67	6.0	180.0	4	3065.957064004615	3066.184024019166
3066.2673840341276	0.5269600145516051	trials	210528SL	p38	Z11111	317	1.0	225.0	12	3066.4173840341277	3066.644344048679
3066.7077040623576	0.5269200145489776	trials	210528SL	p38	Z11111	339	8.0	270.0	12	3066.8577040623577	3067.0846240769065
3067.1379840899444	0.5269200145485229	trials	210528SL	p38	Z11111	217	6.0	270.0	8	3067.2879840899445	3067.514904104493
3067.5682641175313	0.5069200132656988	trials	210528SL	p38	Z11111	186	5.0	180.0	8	3067.7182641175314	3067.925184130797
3068.008544145758	0.496920012625651	trials	210528SL	p38	Z11111	327	11.0	225.0	12	3068.1585441457582	3068.3554641583837
3072.1813844132917	0.5069200132666083	trials	210528SL	p38	Z11111	176	10.0	135.0	8	3072.3313844132917	3072.538304426558
3072.5916644395957	0.5269200145489776	trials	210528SL	p38	Z11111	301	0.0	180.0	12	3072.7416644395958	3072.9685844541445
3073.0219444671825	0.5369200151899349	trials	210528SL	p38	Z11111	17	1.0	45.0	4	3073.1719444671826	3073.4088644823723
3073.4622244954103	0.5269600145511504	trials	210528SL	p38	Z11111	296	10.0	135.0	12	3073.6122244954104	3073.8391845099613
3073.8925445229993	0.49688001262256876	trials	210528SL	p38	Z11111	93	2.0	270.0	4	3074.0425445229994	3074.2394245356218
3074.3328245512266	0.5269200145489776	trials	210528SL	p38	Z11111	208	12.0	225.0	8	3074.4828245512267	3074.7097445657755
3074.7631045788135	0.5369600151921077	trials	210528SL	p38	Z11111	139	3.0	45.0	8	3074.9131045788135	3075.1500645940055
3078.7357848335137	0.5069200132661535	trials	210528SL	p38	Z11111	11	10.0	0.0	4	3078.8857848335138	3079.0927048467797
3079.1460648598177	0.5269200145489776	trials	210528SL	p38	Z11111	285	14.0	90.0	12	3079.2960648598178	3079.5229848743666
3079.586344888045	0.5269600145520599	trials	210528SL	p38	Z11111	280	9.0	90.0	12	3079.736344888045	3079.963304902597
3082.5983850811563	0.5069200132661535	trials	210528SL	p38	Z11111	60	14.0	135.0	4	3082.7483850811564	3082.9553050944223
3083.0086651074603	0.5269200145485229	trials	210528SL	p38	Z11111	315	14.0	180.0	12	3083.1586651074604	3083.3855851220087
3083.448945135688	0.5269600145511504	trials	210528SL	p38	Z11111	105	14.0	270.0	4	3083.598945135688	3083.825905150239
3085.890585292229	0.5069200132661535	trials	210528SL	p38	Z11111	251	10.0	0.0	12	3086.040585292229	3086.247505305495
3086.300865318533	0.5369600151925624	trials	210528SL	p38	Z11111	243	2.0	0.0	12	3086.450865318533	3086.6878253337254
3086.7411853467634	0.5269200145485229	trials	210528SL	p38	Z11111	328	12.0	225.0	12	3086.8911853467635	3087.118105361312
3087.1714653743497	0.5369600151925624	trials	210528SL	p38	Z11111	97	6.0	270.0	4	3087.32146537435	3087.558425389542
3087.6417854045035	0.49692001262519625	trials	210528SL	p38	Z11111	12	11.0	0.0	4	3087.7917854045036	3087.9887054171286
3088.0420654301665	0.5369200151899349	trials	210528SL	p38	Z11111	203	7.0	225.0	8	3088.1920654301666	3088.4289854453564
3088.5123854603203	0.49688001262256876	trials	210528SL	p38	Z11111	240	14.0	315.0	8	3088.6623854603204	3088.8592654729428
3092.735225731059	0.5069200132666083	trials	210528SL	p38	Z11111	13	12.0	0.0	4	3092.885225731059	3093.0921457443255
3093.145465757361	0.5369600151921077	trials	210528SL	p38	Z11111	205	9.0	225.0	8	3093.295465757361	3093.532425772553
3093.615785787514	0.5269600145511504	trials	210528SL	p38	Z11111	127	6.0	0.0	8	3093.7657857875142	3093.992745802065
3094.0461058151036	0.49692001262519625	trials	210528SL	p38	Z11111	298	12.0	135.0	12	3094.1961058151037	3094.3930258277287
3094.486385843331	0.5269200145489776	trials	210528SL	p38	Z11111	156	5.0	90.0	8	3094.636385843331	3094.86330585788
3094.9166658709173	0.5269600145516051	trials	210528SL	p38	Z11111	8	7.0	0.0	4	3095.0666658709174	3095.293625885469
3095.3569858991477	0.5269200145485229	trials	210528SL	p38	Z11111	262	6.0	45.0	12	3095.506985899148	3095.733905913696
3099.309626152563	0.5069200132666083	trials	210528SL	p38	Z11111	50	4.0	135.0	4	3099.459626152563	3099.6665461658295
3099.7199061788674	0.5269600145511504	trials	210528SL	p38	Z11111	194	13.0	180.0	8	3099.8699061788675	3100.0968661934185
3105.9841065804835	0.5069600132692358	trials	210528SL	p38	Z11111	150	14.0	45.0	8	3106.1341065804836	3106.3410665937527
3106.424426608714	0.49692001262519625	trials	210528SL	p38	Z11111	102	11.0	270.0	4	3106.574426608714	3106.771346621339
3106.8547066363003	0.5069200132666083	trials	210528SL	p38	Z11111	210	14.0	225.0	8	3107.0047066363004	3107.211626649567
3107.2950266645307	0.49688001262256876	trials	210528SL	p38	Z11111	42	11.0	90.0	4	3107.445026664531	3107.641906677153
3107.695266690191	0.5269600145511504	trials	210528SL	p38	Z11111	190	9.0	180.0	8	3107.8452666901912	3108.072226704742
3108.165586720345	0.5269600145511504	trials	210528SL	p38	Z11111	322	6.0	225.0	12	3108.315586720345	3108.542546734896
3108.5958667479313	0.5369600151925624	trials	210528SL	p38	Z11111	89	13.0	225.0	4	3108.7458667479314	3108.9828267631237
3112.68862701033	0.5069200132666083	trials	210528SL	p38	Z11111	162	11.0	90.0	8	3112.83862701033	3113.0455470235966
3113.0989070366345	0.5269600145511504	trials	210528SL	p38	Z11111	104	13.0	270.0	4	3113.2489070366346	3113.4758670511856
3113.529187064221	0.5369600151925624	trials	210528SL	p38	Z11111	347	1.0	315.0	12	3113.679187064221	3113.9161470794133
3113.9695070924513	0.5269200145485229	trials	210528SL	p38	Z11111	114	8.0	315.0	4	3114.1195070924514	3114.3464271069997
3114.3997871200377	0.5369600151925624	trials	210528SL	p38	Z11111	10	9.0	0.0	4	3114.5497871200378	3114.78674713523
3114.8701071501914	0.49692001262519625	trials	210528SL	p38	Z11111	320	4.0	225.0	12	3115.0201071501915	3115.2170271628165
3115.300387177778	0.5069200132666083	trials	210528SL	p38	Z11111	247	6.0	0.0	12	3115.450387177778	3115.6573071910443
3119.3231074356863	0.5069200132661535	trials	210528SL	p38	Z11111	312	11.0	180.0	12	3119.4731074356864	3119.6800274489524
3119.7433874626317	0.5269600145511504	trials	210528SL	p38	Z11111	86	10.0	225.0	4	3119.893387462632	3120.120347477183
3120.1937074915027	0.496920012625651	trials	210528SL	p38	Z11111	100	9.0	270.0	4	3120.3437074915028	3120.540627504128
3120.6239875190895	0.496920012625651	trials	210528SL	p38	Z11111	72	11.0	180.0	4	3120.7739875190896	3120.970907531715
3121.0542675466763	0.5069200132661535	trials	210528SL	p38	Z11111	279	8.0	90.0	12	3121.2042675466764	3121.4111875599424
3121.4645475729803	0.5269200145489776	trials	210528SL	p38	Z11111	120	14.0	315.0	4	3121.6145475729804	3121.841467587529
3121.894827600567	0.5269600145511504	trials	210528SL	p38	Z11111	152	1.0	90.0	8	3122.0448276005673	3122.2717876151182
3125.7974678507767	0.5069200132666083	trials	210528SL	p38	Z11111	212	1.0	270.0	8	3125.947467850777	3126.154387864043
3126.207747877081	0.49692001262519625	trials	210528SL	p38	Z11111	246	5.0	0.0	12	3126.3577478770812	3126.5546678897063
3126.6480279053085	0.5269600145511504	trials	210528SL	p38	Z11111	153	2.0	90.0	8	3126.7980279053086	3127.0249879198595
3127.0783079328953	0.5269600145511504	trials	210528SL	p38	Z11111	290	4.0	135.0	12	3127.2283079328954	3127.4552679474464
3127.5186279611253	0.5269200145489776	trials	210528SL	p38	Z11111	65	4.0	180.0	4	3127.6686279611254	3127.895547975674
3127.9489079887117	0.496920012625651	trials	210528SL	p38	Z11111	69	8.0	180.0	4	3128.0989079887117	3128.295828001337
3128.3791880162985	0.5069200132666083	trials	210528SL	p38	Z11111	244	3.0	0.0	12	3128.5291880162986	3128.736108029565
3132.592028286396	0.5069200132666083	trials	210528SL	p38	Z11111	321	5.0	225.0	12	3132.742028286396	3132.9489482996623
3133.0323483146262	0.5369200151899349	trials	210528SL	p38	Z11111	118	12.0	315.0	4	3133.1823483146263	3133.419268329816
3133.50266834478	0.49692001262519625	trials	210528SL	p38	Z11111	326	10.0	225.0	12	3133.65266834478	3133.849588357405
3133.9329483723664	0.49692001262519625	trials	210528SL	p38	Z11111	173	7.0	135.0	8	3134.0829483723664	3134.2798683849915
3134.343228398671	0.5269200145485229	trials	210528SL	p38	Z11111	350	4.0	315.0	12	3134.493228398671	3134.7201484132192
3134.773508426257	0.5269200145485229	trials	210528SL	p38	Z11111	253	12.0	0.0	12	3134.9235084262573	3135.1504284408056
3135.2137884544845	0.5269600145516051	trials	210528SL	p38	Z11111	79	3.0	225.0	4	3135.3637884544846	3135.590748469036
3139.396628722659	0.5069200132666083	trials	210528SL	p38	Z11111	281	10.0	90.0	12	3139.546628722659	3139.7535487359255
3139.806908748963	0.5269200145489776	trials	210528SL	p38	Z11111	275	4.0	90.0	12	3139.956908748963	3140.183828763512
3140.247188777191	0.5269600145511504	trials	210528SL	p38	Z11111	256	0.0	45.0	12	3140.397188777191	3140.624148791742
3140.6774688047776	0.5269600145511504	trials	210528SL	p38	Z11111	54	8.0	135.0	4	3140.8274688047777	3141.0544288193287
3141.1077888323666	0.5369200151894802	trials	210528SL	p38	Z11111	248	7.0	0.0	12	3141.2577888323667	3141.494708847556
3141.548068860594	0.5269200145489776	trials	210528SL	p38	Z11111	221	10.0	270.0	8	3141.698068860594	3141.924988875143
3141.978348888181	0.5369600151921077	trials	210528SL	p38	Z11111	318	2.0	225.0	12	3142.128348888181	3142.365308903373
3145.9310291415986	0.5069200132661535	trials	210528SL	p38	Z11111	325	9.0	225.0	12	3146.0810291415987	3146.2879491548647
3146.351309168544	0.5269200145485229	trials	210528SL	p38	Z11111	310	9.0	180.0	12	3146.501309168544	3146.7282291830925
3146.7815891961304	0.49692001262519625	trials	210528SL	p38	Z11111	63	2.0	180.0	4	3146.9315891961305	3147.1285092087555
3147.211869223717	0.5069200132666083	trials	210528SL	p38	Z11111	145	9.0	45.0	8	3147.361869223717	3147.5687892369833
3147.652189251947	0.49692001262519625	trials	210528SL	p38	Z11111	33	2.0	90.0	4	3147.8021892519473	3147.9991092645723
3151.334669488042	0.5069200132661535	trials	210528SL	p38	Z11111	340	9.0	270.0	12	3151.484669488042	3151.691589501308
3151.744949514346	0.5369200151899349	trials	210528SL	p38	Z11111	138	2.0	45.0	8	3151.894949514346	3152.131869529536
3152.185229542574	0.5269200145485229	trials	210528SL	p38	Z11111	258	2.0	45.0	12	3152.335229542574	3152.562149557122
3152.61550957016	0.5369600151925624	trials	210528SL	p38	Z11111	354	8.0	315.0	12	3152.7655095701602	3153.0024695853526
3153.085829600314	0.49692001262519625	trials	210528SL	p38	Z11111	187	6.0	180.0	8	3153.235829600314	3153.432749612939
3153.5261496285443	0.49688001262256876	trials	210528SL	p38	Z11111	32	1.0	90.0	4	3153.6761496285444	3153.873029641167
3153.9564296561307	0.49692001262519625	trials	210528SL	p38	Z11111	356	10.0	315.0	12	3154.106429656131	3154.303349668756
3165.063910368264	0.5069200132666083	trials	210528SL	p38	Z11111	288	2.0	135.0	12	3165.213910368264	3165.4208303815303
3165.484190395209	0.5269200145489776	trials	210528SL	p38	Z11111	163	12.0	90.0	8	3165.6341903952093	3165.861110409758
3165.914470422796	0.5269200145485229	trials	210528SL	p38	Z11111	224	13.0	270.0	8	3166.064470422796	3166.2913904373445
3166.354750451024	0.5269600145511504	trials	210528SL	p38	Z11111	193	12.0	180.0	8	3166.504750451024	3166.731710465575
3166.785070478613	0.5269200145485229	trials	210528SL	p38	Z11111	87	11.0	225.0	4	3166.935070478613	3167.1619904931613
3167.2153505061992	0.5369200151899349	trials	210528SL	p38	Z11111	129	8.0	0.0	8	3167.3653505061993	3167.602270521389
3167.655630534427	0.5269600145511504	trials	210528SL	p38	Z11111	7	6.0	0.0	4	3167.805630534427	3168.032590548978
3172.3087908327548	0.5069200132661535	trials	210528SL	p38	Z11111	289	3.0	135.0	12	3172.458790832755	3172.665710846021
3172.719070859059	0.4968800126230235	trials	210528SL	p38	Z11111	183	2.0	180.0	8	3172.869070859059	3173.0659508716817
3173.1593508872866	0.5269200145489776	trials	210528SL	p38	Z11111	0			0	3173.3093508872867	3173.5362709018355
3173.589630914873	0.5269600145516051	trials	210528SL	p38	Z11111	211	0.0	270.0	8	3173.739630914873	3173.9665909294245
3174.0299109431007	0.5269600145511504	trials	210528SL	p38	Z11111	237	11.0	315.0	8	3174.179910943101	3174.406870957652
3174.4602309706897	0.496920012625651	trials	210528SL	p38	Z11111	329	13.0	225.0	12	3174.61023097069	3174.8071509833153
3174.8605109963532	0.49688001262256876	trials	210528SL	p38	Z11111	345	14.0	270.0	12	3175.0105109963533	3175.2073910089757
3178.8031512491275	0.5069200132656988	trials	210528SL	p38	Z11111	157	6.0	90.0	8	3178.9531512491276	3179.160071262393
3179.243431277355	0.49692001262519625	trials	210528SL	p38	Z11111	43	12.0	90.0	4	3179.393431277355	3179.59035128998
3179.643711303018	0.5269200145489776	trials	210528SL	p38	Z11111	333	2.0	270.0	12	3179.793711303018	3180.0206313175668
3180.083991331245	0.5269600145516051	trials	210528SL	p38	Z11111	154	3.0	90.0	8	3180.2339913312453	3180.4609513457967
3180.5143113588347	0.5269200145489776	trials	210528SL	p38	Z11111	115	9.0	315.0	4	3180.6643113588348	3180.8912313733836
3180.954591387062	0.5269600145511504	trials	210528SL	p38	Z11111	268	12.0	45.0	12	3181.104591387062	3181.331551401613
3181.384871414649	0.5269600145511504	trials	210528SL	p38	Z11111	227	1.0	315.0	8	3181.534871414649	3181.7618314292
3186.208111723881	0.5069600132692358	trials	210528SL	p38	Z11111	21	5.0	45.0	4	3186.358111723881	3186.56507173715
3186.6183917501853	0.5269600145511504	trials	210528SL	p38	Z11111	291	5.0	135.0	12	3186.7683917501854	3186.9953517647364
3187.0587117784153	0.496920012625651	trials	210528SL	p38	Z11111	74	13.0	180.0	4	3187.2087117784154	3187.405631791041
3187.488991806002	0.49692001262519625	trials	210528SL	p38	Z11111	57	11.0	135.0	4	3187.638991806002	3187.835911818627
3187.9192718335885	0.5069200132666083	trials	210528SL	p38	Z11111	230	4.0	315.0	8	3188.0692718335886	3188.276191846855
3188.359591861819	0.5269200145485229	trials	210528SL	p38	Z11111	272	1.0	90.0	12	3188.509591861819	3188.7365118763673
3188.7898718894053	0.5369600151925624	trials	210528SL	p38	Z11111	141	5.0	45.0	8	3188.9398718894054	3189.1768319045977
3192.712512140897	0.5069200132666083	trials	210528SL	p38	Z11111	189	8.0	180.0	8	3192.8625121408973	3193.0694321541637
3193.122792167201	0.496920012625651	trials	210528SL	p38	Z11111	140	4.0	45.0	8	3193.2727921672013	3193.4697121798267
3193.563072195429	0.49692001262519625	trials	210528SL	p38	Z11111	313	12.0	180.0	12	3193.713072195429	3193.909992208054
3193.993392223018	0.4968800126230235	trials	210528SL	p38	Z11111	95	4.0	270.0	4	3194.143392223018	3194.340272235641
3194.3936322486784	0.5369600151925624	trials	210528SL	p38	Z11111	232	6.0	315.0	8	3194.5436322486785	3194.780592263871
3194.863952278832	0.5269600145516051	trials	210528SL	p38	Z11111	353	7.0	315.0	12	3195.013952278832	3195.2409122933836
3195.30423230706	0.5269600145511504	trials	210528SL	p38	Z11111	44	13.0	90.0	4	3195.45423230706	3195.681192321611
3199.3369525656094	0.5069200132666083	trials	210528SL	p38	Z11111	218	7.0	270.0	8	3199.4869525656095	3199.693872578876
3199.77727259384	0.5069200132666083	trials	210528SL	p38	Z11111	116	10.0	315.0	4	3199.92727259384	3200.1341926071063
3200.2175526220676	0.49692001262519625	trials	210528SL	p38	Z11111	348	2.0	315.0	12	3200.3675526220677	3200.5644726346927
3200.6178326477307	0.5269200145485229	trials	210528SL	p38	Z11111	31	0.0	90.0	4	3200.7678326477308	3200.994752662279
3201.048112675317	0.5069200132666083	trials	210528SL	p38	Z11111	266	10.0	45.0	12	3201.198112675317	3201.4050326885836
3201.488392703545	0.49696001262782374	trials	210528SL	p38	Z11111	331	0.0	270.0	12	3201.638392703545	3201.8353527161726
3201.918712731134	0.49692001262519625	trials	210528SL	p38	Z11111	83	7.0	225.0	4	3202.068712731134	3202.265632743759
3205.861352983908	0.5069200132666083	trials	210528SL	p38	Z11111	5	4.0	0.0	4	3206.011352983908	3206.2182729971746
3206.2716330102126	0.49692001262519625	trials	210528SL	p38	Z11111	249	8.0	0.0	12	3206.4216330102126	3206.6185530228377
3206.6719130358756	0.5269200145485229	trials	210528SL	p38	Z11111	103	12.0	270.0	4	3206.8219130358757	3207.048833050424
3209.7339532321917	0.5169600139106478	trials	210528SL	p38	Z11111	349	3.0	315.0	12	3209.8839532321917	3210.100913246102
3210.1542332591375	0.5269600145511504	trials	210528SL	p38	Z11111	37	6.0	90.0	4	3210.3042332591376	3210.5311932736886
3210.5845532867265	0.5269200145485229	trials	210528SL	p38	Z11111	234	8.0	315.0	8	3210.7345532867266	3210.961473301275
3211.0248333149543	0.5269600145511504	trials	210528SL	p38	Z11111	330	14.0	225.0	12	3211.1748333149544	3211.4017933295054
3211.4551133425407	0.5269600145511504	trials	210528SL	p38	Z11111	358	12.0	315.0	12	3211.605113342541	3211.8320733570918
3211.8854333701297	0.5069200132666083	trials	210528SL	p38	Z11111	76	0.0	225.0	4	3212.03543337013	3212.242353383396
3212.3257133983575	0.49692001262519625	trials	210528SL	p38	Z11111	263	7.0	45.0	12	3212.4757133983576	3212.6726334109826
3216.328393654981	0.5069200132666083	trials	210528SL	p38	Z11111	123	2.0	0.0	8	3216.478393654981	3216.6853136682475
3216.778713683852	0.5269200145489776	trials	210528SL	p38	Z11111	355	9.0	315.0	12	3216.928713683852	3217.155633698401
3217.2490337140057	0.5269200145485229	trials	210528SL	p38	Z11111	255	14.0	0.0	12	3217.399033714006	3217.625953728554
3217.709353743518	0.4968800126230235	trials	210528SL	p38	Z11111	344	13.0	270.0	12	3217.859353743518	3218.056233756141
3218.149633771746	0.496920012625651	trials	210528SL	p38	Z11111	167	1.0	135.0	8	3218.299633771746	3218.4965537843714
3218.5799137993326	0.49692001262519625	trials	210528SL	p38	Z11111	35	4.0	90.0	4	3218.7299137993327	3218.9268338119577
3219.0101938269195	0.5069600132683263	trials	210528SL	p38	Z11111	338	7.0	270.0	12	3219.1601938269196	3219.3671538401877
3224.0435941496253	0.5069200132661535	trials	210528SL	p38	Z11111	161	10.0	90.0	8	3224.1935941496254	3224.4005141628913
3224.4538741759293	0.5269200145489776	trials	210528SL	p38	Z11111	231	5.0	315.0	8	3224.6038741759294	3224.830794190478
3224.8841542035157	0.5269600145516051	trials	210528SL	p38	Z11111	40	9.0	90.0	4	3225.0341542035158	3225.261114218067
3225.324474231746	0.5269200145485229	trials	210528SL	p38	Z11111	359	13.0	315.0	12	3225.474474231746	3225.7013942462945
3225.7547542593325	0.5269200145489776	trials	210528SL	p38	Z11111	293	7.0	135.0	12	3225.9047542593325	3226.1316742738813
3226.1950342875602	0.5269600145511504	trials	210528SL	p38	Z11111	135	14.0	0.0	8	3226.3450342875603	3226.5719943021113
3226.6253543151493	0.5269200145489776	trials	210528SL	p38	Z11111	68	7.0	180.0	4	3226.7753543151493	3227.002274329698
3230.4579145608664	0.5069200132666083	trials	210528SL	p38	Z11111	226	0.0	315.0	8	3230.6079145608664	3230.814834574133
3230.8781945878113	0.5269600145511504	trials	210528SL	p38	Z11111	185	4.0	180.0	8	3231.0281945878114	3231.2551546023624
3231.308474615398	0.49692001262519625	trials	210528SL	p38	Z11111	233	7.0	315.0	8	3231.4584746153982	3231.6553946280233
3231.708754641061	0.5269600145516051	trials	210528SL	p38	Z11111	18	2.0	45.0	4	3231.8587546410613	3232.0857146556127
3232.1490346692885	0.5269600145516051	trials	210528SL	p38	Z11111	90	14.0	225.0	4	3232.2990346692886	3232.52599468384
3232.579354696878	0.5269200145485229	trials	210528SL	p38	Z11111	238	12.0	315.0	8	3232.729354696878	3232.9562747114264
3233.0196347251053	0.5269600145516051	trials	210528SL	p38	Z11111	323	7.0	225.0	12	3233.1696347251054	3233.396594739657
3236.9322749759563	0.5069200132666083	trials	210528SL	p38	Z11111	229	3.0	315.0	8	3237.0822749759564	3237.289194989223
3237.3425550022607	0.5369600151925624	trials	210528SL	p38	Z11111	261	5.0	45.0	12	3237.492555002261	3237.729515017453
3237.8128750324145	0.49692001262519625	trials	210528SL	p38	Z11111	144	8.0	45.0	8	3237.9628750324146	3238.1597950450396
3238.253155060642	0.496920012625651	trials	210528SL	p38	Z11111	169	3.0	135.0	8	3238.403155060642	3238.6000750732674
3238.6834350882286	0.49692001262519625	trials	210528SL	p38	Z11111	239	13.0	315.0	8	3238.8334350882287	3239.0303551008537
3239.0837151138917	0.5269600145511504	trials	210528SL	p38	Z11111	82	6.0	225.0	4	3239.233715113892	3239.4606751284427
3239.524035142122	0.49692001262519625	trials	210528SL	p38	Z11111	126	5.0	0.0	8	3239.674035142122	3239.870955154747
3247.2191956354814	0.5069200132666083	trials	210528SL	p38	Z11111	207	11.0	225.0	8	3247.3691956354814	3247.576115648748
3247.629475661786	0.49692001262519625	trials	210528SL	p38	Z11111	121	0.0	0.0	8	3247.779475661786	3247.976395674411
3248.0697956900153	0.49688001262347825	trials	210528SL	p38	Z11111	264	8.0	45.0	12	3248.2197956900154	3248.4166757026387
3248.500075717602	0.496920012625651	trials	210528SL	p38	Z11111	158	7.0	90.0	8	3248.6500757176022	3248.8469957302277
3248.930355745189	0.5069200132666083	trials	210528SL	p38	Z11111	308	7.0	180.0	12	3249.080355745189	3249.2872757584555
3249.370635773417	0.49692001262519625	trials	210528SL	p38	Z11111	334	3.0	270.0	12	3249.520635773417	3249.717555786042
3249.77091579908	0.5269600145511504	trials	210528SL	p38	Z11111	149	13.0	45.0	8	3249.92091579908	3250.147875813631
3253.793636056988	0.5069200132666083	trials	210528SL	p38	Z11111	14	13.0	0.0	4	3253.943636056988	3254.1505560702544
3254.2039160832924	0.5269200145485229	trials	210528SL	p38	Z11111	351	5.0	315.0	12	3254.3539160832925	3254.580836097841
3254.64419611152	0.5269600145511504	trials	210528SL	p38	Z11111	47	1.0	135.0	4	3254.7941961115203	3255.021156126071
3255.0744761391065	0.5269600145511504	trials	210528SL	p38	Z11111	294	8.0	135.0	12	3255.2244761391066	3255.4514361536576
3255.504756166693	0.5369600151925624	trials	210528SL	p38	Z11111	106	0.0	315.0	4	3255.654756166693	3255.8917161818854
3255.9750761968467	0.49692001262519625	trials	210528SL	p38	Z11111	274	3.0	90.0	12	3256.1250761968467	3256.3219962094718
3259.427436418188	0.5069200132656988	trials	210528SL	p38	Z11111	122	1.0	0.0	8	3259.577436418188	3259.7843564314535
3259.8376764444893	0.5369600151921077	trials	210528SL	p38	Z11111	25	9.0	45.0	4	3259.9876764444894	3260.2246364596813
3260.3079964746426	0.5269600145516051	trials	210528SL	p38	Z11111	219	8.0	270.0	8	3260.4579964746426	3260.684956489194
3260.748316502873	0.5269200145485229	trials	210528SL	p38	Z11111	96	5.0	270.0	4	3260.898316502873	3261.1252365174214
3261.17859653046	0.5269200145485229	trials	210528SL	p38	Z11111	265	9.0	45.0	12	3261.32859653046	3261.5555165450082
3261.6088765580457	0.5369600151925624	trials	210528SL	p38	Z11111	77	1.0	225.0	4	3261.758876558046	3261.995836573238
3262.0791965881995	0.49692001262519625	trials	210528SL	p38	Z11111	324	8.0	225.0	12	3262.2291965881996	3262.4261166008246
3266.2519968557303	0.5069600132692358	trials	210528SL	p38	Z11111	307	6.0	180.0	12	3266.4019968557304	3266.6089568689995
3266.6622768820343	0.5269600145516051	trials	210528SL	p38	Z11111	260	4.0	45.0	12	3266.8122768820344	3267.039236896586
3267.1025969102648	0.5269200145485229	trials	210528SL	p38	Z11111	332	1.0	270.0	12	3267.252596910265	3267.479516924813
3267.532876937851	0.496920012625651	trials	210528SL	p38	Z11111	15	14.0	0.0	4	3267.6828769378512	3267.8797969504767
3267.9331569635146	0.5369200151894802	trials	210528SL	p38	Z11111	101	10.0	270.0	4	3268.0831569635147	3268.320076978704
3268.373436991742	0.5269600145511504	trials	210528SL	p38	Z11111	41	10.0	90.0	4	3268.523436991742	3268.750397006293
3268.803717019329	0.49692001262519625	trials	210528SL	p38	Z11111	277	6.0	90.0	12	3268.953717019329	3269.150637031954
3273.4468373170125	0.5069600132692358	trials	210528SL	p38	Z11111	148	12.0	45.0	8	3273.5968373170126	3273.8037973302817
3273.887157345243	0.5269200145485229	trials	210528SL	p38	Z11111	3	2.0	0.0	4	3274.037157345243	3274.2640773597914
3274.3274373734707	0.5269600145511504	trials	210528SL	p38	Z11111	252	11.0	0.0	12	3274.477437373471	3274.704397388022
3274.7577574010597	0.5269200145485229	trials	210528SL	p38	Z11111	299	13.0	135.0	12	3274.90775740106	3275.134677415608
3275.198037429287	0.5269200145489776	trials	210528SL	p38	Z11111	134	13.0	0.0	8	3275.348037429287	3275.574957443836
3275.628317456874	0.5269600145511504	trials	210528SL	p38	Z11111	28	12.0	45.0	4	3275.778317456874	3276.005277471425
3276.0585974844603	0.5369600151925624	trials	210528SL	p38	Z11111	206	10.0	225.0	8	3276.2085974844604	3276.4455574996528
3280.4015177628976	0.5069600132692358	trials	210528SL	p38	Z11111	58	12.0	135.0	4	3280.5515177628977	3280.7584777761667
3280.811797789202	0.49692001262519625	trials	210528SL	p38	Z11111	201	5.0	225.0	8	3280.961797789202	3281.158717801827
3281.2521178174325	0.49692001262519625	trials	210528SL	p38	Z11111	112	6.0	315.0	4	3281.4021178174326	3281.5990378300576
3281.682397845019	0.49692001262519625	trials	210528SL	p38	Z11111	85	9.0	225.0	4	3281.832397845019	3282.029317857644
3282.112677872605	0.5069200132666083	trials	210528SL	p38	Z11111	283	12.0	90.0	12	3282.2626778726053	3282.4695978858717
3282.5529979008356	0.49692001262519625	trials	210528SL	p38	Z11111	287	1.0	135.0	12	3282.7029979008357	3282.8999179134607
3282.983277928422	0.49692001262519625	trials	210528SL	p38	Z11111	142	6.0	45.0	8	3283.133277928422	3283.330197941047
3287.156078195953	0.5069200132656988	trials	210528SL	p38	Z11111	56	10.0	135.0	4	3287.306078195953	3287.5129982092185
3287.576358222898	0.5269600145511504	trials	210528SL	p38	Z11111	181	0.0	180.0	8	3287.726358222898	3287.953318237449
3288.03667825241	0.49692001262519625	trials	210528SL	p38	Z11111	200	4.0	225.0	8	3288.1866782524103	3288.3835982650353
3288.476958280638	0.5269600145511504	trials	210528SL	p38	Z11111	179	13.0	135.0	8	3288.626958280638	3288.853918295189
3288.907278308227	0.5269200145489776	trials	210528SL	p38	Z11111	147	11.0	45.0	8	3289.057278308227	3289.284198322776
3289.3475583364548	0.5269200145485229	trials	210528SL	p38	Z11111	143	7.0	45.0	8	3289.497558336455	3289.724478351003
3289.777838364041	0.5269600145511504	trials	210528SL	p38	Z11111	254	13.0	0.0	12	3289.9278383640412	3290.154798378592
3293.7305186174594	0.5069200132661535	trials	210528SL	p38	Z11111	182	1.0	180.0	8	3293.8805186174595	3294.0874386307255
3294.1407986437634	0.5369200151899349	trials	210528SL	p38	Z11111	26	10.0	45.0	4	3294.2907986437635	3294.5277186589533
3294.5810786719912	0.5269600145511504	trials	210528SL	p38	Z11111	228	2.0	315.0	8	3294.7310786719913	3294.9580386865423
3295.011358699578	0.4969200126247415	trials	210528SL	p38	Z11111	70	9.0	180.0	4	3295.161358699578	3295.3582787122027
3295.4516787278076	0.49692001262519625	trials	210528SL	p38	Z11111	81	5.0	225.0	4	3295.6016787278077	3295.7985987404327
3295.8819587553944	0.5269200145485229	trials	210528SL	p38	Z11111	137	1.0	45.0	8	3296.0319587553945	3296.258878769943
3296.322238783622	0.5269600145511504	trials	210528SL	p38	Z11111	39	8.0	90.0	4	3296.4722387836223	3296.6991987981733
3300.6551590614185	0.5069200132661535	trials	210528SL	p38	Z11111	88	12.0	225.0	4	3300.8051590614186	3301.0120790746846
3301.0654390877226	0.5269600145511504	trials	210528SL	p38	Z11111	117	11.0	315.0	4	3301.2154390877226	3301.4423991022736
3301.5057591159525	0.5269200145489776	trials	210528SL	p38	Z11111	311	10.0	180.0	12	3301.6557591159526	3301.8826791305014
3301.9360391435393	0.49692001262519625	trials	210528SL	p38	Z11111	131	10.0	0.0	8	3302.0860391435394	3302.2829591561645
3302.3663191711257	0.5369600151921077	trials	210528SL	p38	Z11111	214	3.0	270.0	8	3302.516319171126	3302.7532791863177
3302.836639201279	0.496920012625651	trials	210528SL	p38	Z11111	177	11.0	135.0	8	3302.986639201279	3303.1835592139046
3303.276919229507	0.5269600145511504	trials	210528SL	p38	Z11111	209	13.0	225.0	8	3303.426919229507	3303.653879244058
3307.249599484207	0.5069200132666083	trials	210528SL	p38	Z11111	304	3.0	180.0	12	3307.399599484207	3307.6065194974735
3307.6598795105115	0.5269600145511504	trials	210528SL	p38	Z11111	352	6.0	315.0	12	3307.8098795105116	3308.0368395250625
3308.0901595380983	0.5269600145511504	trials	210528SL	p38	Z11111	99	8.0	270.0	4	3308.2401595380984	3308.4671195526494
3308.5304795663283	0.5269200145485229	trials	210528SL	p38	Z11111	159	8.0	90.0	8	3308.6804795663284	3308.9073995808767
3308.9607595939146	0.5269600145511504	trials	210528SL	p38	Z11111	130	9.0	0.0	8	3309.1107595939147	3309.3377196084657
3309.4010396221424	0.5269600145511504	trials	210528SL	p38	Z11111	174	8.0	135.0	8	3309.5510396221425	3309.7779996366935
3309.8613596516548	0.496920012625651	trials	210528SL	p38	Z11111	155	4.0	90.0	8	3310.011359651655	3310.2082796642803
3313.964119914695	0.5069200132666083	trials	210528SL	p38	Z11111	337	6.0	270.0	12	3314.114119914695	3314.3210399279615
3314.3843999416404	0.5269600145516051	trials	210528SL	p38	Z11111	171	5.0	135.0	8	3314.5343999416405	3314.761359956192
3314.8147199692294	0.5269200145489776	trials	210528SL	p38	Z11111	196	0.0	225.0	8	3314.9647199692295	3315.1916399837783
3315.244999996816	0.5369200151899349	trials	210528SL	p38	Z11111	23	7.0	45.0	4	3315.3949999968163	3315.631920012006
3315.7153200269695	0.496920012625651	trials	210528SL	p38	Z11111	45	14.0	90.0	4	3315.8653200269696	3316.062240039595
3316.1556000551973	0.5269600145511504	trials	210528SL	p38	Z11111	273	2.0	90.0	12	3316.3056000551974	3316.5325600697483
3316.5858800827837	0.5269600145516051	trials	210528SL	p38	Z11111	128	7.0	0.0	8	3316.7358800827838	3316.962840097335
3324.6012805966748	0.5069200132661535	trials	210528SL	p38	Z11111	119	13.0	315.0	4	3324.751280596675	3324.958200609941
3325.011560622979	0.5369600151925624	trials	210528SL	p38	Z11111	220	9.0	270.0	8	3325.161560622979	3325.3985206381712
3325.451880651209	0.5269200145485229	trials	210528SL	p38	Z11111	242	1.0	0.0	12	3325.6018806512093	3325.8288006657576
3325.8821606787956	0.5369200151899349	trials	210528SL	p38	Z11111	213	2.0	270.0	8	3326.0321606787957	3326.2690806939854
3326.3524807089493	0.49692001262519625	trials	210528SL	p38	Z11111	309	8.0	180.0	12	3326.5024807089494	3326.6994007215744
3326.792760737177	0.49692001262519625	trials	210528SL	p38	Z11111	235	9.0	315.0	8	3326.942760737177	3327.139680749802
3327.2230407647635	0.49692001262519625	trials	210528SL	p38	Z11111	236	10.0	315.0	8	3327.3730407647636	3327.5699607773886
3332.3765210951683	0.5069200132666083	trials	210528SL	p38	Z11111	164	13.0	90.0	8	3332.5265210951684	3332.733441108435
3332.7968011221137	0.5269600145511504	trials	210528SL	p38	Z11111	295	9.0	135.0	12	3332.946801122114	3333.173761136665
3333.2270811497	0.49692001262519625	trials	210528SL	p38	Z11111	1	0.0	0.0	4	3333.3770811497	3333.574001162325
3333.6574011772896	0.5069200132661535	trials	210528SL	p38	Z11111	241	0.0	0.0	12	3333.8074011772896	3334.0143211905556
3334.097681205517	0.496920012625651	trials	210528SL	p38	Z11111	250	9.0	0.0	12	3334.247681205517	3334.4446012181425
3334.5279612331037	0.5069200132661535	trials	210528SL	p38	Z11111	94	3.0	270.0	4	3334.677961233104	3334.88488124637
3334.9682812613337	0.496920012625651	trials	210528SL	p38	Z11111	184	3.0	180.0	8	3335.118281261334	3335.3152012739592
3338.820881508335	0.5069200132666083	trials	210528SL	p38	Z11111	300	14.0	135.0	12	3338.970881508335	3339.1778015216014
3339.2311615346393	0.5269200145485229	trials	210528SL	p38	Z11111	346	0.0	315.0	12	3339.3811615346394	3339.608081549188
3339.671441562867	0.5269200145485229	trials	210528SL	p38	Z11111	245	4.0	0.0	12	3339.821441562867	3340.0483615774156
3340.1017215904535	0.5269600145511504	trials	210528SL	p38	Z11111	36	5.0	90.0	4	3340.2517215904536	3340.4786816050046
3340.5420016186813	0.5269600145511504	trials	210528SL	p38	Z11111	92	1.0	270.0	4	3340.6920016186814	3340.9189616332324
3340.9723216462703	0.5269200145485229	trials	210528SL	p38	Z11111	292	6.0	135.0	12	3341.1223216462704	3341.3492416608187
3341.4026016738567	0.5369600151925624	trials	210528SL	p38	Z11111	341	10.0	270.0	12	3341.5526016738568	3341.789561689049
3345.3052419240666	0.5169200139075656	trials	210528SL	p38	Z11111	52	6.0	135.0	4	3345.4552419240667	3345.672161937974
3345.725521951012	0.5269200145485229	trials	210528SL	p38	Z11111	284	13.0	90.0	12	3345.875521951012	3346.1024419655605
3346.1558019785984	0.5269200145485229	trials	210528SL	p38	Z11111	9	8.0	0.0	4	3346.3058019785985	3346.532721993147
3346.5960820068262	0.5269600145511504	trials	210528SL	p38	Z11111	180	14.0	135.0	8	3346.7460820068263	3346.9730420213773
3347.0264020344152	0.5269200145485229	trials	210528SL	p38	Z11111	113	7.0	315.0	4	3347.1764020344153	3347.4033220489637
3347.466682062643	0.5269200145485229	trials	210528SL	p38	Z11111	38	7.0	90.0	4	3347.616682062643	3347.8436020771915
3347.9270020921554	0.49692001262519625	trials	210528SL	p38	Z11111	305	4.0	180.0	12	3348.0770020921555	3348.2739221047805
3353.6008024559196	0.5069200132661535	trials	210528SL	p38	Z11111	64	3.0	180.0	4	3353.7508024559197	3353.9577224691857
3354.021082482865	0.5269600145511504	trials	210528SL	p38	Z11111	343	12.0	270.0	12	3354.171082482865	3354.398042497416
3354.451402510454	0.5269200145485229	trials	210528SL	p38	Z11111	276	5.0	90.0	12	3354.601402510454	3354.8283225250025
3354.891682538682	0.5269200145485229	trials	210528SL	p38	Z11111	27	11.0	45.0	4	3355.041682538682	3355.2686025532303
3355.321962566268	0.49692001262519625	trials	210528SL	p38	Z11111	4	3.0	0.0	4	3355.4719625662683	3355.6688825788933
3355.7222425919313	0.5269200145485229	trials	210528SL	p38	Z11111	286	0.0	135.0	12	3355.8722425919314	3356.0991626064797
3356.1525226195176	0.5069200132666083	trials	210528SL	p38	Z11111	2	1.0	0.0	4	3356.3025226195177	3356.509442632784
3360.07516287101	0.5069200132666083	trials	210528SL	p38	Z11111	314	13.0	180.0	12	3360.22516287101	3360.4320828842765
3360.4854428973144	0.5069200132656988	trials	210528SL	p38	Z11111	175	9.0	135.0	8	3360.6354428973145	3360.84236291058
3360.895722923618	0.5269200145489776	trials	210528SL	p38	Z11111	110	4.0	315.0	4	3361.045722923618	3361.272642938167
3361.326002951205	0.5269600145511504	trials	210528SL	p38	Z11111	302	1.0	180.0	12	3361.476002951205	3361.702962965756
3361.756282978791	0.5369600151925624	trials	210528SL	p38	Z11111	216	5.0	270.0	8	3361.9062829787913	3362.1432429939837
3362.196603007021	0.5269200145489776	trials	210528SL	p38	Z11111	270	14.0	45.0	12	3362.3466030070213	3362.57352302157
3362.626883034608	0.5369600151921077	trials	210528SL	p38	Z11111	20	4.0	45.0	4	3362.776883034608	3363.0138430498
3366.629603291234	0.5069200132666083	trials	210528SL	p38	Z11111	151	0.0	90.0	8	3366.7796032912343	3366.9865233045007
3367.0498833181796	0.5269200145485229	trials	210528SL	p38	Z11111	146	10.0	45.0	8	3367.1998833181797	3367.426803332728
3367.480163345766	0.5269200145489776	trials	210528SL	p38	Z11111	0			0	3367.630163345766	3367.857083360315
3367.9204433739937	0.5269600145511504	trials	210528SL	p38	Z11111	269	13.0	45.0	12	3368.070443373994	3368.297403388545
3368.3507634015828	0.5269200145485229	trials	210528SL	p38	Z11111	34	3.0	90.0	4	3368.500763401583	3368.727683416131
3368.781043429169	0.496920012625651	trials	210528SL	p38	Z11111	319	3.0	225.0	12	3368.931043429169	3369.1279634417947
3369.221323457397	0.496920012625651	trials	210528SL	p38	Z11111	316	0.0	225.0	12	3369.371323457397	3369.5682434700225
3374.8451238179555	0.5069200132666083	trials	210528SL	p38	Z11111	297	11.0	135.0	12	3374.9951238179556	3375.202043831222
3375.25540384426	0.5269200145485229	trials	210528SL	p38	Z11111	282	11.0	90.0	12	3375.40540384426	3375.6323238588084
3375.6956838724873	0.5269200145489776	trials	210528SL	p38	Z11111	170	4.0	135.0	8	3375.8456838724874	3376.072603887036
3376.125963900074	0.5269600145511504	trials	210528SL	p38	Z11111	165	14.0	90.0	8	3376.275963900074	3376.502923914625
3376.566283928304	0.5269200145489776	trials	210528SL	p38	Z11111	267	11.0	45.0	12	3376.716283928304	3376.943203942853
3376.996563955891	0.5269200145485229	trials	210528SL	p38	Z11111	22	6.0	45.0	4	3377.146563955891	3377.3734839704393
3377.4368439841182	0.5269600145516051	trials	210528SL	p38	Z11111	61	0.0	180.0	4	3377.5868439841183	3377.8138039986698
3381.4695642426677	0.5069200132666083	trials	210528SL	p38	Z11111	188	7.0	180.0	8	3381.619564242668	3381.8264842559342
3381.919884271539	0.49692001262519625	trials	210528SL	p38	Z11111	98	7.0	270.0	4	3382.069884271539	3382.266804284164
3382.350164299126	0.5269200145485229	trials	210528SL	p38	Z11111	71	10.0	180.0	4	3382.500164299126	3382.7270843136744
3382.820484329279	0.5269200145489776	trials	210528SL	p38	Z11111	225	14.0	270.0	8	3382.9704843292793	3383.197404343828
3383.2507643568656	0.5269600145516051	trials	210528SL	p38	Z11111	342	11.0	270.0	12	3383.4007643568657	3383.627724371417
3383.6910443850934	0.5269600145511504	trials	210528SL	p38	Z11111	222	11.0	270.0	8	3383.8410443850935	3384.0680043996445
3384.1213644126824	0.5269200145489776	trials	210528SL	p38	Z11111	303	2.0	180.0	12	3384.2713644126825	3384.4982844272313
3388.0940446673826	0.5069200132666083	trials	210528SL	p38	Z11111	78	2.0	225.0	4	3388.2440446673827	3388.450964680649
3388.504324693687	0.5269200145485229	trials	210528SL	p38	Z11111	257	1.0	45.0	12	3388.654324693687	3388.8812447082355
3388.9346047212734	0.49692001262519625	trials	210528SL	p38	Z11111	259	3.0	45.0	12	3389.0846047212735	3389.2815247338986
3389.3748847495012	0.5269600145511504	trials	210528SL	p38	Z11111	160	9.0	90.0	8	3389.5248847495013	3389.7518447640523
3389.8052047770902	0.5369200151899349	trials	210528SL	p38	Z11111	198	2.0	225.0	8	3389.9552047770903	3390.19212479228
3390.245484805318	0.5269200145485229	trials	210528SL	p38	Z11111	335	4.0	270.0	12	3390.395484805318	3390.6224048198665
3390.6757648329044	0.5269600145511504	trials	210528SL	p38	Z11111	178	12.0	135.0	8	3390.8257648329045	3391.0527248474555
3394.968645108134	0.5069200132666083	trials	210528SL	p38	Z11111	195	14.0	180.0	8	3395.118645108134	3395.3255651214004
3395.408965136364	0.5269200145489776	trials	210528SL	p38	Z11111	55	9.0	135.0	4	3395.558965136364	3395.7858851509127
3395.8492451645916	0.5269600145516051	trials	210528SL	p38	Z11111	168	2.0	135.0	8	3395.9992451645917	3396.226205179143
3396.279525192178	0.496920012625651	trials	210528SL	p38	Z11111	202	6.0	225.0	8	3396.429525192178	3396.6264452048035
3396.709845219767	0.5069200132666083	trials	210528SL	p38	Z11111	107	1.0	315.0	4	3396.859845219767	3397.0667652330335
3397.1501252479948	0.5269600145511504	trials	210528SL	p38	Z11111	84	8.0	225.0	4	3397.300125247995	3397.527085262546
3397.590405276222	0.5269600145516051	trials	210528SL	p38	Z11111	19	3.0	45.0	4	3397.740405276222	3397.9673652907736
3406.7566058638945	0.5069200132666083	trials	210528SL	p38	Z11111	306	5.0	180.0	12	3406.9066058638946	3407.113525877161
3407.166885890199	0.49692001262519625	trials	210528SL	p38	Z11111	0			0	3407.316885890199	3407.513805902824
3407.5971659177853	0.5069200132666083	trials	210528SL	p38	Z11111	125	4.0	0.0	8	3407.7471659177854	3407.954085931052
3408.037445946013	0.49692001262519625	trials	210528SL	p38	Z11111	133	12.0	0.0	8	3408.187445946013	3408.384365958638
3408.4677259735995	0.5069600132692358	trials	210528SL	p38	Z11111	75	14.0	180.0	4	3408.6177259735996	3408.8246859868686
3408.90804600183	0.49692001262519625	trials	210528SL	p38	Z11111	111	5.0	315.0	4	3409.05804600183	3409.254966014455
3409.3383260294163	0.5069200132666083	trials	210528SL	p38	Z11111	278	7.0	90.0	12	3409.4883260294164	3409.695246042683
3413.611206303363	0.5069200132666083	trials	210528SL	p38	Z11111	46	0.0	135.0	4	3413.761206303363	3413.9681263166294
3414.031486330309	0.5269600145511504	trials	210528SL	p38	Z11111	199	3.0	225.0	8	3414.181486330309	3414.40844634486
