onset	duration	nwb_table	ses_ID	pen_ID	sub_ID	cond_ID	stim_ID	rotation	luminance	pdOnTS	pdOffTS
671.1288486552813	0.49648006114989585	trials	210414SL	p06	Z11111	101	10.0	270.0	4	671.2788486552813	671.4753287164312
671.5291287798593	0.5264800704867412	trials	210414SL	p06	Z11111	80	4.0	225.0	4	671.6791287798593	671.9056088503461
671.9594489137867	0.4964400611374913	trials	210414SL	p06	Z11111	206	10.0	225.0	8	672.1094489137867	672.3058889749242
672.3696890414645	0.49648006114989585	trials	210414SL	p06	Z11111	225	14.0	270.0	8	672.5196890414645	672.7161691026145
672.7699691660426	0.49648006114989585	trials	210414SL	p06	Z11111	346	0.0	315.0	12	672.9199691660426	673.1164492271926
673.1802492937329	0.49648006114989585	trials	210414SL	p06	Z11111	214	3.0	270.0	8	673.3302492937329	673.5267293548828
673.580529418311	0.4964400611374913	trials	210414SL	p06	Z11111	79	3.0	225.0	4	673.730529418311	673.9269694794485
677.3930906048837	0.5064800642621776	trials	210414SL	p06	Z11111	337	6.0	270.0	12	677.5430906048837	677.7495706691459
677.8033707325741	0.4964400611373776	trials	210414SL	p06	Z11111	352	6.0	315.0	12	677.9533707325741	678.1498107937115
678.2136508602644	0.5164800673744594	trials	210414SL	p06	Z11111	82	6.0	225.0	4	678.3636508602643	678.5801309276388
678.633930991067	0.5064800642621776	trials	210414SL	p06	Z11111	74	13.0	180.0	4	678.783930991067	678.9904110553292
679.0442111187573	0.4964400611374913	trials	210414SL	p06	Z11111	150	14.0	45.0	8	679.1942111187573	679.3906511798948
679.4444912433354	0.4964400611374913	trials	210414SL	p06	Z11111	187	6.0	180.0	8	679.5944912433354	679.7909313044729
679.844731367901	0.5064800642621776	trials	210414SL	p06	Z11111	30	14.0	45.0	4	679.994731367901	680.2012114321632
682.5265322025504	0.49648006114989585	trials	210414SL	p06	Z11111	265	9.0	45.0	12	682.6765322025503	682.8730122637003
682.9268123271283	0.5064800642621776	trials	210414SL	p06	Z11111	288	2.0	135.0	12	683.0768123271283	683.2832923913905
683.3370924548187	0.49648006114989585	trials	210414SL	p06	Z11111	299	13.0	135.0	12	683.4870924548187	683.6835725159686
683.7473725825091	0.4964400611373776	trials	210414SL	p06	Z11111	267	11.0	45.0	12	683.8973725825091	684.0938126436465
686.6993335012396	0.49648006114989585	trials	210414SL	p06	Z11111	113	7.0	315.0	4	686.8493335012396	687.0458135623895
687.1096136289299	0.49648006114989585	trials	210414SL	p06	Z11111	260	4.0	45.0	12	687.2596136289299	687.4560936900798
687.509893753508	0.49648006114989585	trials	210414SL	p06	Z11111	96	5.0	270.0	4	687.659893753508	687.8563738146579
687.910173878086	0.5164800673744594	trials	210414SL	p06	Z11111	284	13.0	90.0	12	688.060173878086	688.2766539454605
688.3304540088886	0.5064800642621776	trials	210414SL	p06	Z11111	189	8.0	180.0	8	688.4804540088886	688.6869340731508
688.7407341365789	0.5064800642621776	trials	210414SL	p06	Z11111	112	6.0	315.0	4	688.8907341365789	689.0972142008411
689.1510142642693	0.4964400611374913	trials	210414SL	p06	Z11111	348	2.0	315.0	12	689.3010142642693	689.4974543254068
692.9935754601788	0.5064800642621776	trials	210414SL	p06	Z11111	324	8.0	225.0	12	693.1435754601788	693.350055524441
693.4038555878692	0.5064800642620639	trials	210414SL	p06	Z11111	67	6.0	180.0	4	693.5538555878692	693.7603356521313
693.8141357155595	0.49648006114989585	trials	210414SL	p06	Z11111	353	7.0	315.0	12	693.9641357155595	694.1606157767094
694.2144158401376	0.49648006114989585	trials	210414SL	p06	Z11111	221	10.0	270.0	8	694.3644158401376	694.5608959012875
694.6146959647156	0.5164800673744594	trials	210414SL	p06	Z11111	276	5.0	90.0	12	694.7646959647155	694.98117603209
695.0349760955182	0.4964400611373776	trials	210414SL	p06	Z11111	248	7.0	0.0	12	695.1849760955182	695.3814161566556
695.4452562232085	0.4964400611374913	trials	210414SL	p06	Z11111	180	14.0	135.0	8	695.5952562232085	695.791696284346
699.3078174253426	0.5064800642621776	trials	210414SL	p06	Z11111	162	11.0	90.0	8	699.4578174253426	699.6642974896048
699.7181375530454	0.4964400611374913	trials	210414SL	p06	Z11111	193	12.0	180.0	8	699.8681375530454	700.0645776141829
700.118377677611	0.49648006114989585	trials	210414SL	p06	Z11111	200	4.0	225.0	8	700.2683776776109	700.4648577387609
700.5186578021891	0.49648006114989585	trials	210414SL	p06	Z11111	121	0.0	0.0	8	700.668657802189	700.865137863339
703.0603785932417	0.5064800642621776	trials	210414SL	p06	Z11111	237	11.0	315.0	8	703.2103785932417	703.4168586575039
703.470658720932	0.4964400611374913	trials	210414SL	p06	Z11111	309	8.0	180.0	12	703.6206587209319	703.8170987820695
703.8809388486223	0.4964400611374913	trials	210414SL	p06	Z11111	132	11.0	0.0	8	704.0309388486223	704.2273789097599
704.2811789731879	0.49648006114989585	trials	210414SL	p06	Z11111	59	13.0	135.0	4	704.4311789731879	704.6276590343379
704.681459097766	0.49648006114989585	trials	210414SL	p06	Z11111	103	12.0	270.0	4	704.831459097766	705.027939158916
705.0917392254563	0.4964400611374913	trials	210414SL	p06	Z11111	351	5.0	315.0	12	705.2417392254563	705.4381792865938
705.512019356259	0.49648006114989585	trials	210414SL	p06	Z11111	199	3.0	225.0	8	705.662019356259	705.8584994174089
709.1044604743244	0.4964400611373776	trials	210414SL	p06	Z11111	130	9.0	0.0	8	709.2544604743243	709.4509005354618
709.5147006020022	0.49648006114989585	trials	210414SL	p06	Z11111	43	12.0	90.0	4	709.6647006020022	709.8611806631521
709.9149807265802	0.49648006114989585	trials	210414SL	p06	Z11111	282	11.0	90.0	12	710.0649807265802	710.2614607877301
710.3152608511583	0.5064800642621776	trials	210414SL	p06	Z11111	102	11.0	270.0	4	710.4652608511583	710.6717409154205
710.7255409788487	0.5164800673743457	trials	210414SL	p06	Z11111	287	1.0	135.0	12	710.8755409788487	711.0920210462231
711.1458211096513	0.5064800642621776	trials	210414SL	p06	Z11111	354	8.0	315.0	12	711.2958211096512	711.5023011739135
711.5561012373416	0.4964400611373776	trials	210414SL	p06	Z11111	57	11.0	135.0	4	711.7061012373416	711.902541298479
715.6988625266815	0.5064800642621776	trials	210414SL	p06	Z11111	300	14.0	135.0	12	715.8488625266815	716.0553425909437
716.1191426574842	0.49648006114989585	trials	210414SL	p06	Z11111	191	10.0	180.0	8	716.2691426574842	716.4656227186341
716.5194227820622	0.49648006114989585	trials	210414SL	p06	Z11111	128	7.0	0.0	8	716.6694227820622	716.8659028432121
716.9197029066403	0.5064800642621776	trials	210414SL	p06	Z11111	143	7.0	45.0	8	717.0697029066403	717.2761829709025
717.3299830343307	0.4964400611373776	trials	210414SL	p06	Z11111	83	7.0	225.0	4	717.4799830343306	717.6764230954681
717.7302631589087	0.4964400611374913	trials	210414SL	p06	Z11111	223	12.0	270.0	8	717.8802631589086	718.0767032200462
718.1305032834742	0.5164800673744594	trials	210414SL	p06	Z11111	238	12.0	315.0	8	718.2805032834742	718.4969833508487
721.8830244513609	0.49648006114989585	trials	210414SL	p06	Z11111	27	11.0	45.0	4	722.0330244513609	722.2295045125109
722.2833045759389	0.49648006114989585	trials	210414SL	p06	Z11111	66	5.0	180.0	4	722.4333045759389	722.6297846370888
722.683584700517	0.5064800642621776	trials	210414SL	p06	Z11111	141	5.0	45.0	8	722.833584700517	723.0400647647792
723.0938648282073	0.4964400611374913	trials	210414SL	p06	Z11111	218	7.0	270.0	8	723.2438648282073	723.4403048893448
723.4941449527854	0.4964400611374913	trials	210414SL	p06	Z11111	179	13.0	135.0	8	723.6441449527854	723.8405850139229
723.9043850804633	0.49648006114989585	trials	210414SL	p06	Z11111	243	2.0	0.0	12	724.0543850804632	724.2508651416132
724.3046652050414	0.49648006114989585	trials	210414SL	p06	Z11111	0			0	724.4546652050414	724.6511452661913
728.1572664040756	0.49648006114989585	trials	210414SL	p06	Z11111	42	11.0	90.0	4	728.3072664040756	728.5037464652255
728.5575465286537	0.5064400642496594	trials	210414SL	p06	Z11111	250	9.0	0.0	12	728.7075465286537	728.9139865929034
728.967826656344	0.4964400611374913	trials	210414SL	p06	Z11111	48	2.0	135.0	4	729.1178266563439	729.3142667174815
729.3680667809095	0.49648006115000953	trials	210414SL	p06	Z11111	18	2.0	45.0	4	729.5180667809095	729.7145468420596
729.7683469054876	0.5064800642621776	trials	210414SL	p06	Z11111	84	8.0	225.0	4	729.9183469054876	730.1248269697498
730.178627033178	0.5164800673744594	trials	210414SL	p06	Z11111	176	10.0	135.0	8	730.328627033178	730.5451071005525
730.5989071639806	0.5064800642621776	trials	210414SL	p06	Z11111	205	9.0	225.0	8	730.7489071639806	730.9553872282428
734.2713883069566	0.4964400611373776	trials	210414SL	p06	Z11111	274	3.0	90.0	12	734.4213883069566	734.617828368094
734.6816684346469	0.4964400611374913	trials	210414SL	p06	Z11111	213	2.0	270.0	8	734.8316684346469	735.0281084957844
735.081948559225	0.5064400642497731	trials	210414SL	p06	Z11111	192	11.0	180.0	8	735.231948559225	735.4383886234748
735.4921886869029	0.49648006114989585	trials	210414SL	p06	Z11111	29	13.0	45.0	4	735.6421886869028	735.8386687480528
735.892468811481	0.5164800673743457	trials	210414SL	p06	Z11111	271	0.0	90.0	12	736.042468811481	736.2589488788553
736.3127489422835	0.5064800642621776	trials	210414SL	p06	Z11111	61	0.0	180.0	4	736.4627489422835	736.6692290065457
736.7230290699739	0.5064800642621776	trials	210414SL	p06	Z11111	277	6.0	90.0	12	736.8730290699739	737.0795091342361
741.66635060847	0.5064800642621776	trials	210414SL	p06	Z11111	153	2.0	90.0	8	741.81635060847	742.0228306727322
742.0766307361603	0.49648006114989585	trials	210414SL	p06	Z11111	173	7.0	135.0	8	742.2266307361602	742.4231107973102
742.4769108607384	0.5064800642621776	trials	210414SL	p06	Z11111	258	2.0	45.0	12	742.6269108607383	742.8333909250006
742.8871909884286	0.5164800673744594	trials	210414SL	p06	Z11111	235	9.0	315.0	8	743.0371909884286	743.2536710558031
743.3074711192313	0.5064800642621776	trials	210414SL	p06	Z11111	148	12.0	45.0	8	743.4574711192313	743.6639511834935
743.7177512469216	0.4964400611374913	trials	210414SL	p06	Z11111	212	1.0	270.0	8	743.8677512469216	744.0641913080591
744.1179913714872	0.5064800642621776	trials	210414SL	p06	Z11111	116	10.0	315.0	4	744.2679913714871	744.4744714357494
749.2114329567047	0.5064800642621776	trials	210414SL	p06	Z11111	146	10.0	45.0	8	749.3614329567047	749.5679130209669
749.6217130843951	0.49648006114989585	trials	210414SL	p06	Z11111	270	14.0	45.0	12	749.7717130843951	749.968193145545
750.0219932089732	0.4964400611373776	trials	210414SL	p06	Z11111	100	9.0	270.0	4	750.1719932089732	750.3684332701106
750.4322733366635	0.5164800673744594	trials	210414SL	p06	Z11111	11	10.0	0.0	4	750.5822733366634	750.7987534040379
756.3862751897108	0.4964400611373776	trials	210414SL	p06	Z11111	111	5.0	315.0	4	756.5362751897108	756.7327152508482
756.796555317401	0.4964400611374913	trials	210414SL	p06	Z11111	34	3.0	90.0	4	756.946555317401	757.1429953785386
757.1968354419791	0.5164400673619411	trials	210414SL	p06	Z11111	289	3.0	135.0	12	757.3468354419791	757.5632755093411
757.627115575894	0.4964400611374913	trials	210414SL	p06	Z11111	168	2.0	135.0	8	757.777115575894	757.9735556370315
758.0273557004597	0.5064800642621776	trials	210414SL	p06	Z11111	318	2.0	225.0	12	758.1773557004597	758.3838357647219
758.43763582815	0.49648006114989585	trials	210414SL	p06	Z11111	333	2.0	270.0	12	758.5876358281499	758.7841158892999
758.837915952728	0.5164800673743457	trials	210414SL	p06	Z11111	304	3.0	180.0	12	758.987915952728	759.2043960201024
762.6605171424254	0.4964400611374913	trials	210414SL	p06	Z11111	60	14.0	135.0	4	762.8105171424254	763.0069572035629
763.0707572701033	0.49648006114989585	trials	210414SL	p06	Z11111	268	12.0	45.0	12	763.2207572701033	763.4172373312532
763.4710373946814	0.49648006114989585	trials	210414SL	p06	Z11111	109	3.0	315.0	4	763.6210373946814	763.8175174558313
763.8713175192595	0.4964400611373776	trials	210414SL	p06	Z11111	306	5.0	180.0	12	764.0213175192595	764.2177575803969
764.2715576438251	0.5164800673744594	trials	210414SL	p06	Z11111	123	2.0	0.0	8	764.421557643825	764.6380377111996
764.7018777777524	0.4964400611373776	trials	210414SL	p06	Z11111	13	12.0	0.0	4	764.8518777777524	765.0483178388898
765.1021579023304	0.4964400611374913	trials	210414SL	p06	Z11111	94	3.0	270.0	4	765.2521579023304	765.4485979634679
768.7445990359572	0.4964400611373776	trials	210414SL	p06	Z11111	69	8.0	180.0	4	768.8945990359572	769.0910390970946
769.1448791605352	0.5064400642497731	trials	210414SL	p06	Z11111	344	13.0	270.0	12	769.2948791605352	769.501319224785
769.5551192882132	0.5064800642620639	trials	210414SL	p06	Z11111	293	7.0	135.0	12	769.7051192882132	769.9115993524753
769.9854394221404	0.4964400611374913	trials	210414SL	p06	Z11111	9	8.0	0.0	4	770.1354394221404	770.3318794832779
770.3857195467185	0.4964400611373776	trials	210414SL	p06	Z11111	105	14.0	270.0	4	770.5357195467185	770.7321596078559
770.7959596743964	0.49648006114989585	trials	210414SL	p06	Z11111	359	13.0	315.0	12	770.9459596743964	771.1424397355463
771.1962397989745	0.49648006114989585	trials	210414SL	p06	Z11111	216	5.0	270.0	8	771.3462397989745	771.5427198601244
774.8587209388381	0.5064400642497731	trials	210414SL	p06	Z11111	240	14.0	315.0	8	775.0087209388381	775.2151610030879
775.2690010665285	0.5064400642496594	trials	210414SL	p06	Z11111	24	8.0	45.0	4	775.4190010665285	775.6254411307782
775.6792411942064	0.49648006114989585	trials	210414SL	p06	Z11111	210	14.0	225.0	8	775.8292411942064	776.0257212553563
776.0795213187845	0.49648006114989585	trials	210414SL	p06	Z11111	115	9.0	315.0	4	776.2295213187845	776.4260013799344
776.4798014433625	0.49648006114989585	trials	210414SL	p06	Z11111	283	12.0	90.0	12	776.6298014433625	776.8262815045124
776.8900815710529	0.4964400611373776	trials	210414SL	p06	Z11111	197	1.0	225.0	8	777.0400815710528	777.2365216321903
777.3103617018554	0.4964400611374913	trials	210414SL	p06	Z11111	330	14.0	225.0	12	777.4603617018554	777.6568017629929
780.9828428448315	0.4964400611373776	trials	210414SL	p06	Z11111	326	10.0	225.0	12	781.1328428448314	781.3292829059689
781.383082969397	0.5064800642621776	trials	210414SL	p06	Z11111	127	6.0	0.0	8	781.533082969397	781.7395630336592
781.7933630970873	0.5064800642621776	trials	210414SL	p06	Z11111	125	4.0	0.0	8	781.9433630970873	782.1498431613495
782.2036432247777	0.49648006114989585	trials	210414SL	p06	Z11111	136	0.0	45.0	8	782.3536432247777	782.5501232859276
782.6039233493558	0.49648006114989585	trials	210414SL	p06	Z11111	280	9.0	90.0	12	782.7539233493558	782.9504034105057
783.0042034739338	0.4964400611374913	trials	210414SL	p06	Z11111	53	7.0	135.0	4	783.1542034739338	783.3506435350713
783.4144836016242	0.5064400642496594	trials	210414SL	p06	Z11111	343	12.0	270.0	12	783.5644836016241	783.7709236658739
787.0769247414754	0.49648006114989585	trials	210414SL	p06	Z11111	247	6.0	0.0	12	787.2269247414754	787.4234048026253
787.4872048691658	0.49648006114989585	trials	210414SL	p06	Z11111	126	5.0	0.0	8	787.6372048691658	787.8336849303157
787.8874849937438	0.4964400611374913	trials	210414SL	p06	Z11111	183	2.0	180.0	8	788.0374849937438	788.2339250548813
788.2877651183219	0.5064400642496594	trials	210414SL	p06	Z11111	194	13.0	180.0	8	788.4377651183219	788.6442051825716
788.7180452522367	0.4964400611374913	trials	210414SL	p06	Z11111	303	2.0	180.0	12	788.8680452522367	789.0644853133742
789.1183253768148	0.4964400611374913	trials	210414SL	p06	Z11111	273	2.0	90.0	12	789.2683253768148	789.4647654379523
789.5285655044927	0.49648006114989585	trials	210414SL	p06	Z11111	20	4.0	45.0	4	789.6785655044927	789.8750455656426
793.2110466505809	0.49648006115000953	trials	210414SL	p06	Z11111	62	1.0	180.0	4	793.3610466505809	793.5575267117309
793.6213267782713	0.49648006114989585	trials	210414SL	p06	Z11111	310	9.0	180.0	12	793.7713267782713	793.9678068394212
794.0216069028494	0.49648006114989585	trials	210414SL	p06	Z11111	254	13.0	0.0	12	794.1716069028494	794.3680869639993
794.4318870305397	0.49648006114989585	trials	210414SL	p06	Z11111	224	13.0	270.0	8	794.5818870305396	794.7783670916896
794.8321671551178	0.4964400611373776	trials	210414SL	p06	Z11111	312	11.0	180.0	12	794.9821671551177	795.1786072162552
795.2324472796957	0.5164400673620548	trials	210414SL	p06	Z11111	99	8.0	270.0	4	795.3824472796957	795.5988873470578
795.652687410486	0.5064800642621776	trials	210414SL	p06	Z11111	124	3.0	0.0	8	795.802687410486	796.0091674747482
799.3051685472374	0.49648006115000953	trials	210414SL	p06	Z11111	295	9.0	135.0	12	799.4551685472373	799.6516486083874
799.7054486718155	0.5064400642496594	trials	210414SL	p06	Z11111	226	0.0	315.0	8	799.8554486718155	800.0618887360652
800.1157287995057	0.4964400611374913	trials	210414SL	p06	Z11111	186	5.0	180.0	8	800.2657287995057	800.4621688606433
800.5159689240714	0.49648006114989585	trials	210414SL	p06	Z11111	275	4.0	90.0	12	800.6659689240714	800.8624489852214
800.9162490486494	0.49648006114989585	trials	210414SL	p06	Z11111	355	9.0	315.0	12	801.0662490486494	801.2627291097994
801.3365291794521	0.49648006114989585	trials	210414SL	p06	Z11111	321	5.0	225.0	12	801.4865291794521	801.683009240602
801.7468093071424	0.49648006114989585	trials	210414SL	p06	Z11111	328	12.0	225.0	12	801.8968093071423	802.0932893682923
805.3592504314323	0.4964400611374913	trials	210414SL	p06	Z11111	36	5.0	90.0	4	805.5092504314323	805.7056904925698
805.7695305591227	0.4964400611373776	trials	210414SL	p06	Z11111	203	7.0	225.0	8	805.9195305591227	806.1159706202601
806.1698106837007	0.4964400611374913	trials	210414SL	p06	Z11111	198	2.0	225.0	8	806.3198106837007	806.5162507448382
808.5514114249196	0.4964400611374913	trials	210414SL	p06	Z11111	14	13.0	0.0	4	808.7014114249196	808.8978514860571
808.9516515494853	0.5064800642620639	trials	210414SL	p06	Z11111	256	0.0	45.0	12	809.1016515494853	809.3081316137474
809.3619316771756	0.49648006114989585	trials	210414SL	p06	Z11111	327	11.0	225.0	12	809.5119316771755	809.7084117383255
809.7622118017537	0.4964400611373776	trials	210414SL	p06	Z11111	340	9.0	270.0	12	809.9122118017536	810.1086518628911
810.1724919294439	0.4964400611374913	trials	210414SL	p06	Z11111	215	4.0	270.0	8	810.3224919294439	810.5189319905815
810.5927720602466	0.4964400611373776	trials	210414SL	p06	Z11111	297	11.0	135.0	12	810.7427720602466	810.939212121384
810.9930521848246	0.5064400642497731	trials	210414SL	p06	Z11111	181	0.0	180.0	8	811.1430521848246	811.3494922490744
815.4160135613705	0.5064800642621776	trials	210414SL	p06	Z11111	19	3.0	45.0	4	815.5660135613705	815.7724936256327
815.8362936921731	0.49648006114989585	trials	210414SL	p06	Z11111	152	1.0	90.0	8	815.986293692173	816.182773753323
816.2365738167512	0.4964400611373776	trials	210414SL	p06	Z11111	190	9.0	180.0	8	816.3865738167511	816.5830138778886
816.6368539413292	0.4964400611374913	trials	210414SL	p06	Z11111	157	6.0	90.0	8	816.7868539413291	816.9832940024667
817.0370940658948	0.49648006114989585	trials	210414SL	p06	Z11111	184	3.0	180.0	8	817.1870940658948	817.3835741270448
817.4473741935851	0.49648006114989585	trials	210414SL	p06	Z11111	104	13.0	270.0	4	817.5973741935851	817.793854254735
817.8476543181631	0.5164800673744594	trials	210414SL	p06	Z11111	325	9.0	225.0	12	817.9976543181631	818.2141343855376
821.7402555296466	0.49648006114989585	trials	210414SL	p06	Z11111	50	4.0	135.0	4	821.8902555296465	822.0867355907965
822.1505356573368	0.49648006114989585	trials	210414SL	p06	Z11111	259	3.0	45.0	12	822.3005356573368	822.4970157184868
822.5508157819149	0.5064800642621776	trials	210414SL	p06	Z11111	72	11.0	180.0	4	822.7008157819149	822.9072958461771
822.9610959096052	0.49648006114989585	trials	210414SL	p06	Z11111	301	0.0	180.0	12	823.1110959096052	823.3075759707551
823.3613760341833	0.4964400611374913	trials	210414SL	p06	Z11111	308	7.0	180.0	12	823.5113760341833	823.7078160953208
825.8730568158867	0.4964400611373776	trials	210414SL	p06	Z11111	188	7.0	180.0	8	826.0230568158867	826.2194968770241
826.2733369404647	0.5064400642497731	trials	210414SL	p06	Z11111	222	11.0	270.0	8	826.4233369404647	826.6297770047145
826.6836170681551	0.5064400642497731	trials	210414SL	p06	Z11111	108	2.0	315.0	4	826.833617068155	827.0400571324049
827.0938971958454	0.5164400673619411	trials	210414SL	p06	Z11111	0			0	827.2438971958454	827.4603372632074
827.514177326648	0.5064400642496594	trials	210414SL	p06	Z11111	332	1.0	270.0	12	827.664177326648	827.8706173908977
827.9244174543259	0.49648006114989585	trials	210414SL	p06	Z11111	357	11.0	315.0	12	828.0744174543258	828.2708975154758
828.3346975820162	0.49648006114989585	trials	210414SL	p06	Z11111	85	9.0	225.0	4	828.4846975820162	828.6811776431662
832.0972587530276	0.4964400611373776	trials	210414SL	p06	Z11111	317	1.0	225.0	12	832.2472587530276	832.443698814165
832.5075388807179	0.4964400611373776	trials	210414SL	p06	Z11111	26	10.0	45.0	4	832.6575388807179	832.8539789418553
834.9191396312737	0.49648006114989585	trials	210414SL	p06	Z11111	28	12.0	45.0	4	835.0691396312736	835.2656196924236
835.3294197589639	0.49648006114989585	trials	210414SL	p06	Z11111	140	4.0	45.0	8	835.4794197589639	835.6758998201138
835.729699883542	0.5064800642621776	trials	210414SL	p06	Z11111	81	5.0	225.0	4	835.879699883542	836.0861799478042
836.1399800112323	0.4964400611374913	trials	210414SL	p06	Z11111	114	8.0	315.0	4	836.2899800112323	836.4864200723698
836.560260142035	0.5064400642497731	trials	210414SL	p06	Z11111	0			0	836.7102601420349	836.9167002062848
836.9705402697253	0.5064400642496594	trials	210414SL	p06	Z11111	37	6.0	90.0	4	837.1205402697253	837.326980333975
837.3808203974156	0.5164400673619411	trials	210414SL	p06	Z11111	75	14.0	180.0	4	837.5308203974156	837.7472604647776
841.2534216026744	0.5064400642497731	trials	210414SL	p06	Z11111	41	10.0	90.0	4	841.4034216026744	841.6098616669242
841.6637017303648	0.5064400642496594	trials	210414SL	p06	Z11111	55	9.0	135.0	4	841.8137017303648	842.0201417946145
842.073981858055	0.5064400642497731	trials	210414SL	p06	Z11111	336	5.0	270.0	12	842.223981858055	842.4304219223048
842.4842219857329	0.5164800673744594	trials	210414SL	p06	Z11111	1	0.0	0.0	4	842.6342219857329	842.8507020531074
842.904542116548	0.4964400611374913	trials	210414SL	p06	Z11111	227	1.0	315.0	8	843.054542116548	843.2509821776855
843.314782244226	0.49648006114978216	trials	210414SL	p06	Z11111	63	2.0	180.0	4	843.464782244226	843.6612623053758
843.715062368804	0.49648006114989585	trials	210414SL	p06	Z11111	44	13.0	90.0	4	843.8650623688039	844.0615424299539
847.8178236456948	0.49648006114989585	trials	210414SL	p06	Z11111	170	4.0	135.0	8	847.9678236456948	848.1643037068447
848.2281037733852	0.49648006114989585	trials	210414SL	p06	Z11111	144	8.0	45.0	8	848.3781037733852	848.5745838345351
848.6283838979632	0.4964400611374913	trials	210414SL	p06	Z11111	137	1.0	45.0	8	848.7783838979632	848.9748239591007
849.0386640256535	0.4964400611374913	trials	210414SL	p06	Z11111	110	4.0	315.0	4	849.1886640256535	849.385104086791
849.4389041502192	0.49648006114989585	trials	210414SL	p06	Z11111	25	9.0	45.0	4	849.5889041502192	849.7853842113691
849.8391842747973	0.5164800673744594	trials	210414SL	p06	Z11111	339	8.0	270.0	12	849.9891842747973	850.2056643421718
850.2594644055998	0.5064800642621776	trials	210414SL	p06	Z11111	316	0.0	225.0	12	850.4094644055998	850.615944469862
853.8819055330019	0.5064800642621776	trials	210414SL	p06	Z11111	86	10.0	225.0	4	854.0319055330019	854.2383855972641
854.3021856638046	0.49648006114989585	trials	210414SL	p06	Z11111	49	3.0	135.0	4	854.4521856638046	854.6486657249545
861.2969078407524	0.4964400611373776	trials	210414SL	p06	Z11111	246	5.0	0.0	12	861.4469078407524	861.6433479018898
861.7071879684427	0.4964400611374913	trials	210414SL	p06	Z11111	286	0.0	135.0	12	861.8571879684426	862.0536280295802
865.9600292920426	0.49648006114989585	trials	210414SL	p06	Z11111	89	13.0	225.0	4	866.1100292920426	866.3065093531925
866.370309419733	0.5064800642620639	trials	210414SL	p06	Z11111	56	10.0	135.0	4	866.5203094197329	866.726789483995
866.7805895474232	0.49648006114989585	trials	210414SL	p06	Z11111	133	12.0	0.0	8	866.9305895474232	867.1270696085732
867.1808696720012	0.4964400611374913	trials	210414SL	p06	Z11111	51	5.0	135.0	4	867.3308696720012	867.5273097331387
867.5811497965793	0.5164800673744594	trials	210414SL	p06	Z11111	90	14.0	225.0	4	867.7311497965793	867.9476298639538
868.001429927382	0.5064400642496594	trials	210414SL	p06	Z11111	292	6.0	135.0	12	868.151429927382	868.3578699916317
868.4117100550723	0.4964400611373776	trials	210414SL	p06	Z11111	46	0.0	135.0	4	868.5617100550722	868.7581501162097
871.9941111700128	0.4964400611374913	trials	210414SL	p06	Z11111	219	8.0	270.0	8	872.1441111700128	872.3405512311504
872.394391294591	0.5064400642497731	trials	210414SL	p06	Z11111	296	10.0	135.0	12	872.5443912945909	872.7508313588407
872.8246714285059	0.4964400611373776	trials	210414SL	p06	Z11111	17	1.0	45.0	4	872.9746714285059	873.1711114896433
873.2349515561962	0.4964400611373776	trials	210414SL	p06	Z11111	174	8.0	135.0	8	873.3849515561961	873.5813916173336
873.6351916807617	0.49648006114989585	trials	210414SL	p06	Z11111	167	1.0	135.0	8	873.7851916807617	873.9816717419117
874.0354718053399	0.49648006114989585	trials	210414SL	p06	Z11111	269	13.0	45.0	12	874.1854718053398	874.3819518664898
874.4457519330302	0.5164800673743457	trials	210414SL	p06	Z11111	58	12.0	135.0	4	874.5957519330302	874.8122320004046
878.2883531289522	0.4964400611373776	trials	210414SL	p06	Z11111	15	14.0	0.0	4	878.4383531289521	878.6347931900896
878.6986332566424	0.4964400611374913	trials	210414SL	p06	Z11111	307	6.0	180.0	12	878.8486332566424	879.04507331778
879.0988733812081	0.5064800642621776	trials	210414SL	p06	Z11111	338	7.0	270.0	12	879.2488733812081	879.4553534454703
879.5091535088984	0.49648006114989585	trials	210414SL	p06	Z11111	204	8.0	225.0	8	879.6591535088984	879.8556335700483
879.9094336334765	0.49648006114989585	trials	210414SL	p06	Z11111	239	13.0	315.0	8	880.0594336334765	880.2559136946264
880.3097137580545	0.5164800673744594	trials	210414SL	p06	Z11111	202	6.0	225.0	8	880.4597137580545	880.676193825429
880.7299938888572	0.4964400611374913	trials	210414SL	p06	Z11111	52	6.0	135.0	4	880.8799938888571	881.0764339499947
884.3824350255961	0.49648006114989585	trials	210414SL	p06	Z11111	155	4.0	90.0	8	884.5324350255961	884.728915086746
884.7827151501742	0.5064800642621776	trials	210414SL	p06	Z11111	131	10.0	0.0	8	884.9327151501742	885.1391952144364
887.3944759630252	0.5064800642621776	trials	210414SL	p06	Z11111	358	12.0	315.0	12	887.5444759630252	887.7509560272874
887.8147560938278	0.49648006114989585	trials	210414SL	p06	Z11111	35	4.0	90.0	4	887.9647560938278	888.1612361549777
888.2150362184059	0.4964400611373776	trials	210414SL	p06	Z11111	71	10.0	180.0	4	888.3650362184059	888.5614762795433
888.6152763429715	0.5064800642621776	trials	210414SL	p06	Z11111	177	11.0	135.0	8	888.7652763429714	888.9717564072337
889.0255964706743	0.4964400611374913	trials	210414SL	p06	Z11111	70	9.0	180.0	4	889.1755964706742	889.3720365318118
889.4258365952398	0.49648006114989585	trials	210414SL	p06	Z11111	272	1.0	90.0	12	889.5758365952398	889.7723166563898
889.826116719818	0.5164800673744594	trials	210414SL	p06	Z11111	10	9.0	0.0	4	889.9761167198179	890.1925967871924
893.6987179250767	0.5064800642621776	trials	210414SL	p06	Z11111	171	5.0	135.0	8	893.8487179250767	894.0551979893389
894.1189980558794	0.49648006114989585	trials	210414SL	p06	Z11111	347	1.0	315.0	12	894.2689980558794	894.4654781170293
894.5192781804574	0.5064800642621776	trials	210414SL	p06	Z11111	350	4.0	315.0	12	894.6692781804574	894.8757582447196
894.9295583081476	0.4964400611374913	trials	210414SL	p06	Z11111	88	12.0	225.0	4	895.0795583081476	895.2759983692852
895.3498384389503	0.4964400611374913	trials	210414SL	p06	Z11111	22	6.0	45.0	4	895.4998384389503	895.6962785000878
895.7501185635284	0.5064400642496594	trials	210414SL	p06	Z11111	266	10.0	45.0	12	895.9001185635284	896.1065586277781
896.1603586912063	0.49648006114989585	trials	210414SL	p06	Z11111	315	14.0	180.0	12	896.3103586912063	896.5068387523562
899.7427998061594	0.5064400642496594	trials	210414SL	p06	Z11111	77	1.0	225.0	4	899.8927998061594	900.0992398704091
900.1530799338497	0.5064400642497731	trials	210414SL	p06	Z11111	211	0.0	270.0	8	900.3030799338496	900.5095199980994
902.5746806875177	0.49648006114989585	trials	210414SL	p06	Z11111	54	8.0	135.0	4	902.7246806875177	902.9211607486676
902.984960815208	0.49648006114989585	trials	210414SL	p06	Z11111	21	5.0	45.0	4	903.1349608152079	903.3314408763579
903.3852409397861	0.49648006114989585	trials	210414SL	p06	Z11111	154	3.0	90.0	8	903.535240939786	903.731721000936
903.7955210674764	0.4964400611373776	trials	210414SL	p06	Z11111	5	4.0	0.0	4	903.9455210674764	904.1419611286138
904.1958011920545	0.4964400611373776	trials	210414SL	p06	Z11111	201	5.0	225.0	8	904.3458011920545	904.542241253192
904.6160813228571	0.4964400611373776	trials	210414SL	p06	Z11111	281	10.0	90.0	12	904.7660813228571	904.9625213839945
905.0163214474227	0.5064800642621776	trials	210414SL	p06	Z11111	322	6.0	225.0	12	905.1663214474227	905.3728015116849
908.9089626589185	0.5064800642620639	trials	210414SL	p06	Z11111	217	6.0	270.0	8	909.0589626589185	909.2654427231806
909.3192427866088	0.5064800642621776	trials	210414SL	p06	Z11111	208	12.0	225.0	8	909.4692427866088	909.675722850871
909.7295229142991	0.4964400611374913	trials	210414SL	p06	Z11111	129	8.0	0.0	8	909.8795229142991	910.0759629754366
910.1297630388648	0.49648006114989585	trials	210414SL	p06	Z11111	251	10.0	0.0	12	910.2797630388648	910.4762431000147
910.5300431634429	0.49648006114989585	trials	210414SL	p06	Z11111	138	2.0	45.0	8	910.6800431634429	910.8765232245928
910.9503232942454	0.5064800642621776	trials	210414SL	p06	Z11111	64	3.0	180.0	4	911.1003232942454	911.3068033585076
911.3606034219357	0.49648006114989585	trials	210414SL	p06	Z11111	161	10.0	90.0	8	911.5106034219357	911.7070834830856
915.0130445586748	0.5064800642621776	trials	210414SL	p06	Z11111	159	8.0	90.0	8	915.1630445586748	915.369524622937
915.423324686365	0.49648006114989585	trials	210414SL	p06	Z11111	149	13.0	45.0	8	915.573324686365	915.769804747515
915.8336048140554	0.49648006114989585	trials	210414SL	p06	Z11111	261	5.0	45.0	12	915.9836048140554	916.1800848752054
916.2338849386334	0.49648006114989585	trials	210414SL	p06	Z11111	241	0.0	0.0	12	916.3838849386334	916.5803649997833
916.6341650632115	0.4964400611374913	trials	210414SL	p06	Z11111	73	12.0	180.0	4	916.7841650632115	916.980605124349
917.0344451877896	0.4964400611373776	trials	210414SL	p06	Z11111	291	5.0	135.0	12	917.1844451877896	917.380885248927
917.4447253154799	0.4964400611374913	trials	210414SL	p06	Z11111	298	12.0	135.0	12	917.5947253154799	917.7911653766174
921.1171664584434	0.5064800642621776	trials	210414SL	p06	Z11111	231	5.0	315.0	8	921.2671664584434	921.4736465227056
921.5274465861338	0.49648006114989585	trials	210414SL	p06	Z11111	252	11.0	0.0	12	921.6774465861338	921.8739266472837
921.9377267138242	0.49648006114989585	trials	210414SL	p06	Z11111	166	0.0	135.0	8	922.0877267138242	922.2842067749741
922.3380068384022	0.4964400611373776	trials	210414SL	p06	Z11111	230	4.0	315.0	8	922.4880068384022	922.6844468995396
922.7382469629678	0.49648006114989585	trials	210414SL	p06	Z11111	209	13.0	225.0	8	922.8882469629677	923.0847270241177
925.5501678381141	0.4964400611373776	trials	210414SL	p06	Z11111	329	13.0	225.0	12	925.7001678381141	925.8966078992515
925.9604479658044	0.4964400611373776	trials	210414SL	p06	Z11111	165	14.0	90.0	8	926.1104479658044	926.3068880269418
926.3607280903824	0.5064400642497731	trials	210414SL	p06	Z11111	263	7.0	45.0	12	926.5107280903824	926.7171681546322
926.7710082180728	0.4964400611374913	trials	210414SL	p06	Z11111	139	3.0	45.0	8	926.9210082180728	927.1174482792103
927.1712483426384	0.49648006114989585	trials	210414SL	p06	Z11111	278	7.0	90.0	12	927.3212483426383	927.5177284037883
927.591528473441	0.5064800642621776	trials	210414SL	p06	Z11111	39	8.0	90.0	4	927.741528473441	927.9480085377032
928.0018086011313	0.49648006114989585	trials	210414SL	p06	Z11111	163	12.0	90.0	8	928.1518086011313	928.3482886622812
931.6542897378828	0.5064400642497731	trials	210414SL	p06	Z11111	331	0.0	270.0	12	931.8042897378828	932.0107298021326
932.0645298655606	0.49648006114989585	trials	210414SL	p06	Z11111	234	8.0	315.0	8	932.2145298655606	932.4110099267106
932.4648099901386	0.49648006115000953	trials	210414SL	p06	Z11111	0			0	932.6148099901386	932.8112900512887
932.875090117829	0.49648006114989585	trials	210414SL	p06	Z11111	264	8.0	45.0	12	933.025090117829	933.2215701789789
933.2753702424071	0.4964400611374913	trials	210414SL	p06	Z11111	335	4.0	270.0	12	933.4253702424071	933.6218103035446
933.6756503669852	0.5064400642496594	trials	210414SL	p06	Z11111	323	7.0	225.0	12	933.8256503669852	934.0320904312349
934.1059305009001	0.4964400611373776	trials	210414SL	p06	Z11111	78	2.0	225.0	4	934.2559305009	934.4523705620375
937.778411643876	0.4964400611374913	trials	210414SL	p06	Z11111	135	14.0	0.0	8	937.928411643876	938.1248517050135
938.1786517684417	0.49648006114989585	trials	210414SL	p06	Z11111	98	7.0	270.0	4	938.3286517684417	938.5251318295916
938.5889318961321	0.49648006114989585	trials	210414SL	p06	Z11111	196	0.0	225.0	8	938.738931896132	938.935411957282
938.98921202071	0.5064800642621776	trials	210414SL	p06	Z11111	16	0.0	45.0	4	939.13921202071	939.3456920849723
939.3994921484003	0.4964400611374913	trials	210414SL	p06	Z11111	117	11.0	315.0	4	939.5494921484003	939.7459322095378
939.7997722729784	0.4964400611374913	trials	210414SL	p06	Z11111	38	7.0	90.0	4	939.9497722729784	940.146212334116
940.2000123975441	0.49648006114989585	trials	210414SL	p06	Z11111	172	6.0	135.0	8	940.3500123975441	940.546492458694
947.144694558918	0.5064800642621776	trials	210414SL	p06	Z11111	156	5.0	90.0	8	947.294694558918	947.5011746231802
947.5549746866083	0.49648006114989585	trials	210414SL	p06	Z11111	311	10.0	180.0	12	947.7049746866082	947.9014547477582
947.9552548111864	0.5064800642621776	trials	210414SL	p06	Z11111	32	1.0	90.0	4	948.1052548111863	948.3117348754486
948.3655349388767	0.4964400611374913	trials	210414SL	p06	Z11111	134	13.0	0.0	8	948.5155349388767	948.7119750000143
948.7958150727916	0.49648006114989585	trials	210414SL	p06	Z11111	12	11.0	0.0	4	948.9458150727916	949.1422951339415
951.5076559167902	0.5064400642496594	trials	210414SL	p06	Z11111	279	8.0	90.0	12	951.6576559167902	951.8640959810399
951.9178960444681	0.49648006114989585	trials	210414SL	p06	Z11111	120	14.0	315.0	4	952.0678960444681	952.264376105618
952.3281761721584	0.49648006114989585	trials	210414SL	p06	Z11111	345	14.0	270.0	12	952.4781761721583	952.6746562333083
952.7284562967365	0.49648006114989585	trials	210414SL	p06	Z11111	45	14.0	90.0	4	952.8784562967364	953.0749363578864
953.1487364275391	0.5064800642621776	trials	210414SL	p06	Z11111	169	3.0	135.0	8	953.2987364275391	953.5052164918013
953.5590165552294	0.49648006114989585	trials	210414SL	p06	Z11111	40	9.0	90.0	4	953.7090165552294	953.9054966163793
953.9592966798074	0.4964400611374913	trials	210414SL	p06	Z11111	87	11.0	225.0	4	954.1092966798074	954.3057367409449
957.9419779193262	0.5064400642497731	trials	210414SL	p06	Z11111	142	6.0	45.0	8	958.0919779193262	958.298417983576
958.3522580470166	0.5064400642496594	trials	210414SL	p06	Z11111	290	4.0	135.0	12	958.5022580470165	958.7086981112662
958.7625381747068	0.4964400611373776	trials	210414SL	p06	Z11111	314	13.0	180.0	12	958.9125381747068	959.1089782358442
959.1627782992724	0.49648006114989585	trials	210414SL	p06	Z11111	294	8.0	135.0	12	959.3127782992724	959.5092583604223
959.5630584238505	0.49648006114989585	trials	210414SL	p06	Z11111	47	1.0	135.0	4	959.7130584238505	959.9095384850004
959.9733385515409	0.49648006114989585	trials	210414SL	p06	Z11111	6	5.0	0.0	4	960.1233385515409	960.3198186126908
960.3736186761189	0.4964400611373776	trials	210414SL	p06	Z11111	236	10.0	315.0	8	960.5236186761189	960.7200587372563
964.086099831544	0.49648006114989585	trials	210414SL	p06	Z11111	233	7.0	315.0	8	964.2360998315439	964.4325798926939
964.4963799592343	0.49648006114989585	trials	210414SL	p06	Z11111	68	7.0	180.0	4	964.6463799592343	964.8428600203843
967.0381007502868	0.5064800642621776	trials	210414SL	p06	Z11111	262	6.0	45.0	12	967.1881007502868	967.394580814549
967.4583808810895	0.4964400611374913	trials	210414SL	p06	Z11111	106	0.0	315.0	4	967.6083808810895	967.804820942227
967.8586610056676	0.4964400611374913	trials	210414SL	p06	Z11111	360	14.0	315.0	12	968.0086610056676	968.2051010668051
968.268941133358	0.4964400611373776	trials	210414SL	p06	Z11111	229	3.0	315.0	8	968.418941133358	968.6153811944954
968.6691812579235	0.5164800673744594	trials	210414SL	p06	Z11111	195	14.0	180.0	8	968.8191812579234	969.035661325298
969.0894613887261	0.49648006114989585	trials	210414SL	p06	Z11111	93	2.0	270.0	4	969.2394613887261	969.435941449876
969.4997415164165	0.49648006114989585	trials	210414SL	p06	Z11111	160	9.0	90.0	8	969.6497415164165	969.8462215775664
977.0048238522022	0.4964400611373776	trials	210414SL	p06	Z11111	164	13.0	90.0	8	977.1548238522022	977.3512639133396
977.4050639767678	0.5064800642621776	trials	210414SL	p06	Z11111	91	0.0	270.0	4	977.5550639767678	977.76154404103
977.8153441044582	0.49648006114989585	trials	210414SL	p06	Z11111	158	7.0	90.0	8	977.9653441044582	978.1618241656081
978.2156242290362	0.4964400611373776	trials	210414SL	p06	Z11111	178	12.0	135.0	8	978.3656242290361	978.5620642901736
981.1876251540037	0.5064800642621776	trials	210414SL	p06	Z11111	207	11.0	225.0	8	981.3376251540037	981.5441052182659
981.597905281694	0.5064800642621776	trials	210414SL	p06	Z11111	107	1.0	315.0	4	981.747905281694	981.9543853459562
982.0081854093843	0.4964400611374913	trials	210414SL	p06	Z11111	23	7.0	45.0	4	982.1581854093843	982.3546254705218
982.4184655370747	0.4964400611374913	trials	210414SL	p06	Z11111	76	0.0	225.0	4	982.5684655370746	982.7649055982122
982.8187056616403	0.5164800673744594	trials	210414SL	p06	Z11111	151	0.0	90.0	8	982.9687056616402	983.1851857290147
983.2389857924428	0.5064800642621776	trials	210414SL	p06	Z11111	255	14.0	0.0	12	983.3889857924428	983.595465856705
983.6492659201332	0.49648006114989585	trials	210414SL	p06	Z11111	320	4.0	225.0	12	983.7992659201332	983.9957459812831
987.6919871783381	0.49648006114989585	trials	210414SL	p06	Z11111	92	1.0	270.0	4	987.8419871783381	988.038467239488
988.1022673060284	0.49648006114989585	trials	210414SL	p06	Z11111	244	3.0	0.0	12	988.2522673060283	988.4487473671783
988.5025474306063	0.4964400611374913	trials	210414SL	p06	Z11111	8	7.0	0.0	4	988.6525474306063	988.8489874917439
988.9028275551844	0.5164800673744594	trials	210414SL	p06	Z11111	257	1.0	45.0	12	989.0528275551844	989.2693076225589
989.3231076859871	0.5064800642621776	trials	210414SL	p06	Z11111	232	6.0	315.0	8	989.4731076859871	989.6795877502493
989.7333878136775	0.4964400611373776	trials	210414SL	p06	Z11111	220	9.0	270.0	8	989.8833878136775	990.0798278748149
990.1436279413552	0.49648006114989585	trials	210414SL	p06	Z11111	65	4.0	180.0	4	990.2936279413552	990.4901080025052
997.7387503051639	0.49648006114989585	trials	210414SL	p06	Z11111	305	4.0	180.0	12	997.8887503051639	998.0852303663138
998.1490304328541	0.49648006115000953	trials	210414SL	p06	Z11111	33	2.0	90.0	4	998.2990304328541	998.4955104940042
998.5493105574322	0.49648006114989585	trials	210414SL	p06	Z11111	313	12.0	180.0	12	998.6993105574322	998.8957906185822
998.9495906820104	0.5064400642497731	trials	210414SL	p06	Z11111	2	1.0	0.0	4	999.0995906820103	999.3060307462601
999.3798708159253	0.49648006114989585	trials	210414SL	p06	Z11111	319	3.0	225.0	12	999.5298708159253	999.7263508770752
999.7901509436156	0.4964400611373776	trials	210414SL	p06	Z11111	302	1.0	180.0	12	999.9401509436155	1000.136591004753
1000.1903910681812	0.49648006114989585	trials	210414SL	p06	Z11111	145	9.0	45.0	8	1000.3403910681811	1000.5368711293311
1003.7428321737974	0.5064400642497731	trials	210414SL	p06	Z11111	342	11.0	270.0	12	1003.8928321737974	1004.0992722380472
1004.1530723014753	0.49648006114989585	trials	210414SL	p06	Z11111	285	14.0	90.0	12	1004.3030723014753	1004.4995523626252
1004.5533524260534	0.49648006114989585	trials	210414SL	p06	Z11111	97	6.0	270.0	4	1004.7033524260534	1004.8998324872033
1004.9636325537437	0.4964400611374913	trials	210414SL	p06	Z11111	31	0.0	90.0	4	1005.1136325537436	1005.3100726148812
1005.3839126845463	0.49648006114989585	trials	210414SL	p06	Z11111	122	1.0	0.0	8	1005.5339126845463	1005.7303927456962
1005.7841928091244	0.4964400611373776	trials	210414SL	p06	Z11111	7	6.0	0.0	4	1005.9341928091244	1006.1306328702618
1006.1844329336899	0.5064800642621776	trials	210414SL	p06	Z11111	182	1.0	180.0	8	1006.3344329336899	1006.5409129979521
1014.2698754500996	0.5064800642620639	trials	210414SL	p06	Z11111	349	3.0	315.0	12	1014.4198754500995	1014.6263555143616
1014.6801555777898	0.49648006114989585	trials	210414SL	p06	Z11111	4	3.0	0.0	4	1014.8301555777898	1015.0266356389398
1015.0904357054802	0.49648006114989585	trials	210414SL	p06	Z11111	334	3.0	270.0	12	1015.2404357054802	1015.4369157666301
1015.4907158300583	0.49648006114989585	trials	210414SL	p06	Z11111	356	10.0	315.0	12	1015.6407158300583	1015.8371958912082
1015.8909959546364	0.4964400611373776	trials	210414SL	p06	Z11111	95	4.0	270.0	4	1016.0409959546364	1016.2374360157738
1016.3012760823267	0.4964400611373776	trials	210414SL	p06	Z11111	147	11.0	45.0	8	1016.4512760823267	1016.6477161434641
1016.7015162068923	0.49648006114989585	trials	210414SL	p06	Z11111	341	10.0	270.0	12	1016.8515162068923	1017.0479962680422
1024.4067186049606	0.506480064262405	trials	210414SL	p06	Z11111	3	2.0	0.0	4	1024.5567186049607	1024.763198669223
1024.8269987357633	0.4964800611501232	trials	210414SL	p06	Z11111	228	2.0	315.0	8	1024.9769987357633	1025.1734787969133
1025.2272788603414	0.49644006113771866	trials	210414SL	p06	Z11111	253	12.0	0.0	12	1025.3772788603414	1025.573718921479
1025.6275589849195	0.49644006113771866	trials	210414SL	p06	Z11111	245	4.0	0.0	12	1025.7775589849196	1025.973999046057
1026.0378391126096	0.49644006113771866	trials	210414SL	p06	Z11111	242	1.0	0.0	12	1026.1878391126097	1026.3842791737472
1026.4580792433999	0.4964800611501232	trials	210414SL	p06	Z11111	249	8.0	0.0	12	1026.6080792434	1026.80455930455
1026.858359367978	0.506480064262405	trials	210414SL	p06	Z11111	185	4.0	180.0	8	1027.008359367978	1027.2148394322403
1030.871080616846	0.4964400611374913	trials	210414SL	p06	Z11111	175	9.0	135.0	8	1031.0210806168461	1031.2175206779834
1031.2813607445362	0.49644006113771866	trials	210414SL	p06	Z11111	118	12.0	315.0	4	1031.4313607445363	1031.6278008056738
1031.6816008691019	0.5164800673746868	trials	210414SL	p06	Z11111	119	13.0	315.0	4	1031.831600869102	1032.0480809364765
1032.1119210030292	0.4964400611374913	trials	210414SL	p06	Z11111	167	1.0	135.0	8	1032.2619210030293	1032.4583610641666
1032.5121611275947	0.506480064262405	trials	210414SL	p06	Z11111	234	8.0	315.0	8	1032.6621611275948	1032.868641191857
1032.922441255285	0.4964800611501232	trials	210414SL	p06	Z11111	16	0.0	45.0	4	1033.0724412552852	1033.2689213164351
1033.3227213798632	0.5164800673746868	trials	210414SL	p06	Z11111	48	2.0	135.0	4	1033.4727213798633	1033.6892014472378
1037.1252825633237	0.4964800611501232	trials	210414SL	p06	Z11111	262	6.0	45.0	12	1037.2752825633238	1037.4717626244737
1037.5255626879016	0.5064400642500004	trials	210414SL	p06	Z11111	212	1.0	270.0	8	1037.6755626879017	1037.8820027521515
1037.935842815592	0.49644006113771866	trials	210414SL	p06	Z11111	225	14.0	270.0	8	1038.085842815592	1038.2822828767296
1038.3360829401577	0.4964800611501232	trials	210414SL	p06	Z11111	74	13.0	180.0	4	1038.4860829401578	1038.6825630013077
1038.746363067848	0.4964800611501232	trials	210414SL	p06	Z11111	269	13.0	45.0	12	1038.8963630678481	1039.092843128998
1039.146643192426	0.4964800611501232	trials	210414SL	p06	Z11111	1	0.0	0.0	4	1039.296643192426	1039.493123253576
1039.546923317004	0.5164800673746868	trials	210414SL	p06	Z11111	272	1.0	90.0	12	1039.6969233170041	1039.9134033843786
1043.6096445814335	0.4964800611501232	trials	210414SL	p06	Z11111	99	8.0	270.0	4	1043.7596445814336	1043.9561246425835
1044.0199247091236	0.4964800611501232	trials	210414SL	p06	Z11111	260	4.0	45.0	12	1044.1699247091237	1044.3664047702737
1044.4202048337017	0.5064400642500004	trials	210414SL	p06	Z11111	142	6.0	45.0	8	1044.5702048337018	1044.7766448979517
1044.8304849613921	0.49644006113771866	trials	210414SL	p06	Z11111	186	5.0	180.0	8	1044.9804849613922	1045.1769250225298
1045.2307250859578	0.49648006114989585	trials	210414SL	p06	Z11111	205	9.0	225.0	8	1045.380725085958	1045.5772051471076
1045.6310052105357	0.4964800611501232	trials	210414SL	p06	Z11111	0			0	1045.7810052105358	1045.9774852716857
1046.041285338226	0.4964800611501232	trials	210414SL	p06	Z11111	123	2.0	0.0	8	1046.1912853382262	1046.3877653993761
1053.8565677705546	0.4964400611374913	trials	210414SL	p06	Z11111	263	7.0	45.0	12	1054.0065677705547	1054.203007831692
1054.2568078951201	0.506480064262405	trials	210414SL	p06	Z11111	231	5.0	315.0	8	1054.4068078951202	1054.6132879593824
1054.6670880228105	0.4964800611501232	trials	210414SL	p06	Z11111	79	3.0	225.0	4	1054.8170880228106	1055.0135680839605
1055.0673681473886	0.5164800673746868	trials	210414SL	p06	Z11111	283	12.0	90.0	12	1055.2173681473887	1055.4338482147632
1055.487648278191	0.49644006113771866	trials	210414SL	p06	Z11111	152	1.0	90.0	8	1055.6376482781911	1055.8340883393287
1055.8979284058814	0.49644006113771866	trials	210414SL	p06	Z11111	13	12.0	0.0	4	1056.0479284058815	1056.244368467019
1056.2982085304595	0.49644006113771866	trials	210414SL	p06	Z11111	358	12.0	315.0	12	1056.4482085304596	1056.6446485915972
1060.300889776203	0.4964400611374913	trials	210414SL	p06	Z11111	312	11.0	180.0	12	1060.450889776203	1060.6473298373403
1060.711169903893	0.49644006113771866	trials	210414SL	p06	Z11111	290	4.0	135.0	12	1060.8611699038931	1061.0576099650307
1061.1214500315834	0.5164800673746868	trials	210414SL	p06	Z11111	345	14.0	270.0	12	1061.2714500315835	1061.487930098958
1061.541730162386	0.506480064262405	trials	210414SL	p06	Z11111	178	12.0	135.0	8	1061.6917301623862	1061.8982102266484
1061.9520102900765	0.4964400611374913	trials	210414SL	p06	Z11111	53	7.0	135.0	4	1062.1020102900766	1062.298450351214
1062.352250414642	0.4964800611501232	trials	210414SL	p06	Z11111	137	1.0	45.0	8	1062.502250414642	1062.698730475792
1062.7625305423323	0.4964800611501232	trials	210414SL	p06	Z11111	193	12.0	180.0	8	1062.9125305423324	1063.1090106034824
1067.825972118213	0.5064400642500004	trials	210414SL	p06	Z11111	278	7.0	90.0	12	1067.9759721182131	1068.182412182463
1068.2362122458908	0.5064800642626324	trials	210414SL	p06	Z11111	101	10.0	270.0	4	1068.3862122458909	1068.5926923101533
1068.6464923735812	0.4964800611501232	trials	210414SL	p06	Z11111	196	0.0	225.0	8	1068.7964923735813	1068.9929724347312
1069.0467724981593	0.5164800673746868	trials	210414SL	p06	Z11111	201	5.0	225.0	8	1069.1967724981594	1069.4132525655339
1069.4770526320742	0.4964800611501232	trials	210414SL	p06	Z11111	292	6.0	135.0	12	1069.6270526320743	1069.8235326932243
1069.8773327566523	0.4964800611501232	trials	210414SL	p06	Z11111	47	1.0	135.0	4	1070.0273327566524	1070.2238128178024
1070.2876128843425	0.49644006113771866	trials	210414SL	p06	Z11111	331	0.0	270.0	12	1070.4376128843426	1070.63405294548
1084.427137284947	0.506480064262405	trials	210414SL	p06	Z11111	240	14.0	315.0	8	1084.5771372849472	1084.7836173492094
1084.8374174126375	0.4964400611374913	trials	210414SL	p06	Z11111	341	10.0	270.0	12	1084.9874174126376	1085.1838574737749
1085.2376975372154	0.49644006113771866	trials	210414SL	p06	Z11111	162	11.0	90.0	8	1085.3876975372154	1085.584137598353
1085.637937661781	0.5164800673746868	trials	210414SL	p06	Z11111	89	13.0	225.0	4	1085.7879376617811	1086.0044177291556
1086.0582177925837	0.506480064262405	trials	210414SL	p06	Z11111	3	2.0	0.0	4	1086.2082177925838	1086.414697856846
1086.4684979202739	0.4964800611501232	trials	210414SL	p06	Z11111	33	2.0	90.0	4	1086.618497920274	1086.814977981424
1086.868778044852	0.49644006113771866	trials	210414SL	p06	Z11111	139	3.0	45.0	8	1087.018778044852	1087.2152181059896
1091.2617394120612	0.4964400611374913	trials	210414SL	p06	Z11111	95	4.0	270.0	4	1091.4117394120613	1091.6081794731986
1091.6619795366266	0.5164800673746868	trials	210414SL	p06	Z11111	179	13.0	135.0	8	1091.8119795366267	1092.0284596040012
1092.0822996674417	0.5064400642500004	trials	210414SL	p06	Z11111	18	2.0	45.0	4	1092.2322996674418	1092.4387397316916
1092.4925397951197	0.4964800611501232	trials	210414SL	p06	Z11111	267	11.0	45.0	12	1092.6425397951198	1092.8390198562697
1092.8928199196976	0.4964800611501232	trials	210414SL	p06	Z11111	151	0.0	90.0	8	1093.0428199196976	1093.2392999808476
1093.2931000442757	0.506480064262405	trials	210414SL	p06	Z11111	342	11.0	270.0	12	1093.4431000442758	1093.649580108538
1093.703380171966	0.49644006113771866	trials	210414SL	p06	Z11111	160	9.0	90.0	8	1093.8533801719661	1094.0498202331037
1101.2985025357746	0.5064400642500004	trials	210414SL	p06	Z11111	190	9.0	180.0	8	1101.4485025357747	1101.6549426000245
1101.708782663465	0.49644006113771866	trials	210414SL	p06	Z11111	281	10.0	90.0	12	1101.858782663465	1102.0552227246026
1102.1090227880306	0.4964800611501232	trials	210414SL	p06	Z11111	183	2.0	180.0	8	1102.2590227880307	1102.4555028491807
1102.5193029157208	0.4964800611501232	trials	210414SL	p06	Z11111	307	6.0	180.0	12	1102.669302915721	1102.8657829768708
1102.9395830465235	0.4964800611501232	trials	210414SL	p06	Z11111	172	6.0	135.0	8	1103.0895830465236	1103.2860631076735
1103.3398631711016	0.506480064262405	trials	210414SL	p06	Z11111	218	7.0	270.0	8	1103.4898631711017	1103.6963432353639
1103.750143298792	0.4964400611374913	trials	210414SL	p06	Z11111	213	2.0	270.0	8	1103.900143298792	1104.0965833599294
1107.8629045787952	0.49648006114989585	trials	210414SL	p06	Z11111	5	4.0	0.0	4	1108.0129045787953	1108.209384639945
1108.263184703373	0.49644006113771866	trials	210414SL	p06	Z11111	237	11.0	315.0	8	1108.4131847033732	1108.6096247645107
1108.6734648310635	0.4964400611374913	trials	210414SL	p06	Z11111	23	7.0	45.0	4	1108.8234648310636	1109.0199048922009
1109.0937449618662	0.49644006113771866	trials	210414SL	p06	Z11111	319	3.0	225.0	12	1109.2437449618662	1109.4401850230038
1109.5040250895563	0.49644006113771866	trials	210414SL	p06	Z11111	228	2.0	315.0	8	1109.6540250895564	1109.850465150694
1109.904265214122	0.4964800611501232	trials	210414SL	p06	Z11111	169	3.0	135.0	8	1110.054265214122	1110.250745275272
1110.3045453387	0.5164800673746868	trials	210414SL	p06	Z11111	157	6.0	90.0	8	1110.4545453387002	1110.6710254060747
1114.1671465408467	0.5064800642621776	trials	210414SL	p06	Z11111	105	14.0	270.0	4	1114.3171465408468	1114.5236266051088
1114.5774266685369	0.4964800611501232	trials	210414SL	p06	Z11111	206	10.0	225.0	8	1114.727426668537	1114.923906729687
1114.977706793115	0.5064400642500004	trials	210414SL	p06	Z11111	299	13.0	135.0	12	1115.127706793115	1115.3341468573649
1115.3879869208054	0.49644006113771866	trials	210414SL	p06	Z11111	247	6.0	0.0	12	1115.5379869208055	1115.734426981943
1115.788227045371	0.5064800642621776	trials	210414SL	p06	Z11111	285	14.0	90.0	12	1115.9382270453711	1116.1447071096331
1116.1985071730612	0.4964800611501232	trials	210414SL	p06	Z11111	256	0.0	45.0	12	1116.3485071730613	1116.5449872342112
1116.6187873038639	0.4964800611501232	trials	210414SL	p06	Z11111	220	9.0	270.0	8	1116.768787303864	1116.965267365014
1120.4713885028982	0.5064800642621776	trials	210414SL	p06	Z11111	293	7.0	135.0	12	1120.6213885028983	1120.8278685671603
1120.9017086368253	0.49644006113771866	trials	210414SL	p06	Z11111	340	9.0	270.0	12	1121.0517086368254	1121.248148697963
1121.301948761391	0.5364800735992503	trials	210414SL	p06	Z11111	298	12.0	135.0	12	1121.4519487613911	1121.6884288349902
1121.7422688984307	0.49644006113771866	trials	210414SL	p06	Z11111	352	6.0	315.0	12	1121.8922688984308	1122.0887089595683
1122.1425090229964	0.5064800642621776	trials	210414SL	p06	Z11111	338	7.0	270.0	12	1122.2925090229965	1122.4989890872585
1122.5527891506865	0.4964800611501232	trials	210414SL	p06	Z11111	64	3.0	180.0	4	1122.7027891506866	1122.8992692118366
1122.9530692752646	0.5164800673746868	trials	210414SL	p06	Z11111	42	11.0	90.0	4	1123.1030692752647	1123.3195493426392
1127.065830555268	0.5064800642621776	trials	210414SL	p06	Z11111	286	0.0	135.0	12	1127.215830555268	1127.42231061953
1127.476110682958	0.4964800611501232	trials	210414SL	p06	Z11111	355	9.0	315.0	12	1127.6261106829581	1127.822590744108
1127.8863908106484	0.49644006113771866	trials	210414SL	p06	Z11111	195	14.0	180.0	8	1128.0363908106485	1128.232830871786
1128.306670941451	0.506480064262405	trials	210414SL	p06	Z11111	44	13.0	90.0	4	1128.4566709414512	1128.6631510057134
1128.7169510691415	0.4964400611374913	trials	210414SL	p06	Z11111	112	6.0	315.0	4	1128.8669510691416	1129.063391130279
1129.1172311937194	0.5064400642500004	trials	210414SL	p06	Z11111	158	7.0	90.0	8	1129.2672311937195	1129.4736712579693
1129.5275113214097	0.49644006113771866	trials	210414SL	p06	Z11111	114	8.0	315.0	4	1129.6775113214098	1129.8739513825474
1133.3700725173194	0.506480064262405	trials	210414SL	p06	Z11111	120	14.0	315.0	4	1133.5200725173195	1133.7265525815817
1133.7803526450098	0.5064800642621776	trials	210414SL	p06	Z11111	208	12.0	225.0	8	1133.9303526450099	1134.1368327092719
1134.1906327727	0.4964800611501232	trials	210414SL	p06	Z11111	258	2.0	45.0	12	1134.3406327727	1134.53711283385
1134.590912897278	0.49644006113771866	trials	210414SL	p06	Z11111	73	12.0	180.0	4	1134.7409128972781	1134.9373529584157
1134.9911930218561	0.49644006113771866	trials	210414SL	p06	Z11111	8	7.0	0.0	4	1135.1411930218562	1135.3376330829938
1135.3914331464216	0.5164800673746868	trials	210414SL	p06	Z11111	276	5.0	90.0	12	1135.5414331464217	1135.7579132137962
1135.821753280349	0.49644006113771866	trials	210414SL	p06	Z11111	170	4.0	135.0	8	1135.971753280349	1136.1681933414866
1139.7243544949447	0.506480064262405	trials	210414SL	p06	Z11111	149	13.0	45.0	8	1139.8743544949448	1140.080834559207
1140.134634622635	0.4964800611501232	trials	210414SL	p06	Z11111	274	3.0	90.0	12	1140.2846346226352	1140.481114683785
1140.5449147503252	0.49644006113771866	trials	210414SL	p06	Z11111	309	8.0	180.0	12	1140.6949147503253	1140.8913548114629
1140.9451948749033	0.49644006113771866	trials	210414SL	p06	Z11111	295	9.0	135.0	12	1141.0951948749034	1141.291634936041
1141.345434999469	0.4964800611501232	trials	210414SL	p06	Z11111	88	12.0	225.0	4	1141.4954349994691	1141.691915060619
1141.7557151271594	0.5064800642621776	trials	210414SL	p06	Z11111	147	11.0	45.0	8	1141.9057151271595	1142.1121951914215
1142.1759952579619	0.4964800611501232	trials	210414SL	p06	Z11111	113	7.0	315.0	4	1142.325995257962	1142.522475319112
1146.2087165130545	0.506480064262405	trials	210414SL	p06	Z11111	60	14.0	135.0	4	1146.3587165130546	1146.5651965773168
1146.6189966407449	0.506480064262405	trials	210414SL	p06	Z11111	148	12.0	45.0	8	1146.768996640745	1146.9754767050072
1147.029276768435	0.4964800611501232	trials	210414SL	p06	Z11111	184	3.0	180.0	8	1147.179276768435	1147.375756829585
1147.4295568930131	0.5064400642500004	trials	210414SL	p06	Z11111	264	8.0	45.0	12	1147.5795568930132	1147.785996957263
1147.8398370207035	0.49644006113771866	trials	210414SL	p06	Z11111	90	14.0	225.0	4	1147.9898370207036	1148.1862770818411
1148.2400771452692	0.49648006114989585	trials	210414SL	p06	Z11111	321	5.0	225.0	12	1148.3900771452693	1148.586557206419
1148.6603572760719	0.5064800642621776	trials	210414SL	p06	Z11111	34	3.0	90.0	4	1148.810357276072	1149.016837340334
1152.4529184564199	0.506480064262405	trials	210414SL	p06	Z11111	202	6.0	225.0	8	1152.60291845642	1152.8093985206822
1152.8731985872225	0.4964800611501232	trials	210414SL	p06	Z11111	351	5.0	315.0	12	1153.0231985872226	1153.2196786483726
1153.2734787118006	0.4964800611501232	trials	210414SL	p06	Z11111	210	14.0	225.0	8	1153.4234787118007	1153.6199587729507
1153.6737588363785	0.5164800673746868	trials	210414SL	p06	Z11111	249	8.0	0.0	12	1153.8237588363786	1154.040238903753
1154.1040389702935	0.4964800611501232	trials	210414SL	p06	Z11111	251	10.0	0.0	12	1154.2540389702935	1154.4505190314435
1154.5043190948716	0.49644006113771866	trials	210414SL	p06	Z11111	291	5.0	135.0	12	1154.6543190948717	1154.8507591560092
1154.914599222562	0.5164800673744594	trials	210414SL	p06	Z11111	70	9.0	180.0	4	1155.064599222562	1155.2810792899363
1158.797200430933	0.506480064262405	trials	210414SL	p06	Z11111	188	7.0	180.0	8	1158.947200430933	1159.1536804951952
1159.2074805586233	0.49644006113771866	trials	210414SL	p06	Z11111	0			0	1159.3574805586234	1159.553920619761
1159.6077606832014	0.4964400611374913	trials	210414SL	p06	Z11111	216	5.0	270.0	8	1159.7577606832015	1159.9542007443388
1160.0180008108791	0.5164800673746868	trials	210414SL	p06	Z11111	111	5.0	315.0	4	1160.1680008108792	1160.3844808782537
1160.4383209416942	0.49644006113771866	trials	210414SL	p06	Z11111	126	5.0	0.0	8	1160.5883209416943	1160.7847610028318
1160.8486010693846	0.49644006113771866	trials	210414SL	p06	Z11111	104	13.0	270.0	4	1160.9986010693847	1161.1950411305222
1161.2488411939503	0.4964800611501232	trials	210414SL	p06	Z11111	197	1.0	225.0	8	1161.3988411939504	1161.5953212551003
1165.2215224303566	0.4964800611501232	trials	210414SL	p06	Z11111	182	1.0	180.0	8	1165.3715224303567	1165.5680024915066
1165.631802558047	0.4964800611501232	trials	210414SL	p06	Z11111	238	12.0	315.0	8	1165.781802558047	1165.978282619197
1166.032082682625	0.49644006113771866	trials	210414SL	p06	Z11111	110	4.0	315.0	4	1166.1820826826252	1166.3785227437627
1166.4323228071908	0.4964800611501232	trials	210414SL	p06	Z11111	76	0.0	225.0	4	1166.5823228071908	1166.7788028683408
1166.842602934881	0.4964800611501232	trials	210414SL	p06	Z11111	360	14.0	315.0	12	1166.992602934881	1167.189082996031
1167.2628830656836	0.4964800611501232	trials	210414SL	p06	Z11111	168	2.0	135.0	8	1167.4128830656837	1167.6093631268336
1167.6631631902617	0.506480064262405	trials	210414SL	p06	Z11111	28	12.0	45.0	4	1167.8131631902618	1168.019643254524
1171.525764392408	0.4964800611503506	trials	210414SL	p06	Z11111	252	11.0	0.0	12	1171.6757643924082	1171.8722444535583
1171.9260445169862	0.49644006113771866	trials	210414SL	p06	Z11111	332	1.0	270.0	12	1172.0760445169863	1172.2724845781238
1172.3363246446766	0.49644006113771866	trials	210414SL	p06	Z11111	324	8.0	225.0	12	1172.4863246446766	1172.6827647058142
1172.7366047692547	0.49644006113771866	trials	210414SL	p06	Z11111	100	9.0	270.0	4	1172.8866047692547	1173.0830448303923
1173.1468448969324	0.5164800673746868	trials	210414SL	p06	Z11111	245	4.0	0.0	12	1173.2968448969325	1173.513324964307
1173.567125027735	0.4964800611501232	trials	210414SL	p06	Z11111	242	1.0	0.0	12	1173.7171250277352	1173.913605088885
1173.9774451554379	0.49644006113771866	trials	210414SL	p06	Z11111	280	9.0	90.0	12	1174.127445155438	1174.3238852165755
1177.8200063513473	0.4964800611501232	trials	210414SL	p06	Z11111	58	12.0	135.0	4	1177.9700063513474	1178.1664864124973
1178.2202864759254	0.49644006113771866	trials	210414SL	p06	Z11111	56	10.0	135.0	4	1178.3702864759255	1178.566726537063
1178.6205666005035	0.5064400642500004	trials	210414SL	p06	Z11111	156	5.0	90.0	8	1178.7705666005036	1178.9770066647534
1179.0308067281812	0.4964800611503506	trials	210414SL	p06	Z11111	67	6.0	180.0	4	1179.1808067281813	1179.3772867893315
1179.4310868527593	0.4964800611503506	trials	210414SL	p06	Z11111	96	5.0	270.0	4	1179.5810868527594	1179.7775669139096
1179.8313669773374	0.4964400611374913	trials	210414SL	p06	Z11111	129	8.0	0.0	8	1179.9813669773375	1180.1778070384748
1180.2516471081399	0.5064800642626324	trials	210414SL	p06	Z11111	344	13.0	270.0	12	1180.40164710814	1180.6081271724024
1187.466489353595	0.4964800611501232	trials	210414SL	p06	Z11111	85	9.0	225.0	4	1187.6164893535952	1187.812969414745
1187.8667694781732	0.4964800611503506	trials	210414SL	p06	Z11111	165	14.0	90.0	8	1188.0167694781733	1188.2132495393234
1188.2770496058636	0.4964800611501232	trials	210414SL	p06	Z11111	227	1.0	315.0	8	1188.4270496058637	1188.6235296670136
1188.6773297304417	0.49644006113771866	trials	210414SL	p06	Z11111	103	12.0	270.0	4	1188.8273297304418	1189.0237697915793
1189.0775698550074	0.4964800611501232	trials	210414SL	p06	Z11111	127	6.0	0.0	8	1189.2275698550075	1189.4240499161574
1189.4878499826975	0.5164800673749141	trials	210414SL	p06	Z11111	78	2.0	225.0	4	1189.6378499826976	1189.8543300500723
1189.9081701135126	0.49644006113771866	trials	210414SL	p06	Z11111	203	7.0	225.0	8	1190.0581701135127	1190.2546101746502
1194.1910514464616	0.5064400642500004	trials	210414SL	p06	Z11111	329	13.0	225.0	12	1194.3410514464617	1194.5474915107116
1194.6012915741396	0.4964800611501232	trials	210414SL	p06	Z11111	84	8.0	225.0	4	1194.7512915741397	1194.9477716352897
1195.01157170183	0.49648006114989585	trials	210414SL	p06	Z11111	277	6.0	90.0	12	1195.16157170183	1195.3580517629798
1195.411851826408	0.5064800642621776	trials	210414SL	p06	Z11111	61	0.0	180.0	4	1195.5618518264082	1195.7683318906702
1195.8221319540985	0.4964400611374913	trials	210414SL	p06	Z11111	135	14.0	0.0	8	1195.9721319540986	1196.168572015236
1196.2224120786764	0.49644006113771866	trials	210414SL	p06	Z11111	107	1.0	315.0	4	1196.3724120786765	1196.568852139814
1196.622652203242	0.5164800673746868	trials	210414SL	p06	Z11111	14	13.0	0.0	4	1196.7726522032422	1196.9891322706167
1201.015613570451	0.4964800611501232	trials	210414SL	p06	Z11111	41	10.0	90.0	4	1201.1656135704511	1201.362093631601
1201.4158936950291	0.506480064262405	trials	210414SL	p06	Z11111	207	11.0	225.0	8	1201.5658936950292	1201.7723737592914
1201.8261738227193	0.49644006113794603	trials	210414SL	p06	Z11111	339	8.0	270.0	12	1201.9761738227194	1202.1726138838571
1202.2264539472976	0.4964400611374913	trials	210414SL	p06	Z11111	343	12.0	270.0	12	1202.3764539472977	1202.572894008435
1202.626694071863	0.5164800673746868	trials	210414SL	p06	Z11111	288	2.0	135.0	12	1202.7766940718632	1202.9931741392377
1203.0469742026658	0.5064800642621776	trials	210414SL	p06	Z11111	296	10.0	135.0	12	1203.1969742026658	1203.4034542669278
1203.4572543303561	0.4964800611501232	trials	210414SL	p06	Z11111	320	4.0	225.0	12	1203.6072543303562	1203.8037343915062
1207.5100155916857	0.4964400611374913	trials	210414SL	p06	Z11111	306	5.0	180.0	12	1207.6600155916858	1207.8564556528231
1210.0917363951871	0.4964800611501232	trials	210414SL	p06	Z11111	35	4.0	90.0	4	1210.2417363951872	1210.4382164563372
1210.4920165197655	0.4964400611374913	trials	210414SL	p06	Z11111	348	2.0	315.0	12	1210.6420165197655	1210.8384565809029
1210.9022966474558	0.4964400611374913	trials	210414SL	p06	Z11111	10	9.0	0.0	4	1211.052296647456	1211.2487367085932
1211.302536772021	0.4964800611503506	trials	210414SL	p06	Z11111	154	3.0	90.0	8	1211.4525367720212	1211.6490168331713
1211.7028168965994	0.5064800642621776	trials	210414SL	p06	Z11111	233	7.0	315.0	8	1211.8528168965995	1212.0592969608615
1212.1130970242898	0.4964800611501232	trials	210414SL	p06	Z11111	199	3.0	225.0	8	1212.26309702429	1212.4595770854398
1212.5133771488677	0.49644006113771866	trials	210414SL	p06	Z11111	194	13.0	180.0	8	1212.6633771488678	1212.8598172100053
1216.7362184631309	0.5064400642497731	trials	210414SL	p06	Z11111	145	9.0	45.0	8	1216.886218463131	1217.0926585273805
1217.1564985939335	0.4964400611374913	trials	210414SL	p06	Z11111	140	4.0	45.0	8	1217.3064985939336	1217.502938655071
1217.5567787185114	0.49644006113771866	trials	210414SL	p06	Z11111	226	0.0	315.0	8	1217.7067787185115	1217.903218779649
1217.9670588462018	0.49644006113771866	trials	210414SL	p06	Z11111	68	7.0	180.0	4	1218.1170588462019	1218.3134989073394
1218.3672989707675	0.5164800673746868	trials	210414SL	p06	Z11111	289	3.0	135.0	12	1218.5172989707676	1218.733779038142
1218.78757910157	0.4964800611501232	trials	210414SL	p06	Z11111	92	1.0	270.0	4	1218.93757910157	1219.13405916272
1219.1978592292603	0.4964800611501232	trials	210414SL	p06	Z11111	336	5.0	270.0	12	1219.3478592292604	1219.5443392904103
1224.4013808487375	0.5064400642500004	trials	210414SL	p06	Z11111	209	13.0	225.0	8	1224.5513808487376	1224.7578209129874
1224.8116609764281	0.49644006113771866	trials	210414SL	p06	Z11111	119	13.0	315.0	4	1224.9616609764282	1225.1581010375658
1225.2119011009936	0.5064800642626324	trials	210414SL	p06	Z11111	270	14.0	45.0	12	1225.3619011009937	1225.5683811652561
1225.622181228684	0.4964800611501232	trials	210414SL	p06	Z11111	102	11.0	270.0	4	1225.772181228684	1225.968661289834
1226.0224613532619	0.4964800611503506	trials	210414SL	p06	Z11111	192	11.0	180.0	8	1226.172461353262	1226.3689414144121
1226.4227414778402	0.4964400611374913	trials	210414SL	p06	Z11111	71	10.0	180.0	4	1226.5727414778403	1226.7691815389776
1226.8330216055306	0.4964400611374913	trials	210414SL	p06	Z11111	315	14.0	180.0	12	1226.9830216055307	1227.179461666668
1230.7756628325876	0.506480064262405	trials	210414SL	p06	Z11111	0			0	1230.9256628325877	1231.13214289685
1231.185942960278	0.49644006113771866	trials	210414SL	p06	Z11111	52	6.0	135.0	4	1231.335942960278	1231.5323830214156
1231.5962230879682	0.5164800673746868	trials	210414SL	p06	Z11111	106	0.0	315.0	4	1231.7462230879682	1231.9627031553428
1232.016503218771	0.4964400611374913	trials	210414SL	p06	Z11111	75	14.0	180.0	4	1232.1665032187711	1232.3629432799084
1232.4267833464614	0.4964400611374913	trials	210414SL	p06	Z11111	91	0.0	270.0	4	1232.5767833464615	1232.7732234075988
1232.8270234710267	0.4964800611503506	trials	210414SL	p06	Z11111	26	10.0	45.0	4	1232.9770234710268	1233.173503532177
1233.227303595605	0.5064800642621776	trials	210414SL	p06	Z11111	222	11.0	270.0	8	1233.377303595605	1233.583783659867
1237.3801048880696	0.5064800642621776	trials	210414SL	p06	Z11111	19	3.0	45.0	4	1237.5301048880697	1237.7365849523317
1237.79038501576	0.4964800611501232	trials	210414SL	p06	Z11111	327	11.0	225.0	12	1237.94038501576	1238.13686507691
1238.1906651403378	0.5064400642500004	trials	210414SL	p06	Z11111	268	12.0	45.0	12	1238.340665140338	1238.5471052045878
1238.6009452680282	0.49644006113771866	trials	210414SL	p06	Z11111	273	2.0	90.0	12	1238.7509452680283	1238.9473853291659
1239.001185392594	0.4964800611501232	trials	210414SL	p06	Z11111	7	6.0	0.0	4	1239.151185392594	1239.347665453744
1239.4114655202843	0.4964800611501232	trials	210414SL	p06	Z11111	138	2.0	45.0	8	1239.5614655202844	1239.7579455814343
1239.8217456479747	0.5064800642621776	trials	210414SL	p06	Z11111	15	14.0	0.0	4	1239.9717456479748	1240.1782257122368
1244.134666990273	0.5064400642500004	trials	210414SL	p06	Z11111	322	6.0	225.0	12	1244.284666990273	1244.491107054523
1247.4969080366939	0.506480064262405	trials	210414SL	p06	Z11111	255	14.0	0.0	12	1247.646908036694	1247.8533881009562
1247.9171881674965	0.4964800611501232	trials	210414SL	p06	Z11111	317	1.0	225.0	12	1248.0671881674966	1248.2636682286466
1248.3174682920744	0.4964800611501232	trials	210414SL	p06	Z11111	166	0.0	135.0	8	1248.4674682920745	1248.6639483532244
1248.7177484166525	0.49644006113771866	trials	210414SL	p06	Z11111	155	4.0	90.0	8	1248.8677484166526	1249.0641884777901
1249.1179885412182	0.49648006114989585	trials	210414SL	p06	Z11111	159	8.0	90.0	8	1249.2679885412183	1249.464468602368
1249.528308668921	0.4964400611374913	trials	210414SL	p06	Z11111	125	4.0	0.0	8	1249.678308668921	1249.8747487300584
1249.9285487934867	0.5164800673744594	trials	210414SL	p06	Z11111	301	0.0	180.0	12	1250.0785487934868	1250.295028860861
1253.8511900143192	0.506480064262405	trials	210414SL	p06	Z11111	235	9.0	315.0	8	1254.0011900143193	1254.2076700785815
1254.2614701420093	0.5064800642626324	trials	210414SL	p06	Z11111	311	10.0	180.0	12	1254.4114701420094	1254.6179502062719
1254.6717502696997	0.4964800611501232	trials	210414SL	p06	Z11111	349	3.0	315.0	12	1254.8217502696998	1255.0182303308497
1255.0720303942778	0.49644006113771866	trials	210414SL	p06	Z11111	63	2.0	180.0	4	1255.222030394278	1255.4184704554154
1255.4823105219682	0.49644006113771866	trials	210414SL	p06	Z11111	130	9.0	0.0	8	1255.6323105219683	1255.8287505831058
1255.8825506465337	0.5164800673746868	trials	210414SL	p06	Z11111	246	5.0	0.0	12	1256.0325506465338	1256.2490307139083
1256.3028307773366	0.5064800642621776	trials	210414SL	p06	Z11111	46	0.0	135.0	4	1256.4528307773367	1256.6593108415987
1260.9960322379884	0.5064400642500004	trials	210414SL	p06	Z11111	40	9.0	90.0	4	1261.1460322379885	1261.3524723022383
1261.4062723656662	0.4964800611501232	trials	210414SL	p06	Z11111	254	13.0	0.0	12	1261.5562723656662	1261.7527524268162
1261.8165524933565	0.4964800611501232	trials	210414SL	p06	Z11111	326	10.0	225.0	12	1261.9665524933566	1262.1630325545066
1262.2168326179346	0.49644006113771866	trials	210414SL	p06	Z11111	279	8.0	90.0	12	1262.3668326179347	1262.5632726790723
1262.6171127425127	0.5164800673746868	trials	210414SL	p06	Z11111	27	11.0	45.0	4	1262.7671127425128	1262.9835928098873
1263.0373928733152	0.5064400642500004	trials	210414SL	p06	Z11111	250	9.0	0.0	12	1263.1873928733153	1263.393832937565
1263.4476730010056	0.49644006113771866	trials	210414SL	p06	Z11111	124	3.0	0.0	8	1263.5976730010057	1263.7941130621432
1267.3702742218256	0.4964800611501232	trials	210414SL	p06	Z11111	4	3.0	0.0	4	1267.5202742218257	1267.7167542829757
1267.7805943495287	0.4964400611374913	trials	210414SL	p06	Z11111	115	9.0	315.0	4	1267.9305943495287	1268.127034410666
1268.1808344740941	0.4964800611503506	trials	210414SL	p06	Z11111	146	10.0	45.0	8	1268.3308344740942	1268.5273145352444
1268.5911146017845	0.4964800611501232	trials	210414SL	p06	Z11111	294	8.0	135.0	12	1268.7411146017846	1268.9375946629345
1268.9913947263626	0.4964400611374913	trials	210414SL	p06	Z11111	305	4.0	180.0	12	1269.1413947263627	1269.3378347875
1269.3916748509405	0.5164800673746868	trials	210414SL	p06	Z11111	333	2.0	270.0	12	1269.5416748509406	1269.758154918315
1269.8119549817432	0.5064400642500004	trials	210414SL	p06	Z11111	128	7.0	0.0	8	1269.9619549817432	1270.168395045993
1273.7245961994636	0.5264800704869685	trials	210414SL	p06	Z11111	20	4.0	45.0	4	1273.8745961994637	1274.1010762699505
1274.1548763333785	0.4964400611374913	trials	210414SL	p06	Z11111	353	7.0	315.0	12	1274.3048763333786	1274.501316394516
1274.5551564579564	0.49644006113794603	trials	210414SL	p06	Z11111	204	8.0	225.0	8	1274.7051564579565	1274.9015965190943
1274.9654365856468	0.5164400673620548	trials	210414SL	p06	Z11111	229	3.0	315.0	8	1275.1154365856469	1275.3318766530087
1275.385676716437	0.5064800642621776	trials	210414SL	p06	Z11111	22	6.0	45.0	4	1275.5356767164371	1275.7421567806991
1275.7959568441274	0.4964800611501232	trials	210414SL	p06	Z11111	335	4.0	270.0	12	1275.9459568441275	1276.1424369052775
1276.1962369687053	0.4964800611501232	trials	210414SL	p06	Z11111	297	11.0	135.0	12	1276.3462369687054	1276.5427170298553
1279.9887981490535	0.506480064262405	trials	210414SL	p06	Z11111	314	13.0	180.0	12	1280.1387981490536	1280.3452782133159
1280.4090782798562	0.4964800611501232	trials	210414SL	p06	Z11111	116	10.0	315.0	4	1280.5590782798563	1280.7555583410062
1280.809358404434	0.49644006113794603	trials	210414SL	p06	Z11111	187	6.0	180.0	8	1280.9593584044342	1281.155798465572
1281.2096385290124	0.5064400642497731	trials	210414SL	p06	Z11111	153	2.0	90.0	8	1281.3596385290125	1281.566078593262
1281.6198786566902	0.4964800611501232	trials	210414SL	p06	Z11111	45	14.0	90.0	4	1281.7698786566903	1281.9663587178402
1282.0401987875052	0.4964400611374913	trials	210414SL	p06	Z11111	219	8.0	270.0	8	1282.1901987875053	1282.3866388486426
1282.450438915183	0.4964800611501232	trials	210414SL	p06	Z11111	189	8.0	180.0	8	1282.600438915183	1282.796918976333
1286.6232802138848	0.5064400642500004	trials	210414SL	p06	Z11111	66	5.0	180.0	4	1286.7732802138848	1286.9797202781347
1287.0335603415751	0.4964400611374913	trials	210414SL	p06	Z11111	81	5.0	225.0	4	1287.1835603415752	1287.3800004027125
1287.4338004661408	0.49648006114989585	trials	210414SL	p06	Z11111	266	10.0	45.0	12	1287.583800466141	1287.7802805272906
1287.8440805938312	0.49648006114989585	trials	210414SL	p06	Z11111	198	2.0	225.0	8	1287.9940805938313	1288.190560654981
1288.2643607246337	0.4964800611501232	trials	210414SL	p06	Z11111	21	5.0	45.0	4	1288.4143607246338	1288.6108407857837
1288.674640852324	0.4964800611501232	trials	210414SL	p06	Z11111	55	9.0	135.0	4	1288.8246408523241	1289.021120913474
1289.074920976902	0.49644006113794603	trials	210414SL	p06	Z11111	214	3.0	270.0	8	1289.224920976902	1289.4213610380398
1292.97756219151	0.5064400642500004	trials	210414SL	p06	Z11111	304	3.0	180.0	12	1293.1275621915102	1293.33400225576
1293.3878023191878	0.4964800611503506	trials	210414SL	p06	Z11111	80	4.0	225.0	4	1293.537802319188	1293.734282380338
1293.7880824437661	0.4964800611501232	trials	210414SL	p06	Z11111	69	8.0	180.0	4	1293.9380824437662	1294.1345625049162
1294.1983625714563	0.4964800611503506	trials	210414SL	p06	Z11111	131	10.0	0.0	8	1294.3483625714564	1294.5448426326066
1294.618642702259	0.5064800642621776	trials	210414SL	p06	Z11111	230	4.0	315.0	8	1294.768642702259	1294.975122766521
1295.0289228299494	0.4964400611374913	trials	210414SL	p06	Z11111	217	6.0	270.0	8	1295.1789228299494	1295.3753628910868
1295.4292029545272	0.49644006113771866	trials	210414SL	p06	Z11111	350	4.0	315.0	12	1295.5792029545273	1295.7756430156649
1299.5419642345305	0.506480064262405	trials	210414SL	p06	Z11111	94	3.0	270.0	4	1299.6919642345306	1299.8984442987928
1299.9522443622209	0.5064800642621776	trials	210414SL	p06	Z11111	347	1.0	315.0	12	1300.102244362221	1300.308724426483
1300.3625244899113	0.4964400611374913	trials	210414SL	p06	Z11111	211	0.0	270.0	8	1300.5125244899114	1300.7089645510487
1300.762764614477	0.49648006114989585	trials	210414SL	p06	Z11111	161	10.0	90.0	8	1300.912764614477	1301.1092446756268
1301.1730447421671	0.49648006114989585	trials	210414SL	p06	Z11111	346	0.0	315.0	12	1301.3230447421672	1301.519524803317
1301.5733248667452	0.5164800673746868	trials	210414SL	p06	Z11111	200	4.0	225.0	8	1301.7233248667453	1301.9398049341198
1301.9936049975477	0.5064800642626324	trials	210414SL	p06	Z11111	77	1.0	225.0	4	1302.1436049975478	1302.3500850618102
1305.8762062059188	0.506480064262405	trials	210414SL	p06	Z11111	136	0.0	45.0	8	1306.026206205919	1306.2326862701811
1306.296526336734	0.49644006113771866	trials	210414SL	p06	Z11111	221	10.0	270.0	8	1306.446526336734	1306.6429663978715
1306.6967664612994	0.5064800642626324	trials	210414SL	p06	Z11111	241	0.0	0.0	12	1306.8467664612995	1307.053246525562
1307.1070465889898	0.5164800673746868	trials	210414SL	p06	Z11111	87	11.0	225.0	4	1307.2570465889899	1307.4735266563644
1307.5273267197924	0.506480064262405	trials	210414SL	p06	Z11111	177	11.0	135.0	8	1307.6773267197925	1307.8838067840547
1307.9376068474826	0.4964800611503506	trials	210414SL	p06	Z11111	72	11.0	180.0	4	1308.0876068474827	1308.2840869086328
1308.337886972061	0.4964400611374913	trials	210414SL	p06	Z11111	334	3.0	270.0	12	1308.487886972061	1308.6843270331983
1312.3806082302658	0.4964400611374913	trials	210414SL	p06	Z11111	118	12.0	315.0	4	1312.530608230266	1312.7270482914032
1312.790888357956	0.5164800673746868	trials	210414SL	p06	Z11111	259	3.0	45.0	12	1312.940888357956	1313.1573684253306
1313.2111684887586	0.5064800642621776	trials	210414SL	p06	Z11111	59	13.0	135.0	4	1313.3611684887587	1313.5676485530207
1313.621448616449	0.5064400642500004	trials	210414SL	p06	Z11111	82	6.0	225.0	4	1313.771448616449	1313.977888680699
1314.0317287441394	0.4964400611374913	trials	210414SL	p06	Z11111	287	1.0	135.0	12	1314.1817287441395	1314.3781688052768
1314.4320088687173	0.49644006113771866	trials	210414SL	p06	Z11111	325	9.0	225.0	12	1314.5820088687174	1314.778448929855
1314.832248993283	0.5164800673746868	trials	210414SL	p06	Z11111	2	1.0	0.0	4	1314.982248993283	1315.1987290606576
1318.6948501954294	0.5064800642626324	trials	210414SL	p06	Z11111	337	6.0	270.0	12	1318.8448501954294	1319.051330259692
1319.1051303231197	0.4964800611501232	trials	210414SL	p06	Z11111	62	1.0	180.0	4	1319.2551303231198	1319.4516103842698
1319.5154104508101	0.49644006113771866	trials	210414SL	p06	Z11111	97	6.0	270.0	4	1319.6654104508102	1319.8618505119478
1319.9156905753882	0.49644006113771866	trials	210414SL	p06	Z11111	275	4.0	90.0	12	1320.0656905753883	1320.2621306365259
1320.3159306999537	0.4964800611501232	trials	210414SL	p06	Z11111	32	1.0	90.0	4	1320.4659306999538	1320.6624107611037
1320.726210827644	0.5164800673746868	trials	210414SL	p06	Z11111	29	13.0	45.0	4	1320.8762108276442	1321.0926908950187
1321.1464909584465	0.4964800611503506	trials	210414SL	p06	Z11111	271	0.0	90.0	12	1321.2964909584466	1321.4929710195968
1325.0391321699426	0.4964400611374913	trials	210414SL	p06	Z11111	185	4.0	180.0	8	1325.1891321699427	1325.38557223108
1325.4494122976328	0.49644006113771866	trials	210414SL	p06	Z11111	164	13.0	90.0	8	1325.5994122976329	1325.7958523587704
1325.8496524221985	0.49648006114989585	trials	210414SL	p06	Z11111	31	0.0	90.0	4	1325.9996524221986	1326.1961324833483
1326.2499325467766	0.5064800642621776	trials	210414SL	p06	Z11111	223	12.0	270.0	8	1326.3999325467767	1326.6064126110386
1326.660212674467	0.5164800673744594	trials	210414SL	p06	Z11111	284	13.0	90.0	12	1326.810212674467	1327.0266927418413
1327.0804928052694	0.4964800611501232	trials	210414SL	p06	Z11111	109	3.0	315.0	4	1327.2304928052695	1327.4269728664194
1327.4807729298475	0.506480064262405	trials	210414SL	p06	Z11111	11	10.0	0.0	4	1327.6307729298476	1327.8372529941098
1331.3033341195323	0.5064800642626324	trials	210414SL	p06	Z11111	359	13.0	315.0	12	1331.4533341195324	1331.6598141837949
1331.7236142503352	0.49648006114989585	trials	210414SL	p06	Z11111	0			0	1331.8736142503353	1332.070094311485
1332.123894374913	0.4964800611501232	trials	210414SL	p06	Z11111	232	6.0	315.0	8	1332.2738943749132	1332.4703744360631
1332.5241744994912	0.49644006113771866	trials	210414SL	p06	Z11111	163	12.0	90.0	8	1332.6741744994913	1332.8706145606288
1332.9344546271814	0.5164800673746868	trials	210414SL	p06	Z11111	261	5.0	45.0	12	1333.0844546271815	1333.300934694556
1333.3547347579843	0.4964400611374913	trials	210414SL	p06	Z11111	248	7.0	0.0	12	1333.5047347579844	1333.7011748191217
1333.7650148856744	0.49644006113771866	trials	210414SL	p06	Z11111	150	14.0	45.0	8	1333.9150148856745	1334.111454946812
1337.9978562030497	0.49644006113794603	trials	210414SL	p06	Z11111	174	8.0	135.0	8	1338.1478562030497	1338.3442962641875
1338.40813633074	0.49644006113771866	trials	210414SL	p06	Z11111	215	4.0	270.0	8	1338.5581363307401	1338.7545763918777
1338.8184164584304	0.49644006113771866	trials	210414SL	p06	Z11111	282	11.0	90.0	12	1338.9684164584305	1339.164856519568
1339.2186565829961	0.4964800611501232	trials	210414SL	p06	Z11111	313	12.0	180.0	12	1339.3686565829962	1339.5651366441462
1339.618936707574	0.4964800611501232	trials	210414SL	p06	Z11111	38	7.0	90.0	4	1339.768936707574	1339.965416768724
1340.039216838377	0.5064800642621776	trials	210414SL	p06	Z11111	173	7.0	135.0	8	1340.189216838377	1340.395696902639
1340.449496966067	0.4964800611501232	trials	210414SL	p06	Z11111	300	14.0	135.0	12	1340.5994969660671	1340.795977027217
1344.6322982678685	0.506480064262405	trials	210414SL	p06	Z11111	134	13.0	0.0	8	1344.7822982678686	1344.9887783321308
1345.0425783955588	0.4964800611501232	trials	210414SL	p06	Z11111	132	11.0	0.0	8	1345.192578395559	1345.3890584567089
1345.4528585232492	0.4964800611501232	trials	210414SL	p06	Z11111	50	4.0	135.0	4	1345.6028585232493	1345.7993385843993
1345.853138647827	0.4964800611503506	trials	210414SL	p06	Z11111	354	8.0	315.0	12	1346.0031386478272	1346.1996187089774
1346.2634187755175	0.49644006113771866	trials	210414SL	p06	Z11111	318	2.0	225.0	12	1346.4134187755176	1346.6098588366551
1346.6636989000956	0.5164800673749141	trials	210414SL	p06	Z11111	191	10.0	180.0	8	1346.8136989000957	1347.0301789674704
1347.0839790308983	0.4964400611374913	trials	210414SL	p06	Z11111	98	7.0	270.0	4	1347.2339790308984	1347.4304190920357
1350.9465802330446	0.5064400642500004	trials	210414SL	p06	Z11111	308	7.0	180.0	12	1351.0965802330447	1351.3030202972946
1351.356860360735	0.49644006113771866	trials	210414SL	p06	Z11111	117	11.0	315.0	4	1351.5068603607351	1351.7033004218727
1351.7571004853007	0.4964800611501232	trials	210414SL	p06	Z11111	25	9.0	45.0	4	1351.9071004853008	1352.1035805464508
1352.167380612991	0.4964800611501232	trials	210414SL	p06	Z11111	122	1.0	0.0	8	1352.3173806129912	1352.5138606741411
1352.567660737569	0.4964800611503506	trials	210414SL	p06	Z11111	121	0.0	0.0	8	1352.717660737569	1352.9141407987192
1352.9879408683719	0.49648006114989585	trials	210414SL	p06	Z11111	310	9.0	180.0	12	1353.137940868372	1353.3344209295217
1353.3882209929498	0.506480064262405	trials	210414SL	p06	Z11111	236	10.0	315.0	8	1353.5382209929498	1353.744701057212
1357.3108622137825	0.506480064262405	trials	210414SL	p06	Z11111	9	8.0	0.0	4	1357.4608622137825	1357.6673422780448
1357.7211423414728	0.5064400642497731	trials	210414SL	p06	Z11111	133	12.0	0.0	8	1357.871142341473	1358.0775824057225
1358.131422469163	0.49644006113771866	trials	210414SL	p06	Z11111	303	2.0	180.0	12	1358.281422469163	1358.4778625303006
1358.5417025968534	0.5064400642497731	trials	210414SL	p06	Z11111	141	5.0	45.0	8	1358.6917025968535	1358.898142661103
1358.961982727656	0.4964400611374913	trials	210414SL	p06	Z11111	257	1.0	45.0	12	1359.1119827276561	1359.3084227887935
1359.3622228522217	0.5064800642621776	trials	210414SL	p06	Z11111	316	0.0	225.0	12	1359.5122228522218	1359.7187029164838
1359.772502979912	0.4964800611503506	trials	210414SL	p06	Z11111	143	7.0	45.0	8	1359.922502979912	1360.1189830410622
1364.1554643440086	0.5064800642626324	trials	210414SL	p06	Z11111	54	8.0	135.0	4	1364.3054643440087	1364.5119444082711
1364.565744471699	0.49644006113771866	trials	210414SL	p06	Z11111	176	10.0	135.0	8	1364.715744471699	1364.9121845328366
1364.966024596277	0.5064400642500004	trials	210414SL	p06	Z11111	265	9.0	45.0	12	1365.1160245962772	1365.322464660527
1365.396304730192	0.49644006113771866	trials	210414SL	p06	Z11111	49	3.0	135.0	4	1365.546304730192	1365.7427447913296
1365.7965848547701	0.5064400642500004	trials	210414SL	p06	Z11111	180	14.0	135.0	8	1365.9465848547702	1366.15302491902
1366.2068249824479	0.4964800611501232	trials	210414SL	p06	Z11111	323	7.0	225.0	12	1366.356824982448	1366.553305043598
1366.607105107026	0.506480064262405	trials	210414SL	p06	Z11111	108	2.0	315.0	4	1366.757105107026	1366.9635851712883
1370.709866383917	0.5064800642621776	trials	210414SL	p06	Z11111	357	11.0	315.0	12	1370.859866383917	1371.066346448179
1371.1201465116073	0.5064800642621776	trials	210414SL	p06	Z11111	253	12.0	0.0	12	1371.2701465116074	1371.4766265758694
1371.5304266392975	0.4964800611501232	trials	210414SL	p06	Z11111	65	4.0	180.0	4	1371.6804266392976	1371.8769067004475
1371.9307067638756	0.4964400611374913	trials	210414SL	p06	Z11111	6	5.0	0.0	4	1372.0807067638757	1372.277146825013
1372.3309868884535	0.49644006113794603	trials	210414SL	p06	Z11111	144	8.0	45.0	8	1372.4809868884536	1372.6774269495913
1372.7312270130192	0.506480064262405	trials	210414SL	p06	Z11111	93	2.0	270.0	4	1372.8812270130193	1373.0877070772815
1373.1515071438218	0.506480064262405	trials	210414SL	p06	Z11111	43	12.0	90.0	4	1373.301507143822	1373.5079872080842
1377.604508529717	0.5064800642626324	trials	210414SL	p06	Z11111	328	12.0	225.0	12	1377.754508529717	1377.9609885939794
1378.0147886574073	0.4964800611501232	trials	210414SL	p06	Z11111	37	6.0	90.0	4	1378.1647886574074	1378.3612687185573
1378.4150687819852	0.49644006113794603	trials	210414SL	p06	Z11111	39	8.0	90.0	4	1378.5650687819852	1378.761508843123
1378.8253489096755	0.49644006113771866	trials	210414SL	p06	Z11111	12	11.0	0.0	4	1378.9753489096756	1379.1717889708132
1379.2256290342539	0.5164400673620548	trials	210414SL	p06	Z11111	243	2.0	0.0	12	1379.375629034254	1379.5920691016158
1379.6459091650563	0.5064400642500004	trials	210414SL	p06	Z11111	24	8.0	45.0	4	1379.7959091650564	1380.0023492293062
1380.0561892927467	0.49644006113771866	trials	210414SL	p06	Z11111	51	5.0	135.0	4	1380.2061892927468	1380.4026293538843
1385.6299110274404	0.4964800611501232	trials	210414SL	p06	Z11111	86	10.0	225.0	4	1385.7799110274404	1385.9763910885904
1386.0301911520185	0.506480064262405	trials	210414SL	p06	Z11111	30	14.0	45.0	4	1386.1801911520186	1386.3866712162808
1386.4404712797088	0.506480064262405	trials	210414SL	p06	Z11111	181	0.0	180.0	8	1386.590471279709	1386.7969513439712
1386.8507514073992	0.49644006113771866	trials	210414SL	p06	Z11111	330	14.0	225.0	12	1387.0007514073993	1387.1971914685369
1387.2509915319647	0.4964800611501232	trials	210414SL	p06	Z11111	239	13.0	315.0	8	1387.4009915319648	1387.5974715931147
1387.6713116627798	0.5064400642500004	trials	210414SL	p06	Z11111	171	5.0	135.0	8	1387.8213116627799	1388.0277517270297
1388.0815917904702	0.49644006113771866	trials	210414SL	p06	Z11111	83	7.0	225.0	4	1388.2315917904702	1388.4280318516078
1391.9141529832673	0.5064800642626324	trials	210414SL	p06	Z11111	302	1.0	180.0	12	1392.0641529832674	1392.2706330475298
1392.3244331109577	0.49644006113771866	trials	210414SL	p06	Z11111	36	5.0	90.0	4	1392.4744331109578	1392.6708731720953
1392.734713238648	0.4964400611374913	trials	210414SL	p06	Z11111	224	13.0	270.0	8	1392.8847132386481	1393.0811532997855
1393.1349533632138	0.4964800611501232	trials	210414SL	p06	Z11111	244	3.0	0.0	12	1393.2849533632138	1393.4814334243638
1393.5352334877916	0.4964800611501232	trials	210414SL	p06	Z11111	356	10.0	315.0	12	1393.6852334877917	1393.8817135489417
1393.9355136123697	0.506480064262405	trials	210414SL	p06	Z11111	175	9.0	135.0	8	1394.0855136123698	1394.291993676632
1394.3457937400603	0.4964400611374913	trials	210414SL	p06	Z11111	17	1.0	45.0	4	1394.4957937400604	1394.6922338011977
1398.4885950294124	0.5064400642500004	trials	210414SL	p06	Z11111	57	11.0	135.0	4	1398.6385950294125	1398.8450350936623
1398.8988351570906	0.5064800642621776	trials	210414SL	p06	Z11111	101	10.0	270.0	4	1399.0488351570907	1399.2553152213527
1399.3091152847808	0.5164800673746868	trials	210414SL	p06	Z11111	71	10.0	180.0	4	1399.4591152847809	1399.6755953521554
1399.7293954155834	0.5064800642621776	trials	210414SL	p06	Z11111	252	11.0	0.0	12	1399.8793954155835	1400.0858754798455
1400.1396755432738	0.4964800611501232	trials	210414SL	p06	Z11111	0			0	1400.289675543274	1400.4861556044239
1400.5399556678517	0.506480064262405	trials	210414SL	p06	Z11111	146	10.0	45.0	8	1400.6899556678518	1400.896435732114
1400.950235795542	0.4964800611501232	trials	210414SL	p06	Z11111	0			0	1401.1002357955422	1401.2967158566921
1405.9235973433874	0.5064400642500004	trials	210414SL	p06	Z11111	57	11.0	135.0	4	1406.0735973433875	1406.2800374076373
1406.3338774710778	0.5064400642500004	trials	210414SL	p06	Z11111	306	5.0	180.0	12	1406.483877471078	1406.6903175353277
1406.7441175987556	0.5064800642626324	trials	210414SL	p06	Z11111	230	4.0	315.0	8	1406.8941175987557	1407.100597663018
1407.154397726446	0.4964800611501232	trials	210414SL	p06	Z11111	199	3.0	225.0	8	1407.304397726446	1407.500877787596
1407.554677851024	0.4964800611501232	trials	210414SL	p06	Z11111	92	1.0	270.0	4	1407.7046778510241	1407.901157912174
1407.9549579756022	0.5164800673746868	trials	210414SL	p06	Z11111	296	10.0	135.0	12	1408.1049579756022	1408.3214380429768
1408.385238109517	0.4964800611501232	trials	210414SL	p06	Z11111	253	12.0	0.0	12	1408.5352381095172	1408.7317181706671
1417.1511608377104	0.5064400642500004	trials	210414SL	p06	Z11111	328	12.0	225.0	12	1417.3011608377105	1417.5076009019604
1417.5614409654008	0.5064400642500004	trials	210414SL	p06	Z11111	359	13.0	315.0	12	1417.711440965401	1417.9178810296507
1417.9716810930786	0.4964800611501232	trials	210414SL	p06	Z11111	250	9.0	0.0	12	1418.1216810930787	1418.3181611542286
1418.371961217657	0.4964800611501232	trials	210414SL	p06	Z11111	213	2.0	270.0	8	1418.521961217657	1418.718441278807
1418.7722413422348	0.5064800642626324	trials	210414SL	p06	Z11111	20	4.0	45.0	4	1418.9222413422349	1419.1287214064973
1419.1825214699252	0.4964400611374913	trials	210414SL	p06	Z11111	205	9.0	225.0	8	1419.3325214699253	1419.5289615310626
1419.6028016007276	0.49644006113794603	trials	210414SL	p06	Z11111	171	5.0	135.0	8	1419.7528016007277	1419.9492416618655
1423.455402799762	0.5064400642500004	trials	210414SL	p06	Z11111	240	14.0	315.0	8	1423.605402799762	1423.8118428640119
1423.8656829274523	0.5064400642500004	trials	210414SL	p06	Z11111	4	3.0	0.0	4	1424.0156829274524	1424.2221229917022
1424.2759230551303	0.49648006114989585	trials	210414SL	p06	Z11111	355	9.0	315.0	12	1424.4259230551304	1424.62240311628
1424.6762031797084	0.4964800611501232	trials	210414SL	p06	Z11111	9	8.0	0.0	4	1424.8262031797085	1425.0226832408584
1425.0864833073988	0.49648006114989585	trials	210414SL	p06	Z11111	87	11.0	225.0	4	1425.2364833073989	1425.4329633685486
1425.4867634319767	0.49644006113771866	trials	210414SL	p06	Z11111	331	0.0	270.0	12	1425.6367634319768	1425.8332034931143
1425.8870035565424	0.5164800673746868	trials	210414SL	p06	Z11111	279	8.0	90.0	12	1426.0370035565425	1426.253483623917
1430.1899248957284	0.49644006113794603	trials	210414SL	p06	Z11111	152	1.0	90.0	8	1430.3399248957285	1430.5363649568662
1430.6002050234188	0.49644006113771866	trials	210414SL	p06	Z11111	270	14.0	45.0	12	1430.7502050234189	1430.9466450845564
1431.0004451479845	0.4964800611501232	trials	210414SL	p06	Z11111	76	0.0	225.0	4	1431.1504451479846	1431.3469252091345
1431.4007252725623	0.5064800642626324	trials	210414SL	p06	Z11111	68	7.0	180.0	4	1431.5507252725624	1431.7572053368249
1431.8110054002527	0.506480064262405	trials	210414SL	p06	Z11111	31	0.0	90.0	4	1431.9610054002528	1432.167485464515
1432.2312855310554	0.4964800611501232	trials	210414SL	p06	Z11111	275	4.0	90.0	12	1432.3812855310555	1432.5777655922054
1432.6315656556335	0.4964800611501232	trials	210414SL	p06	Z11111	29	13.0	45.0	4	1432.7815656556336	1432.9780457167835
1436.5442068733537	0.506480064262405	trials	210414SL	p06	Z11111	220	9.0	270.0	8	1436.6942068733538	1436.900686937616
1436.954487001044	0.49644006113771866	trials	210414SL	p06	Z11111	321	5.0	225.0	12	1437.1044870010442	1437.3009270621817
1437.3547671256222	0.49644006113771866	trials	210414SL	p06	Z11111	128	7.0	0.0	8	1437.5047671256223	1437.7012071867598
1437.7550072501876	0.5064800642626324	trials	210414SL	p06	Z11111	232	6.0	315.0	8	1437.9050072501877	1438.1114873144502
1438.1853273841152	0.4964400611374913	trials	210414SL	p06	Z11111	342	11.0	270.0	12	1438.3353273841153	1438.5317674452526
1438.595567511793	0.4964800611501232	trials	210414SL	p06	Z11111	25	9.0	45.0	4	1438.745567511793	1438.942047572943
1438.995847636371	0.49648006114989585	trials	210414SL	p06	Z11111	34	3.0	90.0	4	1439.1458476363712	1439.342327697521
1442.8784888447547	0.49644006113771866	trials	210414SL	p06	Z11111	352	6.0	315.0	12	1443.0284888447547	1443.2249289058923
1443.2887289724324	0.4964800611503506	trials	210414SL	p06	Z11111	193	12.0	180.0	8	1443.4387289724325	1443.6352090335827
1443.6890090970105	0.506480064262405	trials	210414SL	p06	Z11111	338	7.0	270.0	12	1443.8390090970106	1444.0454891612728
1444.099289224701	0.4964400611374913	trials	210414SL	p06	Z11111	130	9.0	0.0	8	1444.249289224701	1444.4457292858383
1444.499569349279	0.5164800673744594	trials	210414SL	p06	Z11111	176	10.0	135.0	8	1444.649569349279	1444.8660494166534
1444.9198494800817	0.5064400642497731	trials	210414SL	p06	Z11111	79	3.0	225.0	4	1445.0698494800818	1445.2762895443313
1445.330129607772	0.4964400611374913	trials	210414SL	p06	Z11111	84	8.0	225.0	4	1445.4801296077721	1445.6765696689095
1449.1426907943446	0.4964400611374913	trials	210414SL	p06	Z11111	141	5.0	45.0	8	1449.2926907943447	1449.489130855482
1449.5429709189225	0.5064400642500004	trials	210414SL	p06	Z11111	8	7.0	0.0	4	1449.6929709189226	1449.8994109831724
1449.9532510466129	0.49644006113771866	trials	210414SL	p06	Z11111	155	4.0	90.0	8	1450.103251046613	1450.2996911077505
1450.3534911711786	0.4964800611501232	trials	210414SL	p06	Z11111	44	13.0	90.0	4	1450.5034911711787	1450.6999712323286
1450.773771301981	0.5064800642626324	trials	210414SL	p06	Z11111	3	2.0	0.0	4	1450.923771301981	1451.1302513662436
1451.1840514296714	0.4964800611501232	trials	210414SL	p06	Z11111	70	9.0	180.0	4	1451.3340514296715	1451.5305314908214
1451.5843315542497	0.4964400611374913	trials	210414SL	p06	Z11111	245	4.0	0.0	12	1451.7343315542498	1451.9307716153871
1455.4369327532836	0.5064400642500004	trials	210414SL	p06	Z11111	356	10.0	315.0	12	1455.5869327532837	1455.7933728175335
1455.847212880974	0.49644006113771866	trials	210414SL	p06	Z11111	211	0.0	270.0	8	1455.997212880974	1456.1936529421116
1456.2474530055397	0.506480064262405	trials	210414SL	p06	Z11111	102	11.0	270.0	4	1456.3974530055398	1456.603933069802
1456.65773313323	0.4964800611501232	trials	210414SL	p06	Z11111	347	1.0	315.0	12	1456.8077331332302	1457.00421319438
1457.058013257808	0.5164800673749141	trials	210414SL	p06	Z11111	289	3.0	135.0	12	1457.208013257808	1457.4244933251828
1460.2601742544077	0.506480064262405	trials	210414SL	p06	Z11111	48	2.0	135.0	4	1460.4101742544078	1460.61665431867
1462.9519750921693	0.4964800611503506	trials	210414SL	p06	Z11111	38	7.0	90.0	4	1463.1019750921694	1463.2984551533195
1463.3622552198597	0.4964800611501232	trials	210414SL	p06	Z11111	212	1.0	270.0	8	1463.5122552198598	1463.7087352810097
1463.7625353444378	0.4964400611374913	trials	210414SL	p06	Z11111	59	13.0	135.0	4	1463.9125353444379	1464.1089754055752
1464.1728154721281	0.4964400611374913	trials	210414SL	p06	Z11111	274	3.0	90.0	12	1464.3228154721282	1464.5192555332656
1464.5930956029306	0.49644006113771866	trials	210414SL	p06	Z11111	288	2.0	135.0	12	1464.7430956029307	1464.9395356640682
1465.003375730621	0.4964400611374913	trials	210414SL	p06	Z11111	33	2.0	90.0	4	1465.153375730621	1465.3498157917584
1465.4036158551867	0.4964800611501232	trials	210414SL	p06	Z11111	353	7.0	315.0	12	1465.5536158551868	1465.7500959163367
1470.5670974622026	0.5064800642621776	trials	210414SL	p06	Z11111	303	2.0	180.0	12	1470.7170974622027	1470.9235775264647
1470.987377593005	0.4964800611501232	trials	210414SL	p06	Z11111	151	0.0	90.0	8	1471.137377593005	1471.333857654155
1471.3876577175831	0.49644006113771866	trials	210414SL	p06	Z11111	149	13.0	45.0	8	1471.5376577175832	1471.7340977787208
1471.7879378421612	0.4964400611374913	trials	210414SL	p06	Z11111	332	1.0	270.0	12	1471.9379378421613	1472.1343779032986
1472.188177966727	0.5064800642621776	trials	210414SL	p06	Z11111	214	3.0	270.0	8	1472.338177966727	1472.544658030989
1472.5984980944295	0.49644006113794603	trials	210414SL	p06	Z11111	223	12.0	270.0	8	1472.7484980944296	1472.9449381555673
1472.9987382189952	0.5164800673746868	trials	210414SL	p06	Z11111	257	1.0	45.0	12	1473.1487382189953	1473.3652182863698
1476.9113794367156	0.506480064262405	trials	210414SL	p06	Z11111	40	9.0	90.0	4	1477.0613794367157	1477.267859500978
1477.3216595644058	0.49644006113794603	trials	210414SL	p06	Z11111	89	13.0	225.0	4	1477.4716595644059	1477.6680996255436
1477.7319396920961	0.49644006113771866	trials	210414SL	p06	Z11111	86	10.0	225.0	4	1477.8819396920962	1478.0783797532338
1478.1322198166743	0.49644006113771866	trials	210414SL	p06	Z11111	158	7.0	90.0	8	1478.2822198166743	1478.4786598778119
1478.552499947477	0.4964400611374913	trials	210414SL	p06	Z11111	191	10.0	180.0	8	1478.702499947477	1478.8989400086143
1478.9627400751547	0.4964800611501232	trials	210414SL	p06	Z11111	132	11.0	0.0	8	1479.1127400751548	1479.3092201363047
1479.373020202845	0.4964800611501232	trials	210414SL	p06	Z11111	104	13.0	270.0	4	1479.5230202028451	1479.719500263995
1483.936101623	0.4964800611501232	trials	210414SL	p06	Z11111	324	8.0	225.0	12	1484.086101623	1484.28258168415
1484.3463817506904	0.4964800611501232	trials	210414SL	p06	Z11111	315	14.0	180.0	12	1484.4963817506905	1484.6928618118404
1484.7566618783808	0.4964400611374913	trials	210414SL	p06	Z11111	122	1.0	0.0	8	1484.9066618783809	1485.1031019395182
1485.1569420029587	0.49644006113794603	trials	210414SL	p06	Z11111	351	5.0	315.0	12	1485.3069420029587	1485.5033820640965
1485.5571821275244	0.5164800673746868	trials	210414SL	p06	Z11111	235	9.0	315.0	8	1485.7071821275244	1485.923662194899
1485.9775022583394	0.5064400642500004	trials	210414SL	p06	Z11111	281	10.0	90.0	12	1486.1275022583395	1486.3339423225893
1486.3877823860298	0.4964400611374913	trials	210414SL	p06	Z11111	307	6.0	180.0	12	1486.53778238603	1486.7342224471672
1496.364465491045	0.4964800611501232	trials	210414SL	p06	Z11111	32	1.0	90.0	4	1496.514465491045	1496.710945552195
1496.7747456187353	0.4964800611501232	trials	210414SL	p06	Z11111	209	13.0	225.0	8	1496.9247456187354	1497.1212256798854
1497.1850257464257	0.49648006114989585	trials	210414SL	p06	Z11111	72	11.0	180.0	4	1497.3350257464258	1497.5315058075755
1497.5853058710036	0.49644006113771866	trials	210414SL	p06	Z11111	208	12.0	225.0	8	1497.7353058710037	1497.9317459321412
1498.0055860018063	0.49644006113771866	trials	210414SL	p06	Z11111	285	14.0	90.0	12	1498.1555860018063	1498.3520260629439
1498.4058261263717	0.5064800642626324	trials	210414SL	p06	Z11111	162	11.0	90.0	8	1498.5558261263718	1498.7623061906343
1498.8161462540747	0.4964400611374913	trials	210414SL	p06	Z11111	311	10.0	180.0	12	1498.9661462540748	1499.1625863152121
1506.2611485711618	0.5064400642500004	trials	210414SL	p06	Z11111	236	10.0	315.0	8	1506.411148571162	1506.6175886354117
1506.6714286988522	0.5064400642497731	trials	210414SL	p06	Z11111	15	14.0	0.0	4	1506.8214286988523	1507.0278687631019
1507.0817088265426	0.4964400611374913	trials	210414SL	p06	Z11111	5	4.0	0.0	4	1507.2317088265427	1507.42814888768
1507.481948951108	0.4964800611501232	trials	210414SL	p06	Z11111	11	10.0	0.0	4	1507.6319489511081	1507.828429012258
1507.8822290756862	0.4964800611501232	trials	210414SL	p06	Z11111	133	12.0	0.0	8	1508.0322290756862	1508.2287091368362
1508.2925092033765	0.4964400611374913	trials	210414SL	p06	Z11111	147	11.0	45.0	8	1508.4425092033766	1508.638949264514
1508.712789334179	0.49644006113771866	trials	210414SL	p06	Z11111	349	3.0	315.0	12	1508.862789334179	1509.0592293953166
1512.8655906266438	0.506480064262405	trials	210414SL	p06	Z11111	62	1.0	180.0	4	1513.0155906266439	1513.222070690906
1513.275870754334	0.5064400642500004	trials	210414SL	p06	Z11111	74	13.0	180.0	4	1513.425870754334	1513.6323108185838
1513.6861508820243	0.49644006113771866	trials	210414SL	p06	Z11111	14	13.0	0.0	4	1513.8361508820244	1514.032590943162
1514.08639100659	0.4964800611501232	trials	210414SL	p06	Z11111	323	7.0	225.0	12	1514.23639100659	1514.43287106774
1514.4966711342804	0.5164800673746868	trials	210414SL	p06	Z11111	50	4.0	135.0	4	1514.6466711342805	1514.863151201655
1514.9169512650828	0.5064800642626324	trials	210414SL	p06	Z11111	297	11.0	135.0	12	1515.066951265083	1515.2734313293454
1515.3272313927732	0.4964800611501232	trials	210414SL	p06	Z11111	124	3.0	0.0	8	1515.4772313927733	1515.6737114539233
1519.1498325824707	0.49644006113771866	trials	210414SL	p06	Z11111	96	5.0	270.0	4	1519.2998325824708	1519.4962726436083
1519.5500727070364	0.506480064262405	trials	210414SL	p06	Z11111	304	3.0	180.0	12	1519.7000727070365	1519.9065527712987
1519.9603528347266	0.4964800611501232	trials	210414SL	p06	Z11111	121	0.0	0.0	8	1520.1103528347267	1520.3068328958766
1522.4420336070932	0.49644006113771866	trials	210414SL	p06	Z11111	112	6.0	315.0	4	1522.5920336070933	1522.7884736682308
1522.8423137316713	0.4964400611374913	trials	210414SL	p06	Z11111	94	3.0	270.0	4	1522.9923137316714	1523.1887537928087
1523.2425538562368	0.506480064262405	trials	210414SL	p06	Z11111	317	1.0	225.0	12	1523.3925538562369	1523.599033920499
1523.6528339839274	0.49648006114989585	trials	210414SL	p06	Z11111	69	8.0	180.0	4	1523.8028339839275	1523.9993140450772
1524.0531141085053	0.4964800611501232	trials	210414SL	p06	Z11111	120	14.0	315.0	4	1524.2031141085054	1524.3995941696553
1524.4633942361957	0.4964400611374913	trials	210414SL	p06	Z11111	219	8.0	270.0	8	1524.6133942361957	1524.809834297333
1524.8636743607735	0.5164800673746868	trials	210414SL	p06	Z11111	140	4.0	45.0	8	1525.0136743607736	1525.2301544281481
1533.1091969270046	0.4964800611501232	trials	210414SL	p06	Z11111	316	0.0	225.0	12	1533.2591969270047	1533.4556769881547
1533.5094770515825	0.506480064262405	trials	210414SL	p06	Z11111	80	4.0	225.0	4	1533.6594770515826	1533.8659571158448
1533.919757179273	0.4964800611501232	trials	210414SL	p06	Z11111	134	13.0	0.0	8	1534.069757179273	1534.266237240423
1534.3300373069633	0.4964400611374913	trials	210414SL	p06	Z11111	182	1.0	180.0	8	1534.4800373069634	1534.6764773681007
1534.7303174315412	0.49644006113794603	trials	210414SL	p06	Z11111	194	13.0	180.0	8	1534.8803174315412	1535.076757492679
1535.1505975623438	0.49644006113771866	trials	210414SL	p06	Z11111	339	8.0	270.0	12	1535.300597562344	1535.4970376234814
1535.560877690034	0.49644006113794603	trials	210414SL	p06	Z11111	282	11.0	90.0	12	1535.710877690034	1535.9073177511718
1539.5835589420021	0.5064800642621776	trials	210414SL	p06	Z11111	77	1.0	225.0	4	1539.7335589420022	1539.9400390062642
1539.9938390696925	0.49648006114989585	trials	210414SL	p06	Z11111	13	12.0	0.0	4	1540.1438390696926	1540.3403191308423
1540.3941191942704	0.506480064262405	trials	210414SL	p06	Z11111	333	2.0	270.0	12	1540.5441191942705	1540.7505992585327
1540.8043993219608	0.5164800673746868	trials	210414SL	p06	Z11111	66	5.0	180.0	4	1540.9543993219609	1541.1708793893354
1541.2246794527632	0.49644006113794603	trials	210414SL	p06	Z11111	343	12.0	270.0	12	1541.3746794527633	1541.571119513901
1541.6349595804536	0.49644006113771866	trials	210414SL	p06	Z11111	95	4.0	270.0	4	1541.7849595804537	1541.9813996415912
1542.0352397050317	0.49644006113771866	trials	210414SL	p06	Z11111	109	3.0	315.0	4	1542.1852397050318	1542.3816797661693
1545.837800888492	0.5064400642500004	trials	210414SL	p06	Z11111	21	5.0	45.0	4	1545.987800888492	1546.194240952742
1546.2480810161824	0.49644006113771866	trials	210414SL	p06	Z11111	243	2.0	0.0	12	1546.3980810161825	1546.59452107732
1546.648321140748	0.4964800611501232	trials	210414SL	p06	Z11111	244	3.0	0.0	12	1546.7983211407482	1546.994801201898
1547.0586012684385	0.4964800611501232	trials	210414SL	p06	Z11111	294	8.0	135.0	12	1547.2086012684385	1547.4050813295885
1547.4588813930163	0.5164800673746868	trials	210414SL	p06	Z11111	325	9.0	225.0	12	1547.6088813930164	1547.825361460391
1547.8791615238192	0.4964400611374913	trials	210414SL	p06	Z11111	165	14.0	90.0	8	1548.0291615238193	1548.2256015849566
1548.2894416515094	0.49644006113771866	trials	210414SL	p06	Z11111	107	1.0	315.0	4	1548.4394416515095	1548.635881712647
1552.3721629221632	0.5064800642626324	trials	210414SL	p06	Z11111	143	7.0	45.0	8	1552.5221629221633	1552.7286429864257
1552.8124830592028	0.506480064262405	trials	210414SL	p06	Z11111	206	10.0	225.0	8	1552.962483059203	1553.1689631234651
1553.2227631868932	0.49644006113771866	trials	210414SL	p06	Z11111	166	0.0	135.0	8	1553.3727631868933	1553.5692032480308
1553.6230433114713	0.49644006113771866	trials	210414SL	p06	Z11111	188	7.0	180.0	8	1553.7730433114714	1553.969483372609
1554.0232834360368	0.5064800642626324	trials	210414SL	p06	Z11111	118	12.0	315.0	4	1554.1732834360369	1554.3797635002993
1554.4335635637271	0.5164800673746868	trials	210414SL	p06	Z11111	135	14.0	0.0	8	1554.5835635637272	1554.8000436311017
1554.8538436945298	0.506480064262405	trials	210414SL	p06	Z11111	344	13.0	270.0	12	1555.00384369453	1555.2103237587921
1558.646404874878	0.5064800642621776	trials	210414SL	p06	Z11111	26	10.0	45.0	4	1558.7964048748781	1559.0028849391401
1559.0566850025684	0.4964400611374913	trials	210414SL	p06	Z11111	154	3.0	90.0	8	1559.2066850025685	1559.4031250637058
1559.4669651302588	0.4964400611374913	trials	210414SL	p06	Z11111	125	4.0	0.0	8	1559.616965130259	1559.8134051913962
1559.8672452548367	0.49644006113771866	trials	210414SL	p06	Z11111	53	7.0	135.0	4	1560.0172452548368	1560.2136853159743
1560.2875253856394	0.49644006113771866	trials	210414SL	p06	Z11111	312	11.0	180.0	12	1560.4375253856394	1560.633965446777
1560.6978055133295	0.49644006113794603	trials	210414SL	p06	Z11111	90	14.0	225.0	4	1560.8478055133296	1561.0442455744674
1561.0980456378952	0.506480064262405	trials	210414SL	p06	Z11111	300	14.0	135.0	12	1561.2480456378953	1561.4545257021575
1565.0407268649649	0.5064400642497731	trials	210414SL	p06	Z11111	273	2.0	90.0	12	1565.190726864965	1565.3971669292146
1565.4610069957675	0.4964400611374913	trials	210414SL	p06	Z11111	222	11.0	270.0	8	1565.6110069957676	1565.807447056905
1565.871287123458	0.4964400611374913	trials	210414SL	p06	Z11111	123	2.0	0.0	8	1566.021287123458	1566.2177271845953
1566.2715272480234	0.4964800611501232	trials	210414SL	p06	Z11111	164	13.0	90.0	8	1566.4215272480235	1566.6180073091734
1566.691807378826	0.5064800642621776	trials	210414SL	p06	Z11111	136	0.0	45.0	8	1566.8418073788262	1567.0482874430882
1567.1020875065165	0.4964800611501232	trials	210414SL	p06	Z11111	260	4.0	45.0	12	1567.2520875065165	1567.4485675676665
1567.5023676310943	0.506480064262405	trials	210414SL	p06	Z11111	337	6.0	270.0	12	1567.6523676310944	1567.8588476953566
1571.3449688270164	0.5164800673746868	trials	210414SL	p06	Z11111	16	0.0	45.0	4	1571.4949688270165	1571.711448894391
1571.765248957819	0.4964400611374913	trials	210414SL	p06	Z11111	292	6.0	135.0	12	1571.9152489578191	1572.1116890189564
1572.1755290855094	0.4964400611374913	trials	210414SL	p06	Z11111	30	14.0	45.0	4	1572.3255290855095	1572.5219691466468
1572.5757692100751	0.49648006114989585	trials	210414SL	p06	Z11111	345	14.0	270.0	12	1572.7257692100752	1572.922249271225
1572.976049334653	0.4964800611501232	trials	210414SL	p06	Z11111	290	4.0	135.0	12	1573.126049334653	1573.322529395803
1573.3863294623434	0.5064800642621776	trials	210414SL	p06	Z11111	43	12.0	90.0	4	1573.5363294623435	1573.7428095266055
1573.8066095931458	0.4964800611501232	trials	210414SL	p06	Z11111	239	13.0	315.0	8	1573.956609593146	1574.1530896542959
1577.6191707797188	0.49648006114989585	trials	210414SL	p06	Z11111	327	11.0	225.0	12	1577.769170779719	1577.9656508408686
1578.0194509042967	0.506480064262405	trials	210414SL	p06	Z11111	210	14.0	225.0	8	1578.1694509042968	1578.375930968559
1578.429731031987	0.4964400611374913	trials	210414SL	p06	Z11111	231	5.0	315.0	8	1578.5797310319872	1578.7761710931245
1578.830011156565	0.49644006113794603	trials	210414SL	p06	Z11111	346	0.0	315.0	12	1578.980011156565	1579.1764512177028
1579.2302512811307	0.506480064262405	trials	210414SL	p06	Z11111	262	6.0	45.0	12	1579.3802512811308	1579.586731345393
1579.6505714119457	0.5064400642500004	trials	210414SL	p06	Z11111	314	13.0	180.0	12	1579.8005714119458	1580.0070114761957
1583.4631325985183	0.5064400642500004	trials	210414SL	p06	Z11111	326	10.0	225.0	12	1583.6131325985184	1583.8195726627682
1583.8734127262087	0.5064400642500004	trials	210414SL	p06	Z11111	187	6.0	180.0	8	1584.0234127262088	1584.2298527904586
1584.2836528538867	0.4964800611501232	trials	210414SL	p06	Z11111	215	4.0	270.0	8	1584.4336528538868	1584.6301329150367
1584.6839329784648	0.4964800611501232	trials	210414SL	p06	Z11111	286	0.0	135.0	12	1584.8339329784649	1585.0304130396148
1585.1042131092672	0.5064800642626324	trials	210414SL	p06	Z11111	105	14.0	270.0	4	1585.2542131092673	1585.4606931735298
1585.5144932369576	0.506480064262405	trials	210414SL	p06	Z11111	360	14.0	315.0	12	1585.6644932369577	1585.87097330122
1585.924773364648	0.4964800611501232	trials	210414SL	p06	Z11111	202	6.0	225.0	8	1586.074773364648	1586.271253425798
1590.5478948034893	0.4964400611374913	trials	210414SL	p06	Z11111	49	3.0	135.0	4	1590.6978948034894	1590.8943348646267
1590.9581749311794	0.49644006113771866	trials	210414SL	p06	Z11111	60	14.0	135.0	4	1591.1081749311795	1591.304614992317
1591.3584150557451	0.49648006114989585	trials	210414SL	p06	Z11111	2	1.0	0.0	4	1591.5084150557452	1591.704895116895
1591.7786951865478	0.5064800642621776	trials	210414SL	p06	Z11111	18	2.0	45.0	4	1591.9286951865479	1592.1351752508099
1592.1889753142382	0.49648006114989585	trials	210414SL	p06	Z11111	340	9.0	270.0	12	1592.3389753142383	1592.535455375388
1592.589255438816	0.506480064262405	trials	210414SL	p06	Z11111	35	4.0	90.0	4	1592.7392554388161	1592.9457355030784
1593.019535572731	0.4964800611501232	trials	210414SL	p06	Z11111	248	7.0	0.0	12	1593.169535572731	1593.366015633881
1596.972216802913	0.4964400611374913	trials	210414SL	p06	Z11111	6	5.0	0.0	4	1597.122216802913	1597.3186568640504
1597.3724969274908	0.5064400642500004	trials	210414SL	p06	Z11111	201	5.0	225.0	8	1597.522496927491	1597.7289369917407
1597.7827770551812	0.4964400611374913	trials	210414SL	p06	Z11111	0			0	1597.9327770551813	1598.1292171163186
1598.183017179747	0.5164800673746868	trials	210414SL	p06	Z11111	115	9.0	315.0	4	1598.333017179747	1598.5494972471215
1598.6032973105494	0.5064800642626324	trials	210414SL	p06	Z11111	265	9.0	45.0	12	1598.7532973105494	1598.959777374812
1599.0135774382397	0.4964800611501232	trials	210414SL	p06	Z11111	276	5.0	90.0	12	1599.1635774382398	1599.3600574993898
1599.4138575628178	0.49644006113771866	trials	210414SL	p06	Z11111	313	12.0	180.0	12	1599.563857562818	1599.7602976239555
1603.1863787369289	0.5064800642626324	trials	210414SL	p06	Z11111	237	11.0	315.0	8	1603.336378736929	1603.5428588011914
1603.5966588646193	0.4964800611501232	trials	210414SL	p06	Z11111	310	9.0	180.0	12	1603.7466588646193	1603.9431389257693
1603.9969389891974	0.4964800611501232	trials	210414SL	p06	Z11111	78	2.0	225.0	4	1604.1469389891975	1604.3434190503474
1604.4072191168875	0.49644006113794603	trials	210414SL	p06	Z11111	41	10.0	90.0	4	1604.5572191168876	1604.7536591780254
1604.8274992476904	0.4964800611501232	trials	210414SL	p06	Z11111	291	5.0	135.0	12	1604.9774992476905	1605.1739793088404
1605.2377793753808	0.4964400611374913	trials	210414SL	p06	Z11111	238	12.0	315.0	8	1605.387779375381	1605.5842194365182
1605.6380594999587	0.49644006113771866	trials	210414SL	p06	Z11111	110	4.0	315.0	4	1605.7880594999588	1605.9844995610963
1609.8408608079849	0.5064800642621776	trials	210414SL	p06	Z11111	224	13.0	270.0	8	1609.990860807985	1610.197340872247
1610.251140935675	0.4964800611503506	trials	210414SL	p06	Z11111	180	14.0	135.0	8	1610.4011409356751	1610.5976209968253
1610.6514210602531	0.506480064262405	trials	210414SL	p06	Z11111	242	1.0	0.0	12	1610.8014210602532	1611.0079011245155
1611.0617011879435	0.4964400611374913	trials	210414SL	p06	Z11111	23	7.0	45.0	4	1611.2117011879436	1611.408141249081
1611.4619813125216	0.5164400673620548	trials	210414SL	p06	Z11111	320	4.0	225.0	12	1611.6119813125217	1611.8284213798836
1611.882261443324	0.5064400642500004	trials	210414SL	p06	Z11111	169	3.0	135.0	8	1612.0322614433242	1612.238701507574
1612.2925415710147	0.4964400611374913	trials	210414SL	p06	Z11111	114	8.0	315.0	4	1612.4425415710148	1612.638981632152
1617.8462632994838	0.5064800642621776	trials	210414SL	p06	Z11111	266	10.0	45.0	12	1617.9962632994839	1618.2027433637459
1618.2665434302862	0.4964800611501232	trials	210414SL	p06	Z11111	318	2.0	225.0	12	1618.4165434302863	1618.6130234914363
1618.6668235548645	0.4964400611374913	trials	210414SL	p06	Z11111	267	11.0	45.0	12	1618.8168235548646	1619.013263616002
1619.0671036794424	0.49644006113771866	trials	210414SL	p06	Z11111	91	0.0	270.0	4	1619.2171036794425	1619.41354374058
1619.4673438040081	0.5064800642621776	trials	210414SL	p06	Z11111	256	0.0	45.0	12	1619.6173438040082	1619.8238238682702
1619.8776239316985	0.5164800673746868	trials	210414SL	p06	Z11111	1	0.0	0.0	4	1620.0276239316986	1620.244103999073
1620.297904062501	0.4964800611501232	trials	210414SL	p06	Z11111	258	2.0	45.0	12	1620.447904062501	1620.644384123651
1624.200545277109	0.5264800704867412	trials	210414SL	p06	Z11111	197	1.0	225.0	8	1624.3505452771092	1624.5770253475957
1624.630825411024	0.5064800642621776	trials	210414SL	p06	Z11111	100	9.0	270.0	4	1624.7808254110241	1624.9873054752861
1627.0124261522428	0.506480064262405	trials	210414SL	p06	Z11111	272	1.0	90.0	12	1627.162426152243	1627.3689062165051
1627.4227062799332	0.506480064262405	trials	210414SL	p06	Z11111	113	7.0	315.0	4	1627.5727062799333	1627.7791863441955
1627.8329864076236	0.4964800611501232	trials	210414SL	p06	Z11111	19	3.0	45.0	4	1627.9829864076237	1628.1794664687736
1628.2332665322015	0.49644006113794603	trials	210414SL	p06	Z11111	287	1.0	135.0	12	1628.3832665322016	1628.5797065933393
1628.6335466567798	0.5064400642497731	trials	210414SL	p06	Z11111	99	8.0	270.0	4	1628.78354665678	1628.9899867210295
1629.0638267906943	0.49644006113794603	trials	210414SL	p06	Z11111	97	6.0	270.0	4	1629.2138267906944	1629.4102668518321
1629.4641069152726	0.5064400642497731	trials	210414SL	p06	Z11111	348	2.0	315.0	12	1629.6141069152727	1629.8205469795223
1633.356708126756	0.49648006114989585	trials	210414SL	p06	Z11111	268	12.0	45.0	12	1633.5067081267562	1633.7031881879059
1633.7669882544462	0.49644006113771866	trials	210414SL	p06	Z11111	183	2.0	180.0	8	1633.9169882544463	1634.1134283155839
1634.1672683790243	0.4964400611374913	trials	210414SL	p06	Z11111	85	9.0	225.0	4	1634.3172683790244	1634.5137084401617
1634.577508506702	0.4964800611501232	trials	210414SL	p06	Z11111	139	3.0	45.0	8	1634.7275085067022	1634.9239885678521
1634.9777886312802	0.4964800611501232	trials	210414SL	p06	Z11111	163	12.0	90.0	8	1635.1277886312803	1635.3242686924302
1635.3780687558583	0.5164800673746868	trials	210414SL	p06	Z11111	172	6.0	135.0	8	1635.5280687558584	1635.744548823233
1635.7983488866607	0.5064800642626324	trials	210414SL	p06	Z11111	52	6.0	135.0	4	1635.9483488866608	1636.1548289509233
1639.680950095032	0.4964800611503506	trials	210414SL	p06	Z11111	51	5.0	135.0	4	1639.830950095032	1640.0274301561822
1640.0912302227223	0.4964800611501232	trials	210414SL	p06	Z11111	179	13.0	135.0	8	1640.2412302227224	1640.4377102838723
1640.4915103473004	0.4964800611501232	trials	210414SL	p06	Z11111	153	2.0	90.0	8	1640.6415103473005	1640.8379904084504
1640.8917904718785	0.49644006113771866	trials	210414SL	p06	Z11111	218	7.0	270.0	8	1641.0417904718786	1641.2382305330161
1641.3020705995687	0.49644006113794603	trials	210414SL	p06	Z11111	37	6.0	90.0	4	1641.4520705995687	1641.6485106607065
1641.7023107241343	0.5164800673746868	trials	210414SL	p06	Z11111	302	1.0	180.0	12	1641.8523107241344	1642.068790791509
1642.1225908549368	0.5064800642626324	trials	210414SL	p06	Z11111	54	8.0	135.0	4	1642.2725908549369	1642.4790709191993
1646.4055121878985	0.5064400642500004	trials	210414SL	p06	Z11111	106	0.0	315.0	4	1646.5555121878986	1646.7619522521484
1646.8157923155889	0.49644006113771866	trials	210414SL	p06	Z11111	308	7.0	180.0	12	1646.965792315589	1647.1622323767265
1647.2160324401543	0.4964800611503506	trials	210414SL	p06	Z11111	309	8.0	180.0	12	1647.3660324401544	1647.5625125013046
1647.6463125740693	0.4964800611501232	trials	210414SL	p06	Z11111	103	12.0	270.0	4	1647.7963125740694	1647.9927926352193
1648.0465926986474	0.506480064262405	trials	210414SL	p06	Z11111	246	5.0	0.0	12	1648.1965926986475	1648.4030727629097
1648.4568728263378	0.4964800611501232	trials	210414SL	p06	Z11111	65	4.0	180.0	4	1648.6068728263378	1648.8033528874878
1648.8571529509159	0.4964400611374913	trials	210414SL	p06	Z11111	329	13.0	225.0	12	1649.007152950916	1649.2035930120533
1652.6396741281392	0.4964800611501232	trials	210414SL	p06	Z11111	259	3.0	45.0	12	1652.7896741281393	1652.9861541892892
1653.0499542558296	0.4964800611501232	trials	210414SL	p06	Z11111	174	8.0	135.0	8	1653.1999542558297	1653.3964343169796
1653.4502343804074	0.4964800611503506	trials	210414SL	p06	Z11111	277	6.0	90.0	12	1653.6002343804075	1653.7967144415577
1653.8605145080978	0.49644006113771866	trials	210414SL	p06	Z11111	7	6.0	0.0	4	1654.010514508098	1654.2069545692354
1654.2607946326762	0.4964400611374913	trials	210414SL	p06	Z11111	17	1.0	45.0	4	1654.4107946326762	1654.6072346938136
1654.6610347572416	0.4964800611501232	trials	210414SL	p06	Z11111	263	7.0	45.0	12	1654.8110347572417	1655.0075148183917
1655.0813548880567	0.49644006113771866	trials	210414SL	p06	Z11111	93	2.0	270.0	4	1655.2313548880568	1655.4277949491943
1658.9939561057645	0.4964800611501232	trials	210414SL	p06	Z11111	298	12.0	135.0	12	1659.1439561057646	1659.3404361669145
1659.3942362303428	0.5064800642621776	trials	210414SL	p06	Z11111	142	6.0	45.0	8	1659.544236230343	1659.750716294605
1659.804516358033	0.49644006113771866	trials	210414SL	p06	Z11111	83	7.0	225.0	4	1659.954516358033	1660.1509564191706
1662.8165572954622	0.5064400642497731	trials	210414SL	p06	Z11111	190	9.0	180.0	8	1662.9665572954623	1663.1729973597119
1663.2368374262646	0.49644006113771866	trials	210414SL	p06	Z11111	22	6.0	45.0	4	1663.3868374262647	1663.5832774874023
1663.6370775508303	0.4964800611501232	trials	210414SL	p06	Z11111	156	5.0	90.0	8	1663.7870775508304	1663.9835576119804
1664.0373576754082	0.4964800611501232	trials	210414SL	p06	Z11111	330	14.0	225.0	12	1664.1873576754083	1664.3838377365582
1664.4476378030986	0.4964800611501232	trials	210414SL	p06	Z11111	111	5.0	315.0	4	1664.5976378030987	1664.7941178642486
1664.8479179276767	0.49644006113771866	trials	210414SL	p06	Z11111	58	12.0	135.0	4	1664.9979179276768	1665.1943579888143
1665.2481980522548	0.5164400673620548	trials	210414SL	p06	Z11111	181	0.0	180.0	8	1665.3981980522549	1665.6146381196168
1676.6958816150852	0.49648006114989585	trials	210414SL	p06	Z11111	24	8.0	45.0	4	1676.8458816150853	1677.042361676235
1677.1061617427754	0.4964800611501232	trials	210414SL	p06	Z11111	334	3.0	270.0	12	1677.2561617427755	1677.4526418039254
1677.5064418673537	0.5164800673744594	trials	210414SL	p06	Z11111	341	10.0	270.0	12	1677.6564418673538	1677.872921934728
1677.9367220012684	0.4964800611501232	trials	210414SL	p06	Z11111	10	9.0	0.0	4	1678.0867220012685	1678.2832020624185
1678.3370021258465	0.4964400611374913	trials	210414SL	p06	Z11111	358	12.0	315.0	12	1678.4870021258466	1678.683442186984
1678.747282253537	0.4964400611374913	trials	210414SL	p06	Z11111	67	6.0	180.0	4	1678.897282253537	1679.0937223146743
1679.1475223781026	0.49648006114989585	trials	210414SL	p06	Z11111	116	10.0	315.0	4	1679.2975223781027	1679.4940024392524
1687.0428448353414	0.506480064262405	trials	210414SL	p06	Z11111	301	0.0	180.0	12	1687.1928448353415	1687.3993248996037
1687.4531249630318	0.4964800611501232	trials	210414SL	p06	Z11111	196	0.0	225.0	8	1687.6031249630319	1687.7996050241818
1687.8534050876099	0.49644006113771866	trials	210414SL	p06	Z11111	335	4.0	270.0	12	1688.00340508761	1688.1998451487475
1688.253685212188	0.5064400642500004	trials	210414SL	p06	Z11111	28	12.0	45.0	4	1688.403685212188	1688.6101252764379
1688.6639253398657	0.4964800611501232	trials	210414SL	p06	Z11111	137	1.0	45.0	8	1688.8139253398658	1689.0104054010158
1689.064205464444	0.5164800673746868	trials	210414SL	p06	Z11111	150	14.0	45.0	8	1689.2142054644441	1689.4306855318187
1689.494485598359	0.4964800611501232	trials	210414SL	p06	Z11111	319	3.0	225.0	12	1689.644485598359	1689.840965659509
1693.7473669219712	0.5064800642626324	trials	210414SL	p06	Z11111	200	4.0	225.0	8	1693.8973669219713	1694.1038469862337
1694.1576470496616	0.4964400611374913	trials	210414SL	p06	Z11111	226	0.0	315.0	8	1694.3076470496617	1694.504087110799
1694.5679271773515	0.49644006113794603	trials	210414SL	p06	Z11111	175	9.0	135.0	8	1694.7179271773516	1694.9143672384894
1694.9682073019299	0.4964400611374913	trials	210414SL	p06	Z11111	278	7.0	90.0	12	1695.11820730193	1695.3146473630673
1695.3684474264955	0.5164800673746868	trials	210414SL	p06	Z11111	27	11.0	45.0	4	1695.5184474264956	1695.7349274938701
1695.788727557298	0.5064800642626324	trials	210414SL	p06	Z11111	247	6.0	0.0	12	1695.938727557298	1696.1452076215605
1696.1990076849884	0.4964800611501232	trials	210414SL	p06	Z11111	168	2.0	135.0	8	1696.3490076849885	1696.5454877461384
1704.2844502013982	0.5064800642621776	trials	210414SL	p06	Z11111	271	0.0	90.0	12	1704.4344502013982	1704.6409302656602
1704.694730329088	0.4964800611501232	trials	210414SL	p06	Z11111	185	4.0	180.0	8	1704.8447303290882	1705.0412103902381
1705.0950104536664	0.5064800642621776	trials	210414SL	p06	Z11111	189	8.0	180.0	8	1705.2450104536665	1705.4514905179285
1705.5052905813568	0.4964400611374913	trials	210414SL	p06	Z11111	233	7.0	315.0	8	1705.655290581357	1705.8517306424942
1705.9055707059347	0.49644006113794603	trials	210414SL	p06	Z11111	129	8.0	0.0	8	1706.0555707059348	1706.2520107670725
1706.3258508367371	0.5064400642504552	trials	210414SL	p06	Z11111	299	13.0	135.0	12	1706.4758508367372	1706.6822909009875
1706.7361309644275	0.49644006113794603	trials	210414SL	p06	Z11111	108	2.0	315.0	4	1706.8861309644276	1707.0825710255654
1732.3233389278626	0.4964800611501232	trials	210414SL	p06	Z11111	251	10.0	0.0	12	1732.4733389278626	1732.6698189890126
1732.733619055553	0.4964400611374913	trials	210414SL	p06	Z11111	39	8.0	90.0	4	1732.883619055553	1733.0800591166903
1733.1338991801308	0.5164400673625096	trials	210414SL	p06	Z11111	98	7.0	270.0	4	1733.283899180131	1733.5003392474932
1733.5641793140458	0.49644006113794603	trials	210414SL	p06	Z11111	229	3.0	315.0	8	1733.7141793140459	1733.9106193751836
1733.9644194386115	0.4964800611501232	trials	210414SL	p06	Z11111	269	13.0	45.0	12	1734.1144194386115	1734.3108994997615
1734.3646995631898	0.5064800642621776	trials	210414SL	p06	Z11111	249	8.0	0.0	12	1734.5146995631899	1734.7211796274519
1734.7749796908797	0.5164800673746868	trials	210414SL	p06	Z11111	88	12.0	225.0	4	1734.9249796908798	1735.1414597582543
1753.8378256237556	0.5064800642626324	trials	210414SL	p06	Z11111	145	9.0	45.0	8	1753.9878256237557	1754.1943056880182
1754.248105751446	0.49644006113794603	trials	210414SL	p06	Z11111	138	2.0	45.0	8	1754.398105751446	1754.5945458125839
1754.6583858791364	0.49644006113794603	trials	210414SL	p06	Z11111	157	6.0	90.0	8	1754.8083858791365	1755.0048259402743
1755.058626003702	0.4964800611501232	trials	210414SL	p06	Z11111	127	6.0	0.0	8	1755.2086260037022	1755.4051060648521
1755.4589061282804	0.4964800611496685	trials	210414SL	p06	Z11111	173	7.0	135.0	8	1755.6089061282805	1755.80538618943
1755.8591862528583	0.5164800673746868	trials	210414SL	p06	Z11111	0			0	1756.0091862528584	1756.225666320233
1756.2894663867733	0.4964800611501232	trials	210414SL	p06	Z11111	81	5.0	225.0	4	1756.4394663867733	1756.6359464479233
1760.5123077010362	0.4964800611501232	trials	210414SL	p06	Z11111	354	8.0	315.0	12	1760.6623077010363	1760.8587877621862
1760.9225878287266	0.4964800611501232	trials	210414SL	p06	Z11111	221	10.0	270.0	8	1761.0725878287267	1761.2690678898766
1761.332867956417	0.4964800611501232	trials	210414SL	p06	Z11111	203	7.0	225.0	8	1761.482867956417	1761.679348017567
1761.7331480809949	0.49644006113794603	trials	210414SL	p06	Z11111	61	0.0	180.0	4	1761.883148080995	1762.0795881421327
1762.1534282117977	0.5064800642621776	trials	210414SL	p06	Z11111	42	11.0	90.0	4	1762.3034282117978	1762.5099082760598
1762.5637083394877	0.49644006113794603	trials	210414SL	p06	Z11111	177	11.0	135.0	8	1762.7137083394878	1762.9101484006255
1762.963988464066	0.4964400611374913	trials	210414SL	p06	Z11111	186	5.0	180.0	8	1763.113988464066	1763.3104285252034
1767.6971499371543	0.5064800642626324	trials	210414SL	p06	Z11111	126	5.0	0.0	8	1767.8471499371544	1768.0536300014169
1768.1074300648447	0.5064800642626324	trials	210414SL	p06	Z11111	82	6.0	225.0	4	1768.2574300648448	1768.4639101291073
1768.517710192535	0.49644006113794603	trials	210414SL	p06	Z11111	217	6.0	270.0	8	1768.6677101925352	1768.864150253673
1768.917990317113	0.5064400642504552	trials	210414SL	p06	Z11111	255	14.0	0.0	12	1769.067990317113	1769.2744303813633
1769.3282704448034	0.49644006113794603	trials	210414SL	p06	Z11111	178	12.0	135.0	8	1769.4782704448035	1769.6747105059412
1769.728510569369	0.5164800673746868	trials	210414SL	p06	Z11111	159	8.0	90.0	8	1769.8785105693692	1770.0949906367437
1770.1487907001715	0.49648006115057797	trials	210414SL	p06	Z11111	45	14.0	90.0	4	1770.2987907001716	1770.495270761322
1775.4523923507968	0.5064400642500004	trials	210414SL	p06	Z11111	228	2.0	315.0	8	1775.602392350797	1775.8088324150467
1775.8626724784872	0.4964400611374913	trials	210414SL	p06	Z11111	234	8.0	315.0	8	1776.0126724784873	1776.2091125396246
1776.2629126030529	0.4964800611501232	trials	210414SL	p06	Z11111	47	1.0	135.0	4	1776.412912603053	1776.609392664203
1776.6631927276308	0.4964800611501232	trials	210414SL	p06	Z11111	284	13.0	90.0	12	1776.8131927276308	1777.0096727887808
1777.0734728553211	0.4964400611374913	trials	210414SL	p06	Z11111	305	4.0	180.0	12	1777.2234728553212	1777.4199129164585
1777.493752986124	0.4964400611374913	trials	210414SL	p06	Z11111	280	9.0	90.0	12	1777.6437529861241	1777.8401930472614
1777.894033110702	0.5064400642500004	trials	210414SL	p06	Z11111	357	11.0	315.0	12	1778.044033110702	1778.2504731749518
1782.1969144498753	0.5064800642626324	trials	210414SL	p06	Z11111	160	9.0	90.0	8	1782.3469144498754	1782.5533945141378
1782.6071945775657	0.4964400611374913	trials	210414SL	p06	Z11111	241	0.0	0.0	12	1782.7571945775658	1782.953634638703
1783.017474705256	0.4964400611374913	trials	210414SL	p06	Z11111	148	12.0	45.0	8	1783.1674747052562	1783.3639147663935
1783.4177548298344	0.4964400611374913	trials	210414SL	p06	Z11111	216	5.0	270.0	8	1783.5677548298345	1783.7641948909718
1783.8280349575243	0.49644006113794603	trials	210414SL	p06	Z11111	264	8.0	45.0	12	1783.9780349575244	1784.1744750186622
1784.22827508209	0.4964800611501232	trials	210414SL	p06	Z11111	254	13.0	0.0	12	1784.37827508209	1784.57475514324
1784.628555206668	0.49648006115057797	trials	210414SL	p06	Z11111	204	8.0	225.0	8	1784.778555206668	1784.9750352678184
1788.6912764710974	0.5064800642626324	trials	210414SL	p06	Z11111	184	3.0	180.0	8	1788.8412764710974	1789.04775653536
1789.1015565987877	0.4964800611501232	trials	210414SL	p06	Z11111	161	10.0	90.0	8	1789.2515565987878	1789.4480366599378
1789.5118367264781	0.4964800611501232	trials	210414SL	p06	Z11111	207	11.0	225.0	8	1789.6618367264782	1789.8583167876282
1789.9121168510565	0.4964400611374913	trials	210414SL	p06	Z11111	336	5.0	270.0	12	1790.0621168510565	1790.2585569121939
1790.3123969756343	0.4964400611374913	trials	210414SL	p06	Z11111	131	10.0	0.0	8	1790.4623969756344	1790.6588370367717
1790.722637103312	0.5064800642626324	trials	210414SL	p06	Z11111	198	2.0	225.0	8	1790.8726371033122	1791.0791171675746
1791.1429572341272	0.49644006113794603	trials	210414SL	p06	Z11111	261	5.0	45.0	12	1791.2929572341272	1791.489397295265
1795.3457585421534	0.5064800642621776	trials	210414SL	p06	Z11111	195	14.0	180.0	8	1795.4957585421535	1795.7022386064154
1795.7560386698437	0.5064800642621776	trials	210414SL	p06	Z11111	144	8.0	45.0	8	1795.9060386698438	1796.1125187341058
1796.1663187975341	0.4964800611496685	trials	210414SL	p06	Z11111	322	6.0	225.0	12	1796.3163187975342	1796.5127988586837
1796.566598922112	0.49644006113794603	trials	210414SL	p06	Z11111	192	11.0	180.0	8	1796.716598922112	1796.9130389832499
1796.9668390466777	0.5064800642621776	trials	210414SL	p06	Z11111	283	12.0	90.0	12	1797.1168390466778	1797.3233191109398
1797.3771591743803	0.5164400673625096	trials	210414SL	p06	Z11111	36	5.0	90.0	4	1797.5271591743804	1797.7435992417427
1797.7974393051832	0.4964400611374913	trials	210414SL	p06	Z11111	227	1.0	315.0	8	1797.9474393051833	1798.1438793663206
1803.56132109906	0.5064400642495457	trials	210414SL	p06	Z11111	64	3.0	180.0	4	1803.7113210990601	1803.9177611633095
1803.9715612267378	0.4964800611501232	trials	210414SL	p06	Z11111	55	9.0	135.0	4	1804.1215612267379	1804.3180412878878
1804.3818413544282	0.4964800611496685	trials	210414SL	p06	Z11111	63	2.0	180.0	4	1804.5318413544283	1804.7283214155777
1804.782121479006	0.4964800611501232	trials	210414SL	p06	Z11111	56	10.0	135.0	4	1804.9321214790061	1805.128601540156
1805.182401603584	0.49644006113794603	trials	210414SL	p06	Z11111	75	14.0	180.0	4	1805.332401603584	1805.5288416647218
1805.5826817281622	0.5164400673620548	trials	210414SL	p06	Z11111	117	11.0	315.0	4	1805.7326817281623	1805.9491217955242
1806.0029618589647	0.49644006113794603	trials	210414SL	p06	Z11111	350	4.0	315.0	12	1806.1529618589648	1806.3494019201025
1820.9830465211744	0.5064400642500004	trials	210414SL	p06	Z11111	119	13.0	315.0	4	1821.1330465211745	1821.3394865854243
1821.3933266488648	0.5064400642500004	trials	210414SL	p06	Z11111	167	1.0	135.0	8	1821.5433266488649	1821.7497667131147
1821.8036067765552	0.4964400611374913	trials	210414SL	p06	Z11111	170	4.0	135.0	8	1821.9536067765553	1822.1500468376926
1822.2038469011209	0.4964800611501232	trials	210414SL	p06	Z11111	73	12.0	180.0	4	1822.353846901121	1822.550326962271
1822.6141270288113	0.4964800611501232	trials	210414SL	p06	Z11111	225	14.0	270.0	8	1822.7641270288113	1822.9606070899613
1823.0144071533891	0.4964400611374913	trials	210414SL	p06	Z11111	46	0.0	135.0	4	1823.1644071533892	1823.3608472145265
1823.414687277967	0.49644006113794603	trials	210414SL	p06	Z11111	293	7.0	135.0	12	1823.564687277967	1823.7611273391049
1829.7689292555801	0.5064800642621776	trials	210414SL	p06	Z11111	330	14.0	225.0	12	1829.9189292555802	1830.1254093198422
1830.1792093832705	0.4964800611501232	trials	210414SL	p06	Z11111	41	10.0	90.0	4	1830.3292093832706	1830.5256894444205
1830.5894895109604	0.49648006115057797	trials	210414SL	p06	Z11111	295	9.0	135.0	12	1830.7394895109605	1830.935969572111
1830.9897696355388	0.4964400611374913	trials	210414SL	p06	Z11111	210	14.0	225.0	8	1831.1397696355389	1831.3362096966762
1831.3900497601167	0.5164800673751415	trials	210414SL	p06	Z11111	17	1.0	45.0	4	1831.5400497601167	1831.7565298274917
1831.8203298940316	0.49644006113794603	trials	210414SL	p06	Z11111	12	11.0	0.0	4	1831.9703298940317	1832.1667699551695
1832.2206100186095	0.49644006113794603	trials	210414SL	p06	Z11111	80	4.0	225.0	4	1832.3706100186096	1832.5670500797473
1838.2646518996798	0.5064800642626324	trials	210414SL	p06	Z11111	287	1.0	135.0	12	1838.41465189968	1838.6211319639424
1838.6749320273702	0.4964800611501232	trials	210414SL	p06	Z11111	45	14.0	90.0	4	1838.8249320273703	1839.0214120885203
1839.0752121519486	0.4964800611501232	trials	210414SL	p06	Z11111	143	7.0	45.0	8	1839.2252121519487	1839.4216922130986
1839.485492279639	0.4964400611374913	trials	210414SL	p06	Z11111	128	7.0	0.0	8	1839.635492279639	1839.8319323407763
1839.8857724042168	0.4964400611374913	trials	210414SL	p06	Z11111	351	5.0	315.0	12	1840.035772404217	1840.2322124653542
1840.2860125287825	0.4964800611496685	trials	210414SL	p06	Z11111	132	11.0	0.0	8	1840.4360125287826	1840.632492589932
1840.6962926564725	0.4964800611501232	trials	210414SL	p06	Z11111	353	7.0	315.0	12	1840.8462926564725	1841.0427727176225
1849.4221753722045	0.5064800642626324	trials	210414SL	p06	Z11111	43	12.0	90.0	4	1849.5721753722046	1849.778655436467
1849.8324554998949	0.4964800611501232	trials	210414SL	p06	Z11111	67	6.0	180.0	4	1849.982455499895	1850.178935561045
1850.2427356275853	0.4964400611374913	trials	210414SL	p06	Z11111	360	14.0	315.0	12	1850.3927356275854	1850.5891756887227
1850.6430157521636	0.4964400611374913	trials	210414SL	p06	Z11111	345	14.0	270.0	12	1850.7930157521637	1850.989455813301
1851.0432558767288	0.5164800673746868	trials	210414SL	p06	Z11111	91	0.0	270.0	4	1851.193255876729	1851.4097359441034
1851.4635360075317	0.5064800642621776	trials	210414SL	p06	Z11111	309	8.0	180.0	12	1851.6135360075318	1851.8200160717938
1851.8738561352343	0.4964400611374913	trials	210414SL	p06	Z11111	142	6.0	45.0	8	1852.0238561352344	1852.2202961963717
1858.6183782343132	0.5064400642495457	trials	210414SL	p06	Z11111	9	8.0	0.0	4	1858.7683782343133	1858.9748182985627
1859.0286583620036	0.5064400642495457	trials	210414SL	p06	Z11111	331	0.0	270.0	12	1859.1786583620037	1859.385098426253
1859.438938489694	0.5164400673620548	trials	210414SL	p06	Z11111	81	5.0	225.0	4	1859.588938489694	1859.805378557056
1862.2408193617152	0.4964400611374913	trials	210414SL	p06	Z11111	301	0.0	180.0	12	1862.3908193617153	1862.5872594228526
1864.8425801714538	0.49644006113794603	trials	210414SL	p06	Z11111	47	1.0	135.0	4	1864.992580171454	1865.1890202325917
1865.252820299132	0.4964800611501232	trials	210414SL	p06	Z11111	105	14.0	270.0	4	1865.4028202991321	1865.599300360282
1865.65310042371	0.4964800611501232	trials	210414SL	p06	Z11111	147	11.0	45.0	8	1865.80310042371	1865.99958048486
1866.0533805482878	0.5064800642626324	trials	210414SL	p06	Z11111	359	13.0	315.0	12	1866.203380548288	1866.4098606125503
1866.4836606822028	0.4964800611501232	trials	210414SL	p06	Z11111	154	3.0	90.0	8	1866.6336606822028	1866.8301407433528
1866.883940806781	0.5064800642621776	trials	210414SL	p06	Z11111	19	3.0	45.0	4	1867.0339408067812	1867.2404208710432
1867.2942209344715	0.4964400611374913	trials	210414SL	p06	Z11111	176	10.0	135.0	8	1867.4442209344716	1867.6406609956089
1879.1922246374534	0.5064800642626324	trials	210414SL	p06	Z11111	326	10.0	225.0	12	1879.3422246374535	1879.548704701716
1879.6025047651437	0.49644006113794603	trials	210414SL	p06	Z11111	264	8.0	45.0	12	1879.7525047651438	1879.9489448262816
1892.9314689134799	0.5064800642621776	trials	210414SL	p06	Z11111	117	11.0	315.0	4	1893.08146891348	1893.287948977742
1893.3417490411703	0.5064800642621776	trials	210414SL	p06	Z11111	156	5.0	90.0	8	1893.4917490411704	1893.6982291054323
1893.7520291688606	0.4964400611374913	trials	210414SL	p06	Z11111	245	4.0	0.0	12	1893.9020291688607	1894.098469229998
1894.162309296551	0.4964400611374913	trials	210414SL	p06	Z11111	48	2.0	135.0	4	1894.3123092965511	1894.5087493576884
1894.562589421129	0.49644006113794603	trials	210414SL	p06	Z11111	231	5.0	315.0	8	1894.712589421129	1894.9090294822668
1894.9628295456946	0.5164800673746868	trials	210414SL	p06	Z11111	15	14.0	0.0	4	1895.1128295456947	1895.3293096130692
1895.3831096764975	0.4964800611496685	trials	210414SL	p06	Z11111	223	12.0	270.0	8	1895.5331096764976	1895.729589737647
1914.7361556996916	0.5064800642621776	trials	210414SL	p06	Z11111	183	2.0	180.0	8	1914.8861556996917	1915.0926357639537
1915.1464358273815	0.49644006113794603	trials	210414SL	p06	Z11111	255	14.0	0.0	12	1915.2964358273816	1915.4928758885194
1915.5467159519599	0.5164400673620548	trials	210414SL	p06	Z11111	322	6.0	225.0	12	1915.69671595196	1915.9131560193218
1915.9669960827623	0.5064400642500004	trials	210414SL	p06	Z11111	116	10.0	315.0	4	1916.1169960827624	1916.3234361470122
1918.6687969236364	0.5064800642621776	trials	210414SL	p06	Z11111	195	14.0	180.0	8	1918.8187969236365	1919.0252769878985
1919.0790770513263	0.5064800642626324	trials	210414SL	p06	Z11111	207	11.0	225.0	8	1919.2290770513264	1919.4355571155888
1919.4893571790167	0.49644006113794603	trials	210414SL	p06	Z11111	68	7.0	180.0	4	1919.6393571790168	1919.8357972401545
1919.889637303595	0.5064400642500004	trials	210414SL	p06	Z11111	164	13.0	90.0	8	1920.039637303595	1920.246077367845
1920.2999174312854	0.4964400611374913	trials	210414SL	p06	Z11111	185	4.0	180.0	8	1920.4499174312855	1920.6463574924228
1920.700157555851	0.5164800673746868	trials	210414SL	p06	Z11111	225	14.0	270.0	8	1920.8501575558512	1921.0666376232257
1921.1304776897782	0.4964400611374913	trials	210414SL	p06	Z11111	199	3.0	225.0	8	1921.2804776897783	1921.4769177509156
1925.8135991472932	0.5064800642621776	trials	210414SL	p06	Z11111	66	5.0	180.0	4	1925.9635991472933	1926.1700792115553
1926.2238792749831	0.4964800611501232	trials	210414SL	p06	Z11111	62	1.0	180.0	4	1926.3738792749832	1926.5703593361332
1926.6241593995614	0.5064800642621776	trials	210414SL	p06	Z11111	284	13.0	90.0	12	1926.7741593995615	1926.9806394638235
1927.0344395272518	0.4964400611374913	trials	210414SL	p06	Z11111	0			0	1927.184439527252	1927.3808795883892
1927.4347196518297	0.49644006113794603	trials	210414SL	p06	Z11111	75	14.0	180.0	4	1927.5847196518298	1927.7811597129676
1927.84499977952	0.49644006113794603	trials	210414SL	p06	Z11111	93	2.0	270.0	4	1927.9949997795202	1928.191439840658
1928.2452399040858	0.5164800673746868	trials	210414SL	p06	Z11111	174	8.0	135.0	8	1928.3952399040859	1928.6117199714604
1936.7009225357237	0.49648006115057797	trials	210414SL	p06	Z11111	145	9.0	45.0	8	1936.8509225357238	1937.0474025968742
1937.101202660302	0.4964800611501232	trials	210414SL	p06	Z11111	90	14.0	225.0	4	1937.2512026603022	1937.447682721452
1937.5014827848804	0.5064800642621776	trials	210414SL	p06	Z11111	179	13.0	135.0	8	1937.6514827848805	1937.8579628491425
1937.9117629125708	0.4964400611374913	trials	210414SL	p06	Z11111	71	10.0	180.0	4	1938.0617629125709	1938.2582029737082
1938.3120430371487	0.5164400673620548	trials	210414SL	p06	Z11111	260	4.0	45.0	12	1938.4620430371488	1938.6784831045106
1938.732323167951	0.5064400642500004	trials	210414SL	p06	Z11111	30	14.0	45.0	4	1938.8823231679512	1939.088763232201
1939.1426032956415	0.4964400611374913	trials	210414SL	p06	Z11111	56	10.0	135.0	4	1939.2926032956416	1939.489043356779
1949.0092463664091	0.4964400611374913	trials	210414SL	p06	Z11111	295	9.0	135.0	12	1949.1592463664092	1949.3556864275465
1949.4094864909748	0.4964800611501232	trials	210414SL	p06	Z11111	300	14.0	135.0	12	1949.559486490975	1949.7559665521248
1949.8197666186652	0.5164800673746868	trials	210414SL	p06	Z11111	294	8.0	135.0	12	1949.9697666186653	1950.1862466860398
1950.2400467494676	0.5064800642626324	trials	210414SL	p06	Z11111	5	4.0	0.0	4	1950.3900467494677	1950.5965268137302
1950.650326877158	0.4964800611501232	trials	210414SL	p06	Z11111	220	9.0	270.0	8	1950.800326877158	1950.996806938308
1951.050607001736	0.49644006113794603	trials	210414SL	p06	Z11111	233	7.0	315.0	8	1951.200607001736	1951.3970470628738
1951.4608871294263	0.4964400611374913	trials	210414SL	p06	Z11111	277	6.0	90.0	12	1951.6108871294264	1951.8073271905637
1955.5936484156541	0.4964800611501232	trials	210414SL	p06	Z11111	158	7.0	90.0	8	1955.7436484156542	1955.9401284768041
1955.993928540232	0.5064800642626324	trials	210414SL	p06	Z11111	306	5.0	180.0	12	1956.143928540232	1956.3504086044945
1956.4042086679224	0.49644006113794603	trials	210414SL	p06	Z11111	275	4.0	90.0	12	1956.5542086679225	1956.7506487290602
1956.8044887925003	0.49644006113794603	trials	210414SL	p06	Z11111	11	10.0	0.0	4	1956.9544887925003	1957.150928853638
1957.2147689201906	0.5164400673625096	trials	210414SL	p06	Z11111	39	8.0	90.0	4	1957.3647689201907	1957.581208987553
1957.6350490509935	0.4964400611374913	trials	210414SL	p06	Z11111	35	4.0	90.0	4	1957.7850490509936	1957.981489112131
1958.045329178684	0.4964400611374913	trials	210414SL	p06	Z11111	188	7.0	180.0	8	1958.195329178684	1958.3917692398213
1962.218130477373	0.49644006113794603	trials	210414SL	p06	Z11111	61	0.0	180.0	4	1962.3681304773731	1962.564570538511
1962.6284106050634	0.4964400611374913	trials	210414SL	p06	Z11111	292	6.0	135.0	12	1962.7784106050635	1962.9748506662008
1963.0286907296413	0.49644006113794603	trials	210414SL	p06	Z11111	70	9.0	180.0	4	1963.1786907296414	1963.3751307907792
1963.428930854207	0.4964800611501232	trials	210414SL	p06	Z11111	150	14.0	45.0	8	1963.578930854207	1963.775410915357
1963.8392109818974	0.5064800642626324	trials	210414SL	p06	Z11111	111	5.0	315.0	4	1963.9892109818975	1964.19569104616
1964.2594911126998	0.4964800611501232	trials	210414SL	p06	Z11111	318	2.0	225.0	12	1964.4094911127	1964.6059711738499
1964.6697712403902	0.4964800611501232	trials	210414SL	p06	Z11111	226	0.0	315.0	8	1964.8197712403903	1965.0162513015403
1969.6030927757743	0.5064800642621776	trials	210414SL	p06	Z11111	191	10.0	180.0	8	1969.7530927757743	1969.9595728400363
1970.0133729034646	0.4964400611374913	trials	210414SL	p06	Z11111	221	10.0	270.0	8	1970.1633729034647	1970.359812964602
1970.4236530311546	0.49644006113794603	trials	210414SL	p06	Z11111	236	10.0	315.0	8	1970.5736530311547	1970.7700930922924
1970.823933155733	0.4964400611374913	trials	210414SL	p06	Z11111	302	1.0	180.0	12	1970.973933155733	1971.1703732168703
1971.2241732802981	0.5164800673746868	trials	210414SL	p06	Z11111	250	9.0	0.0	12	1971.3741732802982	1971.5906533476727
1971.6544934142257	0.4964400611374913	trials	210414SL	p06	Z11111	324	8.0	225.0	12	1971.8044934142258	1972.0009334753631
1972.0547335387914	0.5064800642621776	trials	210414SL	p06	Z11111	58	12.0	135.0	4	1972.2047335387915	1972.4112136030535
1990.7773393657753	0.4964800611501232	trials	210414SL	p06	Z11111	285	14.0	90.0	12	1990.9273393657754	1991.1238194269254
1991.1776194903532	0.5064800642626324	trials	210414SL	p06	Z11111	130	9.0	0.0	8	1991.3276194903533	1991.5340995546158
1991.5878996180436	0.49644006113794603	trials	210414SL	p06	Z11111	198	2.0	225.0	8	1991.7378996180437	1991.9343396791814
1991.998179745734	0.49644006113794603	trials	210414SL	p06	Z11111	350	4.0	315.0	12	1992.148179745734	1992.3446198068718
1992.3984598703123	0.4964400611374913	trials	210414SL	p06	Z11111	33	2.0	90.0	4	1992.5484598703124	1992.7448999314497
1992.798699994878	0.4964800611501232	trials	210414SL	p06	Z11111	54	8.0	135.0	4	1992.948699994878	1993.145180056028
1993.2089801225684	0.5064800642621776	trials	210414SL	p06	Z11111	229	3.0	315.0	8	1993.3589801225685	1993.5654601868305
1997.4618614461806	0.4964400611374913	trials	210414SL	p06	Z11111	241	0.0	0.0	12	1997.6118614461807	1997.808301507318
1997.8621015707463	0.4964800611501232	trials	210414SL	p06	Z11111	166	0.0	135.0	8	1998.0121015707464	1998.2085816318963
1998.2623816953242	0.5064800642621776	trials	210414SL	p06	Z11111	157	6.0	90.0	8	1998.4123816953243	1998.6188617595863
1998.6726618230146	0.4964800611501232	trials	210414SL	p06	Z11111	304	3.0	180.0	12	1998.8226618230146	1999.0191418841646
1999.092941953817	0.4964800611501232	trials	210414SL	p06	Z11111	296	10.0	135.0	12	1999.242941953817	1999.439422014967
1999.5032220815074	0.4964800611501232	trials	210414SL	p06	Z11111	184	3.0	180.0	8	1999.6532220815075	1999.8497021426574
1999.9035022060857	0.4964400611374913	trials	210414SL	p06	Z11111	122	1.0	0.0	8	2000.0535022060858	2000.249942267223
2004.106343514124	0.4964400611374913	trials	210414SL	p06	Z11111	346	0.0	315.0	12	2004.2563435141242	2004.4527835752615
2004.5166236418145	0.4964400611374913	trials	210414SL	p06	Z11111	181	0.0	180.0	8	2004.6666236418146	2004.8630637029519
2004.9168637663797	0.5064800642626324	trials	210414SL	p06	Z11111	95	4.0	270.0	4	2005.0668637663798	2005.2733438306423
2005.32714389407	0.4964800611501232	trials	210414SL	p06	Z11111	281	10.0	90.0	12	2005.4771438940702	2005.6736239552201
2005.727424018648	0.49644006113794603	trials	210414SL	p06	Z11111	173	7.0	135.0	8	2005.877424018648	2006.0738640797858
2006.1277041432263	0.5164400673620548	trials	210414SL	p06	Z11111	97	6.0	270.0	4	2006.2777041432264	2006.4941442105883
2006.5479842740287	0.5064400642500004	trials	210414SL	p06	Z11111	265	9.0	45.0	12	2006.6979842740288	2006.9044243382787
2010.7307855758304	0.5064800642621776	trials	210414SL	p06	Z11111	8	7.0	0.0	4	2010.8807855758305	2011.0872656400925
2011.1410657035208	0.49644006113794603	trials	210414SL	p06	Z11111	49	3.0	135.0	4	2011.2910657035209	2011.4875057646586
2011.5413458280987	0.49644006113794603	trials	210414SL	p06	Z11111	356	10.0	315.0	12	2011.6913458280987	2011.8877858892365
2011.9515859557764	0.49648006115057797	trials	210414SL	p06	Z11111	78	2.0	225.0	4	2012.1015859557765	2012.298066016927
2012.3518660803547	0.4964800611501232	trials	210414SL	p06	Z11111	343	12.0	270.0	12	2012.5018660803548	2012.6983461415048
2012.752146204933	0.4964400611374913	trials	210414SL	p06	Z11111	0			0	2012.9021462049332	2013.0985862660705
2013.1724263357355	0.4964800611501232	trials	210414SL	p06	Z11111	212	1.0	270.0	8	2013.3224263357356	2013.5189063968855
2017.6554677309796	0.49644006113794603	trials	210414SL	p06	Z11111	50	4.0	135.0	4	2017.8054677309797	2018.0019077921174
2018.0657078586578	0.4964800611501232	trials	210414SL	p06	Z11111	274	3.0	90.0	12	2018.2157078586579	2018.4121879198078
2018.4659879832357	0.5064800642626324	trials	210414SL	p06	Z11111	42	11.0	90.0	4	2018.6159879832358	2018.8224680474982
2018.876268110926	0.4964800611501232	trials	210414SL	p06	Z11111	118	12.0	315.0	4	2019.0262681109261	2019.222748172076
2019.2765482355044	0.4964400611374913	trials	210414SL	p06	Z11111	323	7.0	225.0	12	2019.4265482355045	2019.6229882966418
2036.3680335548393	0.5064800642621776	trials	210414SL	p06	Z11111	193	12.0	180.0	8	2036.5180335548393	2036.7245136191013
2036.7783136825292	0.49648006115057797	trials	210414SL	p06	Z11111	113	7.0	315.0	4	2036.9283136825293	2037.1247937436797
2037.1885938102196	0.49648006115057797	trials	210414SL	p06	Z11111	28	12.0	45.0	4	2037.3385938102197	2037.53507387137
2037.588873934798	0.4964400611374913	trials	210414SL	p06	Z11111	293	7.0	135.0	12	2037.738873934798	2037.9353139959353
2038.0091540656003	0.5064800642626324	trials	210414SL	p06	Z11111	136	0.0	45.0	8	2038.1591540656004	2038.3656341298629
2038.4194341932907	0.5064400642500004	trials	210414SL	p06	Z11111	270	14.0	45.0	12	2038.5694341932908	2038.7758742575406
2038.829714320981	0.4964400611374913	trials	210414SL	p06	Z11111	279	8.0	90.0	12	2038.9797143209812	2039.1761543821185
2054.1299990828456	0.5064800642626324	trials	210414SL	p06	Z11111	102	11.0	270.0	4	2054.2799990828457	2054.486479147108
2054.540279210536	0.4964800611501232	trials	210414SL	p06	Z11111	120	14.0	315.0	4	2054.690279210536	2054.886759271686
2054.9505593382264	0.4964400611374913	trials	210414SL	p06	Z11111	79	3.0	225.0	4	2055.1005593382265	2055.296999399364
2055.3508394628047	0.4964400611374913	trials	210414SL	p06	Z11111	272	1.0	90.0	12	2055.500839462805	2055.697279523942
2055.75107958737	0.4964800611501232	trials	210414SL	p06	Z11111	328	12.0	225.0	12	2055.90107958737	2056.09755964852
2056.1513597119483	0.4964800611501232	trials	210414SL	p06	Z11111	246	5.0	0.0	12	2056.3013597119484	2056.4978397730983
2056.5616398396382	0.5064800642626324	trials	210414SL	p06	Z11111	112	6.0	315.0	4	2056.7116398396383	2056.918119903901
2067.088723115953	0.5064800642621776	trials	210414SL	p06	Z11111	126	5.0	0.0	8	2067.2387231159532	2067.4452031802152
2067.4990032436435	0.4964800611501232	trials	210414SL	p06	Z11111	125	4.0	0.0	8	2067.6490032436436	2067.8454833047936
2067.909283371334	0.4964400611374913	trials	210414SL	p06	Z11111	218	7.0	270.0	8	2068.059283371334	2068.2557234324713
2068.309563495912	0.49644006113794603	trials	210414SL	p06	Z11111	98	7.0	270.0	4	2068.459563495912	2068.6560035570496
2068.7098036204775	0.5064800642621776	trials	210414SL	p06	Z11111	36	5.0	90.0	4	2068.8598036204776	2069.0662836847396
2069.13008375128	0.5064800642626324	trials	210414SL	p06	Z11111	340	9.0	270.0	12	2069.28008375128	2069.4865638155425
2069.540403878983	0.4964400611374913	trials	210414SL	p06	Z11111	10	9.0	0.0	4	2069.690403878983	2069.8868439401203
2074.0534052835515	0.5064800642626324	trials	210414SL	p06	Z11111	115	9.0	315.0	4	2074.2034052835515	2074.409885347814
2074.463685411242	0.4964800611501232	trials	210414SL	p06	Z11111	86	10.0	225.0	4	2074.613685411242	2074.810165472392
2074.8940055451694	0.4964400611374913	trials	210414SL	p06	Z11111	96	5.0	270.0	4	2075.0440055451695	2075.240445606307
2075.304245672847	0.4964800611501232	trials	210414SL	p06	Z11111	321	5.0	225.0	12	2075.4542456728473	2075.650725733997
2075.704525797425	0.4964800611501232	trials	210414SL	p06	Z11111	74	13.0	180.0	4	2075.854525797425	2076.051005858575
2076.1048059220034	0.4964400611374913	trials	210414SL	p06	Z11111	0			0	2076.2548059220035	2076.451245983141
2076.5050860465813	0.5164400673625096	trials	210414SL	p06	Z11111	240	14.0	315.0	8	2076.6550860465813	2076.8715261139437
2080.7579273701813	0.4964800611501232	trials	210414SL	p06	Z11111	310	9.0	180.0	12	2080.9079273701814	2081.1044074313313
2081.158207494759	0.5064800642621776	trials	210414SL	p06	Z11111	159	8.0	90.0	8	2081.3082074947592	2081.5146875590212
2081.5684876224495	0.49644006113794603	trials	210414SL	p06	Z11111	84	8.0	225.0	4	2081.7184876224496	2081.9149276835874
2081.97876775014	0.5164800673746868	trials	210414SL	p06	Z11111	163	12.0	90.0	8	2082.12876775014	2082.3452478175145
2082.3990478809424	0.5064400642500004	trials	210414SL	p06	Z11111	202	6.0	225.0	8	2082.5490478809425	2082.7554879451923
2082.8093280086327	0.49644006113794603	trials	210414SL	p06	Z11111	348	2.0	315.0	12	2082.959328008633	2083.1557680697706
2083.2095681331984	0.4964800611501232	trials	210414SL	p06	Z11111	99	8.0	270.0	4	2083.3595681331985	2083.5560481943485
2095.828092060426	0.5064400642500004	trials	210414SL	p06	Z11111	213	2.0	270.0	8	2095.978092060426	2096.184532124676
2109.5973363457897	0.5064800642621776	trials	210414SL	p06	Z11111	177	11.0	135.0	8	2109.74733634579	2109.953816410052
2110.087696498403	0.4964400611374913	trials	210414SL	p06	Z11111	335	4.0	270.0	12	2110.2376964984032	2110.4341365595405
2110.4879366229684	0.4964800611501232	trials	210414SL	p06	Z11111	37	6.0	90.0	4	2110.6379366229685	2110.8344166841184
2110.8882167475463	0.5064800642626324	trials	210414SL	p06	Z11111	263	7.0	45.0	12	2111.0382167475464	2111.244696811809
2111.2984968752367	0.5164800673746868	trials	210414SL	p06	Z11111	152	1.0	90.0	8	2111.4484968752367	2111.6649769426112
2111.7187770060395	0.4964800611501232	trials	210414SL	p06	Z11111	161	10.0	90.0	8	2111.8687770060396	2112.0652570671896
2112.12905713373	0.4964400611374913	trials	210414SL	p06	Z11111	312	11.0	180.0	12	2112.27905713373	2112.4754971948673
2116.361898451105	0.4964800611501232	trials	210414SL	p06	Z11111	308	7.0	180.0	12	2116.511898451105	2116.708378512255
2116.7721785787953	0.4964800611501232	trials	210414SL	p06	Z11111	214	3.0	270.0	8	2116.9221785787954	2117.1186586399454
2117.1724587033736	0.5064400642500004	trials	210414SL	p06	Z11111	114	8.0	315.0	4	2117.3224587033737	2117.5288987676236
2117.5827388310636	0.49644006113794603	trials	210414SL	p06	Z11111	338	7.0	270.0	12	2117.7327388310637	2117.9291788922014
2117.9829789556293	0.5164800673751415	trials	210414SL	p06	Z11111	247	6.0	0.0	12	2118.1329789556294	2118.3494590230043
2118.403259086432	0.5064800642621776	trials	210414SL	p06	Z11111	227	1.0	315.0	8	2118.5532590864323	2118.7597391506943
2118.813539214122	0.49648006115057797	trials	210414SL	p06	Z11111	55	9.0	135.0	4	2118.963539214122	2119.1600192752726
2127.7996220108357	0.5064400642500004	trials	210414SL	p06	Z11111	299	13.0	135.0	12	2127.949622010836	2128.1560620750856
2128.209902138526	0.4964400611374913	trials	210414SL	p06	Z11111	13	12.0	0.0	4	2128.359902138526	2128.5563421996635
2128.620142266204	0.4964800611501232	trials	210414SL	p06	Z11111	311	10.0	180.0	12	2128.770142266204	2128.966622327354
2129.0204223907817	0.4964800611501232	trials	210414SL	p06	Z11111	313	12.0	180.0	12	2129.170422390782	2129.3669024519318
2129.42070251536	0.4964400611374913	trials	210414SL	p06	Z11111	267	11.0	45.0	12	2129.57070251536	2129.7671425764975
2129.8309826430504	0.4964400611374913	trials	210414SL	p06	Z11111	2	1.0	0.0	4	2129.9809826430505	2130.177422704188
2130.251262773853	0.49644006113794603	trials	210414SL	p06	Z11111	235	9.0	315.0	8	2130.401262773853	2130.5977028349907
2147.2427080620528	0.5064400642500004	trials	210414SL	p06	Z11111	354	8.0	315.0	12	2147.392708062053	2147.5991481263027
2147.662988192855	0.49644006113794603	trials	210414SL	p06	Z11111	77	1.0	225.0	4	2147.8129881928553	2148.009428253993
2148.0632683174335	0.5064400642495457	trials	210414SL	p06	Z11111	64	3.0	180.0	4	2148.2132683174336	2148.419708381683
2148.473548445124	0.4964400611374913	trials	210414SL	p06	Z11111	333	2.0	270.0	12	2148.623548445124	2148.8199885062613
2148.873788569689	0.5164800673746868	trials	210414SL	p06	Z11111	178	12.0	135.0	8	2149.0237885696893	2149.2402686370638
2149.294068700492	0.5064800642621776	trials	210414SL	p06	Z11111	137	1.0	45.0	8	2149.444068700492	2149.650548764754
2149.7043488281824	0.4964800611496685	trials	210414SL	p06	Z11111	22	6.0	45.0	4	2149.8543488281825	2150.050828889332
2168.9373148140044	0.5064400642500004	trials	210414SL	p06	Z11111	51	5.0	135.0	4	2169.0873148140045	2169.2937548782543
2169.357594944807	0.49644006113794603	trials	210414SL	p06	Z11111	297	11.0	135.0	12	2169.507594944807	2169.7040350059447
2169.7578350693725	0.5064800642621776	trials	210414SL	p06	Z11111	182	1.0	180.0	8	2169.9078350693726	2170.1143151336346
2170.168115197063	0.4964800611501232	trials	210414SL	p06	Z11111	14	13.0	0.0	4	2170.318115197063	2170.514595258213
2170.588435327878	0.4964400611374913	trials	210414SL	p06	Z11111	228	2.0	315.0	8	2170.738435327878	2170.9348753890154
2170.9986754555557	0.4964800611501232	trials	210414SL	p06	Z11111	249	8.0	0.0	12	2171.148675455556	2171.3451555167057
2171.398955580134	0.4964800611496685	trials	210414SL	p06	Z11111	151	0.0	90.0	8	2171.548955580134	2171.7454356412836
2175.8319569598043	0.5064400642500004	trials	210414SL	p06	Z11111	175	9.0	135.0	8	2175.9819569598044	2176.188397024054
2176.2422370874947	0.49644006113794603	trials	210414SL	p06	Z11111	327	11.0	225.0	12	2176.392237087495	2176.5886771486325
2176.652517215185	0.4964400611374913	trials	210414SL	p06	Z11111	139	3.0	45.0	8	2176.802517215185	2176.9989572763225
2177.0527573397508	0.4964800611501232	trials	210414SL	p06	Z11111	85	9.0	225.0	4	2177.202757339751	2177.399237400901
2177.4530374643286	0.4964400611374913	trials	210414SL	p06	Z11111	7	6.0	0.0	4	2177.6030374643287	2177.799477525466
2177.863317592019	0.5164800673746868	trials	210414SL	p06	Z11111	269	13.0	45.0	12	2178.013317592019	2178.2297976593936
2178.283597722822	0.4964400611374913	trials	210414SL	p06	Z11111	206	10.0	225.0	8	2178.433597722822	2178.6300377839593
2193.6339225002603	0.4964800611501232	trials	210414SL	p06	Z11111	303	2.0	180.0	12	2193.7839225002604	2193.9804025614103
2194.04420262795	0.49648006115057797	trials	210414SL	p06	Z11111	242	1.0	0.0	12	2194.1942026279503	2194.3906826891007
2194.4444827525285	0.4964400611374913	trials	210414SL	p06	Z11111	189	8.0	180.0	8	2194.5944827525286	2194.790922813666
2194.854762880219	0.4964400611374913	trials	210414SL	p06	Z11111	352	6.0	315.0	12	2195.004762880219	2195.2012029413563
2195.255043004797	0.5164400673625096	trials	210414SL	p06	Z11111	317	1.0	225.0	12	2195.405043004797	2195.621483072159
2195.675283135587	0.5064800642626324	trials	210414SL	p06	Z11111	76	0.0	225.0	4	2195.825283135587	2196.0317631998496
2196.08560326329	0.4964400611374913	trials	210414SL	p06	Z11111	256	0.0	45.0	12	2196.23560326329	2196.4320433244275
2229.568133683964	0.5064400642500004	trials	210414SL	p06	Z11111	108	2.0	315.0	4	2229.718133683964	2229.924573748214
2229.9784138116543	0.5064400642500004	trials	210414SL	p06	Z11111	290	4.0	135.0	12	2230.1284138116544	2230.334853875904
2230.388693939344	0.49644006113794603	trials	210414SL	p06	Z11111	23	7.0	45.0	4	2230.5386939393443	2230.735134000482
2230.7889340639103	0.4964800611496685	trials	210414SL	p06	Z11111	316	0.0	225.0	12	2230.9389340639104	2231.13541412506
2231.189214188488	0.4964400611374913	trials	210414SL	p06	Z11111	40	9.0	90.0	4	2231.3392141884883	2231.5356542496256
2231.589494313066	0.5064400642500004	trials	210414SL	p06	Z11111	258	2.0	45.0	12	2231.739494313066	2231.945934377316
2232.019774446981	0.4964400611374913	trials	210414SL	p06	Z11111	12	11.0	0.0	4	2232.169774446981	2232.3662145081184
2252.283420753579	0.4964400611374913	trials	210414SL	p06	Z11111	83	7.0	225.0	4	2252.433420753579	2252.6298608147163
2252.6837008781567	0.5064400642500004	trials	210414SL	p06	Z11111	21	5.0	45.0	4	2252.833700878157	2253.0401409424067
2253.1039810089596	0.4964400611374913	trials	210414SL	p06	Z11111	119	13.0	315.0	4	2253.2539810089597	2253.450421070097
2253.5042611335375	0.49644006113794603	trials	210414SL	p06	Z11111	215	4.0	270.0	8	2253.6542611335376	2253.8507011946754
2253.904501258103	0.4964800611501232	trials	210414SL	p06	Z11111	314	13.0	180.0	12	2254.0545012581033	2254.2509813192532
2254.3247813889056	0.4964800611501232	trials	210414SL	p06	Z11111	6	5.0	0.0	4	2254.4747813889057	2254.6712614500557
2254.735061516596	0.4964800611501232	trials	210414SL	p06	Z11111	211	0.0	270.0	8	2254.885061516596	2255.081541577746
2258.947902827747	0.4964400611374913	trials	210414SL	p06	Z11111	29	13.0	45.0	4	2259.097902827747	2259.2943428888843
2259.348182952325	0.5064400642500004	trials	210414SL	p06	Z11111	262	6.0	45.0	12	2259.498182952325	2259.7046230165747
2259.758463080015	0.4964400611374913	trials	210414SL	p06	Z11111	73	12.0	180.0	4	2259.9084630800153	2260.1049031411526
2260.158703204581	0.4964800611501232	trials	210414SL	p06	Z11111	271	0.0	90.0	12	2260.308703204581	2260.505183265731
2260.5589833291588	0.4964800611501232	trials	210414SL	p06	Z11111	341	10.0	270.0	12	2260.708983329159	2260.905463390309
2263.621064282162	0.5064400642495457	trials	210414SL	p06	Z11111	238	12.0	315.0	8	2263.771064282162	2263.9775043464115
2264.031344409852	0.49644006113794603	trials	210414SL	p06	Z11111	280	9.0	90.0	12	2264.181344409852	2264.37778447099
2264.4315845344177	0.5064800642621776	trials	210414SL	p06	Z11111	131	10.0	0.0	8	2264.5815845344177	2264.7880645986797
2264.841864662108	0.4964800611501232	trials	210414SL	p06	Z11111	82	6.0	225.0	4	2264.991864662108	2265.188344723258
2265.242144786686	0.49644006113794603	trials	210414SL	p06	Z11111	347	1.0	315.0	12	2265.392144786686	2265.5885848478238
2265.6524249143763	0.49644006113794603	trials	210414SL	p06	Z11111	276	5.0	90.0	12	2265.8024249143764	2265.998864975514
2266.072705045179	0.4964400611374913	trials	210414SL	p06	Z11111	266	10.0	45.0	12	2266.2227050451793	2266.4191451063166
2270.2054663314066	0.4964800611501232	trials	210414SL	p06	Z11111	138	2.0	45.0	8	2270.3554663314067	2270.5519463925566
2270.605746455985	0.5064800642621776	trials	210414SL	p06	Z11111	261	5.0	45.0	12	2270.755746455985	2270.962226520247
2271.0160265836753	0.4964800611501232	trials	210414SL	p06	Z11111	100	9.0	270.0	4	2271.1660265836754	2271.3625066448253
2271.416306708253	0.4964400611374913	trials	210414SL	p06	Z11111	101	10.0	270.0	4	2271.5663067082533	2271.7627467693906
2271.8165868328315	0.5164400673620548	trials	210414SL	p06	Z11111	155	4.0	90.0	8	2271.9665868328316	2272.1830269001935
2272.236866963634	0.5064400642500004	trials	210414SL	p06	Z11111	65	4.0	180.0	4	2272.386866963634	2272.593307027884
2272.6471470913243	0.4964400611374913	trials	210414SL	p06	Z11111	127	6.0	0.0	8	2272.7971470913244	2272.9935871524617
2284.7753108659385	0.5064400642500004	trials	210414SL	p06	Z11111	32	1.0	90.0	4	2284.9253108659386	2285.1317509301884
2285.195590996741	0.49644006113794603	trials	210414SL	p06	Z11111	230	4.0	315.0	8	2285.345590996741	2285.542031057879
2285.5958311213067	0.4964800611501232	trials	210414SL	p06	Z11111	248	7.0	0.0	12	2285.7458311213068	2285.9423111824567
2285.996111245885	0.4964800611501232	trials	210414SL	p06	Z11111	332	1.0	270.0	12	2286.146111245885	2286.342591307035
2286.396391370463	0.4964400611374913	trials	210414SL	p06	Z11111	140	4.0	45.0	8	2286.546391370463	2286.7428314316003
2286.8066714981533	0.4964400611374913	trials	210414SL	p06	Z11111	196	0.0	225.0	8	2286.9566714981534	2287.1531115592907
2287.206951622731	0.5164400673620548	trials	210414SL	p06	Z11111	286	0.0	135.0	12	2287.3569516227312	2287.573391690093
2292.4904732671066	0.49648006115057797	trials	210414SL	p06	Z11111	59	13.0	135.0	4	2292.6404732671067	2292.836953328257
2292.900753394797	0.49648006115057797	trials	210414SL	p06	Z11111	289	3.0	135.0	12	2293.050753394797	2293.2472334559475
2293.3010335193753	0.4964400611374913	trials	210414SL	p06	Z11111	69	8.0	180.0	4	2293.4510335193754	2293.6474735805127
2293.7113136470657	0.4964400611374913	trials	210414SL	p06	Z11111	190	9.0	180.0	8	2293.861313647066	2294.057753708203
2294.131593777868	0.5064800642626324	trials	210414SL	p06	Z11111	31	0.0	90.0	4	2294.2815937778682	2294.4880738421307
2294.5418739055585	0.4964400611374913	trials	210414SL	p06	Z11111	259	3.0	45.0	12	2294.6918739055586	2294.888313966696
2294.9421540301364	0.5064400642500004	trials	210414SL	p06	Z11111	339	8.0	270.0	12	2295.0921540301365	2295.2985940943863
2299.064915313252	0.5164800673746868	trials	210414SL	p06	Z11111	186	5.0	180.0	8	2299.2149153132523	2299.431395380627
2299.495195447167	0.4964800611496685	trials	210414SL	p06	Z11111	205	9.0	225.0	8	2299.645195447167	2299.8416755083167
2299.895475571745	0.4964400611374913	trials	210414SL	p06	Z11111	87	11.0	225.0	4	2300.045475571745	2300.2419156328824
2300.295755696323	0.5064400642500004	trials	210414SL	p06	Z11111	104	13.0	270.0	4	2300.445755696323	2300.652195760573
2300.7059958240006	0.5064800642626324	trials	210414SL	p06	Z11111	320	4.0	225.0	12	2300.8559958240007	2301.062475888263
2301.126315954816	0.4964400611374913	trials	210414SL	p06	Z11111	88	12.0	225.0	4	2301.2763159548163	2301.4727560159536
2301.5265560793814	0.5064800642626324	trials	210414SL	p06	Z11111	203	7.0	225.0	8	2301.6765560793815	2301.883036143644
2305.659357365622	0.4964400611374913	trials	210414SL	p06	Z11111	129	8.0	0.0	8	2305.809357365622	2306.0057974267593
2306.069637493312	0.49644006113794603	trials	210414SL	p06	Z11111	171	5.0	135.0	8	2306.219637493312	2306.4160775544497
2306.4698776178775	0.4964800611501232	trials	210414SL	p06	Z11111	24	8.0	45.0	4	2306.6198776178776	2306.8163576790275
2306.870157742456	0.4964800611501232	trials	210414SL	p06	Z11111	170	4.0	135.0	8	2307.020157742456	2307.216637803606
2307.2904378732583	0.5064800642626324	trials	210414SL	p06	Z11111	217	6.0	270.0	8	2307.4404378732584	2307.646917937521
2307.7007180009487	0.4964800611501232	trials	210414SL	p06	Z11111	57	11.0	135.0	4	2307.8507180009487	2308.0471980620987
2308.100998125527	0.5064800642621776	trials	210414SL	p06	Z11111	254	13.0	0.0	12	2308.250998125527	2308.457478189789
2324.151803120974	0.5064800642621776	trials	210414SL	p06	Z11111	52	6.0	135.0	4	2324.301803120974	2324.508283185236
2324.562083248664	0.49644006113794603	trials	210414SL	p06	Z11111	298	12.0	135.0	12	2324.712083248664	2324.9085233098017
2324.962363373242	0.5064400642495457	trials	210414SL	p06	Z11111	107	1.0	315.0	4	2325.1123633732423	2325.3188034374916
2325.3726435009326	0.5164400673620548	trials	210414SL	p06	Z11111	20	4.0	45.0	4	2325.5226435009326	2325.7390835682945
2325.792923631735	0.4964400611374913	trials	210414SL	p06	Z11111	135	14.0	0.0	8	2325.942923631735	2326.1393636928724
2326.2032037594254	0.4964400611374913	trials	210414SL	p06	Z11111	283	12.0	90.0	12	2326.3532037594255	2326.549643820563
2326.603443883991	0.4964800611496685	trials	210414SL	p06	Z11111	273	2.0	90.0	12	2326.753443883991	2326.9499239451407
2330.786285185805	0.5064400642500004	trials	210414SL	p06	Z11111	146	10.0	45.0	8	2330.936285185805	2331.142725250055
2331.1965653134953	0.4964400611374913	trials	210414SL	p06	Z11111	169	3.0	135.0	8	2331.3465653134954	2331.5430053746327
2331.606805441173	0.4964800611501232	trials	210414SL	p06	Z11111	94	3.0	270.0	4	2331.756805441173	2331.953285502323
2332.0070855657514	0.4964800611496685	trials	210414SL	p06	Z11111	162	11.0	90.0	8	2332.1570855657515	2332.353565626901
2332.4073656903292	0.4964400611374913	trials	210414SL	p06	Z11111	4	3.0	0.0	4	2332.5573656903293	2332.7538057514666
2332.807645814907	0.5064400642500004	trials	210414SL	p06	Z11111	153	2.0	90.0	8	2332.957645814907	2333.164085879157
2333.2179259425975	0.5164400673620548	trials	210414SL	p06	Z11111	165	14.0	90.0	8	2333.3679259425976	2333.5843660099595
2337.550807291108	0.4964800611501232	trials	210414SL	p06	Z11111	110	4.0	315.0	4	2337.700807291108	2337.897287352258
2337.9510874156863	0.5064800642621776	trials	210414SL	p06	Z11111	133	12.0	0.0	8	2338.1010874156864	2338.3075674799484
2338.3613675433767	0.4964800611496685	trials	210414SL	p06	Z11111	160	9.0	90.0	8	2338.5113675433768	2338.7078476045263
2338.7616476679545	0.49644006113794603	trials	210414SL	p06	Z11111	25	9.0	45.0	4	2338.9116476679546	2339.1080877290924
2339.1619277925324	0.5064400642500004	trials	210414SL	p06	Z11111	172	6.0	135.0	8	2339.3119277925325	2339.5183678567823
2339.5721679202106	0.4964800611501232	trials	210414SL	p06	Z11111	219	8.0	270.0	8	2339.7221679202107	2339.9186479813607
2339.9924880510257	0.5364800735987956	trials	210414SL	p06	Z11111	1	0.0	0.0	4	2340.142488051026	2340.3789681246244
2342.704288895012	0.4964800611501232	trials	210414SL	p06	Z11111	357	11.0	315.0	12	2342.854288895012	2343.050768956162
2343.1045690195897	0.5064800642626324	trials	210414SL	p06	Z11111	243	2.0	0.0	12	2343.25456901959	2343.4610490838522
2343.51484914728	0.4964400611374913	trials	210414SL	p06	Z11111	121	0.0	0.0	8	2343.66484914728	2343.8612892084175
2343.9151292718584	0.4964400611374913	trials	210414SL	p06	Z11111	319	3.0	225.0	12	2344.0651292718585	2344.261569332996
2344.3153693964236	0.5064800642626324	trials	210414SL	p06	Z11111	325	9.0	225.0	12	2344.4653693964237	2344.671849460686
2344.7456895303512	0.4964400611374913	trials	210414SL	p06	Z11111	315	14.0	180.0	12	2344.8956895303513	2345.0921295914886
2345.1459296549165	0.4964800611501232	trials	210414SL	p06	Z11111	342	11.0	270.0	12	2345.2959296549166	2345.4924097160665
2349.458850997215	0.5064400642500004	trials	210414SL	p06	Z11111	72	11.0	180.0	4	2349.608850997215	2349.815291061465
2349.8691311249054	0.4964400611374913	trials	210414SL	p06	Z11111	0			0	2350.0191311249055	2350.215571186043
2350.269371249471	0.5164800673746868	trials	210414SL	p06	Z11111	141	5.0	45.0	8	2350.419371249471	2350.6358513168457
2350.699691383398	0.49644006113794603	trials	210414SL	p06	Z11111	44	13.0	90.0	4	2350.8496913833983	2351.046131444536
2351.099931507964	0.4964800611501232	trials	210414SL	p06	Z11111	149	13.0	45.0	8	2351.249931507964	2351.446411569114
2351.5102116356543	0.4964800611501232	trials	210414SL	p06	Z11111	239	13.0	315.0	8	2351.6602116356544	2351.8566916968043
2351.910491760232	0.49644006113794603	trials	210414SL	p06	Z11111	257	1.0	45.0	12	2352.0604917602323	2352.25693182137
2356.4135331617013	0.5064400642500004	trials	210414SL	p06	Z11111	148	12.0	45.0	8	2356.5635331617013	2356.769973225951
2356.8238132893916	0.4964400611374913	trials	210414SL	p06	Z11111	26	10.0	45.0	4	2356.9738132893917	2357.170253350529
2357.2240534139573	0.5064800642621776	trials	210414SL	p06	Z11111	106	0.0	315.0	4	2357.3740534139574	2357.5805334782194
2357.6343335416477	0.4964800611501232	trials	210414SL	p06	Z11111	252	11.0	0.0	12	2357.784333541648	2357.9808136027978
2358.05461367245	0.4964800611501232	trials	210414SL	p06	Z11111	224	13.0	270.0	8	2358.2046136724503	2358.4010937336
2358.454893797028	0.5064800642626324	trials	210414SL	p06	Z11111	144	8.0	45.0	8	2358.604893797028	2358.8113738612906
2358.8651739247184	0.49644006113794603	trials	210414SL	p06	Z11111	89	13.0	225.0	4	2359.0151739247185	2359.2116139858563
2363.3181753106137	0.4964400611374913	trials	210414SL	p06	Z11111	167	1.0	135.0	8	2363.468175310614	2363.664615371751
2363.728455438304	0.4964400611374913	trials	210414SL	p06	Z11111	123	2.0	0.0	8	2363.878455438304	2364.0748954994415
2364.128735562882	0.5064400642500004	trials	210414SL	p06	Z11111	46	0.0	135.0	4	2364.278735562882	2364.485175627132
2364.5390156905723	0.4964400611374913	trials	210414SL	p06	Z11111	251	10.0	0.0	12	2364.6890156905724	2364.8854557517097
2364.939255815138	0.4964800611501232	trials	210414SL	p06	Z11111	291	5.0	135.0	12	2365.089255815138	2365.285735876288
2365.339535939716	0.49644006113794603	trials	210414SL	p06	Z11111	337	6.0	270.0	12	2365.489535939716	2365.6859760008538
2365.759816070519	0.4964400611374913	trials	210414SL	p06	Z11111	288	2.0	135.0	12	2365.909816070519	2366.106256131656
2376.987379564842	0.5064800642621776	trials	210414SL	p06	Z11111	134	13.0	0.0	8	2377.137379564842	2377.343859629104
2413.1917508326264	0.5965200922851182	trials	210414SL	p06	Z11111	60	14.0	135.0	4	2413.3417508326265	2413.6382709249115
2413.6921109883524	0.5064400642495457	trials	210414SL	p06	Z11111	344	13.0	270.0	12	2413.8421109883525	2414.048551052602
2414.10235111603	0.4964800611501232	trials	210414SL	p06	Z11111	268	12.0	45.0	12	2414.2523511160302	2414.44883117718
2414.5126312437205	0.5264800704867412	trials	210414SL	p06	Z11111	208	12.0	225.0	8	2414.6626312437206	2414.889111314207
2416.6340719039704	0.5064800642626324	trials	210414SL	p06	Z11111	53	7.0	135.0	4	2416.7840719039705	2416.990551968233
2422.588073757018	0.5064800642621776	trials	210414SL	p06	Z11111	355	9.0	315.0	12	2422.738073757018	2422.94455382128
2422.998353884708	0.4964400611374913	trials	210414SL	p06	Z11111	27	11.0	45.0	4	2423.1483538847083	2423.3447939458456
2432.8549969523633	0.5064400642500004	trials	210414SL	p06	Z11111	3	2.0	0.0	4	2433.0049969523634	2433.211437016613
2433.2652770800537	0.5064400642500004	trials	210414SL	p06	Z11111	197	1.0	225.0	8	2433.415277080054	2433.6217171443036
2433.675557207744	0.4964400611374913	trials	210414SL	p06	Z11111	244	3.0	0.0	12	2433.825557207744	2434.0219972688815
2434.07579733231	0.4964800611501232	trials	210414SL	p06	Z11111	329	13.0	225.0	12	2434.22579733231	2434.42227739346
2434.4760774568877	0.5064800642626324	trials	210414SL	p06	Z11111	216	5.0	270.0	8	2434.6260774568877	2434.83255752115
2434.886357584578	0.5164800673746868	trials	210414SL	p06	Z11111	168	2.0	135.0	8	2435.036357584578	2435.2528376519526
2435.306637715381	0.5064800642621776	trials	210414SL	p06	Z11111	222	11.0	270.0	8	2435.456637715381	2435.663117779643
2440.920399462536	0.4964800611501232	trials	210414SL	p06	Z11111	358	12.0	315.0	12	2441.070399462536	2441.266879523686
2441.3306795902263	0.4964800611501232	trials	210414SL	p06	Z11111	334	3.0	270.0	12	2441.4806795902264	2441.6771596513763
2441.730959714804	0.5064800642626324	trials	210414SL	p06	Z11111	34	3.0	90.0	4	2441.8809597148042	2442.0874397790667
2442.1412398424945	0.49648006115057797	trials	210414SL	p06	Z11111	38	7.0	90.0	4	2442.2912398424946	2442.487719903645
2442.541519967073	0.4964400611374913	trials	210414SL	p06	Z11111	200	4.0	225.0	8	2442.691519967073	2442.8879600282103
2442.9418000916507	0.49644006113794603	trials	210414SL	p06	Z11111	349	3.0	315.0	12	2443.091800091651	2443.2882401527886
2443.362080222453	0.5064400642500004	trials	210414SL	p06	Z11111	282	11.0	90.0	12	2443.5120802224533	2443.718520286703
2448.725681891752	0.5064400642500004	trials	210414SL	p06	Z11111	305	4.0	180.0	12	2448.8756818917523	2449.082121956002
2449.1359620194426	0.5064400642500004	trials	210414SL	p06	Z11111	237	11.0	315.0	8	2449.2859620194426	2449.4924020836925
2449.546242147133	0.4964400611374913	trials	210414SL	p06	Z11111	336	5.0	270.0	12	2449.696242147133	2449.8926822082703
2449.946482271698	0.5064800642626324	trials	210414SL	p06	Z11111	278	7.0	90.0	12	2450.0964822716983	2450.3029623359607
2452.6783231219215	0.5064800642621776	trials	210414SL	p06	Z11111	63	2.0	180.0	4	2452.8283231219216	2453.0348031861836
2453.088603249612	0.4964800611501232	trials	210414SL	p06	Z11111	180	14.0	135.0	8	2453.238603249612	2453.435083310762
2453.4988833773023	0.4964800611501232	trials	210414SL	p06	Z11111	253	12.0	0.0	12	2453.6488833773024	2453.8453634384523
2453.89916350188	0.49644006113794603	trials	210414SL	p06	Z11111	201	5.0	225.0	8	2454.0491635018802	2454.245603563018
2454.2994436264585	0.5164400673620548	trials	210414SL	p06	Z11111	204	8.0	225.0	8	2454.4494436264586	2454.6658836938204
2454.719723757261	0.5064400642500004	trials	210414SL	p06	Z11111	109	3.0	315.0	4	2454.869723757261	2455.076163821511
2455.129963884939	0.4964800611496685	trials	210414SL	p06	Z11111	187	6.0	180.0	8	2455.279963884939	2455.4764439460887
2460.783805644568	0.5064400642500004	trials	210414SL	p06	Z11111	103	12.0	270.0	4	2460.933805644568	2461.140245708818
2461.1940857722584	0.5064400642500004	trials	210414SL	p06	Z11111	234	8.0	315.0	8	2461.3440857722585	2461.5505258365083
2461.604365899949	0.49644006113794603	trials	210414SL	p06	Z11111	124	3.0	0.0	8	2461.754365899949	2461.9508059610866
2462.0146060276265	0.4964800611501232	trials	210414SL	p06	Z11111	307	6.0	180.0	12	2462.1646060276266	2462.3610860887766
2462.4349261584416	0.49644006113794603	trials	210414SL	p06	Z11111	192	11.0	180.0	8	2462.5849261584417	2462.7813662195795
2462.8451662861194	0.49648006115057797	trials	210414SL	p06	Z11111	209	13.0	225.0	8	2462.9951662861195	2463.19164634727
2463.2454464106977	0.4964400611374913	trials	210414SL	p06	Z11111	18	2.0	45.0	4	2463.395446410698	2463.591886471835
2468.6891281049197	0.4964400611374913	trials	210414SL	p06	Z11111	92	1.0	270.0	4	2468.83912810492	2469.035568166057
2469.0993682325975	0.4964800611501232	trials	210414SL	p06	Z11111	16	0.0	45.0	4	2469.2493682325976	2469.4458482937475
2469.4996483571754	0.4964800611501232	trials	210414SL	p06	Z11111	232	6.0	315.0	8	2469.6496483571755	2469.8461284183254
2469.8999284817532	0.5064800642626324	trials	210414SL	p06	Z11111	194	13.0	180.0	8	2470.0499284817533	2470.256408546016
2470.330248615681	0.4964400611374913	trials	210414SL	p06	Z11111	255	14.0	0.0	12	2470.480248615681	2470.6766886768182
2470.7404887433586	0.4964800611501232	trials	210414SL	p06	Z11111	44	13.0	90.0	4	2470.8904887433587	2471.0869688045086
2471.180808880398	0.5164400673625096	trials	210414SL	p06	Z11111	160	9.0	90.0	8	2471.3308088803983	2471.5472489477606
2476.6444905808444	0.49644006113794603	trials	210414SL	p06	Z11111	146	10.0	45.0	8	2476.7944905808445	2476.9909306419822
2477.0547707085348	0.49644006113794603	trials	210414SL	p06	Z11111	248	7.0	0.0	12	2477.204770708535	2477.4012107696726
2477.4550108331005	0.5064800642626324	trials	210414SL	p06	Z11111	194	13.0	180.0	8	2477.6050108331006	2477.811490897363
2477.865290960791	0.4964800611501232	trials	210414SL	p06	Z11111	192	11.0	180.0	8	2478.015290960791	2478.211771021941
2478.2655710853687	0.5164800673746868	trials	210414SL	p06	Z11111	204	8.0	225.0	8	2478.415571085369	2478.6320511527433
2478.6958512192837	0.4964800611501232	trials	210414SL	p06	Z11111	278	7.0	90.0	12	2478.8458512192838	2479.0423312804337
2479.096131343862	0.4964400611374913	trials	210414SL	p06	Z11111	70	9.0	180.0	4	2479.246131343862	2479.4425714049994
2485.7506134149176	0.49644006113794603	trials	210414SL	p06	Z11111	163	12.0	90.0	8	2485.9006134149176	2486.0970534760554
2486.160893542608	0.4964400611374913	trials	210414SL	p06	Z11111	358	12.0	315.0	12	2486.310893542608	2486.5073336037453
2486.5611336671736	0.4964800611501232	trials	210414SL	p06	Z11111	19	3.0	45.0	4	2486.7111336671737	2486.9076137283237
2486.9614137917515	0.4964800611501232	trials	210414SL	p06	Z11111	279	8.0	90.0	12	2487.1114137917516	2487.3078938529015
2487.3816939225544	0.5064800642621776	trials	210414SL	p06	Z11111	150	14.0	45.0	8	2487.5316939225545	2487.7381739868165
2487.791974050245	0.4964800611496685	trials	210414SL	p06	Z11111	120	14.0	315.0	4	2487.941974050245	2488.1384541113944
2488.2022541779347	0.49644006113794603	trials	210414SL	p06	Z11111	95	4.0	270.0	4	2488.352254177935	2488.5486942390726
2493.9360959624623	0.5064800642626324	trials	210414SL	p06	Z11111	185	4.0	180.0	8	2494.0860959624624	2494.292576026725
2494.356376093265	0.5064800642621776	trials	210414SL	p06	Z11111	119	13.0	315.0	4	2494.5063760932653	2494.7128561575273
2494.766656220955	0.4964800611501232	trials	210414SL	p06	Z11111	178	12.0	135.0	8	2494.9166562209552	2495.113136282105
2495.1769363486455	0.4964800611501232	trials	210414SL	p06	Z11111	302	1.0	180.0	12	2495.3269363486456	2495.5234164097956
2495.577216473224	0.4964800611501232	trials	210414SL	p06	Z11111	133	12.0	0.0	8	2495.727216473224	2495.923696534374
2495.9774965978017	0.4964400611374913	trials	210414SL	p06	Z11111	231	5.0	315.0	8	2496.127496597802	2496.323936658939
2496.3777767223796	0.5164400673625096	trials	210414SL	p06	Z11111	88	12.0	225.0	4	2496.5277767223797	2496.744216789742
2505.4038195315297	0.5064800642621776	trials	210414SL	p06	Z11111	78	2.0	225.0	4	2505.55381953153	2505.760299595792
2505.824139662345	0.4964400611374913	trials	210414SL	p06	Z11111	251	10.0	0.0	12	2505.974139662345	2506.170579723482
2506.2243797869105	0.4964800611501232	trials	210414SL	p06	Z11111	94	3.0	270.0	4	2506.3743797869106	2506.5708598480605
2506.6246599114884	0.49644006113794603	trials	210414SL	p06	Z11111	285	14.0	90.0	12	2506.7746599114885	2506.9710999726262
2507.0349400391788	0.49644006113794603	trials	210414SL	p06	Z11111	131	10.0	0.0	8	2507.184940039179	2507.3813801003166
2507.4352201637566	0.49644006113794603	trials	210414SL	p06	Z11111	47	1.0	135.0	4	2507.5852201637567	2507.7816602248945
2507.8354602883223	0.5164800673746868	trials	210414SL	p06	Z11111	195	14.0	180.0	8	2507.9854602883224	2508.201940355697
2513.3391820012303	0.5064800642621776	trials	210414SL	p06	Z11111	228	2.0	315.0	8	2513.4891820012303	2513.6956620654923
2513.7494621289206	0.49644006113794603	trials	210414SL	p06	Z11111	110	4.0	315.0	4	2513.8994621289207	2514.0959021900585
2514.159742256611	0.4964400611374913	trials	210414SL	p06	Z11111	187	6.0	180.0	8	2514.309742256611	2514.5061823177484
2514.560022381189	0.49644006113794603	trials	210414SL	p06	Z11111	183	2.0	180.0	8	2514.710022381189	2514.9064624423268
2514.9602625057546	0.4964800611501232	trials	210414SL	p06	Z11111	136	0.0	45.0	8	2515.1102625057547	2515.3067425669046
2515.3805426365575	0.5064800642621776	trials	210414SL	p06	Z11111	66	5.0	180.0	4	2515.5305426365576	2515.7370227008196
2515.790822764248	0.4964800611496685	trials	210414SL	p06	Z11111	220	9.0	270.0	8	2515.940822764248	2516.1373028253975
2522.0250247045005	0.49644006113794603	trials	210414SL	p06	Z11111	102	11.0	270.0	4	2522.1750247045006	2522.3714647656384
2522.435304832191	0.49644006113794603	trials	210414SL	p06	Z11111	281	10.0	90.0	12	2522.585304832191	2522.781744893329
2525.1771456855263	0.5064800642626324	trials	210414SL	p06	Z11111	129	8.0	0.0	8	2525.3271456855264	2525.533625749789
2525.5874258132167	0.5064800642626324	trials	210414SL	p06	Z11111	55	9.0	135.0	4	2525.7374258132168	2525.943905877479
2525.997705940907	0.49644006113794603	trials	210414SL	p06	Z11111	272	1.0	90.0	12	2526.147705940907	2526.344146002045
2526.3979860654854	0.5164400673620548	trials	210414SL	p06	Z11111	154	3.0	90.0	8	2526.5479860654855	2526.7644261328473
2526.8282661994	0.49644006113794603	trials	210414SL	p06	Z11111	308	7.0	180.0	12	2526.9782661994	2527.1747062605377
2527.228546323978	0.5064400642500004	trials	210414SL	p06	Z11111	350	4.0	315.0	12	2527.3785463239783	2527.584986388228
2527.6388264516686	0.4964400611374913	trials	210414SL	p06	Z11111	29	13.0	45.0	4	2527.7888264516687	2527.985266512806
2533.432708254882	0.4964400611374913	trials	210414SL	p06	Z11111	148	12.0	45.0	8	2533.582708254882	2533.7791483160195
2533.8329883794604	0.5064400642495457	trials	210414SL	p06	Z11111	3	2.0	0.0	4	2533.9829883794605	2534.18942844371
2534.243268507151	0.4964400611374913	trials	210414SL	p06	Z11111	291	5.0	135.0	12	2534.393268507151	2534.589708568288
2534.643508631716	0.4964800611501232	trials	210414SL	p06	Z11111	344	13.0	270.0	12	2534.793508631716	2534.989988692866
2535.0437887562944	0.516480067374232	trials	210414SL	p06	Z11111	59	13.0	135.0	4	2535.1937887562945	2535.4102688236685
2535.474068890209	0.4964800611501232	trials	210414SL	p06	Z11111	91	0.0	270.0	4	2535.624068890209	2535.820548951359
2535.8843490178992	0.4964800611501232	trials	210414SL	p06	Z11111	271	0.0	90.0	12	2536.0343490178993	2536.2308290790493
2541.5981907962023	0.5064800642621776	trials	210414SL	p06	Z11111	158	7.0	90.0	8	2541.7481907962024	2541.9546708604644
2544.2699916277393	0.4964800611501232	trials	210414SL	p06	Z11111	262	6.0	45.0	12	2544.4199916277394	2544.6164716888893
2544.6702717523176	0.5064800642621776	trials	210414SL	p06	Z11111	280	9.0	90.0	12	2544.8202717523177	2545.0267518165797
2545.080551880008	0.4964400611374913	trials	210414SL	p06	Z11111	92	1.0	270.0	4	2545.230551880008	2545.4269919411454
2545.480832004586	0.4964400611374913	trials	210414SL	p06	Z11111	168	2.0	135.0	8	2545.630832004586	2545.8272720657233
2545.8810721291516	0.4964800611496685	trials	210414SL	p06	Z11111	340	9.0	270.0	12	2546.0310721291517	2546.227552190301
2546.2913522568415	0.5164800673746868	trials	210414SL	p06	Z11111	257	1.0	45.0	12	2546.4413522568416	2546.657832324216
2546.7116323876444	0.4964800611501232	trials	210414SL	p06	Z11111	141	5.0	45.0	8	2546.8616323876445	2547.0581124487944
2556.0979553089232	0.5064800642626324	trials	210414SL	p06	Z11111	15	14.0	0.0	4	2556.2479553089233	2556.454435373186
2556.5082354366136	0.4964800611501232	trials	210414SL	p06	Z11111	313	12.0	180.0	12	2556.6582354366137	2556.8547154977637
2556.918515564304	0.4964800611501232	trials	210414SL	p06	Z11111	214	3.0	270.0	8	2557.068515564304	2557.264995625454
2560.4709166699076	0.5064400642500004	trials	210414SL	p06	Z11111	108	2.0	315.0	4	2560.6209166699077	2560.8273567341575
2564.243437844019	0.5064800642626324	trials	210414SL	p06	Z11111	157	6.0	90.0	8	2564.393437844019	2564.5999179082814
2564.6537179717093	0.5064800642626324	trials	210414SL	p06	Z11111	219	8.0	270.0	8	2564.8037179717094	2565.010198035972
2565.0639980993997	0.4964800611501232	trials	210414SL	p06	Z11111	186	5.0	180.0	8	2565.2139980993998	2565.4104781605497
2565.4642782239775	0.49644006113794603	trials	210414SL	p06	Z11111	345	14.0	270.0	12	2565.6142782239776	2565.8107182851154
2565.864558348556	0.5064400642500004	trials	210414SL	p06	Z11111	115	9.0	315.0	4	2566.014558348556	2566.220998412806
2566.2748384762463	0.5164400673620548	trials	210414SL	p06	Z11111	173	7.0	135.0	8	2566.4248384762464	2566.641278543608
2566.6951186070487	0.5064400642500004	trials	210414SL	p06	Z11111	325	9.0	225.0	12	2566.845118607049	2567.0515586712986
2572.2688403417424	0.5064800642626324	trials	210414SL	p06	Z11111	83	7.0	225.0	4	2572.4188403417425	2572.625320406005
2572.6791204694327	0.5064800642626324	trials	210414SL	p06	Z11111	165	14.0	90.0	8	2572.829120469433	2573.0356005336953
2573.089400597123	0.4964800611501232	trials	210414SL	p06	Z11111	242	1.0	0.0	12	2573.239400597123	2573.435880658273
2573.4896807217015	0.5064400642495457	trials	210414SL	p06	Z11111	360	14.0	315.0	12	2573.6396807217016	2573.846120785951
2573.8999608493914	0.49644006113794603	trials	210414SL	p06	Z11111	180	14.0	135.0	8	2574.0499608493915	2574.2464009105292
2576.751881736987	0.5064400642500004	trials	210414SL	p06	Z11111	152	1.0	90.0	8	2576.901881736987	2577.108321801237
2577.1621618646773	0.5064400642500004	trials	210414SL	p06	Z11111	38	7.0	90.0	4	2577.3121618646774	2577.518601928927
2577.5724419923677	0.4964400611374913	trials	210414SL	p06	Z11111	213	2.0	270.0	8	2577.7224419923677	2577.918882053505
2577.972682116933	0.49648006115057797	trials	210414SL	p06	Z11111	343	12.0	270.0	12	2578.122682116933	2578.3191621780834
2578.3829622446233	0.4964800611501232	trials	210414SL	p06	Z11111	355	9.0	315.0	12	2578.5329622446234	2578.7294423057733
2578.7832423692016	0.5164800673746868	trials	210414SL	p06	Z11111	282	11.0	90.0	12	2578.9332423692017	2579.149722436576
2579.203522500004	0.4964400611374913	trials	210414SL	p06	Z11111	170	4.0	135.0	8	2579.353522500004	2579.5499625611415
2586.008124617781	0.5064400642504552	trials	210414SL	p06	Z11111	353	7.0	315.0	12	2586.158124617781	2586.3645646820314
2586.4183647454593	0.4964800611501232	trials	210414SL	p06	Z11111	205	9.0	225.0	8	2586.5683647454593	2586.7648448066093
2586.828644873149	0.49648006115057797	trials	210414SL	p06	Z11111	126	5.0	0.0	8	2586.9786448731493	2587.1751249342997
2587.2289249977275	0.5164800673746868	trials	210414SL	p06	Z11111	352	6.0	315.0	12	2587.3789249977276	2587.595405065102
2587.6492051285304	0.4964800611501232	trials	210414SL	p06	Z11111	69	8.0	180.0	4	2587.7992051285305	2587.9956851896804
2588.059485256221	0.4964400611374913	trials	210414SL	p06	Z11111	77	1.0	225.0	4	2588.209485256221	2588.405925317358
2588.4597653807987	0.4964400611374913	trials	210414SL	p06	Z11111	32	1.0	90.0	4	2588.6097653807988	2588.806205441936
2594.4037672307336	0.4964400611374913	trials	210414SL	p06	Z11111	64	3.0	180.0	4	2594.5537672307337	2594.750207291871
2594.814047358424	0.4964400611374913	trials	210414SL	p06	Z11111	336	5.0	270.0	12	2594.964047358424	2595.1604874195614
2595.2142874829897	0.5064800642621776	trials	210414SL	p06	Z11111	172	6.0	135.0	8	2595.3642874829898	2595.5707675472518
2595.6245676106796	0.4964800611501232	trials	210414SL	p06	Z11111	74	13.0	180.0	4	2595.7745676106797	2595.9710476718296
2596.024847735258	0.5164800673746868	trials	210414SL	p06	Z11111	275	4.0	90.0	12	2596.174847735258	2596.3913278026325
2596.455127869173	0.4964800611501232	trials	210414SL	p06	Z11111	96	5.0	270.0	4	2596.605127869173	2596.801607930323
2596.8554079937508	0.49644006113794603	trials	210414SL	p06	Z11111	328	12.0	225.0	12	2597.005407993751	2597.2018480548886
2609.3338118773695	0.5064400642500004	trials	210414SL	p06	Z11111	0			0	2609.4838118773696	2609.6902519416194
2609.74409200506	0.5064400642500004	trials	210414SL	p06	Z11111	224	13.0	270.0	8	2609.89409200506	2610.10053206931
2648.16994396423	0.5064800642626324	trials	210414SL	p06	Z11111	217	6.0	270.0	8	2648.31994396423	2648.5264240284923
2650.9818648393757	0.5064400642504552	trials	210414SL	p06	Z11111	72	11.0	180.0	4	2651.131864839376	2651.338304903626
2651.392144967066	0.49644006113794603	trials	210414SL	p06	Z11111	199	3.0	225.0	8	2651.542144967066	2651.738585028204
2651.8023850947443	0.4964800611501232	trials	210414SL	p06	Z11111	321	5.0	225.0	12	2651.9523850947444	2652.1488651558943
2652.202665219322	0.4964800611501232	trials	210414SL	p06	Z11111	171	5.0	135.0	8	2652.3526652193223	2652.549145280472
2652.6029453439005	0.5164800673746868	trials	210414SL	p06	Z11111	244	3.0	0.0	12	2652.7529453439006	2652.969425411275
2653.023225474703	0.5064800642626324	trials	210414SL	p06	Z11111	247	6.0	0.0	12	2653.173225474703	2653.3797055389655
2653.4335056023933	0.4964400611374913	trials	210414SL	p06	Z11111	63	2.0	180.0	4	2653.5835056023934	2653.7799456635307
2658.817147277929	0.5064400642500004	trials	210414SL	p06	Z11111	80	4.0	225.0	4	2658.967147277929	2659.173587342179
2659.227387405607	0.4964800611501232	trials	210414SL	p06	Z11111	106	0.0	315.0	4	2659.377387405607	2659.573867466757
2659.6276675301847	0.4964800611501232	trials	210414SL	p06	Z11111	250	9.0	0.0	12	2659.7776675301848	2659.9741475913347
2660.0479476609876	0.4964800611501232	trials	210414SL	p06	Z11111	274	3.0	90.0	12	2660.1979476609877	2660.3944277221376
2660.458227788678	0.4964400611374913	trials	210414SL	p06	Z11111	40	9.0	90.0	4	2660.608227788678	2660.8046678498154
2660.858507913256	0.49644006113794603	trials	210414SL	p06	Z11111	347	1.0	315.0	12	2661.008507913256	2661.2049479743937
2661.2587880378337	0.5064400642504552	trials	210414SL	p06	Z11111	100	9.0	270.0	4	2661.408788037834	2661.615228102084
2666.8025097631908	0.5064400642500004	trials	210414SL	p06	Z11111	24	8.0	45.0	4	2666.952509763191	2667.1589498274407
2667.212789890881	0.5064400642500004	trials	210414SL	p06	Z11111	50	4.0	135.0	4	2667.3627898908812	2667.569229955131
2667.6230700185715	0.5164400673625096	trials	210414SL	p06	Z11111	327	11.0	225.0	12	2667.7730700185716	2667.989510085934
2668.043350149374	0.5064400642500004	trials	210414SL	p06	Z11111	258	2.0	45.0	12	2668.193350149374	2668.399790213624
2668.4536302770643	0.49644006113794603	trials	210414SL	p06	Z11111	0			0	2668.6036302770644	2668.800070338202
2668.85387040163	0.5264800704871959	trials	210414SL	p06	Z11111	151	0.0	90.0	8	2669.00387040163	2669.230350472117
2669.284190535557	0.5064400642504552	trials	210414SL	p06	Z11111	121	0.0	0.0	8	2669.4341905355573	2669.6406305998075
2675.9286326034885	0.5064800642621776	trials	210414SL	p06	Z11111	354	8.0	315.0	12	2676.0786326034886	2676.2851126677506
2698.2336795454253	0.5064400642504552	trials	210414SL	p06	Z11111	7	6.0	0.0	4	2698.3836795454254	2698.5901196096756
2700.515200255497	0.5064800642621776	trials	210414SL	p06	Z11111	254	13.0	0.0	12	2700.665200255497	2700.871680319759
2700.9254803831873	0.49644006113794603	trials	210414SL	p06	Z11111	202	6.0	225.0	8	2701.0754803831874	2701.271920444325
2701.3357605108777	0.4964400611374913	trials	210414SL	p06	Z11111	197	1.0	225.0	8	2701.4857605108778	2701.682200572015
2701.736000635443	0.49648006115057797	trials	210414SL	p06	Z11111	181	0.0	180.0	8	2701.886000635443	2702.0824806965934
2702.1462807631333	0.49648006115057797	trials	210414SL	p06	Z11111	230	4.0	315.0	8	2702.2962807631334	2702.492760824284
2702.5666008939484	0.49644006113794603	trials	210414SL	p06	Z11111	155	4.0	90.0	8	2702.7166008939485	2702.913040955086
2702.9768410216266	0.4964800611501232	trials	210414SL	p06	Z11111	318	2.0	225.0	12	2703.1268410216267	2703.3233210827766
2708.700722803054	0.5064400642500004	trials	210414SL	p06	Z11111	356	10.0	315.0	12	2708.850722803054	2709.0571628673038
2709.1110029307442	0.49644006113794603	trials	210414SL	p06	Z11111	322	6.0	225.0	12	2709.2610029307443	2709.457442991882
2709.51124305531	0.5064800642626324	trials	210414SL	p06	Z11111	225	14.0	270.0	8	2709.66124305531	2709.8677231195725
2709.9215231830003	0.5164800673746868	trials	210414SL	p06	Z11111	227	1.0	315.0	8	2710.0715231830004	2710.288003250375
2710.3418033138028	0.49648006115057797	trials	210414SL	p06	Z11111	298	12.0	135.0	12	2710.491803313803	2710.6882833749532
2710.742083438381	0.5064800642626324	trials	210414SL	p06	Z11111	273	2.0	90.0	12	2710.892083438381	2711.0985635026436
2711.1523635660715	0.4964400611374913	trials	210414SL	p06	Z11111	42	11.0	90.0	4	2711.3023635660716	2711.498803627209
2731.976370047068	0.5064800642621776	trials	210414SL	p06	Z11111	339	8.0	270.0	12	2732.126370047068	2732.33285011133
2732.3866501747584	0.5064800642621776	trials	210414SL	p06	Z11111	295	9.0	135.0	12	2732.5366501747585	2732.7431302390205
2732.796930302449	0.4964400611374913	trials	210414SL	p06	Z11111	294	8.0	135.0	12	2732.946930302449	2733.143370363586
2733.1972104270267	0.49644006113794603	trials	210414SL	p06	Z11111	208	12.0	225.0	8	2733.3472104270268	2733.5436504881645
2733.597490551605	0.5064400642500004	trials	210414SL	p06	Z11111	149	13.0	45.0	8	2733.747490551605	2733.953930615855
2734.0177706824074	0.5064400642500004	trials	210414SL	p06	Z11111	315	14.0	180.0	12	2734.1677706824075	2734.3742107466574
2734.428050810098	0.5064400642500004	trials	210414SL	p06	Z11111	243	2.0	0.0	12	2734.578050810098	2734.7844908743477
2741.5728530337547	0.4964400611374913	trials	210414SL	p06	Z11111	189	8.0	180.0	8	2741.7228530337547	2741.919293094892
2741.9730931583204	0.5064800642621776	trials	210414SL	p06	Z11111	193	12.0	180.0	8	2742.1230931583204	2742.3295732225824
2742.3833732860107	0.4964800611501232	trials	210414SL	p06	Z11111	292	6.0	135.0	12	2742.533373286011	2742.7298533471608
2742.7836534105886	0.5164800673746868	trials	210414SL	p06	Z11111	156	5.0	90.0	8	2742.9336534105887	2743.150133477963
2743.2039335413915	0.5064800642621776	trials	210414SL	p06	Z11111	286	0.0	135.0	12	2743.3539335413916	2743.5604136056536
2743.6142136690814	0.4964800611501232	trials	210414SL	p06	Z11111	333	2.0	270.0	12	2743.7642136690815	2743.9606937302315
2744.0144937936598	0.5064400642495457	trials	210414SL	p06	Z11111	320	4.0	225.0	12	2744.16449379366	2744.370933857909
2828.8916402097357	0.5064400642500004	trials	210414SL	p06	Z11111	79	3.0	225.0	4	2829.0416402097358	2829.2480802739856
2829.3019203374256	0.5064400642504552	trials	210414SL	p06	Z11111	264	8.0	45.0	12	2829.4519203374257	2829.658360401676
2829.712200465116	0.49644006113794603	trials	210414SL	p06	Z11111	75	14.0	180.0	4	2829.862200465116	2830.058640526254
2830.1224805928064	0.49644006113794603	trials	210414SL	p06	Z11111	245	4.0	0.0	12	2830.2724805928065	2830.468920653944
2830.522720717372	0.5164800673746868	trials	210414SL	p06	Z11111	61	0.0	180.0	4	2830.672720717372	2830.8892007847467
2830.943000848175	0.4964800611501232	trials	210414SL	p06	Z11111	142	6.0	45.0	8	2831.093000848175	2831.289480909325
2864.5556513093456	0.4964400611374913	trials	210414SL	p06	Z11111	177	11.0	135.0	8	2864.7056513093457	2864.902091370483
2864.965931437036	0.4964400611374913	trials	210414SL	p06	Z11111	312	11.0	180.0	12	2865.115931437036	2865.3123714981734
2865.3661715616013	0.4964800611501232	trials	210414SL	p06	Z11111	319	3.0	225.0	12	2865.5161715616014	2865.7126516227513
2865.7764516892917	0.4964800611501232	trials	210414SL	p06	Z11111	341	10.0	270.0	12	2865.9264516892918	2866.1229317504417
2892.0041398520616	0.49644006113794603	trials	210414SL	p06	Z11111	223	12.0	270.0	8	2892.1541398520617	2892.3505799131995
2892.414419979752	0.49644006113794603	trials	210414SL	p06	Z11111	140	4.0	45.0	8	2892.564419979752	2892.76086004089
2892.814660104317	0.49648006115057797	trials	210414SL	p06	Z11111	46	0.0	135.0	4	2892.9646601043173	2893.1611401654677
2893.2149402288956	0.5064800642626324	trials	210414SL	p06	Z11111	118	12.0	315.0	4	2893.3649402288956	2893.571420293158
2893.625220356586	0.5164800673746868	trials	210414SL	p06	Z11111	222	11.0	270.0	8	2893.775220356586	2893.9917004239605
2894.045500487389	0.5064800642621776	trials	210414SL	p06	Z11111	331	0.0	270.0	12	2894.195500487389	2894.401980551651
2894.455780615079	0.49644006113703654	trials	210414SL	p06	Z11111	89	13.0	225.0	4	2894.6057806150793	2894.802220676216
2900.029542349785	0.5064400642500004	trials	210414SL	p06	Z11111	311	10.0	180.0	12	2900.179542349785	2900.385982414035
2900.4398224774754	0.49644006113794603	trials	210414SL	p06	Z11111	287	1.0	135.0	12	2900.5898224774755	2900.7862625386133
2906.353784318061	0.5064800642626324	trials	210414SL	p06	Z11111	265	9.0	45.0	12	2906.503784318061	2906.7102643823237
2906.7640644457515	0.4964400611374913	trials	210414SL	p06	Z11111	2	1.0	0.0	4	2906.9140644457516	2907.110504506889
2907.1643445703294	0.5264800704871959	trials	210414SL	p06	Z11111	58	12.0	135.0	4	2907.3143445703295	2907.5408246408165
2907.5946247042443	0.4964400611374913	trials	210414SL	p06	Z11111	132	11.0	0.0	8	2907.7446247042444	2907.9410647653817
2908.0049048319347	0.4964400611374913	trials	210414SL	p06	Z11111	209	13.0	225.0	8	2908.154904831935	2908.351344893072
2908.405184956513	0.49644006113703654	trials	210414SL	p06	Z11111	6	5.0	0.0	4	2908.555184956513	2908.75162501765
2908.8054250810783	0.49648006115057797	trials	210414SL	p06	Z11111	301	0.0	180.0	12	2908.9554250810784	2909.1519051422288
2918.2217880117064	0.5064400642500004	trials	210414SL	p06	Z11111	20	4.0	45.0	4	2918.3717880117065	2918.5782280759563
2918.632068139397	0.49644006113794603	trials	210414SL	p06	Z11111	238	12.0	315.0	8	2918.782068139397	2918.9785082005346
2919.042308267075	0.4964800611501232	trials	210414SL	p06	Z11111	317	1.0	225.0	12	2919.192308267075	2919.388788328225
2919.442588391653	0.5064800642626324	trials	210414SL	p06	Z11111	65	4.0	180.0	4	2919.592588391653	2919.7990684559154
2919.8628685224558	0.5064800642621776	trials	210414SL	p06	Z11111	174	8.0	135.0	8	2920.012868522456	2920.219348586718
2920.2731486501457	0.4964800611501232	trials	210414SL	p06	Z11111	290	4.0	135.0	12	2920.423148650146	2920.6196287112957
2920.683428777836	0.4964800611501232	trials	210414SL	p06	Z11111	283	12.0	90.0	12	2920.833428777836	2921.029908838986
2926.1471104782827	0.5264800704867412	trials	210414SL	p06	Z11111	232	6.0	315.0	8	2926.297110478283	2926.5235905487693
2926.5773906121976	0.5064800642621776	trials	210414SL	p06	Z11111	81	5.0	225.0	4	2926.7273906121977	2926.9338706764597
2926.987670739888	0.4964800611496685	trials	210414SL	p06	Z11111	13	12.0	0.0	4	2927.137670739888	2927.3341508010376
2927.387950864466	0.49644006113703654	trials	210414SL	p06	Z11111	86	10.0	225.0	4	2927.537950864466	2927.734390925603
2927.7882309890438	0.5064400642495457	trials	210414SL	p06	Z11111	117	11.0	315.0	4	2927.938230989044	2928.144671053293
2928.2085111198467	0.5064400642495457	trials	210414SL	p06	Z11111	299	13.0	135.0	12	2928.3585111198468	2928.564951184096
2928.628791250649	0.4964400611374913	trials	210414SL	p06	Z11111	240	14.0	315.0	8	2928.778791250649	2928.9752313117865
2934.11247295732	0.5064800642626324	trials	210414SL	p06	Z11111	210	14.0	225.0	8	2934.26247295732	2934.4689530215824
2936.474073692314	0.5064400642500004	trials	210414SL	p06	Z11111	43	12.0	90.0	4	2936.624073692314	2936.830513756564
2936.8843538200044	0.49644006113794603	trials	210414SL	p06	Z11111	21	5.0	45.0	4	2937.0343538200045	2937.2307938811423
2937.2846339445823	0.5064400642500004	trials	210414SL	p06	Z11111	53	7.0	135.0	4	2937.4346339445824	2937.641074008832
2937.6948740722605	0.4964800611501232	trials	210414SL	p06	Z11111	135	14.0	0.0	8	2937.8448740722606	2938.0413541334106
2938.0951541968384	0.5164800673746868	trials	210414SL	p06	Z11111	200	4.0	225.0	8	2938.2451541968385	2938.461634264213
2938.5154343276413	0.5064800642621776	trials	210414SL	p06	Z11111	335	4.0	270.0	12	2938.6654343276414	2938.8719143919034
2938.9257144553317	0.4964400611374913	trials	210414SL	p06	Z11111	349	3.0	315.0	12	2939.0757144553318	2939.272154516469
2963.842482210107	0.4964800611501232	trials	210414SL	p06	Z11111	128	7.0	0.0	8	2963.992482210107	2964.188962271257
2988.3790098465415	0.5064800642621776	trials	210414SL	p06	Z11111	41	10.0	90.0	4	2988.5290098465416	2988.7354899108036
2988.789289974232	0.49644006113794603	trials	210414SL	p06	Z11111	329	13.0	225.0	12	2988.939289974232	2989.1357300353698
2989.1995701019223	0.4964400611374913	trials	210414SL	p06	Z11111	153	2.0	90.0	8	2989.3495701019224	2989.5460101630597
