onset	duration	nwb_table	ses_ID	pen_ID	sub_ID	cond_ID	stim_ID	rotation	luminance	pdOnTS	pdOffTS
1419.2476766030695	0.5158793675036577	trials	191023SL	p11	Z08115	146	10.0	45.0	8	1419.3976766030696	1419.613555970573
1419.6779553424128	0.5158793675036577	trials	191023SL	p11	Z08115	15	14.0	0.0	4	1419.827955342413	1420.0438347099164
1420.0982341110546	0.5258793382051863	trials	191023SL	p11	Z08115	212	1.0	270.0	8	1420.2482341110547	1420.4741134492597
1420.5385128210992	0.5159193673866866	trials	191023SL	p11	Z08115	248	7.0	0.0	12	1420.6885128210993	1420.9044321884858
1420.9688315603253	0.5258793382051863	trials	191023SL	p11	Z08115	5	4.0	0.0	4	1421.1188315603254	1421.3447108985304
1421.40911027037	0.5158793675036577	trials	191023SL	p11	Z08115	67	6.0	180.0	4	1421.5591102703702	1421.7749896378737
1425.151579305457	0.5158793675036577	trials	191023SL	p11	Z08115	2	1.0	0.0	4	1425.3015793054572	1425.5174586729606
1425.601897986086	0.5158793675036577	trials	191023SL	p11	Z08115	297	11.0	135.0	12	1425.751897986086	1425.9677773535896
1426.0321767254293	0.5158793675036577	trials	191023SL	p11	Z08115	76	0.0	225.0	4	1426.1821767254294	1426.3980560929328
1426.4824554061754	0.5258793382051863	trials	191023SL	p11	Z08115	230	4.0	315.0	8	1426.6324554061755	1426.8583347443805
1426.9127341455187	0.5259193380879879	trials	191023SL	p11	Z08115	71	10.0	180.0	4	1427.0627341455188	1427.2886534836066
1427.353052855446	0.5258793382051863	trials	191023SL	p11	Z08115	251	10.0	0.0	12	1427.5030528554462	1427.7289321936512
1430.935402359661	0.5158793675036577	trials	191023SL	p11	Z08115	89	13.0	225.0	4	1431.0854023596612	1431.3012817271647
1431.3656810990044	0.5258793382051863	trials	191023SL	p11	Z08115	98	7.0	270.0	4	1431.5156810990045	1431.7415604372095
1431.8059998089318	0.5158393676208561	trials	191023SL	p11	Z08115	91	0.0	270.0	4	1431.955999808932	1432.1718391765526
1432.236278548275	0.5258793382051863	trials	191023SL	p11	Z08115	18	2.0	45.0	4	1432.3862785482752	1432.6121578864802
1432.6665572876184	0.5158793675036577	trials	191023SL	p11	Z08115	30	14.0	45.0	4	1432.8165572876185	1433.032436655122
1433.1168359683645	0.5058793968021291	trials	191023SL	p11	Z08115	163	12.0	90.0	8	1433.2668359683646	1433.4727153651666
1436.6191457070847	0.5259193380879879	trials	191023SL	p11	Z08115	85	9.0	225.0	4	1436.7691457070848	1436.9950650451726
1437.0494644463108	0.5258793382051863	trials	191023SL	p11	Z08115	309	8.0	180.0	12	1437.199464446311	1437.425343784516
1437.4897431563554	0.4958794261008279	trials	191023SL	p11	Z08115	331	0.0	270.0	12	1437.6397431563555	1437.8356225824562
1437.9200218956987	0.4958794261008279	trials	191023SL	p11	Z08115	64	3.0	180.0	4	1438.0700218956988	1438.2659013217994
1438.330300693639	0.5158793675038851	trials	191023SL	p11	Z08115	324	8.0	225.0	12	1438.480300693639	1438.6961800611427
1438.7605794329822	0.5258793382051863	trials	191023SL	p11	Z08115	38	7.0	90.0	4	1438.9105794329823	1439.1364587711873
1442.3129290250927	0.5158793675038851	trials	191023SL	p11	Z08115	235	9.0	315.0	8	1442.4629290250928	1442.6788083925965
1442.743207764436	0.5158793675036577	trials	191023SL	p11	Z08115	221	10.0	270.0	8	1442.893207764436	1443.1090871319395
1443.1734865037793	0.5158793675036577	trials	191023SL	p11	Z08115	260	4.0	45.0	12	1443.3234865037793	1443.5393658712828
1443.6238051844082	0.49583942621802635	trials	191023SL	p11	Z08115	275	4.0	90.0	12	1443.7738051844083	1443.9696446106261
1444.0540839237515	0.5058793968021291	trials	191023SL	p11	Z08115	50	4.0	135.0	4	1444.2040839237516	1444.4099633205535
1444.494362633796	0.4958794261008279	trials	191023SL	p11	Z08115	151	0.0	90.0	8	1444.6443626337962	1444.8402420598968
1448.2668715808704	0.5158793675036577	trials	191023SL	p11	Z08115	290	4.0	135.0	12	1448.4168715808705	1448.632750948374
1448.6871503495122	0.5058793968021291	trials	191023SL	p11	Z08115	332	1.0	270.0	12	1448.8371503495123	1449.0430297463142
1449.1274290595568	0.4958794261008279	trials	191023SL	p11	Z08115	59	13.0	135.0	4	1449.2774290595569	1449.4733084856575
1449.5577077989	0.4958794261008279	trials	191023SL	p11	Z08115	84	8.0	225.0	4	1449.7077077989002	1449.9035872250008
1449.9679865968403	0.5158793675036577	trials	191023SL	p11	Z08115	250	9.0	0.0	12	1450.1179865968404	1450.3338659643439
1450.3982653361836	0.5258793382051863	trials	191023SL	p11	Z08115	320	4.0	225.0	12	1450.5482653361837	1450.7741446743887
1454.0506946350745	0.5158793675036577	trials	191023SL	p11	Z08115	107	1.0	315.0	4	1454.2006946350746	1454.416574002578
1454.4809733744178	0.5258793382051863	trials	191023SL	p11	Z08115	210	14.0	225.0	8	1454.6309733744179	1454.8568527126229
1454.9112521137608	0.5258793382051863	trials	191023SL	p11	Z08115	314	13.0	180.0	12	1455.061252113761	1455.287131451966
1455.3515308238057	0.5259193380879879	trials	191023SL	p11	Z08115	121	0.0	0.0	8	1455.5015308238058	1455.7274501618936
1455.7818495630318	0.495839426217799	trials	191023SL	p11	Z08115	129	8.0	0.0	8	1455.9318495630318	1456.1276889892495
1456.212088302492	0.5059193966851581	trials	191023SL	p11	Z08115	21	5.0	45.0	4	1456.362088302492	1456.568007699177
1459.7244380117968	0.5158793675036577	trials	191023SL	p11	Z08115	285	14.0	90.0	12	1459.8744380117969	1460.0903173793004
1460.1447167804383	0.5258793382051863	trials	191023SL	p11	Z08115	233	7.0	315.0	8	1460.2947167804384	1460.5205961186434
1460.5849954904832	0.5259193380879879	trials	191023SL	p11	Z08115	175	9.0	135.0	8	1460.7349954904832	1460.960914828571
1461.0152742298264	0.5259193380879879	trials	191023SL	p11	Z08115	111	5.0	315.0	4	1461.1652742298265	1461.3911935679143
1461.4555929397538	0.49583942621802635	trials	191023SL	p11	Z08115	255	14.0	0.0	12	1461.605592939754	1461.8014323659718
1461.8858716790971	0.5258793382051863	trials	191023SL	p11	Z08115	340	9.0	270.0	12	1462.0358716790972	1462.2617510173022
1465.6583406262885	0.5158793675038851	trials	191023SL	p11	Z08115	284	13.0	90.0	12	1465.8083406262886	1466.0242199937923
1466.0886193656318	0.5259193380879879	trials	191023SL	p11	Z08115	29	13.0	45.0	4	1466.2386193656318	1466.4645387037197
1466.5189381048579	0.5258793382051863	trials	191023SL	p11	Z08115	166	0.0	135.0	8	1466.668938104858	1466.894817443063
1466.9592168149024	0.5258793382051863	trials	191023SL	p11	Z08115	355	9.0	315.0	12	1467.1092168149025	1467.3350961531075
1467.3894955542457	0.5258793382051863	trials	191023SL	p11	Z08115	6	5.0	0.0	4	1467.5394955542458	1467.7653748924508
1467.8297742642903	0.5159193673866866	trials	191023SL	p11	Z08115	286	0.0	135.0	12	1467.9797742642904	1468.195693631677
1471.6823229768593	0.5058793968023565	trials	191023SL	p11	Z08115	128	7.0	0.0	8	1471.8323229768594	1472.0382023736615
1472.102601745501	0.5158793675036577	trials	191023SL	p11	Z08115	22	6.0	45.0	4	1472.2526017455011	1472.4684811130046
1472.5328804848443	0.5058793968021291	trials	191023SL	p11	Z08115	272	1.0	90.0	12	1472.6828804848444	1472.8887598816464
1472.973199194772	0.49587942610060054	trials	191023SL	p11	Z08115	133	12.0	0.0	8	1473.123199194772	1473.3190786208725
1473.403477934115	0.5058793968023565	trials	191023SL	p11	Z08115	203	7.0	225.0	8	1473.553477934115	1473.7593573309173
1473.8437566441598	0.5259193380879879	trials	191023SL	p11	Z08115	193	12.0	180.0	8	1473.99375664416	1474.2196759822477
1477.3961062362703	0.5258793382051863	trials	191023SL	p11	Z08115	256	0.0	45.0	12	1477.5461062362704	1477.7719855744754
1477.8464249168992	0.5258793382051863	trials	191023SL	p11	Z08115	183	2.0	180.0	8	1477.9964249168993	1478.2223042551043
1478.2767036562425	0.5258793382051863	trials	191023SL	p11	Z08115	280	9.0	90.0	12	1478.4267036562426	1478.6525829944476
1478.716982366287	0.4958794261008279	trials	191023SL	p11	Z08115	195	14.0	180.0	8	1478.8669823662872	1479.0628617923878
1479.1472611056304	0.4958794261008279	trials	191023SL	p11	Z08115	92	1.0	270.0	4	1479.2972611056305	1479.4931405317311
1479.5775398449737	0.5058793968021291	trials	191023SL	p11	Z08115	95	4.0	270.0	4	1479.7275398449738	1479.9334192417757
1483.259969055969	0.5058793968023565	trials	191023SL	p11	Z08115	226	0.0	315.0	8	1483.409969055969	1483.6158484527712
1485.7116018730262	0.5158793675038851	trials	191023SL	p11	Z08115	185	4.0	180.0	8	1485.8616018730263	1486.07748124053
1486.1418806123695	0.5259193380879879	trials	191023SL	p11	Z08115	96	5.0	270.0	4	1486.2918806123696	1486.5177999504574
1488.4133939571518	0.5258793382051863	trials	191023SL	p11	Z08115	65	4.0	180.0	4	1488.563393957152	1488.789273295357
1488.8536726671966	0.5158793675036577	trials	191023SL	p11	Z08115	10	9.0	0.0	4	1489.0036726671967	1489.2195520347002
1489.2839914064225	0.49583942621802635	trials	191023SL	p11	Z08115	237	11.0	315.0	8	1489.4339914064226	1489.6298308326404
1489.7142701457658	0.49583942621802635	trials	191023SL	p11	Z08115	341	10.0	270.0	12	1489.8642701457659	1490.0601095719837
1490.144548885109	0.5058793968021291	trials	191023SL	p11	Z08115	239	13.0	315.0	8	1490.2945488851092	1490.5004282819111
1490.5848275951537	0.4958794261008279	trials	191023SL	p11	Z08115	20	4.0	45.0	4	1490.7348275951538	1490.9307070212544
1494.1571771286672	0.5158793675036577	trials	191023SL	p11	Z08115	274	3.0	90.0	12	1494.3071771286673	1494.5230564961707
1494.5874558680105	0.5259193380879879	trials	191023SL	p11	Z08115	141	5.0	45.0	8	1494.7374558680106	1494.9633752060984
1497.1391683918482	0.5158793675036577	trials	191023SL	p11	Z08115	204	8.0	225.0	8	1497.2891683918483	1497.5050477593518
1497.55944716049	0.5258793382051863	trials	191023SL	p11	Z08115	317	1.0	225.0	12	1497.70944716049	1497.935326498695
1497.989725899833	0.5358793089067149	trials	191023SL	p11	Z08115	170	4.0	135.0	8	1498.1397258998331	1498.3756052087397
1498.4300046098779	0.5259193380879879	trials	191023SL	p11	Z08115	13	12.0	0.0	4	1498.580004609878	1498.8059239479658
1498.8702833199227	0.5159193673864593	trials	191023SL	p11	Z08115	179	13.0	135.0	8	1499.0202833199228	1499.236202687309
1499.3006020591486	0.5258793382051863	trials	191023SL	p11	Z08115	345	14.0	270.0	12	1499.4506020591487	1499.6764813973537
1502.9529913581566	0.5158793675038851	trials	191023SL	p11	Z08115	178	12.0	135.0	8	1503.1029913581567	1503.3188707256604
1503.3832700975	0.5259193380879879	trials	191023SL	p11	Z08115	348	2.0	315.0	12	1503.5332700975	1503.7591894355878
1503.813588836726	0.5258793382051863	trials	191023SL	p11	Z08115	11	10.0	0.0	4	1503.963588836726	1504.189468174931
1504.2538675467706	0.5258793382051863	trials	191023SL	p11	Z08115	259	3.0	45.0	12	1504.4038675467707	1504.6297468849757
1504.684146286114	0.5258793382051863	trials	191023SL	p11	Z08115	137	1.0	45.0	8	1504.834146286114	1505.060025624319
1505.1244249961585	0.5259193380882152	trials	191023SL	p11	Z08115	191	10.0	180.0	8	1505.2744249961586	1505.5003443342466
1510.9682878744543	0.5158793675036577	trials	191023SL	p11	Z08115	143	7.0	45.0	8	1511.1182878744544	1511.3341672419579
1511.388566643096	0.5259193380879879	trials	191023SL	p11	Z08115	118	12.0	315.0	4	1511.5385666430961	1511.764485981184
1511.8288853530237	0.5258793382051863	trials	191023SL	p11	Z08115	58	12.0	135.0	4	1511.9788853530238	1512.2047646912288
1512.2591640923667	0.5258793382051863	trials	191023SL	p11	Z08115	234	8.0	315.0	8	1512.4091640923668	1512.6350434305718
1512.6994428024116	0.5258793382051863	trials	191023SL	p11	Z08115	150	14.0	45.0	8	1512.8494428024117	1513.0753221406167
1513.1297215417549	0.5259193380879879	trials	191023SL	p11	Z08115	56	10.0	135.0	4	1513.279721541755	1513.5056408798428
1516.7321109872555	0.5058793968021291	trials	191023SL	p11	Z08115	156	5.0	90.0	8	1516.8821109872556	1517.0879903840575
1517.1723896973	0.5359193087895164	trials	191023SL	p11	Z08115	162	11.0	90.0	8	1517.3223896973002	1517.5583090060895
1519.954261546803	0.5058393969195549	trials	191023SL	p11	Z08115	102	11.0	270.0	4	1520.1042615468032	1520.3101009437225
1520.374500315562	0.5259193380879879	trials	191023SL	p11	Z08115	40	9.0	90.0	4	1520.5245003155621	1520.75041965365
1520.8148190254897	0.5158793675036577	trials	191023SL	p11	Z08115	273	2.0	90.0	12	1520.9648190254898	1521.1806983929932
1521.2450977648327	0.5258793382051863	trials	191023SL	p11	Z08115	293	7.0	135.0	12	1521.3950977648328	1521.6209771030378
1521.675376504176	0.5258793382051863	trials	191023SL	p11	Z08115	241	0.0	0.0	12	1521.8253765041761	1522.0512558423811
1522.1156552142209	0.5259193380879879	trials	191023SL	p11	Z08115	252	11.0	0.0	12	1522.265655214221	1522.4915745523087
1525.7480845717087	0.5158793675036577	trials	191023SL	p11	Z08115	288	2.0	135.0	12	1525.8980845717088	1526.1139639392122
1526.178363311052	0.5258793382051863	trials	191023SL	p11	Z08115	63	2.0	180.0	4	1526.328363311052	1526.554242649257
1526.6086420503952	0.5158793675036577	trials	191023SL	p11	Z08115	197	1.0	225.0	8	1526.7586420503953	1526.9745214178988
1527.0589207311414	0.5058793968021291	trials	191023SL	p11	Z08115	208	12.0	225.0	8	1527.2089207311415	1527.4148001279434
1527.4691995290816	0.5259193380879879	trials	191023SL	p11	Z08115	105	14.0	270.0	4	1527.6191995290817	1527.8451188671695
1527.899478268425	0.5259193380879879	trials	191023SL	p11	Z08115	148	12.0	45.0	8	1528.049478268425	1528.2753976065128
1531.5018677139255	0.5158793675036577	trials	191023SL	p11	Z08115	231	5.0	315.0	8	1531.6518677139256	1531.8677470814291
1531.9321464532688	0.49587942610060054	trials	191023SL	p11	Z08115	61	0.0	180.0	4	1532.082146453269	1532.2780258793694
1532.362425192612	0.5259193380882152	trials	191023SL	p11	Z08115	177	11.0	135.0	8	1532.512425192612	1532.7383445307
1532.8027439025395	0.5258793382051863	trials	191023SL	p11	Z08115	119	13.0	315.0	4	1532.9527439025396	1533.1786232407446
1533.2330226418828	0.5258793382051863	trials	191023SL	p11	Z08115	328	12.0	225.0	12	1533.383022641883	1533.608901980088
1533.6733013519274	0.5259193380879879	trials	191023SL	p11	Z08115	55	9.0	135.0	4	1533.8233013519275	1534.0492206900153
1537.3357306215198	0.5258793382051863	trials	191023SL	p11	Z08115	329	13.0	225.0	12	1537.48573062152	1537.711609959725
1537.766009360863	0.5058793968021291	trials	191023SL	p11	Z08115	188	7.0	180.0	8	1537.9160093608632	1538.1218887576651
1538.1962881002064	0.5058793968021291	trials	191023SL	p11	Z08115	171	5.0	135.0	8	1538.3462881002065	1538.5521674970084
1538.636566810251	0.4958794261008279	trials	191023SL	p11	Z08115	161	10.0	90.0	8	1538.786566810251	1538.9824462363517
1539.0468456081912	0.5158793675036577	trials	191023SL	p11	Z08115	88	12.0	225.0	4	1539.1968456081913	1539.4127249756948
1539.467124376833	0.5359193087895164	trials	191023SL	p11	Z08115	232	6.0	315.0	8	1539.617124376833	1539.8530436856224
1543.0595138516323	0.5158793675036577	trials	191023SL	p11	Z08115	34	3.0	90.0	4	1543.2095138516324	1543.425393219136
1543.4897925909754	0.4958794261008279	trials	191023SL	p11	Z08115	312	11.0	180.0	12	1543.6397925909755	1543.8356720170761
1543.9100713596172	0.5058793968023565	trials	191023SL	p11	Z08115	289	3.0	135.0	12	1544.0600713596173	1544.2659507564194
1544.3203501575574	0.5258793382051863	trials	191023SL	p11	Z08115	23	7.0	45.0	4	1544.4703501575575	1544.6962294957625
1546.9020625934995	0.5258793382054137	trials	191023SL	p11	Z08115	333	2.0	270.0	12	1547.0520625934996	1547.2779419317048
1547.3323413328428	0.5058793968023565	trials	191023SL	p11	Z08115	153	2.0	90.0	8	1547.482341332843	1547.688220729645
1547.762620072186	0.5058793968021291	trials	191023SL	p11	Z08115	337	6.0	270.0	12	1547.9126200721862	1548.1184994689881
1548.1928988115294	0.5058793968021291	trials	191023SL	p11	Z08115	181	0.0	180.0	8	1548.3428988115295	1548.5487782083314
1548.6031776094696	0.5258793382051863	trials	191023SL	p11	Z08115	187	6.0	180.0	8	1548.7531776094697	1548.9790569476747
1549.0434563195142	0.5259193380879879	trials	191023SL	p11	Z08115	283	12.0	90.0	12	1549.1934563195143	1549.4193756576021
1552.645845765015	0.5158793675036577	trials	191023SL	p11	Z08115	164	13.0	90.0	8	1552.7958457650152	1553.0117251325187
1553.0661245336566	0.5258793382051863	trials	191023SL	p11	Z08115	305	4.0	180.0	12	1553.2161245336567	1553.4420038718617
1553.5064032437015	0.5259193380879879	trials	191023SL	p11	Z08115	8	7.0	0.0	4	1553.6564032437016	1553.8823225817894
1553.9367219829276	0.5258793382051863	trials	191023SL	p11	Z08115	356	10.0	315.0	12	1554.0867219829277	1554.3126013211327
1554.3770006929722	0.5258793382051863	trials	191023SL	p11	Z08115	114	8.0	315.0	4	1554.5270006929723	1554.7528800311773
1554.8072794323155	0.5258793382051863	trials	191023SL	p11	Z08115	268	12.0	45.0	12	1554.9572794323155	1555.1831587705205
1558.449668760622	0.5158793675036577	trials	191023SL	p11	Z08115	238	12.0	315.0	8	1558.599668760622	1558.8155481281256
1558.8699475292638	0.5259193380879879	trials	191023SL	p11	Z08115	45	14.0	90.0	4	1559.0199475292638	1559.2458668673517
1559.3102262393086	0.49587942610060054	trials	191023SL	p11	Z08115	242	1.0	0.0	12	1559.4602262393087	1559.656105665409
1559.7405449785344	0.4958794261008279	trials	191023SL	p11	Z08115	359	13.0	315.0	12	1559.8905449785345	1560.0864244046352
1560.1508237764747	0.5158793675038851	trials	191023SL	p11	Z08115	198	2.0	225.0	8	1560.3008237764748	1560.5167031439785
1560.581102515818	0.5258793382051863	trials	191023SL	p11	Z08115	19	3.0	45.0	4	1560.731102515818	1560.956981854023
1564.1734919906173	0.5158393676208561	trials	191023SL	p11	Z08115	81	5.0	225.0	4	1564.3234919906174	1564.539331358238
1564.5937307593763	0.5259193380879879	trials	191023SL	p11	Z08115	319	3.0	225.0	12	1564.7437307593764	1564.9696500974642
1565.0240494986022	0.5258793382051863	trials	191023SL	p11	Z08115	199	3.0	225.0	8	1565.1740494986022	1565.3999288368072
1565.464328208647	0.5258793382051863	trials	191023SL	p11	Z08115	344	13.0	270.0	12	1565.614328208647	1565.840207546852
1565.9046069186916	0.5158793675036577	trials	191023SL	p11	Z08115	130	9.0	0.0	8	1566.0546069186917	1566.2704862861951
1566.3348856580349	0.5259193380879879	trials	191023SL	p11	Z08115	215	4.0	270.0	8	1566.484885658035	1566.7108049961228
1574.5803414999978	0.5258793382051863	trials	191023SL	p11	Z08115	69	8.0	180.0	4	1574.7303414999978	1574.9562208382029
1575.010620239341	0.5259193380879879	trials	191023SL	p11	Z08115	99	8.0	270.0	4	1575.1606202393411	1575.386539577429
1575.4509389492684	0.5258793382051863	trials	191023SL	p11	Z08115	184	3.0	180.0	8	1575.6009389492685	1575.8268182874735
1575.8812176886117	0.5258793382051863	trials	191023SL	p11	Z08115	158	7.0	90.0	8	1576.0312176886118	1576.2570970268168
1576.3214963986566	0.5258793382049589	trials	191023SL	p11	Z08115	326	10.0	225.0	12	1576.4714963986567	1576.6973757368614
1576.7517751379996	0.5258793382051863	trials	191023SL	p11	Z08115	106	0.0	315.0	4	1576.9017751379997	1577.1276544762047
1582.4755583681122	0.5258793382049589	trials	191023SL	p11	Z08115	318	2.0	225.0	12	1582.6255583681123	1582.851437706317
1582.9058371074552	0.5259193380879879	trials	191023SL	p11	Z08115	73	12.0	180.0	4	1583.0558371074553	1583.2817564455431
1583.3461558173829	0.5258793382051863	trials	191023SL	p11	Z08115	75	14.0	180.0	4	1583.496155817383	1583.722035155588
1583.7764345567261	0.5258793382049589	trials	191023SL	p11	Z08115	277	6.0	90.0	12	1583.9264345567262	1584.152313894931
1584.2167132667707	0.5158793675036577	trials	191023SL	p11	Z08115	253	12.0	0.0	12	1584.3667132667708	1584.5825926342743
1584.646992006114	0.5259193380879879	trials	191023SL	p11	Z08115	182	1.0	180.0	8	1584.7969920061141	1585.022911344202
1589.019899194105	0.5158793675038851	trials	191023SL	p11	Z08115	189	8.0	180.0	8	1589.169899194105	1589.3857785616087
1589.4501779334482	0.5258793382051863	trials	191023SL	p11	Z08115	36	5.0	90.0	4	1589.6001779334483	1589.8260572716533
1589.8804566727915	0.5258793382051863	trials	191023SL	p11	Z08115	228	2.0	315.0	8	1590.0304566727916	1590.2563360109966
1590.3207353828361	0.5158793675036577	trials	191023SL	p11	Z08115	206	10.0	225.0	8	1590.4707353828362	1590.6866147503397
1590.7510541220622	0.5158793675036577	trials	191023SL	p11	Z08115	240	14.0	315.0	8	1590.9010541220623	1591.1169334895658
1591.2013328028083	0.4958794261008279	trials	191023SL	p11	Z08115	3	2.0	0.0	4	1591.3513328028084	1591.547212228909
1594.823722189712	0.5158793675036577	trials	191023SL	p11	Z08115	196	0.0	225.0	8	1594.9737221897121	1595.1896015572156
1595.2540009290553	0.5259193380879879	trials	191023SL	p11	Z08115	142	6.0	45.0	8	1595.4040009290554	1595.6299202671432
1595.6842796683984	0.5259193380879879	trials	191023SL	p11	Z08115	327	11.0	225.0	12	1595.8342796683985	1596.0601990064863
1596.124598378326	0.5058793968021291	trials	191023SL	p11	Z08115	125	4.0	0.0	8	1596.2745983783261	1596.480477775128
1596.5548771176693	0.5058793968021291	trials	191023SL	p11	Z08115	323	7.0	225.0	12	1596.7048771176694	1596.9107565144714
1596.975155886311	0.49587942610060054	trials	191023SL	p11	Z08115	357	11.0	315.0	12	1597.1251558863112	1597.3210353124116
1601.0978638073511	0.5158793675036577	trials	191023SL	p11	Z08115	44	13.0	90.0	4	1601.2478638073512	1601.4637431748547
1601.518142575993	0.5259193380879879	trials	191023SL	p11	Z08115	343	12.0	270.0	12	1601.668142575993	1601.8940619140808
1601.9584612859203	0.5258793382051863	trials	191023SL	p11	Z08115	245	4.0	0.0	12	1602.1084612859204	1602.3343406241254
1602.3887400252636	0.5258793382051863	trials	191023SL	p11	Z08115	131	10.0	0.0	8	1602.5387400252637	1602.7646193634687
1602.8290187353082	0.5258793382051863	trials	191023SL	p11	Z08115	94	3.0	270.0	4	1602.9790187353083	1603.2048980735133
1605.3907312298475	0.5158793675036577	trials	191023SL	p11	Z08115	80	4.0	225.0	4	1605.5407312298476	1605.756610597351
1605.8210099691908	0.5258793382051863	trials	191023SL	p11	Z08115	322	6.0	225.0	12	1605.9710099691908	1606.1968893073958
1606.2512887085338	0.5258793382051863	trials	191023SL	p11	Z08115	192	11.0	180.0	8	1606.401288708534	1606.627168046739
1606.6915674185786	0.5258793382051863	trials	191023SL	p11	Z08115	173	7.0	135.0	8	1606.8415674185787	1607.0674467567837
1607.121846157922	0.5258793382051863	trials	191023SL	p11	Z08115	127	6.0	0.0	8	1607.271846157922	1607.497725496127
1607.5621648678493	0.5258793382051863	trials	191023SL	p11	Z08115	134	13.0	0.0	8	1607.7121648678494	1607.9380442060544
1611.074474577271	0.5058793968023565	trials	191023SL	p11	Z08115	236	10.0	315.0	8	1611.2244745772712	1611.4303539740733
1611.5047533166144	0.49587942610060054	trials	191023SL	p11	Z08115	254	13.0	0.0	12	1611.6547533166145	1611.8506327427149
1611.9350320559577	0.5258793382051863	trials	191023SL	p11	Z08115	315	14.0	180.0	12	1612.0850320559578	1612.3109113941628
1612.3853107367038	0.5059193966849307	trials	191023SL	p11	Z08115	79	3.0	225.0	4	1612.5353107367039	1612.7412301333886
1612.8256294466312	0.4958794261008279	trials	191023SL	p11	Z08115	213	2.0	270.0	8	1612.9756294466313	1613.171508872732
1613.2559081859745	0.5058793968023565	trials	191023SL	p11	Z08115	160	9.0	90.0	8	1613.4059081859746	1613.6117875827767
1616.9483373676712	0.5158793675038851	trials	191023SL	p11	Z08115	4	3.0	0.0	4	1617.0983373676713	1617.314216735175
1617.3786561068973	0.5258793382051863	trials	191023SL	p11	Z08115	281	10.0	90.0	12	1617.5286561068974	1617.7545354451024
1617.8089348462406	0.5258793382051863	trials	191023SL	p11	Z08115	86	10.0	225.0	4	1617.9589348462407	1618.1848141844457
1620.2605276634151	0.5158793675036577	trials	191023SL	p11	Z08115	87	11.0	225.0	4	1620.4105276634152	1620.6264070309187
1620.6908064027584	0.5259193380879879	trials	191023SL	p11	Z08115	68	7.0	180.0	4	1620.8408064027585	1621.0667257408463
1621.1211251419843	0.5258793382051863	trials	191023SL	p11	Z08115	46	0.0	135.0	4	1621.2711251419844	1621.4970044801894
1621.5614038520291	0.5258793382051863	trials	191023SL	p11	Z08115	109	3.0	315.0	4	1621.7114038520292	1621.9372831902342
1621.9916825913724	0.5258793382051863	trials	191023SL	p11	Z08115	246	5.0	0.0	12	1622.1416825913725	1622.3675619295775
1622.431961301417	0.4958794261008279	trials	191023SL	p11	Z08115	54	8.0	135.0	4	1622.581961301417	1622.7778407275177
1625.88427118663	0.5158793675036577	trials	191023SL	p11	Z08115	110	4.0	315.0	4	1626.0342711866301	1626.2501505541336
1626.3045499552718	0.5158793675036577	trials	191023SL	p11	Z08115	269	13.0	45.0	12	1626.454549955272	1626.6704293227754
1626.754828636018	0.5258793382051863	trials	191023SL	p11	Z08115	336	5.0	270.0	12	1626.904828636018	1627.130707974223
1627.1951073460625	0.5259193380879879	trials	191023SL	p11	Z08115	7	6.0	0.0	4	1627.3451073460626	1627.5710266841504
1627.6254260852886	0.5258793382051863	trials	191023SL	p11	Z08115	124	3.0	0.0	8	1627.7754260852887	1628.0013054234937
1628.0657047953332	0.4958794261008279	trials	191023SL	p11	Z08115	26	10.0	45.0	4	1628.2157047953333	1628.411584221434
1631.5680145340536	0.5058793968021291	trials	191023SL	p11	Z08115	342	11.0	270.0	12	1631.7180145340537	1631.9238939308557
1631.9882933026954	0.5158793675036577	trials	191023SL	p11	Z08115	66	5.0	180.0	4	1632.1382933026955	1632.354172670199
1634.740125240211	0.5258793382051863	trials	191023SL	p11	Z08115	216	5.0	270.0	8	1634.890125240211	1635.116004578416
1635.1704039795543	0.5258793382051863	trials	191023SL	p11	Z08115	122	1.0	0.0	8	1635.3204039795544	1635.5462833177594
1635.6106826895991	0.5258793382051863	trials	191023SL	p11	Z08115	0			0	1635.7606826895992	1635.9865620278042
1638.0022356826819	0.5259193380879879	trials	191023SL	p11	Z08115	334	3.0	270.0	12	1638.152235682682	1638.3781550207698
1638.432554421908	0.5058793968021291	trials	191023SL	p11	Z08115	219	8.0	270.0	8	1638.582554421908	1638.78843381871
1638.862833161251	0.5258793382051863	trials	191023SL	p11	Z08115	243	2.0	0.0	12	1639.0128331612511	1639.2387124994561
1639.3031118712959	0.5259193380879879	trials	191023SL	p11	Z08115	247	6.0	0.0	12	1639.453111871296	1639.6790312093838
1639.7333906106392	0.5259193380879879	trials	191023SL	p11	Z08115	82	6.0	225.0	4	1639.8833906106393	1640.109309948727
1640.1737093205666	0.5258793382051863	trials	191023SL	p11	Z08115	244	3.0	0.0	12	1640.3237093205666	1640.5495886587717
1643.6559791180011	0.5159193673864593	trials	191023SL	p11	Z08115	31	0.0	90.0	4	1643.8059791180012	1644.0218984853875
1644.0862978572272	0.5258793382051863	trials	191023SL	p11	Z08115	132	11.0	0.0	8	1644.2362978572273	1644.4621771954323
1644.5265765672718	0.5158793675036577	trials	191023SL	p11	Z08115	335	4.0	270.0	12	1644.676576567272	1644.8924559347754
1644.9568553066151	0.5258793382051863	trials	191023SL	p11	Z08115	27	11.0	45.0	4	1645.1068553066152	1645.3327346448202
1645.3871340459582	0.5259193380879879	trials	191023SL	p11	Z08115	104	13.0	270.0	4	1645.5371340459583	1645.763053384046
1645.8274527558858	0.5258793382051863	trials	191023SL	p11	Z08115	214	3.0	270.0	8	1645.977452755886	1646.203332094091
1649.5799217616743	0.5158793675036577	trials	191023SL	p11	Z08115	126	5.0	0.0	8	1649.7299217616744	1649.9458011291779
1650.0102005010176	0.5258793382051863	trials	191023SL	p11	Z08115	155	4.0	90.0	8	1650.1602005010177	1650.3860798392227
1650.4404792403607	0.5258793382054137	trials	191023SL	p11	Z08115	147	11.0	45.0	8	1650.5904792403608	1650.816358578566
1650.870757979704	0.5058793968023565	trials	191023SL	p11	Z08115	190	9.0	180.0	8	1651.020757979704	1651.2266373765062
1651.2910367483457	0.4958794261008279	trials	191023SL	p11	Z08115	101	10.0	270.0	4	1651.4410367483458	1651.6369161744465
1651.701315546286	0.5158793675036577	trials	191023SL	p11	Z08115	258	2.0	45.0	12	1651.851315546286	1652.0671949137895
1655.263665109098	0.5058793968023565	trials	191023SL	p11	Z08115	140	4.0	45.0	8	1655.413665109098	1655.6195445059002
1655.6939438484412	0.5158793675036577	trials	191023SL	p11	Z08115	207	11.0	225.0	8	1655.8439438484413	1656.0598232159448
1656.1242625876673	0.5258793382051863	trials	191023SL	p11	Z08115	37	6.0	90.0	4	1656.2742625876674	1656.5001419258724
1656.564541297712	0.5258793382051863	trials	191023SL	p11	Z08115	330	14.0	225.0	12	1656.714541297712	1656.940420635917
1656.9948200370552	0.5258793382051863	trials	191023SL	p11	Z08115	165	14.0	90.0	8	1657.1448200370553	1657.3706993752603
1657.4350987470998	0.5259193380879879	trials	191023SL	p11	Z08115	270	14.0	45.0	12	1657.5850987471	1657.8110180851877
1661.8880457005855	0.5158793675038851	trials	191023SL	p11	Z08115	304	3.0	180.0	12	1662.0380457005856	1662.2539250680893
1662.3183244399288	0.5158793675036577	trials	191023SL	p11	Z08115	261	5.0	45.0	12	1662.468324439929	1662.6842038074324
1662.7586431498564	0.5058393969193276	trials	191023SL	p11	Z08115	349	3.0	315.0	12	1662.9086431498565	1663.1144825467757
1663.1688819479139	0.5259193380879879	trials	191023SL	p11	Z08115	186	5.0	180.0	8	1663.318881947914	1663.5448012860018
1663.5991606872572	0.5058793968021291	trials	191023SL	p11	Z08115	354	8.0	315.0	12	1663.7491606872572	1663.9550400840592
1664.0394793971846	0.4958794261008279	trials	191023SL	p11	Z08115	113	7.0	315.0	4	1664.1894793971846	1664.3853588232853
1667.9620679045465	0.5158793675036577	trials	191023SL	p11	Z08115	35	4.0	90.0	4	1668.1120679045466	1668.32794727205
1668.3823466731883	0.5258793382051863	trials	191023SL	p11	Z08115	41	10.0	90.0	4	1668.5323466731884	1668.7582260113934
1668.8226253832331	0.5258793382051863	trials	191023SL	p11	Z08115	350	4.0	315.0	12	1668.9726253832332	1669.1985047214382
1669.2529041225762	0.5259193380879879	trials	191023SL	p11	Z08115	0			0	1669.4029041225763	1669.628823460664
1669.6932228325038	0.5258793382051863	trials	191023SL	p11	Z08115	93	2.0	270.0	4	1669.843222832504	1670.069102170709
1670.123501571847	0.5258793382051863	trials	191023SL	p11	Z08115	279	8.0	90.0	12	1670.2735015718472	1670.4993809100522
1673.7158510467634	0.5158793675036577	trials	191023SL	p11	Z08115	0			0	1673.8658510467635	1674.081730414267
1676.0974440690277	0.5258793382051863	trials	191023SL	p11	Z08115	154	3.0	90.0	8	1676.2474440690278	1676.4733234072328
1676.5377227790723	0.5158793675036577	trials	191023SL	p11	Z08115	43	12.0	90.0	4	1676.6877227790724	1676.9036021465758
1678.929315772038	0.5158793675036577	trials	191023SL	p11	Z08115	117	11.0	315.0	4	1679.0793157720382	1679.2951951395416
1681.3108687944193	0.5158793675036577	trials	191023SL	p11	Z08115	303	2.0	180.0	12	1681.4608687944194	1681.676748161923
1681.731147563061	0.5058793968021291	trials	191023SL	p11	Z08115	138	2.0	45.0	8	1681.8811475630612	1682.0870269598631
1682.1514263317029	0.4958794261008279	trials	191023SL	p11	Z08115	123	2.0	0.0	8	1682.301426331703	1682.4973057578036
1682.581745070929	0.5058393969193276	trials	191023SL	p11	Z08115	265	9.0	45.0	12	1682.731745070929	1682.9375844678482
1683.0220237809735	0.49583942621802635	trials	191023SL	p11	Z08115	167	1.0	135.0	8	1683.1720237809736	1683.3678632071915
1683.4523025203168	0.4958794261008279	trials	191023SL	p11	Z08115	149	13.0	45.0	8	1683.602302520317	1683.7981819464176
1686.994652141726	0.5158793675036577	trials	191023SL	p11	Z08115	52	6.0	135.0	4	1687.144652141726	1687.3605315092295
1687.424930881069	0.5158793675036577	trials	191023SL	p11	Z08115	194	13.0	180.0	8	1687.5749308810691	1687.7908102485726
1687.8552096204123	0.5258793382051863	trials	191023SL	p11	Z08115	51	5.0	135.0	4	1688.0052096204124	1688.2310889586174
1688.2854883597556	0.5258793382049589	trials	191023SL	p11	Z08115	229	3.0	315.0	8	1688.4354883597557	1688.6613676979605
1688.725807069683	0.5258793382051863	trials	191023SL	p11	Z08115	257	1.0	45.0	12	1688.875807069683	1689.101686407888
1689.1560858090263	0.5258793382051863	trials	191023SL	p11	Z08115	300	14.0	135.0	12	1689.3060858090264	1689.5319651472314
1692.598355723655	0.5158793675036577	trials	191023SL	p11	Z08115	152	1.0	90.0	8	1692.748355723655	1692.9642350911586
1693.0186344922968	0.5258793382049589	trials	191023SL	p11	Z08115	176	10.0	135.0	8	1693.1686344922969	1693.3945138305016
1693.4589132023414	0.5258793382051863	trials	191023SL	p11	Z08115	287	1.0	135.0	12	1693.6089132023415	1693.8347925405465
1693.8891919416847	0.5258793382049589	trials	191023SL	p11	Z08115	24	8.0	45.0	4	1694.0391919416847	1694.2650712798895
1694.3294706517293	0.5259193380879879	trials	191023SL	p11	Z08115	172	6.0	135.0	8	1694.4794706517293	1694.7053899898171
1694.7597493910725	0.5259193380879879	trials	191023SL	p11	Z08115	116	10.0	315.0	4	1694.9097493910726	1695.1356687291604
1698.24205918839	0.5259193380877605	trials	191023SL	p11	Z08115	307	6.0	180.0	12	1698.39205918839	1698.6179785264776
1698.6723779276158	0.5258793382054137	trials	191023SL	p11	Z08115	145	9.0	45.0	8	1698.822377927616	1699.0482572658211
1699.1126566376606	0.49583942621802635	trials	191023SL	p11	Z08115	301	0.0	180.0	12	1699.2626566376607	1699.4584960638786
1699.542935377004	0.49587942610060054	trials	191023SL	p11	Z08115	308	7.0	180.0	12	1699.692935377004	1699.8888148031044
1699.9632141456455	0.5058793968023565	trials	191023SL	p11	Z08115	313	12.0	180.0	12	1700.1132141456455	1700.3190935424477
1700.3934928849887	0.4958794261008279	trials	191023SL	p11	Z08115	120	14.0	315.0	4	1700.5434928849888	1700.7393723110895
1704.0158822718925	0.5158793675036577	trials	191023SL	p11	Z08115	347	1.0	315.0	12	1704.1658822718925	1704.381761639396
1704.4461610112357	0.5259193380879879	trials	191023SL	p11	Z08115	266	10.0	45.0	12	1704.5961610112358	1704.8220803493236
1704.8764797504618	0.5258793382049589	trials	191023SL	p11	Z08115	33	2.0	90.0	4	1705.026479750462	1705.2523590886667
1705.3167584605064	0.5258793382051863	trials	191023SL	p11	Z08115	48	2.0	135.0	4	1705.4667584605065	1705.6926377987115
1705.7470371998497	0.5258793382051863	trials	191023SL	p11	Z08115	358	12.0	315.0	12	1705.8970371998498	1706.1229165380548
1706.1873159098943	0.5259193380879879	trials	191023SL	p11	Z08115	211	0.0	270.0	8	1706.3373159098944	1706.5632352479822
1709.6896256486148	0.5158793675036577	trials	191023SL	p11	Z08115	205	9.0	225.0	8	1709.8396256486149	1710.0555050161183
1710.1199443878406	0.5158793675038851	trials	191023SL	p11	Z08115	360	14.0	315.0	12	1710.2699443878407	1710.4858237553444
1710.550223127184	0.5258793382051863	trials	191023SL	p11	Z08115	264	8.0	45.0	12	1710.700223127184	1710.926102465389
1710.9805018665272	0.5258793382051863	trials	191023SL	p11	Z08115	291	5.0	135.0	12	1711.1305018665273	1711.3563812047323
1711.4207805765718	0.5258793382051863	trials	191023SL	p11	Z08115	262	6.0	45.0	12	1711.570780576572	1711.796659914777
1711.851059315915	0.5258793382051863	trials	191023SL	p11	Z08115	42	11.0	90.0	4	1712.0010593159152	1712.2269386541202
1715.3834089666225	0.5158793675038851	trials	191023SL	p11	Z08115	294	8.0	135.0	12	1715.5334089666226	1715.7492883341263
1715.8336876473688	0.4958794261008279	trials	191023SL	p11	Z08115	299	13.0	135.0	12	1715.983687647369	1716.1795670734696
1716.243966445309	0.5158793675036577	trials	191023SL	p11	Z08115	17	1.0	45.0	4	1716.3939664453092	1716.6098458128126
1716.6742451846524	0.5259193380879879	trials	191023SL	p11	Z08115	1	0.0	0.0	4	1716.8242451846525	1717.0501645227403
1717.1045239239957	0.5259193380879879	trials	191023SL	p11	Z08115	209	13.0	225.0	8	1717.2545239239957	1717.4804432620836
1717.544842633923	0.5258793382051863	trials	191023SL	p11	Z08115	267	11.0	45.0	12	1717.6948426339231	1717.9207219721281
1721.107192196735	0.5258793382051863	trials	191023SL	p11	Z08115	139	3.0	45.0	8	1721.257192196735	1721.48307153494
1721.5474709067798	0.5158793675036577	trials	191023SL	p11	Z08115	16	0.0	45.0	4	1721.69747090678	1721.9133502742834
1721.977749646123	0.5158793675036577	trials	191023SL	p11	Z08115	201	5.0	225.0	8	1722.127749646123	1722.3436290136265
1722.4080283854662	0.5259193380879879	trials	191023SL	p11	Z08115	77	1.0	225.0	4	1722.5580283854663	1722.783947723554
1722.8383471246923	0.5258793382051863	trials	191023SL	p11	Z08115	47	1.0	135.0	4	1722.9883471246924	1723.2142264628974
1723.2786258347369	0.4958794261008279	trials	191023SL	p11	Z08115	74	13.0	180.0	4	1723.428625834737	1723.6245052608376
1726.9310551336278	0.5158393676208561	trials	191023SL	p11	Z08115	218	7.0	270.0	8	1727.0810551336278	1727.2968945012485
1727.361333872971	0.5258793382051863	trials	191023SL	p11	Z08115	271	0.0	90.0	12	1727.5113338729711	1727.7372132111761
1727.7916126123143	0.5158793675036577	trials	191023SL	p11	Z08115	346	0.0	315.0	12	1727.9416126123144	1728.157491979818
1728.2418912930605	0.4958794261008279	trials	191023SL	p11	Z08115	220	9.0	270.0	8	1728.3918912930606	1728.5877707191612
1728.6521700910007	0.5158793675036577	trials	191023SL	p11	Z08115	292	6.0	135.0	12	1728.8021700910008	1729.0180494585043
1729.082448830344	0.5258793382051863	trials	191023SL	p11	Z08115	115	9.0	315.0	4	1729.232448830344	1729.458328168549
1732.7148381879492	0.5158793675036577	trials	191023SL	p11	Z08115	53	7.0	135.0	4	1732.8648381879493	1733.0807175554528
1733.145156927175	0.5258793382051863	trials	191023SL	p11	Z08115	352	6.0	315.0	12	1733.2951569271752	1733.5210362653802
1733.5754356665184	0.5258793382051863	trials	191023SL	p11	Z08115	135	14.0	0.0	8	1733.7254356665185	1733.9513150047235
1734.015714376563	0.5258793382051863	trials	191023SL	p11	Z08115	227	1.0	315.0	8	1734.165714376563	1734.391593714768
1734.4459931159063	0.5258793382051863	trials	191023SL	p11	Z08115	57	11.0	135.0	4	1734.5959931159064	1734.8218724541114
1734.886271825951	0.5259193380879879	trials	191023SL	p11	Z08115	296	10.0	135.0	12	1735.0362718259512	1735.262191164039
1738.2885418577737	0.5158793675036577	trials	191023SL	p11	Z08115	338	7.0	270.0	12	1738.4385418577738	1738.6544212252772
1738.718820597117	0.5158793675036577	trials	191023SL	p11	Z08115	306	5.0	180.0	12	1738.868820597117	1739.0846999646205
1739.14909933646	0.5258793382054137	trials	191023SL	p11	Z08115	224	13.0	270.0	8	1739.2990993364601	1739.5249786746654
1739.5893780465049	0.5159193673864593	trials	191023SL	p11	Z08115	325	9.0	225.0	12	1739.739378046505	1739.9552974138912
1740.019696785731	0.5258793382051863	trials	191023SL	p11	Z08115	9	8.0	0.0	4	1740.169696785731	1740.395576123936
1740.4599754957756	0.5158793675038851	trials	191023SL	p11	Z08115	112	6.0	315.0	4	1740.6099754957756	1740.8258548632793
1744.2424844135514	0.5158793675036577	trials	191023SL	p11	Z08115	108	2.0	315.0	4	1744.3924844135515	1744.608363781055
1744.682763123596	0.4958794261008279	trials	191023SL	p11	Z08115	168	2.0	135.0	8	1744.8327631235961	1745.0286425496968
1745.1130418629393	0.5359193087895164	trials	191023SL	p11	Z08115	70	9.0	180.0	4	1745.2630418629394	1745.4989611717288
1745.553320572984	0.4958794261008279	trials	191023SL	p11	Z08115	278	7.0	90.0	12	1745.703320572984	1745.8991999990847
1745.9835993123272	0.5058793968021291	trials	191023SL	p11	Z08115	282	11.0	90.0	12	1746.1335993123273	1746.3394787091293
1746.4239180222548	0.49587942610060054	trials	191023SL	p11	Z08115	174	8.0	135.0	8	1746.573918022255	1746.7697974483553
1749.8962278488707	0.5158393676208561	trials	191023SL	p11	Z08115	302	1.0	180.0	12	1750.0462278488708	1750.2620672164915
1750.3265065882138	0.5158793675036577	trials	191023SL	p11	Z08115	90	14.0	225.0	4	1750.4765065882139	1750.6923859557173
1752.8981790535718	0.5259193380879879	trials	191023SL	p11	Z08115	136	0.0	45.0	8	1753.0481790535719	1753.2740983916597
1753.3284977927979	0.5258793382049589	trials	191023SL	p11	Z08115	157	6.0	90.0	8	1753.478497792798	1753.7043771310027
1753.7687765028425	0.5258793382051863	trials	191023SL	p11	Z08115	316	0.0	225.0	12	1753.9187765028425	1754.1446558410476
1754.1990552421858	0.5258793382051863	trials	191023SL	p11	Z08115	14	13.0	0.0	4	1754.3490552421858	1754.5749345803908
1754.6393339522303	0.4958794261008279	trials	191023SL	p11	Z08115	25	9.0	45.0	4	1754.7893339522304	1754.985213378331
1755.0696126915736	0.49587942610060054	trials	191023SL	p11	Z08115	100	9.0	270.0	4	1755.2196126915737	1755.4154921176741
1758.6820021077758	0.5058793968021291	trials	191023SL	p11	Z08115	276	5.0	90.0	12	1758.832002107776	1759.0378815045779
1759.1022808764176	0.5259193380879879	trials	191023SL	p11	Z08115	225	14.0	270.0	8	1759.2522808764177	1759.4782002145055
1759.5325596157609	0.5158793675036577	trials	191023SL	p11	Z08115	159	8.0	90.0	8	1759.682559615761	1759.8984389832644
1759.9828782963898	0.5258793382051863	trials	191023SL	p11	Z08115	263	7.0	45.0	12	1760.13287829639	1760.358757634595
1760.4231570064344	0.5258793382051863	trials	191023SL	p11	Z08115	97	6.0	270.0	4	1760.5731570064345	1760.7990363446395
1760.8634357164792	0.5058793968021291	trials	191023SL	p11	Z08115	351	5.0	315.0	12	1761.0134357164793	1761.2193151132813
1764.2757057190033	0.5158793675036577	trials	191023SL	p11	Z08115	62	1.0	180.0	4	1764.4257057190034	1764.641585086507
1764.7059844583466	0.4958794261008279	trials	191023SL	p11	Z08115	32	1.0	90.0	4	1764.8559844583467	1765.0518638844474
1765.13626319769	0.49587942610060054	trials	191023SL	p11	Z08115	200	4.0	225.0	8	1765.28626319769	1765.4821426237904
1765.5465419956302	0.5158793675036577	trials	191023SL	p11	Z08115	180	14.0	135.0	8	1765.6965419956302	1765.9124213631337
1765.9768207349734	0.5259193380879879	trials	191023SL	p11	Z08115	295	9.0	135.0	12	1766.1268207349735	1766.3527400730613
1766.4070994743165	0.5259193380879879	trials	191023SL	p11	Z08115	28	12.0	45.0	4	1766.5570994743166	1766.7830188124044
1769.9994889491159	0.5158793675036577	trials	191023SL	p11	Z08115	39	8.0	90.0	4	1770.149488949116	1770.3653683166194
1770.4197677177576	0.5058793968021291	trials	191023SL	p11	Z08115	249	8.0	0.0	12	1770.5697677177577	1770.7756471145597
1770.8500464571007	0.5359193087895164	trials	191023SL	p11	Z08115	169	3.0	135.0	8	1771.0000464571008	1771.2359657658901
1771.2903251671455	0.5259193380879879	trials	191023SL	p11	Z08115	353	7.0	315.0	12	1771.4403251671456	1771.6662445052334
1771.730643877073	0.5258793382051863	trials	191023SL	p11	Z08115	78	2.0	225.0	4	1771.880643877073	1772.106523215278
1772.1609226164162	0.5058793968021291	trials	191023SL	p11	Z08115	12	11.0	0.0	4	1772.3109226164163	1772.5168020132182
1776.1135510357653	0.5158793675038851	trials	191023SL	p11	Z08115	321	5.0	225.0	12	1776.2635510357654	1776.4794304032691
1776.5438297751089	0.495839426217799	trials	191023SL	p11	Z08115	217	6.0	270.0	8	1776.693829775109	1776.8896692013266
1776.954108573049	0.5158793675036577	trials	191023SL	p11	Z08115	222	11.0	270.0	8	1777.1041085730492	1777.3199879405527
1777.3843873123922	0.5258793382051863	trials	191023SL	p11	Z08115	72	11.0	180.0	4	1777.5343873123923	1777.7602666505973
1777.8146660517355	0.5258793382051863	trials	191023SL	p11	Z08115	202	6.0	225.0	8	1777.9646660517355	1778.1905453899406
1778.2549447617803	0.5258793382049589	trials	191023SL	p11	Z08115	103	12.0	270.0	4	1778.4049447617804	1778.6308240999851
1781.8673341779822	0.5258793382054137	trials	191023SL	p11	Z08115	339	8.0	270.0	12	1782.0173341779823	1782.2432135161876
1782.2976129173255	0.5258793382051863	trials	191023SL	p11	Z08115	144	8.0	45.0	8	1782.4476129173256	1782.6734922555306
1782.7378916273703	0.5159193673864593	trials	191023SL	p11	Z08115	223	12.0	270.0	8	1782.8878916273704	1783.1038109947567
1783.1682103665962	0.5258793382054137	trials	191023SL	p11	Z08115	298	12.0	135.0	12	1783.3182103665963	1783.5440897048015
1783.5984891059395	0.5258793382051863	trials	191023SL	p11	Z08115	83	7.0	225.0	4	1783.7484891059396	1783.9743684441446
1784.0387678159843	0.5258793382051863	trials	191023SL	p11	Z08115	60	14.0	135.0	4	1784.1887678159844	1784.4146471541894
1787.6111173494978	0.5158793675036577	trials	191023SL	p11	Z08115	311	10.0	180.0	12	1787.761117349498	1787.9769967170014
1788.0313961181396	0.5259193380877605	trials	191023SL	p11	Z08115	310	9.0	180.0	12	1788.1813961181397	1788.4073154562273
1788.471714828067	0.5258793382051863	trials	191023SL	p11	Z08115	49	3.0	135.0	4	1788.621714828067	1788.847594166272
1790.7832280556552	0.5158793675036577	trials	191023SL	p11	Z08115	101	10.0	270.0	4	1790.9332280556553	1791.1491074231587
1791.2135067949985	0.5158793675036577	trials	191023SL	p11	Z08115	274	3.0	90.0	12	1791.3635067949986	1791.579386162502
1791.6637854757446	0.4958794261008279	trials	191023SL	p11	Z08115	0			0	1791.8137854757447	1792.0096649018453
1792.0941042149707	0.5058793968021291	trials	191023SL	p11	Z08115	99	8.0	270.0	4	1792.2441042149708	1792.4499836117727
1792.5343829250153	0.5258793382051863	trials	191023SL	p11	Z08115	69	8.0	180.0	4	1792.6843829250154	1792.9102622632204
1792.97466163506	0.5158793675036577	trials	191023SL	p11	Z08115	350	4.0	315.0	12	1793.1246616350602	1793.3405410025637
1796.6671308166397	0.5258793382051863	trials	191023SL	p11	Z08115	38	7.0	90.0	4	1796.8171308166397	1797.0430101548448
1797.097409555983	0.5258793382051863	trials	191023SL	p11	Z08115	212	1.0	270.0	8	1797.247409555983	1797.473288894188
1797.5376882660275	0.5258793382051863	trials	191023SL	p11	Z08115	219	8.0	270.0	8	1797.6876882660276	1797.9135676042326
1797.9679670053708	0.5258793382051863	trials	191023SL	p11	Z08115	301	0.0	180.0	12	1798.117967005371	1798.343846343576
1798.4082857152982	0.5258793382051863	trials	191023SL	p11	Z08115	330	14.0	225.0	12	1798.5582857152983	1798.7841650535033
1798.8385644546415	0.5258793382051863	trials	191023SL	p11	Z08115	230	4.0	315.0	8	1798.9885644546416	1799.2144437928466
1802.661073255223	0.5158793675038851	trials	191023SL	p11	Z08115	282	11.0	90.0	12	1802.8110732552232	1803.0269526227269
1803.0913519945664	0.5258793382051863	trials	191023SL	p11	Z08115	357	11.0	315.0	12	1803.2413519945665	1803.4672313327715
1803.5216307339097	0.5259193380879879	trials	191023SL	p11	Z08115	241	0.0	0.0	12	1803.6716307339098	1803.8975500719976
1803.9519094732527	0.5058793968023565	trials	191023SL	p11	Z08115	24	8.0	45.0	4	1804.1019094732528	1804.307788870055
1804.3721882418947	0.49587942610060054	trials	191023SL	p11	Z08115	71	10.0	180.0	4	1804.5221882418948	1804.7180676679952
1804.8025069811206	0.5058393969195549	trials	191023SL	p11	Z08115	149	13.0	45.0	8	1804.9525069811207	1805.15834637804
1808.5449760162078	0.5158793675036577	trials	191023SL	p11	Z08115	14	13.0	0.0	4	1808.6949760162079	1808.9108553837114
1808.9752547555508	0.5258793382051863	trials	191023SL	p11	Z08115	194	13.0	180.0	8	1809.125254755551	1809.351134093756
1809.4055334948941	0.5258793382051863	trials	191023SL	p11	Z08115	62	1.0	180.0	4	1809.5555334948942	1809.7814128330992
1809.8458122049387	0.5259193380879879	trials	191023SL	p11	Z08115	45	14.0	90.0	4	1809.9958122049388	1810.2217315430266
1810.276090944282	0.5259193380879879	trials	191023SL	p11	Z08115	265	9.0	45.0	12	1810.4260909442821	1810.65201028237
1810.7164096542097	0.5258793382051863	trials	191023SL	p11	Z08115	57	11.0	135.0	4	1810.8664096542097	1811.0922889924148
1814.3988388652049	0.5158793675036577	trials	191023SL	p11	Z08115	245	4.0	0.0	12	1814.548838865205	1814.7647182327084
1814.8291176045482	0.5258793382051863	trials	191023SL	p11	Z08115	290	4.0	135.0	12	1814.9791176045483	1815.2049969427533
1815.2593963438912	0.5258793382054137	trials	191023SL	p11	Z08115	294	8.0	135.0	12	1815.4093963438913	1815.6352756820966
1815.699675053936	0.5259193380879879	trials	191023SL	p11	Z08115	236	10.0	315.0	8	1815.8496750539362	1816.075594392024
1816.1299937931622	0.5058393969193276	trials	191023SL	p11	Z08115	180	14.0	135.0	8	1816.2799937931622	1816.4858331900814
1816.5602725325052	0.5058793968023565	trials	191023SL	p11	Z08115	22	6.0	45.0	4	1816.7102725325053	1816.9161519293075
1822.3640955281123	0.5158793675038851	trials	191023SL	p11	Z08115	131	10.0	0.0	8	1822.5140955281124	1822.7299748956161
1825.1058874950438	0.5158793675036577	trials	191023SL	p11	Z08115	26	10.0	45.0	4	1825.255887495044	1825.4717668625474
1825.5261662636856	0.5058793968021291	trials	191023SL	p11	Z08115	229	3.0	315.0	8	1825.6761662636857	1825.8820456604876
1825.9664449737302	0.5259193380879879	trials	191023SL	p11	Z08115	59	13.0	135.0	4	1826.1164449737303	1826.342364311818
1826.4067636836578	0.5158793675036577	trials	191023SL	p11	Z08115	173	7.0	135.0	8	1826.556763683658	1826.7726430511614
1826.837042423001	0.5258793382051863	trials	191023SL	p11	Z08115	158	7.0	90.0	8	1826.9870424230012	1827.2129217612062
1827.2773611329285	0.5158793675036577	trials	191023SL	p11	Z08115	213	2.0	270.0	8	1827.4273611329286	1827.643240500432
1830.8397106957405	0.5158793675036577	trials	191023SL	p11	Z08115	204	8.0	225.0	8	1830.9897106957405	1831.205590063244
1831.2699894350837	0.5258793382051863	trials	191023SL	p11	Z08115	54	8.0	135.0	4	1831.4199894350838	1831.6458687732888
1831.700268174427	0.5058793968021291	trials	191023SL	p11	Z08115	318	2.0	225.0	12	1831.8502681744271	1832.056147571229
1832.13054691377	0.5058793968023565	trials	191023SL	p11	Z08115	76	0.0	225.0	4	1832.2805469137702	1832.4864263105724
1832.570825623815	0.49587942610060054	trials	191023SL	p11	Z08115	168	2.0	135.0	8	1832.720825623815	1832.9167050499154
1833.001144363041	0.5058393969193276	trials	191023SL	p11	Z08115	70	9.0	180.0	4	1833.151144363041	1833.3569837599603
1836.8936929584156	0.5158793675038851	trials	191023SL	p11	Z08115	272	1.0	90.0	12	1837.0436929584157	1837.2595723259194
1837.323971697759	0.4958794261008279	trials	191023SL	p11	Z08115	42	11.0	90.0	4	1837.473971697759	1837.6698511238596
1837.7342504956991	0.5058793968023565	trials	191023SL	p11	Z08115	122	1.0	0.0	8	1837.8842504956992	1838.0901298925014
1838.174529205744	0.49587942610060054	trials	191023SL	p11	Z08115	187	6.0	180.0	8	1838.324529205744	1838.5204086318445
1838.60484794497	0.5058393969193276	trials	191023SL	p11	Z08115	255	14.0	0.0	12	1838.7548479449702	1838.9606873418893
1839.0150867430275	0.5258793382051863	trials	191023SL	p11	Z08115	4	3.0	0.0	4	1839.1650867430276	1839.3909660812326
1842.7975956608032	0.5158793675036577	trials	191023SL	p11	Z08115	113	7.0	315.0	4	1842.9475956608032	1843.1634750283067
1843.2278744001464	0.5258793382051863	trials	191023SL	p11	Z08115	29	13.0	45.0	4	1843.3778744001465	1843.6037537383515
1845.8596266894788	0.5158793675036577	trials	191023SL	p11	Z08115	19	3.0	45.0	4	1846.0096266894789	1846.2255060569823
1846.289905428822	0.5258793382051863	trials	191023SL	p11	Z08115	21	5.0	45.0	4	1846.4399054288222	1846.6657847670272
1846.7201841681654	0.5058793968021291	trials	191023SL	p11	Z08115	79	3.0	225.0	4	1846.8701841681655	1847.0760635649674
1849.1417770732353	0.5158793675038851	trials	191023SL	p11	Z08115	63	2.0	180.0	4	1849.2917770732354	1849.507656440739
1849.562055841877	0.5259193380879879	trials	191023SL	p11	Z08115	208	12.0	225.0	8	1849.7120558418771	1849.937975179965
1850.0023745518047	0.5258793382051863	trials	191023SL	p11	Z08115	123	2.0	0.0	8	1850.1523745518048	1850.3782538900098
1850.4326532911477	0.5258793382051863	trials	191023SL	p11	Z08115	250	9.0	0.0	12	1850.5826532911478	1850.8085326293528
1850.8729320011926	0.5258793382051863	trials	191023SL	p11	Z08115	124	3.0	0.0	8	1851.0229320011927	1851.2488113393977
1851.3032107405356	0.5258793382054137	trials	191023SL	p11	Z08115	327	11.0	225.0	12	1851.4532107405357	1851.679090078741
1855.1457594824033	0.5158793675036577	trials	191023SL	p11	Z08115	161	10.0	90.0	8	1855.2957594824034	1855.5116388499068
1855.566038251045	0.5058793968021291	trials	191023SL	p11	Z08115	111	5.0	315.0	4	1855.7160382510451	1855.921917647847
1855.9863170196866	0.4958794261008279	trials	191023SL	p11	Z08115	324	8.0	225.0	12	1856.1363170196867	1856.3321964457873
1856.4165957590299	0.5058793968023565	trials	191023SL	p11	Z08115	137	1.0	45.0	8	1856.56659575903	1856.7724751558321
1856.8568744690747	0.49587942610060054	trials	191023SL	p11	Z08115	235	9.0	315.0	8	1857.0068744690748	1857.2027538951752
1857.267153267015	0.5158793675036577	trials	191023SL	p11	Z08115	223	12.0	270.0	8	1857.417153267015	1857.6330326345185
1860.859542741814	0.5158793675036577	trials	191023SL	p11	Z08115	160	9.0	90.0	8	1861.0095427418141	1861.2254221093176
1861.2898214811573	0.5258793382051863	trials	191023SL	p11	Z08115	95	4.0	270.0	4	1861.4398214811574	1861.6657008193624
1861.7201002205006	0.5258793382051863	trials	191023SL	p11	Z08115	325	9.0	225.0	12	1861.8701002205007	1862.0959795587057
1862.1603789305452	0.5259193380879879	trials	191023SL	p11	Z08115	188	7.0	180.0	8	1862.3103789305453	1862.5362982686331
1862.5906976697713	0.5258793382051863	trials	191023SL	p11	Z08115	284	13.0	90.0	12	1862.7406976697714	1862.9665770079764
1863.030976379816	0.5258793382054137	trials	191023SL	p11	Z08115	34	3.0	90.0	4	1863.180976379816	1863.4068557180212
1866.5833259719266	0.5158793675036577	trials	191023SL	p11	Z08115	237	11.0	315.0	8	1866.7333259719267	1866.9492053394301
1867.0136047112696	0.5158793675036577	trials	191023SL	p11	Z08115	154	3.0	90.0	8	1867.1636047112697	1867.3794840787732
1867.443883450613	0.5258793382051863	trials	191023SL	p11	Z08115	138	2.0	45.0	8	1867.593883450613	1867.819762788818
1867.8741621899562	0.5258793382051863	trials	191023SL	p11	Z08115	202	6.0	225.0	8	1868.0241621899563	1868.2500415281613
1868.3144409000008	0.5259193380879879	trials	191023SL	p11	Z08115	164	13.0	90.0	8	1868.464440900001	1868.6903602380887
1868.744759639227	0.5258793382051863	trials	191023SL	p11	Z08115	240	14.0	315.0	8	1868.894759639227	1869.120638977432
1872.88746750167	0.5158793675036577	trials	191023SL	p11	Z08115	247	6.0	0.0	12	1873.03746750167	1873.2533468691736
1873.317746241013	0.5259193380879879	trials	191023SL	p11	Z08115	352	6.0	315.0	12	1873.4677462410132	1873.693665579101
1873.7480649802392	0.5258793382051863	trials	191023SL	p11	Z08115	193	12.0	180.0	8	1873.8980649802393	1874.1239443184443
1874.188343690284	0.5158793675036577	trials	191023SL	p11	Z08115	203	7.0	225.0	8	1874.338343690284	1874.5542230577876
1874.618622429627	0.5258793382051863	trials	191023SL	p11	Z08115	244	3.0	0.0	12	1874.7686224296272	1874.9945017678322
1875.0489011689704	0.5258793382051863	trials	191023SL	p11	Z08115	74	13.0	180.0	4	1875.1989011689705	1875.4247805071755
1878.7213304092643	0.5158793675036577	trials	191023SL	p11	Z08115	15	14.0	0.0	4	1878.8713304092644	1879.0872097767678
1879.1516091486073	0.5259193380879879	trials	191023SL	p11	Z08115	254	13.0	0.0	12	1879.3016091486074	1879.5275284866952
1879.5818878879506	0.5259193380879879	trials	191023SL	p11	Z08115	128	7.0	0.0	8	1879.7318878879507	1879.9578072260385
1880.0222065978783	0.5258793382049589	trials	191023SL	p11	Z08115	275	4.0	90.0	12	1880.1722065978784	1880.3980859360831
1880.4524853372213	0.5258793382051863	trials	191023SL	p11	Z08115	214	3.0	270.0	8	1880.6024853372214	1880.8283646754264
1880.8927640472662	0.5258793382051863	trials	191023SL	p11	Z08115	335	4.0	270.0	12	1881.0427640472662	1881.2686433854713
1884.4551136100781	0.5258793382051863	trials	191023SL	p11	Z08115	33	2.0	90.0	4	1884.6051136100782	1884.8309929482832
1884.8853923494212	0.5259193380879879	trials	191023SL	p11	Z08115	311	10.0	180.0	12	1885.0353923494213	1885.261311687509
1885.3257110593488	0.5258793382051863	trials	191023SL	p11	Z08115	13	12.0	0.0	4	1885.475711059349	1885.701590397554
1885.755989798692	0.5258793382051863	trials	191023SL	p11	Z08115	170	4.0	135.0	8	1885.9059897986922	1886.1318691368972
1886.196268508737	0.5258793382049589	trials	191023SL	p11	Z08115	91	0.0	270.0	4	1886.346268508737	1886.5721478469418
1886.62654724808	0.5259193380879879	trials	191023SL	p11	Z08115	56	10.0	135.0	4	1886.77654724808	1887.0024665861679
1890.6492154622224	0.5158793675036577	trials	191023SL	p11	Z08115	331	0.0	270.0	12	1890.7992154622225	1891.015094829726
1891.0794942015657	0.5258793382051863	trials	191023SL	p11	Z08115	293	7.0	135.0	12	1891.2294942015658	1891.4553735397708
1891.509772940909	0.5259193380879879	trials	191023SL	p11	Z08115	321	5.0	225.0	12	1891.659772940909	1891.8856922789969
1891.9500916508364	0.5158793675036577	trials	191023SL	p11	Z08115	358	12.0	315.0	12	1892.1000916508365	1892.31597101834
1892.3803703901797	0.5258793382051863	trials	191023SL	p11	Z08115	225	14.0	270.0	8	1892.5303703901798	1892.7562497283848
1892.810649129523	0.5258793382049589	trials	191023SL	p11	Z08115	75	14.0	180.0	4	1892.960649129523	1893.1865284677278
1896.623157959403	0.5158793675036577	trials	191023SL	p11	Z08115	169	3.0	135.0	8	1896.773157959403	1896.9890373269066
1897.0434367280448	0.5258793382051863	trials	191023SL	p11	Z08115	182	1.0	180.0	8	1897.1934367280448	1897.4193160662498
1897.4837154380893	0.5259193380882152	trials	191023SL	p11	Z08115	94	3.0	270.0	4	1897.6337154380894	1897.8596347761775
1897.9140341773154	0.5258793382051863	trials	191023SL	p11	Z08115	288	2.0	135.0	12	1898.0640341773155	1898.2899135155205
1898.3543128873603	0.5258793382051863	trials	191023SL	p11	Z08115	119	13.0	315.0	4	1898.5043128873604	1898.7301922255654
1898.7845916267033	0.4958794261008279	trials	191023SL	p11	Z08115	231	5.0	315.0	8	1898.9345916267034	1899.130471052804
1902.5571005737777	0.5158793675036577	trials	191023SL	p11	Z08115	277	6.0	90.0	12	1902.7071005737778	1902.9229799412813
1902.987379313121	0.5258793382051863	trials	191023SL	p11	Z08115	155	4.0	90.0	8	1903.137379313121	1903.363258651326
1905.428972159594	0.5258793382051863	trials	191023SL	p11	Z08115	346	0.0	315.0	12	1905.578972159594	1905.804851497799
1905.8592508989373	0.5259193380879879	trials	191023SL	p11	Z08115	258	2.0	45.0	12	1906.0092508989374	1906.2351702370252
1906.2995696088647	0.5258793382051863	trials	191023SL	p11	Z08115	159	8.0	90.0	8	1906.4495696088647	1906.6754489470698
1906.729848348208	0.5258793382051863	trials	191023SL	p11	Z08115	41	10.0	90.0	4	1906.879848348208	1907.105727686413
1907.1701270582525	0.5158793675038851	trials	191023SL	p11	Z08115	190	9.0	180.0	8	1907.3201270582526	1907.5360064257563
1907.6004057975958	0.5259193380879879	trials	191023SL	p11	Z08115	89	13.0	225.0	4	1907.750405797596	1907.9763251356837
1911.1727953309921	0.5158793675038851	trials	191023SL	p11	Z08115	297	11.0	135.0	12	1911.3227953309922	1911.538674698496
1911.6030740703354	0.5158793675036577	trials	191023SL	p11	Z08115	242	1.0	0.0	12	1911.7530740703355	1911.968953437839
1912.0333528096785	0.5258793382054137	trials	191023SL	p11	Z08115	191	10.0	180.0	8	1912.1833528096786	1912.4092321478838
1912.4636315490218	0.5058793968023565	trials	191023SL	p11	Z08115	224	13.0	270.0	8	1912.6136315490219	1912.819510945824
1912.8839103176635	0.5058793968023565	trials	191023SL	p11	Z08115	283	12.0	90.0	12	1913.0339103176636	1913.2397897144658
1913.3041890863053	0.5258793382051863	trials	191023SL	p11	Z08115	270	14.0	45.0	12	1913.4541890863054	1913.6800684245104
1916.9365784439105	0.5158793675036577	trials	191023SL	p11	Z08115	186	5.0	180.0	8	1917.0865784439106	1917.3024578114141
1917.3668571832536	0.5259193380879879	trials	191023SL	p11	Z08115	355	9.0	315.0	12	1917.5168571832537	1917.7427765213415
1917.8071758931812	0.5158793675036577	trials	191023SL	p11	Z08115	280	9.0	90.0	12	1917.9571758931813	1918.1730552606848
1920.5189679480081	0.5158793675036577	trials	191023SL	p11	Z08115	150	14.0	45.0	8	1920.6689679480082	1920.8848473155117
1922.7904412929076	0.5158793675036577	trials	191023SL	p11	Z08115	339	8.0	270.0	12	1922.9404412929077	1923.1563206604112
1923.2207600321337	0.5258793382051863	trials	191023SL	p11	Z08115	117	11.0	315.0	4	1923.3707600321338	1923.5966393703388
1923.651038771477	0.5258793382049589	trials	191023SL	p11	Z08115	281	10.0	90.0	12	1923.8010387714771	1924.026918109682
1924.0913174815216	0.5258793382051863	trials	191023SL	p11	Z08115	58	12.0	135.0	4	1924.2413174815217	1924.4671968197267
1924.521596220865	0.5258793382049589	trials	191023SL	p11	Z08115	259	3.0	45.0	12	1924.671596220865	1924.8974755590698
1924.9618749309095	0.5158793675038851	trials	191023SL	p11	Z08115	104	13.0	270.0	4	1925.1118749309096	1925.3277542984133
1928.3441450213293	0.5158793675036577	trials	191023SL	p11	Z08115	144	8.0	45.0	8	1928.4941450213294	1928.7100243888328
1928.7744237606726	0.5258793382051863	trials	191023SL	p11	Z08115	342	11.0	270.0	12	1928.9244237606727	1929.1503030988777
1929.2047025000156	0.5058793968023565	trials	191023SL	p11	Z08115	53	7.0	135.0	4	1929.3547025000157	1929.560581896818
1929.6249812686574	0.49583942621802635	trials	191023SL	p11	Z08115	192	11.0	180.0	8	1929.7749812686575	1929.9708206948753
1930.055260008001	0.5058793968021291	trials	191023SL	p11	Z08115	309	8.0	180.0	12	1930.205260008001	1930.411139404803
1930.4955387180453	0.4958794261008279	trials	191023SL	p11	Z08115	332	1.0	270.0	12	1930.6455387180454	1930.841418144146
1934.047888310156	0.5158793675036577	trials	191023SL	p11	Z08115	302	1.0	180.0	12	1934.197888310156	1934.4137676776595
1934.4781670494992	0.5259193380877605	trials	191023SL	p11	Z08115	268	12.0	45.0	12	1934.6281670494993	1934.854086387587
1934.9084457888423	0.5259193380882152	trials	191023SL	p11	Z08115	44	13.0	90.0	4	1935.0584457888424	1935.2843651269304
1935.34876449877	0.5258793382049589	trials	191023SL	p11	Z08115	221	10.0	270.0	8	1935.49876449877	1935.7246438369748
1935.7790432381132	0.5258793382051863	trials	191023SL	p11	Z08115	171	5.0	135.0	8	1935.9290432381133	1936.1549225763183
1936.2193219481578	0.5258793382051863	trials	191023SL	p11	Z08115	132	11.0	0.0	8	1936.369321948158	1936.595201286363
1939.8117114229572	0.5158793675036577	trials	191023SL	p11	Z08115	142	6.0	45.0	8	1939.9617114229573	1940.1775907904607
1942.4234237710039	0.5158793675036577	trials	191023SL	p11	Z08115	114	8.0	315.0	4	1942.573423771004	1942.7893031385074
1942.8637024810482	0.5259193380882152	trials	191023SL	p11	Z08115	238	12.0	315.0	8	1943.0137024810483	1943.2396218191363
1943.3240211323787	0.5258793382054137	trials	191023SL	p11	Z08115	102	11.0	270.0	4	1943.4740211323788	1943.699900470584
1943.7542998717222	0.5258793382049589	trials	191023SL	p11	Z08115	31	0.0	90.0	4	1943.9042998717223	1944.130179209927
1944.1945785817668	0.5259193380879879	trials	191023SL	p11	Z08115	66	5.0	180.0	4	1944.3445785817669	1944.5704979198547
1944.6248973209927	0.5258793382054137	trials	191023SL	p11	Z08115	305	4.0	180.0	12	1944.7748973209927	1945.000776659198
1948.3973662681842	0.5158793675036577	trials	191023SL	p11	Z08115	295	9.0	135.0	12	1948.5473662681843	1948.7632456356878
1948.8276450075275	0.5158793675036577	trials	191023SL	p11	Z08115	83	7.0	225.0	4	1948.9776450075276	1949.193524375031
1951.3893575020668	0.5158793675036577	trials	191023SL	p11	Z08115	185	4.0	180.0	8	1951.5393575020669	1951.7552368695704
1951.81963624141	0.5258793382049589	trials	191023SL	p11	Z08115	125	4.0	0.0	8	1951.9696362414102	1952.195515579615
1952.2499149807531	0.5258793382051863	trials	191023SL	p11	Z08115	316	0.0	225.0	12	1952.3999149807532	1952.6257943189582
1952.6902336906808	0.5258793382051863	trials	191023SL	p11	Z08115	23	7.0	45.0	4	1952.8402336906809	1953.0661130288859
1953.1205124300238	0.5258793382051863	trials	191023SL	p11	Z08115	97	6.0	270.0	4	1953.270512430024	1953.496391768229
1953.5607911400687	0.5258793382051863	trials	191023SL	p11	Z08115	107	1.0	315.0	4	1953.7107911400687	1953.9366704782738
1957.113140732179	0.5158793675036577	trials	191023SL	p11	Z08115	338	7.0	270.0	12	1957.2631407321792	1957.4790200996827
1957.5434194715222	0.5258793382054137	trials	191023SL	p11	Z08115	195	14.0	180.0	8	1957.6934194715222	1957.9192988097275
1957.9736982108657	0.5258793382049589	trials	191023SL	p11	Z08115	336	5.0	270.0	12	1958.1236982108658	1958.3495775490705
1958.4139769209103	0.5159193673864593	trials	191023SL	p11	Z08115	120	14.0	315.0	4	1958.5639769209104	1958.7798962882966
1960.9756894154496	0.5158793675036577	trials	191023SL	p11	Z08115	287	1.0	135.0	12	1961.1256894154496	1961.3415687829531
1961.4059681547928	0.5258793382049589	trials	191023SL	p11	Z08115	72	11.0	180.0	4	1961.555968154793	1961.7818474929977
1961.836246894136	0.5258793382051863	trials	191023SL	p11	Z08115	328	12.0	225.0	12	1961.986246894136	1962.212126232341
1962.2765656040633	0.5258793382054137	trials	191023SL	p11	Z08115	20	4.0	45.0	4	1962.4265656040634	1962.6524449422686
1962.7068443434068	0.5258793382049589	trials	191023SL	p11	Z08115	55	9.0	135.0	4	1962.856844343407	1963.0827236816117
1963.1471230534514	0.5158793675036577	trials	191023SL	p11	Z08115	333	2.0	270.0	12	1963.2971230534515	1963.513002420955
1966.9095920299415	0.5158793675036577	trials	191023SL	p11	Z08115	49	3.0	135.0	4	1967.0595920299415	1967.275471397445
1967.3398707692845	0.5259193380879879	trials	191023SL	p11	Z08115	16	0.0	45.0	4	1967.4898707692846	1967.7157901073724
1967.7701895085106	0.5258793382054137	trials	191023SL	p11	Z08115	32	1.0	90.0	4	1967.9201895085107	1968.146068846716
1968.2104682185554	0.5258793382049589	trials	191023SL	p11	Z08115	18	2.0	45.0	4	1968.3604682185555	1968.5863475567603
1968.6407469578985	0.5258793382054137	trials	191023SL	p11	Z08115	73	12.0	180.0	4	1968.7907469578986	1969.0166262961038
1969.0810256679433	0.5259193380879879	trials	191023SL	p11	Z08115	0			0	1969.2310256679434	1969.4569450060312
1972.6333752600538	0.5158793675036577	trials	191023SL	p11	Z08115	7	6.0	0.0	4	1972.7833752600538	1972.9992546275573
1973.063653999397	0.5259193380879879	trials	191023SL	p11	Z08115	163	12.0	90.0	8	1973.2136539993971	1973.439573337485
1973.4939727386231	0.5258793382049589	trials	191023SL	p11	Z08115	35	4.0	90.0	4	1973.6439727386232	1973.869852076828
1973.9342514486677	0.5158793675036577	trials	191023SL	p11	Z08115	92	1.0	270.0	4	1974.0842514486678	1974.3001308161713
1974.364530188011	0.5258793382049589	trials	191023SL	p11	Z08115	315	14.0	180.0	12	1974.5145301880111	1974.740409526216
1974.794808927354	0.5258793382054137	trials	191023SL	p11	Z08115	249	8.0	0.0	12	1974.9448089273542	1975.1706882655594
1978.5673178744285	0.5158793675038851	trials	191023SL	p11	Z08115	130	9.0	0.0	8	1978.7173178744285	1978.9331972419322
1979.007596584473	0.5058793968023565	trials	191023SL	p11	Z08115	196	0.0	225.0	8	1979.1575965844731	1979.3634759812753
1979.4178753824135	0.5258793382049589	trials	191023SL	p11	Z08115	80	4.0	225.0	4	1979.5678753824136	1979.7937547206184
1979.8481541217566	0.5258793382054137	trials	191023SL	p11	Z08115	172	6.0	135.0	8	1979.9981541217567	1980.224033459962
1980.2884328318014	0.5259193380879879	trials	191023SL	p11	Z08115	299	13.0	135.0	12	1980.4384328318015	1980.6643521698893
1980.7187515710275	0.5258793382049589	trials	191023SL	p11	Z08115	40	9.0	90.0	4	1980.8687515710276	1981.0946309092324
1984.4011807820227	0.5258793382051863	trials	191023SL	p11	Z08115	228	2.0	315.0	8	1984.5511807820228	1984.7770601202278
1986.6326542441163	0.5158793675036577	trials	191023SL	p11	Z08115	175	9.0	135.0	8	1986.7826542441164	1986.99853361162
1987.0629329834596	0.5158793675036577	trials	191023SL	p11	Z08115	140	4.0	45.0	8	1987.2129329834597	1987.4288123509632
1989.404486123035	0.5158793675036577	trials	191023SL	p11	Z08115	218	7.0	270.0	8	1989.554486123035	1989.7703654905386
1989.8447648330798	0.5158793675036577	trials	191023SL	p11	Z08115	348	2.0	315.0	12	1989.99476483308	1990.2106442005834
1990.2750435724229	0.5158793675036577	trials	191023SL	p11	Z08115	198	2.0	225.0	8	1990.425043572423	1990.6409229399264
1990.7053223117662	0.5259193380879879	trials	191023SL	p11	Z08115	134	13.0	0.0	8	1990.8553223117663	1991.081241649854
1991.1356010511095	0.5259193380879879	trials	191023SL	p11	Z08115	47	1.0	135.0	4	1991.2856010511096	1991.5115203891974
1991.5759197610369	0.49583942621802635	trials	191023SL	p11	Z08115	360	14.0	315.0	12	1991.725919761037	1991.9217591872548
1995.1883091772393	0.5258793382049589	trials	191023SL	p11	Z08115	166	0.0	135.0	8	1995.3383091772394	1995.5641885154441
1995.6185879165823	0.5258793382051863	trials	191023SL	p11	Z08115	152	1.0	90.0	8	1995.7685879165824	1995.9944672547874
1996.0588666266272	0.5258793382049589	trials	191023SL	p11	Z08115	269	13.0	45.0	12	1996.2088666266272	1996.434745964832
1996.4891453659702	0.5258793382051863	trials	191023SL	p11	Z08115	347	1.0	315.0	12	1996.6391453659703	1996.8650247041753
1996.9294640758976	0.5258793382054137	trials	191023SL	p11	Z08115	216	5.0	270.0	8	1997.0794640758977	1997.305343414103
1997.3597428152411	0.5258793382049589	trials	191023SL	p11	Z08115	5	4.0	0.0	4	1997.5097428152412	1997.735622153446
2001.0121321142492	0.5158793675036577	trials	191023SL	p11	Z08115	279	8.0	90.0	12	2001.1621321142493	2001.3780114817528
2001.4424108535923	0.5259193380879879	trials	191023SL	p11	Z08115	200	4.0	225.0	8	2001.5924108535924	2001.8183301916802
2001.8727295928184	0.5258793382051863	trials	191023SL	p11	Z08115	326	10.0	225.0	12	2002.0227295928185	2002.2486089310235
2002.313008302863	0.5258793382051863	trials	191023SL	p11	Z08115	65	4.0	180.0	4	2002.463008302863	2002.688887641068
2002.7432870422062	0.5258793382051863	trials	191023SL	p11	Z08115	248	7.0	0.0	12	2002.8932870422063	2003.1191663804113
2003.183565752251	0.49587942610060054	trials	191023SL	p11	Z08115	27	11.0	45.0	4	2003.3335657522512	2003.5294451783516
2006.8359950511417	0.5158793675038851	trials	191023SL	p11	Z08115	98	7.0	270.0	4	2006.9859950511418	2007.2018744186455
2007.2662737904852	0.5158793675036577	trials	191023SL	p11	Z08115	2	1.0	0.0	4	2007.4162737904853	2007.6321531579888
2007.6965525298283	0.5258793382054137	trials	191023SL	p11	Z08115	341	10.0	270.0	12	2007.8465525298284	2008.0724318680336
2008.1268312691716	0.5058793968021291	trials	191023SL	p11	Z08115	246	5.0	0.0	12	2008.2768312691717	2008.4827106659736
2008.5671099792162	0.4958794261008279	trials	191023SL	p11	Z08115	320	4.0	225.0	12	2008.7171099792163	2008.912989405317
2008.967388806455	0.5259193380882152	trials	191023SL	p11	Z08115	43	12.0	90.0	4	2009.117388806455	2009.343308144543
2012.4696985451753	0.5158793675038851	trials	191023SL	p11	Z08115	271	0.0	90.0	12	2012.6196985451754	2012.8355779126791
2012.9000172844012	0.5258793382054137	trials	191023SL	p11	Z08115	252	11.0	0.0	12	2013.0500172844013	2013.2758966226065
2013.3302960237447	0.5258793382049589	trials	191023SL	p11	Z08115	6	5.0	0.0	4	2013.4802960237448	2013.7061753619496
2013.7705747337893	0.5258793382051863	trials	191023SL	p11	Z08115	178	12.0	135.0	8	2013.9205747337894	2014.1464540719944
2014.2008534731326	0.5258793382051863	trials	191023SL	p11	Z08115	308	7.0	180.0	12	2014.3508534731327	2014.5767328113377
2014.6411321831772	0.5259193380879879	trials	191023SL	p11	Z08115	319	3.0	225.0	12	2014.7911321831773	2015.017051521265
2018.7938800162046	0.5158793675036577	trials	191023SL	p11	Z08115	30	14.0	45.0	4	2018.9438800162047	2019.1597593837082
2019.2241587555477	0.5159193673866866	trials	191023SL	p11	Z08115	8	7.0	0.0	4	2019.3741587555478	2019.5900781229343
2019.6544774947738	0.5258793382051863	trials	191023SL	p11	Z08115	96	5.0	270.0	4	2019.804477494774	2020.030356832979
2020.0947562048186	0.5158793675036577	trials	191023SL	p11	Z08115	136	0.0	45.0	8	2020.2447562048187	2020.4606355723222
2020.5250349441617	0.5258793382054137	trials	191023SL	p11	Z08115	174	8.0	135.0	8	2020.6750349441618	2020.900914282367
2020.955313683505	0.5258793382051863	trials	191023SL	p11	Z08115	61	0.0	180.0	4	2021.105313683505	2021.33119302171
2026.2988580276644	0.5058793968021291	trials	191023SL	p11	Z08115	267	11.0	45.0	12	2026.4488580276645	2026.6547374244665
2026.7291367670075	0.5058793968023565	trials	191023SL	p11	Z08115	303	2.0	180.0	12	2026.8791367670076	2027.0850161638098
2027.1494155356495	0.5258793382049589	trials	191023SL	p11	Z08115	151	0.0	90.0	8	2027.2994155356496	2027.5252948738544
2027.5796942749926	0.5258793382051863	trials	191023SL	p11	Z08115	126	5.0	0.0	8	2027.7296942749927	2027.9555736131977
2028.0199729850374	0.5259193380879879	trials	191023SL	p11	Z08115	263	7.0	45.0	12	2028.1699729850375	2028.3958923231253
2028.4502917242633	0.5258793382051863	trials	191023SL	p11	Z08115	232	6.0	315.0	8	2028.6002917242633	2028.8261710624683
2032.0026413163737	0.5158393676210835	trials	191023SL	p11	Z08115	264	8.0	45.0	12	2032.1526413163738	2032.3684806839947
2032.432920055717	0.5258793382051863	trials	191023SL	p11	Z08115	67	6.0	180.0	4	2032.582920055717	2032.808799393922
2032.8631987950603	0.5258793382049589	trials	191023SL	p11	Z08115	145	9.0	45.0	8	2033.0131987950604	2033.2390781332651
2035.635030673979	0.5158793675036577	trials	191023SL	p11	Z08115	314	13.0	180.0	12	2035.785030673979	2036.0009100414825
2036.0653094133222	0.5258793382051863	trials	191023SL	p11	Z08115	106	0.0	315.0	4	2036.2153094133223	2036.4411887515273
2036.4955881526653	0.5258793382054137	trials	191023SL	p11	Z08115	349	3.0	315.0	12	2036.6455881526654	2036.8714674908706
2036.93586686271	0.5158793675036577	trials	191023SL	p11	Z08115	201	5.0	225.0	8	2037.0858668627102	2037.3017462302137
2037.3661456020534	0.5259193380877605	trials	191023SL	p11	Z08115	37	6.0	90.0	4	2037.5161456020535	2037.742064940141
2037.8064643119808	0.5158793675038851	trials	191023SL	p11	Z08115	39	8.0	90.0	4	2037.9564643119809	2038.1723436794846
2041.458853610989	0.5158793675036577	trials	191023SL	p11	Z08115	139	3.0	45.0	8	2041.6088536109892	2041.8247329784926
2043.7303669557714	0.5158793675036577	trials	191023SL	p11	Z08115	211	0.0	270.0	8	2043.8803669557715	2044.096246323275
2044.1606456951145	0.5158793675036577	trials	191023SL	p11	Z08115	306	5.0	180.0	12	2044.3106456951145	2044.526525062618
2044.5909244344575	0.5259193380879879	trials	191023SL	p11	Z08115	354	8.0	315.0	12	2044.7409244344576	2044.9668437725454
2045.0312431443854	0.5158793675036577	trials	191023SL	p11	Z08115	251	10.0	0.0	12	2045.1812431443855	2045.397122511889
2045.4615218837284	0.5258793382051863	trials	191023SL	p11	Z08115	167	1.0	135.0	8	2045.6115218837285	2045.8374012219335
2045.8918006230715	0.5258793382054137	trials	191023SL	p11	Z08115	345	14.0	270.0	12	2046.0418006230716	2046.2676799612768
2049.5442299219626	0.5258793382054137	trials	191023SL	p11	Z08115	81	5.0	225.0	4	2049.6942299219627	2049.920109260168
2052.035862621826	0.5258793382049589	trials	191023SL	p11	Z08115	48	2.0	135.0	4	2052.185862621826	2052.4117419600307
2052.466141361169	0.5258793382054137	trials	191023SL	p11	Z08115	11	10.0	0.0	4	2052.616141361169	2052.842020699374
2052.9064200712137	0.5259193380879879	trials	191023SL	p11	Z08115	108	2.0	315.0	4	2053.056420071214	2053.2823394093016
2053.33673881044	0.5258793382049589	trials	191023SL	p11	Z08115	304	3.0	180.0	12	2053.48673881044	2053.7126181486447
2053.7770175204846	0.5258793382049589	trials	191023SL	p11	Z08115	78	2.0	225.0	4	2053.9270175204847	2054.1528968586895
2054.2072962598277	0.5258793382049589	trials	191023SL	p11	Z08115	329	13.0	225.0	12	2054.3572962598278	2054.5831755980325
2057.8296856467314	0.5158793675036577	trials	191023SL	p11	Z08115	273	2.0	90.0	12	2057.9796856467315	2058.195565014235
2058.2599643860744	0.5158793675036577	trials	191023SL	p11	Z08115	36	5.0	90.0	4	2058.4099643860745	2058.625843753578
2058.690243125418	0.5058793968019017	trials	191023SL	p11	Z08115	110	4.0	315.0	4	2058.840243125418	2059.04612252222
2059.120521864761	0.49587942610060054	trials	191023SL	p11	Z08115	52	6.0	135.0	4	2059.270521864761	2059.4664012908615
2059.550800604104	0.5058793968023565	trials	191023SL	p11	Z08115	317	1.0	225.0	12	2059.700800604104	2059.9066800009064
2059.9610794020446	0.5259193380879879	trials	191023SL	p11	Z08115	356	10.0	315.0	12	2060.1110794020447	2060.3369987401325
2063.783628202509	0.5158793675036577	trials	191023SL	p11	Z08115	46	0.0	135.0	4	2063.933628202509	2064.1495075700127
2064.213906941852	0.5158793675036577	trials	191023SL	p11	Z08115	183	2.0	180.0	8	2064.3639069418523	2064.5797863093558
2064.6441856811953	0.5258793382054137	trials	191023SL	p11	Z08115	146	10.0	45.0	8	2064.7941856811954	2065.0200650194006
2065.074464420539	0.5258793382049589	trials	191023SL	p11	Z08115	1	0.0	0.0	4	2065.224464420539	2065.4503437587437
2065.514783130466	0.5258793382054137	trials	191023SL	p11	Z08115	334	3.0	270.0	12	2065.6647831304663	2065.8906624686715
2065.9450618698093	0.5258793382054137	trials	191023SL	p11	Z08115	260	4.0	45.0	12	2066.0950618698093	2066.3209412080146
2069.6875309048964	0.5158793675036577	trials	191023SL	p11	Z08115	10	9.0	0.0	4	2069.8375309048965	2070.0534102724
2070.1178096442395	0.5158793675036577	trials	191023SL	p11	Z08115	292	6.0	135.0	12	2070.2678096442396	2070.483689011743
2070.548088383583	0.5258793382049589	trials	191023SL	p11	Z08115	17	1.0	45.0	4	2070.698088383583	2070.923967721788
2070.978367122926	0.5258793382049589	trials	191023SL	p11	Z08115	9	8.0	0.0	4	2071.128367122926	2071.354246461131
2071.418645832971	0.5259193380879879	trials	191023SL	p11	Z08115	300	14.0	135.0	12	2071.568645832971	2071.794565171059
2071.848964572197	0.5258793382049589	trials	191023SL	p11	Z08115	90	14.0	225.0	4	2071.998964572197	2072.224843910402
2076.1617919362134	0.5158793675036577	trials	191023SL	p11	Z08115	276	5.0	90.0	12	2076.3117919362135	2076.527671303717
2076.6021106461408	0.5058393969193276	trials	191023SL	p11	Z08115	0			0	2076.752110646141	2076.95795004306
2077.0223494149	0.5259193380879879	trials	191023SL	p11	Z08115	233	7.0	315.0	8	2077.1723494149	2077.398268752988
2077.452668154126	0.5258793382049589	trials	191023SL	p11	Z08115	103	12.0	270.0	4	2077.602668154126	2077.828547492331
2077.8929468641704	0.4958794261010553	trials	191023SL	p11	Z08115	148	12.0	45.0	8	2078.0429468641705	2078.2388262902714
2078.323225603514	0.5258793382054137	trials	191023SL	p11	Z08115	313	12.0	180.0	12	2078.473225603514	2078.6991049417193
2082.315853905669	0.5158793675036577	trials	191023SL	p11	Z08115	266	10.0	45.0	12	2082.465853905669	2082.6817332731725
2082.7361326743107	0.5259193380879879	trials	191023SL	p11	Z08115	253	12.0	0.0	12	2082.886132674311	2083.1120520123986
2083.1764113843556	0.5259193380879879	trials	191023SL	p11	Z08115	312	11.0	180.0	12	2083.3264113843557	2083.5523307224435
2083.6067301235817	0.5258793382049589	trials	191023SL	p11	Z08115	115	9.0	315.0	4	2083.7567301235817	2083.9826094617865
2084.0470088336265	0.5258793382049589	trials	191023SL	p11	Z08115	289	3.0	135.0	12	2084.1970088336266	2084.4228881718313
2084.4772875729695	0.5258793382049589	trials	191023SL	p11	Z08115	133	12.0	0.0	8	2084.6272875729696	2084.8531669111744
2088.07967701847	0.5158793675036577	trials	191023SL	p11	Z08115	176	10.0	135.0	8	2088.2296770184703	2088.4455563859738
2088.5099557578133	0.5258793382054137	trials	191023SL	p11	Z08115	226	0.0	315.0	8	2088.6599557578133	2088.8858350960186
2088.9402344971563	0.5258793382054137	trials	191023SL	p11	Z08115	215	4.0	270.0	8	2089.0902344971564	2089.3161138353616
2089.380513207201	0.5259193380879879	trials	191023SL	p11	Z08115	322	6.0	225.0	12	2089.5305132072012	2089.756432545289
2089.8108319464272	0.5258793382054137	trials	191023SL	p11	Z08115	323	7.0	225.0	12	2089.9608319464273	2090.1867112846326
2090.251110656472	0.5258793382054137	trials	191023SL	p11	Z08115	165	14.0	90.0	8	2090.401110656472	2090.6269899946774
2093.9335398674675	0.5158793675036577	trials	191023SL	p11	Z08115	217	6.0	270.0	8	2094.0835398674676	2094.299419234971
2094.3638186068106	0.5258793382054137	trials	191023SL	p11	Z08115	206	10.0	225.0	8	2094.5138186068107	2094.739697945016
2094.794097346154	0.5259193380879879	trials	191023SL	p11	Z08115	184	3.0	180.0	8	2094.944097346154	2095.170016684242
2095.2344160560815	0.5258793382049589	trials	191023SL	p11	Z08115	162	11.0	90.0	8	2095.3844160560816	2095.6102953942864
2095.6646947954246	0.5258793382054137	trials	191023SL	p11	Z08115	353	7.0	315.0	12	2095.8146947954247	2096.04057413363
2096.1049735054694	0.5258793382049589	trials	191023SL	p11	Z08115	359	13.0	315.0	12	2096.2549735054695	2096.4808528436743
2099.7373628630744	0.5158793675036577	trials	191023SL	p11	Z08115	256	0.0	45.0	12	2099.8873628630745	2100.103242230578
2100.167641602418	0.5159193673862319	trials	191023SL	p11	Z08115	127	6.0	0.0	8	2100.317641602418	2100.533560969804
2100.6179602830466	0.4958794261010553	trials	191023SL	p11	Z08115	351	5.0	315.0	12	2100.7679602830467	2100.9638397091476
2101.028239080987	0.5058793968023565	trials	191023SL	p11	Z08115	82	6.0	225.0	4	2101.178239080987	2101.3841184777893
2101.4685177910314	0.5258793382054137	trials	191023SL	p11	Z08115	307	6.0	180.0	12	2101.6185177910315	2101.8443971292368
2101.9087965010763	0.5259193380879879	trials	191023SL	p11	Z08115	181	0.0	180.0	8	2102.0587965010764	2102.284715839164
2105.461146093187	0.5158793675036577	trials	191023SL	p11	Z08115	210	14.0	225.0	8	2105.611146093187	2105.8270254606905
2105.89142483253	0.5158793675036577	trials	191023SL	p11	Z08115	156	5.0	90.0	8	2106.04142483253	2106.2573042000336
2106.321703571873	0.5259193380879879	trials	191023SL	p11	Z08115	257	1.0	45.0	12	2106.471703571873	2106.697622909961
2106.762022281801	0.5158793675036577	trials	191023SL	p11	Z08115	84	8.0	225.0	4	2106.912022281801	2107.1279016493045
2107.192301021144	0.5258793382054137	trials	191023SL	p11	Z08115	93	2.0	270.0	4	2107.342301021144	2107.5681803593493
2107.622579760487	0.5258793382054137	trials	191023SL	p11	Z08115	344	13.0	270.0	12	2107.772579760487	2107.9984590986924
2111.2449691473907	0.5158793675036577	trials	191023SL	p11	Z08115	177	11.0	135.0	8	2111.394969147391	2111.6108485148943
2111.6752478867343	0.5259193380879879	trials	191023SL	p11	Z08115	209	13.0	225.0	8	2111.8252478867344	2112.051167224822
2112.1055266260773	0.5159193673866866	trials	191023SL	p11	Z08115	179	13.0	135.0	8	2112.2555266260774	2112.471445993464
2112.5558453067065	0.5258793382049589	trials	191023SL	p11	Z08115	105	14.0	270.0	4	2112.7058453067066	2112.9317246449114
2112.996124016751	0.5259193380879879	trials	191023SL	p11	Z08115	337	6.0	270.0	12	2113.146124016751	2113.3720433548388
2113.426442755977	0.5258793382054137	trials	191023SL	p11	Z08115	3	2.0	0.0	4	2113.576442755977	2113.8023220941823
2116.9987922894907	0.5158793675036577	trials	191023SL	p11	Z08115	50	4.0	135.0	4	2117.1487922894908	2117.3646716569942
2119.790624109812	0.5158793675036577	trials	191023SL	p11	Z08115	153	2.0	90.0	8	2119.9406241098122	2120.1565034773157
2120.2209028491557	0.5258793382049589	trials	191023SL	p11	Z08115	222	11.0	270.0	8	2120.3709028491558	2120.5967821873605
2120.6511815884987	0.5259193380879879	trials	191023SL	p11	Z08115	234	8.0	315.0	8	2120.801181588499	2121.0271009265866
2121.0914602985436	0.5259193380879879	trials	191023SL	p11	Z08115	285	14.0	90.0	12	2121.2414602985436	2121.4673796366314
2121.5217790377696	0.5258793382049589	trials	191023SL	p11	Z08115	112	6.0	315.0	4	2121.6717790377697	2121.8976583759745
2121.962057747814	0.5258793382054137	trials	191023SL	p11	Z08115	109	3.0	315.0	4	2122.112057747814	2122.3379370860193
2125.6444869588095	0.5158793675036577	trials	191023SL	p11	Z08115	12	11.0	0.0	4	2125.7944869588096	2126.010366326313
2126.0747656981525	0.5259193380879879	trials	191023SL	p11	Z08115	278	7.0	90.0	12	2126.2247656981526	2126.4506850362404
2126.5050844373786	0.5258793382054137	trials	191023SL	p11	Z08115	261	5.0	45.0	12	2126.6550844373787	2126.880963775584
2126.9453631474234	0.5258793382049589	trials	191023SL	p11	Z08115	291	5.0	135.0	12	2127.0953631474235	2127.3212424856283
2127.3756418867665	0.5258793382054137	trials	191023SL	p11	Z08115	343	12.0	270.0	12	2127.5256418867666	2127.751521224972
2127.8159205968113	0.5258793382054137	trials	191023SL	p11	Z08115	147	11.0	45.0	8	2127.9659205968114	2128.1917999350167
2131.5683896026	0.5158793675036577	trials	191023SL	p11	Z08115	197	1.0	225.0	8	2131.7183896026	2131.9342689701034
2131.9886683712416	0.5259193380879879	trials	191023SL	p11	Z08115	118	12.0	315.0	4	2132.1386683712417	2132.3645877093295
2132.4289870811695	0.5258793382049589	trials	191023SL	p11	Z08115	286	0.0	135.0	12	2132.5789870811695	2132.8048664193743
2132.859265820512	0.5258793382054137	trials	191023SL	p11	Z08115	86	10.0	225.0	4	2133.009265820512	2133.2351451587174
2133.2995445305573	0.5258793382049589	trials	191023SL	p11	Z08115	298	12.0	135.0	12	2133.4495445305574	2133.675423868762
2133.7298232699004	0.5259193380879879	trials	191023SL	p11	Z08115	189	8.0	180.0	8	2133.8798232699005	2134.1057426079883
2137.6224118651576	0.5158793675041125	trials	191023SL	p11	Z08115	85	9.0	225.0	4	2137.7724118651577	2137.9882912326616
2138.052690604501	0.5158793675036577	trials	191023SL	p11	Z08115	87	11.0	225.0	4	2138.202690604501	2138.4185699720047
2138.4829693438446	0.5258793382049589	trials	191023SL	p11	Z08115	239	13.0	315.0	8	2138.6329693438447	2138.8588486820495
2138.923248053889	0.5159193673866866	trials	191023SL	p11	Z08115	262	6.0	45.0	12	2139.073248053889	2139.2891674212756
2139.353566793115	0.5258793382054137	trials	191023SL	p11	Z08115	310	9.0	180.0	12	2139.503566793115	2139.7294461313204
2139.7838455324586	0.5258793382049589	trials	191023SL	p11	Z08115	25	9.0	45.0	4	2139.9338455324587	2140.1597248706635
2144.146712749865	0.5158793675036577	trials	191023SL	p11	Z08115	77	1.0	225.0	4	2144.296712749865	2144.5125921173685
2148.959898647901	0.5158793675036577	trials	191023SL	p11	Z08115	243	2.0	0.0	12	2149.109898647901	2149.3257780154045
2149.390177387244	0.5258793382054137	trials	191023SL	p11	Z08115	121	0.0	0.0	8	2149.540177387244	2149.7660567254493
2149.820456126587	0.5259193380884426	trials	191023SL	p11	Z08115	227	1.0	315.0	8	2149.970456126587	2150.1963754646754
2150.260734836632	0.5259193380879879	trials	191023SL	p11	Z08115	88	12.0	225.0	4	2150.410734836632	2150.6366541747198
2150.691053575858	0.5258793382054137	trials	191023SL	p11	Z08115	220	9.0	270.0	8	2150.841053575858	2151.0669329140633
2151.1313322859028	0.49587942610060054	trials	191023SL	p11	Z08115	143	7.0	45.0	8	2151.281332285903	2151.4772117120033
2154.633642024623	0.5158793675036577	trials	191023SL	p11	Z08115	141	5.0	45.0	8	2154.783642024623	2154.9995213921266
2155.073920734668	0.5158793675036577	trials	191023SL	p11	Z08115	116	10.0	315.0	4	2155.223920734668	2155.4398001021714
2155.514239444595	0.5058793968023565	trials	191023SL	p11	Z08115	135	14.0	0.0	8	2155.6642394445953	2155.8701188413975
2155.9245182425357	0.5258793382049589	trials	191023SL	p11	Z08115	0			0	2156.0745182425358	2156.3003975807405
2156.3647969525805	0.5258793382049589	trials	191023SL	p11	Z08115	199	3.0	225.0	8	2156.5147969525806	2156.7406762907854
2156.7950756919236	0.49587942610060054	trials	191023SL	p11	Z08115	296	10.0	135.0	12	2156.9450756919236	2157.140955118024
2160.8677437595734	0.5058793968023565	trials	191023SL	p11	Z08115	0			0	2161.0177437595735	2161.2236231563757
2161.2780625573964	0.5258793382054137	trials	191023SL	p11	Z08115	28	12.0	45.0	4	2161.4280625573965	2161.6539418956017
2161.718341267441	0.5158793675041125	trials	191023SL	p11	Z08115	340	9.0	270.0	12	2161.868341267441	2162.084220634945
2162.1486200067843	0.5258793382054137	trials	191023SL	p11	Z08115	129	8.0	0.0	8	2162.2986200067844	2162.5244993449896
2162.578898746128	0.5258793382049589	trials	191023SL	p11	Z08115	205	9.0	225.0	8	2162.728898746128	2162.9547780843327
2163.019177456172	0.5259193380879879	trials	191023SL	p11	Z08115	157	6.0	90.0	8	2163.1691774561723	2163.39509679426
2166.4714473415024	0.5159193673866866	trials	191023SL	p11	Z08115	68	7.0	180.0	4	2166.6214473415025	2166.837366708889
2166.9017660807285	0.5258793382049589	trials	191023SL	p11	Z08115	51	5.0	135.0	4	2167.0517660807286	2167.2776454189334
2167.3320448200716	0.5258793382054137	trials	191023SL	p11	Z08115	207	11.0	225.0	8	2167.4820448200717	2167.707924158277
2167.7723235301164	0.5158793675036577	trials	191023SL	p11	Z08115	64	3.0	180.0	4	2167.9223235301165	2168.13820289762
2168.2026022694595	0.5058793968023565	trials	191023SL	p11	Z08115	60	14.0	135.0	4	2168.3526022694596	2168.5584816662617
2168.632881008803	0.5058793968019017	trials	191023SL	p11	Z08115	100	9.0	270.0	4	2168.782881008803	2168.988760405605
2172.2753103369923	0.5158793675036577	trials	191023SL	p11	Z08115	325	9.0	225.0	12	2172.4253103369924	2172.641189704496
2175.2572616002903	0.5158793675036577	trials	191023SL	p11	Z08115	165	14.0	90.0	8	2175.4072616002904	2175.623140967794
2175.6975803102177	0.5058793968023565	trials	191023SL	p11	Z08115	193	12.0	180.0	8	2175.847580310218	2176.05345970702
2176.117819078977	0.5159193673862319	trials	191023SL	p11	Z08115	46	0.0	135.0	4	2176.267819078977	2176.483738446363
2176.5481378182026	0.5258793382054137	trials	191023SL	p11	Z08115	34	3.0	90.0	4	2176.6981378182027	2176.924017156408
2176.978416557546	0.5258793382049589	trials	191023SL	p11	Z08115	151	0.0	90.0	8	2177.128416557546	2177.354295895751
2177.418695267591	0.5258793382049589	trials	191023SL	p11	Z08115	182	1.0	180.0	8	2177.568695267591	2177.794574605796
2180.921005006311	0.5158793675036577	trials	191023SL	p11	Z08115	350	4.0	315.0	12	2181.071005006311	2181.2868843738147
2181.351283745654	0.5259193380879879	trials	191023SL	p11	Z08115	281	10.0	90.0	12	2181.5012837456543	2181.727203083742
2181.7816024848803	0.5258793382054137	trials	191023SL	p11	Z08115	56	10.0	135.0	4	2181.9316024848804	2182.1574818230856
2182.211881224224	0.5358793089062601	trials	191023SL	p11	Z08115	77	1.0	225.0	4	2182.361881224224	2182.59776053313
2182.652159934268	0.5258793382054137	trials	191023SL	p11	Z08115	30	14.0	45.0	4	2182.8021599342683	2183.0280392724735
2183.092438644313	0.5158793675036577	trials	191023SL	p11	Z08115	335	4.0	270.0	12	2183.242438644313	2183.4583180118166
2186.9549873275832	0.5259193380879879	trials	191023SL	p11	Z08115	90	14.0	225.0	4	2187.1049873275833	2187.330906665671
2187.3853060668093	0.5258793382054137	trials	191023SL	p11	Z08115	98	7.0	270.0	4	2187.5353060668094	2187.7611854050147
2187.825584776854	0.5158793675036577	trials	191023SL	p11	Z08115	10	9.0	0.0	4	2187.9755847768542	2188.1914641443577
2188.255863516197	0.5258793382054137	trials	191023SL	p11	Z08115	117	11.0	315.0	4	2188.4058635161973	2188.6317428544025
2188.6861422555407	0.5258793382049589	trials	191023SL	p11	Z08115	299	13.0	135.0	12	2188.836142255541	2189.0620215937456
2189.126420965585	0.5259193380879879	trials	191023SL	p11	Z08115	267	11.0	45.0	12	2189.276420965585	2189.502340303673
2192.958969736751	0.5258793382054137	trials	191023SL	p11	Z08115	161	10.0	90.0	8	2193.108969736751	2193.3348490749563
2193.3892484760945	0.5258793382049589	trials	191023SL	p11	Z08115	131	10.0	0.0	8	2193.5392484760946	2193.7651278142994
2193.8295271861393	0.5159193673862319	trials	191023SL	p11	Z08115	280	9.0	90.0	12	2193.9795271861394	2194.1954465535255
2194.259845925365	0.5258793382054137	trials	191023SL	p11	Z08115	357	11.0	315.0	12	2194.409845925365	2194.6357252635703
2194.6901246647085	0.5158793675036577	trials	191023SL	p11	Z08115	255	14.0	0.0	12	2194.8401246647086	2195.056004032212
2195.1404033454546	0.5058793968023565	trials	191023SL	p11	Z08115	82	6.0	225.0	4	2195.2904033454547	2195.496282742257
2201.494624728471	0.5158793675036577	trials	191023SL	p11	Z08115	38	7.0	90.0	4	2201.644624728471	2201.8605040959746
2201.924903467814	0.5158793675041125	trials	191023SL	p11	Z08115	0			0	2202.0749034678142	2202.290782835318
2202.355182207157	0.5258793382054137	trials	191023SL	p11	Z08115	218	7.0	270.0	8	2202.5051822071573	2202.7310615453625
2202.795460917202	0.5158793675041125	trials	191023SL	p11	Z08115	129	8.0	0.0	8	2202.945460917202	2203.161340284706
2203.225739656545	0.5259193380884426	trials	191023SL	p11	Z08115	79	3.0	225.0	4	2203.375739656545	2203.6016589946335
2203.6560183958886	0.5259193380879879	trials	191023SL	p11	Z08115	109	3.0	315.0	4	2203.8060183958887	2204.0319377339765
2207.1983680172975	0.5158793675036577	trials	191023SL	p11	Z08115	16	0.0	45.0	4	2207.3483680172976	2207.564247384801
2207.628646756641	0.5158793675036577	trials	191023SL	p11	Z08115	277	6.0	90.0	12	2207.778646756641	2207.9945261241446
2208.058965495867	0.5258793382049589	trials	191023SL	p11	Z08115	60	14.0	135.0	4	2208.2089654958672	2208.434844834072
2208.48924423521	0.5258793382049589	trials	191023SL	p11	Z08115	321	5.0	225.0	12	2208.6392442352103	2208.865123573415
2208.929522945255	0.5258793382049589	trials	191023SL	p11	Z08115	318	2.0	225.0	12	2209.079522945255	2209.30540228346
2209.359801684598	0.5058793968023565	trials	191023SL	p11	Z08115	348	2.0	315.0	12	2209.509801684598	2209.7156810814004
2212.942151188813	0.5259193380879879	trials	191023SL	p11	Z08115	323	7.0	225.0	12	2213.092151188813	2213.318070526901
2213.3824698987405	0.5158793675036577	trials	191023SL	p11	Z08115	127	6.0	0.0	8	2213.5324698987406	2213.748349266244
2213.8127486380836	0.5258793382054137	trials	191023SL	p11	Z08115	42	11.0	90.0	4	2213.9627486380837	2214.188627976289
2216.5445406343138	0.5158793675036577	trials	191023SL	p11	Z08115	330	14.0	225.0	12	2216.694540634314	2216.9104200018173
2216.974819373657	0.5259193380879879	trials	191023SL	p11	Z08115	231	5.0	315.0	8	2217.124819373657	2217.3507387117447
2217.405138112883	0.5258793382054137	trials	191023SL	p11	Z08115	45	14.0	90.0	4	2217.555138112883	2217.7810174510882
2217.8454168229277	0.5258793382049589	trials	191023SL	p11	Z08115	238	12.0	315.0	8	2217.995416822928	2218.2212961611326
2218.275695562271	0.5258793382054137	trials	191023SL	p11	Z08115	272	1.0	90.0	12	2218.425695562271	2218.651574900476
2218.7159742723156	0.5158793675036577	trials	191023SL	p11	Z08115	156	5.0	90.0	8	2218.8659742723157	2219.081853639819
2222.3483636299206	0.5159193673866866	trials	191023SL	p11	Z08115	72	11.0	180.0	4	2222.4983636299207	2222.7142829973072
2222.7786823691467	0.5258793382054137	trials	191023SL	p11	Z08115	63	2.0	180.0	4	2222.928682369147	2223.154561707352
2223.20896110849	0.5258793382054137	trials	191023SL	p11	Z08115	106	0.0	315.0	4	2223.35896110849	2223.584840446695
2223.6492398185346	0.5258793382054137	trials	191023SL	p11	Z08115	351	5.0	315.0	12	2223.7992398185347	2224.02511915674
2224.0795185578777	0.5259193380879879	trials	191023SL	p11	Z08115	33	2.0	90.0	4	2224.229518557878	2224.4554378959656
2224.5198372678055	0.5158793675036577	trials	191023SL	p11	Z08115	229	3.0	315.0	8	2224.6698372678056	2224.885716635309
2228.4624257165706	0.5258793382049589	trials	191023SL	p11	Z08115	170	4.0	135.0	8	2228.6124257165707	2228.8383050547754
2228.9027044266154	0.5158793675036577	trials	191023SL	p11	Z08115	84	8.0	225.0	4	2229.0527044266155	2229.268583794119
2229.3330231658415	0.5258793382049589	trials	191023SL	p11	Z08115	103	12.0	270.0	4	2229.4830231658416	2229.7089025040464
2229.763301905184	0.5258793382054137	trials	191023SL	p11	Z08115	227	1.0	315.0	8	2229.913301905184	2230.1391812433894
2230.2035806152294	0.5258793382049589	trials	191023SL	p11	Z08115	80	4.0	225.0	4	2230.3535806152295	2230.5794599534343
2230.6338593545725	0.5258793382049589	trials	191023SL	p11	Z08115	314	13.0	180.0	12	2230.7838593545725	2231.0097386927773
2234.2262488293713	0.5158793675041125	trials	191023SL	p11	Z08115	208	12.0	225.0	8	2234.3762488293714	2234.5921281968754
2234.646527598013	0.5258793382054137	trials	191023SL	p11	Z08115	164	13.0	90.0	8	2234.796527598013	2235.0224069362184
2235.086806308058	0.5158793675036577	trials	191023SL	p11	Z08115	138	2.0	45.0	8	2235.236806308058	2235.4526856755615
2237.798598362885	0.5058793968023565	trials	191023SL	p11	Z08115	252	11.0	0.0	12	2237.948598362885	2238.1544777596873
2238.23887707293	0.5058793968019017	trials	191023SL	p11	Z08115	176	10.0	135.0	8	2238.38887707293	2238.5947564697317
2238.6791557829742	0.4958794261010553	trials	191023SL	p11	Z08115	283	12.0	90.0	12	2238.8291557829743	2239.025035209075
2239.1094745222003	0.5058793968023565	trials	191023SL	p11	Z08115	190	9.0	180.0	8	2239.2594745222004	2239.4653539190026
2239.549753232245	0.49587942610060054	trials	191023SL	p11	Z08115	204	8.0	225.0	8	2239.6997532322453	2239.8956326583457
2239.9800319715882	0.5058793968023565	trials	191023SL	p11	Z08115	66	5.0	180.0	4	2240.1300319715883	2240.3359113683905
2243.892620508249	0.5058793968023565	trials	191023SL	p11	Z08115	19	3.0	45.0	4	2244.042620508249	2244.248499905051
2262.154687002938	0.5158793675036577	trials	191023SL	p11	Z08115	331	0.0	270.0	12	2262.304687002938	2262.5205663704414
2262.5749657715796	0.5258793382049589	trials	191023SL	p11	Z08115	290	4.0	135.0	12	2262.7249657715797	2262.9508451097845
2263.0152444816244	0.5259193380879879	trials	191023SL	p11	Z08115	111	5.0	315.0	4	2263.1652444816245	2263.3911638197123
2263.4455632208505	0.5258793382049589	trials	191023SL	p11	Z08115	287	1.0	135.0	12	2263.5955632208506	2263.8214425590554
2263.885841930895	0.5258793382054137	trials	191023SL	p11	Z08115	222	11.0	270.0	8	2264.035841930895	2264.2617212691002
2264.3161206702384	0.5258793382049589	trials	191023SL	p11	Z08115	234	8.0	315.0	8	2264.4661206702385	2264.6920000084433
2267.918510115739	0.5258793382049589	trials	191023SL	p11	Z08115	36	5.0	90.0	4	2268.068510115739	2268.294389453944
2270.6202621999814	0.5159193673866866	trials	191023SL	p11	Z08115	196	0.0	225.0	8	2270.7702621999815	2270.986181567368
2271.0405409686236	0.5259193380879879	trials	191023SL	p11	Z08115	28	12.0	45.0	4	2271.1905409686237	2271.4164603067115
2271.480859678551	0.49583942621802635	trials	191023SL	p11	Z08115	293	7.0	135.0	12	2271.630859678551	2271.826699104769
2271.911138417894	0.49587942610060054	trials	191023SL	p11	Z08115	188	7.0	180.0	8	2272.061138417894	2272.2570178439946
2272.3414171572376	0.5058793968019017	trials	191023SL	p11	Z08115	307	6.0	180.0	12	2272.4914171572377	2272.6972965540394
2272.7816958672825	0.49587942610060054	trials	191023SL	p11	Z08115	286	0.0	135.0	12	2272.9316958672825	2273.127575293383
2277.3247225568466	0.5058793968023565	trials	191023SL	p11	Z08115	339	8.0	270.0	12	2277.4747225568467	2277.680601953649
2277.735001354787	0.5258793382049589	trials	191023SL	p11	Z08115	305	4.0	180.0	12	2277.885001354787	2278.110880692992
2282.9684260215818	0.5359193087892891	trials	191023SL	p11	Z08115	187	6.0	180.0	8	2283.118426021582	2283.354345330371
2283.418744702211	0.5058793968019017	trials	191023SL	p11	Z08115	14	13.0	0.0	4	2283.568744702211	2283.7746240990127
2283.8390234708527	0.5258793382049589	trials	191023SL	p11	Z08115	62	1.0	180.0	4	2283.9890234708528	2284.2149028090575
2284.2693022101957	0.5258793382049589	trials	191023SL	p11	Z08115	4	3.0	0.0	4	2284.419302210196	2284.6451815484006
2284.7095809202406	0.5259193380879879	trials	191023SL	p11	Z08115	120	14.0	315.0	4	2284.8595809202407	2285.0855002583285
2285.1398596595836	0.5259193380879879	trials	191023SL	p11	Z08115	329	13.0	225.0	12	2285.2898596595837	2285.5157789976715
2291.4540411599114	0.5158793675036577	trials	191023SL	p11	Z08115	216	5.0	270.0	8	2291.6040411599115	2291.819920527415
2291.8843198992545	0.5259193380879879	trials	191023SL	p11	Z08115	237	11.0	315.0	8	2292.0343198992546	2292.2602392373424
2292.314598638598	0.5259193380875331	trials	191023SL	p11	Z08115	205	9.0	225.0	8	2292.464598638598	2292.6905179766854
2292.7549173485254	0.5258793382054137	trials	191023SL	p11	Z08115	3	2.0	0.0	4	2292.9049173485255	2293.1307966867307
2293.2051960292715	0.5058793968019017	trials	191023SL	p11	Z08115	37	6.0	90.0	4	2293.3551960292716	2293.5610754260733
2293.6154748272115	0.5258793382054137	trials	191023SL	p11	Z08115	201	5.0	225.0	8	2293.7654748272116	2293.991354165417
2297.407983715689	0.5158793675036577	trials	191023SL	p11	Z08115	246	5.0	0.0	12	2297.5579837156893	2297.7738630831927
2297.8382624550322	0.5258793382049589	trials	191023SL	p11	Z08115	275	4.0	90.0	12	2297.9882624550323	2298.214141793237
2298.2685411943753	0.4958794261010553	trials	191023SL	p11	Z08115	308	7.0	180.0	12	2298.4185411943754	2298.6144206204763
2298.698819933719	0.5359193087892891	trials	191023SL	p11	Z08115	244	3.0	0.0	12	2298.848819933719	2299.084739242508
2299.139138643646	0.5258793382049589	trials	191023SL	p11	Z08115	347	1.0	315.0	12	2299.2891386436463	2299.515017981851
2299.579417353691	0.5158793675036577	trials	191023SL	p11	Z08115	207	11.0	225.0	8	2299.729417353691	2299.9452967211946
2304.0323643071765	0.5158793675036577	trials	191023SL	p11	Z08115	157	6.0	90.0	8	2304.1823643071766	2304.39824367468
2304.492682958507	0.49583942621802635	trials	191023SL	p11	Z08115	340	9.0	270.0	12	2304.642682958507	2304.838522384725
2304.9029217565644	0.5158793675036577	trials	191023SL	p11	Z08115	311	10.0	180.0	12	2305.0529217565645	2305.268801124068
2305.333200495908	0.5159193673862319	trials	191023SL	p11	Z08115	288	2.0	135.0	12	2305.483200495908	2305.699119863294
2305.763479235251	0.5059193966849307	trials	191023SL	p11	Z08115	113	7.0	315.0	4	2305.913479235251	2306.119398631936
2306.193797974477	0.49587942610060054	trials	191023SL	p11	Z08115	214	3.0	270.0	8	2306.343797974477	2306.5396774005776
2310.556665191884	0.5158793675036577	trials	191023SL	p11	Z08115	58	12.0	135.0	4	2310.706665191884	2310.9225445593875
2310.9769439605257	0.5258793382049589	trials	191023SL	p11	Z08115	268	12.0	45.0	12	2311.1269439605258	2311.3528232987305
2311.41722267057	0.5259193380879879	trials	191023SL	p11	Z08115	59	13.0	135.0	4	2311.56722267057	2311.793142008658
2311.847541409796	0.5258793382054137	trials	191023SL	p11	Z08115	294	8.0	135.0	12	2311.997541409796	2312.2234207480014
2312.287820119841	0.5258793382049589	trials	191023SL	p11	Z08115	179	13.0	135.0	8	2312.437820119841	2312.663699458046
2312.718098859184	0.5258793382054137	trials	191023SL	p11	Z08115	81	5.0	225.0	4	2312.868098859184	2313.0939781973893
2317.191045754073	0.5158793675036577	trials	191023SL	p11	Z08115	236	10.0	315.0	8	2317.341045754073	2317.5569251215766
2317.6313644640004	0.5358793089067149	trials	191023SL	p11	Z08115	173	7.0	135.0	8	2317.7813644640005	2318.017243772907
2318.071643174045	0.5258793382049589	trials	191023SL	p11	Z08115	132	11.0	0.0	8	2318.2216431740453	2318.44752251225
2318.5019219133883	0.5258793382049589	trials	191023SL	p11	Z08115	295	9.0	135.0	12	2318.6519219133884	2318.877801251593
2318.942200623433	0.5259193380879879	trials	191023SL	p11	Z08115	356	10.0	315.0	12	2319.092200623433	2319.318119961521
2319.372519362659	0.5258793382049589	trials	191023SL	p11	Z08115	35	4.0	90.0	4	2319.5225193626593	2319.748398700864
2323.5352271665047	0.4958794261010553	trials	191023SL	p11	Z08115	154	3.0	90.0	8	2323.685227166505	2323.8811065926056
2323.945505964445	0.5259193380879879	trials	191023SL	p11	Z08115	338	7.0	270.0	12	2324.0955059644452	2324.321425302533
2326.277059133319	0.5158793675036577	trials	191023SL	p11	Z08115	171	5.0	135.0	8	2326.4270591333193	2326.6429385008228
2326.7073378726623	0.5158793675036577	trials	191023SL	p11	Z08115	67	6.0	180.0	4	2326.8573378726624	2327.073217240166
2327.137616612006	0.5259193380879879	trials	191023SL	p11	Z08115	89	13.0	225.0	4	2327.287616612006	2327.5135359500937
2327.567935351232	0.5258793382049589	trials	191023SL	p11	Z08115	110	4.0	315.0	4	2327.717935351232	2327.9438146894367
2328.0082140612762	0.5258793382054137	trials	191023SL	p11	Z08115	203	7.0	225.0	8	2328.1582140612763	2328.3840933994816
2330.5398866438286	0.5158793675036577	trials	191023SL	p11	Z08115	261	5.0	45.0	12	2330.6898866438287	2330.905766011332
2330.9701653831717	0.5258793382049589	trials	191023SL	p11	Z08115	100	9.0	270.0	4	2331.1201653831718	2331.3460447213765
2331.4004441225147	0.5258793382054137	trials	191023SL	p11	Z08115	225	14.0	270.0	8	2331.550444122515	2331.77632346072
2331.8307228618582	0.5058793968019017	trials	191023SL	p11	Z08115	241	0.0	0.0	12	2331.9807228618583	2332.18660225866
2332.2710015719026	0.5259193380879879	trials	191023SL	p11	Z08115	315	14.0	180.0	12	2332.4210015719027	2332.6469209099905
2332.7013203111287	0.5258793382054137	trials	191023SL	p11	Z08115	180	14.0	135.0	8	2332.851320311129	2333.077199649334
2337.1142273819255	0.5158793675036577	trials	191023SL	p11	Z08115	251	10.0	0.0	12	2337.2642273819256	2337.480106749429
2337.5345061505673	0.5058793968023565	trials	191023SL	p11	Z08115	355	9.0	315.0	12	2337.6845061505674	2337.8903855473695
2337.974784860612	0.49587942610060054	trials	191023SL	p11	Z08115	12	11.0	0.0	4	2338.124784860612	2338.3206642867126
2338.375063687851	0.5258793382054137	trials	191023SL	p11	Z08115	212	1.0	270.0	8	2338.525063687851	2338.750943026056
2338.8153423978956	0.5158793675036577	trials	191023SL	p11	Z08115	183	2.0	180.0	8	2338.9653423978957	2339.181221765399
2339.2456211372387	0.5259193380879879	trials	191023SL	p11	Z08115	96	5.0	270.0	4	2339.395621137239	2339.6215404753266
2342.8680105241424	0.5158793675036577	trials	191023SL	p11	Z08115	249	8.0	0.0	12	2343.0180105241425	2343.233889891646
2343.288289292784	0.5058793968023565	trials	191023SL	p11	Z08115	186	5.0	180.0	8	2343.4382892927842	2343.6441686895864
2343.728608002712	0.4958394262175716	trials	191023SL	p11	Z08115	152	1.0	90.0	8	2343.878608002712	2344.0744474289295
2344.158886742055	0.49587942610060054	trials	191023SL	p11	Z08115	54	8.0	135.0	4	2344.308886742055	2344.5047661681556
2344.589165481398	0.5058793968023565	trials	191023SL	p11	Z08115	206	10.0	225.0	8	2344.7391654813982	2344.9450448782004
2345.029444191443	0.49587942610060054	trials	191023SL	p11	Z08115	122	1.0	0.0	8	2345.179444191443	2345.3753236175435
2348.7018734317367	0.5158793675036577	trials	191023SL	p11	Z08115	298	12.0	135.0	12	2348.8518734317367	2349.06775279924
2349.13215217108	0.5259193380879879	trials	191023SL	p11	Z08115	142	6.0	45.0	8	2349.2821521710803	2349.508071509168
2349.5624709103063	0.5258793382049589	trials	191023SL	p11	Z08115	220	9.0	270.0	8	2349.7124709103064	2349.938350248511
2350.0027496203506	0.5258793382054137	trials	191023SL	p11	Z08115	175	9.0	135.0	8	2350.1527496203507	2350.378628958556
2350.433028359694	0.5258793382049589	trials	191023SL	p11	Z08115	235	9.0	315.0	8	2350.5830283596943	2350.808907697899
2350.8733070697385	0.5258793382054137	trials	191023SL	p11	Z08115	94	3.0	270.0	4	2351.0233070697386	2351.249186407944
2354.755895694295	0.5158793675036577	trials	191023SL	p11	Z08115	93	2.0	270.0	4	2354.905895694295	2355.1217750617984
2355.186174433638	0.5258793382054137	trials	191023SL	p11	Z08115	13	12.0	0.0	4	2355.336174433638	2355.5620537718432
2355.6164531729814	0.5258793382054137	trials	191023SL	p11	Z08115	209	13.0	225.0	8	2355.7664531729815	2355.9923325111868
2356.056731883026	0.5258793382054137	trials	191023SL	p11	Z08115	123	2.0	0.0	8	2356.206731883026	2356.432611221231
2358.6484442896694	0.5258793382054137	trials	191023SL	p11	Z08115	143	7.0	45.0	8	2358.7984442896695	2359.0243236278748
2359.078723029013	0.5259193380879879	trials	191023SL	p11	Z08115	43	12.0	90.0	4	2359.228723029013	2359.454642367101
2359.5190017390573	0.4958794261010553	trials	191023SL	p11	Z08115	51	5.0	135.0	4	2359.6690017390574	2359.8648811651583
2359.9493204782834	0.4958794261010553	trials	191023SL	p11	Z08115	253	12.0	0.0	12	2360.0993204782835	2360.2951999043844
2360.379599217627	0.5058793968023565	trials	191023SL	p11	Z08115	71	10.0	180.0	4	2360.529599217627	2360.735478614429
2360.8198779276713	0.4958794261010553	trials	191023SL	p11	Z08115	200	4.0	225.0	8	2360.9698779276714	2361.1657573537723
2364.6724266402402	0.5158793675036577	trials	191023SL	p11	Z08115	215	4.0	270.0	8	2364.8224266402403	2365.038306007744
2365.1027053795838	0.5259193380879879	trials	191023SL	p11	Z08115	256	0.0	45.0	12	2365.252705379584	2365.4786247176717
2365.532984118927	0.5259193380879879	trials	191023SL	p11	Z08115	217	6.0	270.0	8	2365.682984118927	2365.9089034570147
2365.9733028288542	0.5258793382054137	trials	191023SL	p11	Z08115	172	6.0	135.0	8	2366.1233028288543	2366.3491821670596
2366.4035815681978	0.5258793382054137	trials	191023SL	p11	Z08115	224	13.0	270.0	8	2366.553581568198	2366.779460906403
2366.843860278242	0.5258793382054137	trials	191023SL	p11	Z08115	328	12.0	225.0	12	2366.993860278242	2367.2197396164474
2370.6363691667198	0.5158793675036577	trials	191023SL	p11	Z08115	258	2.0	45.0	12	2370.78636916672	2371.0022485342233
2371.066647906063	0.49587942610060054	trials	191023SL	p11	Z08115	273	2.0	90.0	12	2371.216647906063	2371.4125273321633
2371.496926645406	0.5058793968023565	trials	191023SL	p11	Z08115	178	12.0	135.0	8	2371.646926645406	2371.852806042208
2372.007285150127	0.5158793675036577	trials	191023SL	p11	Z08115	282	11.0	90.0	12	2372.157285150127	2372.3731645176304
2372.43756388947	0.5258793382054137	trials	191023SL	p11	Z08115	271	0.0	90.0	12	2372.58756388947	2372.813443227675
2372.867842628813	0.5359193087897438	trials	191023SL	p11	Z08115	324	8.0	225.0	12	2373.017842628813	2373.2537619376026
2376.680351458693	0.5058793968023565	trials	191023SL	p11	Z08115	22	6.0	45.0	4	2376.8303514586933	2377.0362308554954
2377.100630227335	0.5259193380879879	trials	191023SL	p11	Z08115	278	7.0	90.0	12	2377.250630227335	2377.476549565423
2377.540948937263	0.5158793675036577	trials	191023SL	p11	Z08115	354	8.0	315.0	12	2377.690948937263	2377.9068283047663
2377.971227676606	0.5258793382049589	trials	191023SL	p11	Z08115	344	13.0	270.0	12	2378.121227676606	2378.3471070148107
2378.401506415949	0.5058793968023565	trials	191023SL	p11	Z08115	360	14.0	315.0	12	2378.551506415949	2378.757385812751
2378.8317851552924	0.5058793968019017	trials	191023SL	p11	Z08115	317	1.0	225.0	12	2378.9817851552925	2379.1876645520942
2382.4041346888057	0.5259193380879879	trials	191023SL	p11	Z08115	145	9.0	45.0	8	2382.554134688806	2382.7800540268936
2382.834453428032	0.5058393969193276	trials	191023SL	p11	Z08115	162	11.0	90.0	8	2382.984453428032	2383.190292824951
2383.264732167375	0.5058793968023565	trials	191023SL	p11	Z08115	167	1.0	135.0	8	2383.414732167375	2383.620611564177
2383.6750109653153	0.5258793382054137	trials	191023SL	p11	Z08115	233	7.0	315.0	8	2383.8250109653154	2384.0508903035206
2384.1052897046584	0.5258793382054137	trials	191023SL	p11	Z08115	70	9.0	180.0	4	2384.2552897046585	2384.4811690428637
2384.545568414703	0.5258793382054137	trials	191023SL	p11	Z08115	166	0.0	135.0	8	2384.6955684147033	2384.9214477529085
2388.0078382707347	0.5259193380879879	trials	191023SL	p11	Z08115	27	11.0	45.0	4	2388.157838270735	2388.3837576088226
2388.468156922065	0.5058793968023565	trials	191023SL	p11	Z08115	147	11.0	45.0	8	2388.6181569220653	2388.8240363188675
2388.8984356614087	0.5058793968019017	trials	191023SL	p11	Z08115	8	7.0	0.0	4	2389.048435661409	2389.2543150582105
2389.338714371453	0.5058793968023565	trials	191023SL	p11	Z08115	306	5.0	180.0	12	2389.488714371453	2389.6945937682553
2389.7489931693935	0.5158793675036577	trials	191023SL	p11	Z08115	0			0	2389.8989931693936	2390.114872536897
2390.1792719087366	0.5259193380879879	trials	191023SL	p11	Z08115	99	8.0	270.0	4	2390.3292719087367	2390.5551912468245
2396.483453438363	0.5058793968019017	trials	191023SL	p11	Z08115	21	5.0	45.0	4	2396.633453438363	2396.839332835165
2396.903732207005	0.5258793382049589	trials	191023SL	p11	Z08115	88	12.0	225.0	4	2397.053732207005	2397.2796115452097
2397.334010946348	0.5258793382049589	trials	191023SL	p11	Z08115	213	2.0	270.0	8	2397.484010946348	2397.709890284553
2397.7742896563927	0.5259193380879879	trials	191023SL	p11	Z08115	9	8.0	0.0	4	2397.924289656393	2398.1502089944806
2400.0558029718763	0.5158793675036577	trials	191023SL	p11	Z08115	39	8.0	90.0	4	2400.2058029718764	2400.42168233938
2402.737595114599	0.5058793968019017	trials	191023SL	p11	Z08115	57	11.0	135.0	4	2402.887595114599	2403.093474511401
2403.157873883241	0.5258793382049589	trials	191023SL	p11	Z08115	240	14.0	315.0	8	2403.307873883241	2403.5337532214457
2403.5981525932852	0.5158793675036577	trials	191023SL	p11	Z08115	139	3.0	45.0	8	2403.7481525932853	2403.964031960789
2404.0284313326288	0.5259193380879879	trials	191023SL	p11	Z08115	135	14.0	0.0	8	2404.178431332629	2404.4043506707167
2404.458710071972	0.5259193380879879	trials	191023SL	p11	Z08115	279	8.0	90.0	12	2404.608710071972	2404.8346294100597
2404.8990287818992	0.5258793382054137	trials	191023SL	p11	Z08115	303	2.0	180.0	12	2405.0490287818993	2405.2749081201046
2408.541418110206	0.5258793382049589	trials	191023SL	p11	Z08115	297	11.0	135.0	12	2408.691418110206	2408.917297448411
2408.981696820251	0.5259193380879879	trials	191023SL	p11	Z08115	108	2.0	315.0	4	2409.131696820251	2409.3576161583387
2409.422015530178	0.5058793968023565	trials	191023SL	p11	Z08115	191	10.0	180.0	8	2409.5720155301783	2409.7778949269805
2409.862294240223	0.5058793968019017	trials	191023SL	p11	Z08115	285	14.0	90.0	12	2410.012294240223	2410.218173637025
2410.292572979566	0.5058793968023565	trials	191023SL	p11	Z08115	26	10.0	45.0	4	2410.442572979566	2410.6484523763684
2410.7328916894935	0.49583942621802635	trials	191023SL	p11	Z08115	49	3.0	135.0	4	2410.8828916894936	2411.0787311157114
2414.3852809885016	0.5158793675036577	trials	191023SL	p11	Z08115	312	11.0	180.0	12	2414.5352809885017	2414.751160356005
2414.815559727845	0.5258793382049589	trials	191023SL	p11	Z08115	116	10.0	315.0	4	2414.965559727845	2415.19143906605
2415.245878467071	0.5258793382049589	trials	191023SL	p11	Z08115	150	14.0	45.0	8	2415.3958784670713	2415.621757805276
2415.6861571771155	0.5258793382054137	trials	191023SL	p11	Z08115	333	2.0	270.0	12	2415.8361571771156	2416.062036515321
2416.116435916459	0.5258793382049589	trials	191023SL	p11	Z08115	52	6.0	135.0	4	2416.266435916459	2416.492315254664
2416.556714626504	0.49587942610060054	trials	191023SL	p11	Z08115	124	3.0	0.0	8	2416.706714626504	2416.9025940526044
2420.1591040720045	0.5158793675036577	trials	191023SL	p11	Z08115	243	2.0	0.0	12	2420.3091040720046	2420.524983439508
2420.619422723335	0.4958394262175716	trials	191023SL	p11	Z08115	144	8.0	45.0	8	2420.769422723335	2420.9652621495525
2421.049701462678	0.49583942621802635	trials	191023SL	p11	Z08115	114	8.0	315.0	4	2421.199701462678	2421.395540888896
2421.489980172723	0.5258793382049589	trials	191023SL	p11	Z08115	69	8.0	180.0	4	2421.639980172723	2421.8658595109277
2421.920258912066	0.5258793382054137	trials	191023SL	p11	Z08115	242	1.0	0.0	12	2422.070258912066	2422.2961382502713
2422.3605376221108	0.5259193380879879	trials	191023SL	p11	Z08115	349	3.0	315.0	12	2422.510537622111	2422.7364569601987
2426.3432059534475	0.5158793675036577	trials	191023SL	p11	Z08115	64	3.0	180.0	4	2426.4932059534476	2426.709085320951
2426.803484604895	0.49587942610060054	trials	191023SL	p11	Z08115	310	9.0	180.0	12	2426.953484604895	2427.1493640309955
2427.233763344238	0.5359193087897438	trials	191023SL	p11	Z08115	309	8.0	180.0	12	2427.383763344238	2427.6196826530277
2427.674082054166	0.5258793382049589	trials	191023SL	p11	Z08115	247	6.0	0.0	12	2427.824082054166	2428.0499613923707
2428.104360793509	0.5258793382049589	trials	191023SL	p11	Z08115	31	0.0	90.0	4	2428.254360793509	2428.480240131714
2428.5446395035538	0.5258793382049589	trials	191023SL	p11	Z08115	155	4.0	90.0	8	2428.694639503554	2428.9205188417586
2432.1770288611588	0.5259193380879879	trials	191023SL	p11	Z08115	250	9.0	0.0	12	2432.327028861159	2432.5529481992467
2432.607347600385	0.5258793382049589	trials	191023SL	p11	Z08115	7	6.0	0.0	4	2432.757347600385	2432.9832269385897
2433.0476263104297	0.5258793382049589	trials	191023SL	p11	Z08115	322	6.0	225.0	12	2433.1976263104298	2433.4235056486345
2433.4779050497727	0.5258793382049589	trials	191023SL	p11	Z08115	259	3.0	45.0	12	2433.627905049773	2433.8537843879776
2433.9181837598176	0.5158793675036577	trials	191023SL	p11	Z08115	24	8.0	45.0	4	2434.0681837598177	2434.284063127321
2434.3485024990437	0.5258793382049589	trials	191023SL	p11	Z08115	163	12.0	90.0	8	2434.4985024990438	2434.7243818372485
2439.672006901917	0.5158793675036577	trials	191023SL	p11	Z08115	232	6.0	315.0	8	2439.822006901917	2440.0378862694206
2440.1022856412606	0.5258793382049589	trials	191023SL	p11	Z08115	48	2.0	135.0	4	2440.2522856412606	2440.4781649794654
2440.542564351305	0.5258793382054137	trials	191023SL	p11	Z08115	61	0.0	180.0	4	2440.692564351305	2440.9184436895102
2441.0028830026354	0.49583942621802635	trials	191023SL	p11	Z08115	266	10.0	45.0	12	2441.1528830026355	2441.3487224288533
2441.413121800693	0.5159193673862319	trials	191023SL	p11	Z08115	239	13.0	315.0	8	2441.563121800693	2441.779041168079
2441.843440539919	0.5258793382054137	trials	191023SL	p11	Z08115	342	11.0	270.0	12	2441.993440539919	2442.219319878124
2445.515869780213	0.5158793675036577	trials	191023SL	p11	Z08115	245	4.0	0.0	12	2445.665869780213	2445.8817491477166
2445.9361485488544	0.5258793382054137	trials	191023SL	p11	Z08115	23	7.0	45.0	4	2446.0861485488545	2446.3120278870597
2448.2376618057415	0.5158793675036577	trials	191023SL	p11	Z08115	174	8.0	135.0	8	2448.3876618057416	2448.603541173245
2448.6679405450845	0.5258793382054137	trials	191023SL	p11	Z08115	148	12.0	45.0	8	2448.8179405450846	2449.04381988329
2449.0982192844276	0.5258793382049589	trials	191023SL	p11	Z08115	119	13.0	315.0	4	2449.2482192844277	2449.4740986226325
2449.5384979944724	0.5259193380879879	trials	191023SL	p11	Z08115	65	4.0	180.0	4	2449.6884979944725	2449.9144173325603
2449.988816675101	0.5258793382054137	trials	191023SL	p11	Z08115	107	1.0	315.0	4	2450.138816675101	2450.3646960133065
2450.4391353557307	0.5258793382049589	trials	191023SL	p11	Z08115	87	11.0	225.0	4	2450.589135355731	2450.8150146939356
2454.081524684037	0.5058793968019017	trials	191023SL	p11	Z08115	68	7.0	180.0	4	2454.231524684037	2454.437404080839
2454.501803452679	0.5058793968019017	trials	191023SL	p11	Z08115	254	13.0	0.0	12	2454.651803452679	2454.8576828494806
2454.9320821920223	0.5058793968019017	trials	191023SL	p11	Z08115	40	9.0	90.0	4	2455.0820821920224	2455.287961588824
2455.3423209900798	0.5159193673862319	trials	191023SL	p11	Z08115	197	1.0	225.0	8	2455.49232099008	2455.708240357466
2455.7726397293054	0.5258793382049589	trials	191023SL	p11	Z08115	316	0.0	225.0	12	2455.9226397293055	2456.1485190675103
2456.2129184393502	0.5259193380879879	trials	191023SL	p11	Z08115	141	5.0	45.0	8	2456.3629184393503	2456.588837777438
2459.8853476796444	0.4958794261001458	trials	191023SL	p11	Z08115	17	1.0	45.0	4	2460.0353476796445	2460.2312271057444
2460.3156264189874	0.5058793968023565	trials	191023SL	p11	Z08115	95	4.0	270.0	4	2460.4656264189875	2460.6715058157897
2460.755945128915	0.49583942621802635	trials	191023SL	p11	Z08115	102	11.0	270.0	4	2460.905945128915	2461.101784555133
2461.1962238389597	0.5158793675036577	trials	191023SL	p11	Z08115	101	10.0	270.0	4	2461.3462238389598	2461.5621032064632
2463.8779759817994	0.5158793675036577	trials	191023SL	p11	Z08115	358	12.0	315.0	12	2464.0279759817995	2464.243855349303
2464.3082547211425	0.5159193673866866	trials	191023SL	p11	Z08115	160	9.0	90.0	8	2464.4582547211426	2464.674174088529
2464.7385734603686	0.5258793382049589	trials	191023SL	p11	Z08115	112	6.0	315.0	4	2464.8885734603687	2465.1144527985734
2465.1688521997116	0.5258793382054137	trials	191023SL	p11	Z08115	105	14.0	270.0	4	2465.3188521997117	2465.544731537917
2465.6091309097565	0.5258793382049589	trials	191023SL	p11	Z08115	15	14.0	0.0	4	2465.7591309097565	2465.9850102479613
2466.0394096490995	0.5259193380879879	trials	191023SL	p11	Z08115	291	5.0	135.0	12	2466.1894096490996	2466.4153289871874
2469.5317194171184	0.5158793675041125	trials	191023SL	p11	Z08115	18	2.0	45.0	4	2469.6817194171185	2469.8975987846225
2469.95199818576	0.5258793382049589	trials	191023SL	p11	Z08115	140	4.0	45.0	8	2470.1019981857603	2470.327877523965
2470.392276895805	0.5259193380879879	trials	191023SL	p11	Z08115	159	8.0	90.0	8	2470.542276895805	2470.768196233893
2470.86263551772	0.49583942621802635	trials	191023SL	p11	Z08115	300	14.0	135.0	12	2471.01263551772	2471.2084749439377
2471.29287425718	0.4958794261010553	trials	191023SL	p11	Z08115	97	6.0	270.0	4	2471.44287425718	2471.638753683281
2471.7331929671077	0.5158793675036577	trials	191023SL	p11	Z08115	47	1.0	135.0	4	2471.883192967108	2472.0990723346113
2475.365582324713	0.5158793675036577	trials	191023SL	p11	Z08115	199	3.0	225.0	8	2475.5155823247133	2475.7314616922167
2475.795861064056	0.5258793382049589	trials	191023SL	p11	Z08115	32	1.0	90.0	4	2475.9458610640563	2476.171740402261
2476.226179803282	0.5258793382054137	trials	191023SL	p11	Z08115	346	0.0	315.0	12	2476.376179803282	2476.602059141487
2476.666458513327	0.5158793675036577	trials	191023SL	p11	Z08115	6	5.0	0.0	4	2476.8164585133272	2477.0323378808307
2477.09673725267	0.5058793968023565	trials	191023SL	p11	Z08115	320	4.0	225.0	12	2477.2467372526703	2477.4526166494725
2477.537015962715	0.5158793675036577	trials	191023SL	p11	Z08115	73	12.0	180.0	4	2477.687015962715	2477.9028953302186
2487.0733080227074	0.5158793675036577	trials	191023SL	p11	Z08115	20	4.0	45.0	4	2487.2233080227074	2487.439187390211
2487.503626761933	0.5158793675036577	trials	191023SL	p11	Z08115	264	8.0	45.0	12	2487.653626761933	2487.8695061294366
2487.9339055012765	0.5258793382054137	trials	191023SL	p11	Z08115	202	6.0	225.0	8	2488.0839055012766	2488.309784839482
2488.3741842113213	0.5158793675036577	trials	191023SL	p11	Z08115	345	14.0	270.0	12	2488.5241842113214	2488.740063578825
2488.8044629506644	0.5258793382054137	trials	191023SL	p11	Z08115	55	9.0	135.0	4	2488.9544629506645	2489.1803422888697
2489.234741690008	0.5258793382049589	trials	191023SL	p11	Z08115	44	13.0	90.0	4	2489.384741690008	2489.610621028213
2493.007250637082	0.5158793675036577	trials	191023SL	p11	Z08115	130	9.0	0.0	8	2493.157250637082	2493.3731300045856
2493.437529376425	0.5258793382054137	trials	191023SL	p11	Z08115	1	0.0	0.0	4	2493.587529376425	2493.8134087146304
2493.867808115768	0.5358793089071696	trials	191023SL	p11	Z08115	76	0.0	225.0	4	2494.0178081157683	2494.2536874246753
2494.3381267378004	0.4958794261010553	trials	191023SL	p11	Z08115	262	6.0	45.0	12	2494.4881267378005	2494.6840061639014
2494.7484055357404	0.5158793675036577	trials	191023SL	p11	Z08115	149	13.0	45.0	8	2494.8984055357405	2495.114284903244
2495.178684275084	0.5258793382049589	trials	191023SL	p11	Z08115	228	2.0	315.0	8	2495.328684275084	2495.554563613289
2498.831073574092	0.5158793675036577	trials	191023SL	p11	Z08115	260	4.0	45.0	12	2498.981073574092	2499.1969529415956
2499.261392313318	0.5158793675036577	trials	191023SL	p11	Z08115	211	0.0	270.0	8	2499.411392313318	2499.6272716808217
2499.6916710526616	0.5258793382049589	trials	191023SL	p11	Z08115	270	14.0	45.0	12	2499.8416710526617	2500.0675503908665
2500.131949762706	0.5158793675036577	trials	191023SL	p11	Z08115	336	5.0	270.0	12	2500.281949762706	2500.4978291302095
2500.562228502049	0.5258793382049589	trials	191023SL	p11	Z08115	126	5.0	0.0	8	2500.712228502049	2500.938107840254
2500.992507241392	0.5259193380884426	trials	191023SL	p11	Z08115	359	13.0	315.0	12	2501.142507241392	2501.3684265794805
2504.614896628296	0.5259193380879879	trials	191023SL	p11	Z08115	5	4.0	0.0	4	2504.764896628296	2504.9908159663837
2505.0752152796267	0.49587942610060054	trials	191023SL	p11	Z08115	304	3.0	180.0	12	2505.225215279627	2505.4210947057272
2505.515493989671	0.5259193380884426	trials	191023SL	p11	Z08115	313	12.0	180.0	12	2505.665493989671	2505.8914133277594
2505.9458127288976	0.5258793382045042	trials	191023SL	p11	Z08115	128	7.0	0.0	8	2506.0958127288977	2506.321692067102
2506.3760914682407	0.5358793089067149	trials	191023SL	p11	Z08115	137	1.0	45.0	8	2506.526091468241	2506.7619707771473
2506.8263701489864	0.5058793968028112	trials	191023SL	p11	Z08115	248	7.0	0.0	12	2506.9763701489865	2507.182249545789
2510.538839271969	0.5158793675036577	trials	191023SL	p11	Z08115	265	9.0	45.0	12	2510.6888392719693	2510.904718639473
2510.979117982014	0.5258793382049589	trials	191023SL	p11	Z08115	226	0.0	315.0	8	2511.129117982014	2511.354997320219
2511.429436662643	0.5258793382049589	trials	191023SL	p11	Z08115	181	0.0	180.0	8	2511.5794366626433	2511.805316000848
2511.8697153726876	0.5258793382054137	trials	191023SL	p11	Z08115	223	12.0	270.0	8	2512.0197153726876	2512.245594710893
2512.3299940241354	0.5058793968019017	trials	191023SL	p11	Z08115	326	10.0	225.0	12	2512.4799940241355	2512.6858734209372
2512.7402728220754	0.5258793382054137	trials	191023SL	p11	Z08115	74	13.0	180.0	4	2512.8902728220755	2513.1161521602808
2516.5427816812544	0.5158793675036577	trials	191023SL	p11	Z08115	302	1.0	180.0	12	2516.6927816812545	2516.908661048758
2516.9730604205974	0.5159193673862319	trials	191023SL	p11	Z08115	352	6.0	315.0	12	2517.1230604205975	2517.3389797879836
2517.403339159941	0.5259193380879879	trials	191023SL	p11	Z08115	2	1.0	0.0	4	2517.553339159941	2517.779258498029
2517.8436578698684	0.5158793675036577	trials	191023SL	p11	Z08115	153	2.0	90.0	8	2517.9936578698685	2518.209537237372
2518.2739366092114	0.5258793382054137	trials	191023SL	p11	Z08115	195	14.0	180.0	8	2518.4239366092115	2518.6498159474168
2518.704215348555	0.5258793382049589	trials	191023SL	p11	Z08115	136	0.0	45.0	8	2518.854215348555	2519.08009468676
2522.346644676744	0.5158793675036577	trials	191023SL	p11	Z08115	341	10.0	270.0	12	2522.496644676744	2522.7125240442474
2522.7969233574904	0.5058793968023565	trials	191023SL	p11	Z08115	343	12.0	270.0	12	2522.9469233574905	2523.1528027542927
2523.2372020675352	0.5259193380879879	trials	191023SL	p11	Z08115	85	9.0	225.0	4	2523.3872020675353	2523.613121405623
2523.707520689567	0.49587942610060054	trials	191023SL	p11	Z08115	198	2.0	225.0	8	2523.857520689567	2524.0534001156675
2524.1177994875075	0.5158793675036577	trials	191023SL	p11	Z08115	334	3.0	270.0	12	2524.2677994875075	2524.483678855011
2524.5480782268505	0.5258793382049589	trials	191023SL	p11	Z08115	301	0.0	180.0	12	2524.6980782268506	2524.9239575650554
2528.0303880241677	0.5258793382054137	trials	191023SL	p11	Z08115	104	13.0	270.0	4	2528.1803880241678	2528.406267362373
2528.490706675498	0.5358793089067149	trials	191023SL	p11	Z08115	53	7.0	135.0	4	2528.640706675498	2528.8765859844048
2528.9409853562443	0.5258793382054137	trials	191023SL	p11	Z08115	25	9.0	45.0	4	2529.0909853562443	2529.3168646944496
2529.3812640662895	0.5259193380875331	trials	191023SL	p11	Z08115	292	6.0	135.0	12	2529.5312640662896	2529.757183404377
2529.8415827176195	0.5258793382049589	trials	191023SL	p11	Z08115	319	3.0	225.0	12	2529.9915827176196	2530.2174620558244
2530.2818614276644	0.5259193380879879	trials	191023SL	p11	Z08115	257	1.0	45.0	12	2530.4318614276644	2530.6577807657522
2533.904250814568	0.5158793675036577	trials	191023SL	p11	Z08115	263	7.0	45.0	12	2534.054250814568	2534.2701301820716
2534.32452958321	0.5259193380879879	trials	191023SL	p11	Z08115	353	7.0	315.0	12	2534.47452958321	2534.7004489212977
2534.764848293137	0.5258793382049589	trials	191023SL	p11	Z08115	158	7.0	90.0	8	2534.9148482931373	2535.140727631342
2535.1951270324803	0.5058793968023565	trials	191023SL	p11	Z08115	0			0	2535.3451270324804	2535.5510064292826
2535.625405771824	0.5358793089062601	trials	191023SL	p11	Z08115	221	10.0	270.0	8	2535.775405771824	2536.01128508073
2536.065684481868	0.5259193380879879	trials	191023SL	p11	Z08115	115	9.0	315.0	4	2536.2156844818683	2536.441603819956
2539.868193341047	0.5158793675036577	trials	191023SL	p11	Z08115	332	1.0	270.0	12	2540.018193341047	2540.2340727085507
2540.29847208039	0.5259193380879879	trials	191023SL	p11	Z08115	192	11.0	180.0	8	2540.4484720803903	2540.674391418478
2540.7287908196163	0.5058793968023565	trials	191023SL	p11	Z08115	91	0.0	270.0	4	2540.8787908196164	2541.0846702164185
2541.169069529661	0.49587942610060054	trials	191023SL	p11	Z08115	41	10.0	90.0	4	2541.319069529661	2541.5149489557616
2541.599348269004	0.5058793968023565	trials	191023SL	p11	Z08115	289	3.0	135.0	12	2541.7493482690043	2541.9552276658064
2542.0396269790494	0.5259193380875331	trials	191023SL	p11	Z08115	219	8.0	270.0	8	2542.1896269790495	2542.415546317137
2545.6620163659527	0.5058793968023565	trials	191023SL	p11	Z08115	125	4.0	0.0	8	2545.812016365953	2546.017895762755
2546.10233507588	0.49583942621802635	trials	191023SL	p11	Z08115	121	0.0	0.0	8	2546.25233507588	2546.448174502098
2546.542613785925	0.49587942610060054	trials	191023SL	p11	Z08115	75	14.0	180.0	4	2546.692613785925	2546.8884932120254
2546.9628925545667	0.5058793968023565	trials	191023SL	p11	Z08115	133	12.0	0.0	8	2547.1128925545668	2547.318771951369
2547.4031712646115	0.5058793968019017	trials	191023SL	p11	Z08115	78	2.0	225.0	4	2547.5531712646116	2547.7590506614133
2547.8334900038376	0.5358793089062601	trials	191023SL	p11	Z08115	210	14.0	225.0	8	2547.9834900038377	2548.2193693127438
2551.816118335291	0.5158793675036577	trials	191023SL	p11	Z08115	83	7.0	225.0	4	2551.966118335291	2552.1819977027944
2552.2463970746344	0.5158793675036577	trials	191023SL	p11	Z08115	284	13.0	90.0	12	2552.3963970746345	2552.612276442138
2552.676675813978	0.5258793382049589	trials	191023SL	p11	Z08115	230	4.0	315.0	8	2552.826675813978	2553.052555152183
2553.106954553321	0.5058793968023565	trials	191023SL	p11	Z08115	92	1.0	270.0	4	2553.256954553321	2553.4628339501232
2553.5472332633653	0.4958794261010553	trials	191023SL	p11	Z08115	296	10.0	135.0	12	2553.6972332633654	2553.8931126894663
2553.9775120027084	0.4958794261010553	trials	191023SL	p11	Z08115	276	5.0	90.0	12	2554.1275120027085	2554.3233914288094
2557.6499412430026	0.5158793675036577	trials	191023SL	p11	Z08115	50	4.0	135.0	4	2557.7999412430026	2558.015820610506
2558.080219982346	0.5259193380879879	trials	191023SL	p11	Z08115	29	13.0	45.0	4	2558.230219982346	2558.456139320434
2558.510538721572	0.5058793968019017	trials	191023SL	p11	Z08115	327	11.0	225.0	12	2558.6605387215723	2558.866418118374
2558.940817460915	0.5358793089071696	trials	191023SL	p11	Z08115	0			0	2559.090817460915	2559.326696769822
2559.38109617096	0.5058793968019017	trials	191023SL	p11	Z08115	118	12.0	315.0	4	2559.53109617096	2559.736975567762
2559.8213748810044	0.5158793675036577	trials	191023SL	p11	Z08115	11	10.0	0.0	4	2559.9713748810045	2560.187254248508
2563.55384394539	0.5158793675036577	trials	191023SL	p11	Z08115	134	13.0	0.0	8	2563.70384394539	2563.9197233128934
2563.9941626553177	0.4958394262175716	trials	191023SL	p11	Z08115	146	10.0	45.0	8	2564.144162655318	2564.340002081535
2564.424441394661	0.5058793968023565	trials	191023SL	p11	Z08115	189	8.0	180.0	8	2564.574441394661	2564.780320791463
2564.8647201047056	0.5058793968019017	trials	191023SL	p11	Z08115	168	2.0	135.0	8	2565.0147201047057	2565.2205995015074
2565.2949988440487	0.5359193087892891	trials	191023SL	p11	Z08115	337	6.0	270.0	12	2565.4449988440488	2565.680918152838
2565.7352775540935	0.5259193380879879	trials	191023SL	p11	Z08115	194	13.0	180.0	8	2565.8852775540936	2566.1111968921814
2569.387706852984	0.5158793675036577	trials	191023SL	p11	Z08115	177	11.0	135.0	8	2569.5377068529842	2569.7535862204877
2571.889379523432	0.5058393969193276	trials	191023SL	p11	Z08115	86	10.0	225.0	4	2572.039379523432	2572.2452189203514
2572.309618292191	0.5259193380879879	trials	191023SL	p11	Z08115	185	4.0	180.0	8	2572.459618292191	2572.6855376302788
2572.7499370021183	0.5158793675036577	trials	191023SL	p11	Z08115	169	3.0	135.0	8	2572.8999370021183	2573.115816369622
2573.180215741462	0.5258793382049589	trials	191023SL	p11	Z08115	274	3.0	90.0	12	2573.330215741462	2573.5560950796666
2573.620494451506	0.5158793675036577	trials	191023SL	p11	Z08115	269	13.0	45.0	12	2573.7704944515062	2573.9863738190097
2574.0508131907322	0.4958394262175716	trials	191023SL	p11	Z08115	184	3.0	180.0	8	2574.2008131907323	2574.3966526169497
2578.263560847968	0.5158793675036577	trials	191023SL	p11	Z08115	303	2.0	180.0	12	2578.4135608479683	2578.6294402154717
2578.7138795285978	0.5258793382049589	trials	191023SL	p11	Z08115	40	9.0	90.0	4	2578.863879528598	2579.0897588668026
2579.154158238642	0.5258793382054137	trials	191023SL	p11	Z08115	242	1.0	0.0	12	2579.3041582386422	2579.5300375768475
2579.5944369486865	0.5058793968028112	trials	191023SL	p11	Z08115	297	11.0	135.0	12	2579.7444369486866	2579.9503163454892
2580.0347556586144	0.5258793382054137	trials	191023SL	p11	Z08115	68	7.0	180.0	4	2580.1847556586144	2580.4106349968197
2580.5050742806466	0.5058393969193276	trials	191023SL	p11	Z08115	33	2.0	90.0	4	2580.6550742806467	2580.860913677566
2584.3375830519294	0.5258793382054137	trials	191023SL	p11	Z08115	109	3.0	315.0	4	2584.4875830519295	2584.7134623901347
2584.7878617326755	0.5059193966853854	trials	191023SL	p11	Z08115	161	10.0	90.0	8	2584.9378617326756	2585.143781129361
2585.2081805012003	0.5258793382049589	trials	191023SL	p11	Z08115	260	4.0	45.0	12	2585.3581805012004	2585.584059839405
2585.6384592405434	0.5258793382054137	trials	191023SL	p11	Z08115	7	6.0	0.0	4	2585.7884592405435	2586.0143385787487
2587.9399724974305	0.5158793675036577	trials	191023SL	p11	Z08115	272	1.0	90.0	12	2588.0899724974306	2588.305851864934
2588.360251266072	0.5358793089067149	trials	191023SL	p11	Z08115	238	12.0	315.0	8	2588.510251266072	2588.7461305749785
2588.810529946818	0.5058793968023565	trials	191023SL	p11	Z08115	255	14.0	0.0	12	2588.960529946818	2589.16640934362
2589.250848656746	0.5358793089067149	trials	191023SL	p11	Z08115	269	13.0	45.0	12	2589.400848656746	2589.6367279656524
2589.7011273374915	0.4958794261010553	trials	191023SL	p11	Z08115	327	11.0	225.0	12	2589.8511273374916	2590.0470067635924
2590.131406076835	0.5359193087897438	trials	191023SL	p11	Z08115	201	5.0	225.0	8	2590.281406076835	2590.5173253856246
2593.743795493037	0.5058793968023565	trials	191023SL	p11	Z08115	92	1.0	270.0	4	2593.893795493037	2594.099674889839
2594.1840742030818	0.5259193380884426	trials	191023SL	p11	Z08115	5	4.0	0.0	4	2594.334074203082	2594.55999354117
2594.6243929130096	0.5258793382049589	trials	191023SL	p11	Z08115	211	0.0	270.0	8	2594.7743929130097	2595.0002722512145
2595.0546716523527	0.5258793382054137	trials	191023SL	p11	Z08115	148	12.0	45.0	8	2595.2046716523528	2595.430550990558
2595.494950362397	0.4958794261010553	trials	191023SL	p11	Z08115	328	12.0	225.0	12	2595.644950362397	2595.840829788498
2595.9252291017406	0.5058793968019017	trials	191023SL	p11	Z08115	215	4.0	270.0	8	2596.0752291017407	2596.2811084985424
2599.6877380781134	0.5058793968023565	trials	191023SL	p11	Z08115	87	11.0	225.0	4	2599.8377380781135	2600.0436174749157
2637.1124684288666	0.5158793675036577	trials	191023SL	p11	Z08115	358	12.0	315.0	12	2637.2624684288667	2637.47834779637
2637.532747197508	0.5258793382054137	trials	191023SL	p11	Z08115	133	12.0	0.0	8	2637.682747197508	2637.908626535713
2637.9730259075527	0.5258793382054137	trials	191023SL	p11	Z08115	95	4.0	270.0	4	2638.123025907553	2638.348905245758
2638.4033046468962	0.5258793382049589	trials	191023SL	p11	Z08115	125	4.0	0.0	8	2638.5533046468963	2638.779183985101
2638.843623356823	0.5258793382054137	trials	191023SL	p11	Z08115	62	1.0	180.0	4	2638.9936233568233	2639.2195026950285
2639.2739020961667	0.5258793382054137	trials	191023SL	p11	Z08115	336	5.0	270.0	12	2639.423902096167	2639.649781434372
2642.9262913951748	0.5058793968023565	trials	191023SL	p11	Z08115	194	13.0	180.0	8	2643.076291395175	2643.282170791977
2643.3465701638165	0.5158793675036577	trials	191023SL	p11	Z08115	69	8.0	180.0	4	2643.4965701638166	2643.71244953132
2643.7768889030426	0.5258793382054137	trials	191023SL	p11	Z08115	16	0.0	45.0	4	2643.9268889030427	2644.152768241248
2644.207127642503	0.5259193380875331	trials	191023SL	p11	Z08115	26	10.0	45.0	4	2644.357127642503	2644.5830469805906
2644.6474463524305	0.5258793382054137	trials	191023SL	p11	Z08115	111	5.0	315.0	4	2644.7974463524306	2645.023325690636
2645.1077250038784	0.5058793968019017	trials	191023SL	p11	Z08115	50	4.0	135.0	4	2645.2577250038785	2645.46360440068
2649.070353393929	0.5258793382049589	trials	191023SL	p11	Z08115	268	12.0	45.0	12	2649.220353393929	2649.446232732134
2649.5106321039734	0.5259193380879879	trials	191023SL	p11	Z08115	181	0.0	180.0	8	2649.6606321039735	2649.8865514420613
2649.9509508139013	0.4958794261010553	trials	191023SL	p11	Z08115	76	0.0	225.0	4	2650.1009508139014	2650.2968302400022
2650.3812295532443	0.5258793382049589	trials	191023SL	p11	Z08115	64	3.0	180.0	4	2650.5312295532444	2650.757108891449
2650.821508263289	0.49587942610060054	trials	191023SL	p11	Z08115	153	2.0	90.0	8	2650.9715082632893	2651.1673876893897
2651.2517870026327	0.4958794261001458	trials	191023SL	p11	Z08115	306	5.0	180.0	12	2651.401787002633	2651.5976664287327
2655.634694161325	0.5258793382049589	trials	191023SL	p11	Z08115	117	11.0	315.0	4	2655.784694161325	2656.01057349953
2656.064972900668	0.5259193380875331	trials	191023SL	p11	Z08115	233	7.0	315.0	8	2656.2149729006683	2656.4408922387556
2656.5052916105956	0.5258793382054137	trials	191023SL	p11	Z08115	52	6.0	135.0	4	2656.6552916105957	2656.881170948801
2656.935570349939	0.5258793382049589	trials	191023SL	p11	Z08115	225	14.0	270.0	8	2657.085570349939	2657.311449688144
2657.3758490599835	0.5158793675036577	trials	191023SL	p11	Z08115	173	7.0	135.0	8	2657.5258490599836	2657.741728427487
2657.806127799327	0.5258793382049589	trials	191023SL	p11	Z08115	284	13.0	90.0	12	2657.956127799327	2658.182007137532
2679.670583739516	0.5158793675036577	trials	191023SL	p11	Z08115	191	10.0	180.0	8	2679.820583739516	2680.0364631070197
2682.352375882239	0.5158393676210835	trials	191023SL	p11	Z08115	245	4.0	0.0	12	2682.502375882239	2682.71821524986
2682.772614650998	0.5259193380879879	trials	191023SL	p11	Z08115	119	13.0	315.0	4	2682.922614650998	2683.148533989086
2683.202933390224	0.5058393969193276	trials	191023SL	p11	Z08115	118	12.0	315.0	4	2683.3529333902243	2683.5587727871434
2686.565123539475	0.5158793675041125	trials	191023SL	p11	Z08115	130	9.0	0.0	8	2686.715123539475	2686.931002906979
2687.095481985599	0.5859191622967046	trials	191023SL	p11	Z08115	1	0.0	0.0	4	2687.245481985599	2687.5314011478954
2687.605840490319	0.5058793968028112	trials	191023SL	p11	Z08115	241	0.0	0.0	12	2687.7558404903193	2687.961719887122
2691.678508557969	0.5058793968028112	trials	191023SL	p11	Z08115	39	8.0	90.0	4	2691.828508557969	2692.034387954772
2692.1187872680143	0.5058793968019017	trials	191023SL	p11	Z08115	71	10.0	180.0	4	2692.2687872680144	2692.474666664816
2692.5290660659543	0.5259193380879879	trials	191023SL	p11	Z08115	263	7.0	45.0	12	2692.6790660659544	2692.9049854040422
2695.040738707103	0.5158793675036577	trials	191023SL	p11	Z08115	353	7.0	315.0	12	2695.1907387071033	2695.4066180746067
2695.4710174464467	0.5258793382049589	trials	191023SL	p11	Z08115	4	3.0	0.0	4	2695.621017446447	2695.8468967846516
2700.174123667	0.5158793675036577	trials	191023SL	p11	Z08115	261	5.0	45.0	12	2700.324123667	2700.5400030345036
2700.6044024063435	0.5259193380879879	trials	191023SL	p11	Z08115	212	1.0	270.0	8	2700.7544024063436	2700.9803217444314
2701.044721116271	0.5158793675036577	trials	191023SL	p11	Z08115	340	9.0	270.0	12	2701.194721116271	2701.4106004837745
2701.474999855614	0.5258793382054137	trials	191023SL	p11	Z08115	18	2.0	45.0	4	2701.624999855614	2701.8508791938193
2701.9152785656593	0.5158793675036577	trials	191023SL	p11	Z08115	345	14.0	270.0	12	2702.0652785656594	2702.281157933163
2702.3455573050023	0.5258793382049589	trials	191023SL	p11	Z08115	341	10.0	270.0	12	2702.4955573050024	2702.721436643207
2706.158066134882	0.5259193380884426	trials	191023SL	p11	Z08115	27	11.0	45.0	4	2706.308066134882	2706.5339854729705
2706.59838484481	0.5158793675036577	trials	191023SL	p11	Z08115	24	8.0	45.0	4	2706.74838484481	2706.9642642123135
2707.028663584153	0.5258793382049589	trials	191023SL	p11	Z08115	250	9.0	0.0	12	2707.178663584153	2707.404542922358
2707.458942323496	0.5258793382054137	trials	191023SL	p11	Z08115	177	11.0	135.0	8	2707.608942323496	2707.8348216617014
2707.8992210335414	0.5259193380879879	trials	191023SL	p11	Z08115	271	0.0	90.0	12	2708.0492210335415	2708.2751403716293
2708.329539772767	0.5258793382049589	trials	191023SL	p11	Z08115	343	12.0	270.0	12	2708.479539772767	2708.705419110972
2712.8124866383573	0.5058793968019017	trials	191023SL	p11	Z08115	189	8.0	180.0	8	2712.9624866383574	2713.168366035159
2713.232765406999	0.5058793968019017	trials	191023SL	p11	Z08115	320	4.0	225.0	12	2713.382765406999	2713.588644803801
2713.6630441463426	0.5258793382049589	trials	191023SL	p11	Z08115	74	13.0	180.0	4	2713.8130441463427	2714.0389234845475
2714.103322856387	0.4958794261010553	trials	191023SL	p11	Z08115	63	2.0	180.0	4	2714.253322856387	2714.449202282488
2714.513601654327	0.5058793968023565	trials	191023SL	p11	Z08115	291	5.0	135.0	12	2714.663601654327	2714.8694810511292
2714.953880364372	0.49587942610060054	trials	191023SL	p11	Z08115	55	9.0	135.0	4	2715.103880364372	2715.2997597904723
2719.997225588073	0.5158793675036577	trials	191023SL	p11	Z08115	236	10.0	315.0	8	2720.147225588073	2720.3631049555765
2720.427504327416	0.5158793675036577	trials	191023SL	p11	Z08115	275	4.0	90.0	12	2720.577504327416	2720.7933836949196
2720.867823037344	0.5158793675036577	trials	191023SL	p11	Z08115	98	7.0	270.0	4	2721.017823037344	2721.2337024048475
2721.298101776687	0.5158793675036577	trials	191023SL	p11	Z08115	103	12.0	270.0	4	2721.448101776687	2721.6639811441905
2721.72838051603	0.5258793382054137	trials	191023SL	p11	Z08115	65	4.0	180.0	4	2721.87838051603	2722.1042598542354
2722.1586592553735	0.5258793382049589	trials	191023SL	p11	Z08115	54	8.0	135.0	4	2722.3086592553736	2722.5345385935784
2725.871128378356	0.5158793675036577	trials	191023SL	p11	Z08115	293	7.0	135.0	12	2726.021128378356	2726.2370077458595
2726.301407117699	0.5258793382054137	trials	191023SL	p11	Z08115	139	3.0	45.0	8	2726.451407117699	2726.6772864559043
2726.7316858570425	0.5258793382049589	trials	191023SL	p11	Z08115	249	8.0	0.0	12	2726.8816858570426	2727.1075651952474
2727.1619645963856	0.5258793382049589	trials	191023SL	p11	Z08115	308	7.0	180.0	12	2727.3119645963857	2727.5378439345905
2727.6022433064304	0.5259193380879879	trials	191023SL	p11	Z08115	316	0.0	225.0	12	2727.7522433064305	2727.9781626445183
2728.062561957761	0.5058793968019017	trials	191023SL	p11	Z08115	256	0.0	45.0	12	2728.212561957761	2728.4184413545627
2732.63558855943	0.5258793382054137	trials	191023SL	p11	Z08115	224	13.0	270.0	8	2732.78558855943	2733.011467897635
2738.379371730945	0.5158793675036577	trials	191023SL	p11	Z08115	13	12.0	0.0	4	2738.529371730945	2738.7452510984485
2738.8096504702885	0.5158793675036577	trials	191023SL	p11	Z08115	149	13.0	45.0	8	2738.9596504702886	2739.175529837792
2739.2399292096316	0.5259193380879879	trials	191023SL	p11	Z08115	321	5.0	225.0	12	2739.3899292096316	2739.6158485477195
2739.670247948857	0.5258793382054137	trials	191023SL	p11	Z08115	166	0.0	135.0	8	2739.8202479488573	2740.0461272870625
2740.1105266589025	0.5258793382054137	trials	191023SL	p11	Z08115	108	2.0	315.0	4	2740.2605266589026	2740.486405997108
2740.5408053982455	0.5258793382049589	trials	191023SL	p11	Z08115	199	3.0	225.0	8	2740.6908053982456	2740.9166847364504
2762.625380693516	0.5158793675036577	trials	191023SL	p11	Z08115	352	6.0	315.0	12	2762.775380693516	2762.9912600610196
2763.055699432742	0.5058793968019017	trials	191023SL	p11	Z08115	136	0.0	45.0	8	2763.205699432742	2763.411578829544
2763.4859781720857	0.5058793968019017	trials	191023SL	p11	Z08115	193	12.0	180.0	8	2763.6359781720857	2763.8418575688875
2763.9162569114287	0.5058793968023565	trials	191023SL	p11	Z08115	126	5.0	0.0	8	2764.066256911429	2764.272136308231
2766.267810021706	0.5258793382049589	trials	191023SL	p11	Z08115	172	6.0	135.0	8	2766.417810021706	2766.6436893599107
2766.6980887610484	0.5258793382054137	trials	191023SL	p11	Z08115	294	8.0	135.0	12	2766.8480887610485	2767.0739680992538
2767.1383674710937	0.5259193380879879	trials	191023SL	p11	Z08115	315	14.0	180.0	12	2767.288367471094	2767.5142868091816
2767.56868621032	0.5258793382049589	trials	191023SL	p11	Z08115	186	5.0	180.0	8	2767.71868621032	2767.9445655485247
2768.008964920364	0.5158793675036577	trials	191023SL	p11	Z08115	246	5.0	0.0	12	2768.1589649203643	2768.3748442878677
2768.4392436597077	0.5258793382049589	trials	191023SL	p11	Z08115	128	7.0	0.0	8	2768.589243659708	2768.8151229979126
2772.041633105208	0.5158793675041125	trials	191023SL	p11	Z08115	304	3.0	180.0	12	2772.191633105208	2772.407512472712
2772.4719118445514	0.5258793382049589	trials	191023SL	p11	Z08115	176	10.0	135.0	8	2772.6219118445515	2772.8477911827563
2772.902190583895	0.5258793382045042	trials	191023SL	p11	Z08115	48	2.0	135.0	4	2773.052190583895	2773.2780699220993
2773.3424692939393	0.5259193380879879	trials	191023SL	p11	Z08115	8	7.0	0.0	4	2773.4924692939394	2773.718388632027
2773.7727880331654	0.5258793382049589	trials	191023SL	p11	Z08115	313	12.0	180.0	12	2773.9227880331655	2774.1486673713703
2774.2130667432098	0.5258793382054137	trials	191023SL	p11	Z08115	81	5.0	225.0	4	2774.36306674321	2774.588946081415
2777.865456042218	0.5158793675036577	trials	191023SL	p11	Z08115	170	4.0	135.0	8	2778.015456042218	2778.2313354097214
2778.2857348108596	0.5259193380884426	trials	191023SL	p11	Z08115	217	6.0	270.0	8	2778.4357348108597	2778.661654148948
2778.7260535207874	0.5258793382054137	trials	191023SL	p11	Z08115	11	10.0	0.0	4	2778.8760535207875	2779.1019328589928
2779.1563322601305	0.5258793382049589	trials	191023SL	p11	Z08115	51	5.0	135.0	4	2779.3063322601306	2779.5322115983354
2779.5966109701753	0.5258793382054137	trials	191023SL	p11	Z08115	203	7.0	225.0	8	2779.7466109701754	2779.9724903083807
2780.026889709519	0.4958794261001458	trials	191023SL	p11	Z08115	116	10.0	315.0	4	2780.176889709519	2780.372769135619
2783.5191994775373	0.5158793675036577	trials	191023SL	p11	Z08115	324	8.0	225.0	12	2783.6691994775374	2783.885078845041
2786.0909119427783	0.5158793675036577	trials	191023SL	p11	Z08115	164	13.0	90.0	8	2786.2409119427784	2786.456791310282
2786.551190594226	0.49587942610060054	trials	191023SL	p11	Z08115	112	6.0	315.0	4	2786.701190594226	2786.8970700203263
2786.9815093334514	0.5058793968028112	trials	191023SL	p11	Z08115	187	6.0	180.0	8	2787.1315093334515	2787.337388730254
2787.4217880434967	0.49587942610060054	trials	191023SL	p11	Z08115	235	9.0	315.0	8	2787.571788043497	2787.767667469597
2787.8520667828398	0.49587942610060054	trials	191023SL	p11	Z08115	142	6.0	45.0	8	2788.00206678284	2788.1979462089403
2788.2923454928846	0.49587942610060054	trials	191023SL	p11	Z08115	143	7.0	45.0	8	2788.4423454928847	2788.638224918985
2792.945451859931	0.5258793382054137	trials	191023SL	p11	Z08115	79	3.0	225.0	4	2793.095451859931	2793.3213311981362
2793.3857305699753	0.5158793675041125	trials	191023SL	p11	Z08115	140	4.0	45.0	8	2793.5357305699754	2793.7516099374793
2793.816009309319	0.5158793675036577	trials	191023SL	p11	Z08115	184	3.0	180.0	8	2793.966009309319	2794.1818886768224
2794.2462880486623	0.5258793382049589	trials	191023SL	p11	Z08115	159	8.0	90.0	8	2794.3962880486624	2794.622167386867
2794.6865667587067	0.5159193673862319	trials	191023SL	p11	Z08115	251	10.0	0.0	12	2794.836566758707	2795.052486126093
2797.2282793118434	0.5158793675036577	trials	191023SL	p11	Z08115	204	8.0	225.0	8	2797.3782793118435	2797.594158679347
2797.688557963291	0.49587942610060054	trials	191023SL	p11	Z08115	333	2.0	270.0	12	2797.838557963291	2798.0344373893913
2798.118836702634	0.5359193087897438	trials	191023SL	p11	Z08115	37	6.0	90.0	4	2798.268836702634	2798.5047560114235
2798.5591554125617	0.5358793089062601	trials	191023SL	p11	Z08115	49	3.0	135.0	4	2798.709155412562	2798.945034721468
2799.029474034593	0.4958394262184811	trials	191023SL	p11	Z08115	0			0	2799.179474034593	2799.3753134608114
2801.531106705158	0.5158793675041125	trials	191023SL	p11	Z08115	292	6.0	135.0	12	2801.681106705158	2801.896986072662
2801.961385444501	0.5158793675036577	trials	191023SL	p11	Z08115	171	5.0	135.0	8	2802.111385444501	2802.3272648120046
2802.3916641838446	0.49587942610060054	trials	191023SL	p11	Z08115	219	8.0	270.0	8	2802.5416641838447	2802.737543609945
2802.821942923188	0.5058793968019017	trials	191023SL	p11	Z08115	25	9.0	45.0	4	2802.971942923188	2803.17782231999
2803.2522616624137	0.5358793089067149	trials	191023SL	p11	Z08115	97	6.0	270.0	4	2803.402261662414	2803.6381409713204
2803.6925403724586	0.5258793382054137	trials	191023SL	p11	Z08115	94	3.0	270.0	4	2803.8425403724586	2804.068419710664
2828.2787883381766	0.5158793675036577	trials	191023SL	p11	Z08115	360	14.0	315.0	12	2828.4287883381767	2828.64466770568
2828.7090670775196	0.5258793382054137	trials	191023SL	p11	Z08115	295	9.0	135.0	12	2828.8590670775197	2829.084946415725
2829.1393458168627	0.5058793968028112	trials	191023SL	p11	Z08115	144	8.0	45.0	8	2829.289345816863	2829.4952252136654
2829.5696245562062	0.5058793968023565	trials	191023SL	p11	Z08115	330	14.0	225.0	12	2829.7196245562063	2829.9255039530085
2830.0099432661336	0.49583942621802635	trials	191023SL	p11	Z08115	147	11.0	45.0	8	2830.1599432661337	2830.3557826923516
2830.4201820641915	0.5159193673862319	trials	191023SL	p11	Z08115	319	3.0	225.0	12	2830.5701820641916	2830.7861014315777
2834.0826113337835	0.5158793675041125	trials	191023SL	p11	Z08115	86	10.0	225.0	4	2834.2326113337836	2834.4484907012875
2834.5128900731265	0.5259193380884426	trials	191023SL	p11	Z08115	102	11.0	270.0	4	2834.6628900731266	2834.888809411215
2834.943208812353	0.5258793382049589	trials	191023SL	p11	Z08115	121	0.0	0.0	8	2835.093208812353	2835.319088150558
2835.3834875223974	0.5258793382054137	trials	191023SL	p11	Z08115	15	14.0	0.0	4	2835.5334875223975	2835.7593668606028
2835.8137662617405	0.5158793675036577	trials	191023SL	p11	Z08115	231	5.0	315.0	8	2835.9637662617406	2836.179645629244
2836.264044942487	0.5058793968023565	trials	191023SL	p11	Z08115	338	7.0	270.0	12	2836.414044942487	2836.6199243392894
2842.2580273809535	0.5058793968023565	trials	191023SL	p11	Z08115	131	10.0	0.0	8	2842.4080273809536	2842.613906777756
2842.6782661497123	0.4959194259836295	trials	191023SL	p11	Z08115	100	9.0	270.0	4	2842.8282661497124	2843.024185575696
2843.0785449769514	0.5259193380875331	trials	191023SL	p11	Z08115	266	10.0	45.0	12	2843.2285449769515	2843.454464315039
2843.518823686996	0.5259193380879879	trials	191023SL	p11	Z08115	337	6.0	270.0	12	2843.668823686996	2843.8947430250837
2843.9591423969237	0.5358793089062601	trials	191023SL	p11	Z08115	257	1.0	45.0	12	2844.1091423969237	2844.34502170583
2844.399421106968	0.5359193087897438	trials	191023SL	p11	Z08115	312	11.0	180.0	12	2844.549421106968	2844.7853404157577
2848.031850464456	0.5158793675036577	trials	191023SL	p11	Z08115	57	11.0	135.0	4	2848.181850464456	2848.3977298319596
2848.462129203799	0.5258793382049589	trials	191023SL	p11	Z08115	234	8.0	315.0	8	2848.612129203799	2848.838008542004
2848.892407943142	0.5258793382054137	trials	191023SL	p11	Z08115	258	2.0	45.0	12	2849.0424079431423	2849.2682872813475
2849.3326866531875	0.5158793675036577	trials	191023SL	p11	Z08115	3	2.0	0.0	4	2849.4826866531876	2849.698566020691
2849.772965363232	0.5058793968023565	trials	191023SL	p11	Z08115	290	4.0	135.0	12	2849.922965363232	2850.128844760034
2850.183244161172	0.5259193380879879	trials	191023SL	p11	Z08115	349	3.0	315.0	12	2850.333244161172	2850.5591634992597
2853.835673460063	0.5058793968023565	trials	191023SL	p11	Z08115	209	13.0	225.0	8	2853.985673460063	2854.191552856865
2854.2759521701078	0.5058793968019017	trials	191023SL	p11	Z08115	232	6.0	315.0	8	2854.425952170108	2854.6318315669096
2854.7162308801526	0.49587942610060054	trials	191023SL	p11	Z08115	334	3.0	270.0	12	2854.8662308801527	2855.062110306253
2855.146549619378	0.4958394262184811	trials	191023SL	p11	Z08115	2	1.0	0.0	4	2855.2965496193783	2855.4923890455966
2855.5768283587217	0.5058793968019017	trials	191023SL	p11	Z08115	197	1.0	225.0	8	2855.726828358722	2855.9327077555236
2856.0171070687666	0.5258793382049589	trials	191023SL	p11	Z08115	85	9.0	225.0	4	2856.1671070687667	2856.3929864069714
2877.931602862346	0.5258793382049589	trials	191023SL	p11	Z08115	152	1.0	90.0	8	2878.0816028623462	2878.307482200551
2878.361881601689	0.5258793382054137	trials	191023SL	p11	Z08115	34	3.0	90.0	4	2878.5118816016893	2878.7377609398945
2878.8021603117345	0.5259193380875331	trials	191023SL	p11	Z08115	43	12.0	90.0	4	2878.9521603117346	2879.178079649822
2879.2324390510776	0.5259193380875331	trials	191023SL	p11	Z08115	157	6.0	90.0	8	2879.3824390510777	2879.608358389165
2879.672757761005	0.5258793382054137	trials	191023SL	p11	Z08115	254	13.0	0.0	12	2879.822757761005	2880.0486370992103
2880.1030365003485	0.5258793382049589	trials	191023SL	p11	Z08115	223	12.0	270.0	8	2880.2530365003486	2880.4789158385533
2883.8755054475396	0.5058793968023565	trials	191023SL	p11	Z08115	190	9.0	180.0	8	2884.0255054475397	2884.231384844342
2884.315824157467	0.5058793968023565	trials	191023SL	p11	Z08115	42	11.0	90.0	4	2884.465824157467	2884.6717035542692
2884.7461028968105	0.5058793968019017	trials	191023SL	p11	Z08115	298	12.0	135.0	12	2884.8961028968106	2885.1019822936123
2885.186381606855	0.4958794261010553	trials	191023SL	p11	Z08115	178	12.0	135.0	8	2885.336381606855	2885.532261032956
2885.6166603461984	0.5058793968019017	trials	191023SL	p11	Z08115	220	9.0	270.0	8	2885.7666603461985	2885.972539743
2886.0569790561253	0.4958394262184811	trials	191023SL	p11	Z08115	70	9.0	180.0	4	2886.2069790561254	2886.4028184823437
2890.8000851594857	0.5158793675036577	trials	191023SL	p11	Z08115	104	13.0	270.0	4	2890.9500851594858	2891.1659645269892
2891.2203639281274	0.5359193087897438	trials	191023SL	p11	Z08115	10	9.0	0.0	4	2891.3703639281275	2891.606283236917
2891.680682579458	0.5258793382049589	trials	191023SL	p11	Z08115	58	12.0	135.0	4	2891.830682579458	2892.0565619176627
2892.15100120149	0.5358793089062601	trials	191023SL	p11	Z08115	310	9.0	180.0	12	2892.30100120149	2892.5368805103963
2892.601279882236	0.5259193380875331	trials	191023SL	p11	Z08115	346	0.0	315.0	12	2892.7512798822363	2892.9771992203237
2893.0415585922806	0.5259193380879879	trials	191023SL	p11	Z08115	262	6.0	45.0	12	2893.1915585922807	2893.4174779303685
2915.686532245662	0.5259193380879879	trials	191023SL	p11	Z08115	47	1.0	135.0	4	2915.836532245662	2916.06245158375
2916.116850984888	0.5258793382054137	trials	191023SL	p11	Z08115	110	4.0	315.0	4	2916.266850984888	2916.4927303230934
2916.5571296949324	0.5158793675036577	trials	191023SL	p11	Z08115	207	11.0	225.0	8	2916.7071296949325	2916.923009062436
2916.987408434276	0.5258793382054137	trials	191023SL	p11	Z08115	267	11.0	45.0	12	2917.137408434276	2917.3632877724813
2917.4276871443208	0.5158793675036577	trials	191023SL	p11	Z08115	243	2.0	0.0	12	2917.577687144321	2917.7935665118243
2922.731191605791	0.5158793675036577	trials	191023SL	p11	Z08115	302	1.0	180.0	12	2922.881191605791	2923.0970709732946
2923.161510345017	0.5258793382054137	trials	191023SL	p11	Z08115	213	2.0	270.0	8	2923.3115103450173	2923.5373896832225
2923.5917890843607	0.5258793382049589	trials	191023SL	p11	Z08115	279	8.0	90.0	12	2923.741789084361	2923.9676684225656
2924.032067794405	0.5258793382054137	trials	191023SL	p11	Z08115	188	7.0	180.0	8	2924.182067794405	2924.4079471326104
2924.4623465337486	0.5258793382054137	trials	191023SL	p11	Z08115	247	6.0	0.0	12	2924.6123465337487	2924.838225871954
2924.902625243793	0.5259193380879879	trials	191023SL	p11	Z08115	105	14.0	270.0	4	2925.052625243793	2925.278544581881
2928.7952138390506	0.5258793382054137	trials	191023SL	p11	Z08115	307	6.0	180.0	12	2928.9452138390507	2929.171093177256
2929.235492549096	0.5158793675036577	trials	191023SL	p11	Z08115	132	11.0	0.0	8	2929.385492549096	2929.6013719165994
2929.6958112004263	0.49587942610060054	trials	191023SL	p11	Z08115	14	13.0	0.0	4	2929.8458112004264	2930.041690626527
2930.126089939769	0.5358793089071696	trials	191023SL	p11	Z08115	127	6.0	0.0	8	2930.276089939769	2930.511969248676
2930.566368649814	0.5259193380879879	trials	191023SL	p11	Z08115	265	9.0	45.0	12	2930.7163686498143	2930.942287987902
2931.0066873597416	0.5258793382049589	trials	191023SL	p11	Z08115	162	11.0	90.0	8	2931.1566873597417	2931.3825666979465
2937.8511873063103	0.5158793675036577	trials	191023SL	p11	Z08115	44	13.0	90.0	4	2938.0011873063104	2938.217066673814
2940.5930192731244	0.5158793675036577	trials	191023SL	p11	Z08115	335	4.0	270.0	12	2940.7430192731244	2940.958898640628
2941.0232980124674	0.5258793382049589	trials	191023SL	p11	Z08115	101	10.0	270.0	4	2941.1732980124675	2941.3991773506723
2941.483576663915	0.5259193380884426	trials	191023SL	p11	Z08115	45	14.0	90.0	4	2941.633576663915	2941.859496002003
2941.9238953738427	0.5258793382054137	trials	191023SL	p11	Z08115	83	7.0	225.0	4	2942.073895373843	2942.299774712048
2942.374174054589	0.5259193380879879	trials	191023SL	p11	Z08115	202	6.0	225.0	8	2942.524174054589	2942.7500933926767
2942.844492676621	0.49587942610060054	trials	191023SL	p11	Z08115	344	13.0	270.0	12	2942.994492676621	2943.1903721027215
2946.617001623695	0.5158793675036577	trials	191023SL	p11	Z08115	30	14.0	45.0	4	2946.7670016236953	2946.9828809911987
2947.0572803337395	0.4958794261010553	trials	191023SL	p11	Z08115	91	0.0	270.0	4	2947.2072803337396	2947.4031597598405
2947.487559073083	0.5058793968019017	trials	191023SL	p11	Z08115	120	14.0	315.0	4	2947.637559073083	2947.843438469885
2947.927837783128	0.5259193380875331	trials	191023SL	p11	Z08115	311	10.0	180.0	12	2948.077837783128	2948.3037571212153
2948.3681564930553	0.5258793382054137	trials	191023SL	p11	Z08115	342	11.0	270.0	12	2948.5181564930554	2948.7440358312606
2948.828435144503	0.5259193380875331	trials	191023SL	p11	Z08115	253	12.0	0.0	12	2948.9784351445032	2949.2043544825906
2953.1513024791034	0.5158793675041125	trials	191023SL	p11	Z08115	0			0	2953.3013024791035	2953.5171818466074
2953.581581218447	0.5058793968023565	trials	191023SL	p11	Z08115	0			0	2953.731581218447	2953.937460615249
2954.0118599577904	0.5058793968019017	trials	191023SL	p11	Z08115	124	3.0	0.0	8	2954.1618599577905	2954.3677393545922
2954.4421786970165	0.5358793089062601	trials	191023SL	p11	Z08115	300	14.0	135.0	12	2954.5921786970166	2954.8280580059227
2954.902457348464	0.5258793382049589	trials	191023SL	p11	Z08115	318	2.0	225.0	12	2955.052457348464	2955.278336686669
2955.3427360585088	0.5259193380879879	trials	191023SL	p11	Z08115	227	1.0	315.0	8	2955.492736058509	2955.7186553965967
2966.2499441019086	0.5259193380875331	trials	191023SL	p11	Z08115	248	7.0	0.0	12	2966.3999441019087	2966.625863439996
2966.710262753239	0.4958794261001458	trials	191023SL	p11	Z08115	205	9.0	225.0	8	2966.860262753239	2967.056142179339
2967.140541492582	0.5058793968023565	trials	191023SL	p11	Z08115	309	8.0	180.0	12	2967.290541492582	2967.4964208893844
2967.570820231925	0.5359193087897438	trials	191023SL	p11	Z08115	285	14.0	90.0	12	2967.7208202319252	2967.956739540715
2968.021138912554	0.5158793675036577	trials	191023SL	p11	Z08115	244	3.0	0.0	12	2968.171138912554	2968.3870182800574
2968.4514176518974	0.5258793382054137	trials	191023SL	p11	Z08115	90	14.0	225.0	4	2968.6014176518975	2968.8272969901027
2972.153846804296	0.5158793675036577	trials	191023SL	p11	Z08115	325	9.0	225.0	12	2972.303846804296	2972.5197261717994
2972.584165543522	0.5258793382049589	trials	191023SL	p11	Z08115	289	3.0	135.0	12	2972.734165543522	2972.960044881727
2973.014444282865	0.5258793382049589	trials	191023SL	p11	Z08115	113	7.0	315.0	4	2973.164444282865	2973.39032362107
2973.45472299291	0.5158793675036577	trials	191023SL	p11	Z08115	75	14.0	180.0	4	2973.60472299291	2973.8206023604134
2973.885001732253	0.5258793382049589	trials	191023SL	p11	Z08115	17	1.0	45.0	4	2974.035001732253	2974.260881070458
2974.315280471596	0.5259193380879879	trials	191023SL	p11	Z08115	141	5.0	45.0	8	2974.465280471596	2974.691199809684
2978.2779088616467	0.5158793675036577	trials	191023SL	p11	Z08115	93	2.0	270.0	4	2978.4279088616468	2978.6437882291502
2978.7281875423932	0.5359193087892891	trials	191023SL	p11	Z08115	277	6.0	90.0	12	2978.8781875423933	2979.1141068511824
2979.1685062523206	0.5358793089067149	trials	191023SL	p11	Z08115	168	2.0	135.0	8	2979.3185062523207	2979.5543855612273
2979.6388248743524	0.49583942621802635	trials	191023SL	p11	Z08115	135	14.0	0.0	8	2979.7888248743525	2979.9846643005703
2980.0691036136955	0.5058793968028112	trials	191023SL	p11	Z08115	239	13.0	315.0	8	2980.2191036136956	2980.424983010498
2980.499382353039	0.5058793968019017	trials	191023SL	p11	Z08115	60	14.0	135.0	4	2980.649382353039	2980.855261749841
2984.211811476139	0.5159193673866866	trials	191023SL	p11	Z08115	89	13.0	225.0	4	2984.361811476139	2984.5777308435254
2984.642130215365	0.5258793382049589	trials	191023SL	p11	Z08115	96	5.0	270.0	4	2984.792130215365	2985.0180095535698
2985.072408954708	0.5258793382054137	trials	191023SL	p11	Z08115	167	1.0	135.0	8	2985.222408954708	2985.4482882929133
2985.512687664753	0.5258793382049589	trials	191023SL	p11	Z08115	84	8.0	225.0	4	2985.662687664753	2985.8885670029576
2985.942966404096	0.5259193380879879	trials	191023SL	p11	Z08115	129	8.0	0.0	8	2986.092966404096	2986.3188857421837
2986.383245114141	0.5159193673862319	trials	191023SL	p11	Z08115	115	9.0	315.0	4	2986.533245114141	2986.7491644815273
2990.1457540905135	0.5158793675036577	trials	191023SL	p11	Z08115	216	5.0	270.0	8	2990.2957540905136	2990.511633458017
2990.5760328298566	0.5258793382054137	trials	191023SL	p11	Z08115	122	1.0	0.0	8	2990.7260328298566	2990.951912168062
2991.0063115691996	0.5259193380879879	trials	191023SL	p11	Z08115	270	14.0	45.0	12	2991.1563115691997	2991.3822309072875
2991.4466302791275	0.5258793382054137	trials	191023SL	p11	Z08115	274	3.0	90.0	12	2991.5966302791276	2991.822509617333
2991.886908989172	0.5158793675041125	trials	191023SL	p11	Z08115	32	1.0	90.0	4	2992.036908989172	2992.252788356676
2992.3171877285154	0.5258793382054137	trials	191023SL	p11	Z08115	145	9.0	45.0	8	2992.4671877285155	2992.6930670667207
2995.969617027406	0.5158793675036577	trials	191023SL	p11	Z08115	36	5.0	90.0	4	2996.119617027406	2996.3354963949096
2996.3998957667495	0.5258793382054137	trials	191023SL	p11	Z08115	41	10.0	90.0	4	2996.5498957667496	2996.775775104955
2996.830174506093	0.5258793382049589	trials	191023SL	p11	Z08115	326	10.0	225.0	12	2996.980174506093	2997.206053844298
2997.2704532161374	0.5158793675036577	trials	191023SL	p11	Z08115	296	10.0	135.0	12	2997.4204532161375	2997.636332583641
2997.7007319554805	0.5259193380884426	trials	191023SL	p11	Z08115	158	7.0	90.0	8	2997.8507319554806	2998.076651293569
2998.1410106655253	0.5159193673866866	trials	191023SL	p11	Z08115	179	13.0	135.0	8	2998.2910106655254	2998.506930032912
3004.0149134558083	0.5158793675036577	trials	191023SL	p11	Z08115	80	4.0	225.0	4	3004.1649134558083	3004.380792823312
3004.445192195152	0.5158793675036577	trials	191023SL	p11	Z08115	106	0.0	315.0	4	3004.595192195152	3004.8110715626553
3004.875470934495	0.5259193380879879	trials	191023SL	p11	Z08115	192	11.0	180.0	8	3005.025470934495	3005.2513902725827
3005.3157896444222	0.5158793675036577	trials	191023SL	p11	Z08115	198	2.0	225.0	8	3005.4657896444223	3005.681669011926
3005.7460683837658	0.5258793382049589	trials	191023SL	p11	Z08115	29	13.0	45.0	4	3005.896068383766	3006.1219477219706
3006.18634709381	0.5158793675036577	trials	191023SL	p11	Z08115	137	1.0	45.0	8	3006.33634709381	3006.5522264613137
3009.7687365979077	0.5158793675041125	trials	191023SL	p11	Z08115	35	4.0	90.0	4	3009.918736597908	3010.1346159654117
3010.1990153372512	0.5158793675036577	trials	191023SL	p11	Z08115	237	11.0	315.0	8	3010.3490153372513	3010.564894704755
3010.6292940765948	0.5258793382049589	trials	191023SL	p11	Z08115	214	3.0	270.0	8	3010.779294076595	3011.0051734147996
3011.079572757341	0.4958794261001458	trials	191023SL	p11	Z08115	61	0.0	180.0	4	3011.229572757341	3011.425452183441
3011.5098514966835	0.5058793968028112	trials	191023SL	p11	Z08115	287	1.0	135.0	12	3011.6598514966836	3011.865730893486
3011.9501702066113	0.4958794261010553	trials	191023SL	p11	Z08115	73	12.0	180.0	4	3012.1001702066114	3012.2960496327123
3015.4925198280202	0.5158793675036577	trials	191023SL	p11	Z08115	180	14.0	135.0	8	3015.6425198280203	3015.858399195524
3027.230285438002	0.5158393676210835	trials	191023SL	p11	Z08115	99	8.0	270.0	4	3027.380285438002	3027.596124805623
3027.6605641773453	0.5158793675036577	trials	191023SL	p11	Z08115	278	7.0	90.0	12	3027.8105641773454	3028.026443544849
3028.090842916689	0.5258793382045042	trials	191023SL	p11	Z08115	175	9.0	135.0	8	3028.240842916689	3028.4667222548933
3028.521121656032	0.5258793382049589	trials	191023SL	p11	Z08115	323	7.0	225.0	12	3028.671121656032	3028.897000994237
3028.9614003660768	0.5258793382049589	trials	191023SL	p11	Z08115	288	2.0	135.0	12	3029.111400366077	3029.3372797042816
3029.39167910542	0.5258793382049589	trials	191023SL	p11	Z08115	259	3.0	45.0	12	3029.54167910542	3029.7675584436247
3033.0140684923235	0.5158793675036577	trials	191023SL	p11	Z08115	31	0.0	90.0	4	3033.1640684923236	3033.379947859827
3033.4443472316666	0.5259193380879879	trials	191023SL	p11	Z08115	19	3.0	45.0	4	3033.5943472316667	3033.8202665697545
3035.875980107321	0.5158793675036577	trials	191023SL	p11	Z08115	59	13.0	135.0	4	3036.025980107321	3036.2418594748247
3036.306258846664	0.5158793675036577	trials	191023SL	p11	Z08115	273	2.0	90.0	12	3036.4562588466642	3036.6721382141677
3036.7365375860077	0.5258793382049589	trials	191023SL	p11	Z08115	347	1.0	315.0	12	3036.8865375860078	3037.1124169242125
3037.1868562666364	0.49583942621802635	trials	191023SL	p11	Z08115	305	4.0	180.0	12	3037.3368562666365	3037.5326956928543
3037.61713500598	0.5058793968019017	trials	191023SL	p11	Z08115	329	13.0	225.0	12	3037.76713500598	3037.9730144027817
3038.0574137160243	0.4958794261010553	trials	191023SL	p11	Z08115	280	9.0	90.0	12	3038.2074137160243	3038.403293142125
3041.8299226630984	0.5158793675036577	trials	191023SL	p11	Z08115	208	12.0	225.0	8	3041.9799226630985	3042.195802030602
3042.2501614318576	0.5359193087897438	trials	191023SL	p11	Z08115	332	1.0	270.0	12	3042.4001614318577	3042.6360807406472
3042.72048005389	0.5259193380879879	trials	191023SL	p11	Z08115	23	7.0	45.0	4	3042.87048005389	3043.0963993919777
3043.1607987638167	0.5258793382054137	trials	191023SL	p11	Z08115	163	12.0	90.0	8	3043.310798763817	3043.536678102022
3043.6210774152646	0.5058793968019017	trials	191023SL	p11	Z08115	28	12.0	45.0	4	3043.7710774152647	3043.9769568120664
3044.0613961251925	0.5258793382049589	trials	191023SL	p11	Z08115	322	6.0	225.0	12	3044.2113961251926	3044.4372754633973
3047.9439447498658	0.5258793382049589	trials	191023SL	p11	Z08115	240	14.0	315.0	8	3048.093944749866	3048.3198240880706
3048.3742234892084	0.5258793382054137	trials	191023SL	p11	Z08115	182	1.0	180.0	8	3048.5242234892085	3048.7501028274137
3048.8145021992536	0.49587942610060054	trials	191023SL	p11	Z08115	357	11.0	315.0	12	3048.9645021992537	3049.160381625354
3049.2448209384797	0.5258793382049589	trials	191023SL	p11	Z08115	114	8.0	315.0	4	3049.39482093848	3049.6207002766846
3049.685099648524	0.4958794261010553	trials	191023SL	p11	Z08115	230	4.0	315.0	8	3049.835099648524	3050.030979074625
3050.1153783878676	0.49587942610060054	trials	191023SL	p11	Z08115	150	14.0	45.0	8	3050.2653783878677	3050.461257813968
3053.6677279799783	0.5158793675036577	trials	191023SL	p11	Z08115	78	2.0	225.0	4	3053.8177279799784	3054.033607347482
3054.0980067193213	0.5258793382049589	trials	191023SL	p11	Z08115	38	7.0	90.0	4	3054.2480067193214	3054.473886057526
3054.5282854586644	0.5259193380879879	trials	191023SL	p11	Z08115	183	2.0	180.0	8	3054.6782854586645	3054.9042047967523
3054.9686041685923	0.4958394262175716	trials	191023SL	p11	Z08115	185	4.0	180.0	8	3055.1186041685924	3055.3144435948097
3055.3988829079353	0.5258793382049589	trials	191023SL	p11	Z08115	339	8.0	270.0	12	3055.5488829079354	3055.77476224614
3055.8391616179797	0.49587942610060054	trials	191023SL	p11	Z08115	174	8.0	135.0	8	3055.98916161798	3056.18504104408
3059.4415510634803	0.5158793675041125	trials	191023SL	p11	Z08115	156	5.0	90.0	8	3059.5915510634804	3059.8074304309844
3059.871829802824	0.5158793675036577	trials	191023SL	p11	Z08115	9	8.0	0.0	4	3060.021829802824	3060.2377091703274
3060.302108542167	0.5258793382049589	trials	191023SL	p11	Z08115	264	8.0	45.0	12	3060.452108542167	3060.677987880372
3060.732427281393	0.5258793382054137	trials	191023SL	p11	Z08115	314	13.0	180.0	12	3060.882427281393	3061.1083066195984
3061.172705991438	0.5258793382049589	trials	191023SL	p11	Z08115	12	11.0	0.0	4	3061.322705991438	3061.5485853296427
3063.6643386913006	0.5258793382054137	trials	191023SL	p11	Z08115	229	3.0	315.0	8	3063.8143386913007	3064.040218029506
3064.094617430644	0.5258793382054137	trials	191023SL	p11	Z08115	146	10.0	45.0	8	3064.244617430644	3064.4704967688494
3064.534896140689	0.5259193380879879	trials	191023SL	p11	Z08115	20	4.0	45.0	4	3064.684896140689	3064.910815478777
3064.9752148506163	0.5158793675036577	trials	191023SL	p11	Z08115	276	5.0	90.0	12	3065.1252148506164	3065.34109421812
3065.40549358996	0.5258793382049589	trials	191023SL	p11	Z08115	359	13.0	315.0	12	3065.55549358996	3065.7813729281647
3065.835772329303	0.5258793382049589	trials	191023SL	p11	Z08115	123	2.0	0.0	8	3065.985772329303	3066.211651667508
3069.4081218628166	0.5158793675036577	trials	191023SL	p11	Z08115	282	11.0	90.0	12	3069.5581218628167	3069.77400123032
3069.8384006021593	0.5259193380884426	trials	191023SL	p11	Z08115	354	8.0	315.0	12	3069.9884006021593	3070.2143199402476
3070.268719341386	0.5258793382049589	trials	191023SL	p11	Z08115	356	10.0	315.0	12	3070.418719341386	3070.6445986795907
3070.7289979928332	0.5058793968023565	trials	191023SL	p11	Z08115	151	0.0	90.0	8	3070.8789979928333	3071.0848773896355
3071.1692767028776	0.5259193380884426	trials	191023SL	p11	Z08115	165	14.0	90.0	8	3071.3192767028777	3071.545196040966
3071.6095954128054	0.5258793382054137	trials	191023SL	p11	Z08115	154	3.0	90.0	8	3071.7595954128055	3071.9854747510108
3075.141945063513	0.5158393676206288	trials	191023SL	p11	Z08115	348	2.0	315.0	12	3075.291945063513	3075.5077844311336
3075.572223802856	0.5258793382054137	trials	191023SL	p11	Z08115	67	6.0	180.0	4	3075.722223802856	3075.9481031410614
3076.0025025421996	0.5258793382054137	trials	191023SL	p11	Z08115	107	1.0	315.0	4	3076.1525025421997	3076.378381880405
3076.442781252244	0.5258793382054137	trials	191023SL	p11	Z08115	206	10.0	225.0	8	3076.592781252244	3076.8186605904493
3076.8730599915875	0.5258793382054137	trials	191023SL	p11	Z08115	88	12.0	225.0	4	3077.0230599915876	3077.248939329793
3077.313338701632	0.5259193380879879	trials	191023SL	p11	Z08115	286	0.0	135.0	12	3077.463338701632	3077.68925803972
3080.965768000523	0.5158793675036577	trials	191023SL	p11	Z08115	56	10.0	135.0	4	3081.115768000523	3081.3316473680266
3081.3860467691648	0.5258793382049589	trials	191023SL	p11	Z08115	350	4.0	315.0	12	3081.536046769165	3081.7619261073696
3081.8263254792096	0.5259193380879879	trials	191023SL	p11	Z08115	210	14.0	225.0	8	3081.9763254792097	3082.2022448172975
3082.2666041892544	0.5159193673862319	trials	191023SL	p11	Z08115	355	9.0	315.0	12	3082.4166041892545	3082.6325235566405
3082.69692292848	0.5258793382054137	trials	191023SL	p11	Z08115	281	10.0	90.0	12	3082.84692292848	3083.0728022666854
3083.1272016678236	0.5258793382054137	trials	191023SL	p11	Z08115	252	11.0	0.0	12	3083.2772016678236	3083.503081006029
3086.9997503217955	0.5158793675036577	trials	191023SL	p11	Z08115	317	1.0	225.0	12	3087.1497503217956	3087.365629689299
3087.4300290611386	0.5259193380879879	trials	191023SL	p11	Z08115	6	5.0	0.0	4	3087.5800290611387	3087.8059483992265
3087.8603078004817	0.5359193087892891	trials	191023SL	p11	Z08115	77	1.0	225.0	4	3088.0103078004818	3088.246227109271
3088.310626481111	0.5058793968023565	trials	191023SL	p11	Z08115	221	10.0	270.0	8	3088.460626481111	3088.666505877913
3088.740905220454	0.5359193087892891	trials	191023SL	p11	Z08115	196	0.0	225.0	8	3088.890905220454	3089.126824529243
3089.211223842486	0.5058793968023565	trials	191023SL	p11	Z08115	0			0	3089.361223842486	3089.5671032392884
3092.7435334933107	0.5159193673866866	trials	191023SL	p11	Z08115	331	0.0	270.0	12	3092.8935334933108	3093.1094528606973
3093.19385217394	0.5058793968019017	trials	191023SL	p11	Z08115	222	11.0	270.0	8	3093.34385217394	3093.5497315707416
3093.6141309425816	0.49587942610060054	trials	191023SL	p11	Z08115	226	0.0	315.0	8	3093.7641309425817	3093.960010368682
3094.0444096819247	0.5359193087892891	trials	191023SL	p11	Z08115	195	14.0	180.0	8	3094.1944096819248	3094.430328990714
3094.5147283039564	0.5058793968023565	trials	191023SL	p11	Z08115	155	4.0	90.0	8	3094.6647283039565	3094.8706077007587
3094.9550070140012	0.49587942610060054	trials	191023SL	p11	Z08115	21	5.0	45.0	4	3095.1050070140013	3095.3008864401017
3098.517356576813	0.5259193380879879	trials	191023SL	p11	Z08115	72	11.0	180.0	4	3098.6673565768133	3098.893275914901
3098.9476353161567	0.5259193380879879	trials	191023SL	p11	Z08115	46	0.0	135.0	4	3099.097635316157	3099.3235546542446
3099.387954026084	0.5058793968023565	trials	191023SL	p11	Z08115	134	13.0	0.0	8	3099.537954026084	3099.7438334228864
3099.818232765427	0.4958794261010553	trials	191023SL	p11	Z08115	160	9.0	90.0	8	3099.9682327654273	3100.164112191528
3100.2485115047707	0.5358793089062601	trials	191023SL	p11	Z08115	228	2.0	315.0	8	3100.398511504771	3100.634390813677
3100.6988301853994	0.5358793089067149	trials	191023SL	p11	Z08115	82	6.0	225.0	4	3100.8488301853995	3101.084709494306
3106.5926929172024	0.5058793968023565	trials	191023SL	p11	Z08115	53	7.0	135.0	4	3106.7426929172025	3106.9485723140047
3120.021573572453	0.5158793675036577	trials	191023SL	p11	Z08115	283	12.0	90.0	12	3120.171573572453	3120.3874529399563
3122.693365744474	0.5158793675036577	trials	191023SL	p11	Z08115	200	4.0	225.0	8	3122.843365744474	3123.0592451119774
3123.1136445131156	0.5058393969193276	trials	191023SL	p11	Z08115	299	13.0	135.0	12	3123.2636445131157	3123.469483910035
3123.5538832232774	0.4958794261010553	trials	191023SL	p11	Z08115	138	2.0	45.0	8	3123.7038832232774	3123.8997626493783
3126.305715160793	0.5158793675036577	trials	191023SL	p11	Z08115	66	5.0	180.0	4	3126.4557151607933	3126.6715945282967
3126.7360339000193	0.5158793675036577	trials	191023SL	p11	Z08115	218	7.0	270.0	8	3126.8860339000194	3127.101913267523
3127.166312639363	0.5258793382049589	trials	191023SL	p11	Z08115	301	0.0	180.0	12	3127.316312639363	3127.5421919775677
3127.606591349407	0.5158793675036577	trials	191023SL	p11	Z08115	169	3.0	135.0	8	3127.7565913494072	3127.9724707169107
3128.0368700887507	0.5258793382049589	trials	191023SL	p11	Z08115	22	6.0	45.0	4	3128.1868700887508	3128.4127494269555
3128.4871887693794	0.49583942621802635	trials	191023SL	p11	Z08115	351	5.0	315.0	12	3128.6371887693795	3128.8330281955973
3132.3096975699614	0.5158793675036577	trials	191023SL	p11	Z08115	6	5.0	0.0	4	3132.4596975699615	3132.675576937465
3132.7399763093044	0.5158793675036577	trials	191023SL	p11	Z08115	130	9.0	0.0	8	3132.8899763093045	3133.105855676808
3133.1702550486475	0.5259193380879879	trials	191023SL	p11	Z08115	353	7.0	315.0	12	3133.3202550486476	3133.5461743867354
3133.6105737585754	0.5158793675036577	trials	191023SL	p11	Z08115	184	3.0	180.0	8	3133.7605737585754	3133.976453126079
3134.040852497918	0.5258793382054137	trials	191023SL	p11	Z08115	307	6.0	180.0	12	3134.190852497918	3134.4167318361233
3134.4811312079632	0.5158793675036577	trials	191023SL	p11	Z08115	188	7.0	180.0	8	3134.6311312079633	3134.847010575467
3138.2836400671417	0.5158793675036577	trials	191023SL	p11	Z08115	128	7.0	0.0	8	3138.433640067142	3138.6495194346453
3141.976109248721	0.5158393676210835	trials	191023SL	p11	Z08115	151	0.0	90.0	8	3142.126109248721	3142.341948616342
3142.4063879880646	0.5258793382054137	trials	191023SL	p11	Z08115	283	12.0	90.0	12	3142.5563879880647	3142.78226732627
3142.8366667274076	0.5258793382054137	trials	191023SL	p11	Z08115	198	2.0	225.0	8	3142.9866667274077	3143.212546065613
3143.2769454374525	0.5158793675036577	trials	191023SL	p11	Z08115	180	14.0	135.0	8	3143.4269454374526	3143.642824804956
3143.707224176796	0.5258793382049589	trials	191023SL	p11	Z08115	347	1.0	315.0	12	3143.857224176796	3144.083103515001
3144.1475428867234	0.5258793382049589	trials	191023SL	p11	Z08115	266	10.0	45.0	12	3144.2975428867235	3144.5234222249283
3147.859972009823	0.5158793675036577	trials	191023SL	p11	Z08115	210	14.0	225.0	8	3148.0099720098233	3148.2258513773268
3148.2902507491663	0.5258793382049589	trials	191023SL	p11	Z08115	106	0.0	315.0	4	3148.4402507491664	3148.666130087371
3148.730529459211	0.5159193673862319	trials	191023SL	p11	Z08115	239	13.0	315.0	8	3148.880529459211	3149.096448826597
3149.160808198554	0.5259193380884426	trials	191023SL	p11	Z08115	238	12.0	315.0	8	3149.3108081985542	3149.5367275366425
3149.5911269377802	0.5258793382049589	trials	191023SL	p11	Z08115	8	7.0	0.0	4	3149.7411269377803	3149.967006275985
3150.031405647825	0.5258793382049589	trials	191023SL	p11	Z08115	44	13.0	90.0	4	3150.181405647825	3150.40728498603
3153.543715357247	0.5259193380879879	trials	191023SL	p11	Z08115	174	8.0	135.0	8	3153.693715357247	3153.919634695335
3154.004034008577	0.5258793382049589	trials	191023SL	p11	Z08115	354	8.0	315.0	12	3154.154034008577	3154.379913346782
3154.4743526306092	0.49587942610060054	trials	191023SL	p11	Z08115	281	10.0	90.0	12	3154.6243526306093	3154.8202320567098
3154.9046313699523	0.5358793089067149	trials	191023SL	p11	Z08115	13	12.0	0.0	4	3155.0546313699524	3155.290510678859
3155.3449100799967	0.5359193087897438	trials	191023SL	p11	Z08115	34	3.0	90.0	4	3155.4949100799968	3155.7308293887863
3155.815228702029	0.4958794261010553	trials	191023SL	p11	Z08115	256	0.0	45.0	12	3155.965228702029	3156.16110812813
3166.8925562470026	0.5158793675036577	trials	191023SL	p11	Z08115	139	3.0	45.0	8	3167.0425562470027	3167.258435614506
3173.4168571317095	0.5158793675036577	trials	191023SL	p11	Z08115	58	12.0	135.0	4	3173.5668571317096	3173.782736499213
3173.8471358710526	0.5259193380879879	trials	191023SL	p11	Z08115	311	10.0	180.0	12	3173.9971358710527	3174.2230552091405
3174.277414610396	0.5259193380879879	trials	191023SL	p11	Z08115	310	9.0	180.0	12	3174.427414610396	3174.653333948484
3176.5589279258797	0.5058793968023565	trials	191023SL	p11	Z08115	92	1.0	270.0	4	3176.70892792588	3176.914807322682
3176.9692067238198	0.5258793382054137	trials	191023SL	p11	Z08115	349	3.0	315.0	12	3177.11920672382	3177.345086062025
3177.3994854631633	0.5258793382049589	trials	191023SL	p11	Z08115	318	2.0	225.0	12	3177.5494854631634	3177.775364801368
3177.8397641732076	0.5259193380879879	trials	191023SL	p11	Z08115	81	5.0	225.0	4	3177.9897641732077	3178.2156835112955
3178.2700829124337	0.5158793675036577	trials	191023SL	p11	Z08115	338	7.0	270.0	12	3178.420082912434	3178.6359622799373
3178.7103616224786	0.5058793968023565	trials	191023SL	p11	Z08115	42	11.0	90.0	4	3178.8603616224786	3179.066241019281
3182.3627909213697	0.5158793675036577	trials	191023SL	p11	Z08115	86	10.0	225.0	4	3182.5127909213697	3182.728670288873
3182.7830296901284	0.5259193380884426	trials	191023SL	p11	Z08115	25	9.0	45.0	4	3182.9330296901285	3183.1589490282167
3183.223308400173	0.5259193380879879	trials	191023SL	p11	Z08115	46	0.0	135.0	4	3183.3733084001733	3183.599227738261
3183.6536271393993	0.5258793382054137	trials	191023SL	p11	Z08115	118	12.0	315.0	4	3183.8036271393994	3184.0295064776046
3184.0939058494437	0.4958794261010553	trials	191023SL	p11	Z08115	225	14.0	270.0	8	3184.2439058494438	3184.4397852755446
3184.524184588787	0.5259193380879879	trials	191023SL	p11	Z08115	63	2.0	180.0	4	3184.6741845887873	3184.900103926875
3188.076534180898	0.5158793675036577	trials	191023SL	p11	Z08115	148	12.0	45.0	8	3188.226534180898	3188.4424135484014
3188.506812920241	0.5259193380879879	trials	191023SL	p11	Z08115	321	5.0	225.0	12	3188.656812920241	3188.882732258329
3188.937131659467	0.5258793382049589	trials	191023SL	p11	Z08115	232	6.0	315.0	8	3189.087131659467	3189.313010997672
3189.377410369512	0.5258793382049589	trials	191023SL	p11	Z08115	237	11.0	315.0	8	3189.527410369512	3189.7532897077167
3189.807689108855	0.5158793675036577	trials	191023SL	p11	Z08115	167	1.0	135.0	8	3189.957689108855	3190.1735684763585
3190.258007789484	0.5258793382049589	trials	191023SL	p11	Z08115	131	10.0	0.0	8	3190.408007789484	3190.633887127689
3194.250636091639	0.5158793675036577	trials	191023SL	p11	Z08115	114	8.0	315.0	4	3194.400636091639	3194.6165154591426
3194.6809148309826	0.5258793382049589	trials	191023SL	p11	Z08115	48	2.0	135.0	4	3194.8309148309827	3195.0567941691875
3197.072507823948	0.5258793382054137	trials	191023SL	p11	Z08115	194	13.0	180.0	8	3197.222507823948	3197.4483871621533
3197.5027865632915	0.5258793382049589	trials	191023SL	p11	Z08115	95	4.0	270.0	4	3197.6527865632916	3197.8786659014963
3197.943065273336	0.5158793675036577	trials	191023SL	p11	Z08115	64	3.0	180.0	4	3198.093065273336	3198.3089446408394
3198.3733440126794	0.5259193380879879	trials	191023SL	p11	Z08115	243	2.0	0.0	12	3198.5233440126794	3198.7492633507673
3198.803622752022	0.5058793968028112	trials	191023SL	p11	Z08115	149	13.0	45.0	8	3198.953622752022	3199.1595021488247
3199.24394146195	0.5258793382054137	trials	191023SL	p11	Z08115	15	14.0	0.0	4	3199.39394146195	3199.619820800155
3202.916330702361	0.5159193673866866	trials	191023SL	p11	Z08115	304	3.0	180.0	12	3203.066330702361	3203.2822500697475
3203.3466494415866	0.5158793675036577	trials	191023SL	p11	Z08115	324	8.0	225.0	12	3203.4966494415867	3203.71252880909
3203.77692818093	0.5258793382054137	trials	191023SL	p11	Z08115	255	14.0	0.0	12	3203.92692818093	3204.1528075191354
3204.2072069202736	0.5258793382049589	trials	191023SL	p11	Z08115	101	10.0	270.0	4	3204.3572069202737	3204.5830862584785
3204.647485630318	0.5259193380879879	trials	191023SL	p11	Z08115	120	14.0	315.0	4	3204.797485630318	3205.023404968406
3205.0777643696615	0.5259193380879879	trials	191023SL	p11	Z08115	109	3.0	315.0	4	3205.2277643696616	3205.4536837077494
3208.8502733167356	0.5158793675036577	trials	191023SL	p11	Z08115	142	6.0	45.0	8	3209.0002733167357	3209.216152684239
3209.280552056079	0.5259193380875331	trials	191023SL	p11	Z08115	269	13.0	45.0	12	3209.4305520560793	3209.6564713941666
3209.7108307954218	0.5058793968023565	trials	191023SL	p11	Z08115	80	4.0	225.0	4	3209.860830795422	3210.066710192224
3210.141149534648	0.5058393969193276	trials	191023SL	p11	Z08115	157	6.0	90.0	8	3210.291149534648	3210.496988931567
3210.581428244693	0.5258793382049589	trials	191023SL	p11	Z08115	122	1.0	0.0	8	3210.7314282446932	3210.957307582898
3211.0117069840358	0.5358793089071696	trials	191023SL	p11	Z08115	217	6.0	270.0	8	3211.161706984036	3211.397586292943
3214.78421593111	0.5258793382054137	trials	191023SL	p11	Z08115	179	13.0	135.0	8	3214.93421593111	3215.160095269315
3215.2144946704534	0.5058793968019017	trials	191023SL	p11	Z08115	163	12.0	90.0	8	3215.3644946704535	3215.570374067255
3215.6247734683934	0.5058393969197823	trials	191023SL	p11	Z08115	115	9.0	315.0	4	3215.7747734683935	3215.980612865313
3216.0450122371526	0.4958794261010553	trials	191023SL	p11	Z08115	93	2.0	270.0	4	3216.1950122371527	3216.3908916632536
3216.4753309763787	0.5358793089067149	trials	191023SL	p11	Z08115	358	12.0	315.0	12	3216.625330976379	3216.8612102852853
3216.915609686423	0.5258793382054137	trials	191023SL	p11	Z08115	319	3.0	225.0	12	3217.065609686423	3217.2914890246284
3220.808158281798	0.5159193673866866	trials	191023SL	p11	Z08115	360	14.0	315.0	12	3220.958158281798	3221.1740776491847
3221.248476991726	0.5258793382049589	trials	191023SL	p11	Z08115	67	6.0	180.0	4	3221.398476991726	3221.624356329931
3221.6887557017703	0.5258793382054137	trials	191023SL	p11	Z08115	57	11.0	135.0	4	3221.8387557017704	3222.0646350399757
3222.119034441114	0.5259193380879879	trials	191023SL	p11	Z08115	248	7.0	0.0	12	3222.269034441114	3222.4949537792018
3222.5593531510413	0.5258793382049589	trials	191023SL	p11	Z08115	85	9.0	225.0	4	3222.7093531510413	3222.935232489246
3222.999631861086	0.5158793675036577	trials	191023SL	p11	Z08115	300	14.0	135.0	12	3223.149631861086	3223.3655112285896
3226.632021218691	0.5158793675036577	trials	191023SL	p11	Z08115	263	7.0	45.0	12	3226.782021218691	3226.9979005861946
3227.062299958034	0.5158793675036577	trials	191023SL	p11	Z08115	112	6.0	315.0	4	3227.2122999580342	3227.4281793255377
3227.4925786973777	0.5259193380879879	trials	191023SL	p11	Z08115	200	4.0	225.0	8	3227.6425786973778	3227.8684980354656
3227.9228974366038	0.5258793382049589	trials	191023SL	p11	Z08115	257	1.0	45.0	12	3228.072897436604	3228.2987767748086
3228.363176146648	0.5258793382054137	trials	191023SL	p11	Z08115	346	0.0	315.0	12	3228.513176146648	3228.7390554848535
3228.7934548859917	0.5258793382054137	trials	191023SL	p11	Z08115	261	5.0	45.0	12	3228.9434548859917	3229.169334224197
3232.4158442728954	0.5158793675036577	trials	191023SL	p11	Z08115	175	9.0	135.0	8	3232.5658442728954	3232.781723640399
3232.846123012238	0.5259193380884426	trials	191023SL	p11	Z08115	357	11.0	315.0	12	3232.996123012238	3233.2220423503263
3233.2764017515815	0.4958794261010553	trials	191023SL	p11	Z08115	65	4.0	180.0	4	3233.4264017515816	3233.6222811776825
3233.7067204908076	0.5258793382054137	trials	191023SL	p11	Z08115	201	5.0	225.0	8	3233.8567204908077	3234.082599829013
3234.146999200852	0.5258793382054137	trials	191023SL	p11	Z08115	297	11.0	135.0	12	3234.296999200852	3234.5228785390573
3234.5872779108972	0.5158793675036577	trials	191023SL	p11	Z08115	253	12.0	0.0	12	3234.7372779108973	3234.953157278401
3238.3697868286727	0.5358793089067149	trials	191023SL	p11	Z08115	296	10.0	135.0	12	3238.5197868286727	3238.7556661375793
3238.8100655387175	0.5259193380879879	trials	191023SL	p11	Z08115	134	13.0	0.0	8	3238.9600655387176	3239.1859848768054
3239.250344248762	0.5259193380884426	trials	191023SL	p11	Z08115	170	4.0	135.0	8	3239.400344248762	3239.62626358685
3239.7106629000928	0.5058793968023565	trials	191023SL	p11	Z08115	308	7.0	180.0	12	3239.860662900093	3240.066542296895
3240.130941668734	0.5058793968023565	trials	191023SL	p11	Z08115	119	13.0	315.0	4	3240.280941668734	3240.4868210655363
3240.551220437376	0.5258793382054137	trials	191023SL	p11	Z08115	47	1.0	135.0	4	3240.701220437376	3240.927099775581
3244.153609882877	0.5058793968019017	trials	191023SL	p11	Z08115	197	1.0	225.0	8	3244.303609882877	3244.5094892796787
3244.5938885929213	0.4958794261010553	trials	191023SL	p11	Z08115	235	9.0	315.0	8	3244.7438885929214	3244.9397680190223
3245.014167361563	0.5258793382054137	trials	191023SL	p11	Z08115	260	4.0	45.0	12	3245.164167361563	3245.3900466997684
3245.4444461009066	0.5058793968019017	trials	191023SL	p11	Z08115	4	3.0	0.0	4	3245.5944461009067	3245.8003254977084
3245.884764810834	0.49583942621802635	trials	191023SL	p11	Z08115	293	7.0	135.0	12	3246.034764810834	3246.230604237052
3246.3050035795927	0.5259193380879879	trials	191023SL	p11	Z08115	176	10.0	135.0	8	3246.455003579593	3246.6809229176806
3260.964720628664	0.5158793675036577	trials	191023SL	p11	Z08115	359	13.0	315.0	12	3261.114720628664	3261.3305999961676
3261.394999368007	0.5258793382049589	trials	191023SL	p11	Z08115	123	2.0	0.0	8	3261.544999368007	3261.770878706212
3261.82527810735	0.5258793382054137	trials	191023SL	p11	Z08115	24	8.0	45.0	4	3261.9752781073503	3262.2011574455555
3264.4269904846956	0.5158793675036577	trials	191023SL	p11	Z08115	16	0.0	45.0	4	3264.5769904846957	3264.792869852199
3264.8572692240386	0.49587942610060054	trials	191023SL	p11	Z08115	156	5.0	90.0	8	3265.0072692240387	3265.203148650139
3267.6291011029575	0.4958794261010553	trials	191023SL	p11	Z08115	348	2.0	315.0	12	3267.7791011029576	3267.9749805290585
3268.0594198421836	0.5058793968019017	trials	191023SL	p11	Z08115	116	10.0	315.0	4	3268.2094198421837	3268.4152992389854
3268.499698552228	0.5258793382054137	trials	191023SL	p11	Z08115	72	11.0	180.0	4	3268.649698552228	3268.8755778904333
3268.9399772622733	0.5158793675036577	trials	191023SL	p11	Z08115	267	11.0	45.0	12	3269.0899772622734	3269.305856629777
3269.3702560016163	0.5259193380875331	trials	191023SL	p11	Z08115	291	5.0	135.0	12	3269.5202560016164	3269.7461753397038
3269.8005347409594	0.5259193380879879	trials	191023SL	p11	Z08115	172	6.0	135.0	8	3269.9505347409595	3270.1764540790473
3273.3428843623683	0.5158793675036577	trials	191023SL	p11	Z08115	121	0.0	0.0	8	3273.4928843623684	3273.708763729872
3273.7732031015944	0.5158393676210835	trials	191023SL	p11	Z08115	137	1.0	45.0	8	3273.9232031015945	3274.1390424692154
3274.2034418410544	0.5259193380884426	trials	191023SL	p11	Z08115	240	14.0	315.0	8	3274.3534418410545	3274.579361179143
3274.633760580281	0.5258793382049589	trials	191023SL	p11	Z08115	342	11.0	270.0	12	3274.783760580281	3275.009639918486
3275.074039290326	0.5258793382049589	trials	191023SL	p11	Z08115	275	4.0	90.0	12	3275.224039290326	3275.4499186285307
3275.5043180296684	0.5258793382054137	trials	191023SL	p11	Z08115	265	9.0	45.0	12	3275.6543180296685	3275.8801973678737
3279.2467870647556	0.5158793675036577	trials	191023SL	p11	Z08115	102	11.0	270.0	4	3279.3967870647557	3279.612666432259
3279.677065804099	0.5158793675036577	trials	191023SL	p11	Z08115	247	6.0	0.0	12	3279.827065804099	3280.0429451716027
3280.1073445434427	0.5259193380875331	trials	191023SL	p11	Z08115	97	6.0	270.0	4	3280.2573445434427	3280.48326388153
3280.5476632533696	0.5158793675036577	trials	191023SL	p11	Z08115	352	6.0	315.0	12	3280.6976632533697	3280.913542620873
3280.977941992713	0.5258793382054137	trials	191023SL	p11	Z08115	305	4.0	180.0	12	3281.127941992713	3281.3538213309184
3281.4082207320566	0.5258793382049589	trials	191023SL	p11	Z08115	27	11.0	45.0	4	3281.5582207320567	3281.7841000702615
3285.5809685064864	0.5158793675036577	trials	191023SL	p11	Z08115	23	7.0	45.0	4	3285.7309685064865	3285.94684787399
3286.01124724583	0.5259193380879879	trials	191023SL	p11	Z08115	94	3.0	270.0	4	3286.16124724583	3286.387166583918
3286.441565985056	0.5258793382049589	trials	191023SL	p11	Z08115	231	5.0	315.0	8	3286.591565985056	3286.817445323261
3286.8818446951004	0.5258793382054137	trials	191023SL	p11	Z08115	339	8.0	270.0	12	3287.0318446951005	3287.2577240333057
3287.312123434444	0.5258793382049589	trials	191023SL	p11	Z08115	26	10.0	45.0	4	3287.462123434444	3287.688002772649
3287.7524021444883	0.4958794261010553	trials	191023SL	p11	Z08115	298	12.0	135.0	12	3287.9024021444884	3288.0982815705893
3307.4754643586634	0.5158793675036577	trials	191023SL	p11	Z08115	340	9.0	270.0	12	3307.6254643586635	3307.841343726167
3307.9057430980065	0.5258793382049589	trials	191023SL	p11	Z08115	290	4.0	135.0	12	3308.0557430980066	3308.2816224362114
3308.3360218373496	0.5058793968028112	trials	191023SL	p11	Z08115	345	14.0	270.0	12	3308.4860218373497	3308.6919012341523
3308.766300576693	0.5058793968023565	trials	191023SL	p11	Z08115	124	3.0	0.0	8	3308.916300576693	3309.1221799734953
3309.2065792867375	0.4958794261010553	trials	191023SL	p11	Z08115	108	2.0	315.0	4	3309.3565792867375	3309.5524587128384
3309.6368980259635	0.5058393969193276	trials	191023SL	p11	Z08115	135	14.0	0.0	8	3309.7868980259636	3309.992737422883
3313.2092475594773	0.5058793968023565	trials	191023SL	p11	Z08115	278	7.0	90.0	12	3313.3592475594774	3313.5651269562795
3313.6395262988203	0.4958794261010553	trials	191023SL	p11	Z08115	350	4.0	315.0	12	3313.7895262988204	3313.9854057249213
3314.069805038164	0.49587942610060054	trials	191023SL	p11	Z08115	171	5.0	135.0	8	3314.219805038164	3314.4156844642644
3314.510083748208	0.4958794261010553	trials	191023SL	p11	Z08115	335	4.0	270.0	12	3314.6600837482083	3314.855963174309
3314.93036251685	0.5058793968028112	trials	191023SL	p11	Z08115	214	3.0	270.0	8	3315.08036251685	3315.2862419136527
3315.370681226778	0.5058793968019017	trials	191023SL	p11	Z08115	223	12.0	270.0	8	3315.520681226778	3315.7265606235796
3318.9930706136815	0.5258793382049589	trials	191023SL	p11	Z08115	1	0.0	0.0	4	3319.1430706136816	3319.3689499518864
3319.4433492944277	0.49587942610060054	trials	191023SL	p11	Z08115	111	5.0	315.0	4	3319.5933492944278	3319.789228720528
3319.8736280337707	0.49587942610060054	trials	191023SL	p11	Z08115	229	3.0	315.0	8	3320.023628033771	3320.2195074598712
3320.303946772997	0.5058393969197823	trials	191023SL	p11	Z08115	282	11.0	90.0	12	3320.453946772997	3320.6597861699165
3320.73422551234	0.5358793089067149	trials	191023SL	p11	Z08115	19	3.0	45.0	4	3320.88422551234	3321.1201048212465
3321.1945041637878	0.5058793968019017	trials	191023SL	p11	Z08115	0			0	3321.344504163788	3321.5503835605896
3324.9970130229663	0.5158793675036577	trials	191023SL	p11	Z08115	341	10.0	270.0	12	3325.1470130229663	3325.36289239047
3325.4273317621924	0.5258793382054137	trials	191023SL	p11	Z08115	271	0.0	90.0	12	3325.5773317621924	3325.8032111003977
3325.8976103843415	0.49587942610060054	trials	191023SL	p11	Z08115	199	3.0	225.0	8	3326.0476103843416	3326.243489810442
3326.3278891236846	0.4958794261010553	trials	191023SL	p11	Z08115	154	3.0	90.0	8	3326.4778891236847	3326.6737685497856
3326.7682078336125	0.4958794261001458	trials	191023SL	p11	Z08115	202	6.0	225.0	8	3326.9182078336125	3327.1140872597125
3327.1984865729555	0.49587942610060054	trials	191023SL	p11	Z08115	193	12.0	180.0	8	3327.3484865729556	3327.544365999056
3330.6907963409744	0.49587942610060054	trials	191023SL	p11	Z08115	28	12.0	45.0	4	3330.8407963409745	3331.036675767075
3331.121075080318	0.5358793089062601	trials	191023SL	p11	Z08115	262	6.0	45.0	12	3331.271075080318	3331.506954389224
3331.581393731648	0.49583942621802635	trials	191023SL	p11	Z08115	43	12.0	90.0	4	3331.731393731648	3331.927233157866
3332.011672470991	0.5058793968023565	trials	191023SL	p11	Z08115	59	13.0	135.0	4	3332.161672470991	3332.3675518677933
3332.4519511810363	0.4958794261001458	trials	191023SL	p11	Z08115	219	8.0	270.0	8	3332.6019511810364	3332.7978306071363
3332.872229949678	0.5058793968019017	trials	191023SL	p11	Z08115	279	8.0	90.0	12	3333.022229949678	3333.22810934648
3336.414579571087	0.5258793382049589	trials	191023SL	p11	Z08115	312	11.0	180.0	12	3336.564579571087	3336.790458909292
3336.84485831043	0.5258793382049589	trials	191023SL	p11	Z08115	245	4.0	0.0	12	3336.99485831043	3337.220737648635
3337.285137020475	0.5259193380879879	trials	191023SL	p11	Z08115	35	4.0	90.0	4	3337.435137020475	3337.6610563585627
3337.7354557011035	0.4958794261010553	trials	191023SL	p11	Z08115	36	5.0	90.0	4	3337.8854557011036	3338.0813351272045
3338.165734440447	0.5358793089062601	trials	191023SL	p11	Z08115	315	14.0	180.0	12	3338.315734440447	3338.5516137493532
3338.636053062479	0.5258793382049589	trials	191023SL	p11	Z08115	192	11.0	180.0	8	3338.786053062479	3339.0119324006837
3360.430429207993	0.5058793968019017	trials	191023SL	p11	Z08115	22	6.0	45.0	4	3360.580429207993	3360.7863086047946
3360.840708005933	0.5258793382054137	trials	191023SL	p11	Z08115	105	14.0	270.0	4	3360.990708005933	3361.216587344138
3363.2623009110025	0.5158793675041125	trials	191023SL	p11	Z08115	147	11.0	45.0	8	3363.4123009110026	3363.6281802785065
3363.6825796796447	0.5259193380875331	trials	191023SL	p11	Z08115	178	12.0	135.0	8	3363.832579679645	3364.058499017732
3364.122898389572	0.5258793382054137	trials	191023SL	p11	Z08115	302	1.0	180.0	12	3364.272898389572	3364.4987777277775
3364.5531771289156	0.5258793382045042	trials	191023SL	p11	Z08115	89	13.0	225.0	4	3364.7031771289157	3364.92905646712
3364.99345583896	0.5258793382054137	trials	191023SL	p11	Z08115	204	8.0	225.0	8	3365.14345583896	3365.3693351771653
3365.4237345783035	0.5259193380879879	trials	191023SL	p11	Z08115	45	14.0	90.0	4	3365.5737345783036	3365.7996539163914
3369.076163877194	0.5158793675036577	trials	191023SL	p11	Z08115	150	14.0	45.0	8	3369.2261638771943	3369.4420432446977
3369.5064426165377	0.5258793382045042	trials	191023SL	p11	Z08115	189	8.0	180.0	8	3369.656442616538	3369.882321954742
3369.946721326582	0.5158793675036577	trials	191023SL	p11	Z08115	33	2.0	90.0	4	3370.096721326582	3370.3126006940856
3370.3770000659256	0.5259193380875331	trials	191023SL	p11	Z08115	152	1.0	90.0	8	3370.5270000659257	3370.752919404013
3370.807318805151	0.5058393969197823	trials	191023SL	p11	Z08115	69	8.0	180.0	4	3370.9573188051513	3371.163158202071
3371.2175576032087	0.5158793675036577	trials	191023SL	p11	Z08115	356	10.0	315.0	12	3371.3675576032088	3371.5834369707122
3375.2802657000398	0.5258793382054137	trials	191023SL	p11	Z08115	207	11.0	225.0	8	3375.43026570004	3375.656145038245
3375.7105444393833	0.5258793382054137	trials	191023SL	p11	Z08115	55	9.0	135.0	4	3375.8605444393834	3376.0864237775886
3376.1508231494277	0.5158793675041125	trials	191023SL	p11	Z08115	286	0.0	135.0	12	3376.3008231494277	3376.5167025169317
3376.581101888771	0.5259193380879879	trials	191023SL	p11	Z08115	78	2.0	225.0	4	3376.7311018887713	3376.957021226859
3377.021420598699	0.5158793675036577	trials	191023SL	p11	Z08115	226	0.0	315.0	8	3377.171420598699	3377.3872999662026
3377.4516993380416	0.5258793382054137	trials	191023SL	p11	Z08115	306	5.0	180.0	12	3377.6016993380417	3377.827578676247
3381.0240488715554	0.5158793675036577	trials	191023SL	p11	Z08115	133	12.0	0.0	8	3381.1740488715554	3381.389928239059
3381.444327640197	0.5258793382049589	trials	191023SL	p11	Z08115	82	6.0	225.0	4	3381.594327640197	3381.820206978402
3381.884606350242	0.5259193380879879	trials	191023SL	p11	Z08115	292	6.0	135.0	12	3382.034606350242	3382.26052568833
3382.314885089585	0.5259193380879879	trials	191023SL	p11	Z08115	0			0	3382.464885089585	3382.690804427673
3382.7552037995124	0.5258793382054137	trials	191023SL	p11	Z08115	74	13.0	180.0	4	3382.9052037995125	3383.1310831377177
3383.2154824509603	0.5259193380879879	trials	191023SL	p11	Z08115	54	8.0	135.0	4	3383.3654824509604	3383.591401789048
3400.927190558122	0.4958794261010553	trials	191023SL	p11	Z08115	38	7.0	90.0	4	3401.0771905581223	3401.273069984223
3401.3574692974657	0.5058793968019017	trials	191023SL	p11	Z08115	203	7.0	225.0	8	3401.507469297466	3401.7133486942676
3401.797788007393	0.49583942621802635	trials	191023SL	p11	Z08115	344	13.0	270.0	12	3401.9477880073932	3402.143627433611
3402.228066746736	0.5058793968028112	trials	191023SL	p11	Z08115	323	7.0	225.0	12	3402.3780667467363	3402.583946143539
3402.6683454567815	0.4958794261001458	trials	191023SL	p11	Z08115	227	1.0	315.0	8	3402.8183454567816	3403.0142248828815
3403.0986241961245	0.5359193087892891	trials	191023SL	p11	Z08115	155	4.0	90.0	8	3403.2486241961246	3403.4845435049137
3405.5602569838834	0.5158793675036577	trials	191023SL	p11	Z08115	251	10.0	0.0	12	3405.7102569838835	3405.926136351387
3405.980535752525	0.5058793968019017	trials	191023SL	p11	Z08115	242	1.0	0.0	12	3406.1305357525252	3406.336415149327
3406.410814491868	0.5359193087892891	trials	191023SL	p11	Z08115	234	8.0	315.0	8	3406.5608144918683	3406.7967338006574
3406.8511332017956	0.5258793382054137	trials	191023SL	p11	Z08115	230	4.0	315.0	8	3407.0011332017957	3407.227012540001
3407.2914119118404	0.5258793382049589	trials	191023SL	p11	Z08115	333	2.0	270.0	12	3407.4414119118405	3407.6672912500453
3407.7216906511835	0.5258793382054137	trials	191023SL	p11	Z08115	277	6.0	90.0	12	3407.8716906511836	3408.097569989389
3428.0451111063926	0.5259193380879879	trials	191023SL	p11	Z08115	196	0.0	225.0	8	3428.1951111063927	3428.4210304444805
3428.4753898457357	0.5259193380884426	trials	191023SL	p11	Z08115	326	10.0	225.0	12	3428.6253898457358	3428.851309183824
3428.915708555663	0.5258793382054137	trials	191023SL	p11	Z08115	71	10.0	180.0	4	3429.065708555663	3429.2915878938684
3429.3459872950066	0.5258793382049589	trials	191023SL	p11	Z08115	284	13.0	90.0	12	3429.4959872950067	3429.7218666332114
3429.786266005051	0.5158793675036577	trials	191023SL	p11	Z08115	252	11.0	0.0	12	3429.936266005051	3430.1521453725545
3430.226544715096	0.5058793968019017	trials	191023SL	p11	Z08115	132	11.0	0.0	8	3430.3765447150963	3430.582424111898
3434.049093515561	0.5258793382045042	trials	191023SL	p11	Z08115	56	10.0	135.0	4	3434.199093515561	3434.424972853765
3484.2923063099456	0.5158793675036577	trials	191023SL	p11	Z08115	186	5.0	180.0	8	3484.4423063099457	3484.658185677449
3634.396962978056	0.5259193948650136	trials	191023SL	p11	Z08115	312	11.0	180.0	12	3634.546962978056	3634.772882372921
3636.8385964380323	0.5258793949719802	trials	191023SL	p11	Z08115	262	6.0	45.0	12	3636.9885964380323	3637.214475833004
3637.298875205155	0.5058794485426006	trials	191023SL	p11	Z08115	237	11.0	315.0	8	3637.448875205155	3637.6547546536976
3639.6504689063063	0.505839448650022	trials	191023SL	p11	Z08115	335	4.0	270.0	12	3639.8004689063064	3640.006308354956
3640.060707807463	0.5259193948650136	trials	191023SL	p11	Z08115	236	10.0	315.0	8	3640.210707807463	3640.436627202328
3640.500986628157	0.5259193948650136	trials	191023SL	p11	Z08115	349	3.0	315.0	12	3640.650986628157	3640.876906023022
3640.9313054755285	0.5058794485430553	trials	191023SL	p11	Z08115	281	10.0	90.0	12	3641.0813054755286	3641.2871849240714
3641.3615843230077	0.5058794485426006	trials	191023SL	p11	Z08115	150	14.0	45.0	8	3641.511584323008	3641.7174637715502
3641.801863143701	0.5259193948650136	trials	191023SL	p11	Z08115	187	6.0	180.0	8	3641.9518631437013	3642.177782538566
3645.3942535213237	0.5158794217572904	trials	191023SL	p11	Z08115	290	4.0	135.0	12	3645.5442535213238	3645.760132943081
3645.814532395588	0.5358793681871248	trials	191023SL	p11	Z08115	87	11.0	225.0	4	3645.964532395588	3646.200411763775
3646.264811189496	0.5259193948650136	trials	191023SL	p11	Z08115	211	0.0	270.0	8	3646.414811189496	3646.640730584361
3646.70509001019	0.5259193948650136	trials	191023SL	p11	Z08115	110	4.0	315.0	4	3646.85509001019	3647.081009405055
3647.1354088575613	0.525879394972435	trials	191023SL	p11	Z08115	317	1.0	225.0	12	3647.2854088575614	3647.5112882525336
3647.5756876782552	0.5258793949719802	trials	191023SL	p11	Z08115	120	14.0	315.0	4	3647.7256876782553	3647.951567073227
3651.128038163126	0.5158794217577451	trials	191023SL	p11	Z08115	322	6.0	225.0	12	3651.278038163126	3651.4939175848835
3654.009950443796	0.5158794217572904	trials	191023SL	p11	Z08115	28	12.0	45.0	4	3654.159950443796	3654.375829865553
3654.4402292912746	0.53587936818667	trials	191023SL	p11	Z08115	95	4.0	270.0	4	3654.5902292912747	3654.826108659461
3654.880508111968	0.5259193948650136	trials	191023SL	p11	Z08115	293	7.0	135.0	12	3655.030508111968	3655.256427506833
3655.3208269325546	0.5158794217577451	trials	191023SL	p11	Z08115	58	12.0	135.0	4	3655.4708269325547	3655.6867063543123
3655.7511057800334	0.525879394972435	trials	191023SL	p11	Z08115	162	11.0	90.0	8	3655.9011057800335	3656.1269851750058
3658.032579669004	0.5159194216507785	trials	191023SL	p11	Z08115	29	13.0	45.0	4	3658.182579669004	3658.3984990906547
3658.49289843602	0.5259193948650136	trials	191023SL	p11	Z08115	59	13.0	135.0	4	3658.64289843602	3658.868817830885
3658.9332172566064	0.5258793949719802	trials	191023SL	p11	Z08115	246	5.0	0.0	12	3659.0832172566065	3659.3090966515783
3659.3734960773	0.5058794485430553	trials	191023SL	p11	Z08115	98	7.0	270.0	4	3659.5234960773	3659.729375525843
3659.8137748979934	0.4958794753283655	trials	191023SL	p11	Z08115	333	2.0	270.0	12	3659.9637748979935	3660.1596543733217
3660.2440537454722	0.5259193948650136	trials	191023SL	p11	Z08115	64	3.0	180.0	4	3660.3940537454723	3660.619973140337
3663.916483908705	0.5259193948650136	trials	191023SL	p11	Z08115	135	14.0	0.0	8	3664.066483908705	3664.2924033035697
3664.3468027560766	0.5258793949719802	trials	191023SL	p11	Z08115	153	2.0	90.0	8	3664.4968027560767	3664.7226821510485
3664.78708157677	0.5258793949719802	trials	191023SL	p11	Z08115	12	11.0	0.0	4	3664.93708157677	3665.162960971742
3665.2273603974636	0.5058794485430553	trials	191023SL	p11	Z08115	126	5.0	0.0	8	3665.3773603974637	3665.5832398460066
3676.304690726341	0.4958794753283655	trials	191023SL	p11	Z08115	131	10.0	0.0	8	3676.454690726341	3676.6505702016693
3676.73496957382	0.5058794485430553	trials	191023SL	p11	Z08115	178	12.0	135.0	8	3676.88496957382	3677.090849022363
3677.1752483945133	0.4958794753283655	trials	191023SL	p11	Z08115	356	10.0	315.0	12	3677.3252483945134	3677.5211278698416
3677.6055272419926	0.5058794485426006	trials	191023SL	p11	Z08115	5	4.0	0.0	4	3677.7555272419927	3677.961406690535
3678.0358460893644	0.5058794485426006	trials	191023SL	p11	Z08115	353	7.0	315.0	12	3678.1858460893645	3678.391725537907
3678.476124910058	0.4958794753283655	trials	191023SL	p11	Z08115	181	0.0	180.0	8	3678.626124910058	3678.822004385386
3680.9777582093216	0.5259193948650136	trials	191023SL	p11	Z08115	13	12.0	0.0	4	3681.1277582093217	3681.3536776041865
3681.4380769763375	0.4958794753283655	trials	191023SL	p11	Z08115	0			0	3681.5880769763376	3681.7839564516657
3681.8683558238163	0.5359193680797034	trials	191023SL	p11	Z08115	81	5.0	225.0	4	3682.0183558238164	3682.254275191896
3682.3186746176175	0.5158794217572904	trials	191023SL	p11	Z08115	345	14.0	270.0	12	3682.4686746176176	3682.6845540393747
3682.7489534650963	0.5158794217577451	trials	191023SL	p11	Z08115	258	2.0	45.0	12	3682.8989534650964	3683.114832886854
3683.179232312575	0.525879394972435	trials	191023SL	p11	Z08115	33	2.0	90.0	4	3683.329232312575	3683.5551117075474
3688.8830170347337	0.525879394972435	trials	191023SL	p11	Z08115	102	11.0	270.0	4	3689.033017034734	3689.258896429706
3689.323295855427	0.5158794217577451	trials	191023SL	p11	Z08115	114	8.0	315.0	4	3689.4732958554273	3689.689175277185
3689.7535747029065	0.5258793949719802	trials	191023SL	p11	Z08115	107	1.0	315.0	4	3689.9035747029066	3690.1294540978784
3690.1838535503853	0.5359193680797034	trials	191023SL	p11	Z08115	134	13.0	0.0	8	3690.3338535503854	3690.569772918465
3690.6541722906154	0.4958794753283655	trials	191023SL	p11	Z08115	2	1.0	0.0	4	3690.8041722906155	3691.0000517659437
3691.0844511380947	0.5058794485426006	trials	191023SL	p11	Z08115	67	6.0	180.0	4	3691.2344511380948	3691.440330586637
3694.696841462146	0.5158794217577451	trials	191023SL	p11	Z08115	201	5.0	225.0	8	3694.846841462146	3695.0627208839037
3695.1271203096253	0.5158794217572904	trials	191023SL	p11	Z08115	350	4.0	315.0	12	3695.2771203096254	3695.4929997313825
3695.557439156997	0.5258793949719802	trials	191023SL	p11	Z08115	111	5.0	315.0	4	3695.707439156997	3695.933318551969
3695.987718004476	0.5258793949719802	trials	191023SL	p11	Z08115	159	8.0	90.0	8	3696.137718004476	3696.363597399448
3696.4279968251694	0.5258793949719802	trials	191023SL	p11	Z08115	232	6.0	315.0	8	3696.5779968251695	3696.8038762201413
3696.8582756726482	0.525879394972435	trials	191023SL	p11	Z08115	52	6.0	135.0	4	3697.0082756726483	3697.2341550676206
3731.241023576927	0.5158794217572904	trials	191023SL	p11	Z08115	164	13.0	90.0	8	3731.391023576927	3731.6069029986843
3733.982816232913	0.5259193948650136	trials	191023SL	p11	Z08115	191	10.0	180.0	8	3734.1328162329132	3734.358735627778
3777.5516195319333	0.5259193948650136	trials	191023SL	p11	Z08115	276	5.0	90.0	12	3777.7016195319334	3777.927538926798
3777.981938379305	0.525879394972435	trials	191023SL	p11	Z08115	182	1.0	180.0	8	3778.131938379305	3778.3578177742775
3790.320065331083	0.5158794217572904	trials	191023SL	p11	Z08115	311	10.0	180.0	12	3790.470065331083	3790.68594475284
3790.740344205347	0.5259193948650136	trials	191023SL	p11	Z08115	316	0.0	225.0	12	3790.890344205347	3791.116263600212
3791.1806630259334	0.5258793949719802	trials	191023SL	p11	Z08115	291	5.0	135.0	12	3791.3306630259335	3791.5565424209053
3791.620941846627	0.5158794217577451	trials	191023SL	p11	Z08115	165	14.0	90.0	8	3791.770941846627	3791.9868212683846
3795.1632523583908	0.5259193948650136	trials	191023SL	p11	Z08115	212	1.0	270.0	8	3795.313252358391	3795.5391717532557
3795.593571205762	0.525879394972435	trials	191023SL	p11	Z08115	224	13.0	270.0	8	3795.7435712057622	3795.9694506007345
3796.033850026456	0.5258793949719802	trials	191023SL	p11	Z08115	172	6.0	135.0	8	3796.183850026456	3796.409729421428
3796.464128873935	0.5158794217577451	trials	191023SL	p11	Z08115	190	9.0	180.0	8	3796.614128873935	3796.8300082956926
