onset	duration	nwb_table	ses_ID	pen_ID	sub_ID	cond_ID	stim_ID	rotation	luminance	pdOnTS	pdOffTS
1467.582238405195	0.5160810146312542	trials	190726SL	p05	Z08115	165	14.0	90.0	8	1467.7322384051952	1467.9483194198262
1468.042560566686	0.5260810615875471	trials	190726SL	p05	Z08115	240	14.0	315.0	8	1468.192560566686	1468.4186416282735
1468.4828426340764	0.5261210617752567	trials	190726SL	p05	Z08115	142	6.0	45.0	8	1468.6328426340765	1468.8589636958516
1468.933164748611	0.5260810615875471	trials	190726SL	p05	Z08115	172	6.0	135.0	8	1469.0831647486111	1469.3092458101985
1469.393486910102	0.5360811085436126	trials	190726SL	p05	Z08115	253	12.0	0.0	12	1469.543486910102	1469.7795680186455
1469.8637691183612	0.5260810615873197	trials	190726SL	p05	Z08115	17	1.0	45.0	4	1470.0137691183613	1470.2398501799485
1470.3140912328959	0.5260810615873197	trials	190726SL	p05	Z08115	41	10.0	90.0	4	1470.464091232896	1470.690172294483
1470.7643733472426	0.5361211087315496	trials	190726SL	p05	Z08115	100	9.0	270.0	4	1470.9143733472426	1471.150494455974
1474.2367096519606	0.5260810615875471	trials	190726SL	p05	Z08115	286	0.0	135.0	12	1474.3867096519607	1474.612790713548
1474.6970318134515	0.5260810615873197	trials	190726SL	p05	Z08115	95	4.0	270.0	4	1474.8470318134516	1475.0731128750388
1475.1673540218985	0.5260810615875471	trials	190726SL	p05	Z08115	345	14.0	270.0	12	1475.3173540218986	1475.543435083486
1475.6176361362454	0.5260810615873197	trials	190726SL	p05	Z08115	122	1.0	0.0	8	1475.7676361362455	1475.9937171978327
1477.919166943324	0.5160810146310268	trials	190726SL	p05	Z08115	127	6.0	0.0	8	1478.069166943324	1478.2852479579549
1478.3594890109023	0.5260810615873197	trials	190726SL	p05	Z08115	54	8.0	135.0	4	1478.5094890109024	1478.7355700724895
1478.809771125249	0.5260810615873197	trials	190726SL	p05	Z08115	214	3.0	270.0	8	1478.959771125249	1479.1858521868362
1479.2600932397836	0.5360811085436126	trials	190726SL	p05	Z08115	33	2.0	90.0	4	1479.4100932397837	1479.6461743483271
1479.7303754480429	0.5261210617752567	trials	190726SL	p05	Z08115	31	0.0	90.0	4	1479.880375448043	1480.106496509818
1480.1806975625773	0.53608110854384	trials	190726SL	p05	Z08115	327	11.0	225.0	12	1480.3306975625774	1480.566778671121
1480.6309796769242	0.5361211087315496	trials	190726SL	p05	Z08115	0			0	1480.7809796769243	1481.0171007856557
1481.091301838415	0.5260810615875471	trials	190726SL	p05	Z08115	246	5.0	0.0	12	1481.241301838415	1481.4673829000023
1484.5936382840018	0.5160810146312542	trials	190726SL	p05	Z08115	36	5.0	90.0	4	1484.743638284002	1484.959719298633
1485.0339603515802	0.5060409674872517	trials	190726SL	p05	Z08115	74	13.0	180.0	4	1485.1839603515803	1485.3900013190673
1485.4642423720145	0.5360811085436126	trials	190726SL	p05	Z08115	147	11.0	45.0	8	1485.6142423720146	1485.850323480558
1485.904524439405	0.5260810615875471	trials	190726SL	p05	Z08115	115	9.0	315.0	4	1486.054524439405	1486.2806055009924
1486.374846647852	0.5260810615873197	trials	190726SL	p05	Z08115	337	6.0	270.0	12	1486.5248466478522	1486.7509277094393
1486.8251287621988	0.5261210617752567	trials	190726SL	p05	Z08115	222	11.0	270.0	8	1486.975128762199	1487.201249823974
1487.2754508767334	0.5260810615873197	trials	190726SL	p05	Z08115	197	1.0	225.0	8	1487.4254508767335	1487.6515319383207
1487.7257329910801	0.5261210617752567	trials	190726SL	p05	Z08115	320	4.0	225.0	12	1487.8757329910802	1488.1018540528553
1491.2080693427545	0.5060809676749614	trials	190726SL	p05	Z08115	55	9.0	135.0	4	1491.3580693427546	1491.5641503104293
1491.6383913633765	0.5260810615875471	trials	190726SL	p05	Z08115	335	4.0	270.0	12	1491.7883913633766	1492.014472424964
1492.1086735716358	0.5260810615875471	trials	190726SL	p05	Z08115	32	1.0	90.0	4	1492.2586735716359	1492.4847546332232
1492.5589956861704	0.5260810615873197	trials	190726SL	p05	Z08115	7	6.0	0.0	4	1492.7089956861705	1492.9350767477576
1493.009277800517	0.5260810615875471	trials	190726SL	p05	Z08115	213	2.0	270.0	8	1493.1592778005172	1493.3853588621046
1493.4595999150517	0.5360811085436126	trials	190726SL	p05	Z08115	218	7.0	270.0	8	1493.6095999150518	1493.8456810235953
1493.9098820293984	0.5361211087315496	trials	190726SL	p05	Z08115	238	12.0	315.0	8	1494.0598820293985	1494.29600313813
1494.3702041908894	0.5260810615873197	trials	190726SL	p05	Z08115	151	0.0	90.0	8	1494.5202041908894	1494.7462852524766
1497.8525405425637	0.5060409674870243	trials	190726SL	p05	Z08115	331	0.0	270.0	12	1498.0025405425638	1498.2085815100506
1500.314192101506	0.49604092053073146	trials	190726SL	p05	Z08115	313	12.0	180.0	12	1500.4641921015061	1500.6602330220367
1500.734474074984	0.5360811085436126	trials	190726SL	p05	Z08115	133	12.0	0.0	8	1500.8844740749842	1501.1205551835276
1501.1747561423745	0.5260810615873197	trials	190726SL	p05	Z08115	8	7.0	0.0	4	1501.3247561423746	1501.5508372039617
1501.6150382097649	0.5260810615875471	trials	190726SL	p05	Z08115	182	1.0	180.0	8	1501.765038209765	1501.9911192713523
1502.0553602773432	0.53608110854384	trials	190726SL	p05	Z08115	63	2.0	180.0	4	1502.2053602773433	1502.441441385887
1502.4956423447338	0.5260810615873197	trials	190726SL	p05	Z08115	19	3.0	45.0	4	1502.645642344734	1502.871723406321
1502.9459644592682	0.5260810615875471	trials	190726SL	p05	Z08115	269	13.0	45.0	12	1503.0959644592683	1503.3220455208557
1503.4162466675275	0.5260810615875471	trials	190726SL	p05	Z08115	116	10.0	315.0	4	1503.5662466675276	1503.792327729115
1506.7585023614386	0.5160810146312542	trials	190726SL	p05	Z08115	249	8.0	0.0	12	1506.9085023614387	1507.1245833760697
1507.1987844288292	0.5260810615873197	trials	190726SL	p05	Z08115	188	7.0	180.0	8	1507.3487844288293	1507.5748654904164
1507.6290664492633	0.5261210617752567	trials	190726SL	p05	Z08115	258	2.0	45.0	12	1507.7790664492634	1508.0051875110385
1508.079388563798	0.5260810615873197	trials	190726SL	p05	Z08115	316	0.0	225.0	12	1508.229388563798	1508.4554696253851
1508.5296706781446	0.5261210617752567	trials	190726SL	p05	Z08115	268	12.0	45.0	12	1508.6796706781447	1508.9057917399198
1508.9799927926792	0.5360811085436126	trials	190726SL	p05	Z08115	299	13.0	135.0	12	1509.1299927926793	1509.3660739012228
1509.4202748600696	0.5260810615875471	trials	190726SL	p05	Z08115	117	11.0	315.0	4	1509.5702748600697	1509.796355921657
1509.8705969746043	0.5260810615873197	trials	190726SL	p05	Z08115	314	13.0	180.0	12	1510.0205969746044	1510.2466780361915
1513.3328932321783	0.5060809676749614	trials	190726SL	p05	Z08115	329	13.0	225.0	12	1513.4828932321784	1513.6889741998532
1513.7632152528004	0.5160410144433172	trials	190726SL	p05	Z08115	130	9.0	0.0	8	1513.9132152528005	1514.1292562672436
1514.2034973201908	0.5260810615875471	trials	190726SL	p05	Z08115	125	4.0	0.0	8	1514.3534973201909	1514.5795783817782
1514.673819528638	0.5260810615873197	trials	190726SL	p05	Z08115	2	1.0	0.0	4	1514.823819528638	1515.0499005902252
1515.134101689941	0.5360811085436126	trials	190726SL	p05	Z08115	91	0.0	270.0	4	1515.284101689941	1515.5201827984845
1515.5944238514319	0.5260810615873197	trials	190726SL	p05	Z08115	46	0.0	135.0	4	1515.744423851432	1515.970504913019
1516.0547460129226	0.53608110854384	trials	190726SL	p05	Z08115	292	6.0	135.0	12	1516.2047460129227	1516.4408271214663
1516.5050281272693	0.53608110854384	trials	190726SL	p05	Z08115	25	9.0	45.0	4	1516.6550281272694	1516.891109235813
1519.8472838211806	0.5160410144433172	trials	190726SL	p05	Z08115	225	14.0	270.0	8	1519.9972838211806	1520.2133248356238
1520.287565888571	0.5260810615873197	trials	190726SL	p05	Z08115	152	1.0	90.0	8	1520.437565888571	1520.6636469501582
1524.7805869860213	0.5360811085436126	trials	190726SL	p05	Z08115	109	3.0	315.0	4	1524.9305869860214	1525.1666680945648
1525.2408691473242	0.5260810615875471	trials	190726SL	p05	Z08115	71	10.0	180.0	4	1525.3908691473243	1525.6169502089117
1525.7111913557715	0.5260810615873197	trials	190726SL	p05	Z08115	92	1.0	270.0	4	1525.8611913557716	1526.0872724173587
1526.1615134703059	0.5260810615875471	trials	190726SL	p05	Z08115	279	8.0	90.0	12	1526.311513470306	1526.5375945318933
1526.6117955846528	0.5260810615873197	trials	190726SL	p05	Z08115	271	0.0	90.0	12	1526.7617955846529	1526.98787664624
1527.0621176991872	0.5260810615875471	trials	190726SL	p05	Z08115	287	1.0	135.0	12	1527.2121176991873	1527.4381987607746
1527.512399813534	0.5260810615873197	trials	190726SL	p05	Z08115	56	10.0	135.0	4	1527.6623998135342	1527.8884808751213
1527.9627219280685	0.53608110854384	trials	190726SL	p05	Z08115	230	4.0	315.0	8	1528.1127219280686	1528.3488030366123
1531.1948571048972	0.5160810146312542	trials	190726SL	p05	Z08115	159	8.0	90.0	8	1531.3448571048973	1531.5609381195284
1531.6251791255193	0.53608110854384	trials	190726SL	p05	Z08115	1	0.0	0.0	4	1531.7751791255193	1532.011260234063
1532.0854612868222	0.5260810615875471	trials	190726SL	p05	Z08115	295	9.0	135.0	12	1532.2354612868223	1532.4615423484097
1532.5357834013569	0.5260810615875471	trials	190726SL	p05	Z08115	190	9.0	180.0	8	1532.685783401357	1532.9118644629443
1532.9860655157036	0.5260810615875471	trials	190726SL	p05	Z08115	158	7.0	90.0	8	1533.1360655157036	1533.362146577291
1533.4363876302382	0.5260810615873197	trials	190726SL	p05	Z08115	42	11.0	90.0	4	1533.5863876302383	1533.8124686918254
1533.8866697445849	0.5260810615875471	trials	190726SL	p05	Z08115	124	3.0	0.0	8	1534.036669744585	1534.2627508061723
1534.3369918591195	0.5260810615875471	trials	190726SL	p05	Z08115	284	13.0	90.0	12	1534.4869918591196	1534.713072920707
1537.8193282107939	0.5060409674872517	trials	190726SL	p05	Z08115	338	7.0	270.0	12	1537.969328210794	1538.175369178281
1538.2496102312282	0.5260810615873197	trials	190726SL	p05	Z08115	340	9.0	270.0	12	1538.3996102312283	1538.6256912928154
1538.6998923455749	0.5360811085436126	trials	190726SL	p05	Z08115	131	10.0	0.0	8	1538.849892345575	1539.0859734541184
1539.1502144601095	0.5360811085436126	trials	190726SL	p05	Z08115	154	3.0	90.0	8	1539.3002144601096	1539.536295568653
1539.6204966683688	0.5261210617752567	trials	190726SL	p05	Z08115	289	3.0	135.0	12	1539.7704966683689	1539.996617730144
1540.0708187829034	0.5360811085436126	trials	190726SL	p05	Z08115	14	13.0	0.0	4	1540.2208187829035	1540.456899891447
1540.531140944394	0.5260810615875471	trials	190726SL	p05	Z08115	111	5.0	315.0	4	1540.6811409443942	1540.9072220059816
1540.9814230587408	0.5260810615875471	trials	190726SL	p05	Z08115	84	8.0	225.0	4	1541.131423058741	1541.3575041203283
1544.363678940477	0.5060809676749614	trials	190726SL	p05	Z08115	290	4.0	135.0	12	1544.5136789404771	1544.719759908152
1546.7052499355684	0.5060809676749614	trials	190726SL	p05	Z08115	101	10.0	270.0	4	1546.8552499355685	1547.0613309032433
1547.1255319090465	0.5360811085436126	trials	190726SL	p05	Z08115	5	4.0	0.0	4	1547.2755319090465	1547.51161301759
1547.5858540705372	0.5260810615875471	trials	190726SL	p05	Z08115	21	5.0	45.0	4	1547.7358540705372	1547.9619351321246
1548.0561762789844	0.5260810615873197	trials	190726SL	p05	Z08115	83	7.0	225.0	4	1548.2061762789845	1548.4322573405716
1548.506458393331	0.5260810615875471	trials	190726SL	p05	Z08115	293	7.0	135.0	12	1548.6564583933311	1548.8825394549185
1548.9767806017783	0.5260810615873197	trials	190726SL	p05	Z08115	343	12.0	270.0	12	1549.1267806017784	1549.3528616633655
1549.4271027163127	0.5260810615875471	trials	190726SL	p05	Z08115	322	6.0	225.0	12	1549.5771027163128	1549.8031837779001
1549.8773848306596	0.5260810615873197	trials	190726SL	p05	Z08115	177	11.0	135.0	8	1550.0273848306597	1550.2534658922468
1555.7613324593508	0.5160810146312542	trials	190726SL	p05	Z08115	166	0.0	135.0	8	1555.911332459351	1556.127413473982
1560.2743536507137	0.5160810146310268	trials	190726SL	p05	Z08115	13	12.0	0.0	4	1560.4243536507138	1560.6404346653446
1562.4758439880418	0.5260810615873197	trials	190726SL	p05	Z08115	123	2.0	0.0	8	1562.6258439880419	1562.851925049629
1562.9261261023885	0.5260810615873197	trials	190726SL	p05	Z08115	204	8.0	225.0	8	1563.0761261023886	1563.3022071639757
1563.3864482638792	0.53608110854384	trials	190726SL	p05	Z08115	285	14.0	90.0	12	1563.5364482638793	1563.772529372423
1563.8567704723264	0.5260810615873197	trials	190726SL	p05	Z08115	79	3.0	225.0	4	1564.0067704723265	1564.2328515339136
1564.2970525397168	0.5260810615875471	trials	190726SL	p05	Z08115	126	5.0	0.0	8	1564.4470525397169	1564.6731336013042
1564.7473346540637	0.5260810615873197	trials	190726SL	p05	Z08115	193	12.0	180.0	8	1564.8973346540638	1565.123415715651
1565.2076568155544	0.53608110854384	trials	190726SL	p05	Z08115	227	1.0	315.0	8	1565.3576568155545	1565.5937379240981
1565.6679789770453	0.5260810615873197	trials	190726SL	p05	Z08115	354	8.0	315.0	12	1565.8179789770454	1566.0440600386326
1569.040234811825	0.49604092053095883	trials	190726SL	p05	Z08115	257	1.0	45.0	12	1569.1902348118251	1569.386275732356
1569.460516785303	0.5260810615875471	trials	190726SL	p05	Z08115	273	2.0	90.0	12	1569.6105167853032	1569.8365978468905
1569.9107988996498	0.5260810615875471	trials	190726SL	p05	Z08115	52	6.0	135.0	4	1570.0607988996499	1570.2868799612372
1570.3611210141844	0.5260810615875471	trials	190726SL	p05	Z08115	132	11.0	0.0	8	1570.5111210141845	1570.7372020757718
1570.8314432226316	0.5260810615873197	trials	190726SL	p05	Z08115	301	0.0	180.0	12	1570.9814432226317	1571.2075242842188
1571.2817253369783	0.5260810615873197	trials	190726SL	p05	Z08115	334	3.0	270.0	12	1571.4317253369784	1571.6578063985655
1571.732047451513	0.5260810615873197	trials	190726SL	p05	Z08115	82	6.0	225.0	4	1571.882047451513	1572.1081285131002
1572.1823295658596	0.5360811085436126	trials	190726SL	p05	Z08115	317	1.0	225.0	12	1572.3323295658597	1572.5684106744031
1575.6946660584028	0.4960809207186685	trials	190726SL	p05	Z08115	90	14.0	225.0	4	1575.844666058403	1576.0407469791214
1578.1663576644892	0.5060409674870243	trials	190726SL	p05	Z08115	134	13.0	0.0	8	1578.3163576644893	1578.522398631976
1578.6066397318796	0.5260810615875471	trials	190726SL	p05	Z08115	118	12.0	315.0	4	1578.7566397318797	1578.982720793467
1579.0569618464142	0.53608110854384	trials	190726SL	p05	Z08115	250	9.0	0.0	12	1579.2069618464143	1579.443042954958
1579.4972439138046	0.5260810615875471	trials	190726SL	p05	Z08115	239	13.0	315.0	8	1579.6472439138047	1579.873324975392
1582.0489358955413	0.5160810146310268	trials	190726SL	p05	Z08115	270	14.0	45.0	12	1582.1989358955414	1582.4150169101722
1582.4892179629317	0.5260810615875471	trials	190726SL	p05	Z08115	212	1.0	270.0	8	1582.6392179629318	1582.8652990245191
1582.9595401713789	0.5260810615873197	trials	190726SL	p05	Z08115	194	13.0	180.0	8	1583.109540171379	1583.335621232966
1583.4298623798259	0.5260810615875471	trials	190726SL	p05	Z08115	304	3.0	180.0	12	1583.579862379826	1583.8059434414133
1583.8601444002602	0.5260810615873197	trials	190726SL	p05	Z08115	342	11.0	270.0	12	1584.0101444002603	1584.2362254618474
1584.3104665147946	0.5260810615875471	trials	190726SL	p05	Z08115	175	9.0	135.0	8	1584.4604665147947	1584.686547576382
1584.7607486291413	0.53608110854384	trials	190726SL	p05	Z08115	356	10.0	315.0	12	1584.9107486291414	1585.146829737685
1585.211070743676	0.53608110854384	trials	190726SL	p05	Z08115	77	1.0	225.0	4	1585.361070743676	1585.5971518522197
1588.67336700125	0.5060809676749614	trials	190726SL	p05	Z08115	10	9.0	0.0	4	1588.82336700125	1589.0294479689248
1589.1136490686406	0.5261210617752567	trials	190726SL	p05	Z08115	234	8.0	315.0	8	1589.2636490686407	1589.4897701304158
1589.563971183175	0.5260810615875471	trials	190726SL	p05	Z08115	315	14.0	180.0	12	1589.713971183175	1589.9400522447625
1590.0342933916222	0.5260810615875471	trials	190726SL	p05	Z08115	333	2.0	270.0	12	1590.1842933916223	1590.4103744532097
1590.5046156000694	0.5260810615873197	trials	190726SL	p05	Z08115	174	8.0	135.0	8	1590.6546156000695	1590.8806966616567
1590.9548977144161	0.5260810615873197	trials	190726SL	p05	Z08115	318	2.0	225.0	12	1591.1048977144162	1591.3309787760033
1591.4052198289505	0.5260810615875471	trials	190726SL	p05	Z08115	241	0.0	0.0	12	1591.5552198289506	1591.781300890538
1591.8555019432974	0.5260810615873197	trials	190726SL	p05	Z08115	220	9.0	270.0	8	1592.0055019432975	1592.2315830048847
1595.2477578719897	0.4960809207186685	trials	190726SL	p05	Z08115	47	1.0	135.0	4	1595.3977578719898	1595.5938387927083
1595.688079939568	0.5260810615873197	trials	190726SL	p05	Z08115	24	8.0	45.0	4	1595.8380799395682	1596.0641610011553
1596.148362100871	0.5361211087315496	trials	190726SL	p05	Z08115	358	12.0	315.0	12	1596.2983621008711	1596.5344832096025
1596.608684262362	0.5260810615873197	trials	190726SL	p05	Z08115	210	14.0	225.0	8	1596.758684262362	1596.9847653239492
1597.0590063768964	0.5260810615875471	trials	190726SL	p05	Z08115	98	7.0	270.0	4	1597.2090063768965	1597.4350874384838
1597.5092884912433	0.5260810615873197	trials	190726SL	p05	Z08115	224	13.0	270.0	8	1597.6592884912434	1597.8853695528305
1597.959610605778	0.5260810615873197	trials	190726SL	p05	Z08115	168	2.0	135.0	8	1598.109610605778	1598.3356916673652
1598.4098927201246	0.5260810615873197	trials	190726SL	p05	Z08115	242	1.0	0.0	12	1598.5598927201247	1598.7859737817118
1603.8235181403688	0.5160810146310268	trials	190726SL	p05	Z08115	348	2.0	315.0	12	1603.973518140369	1604.1895991549998
1604.2838403018595	0.5260810615875471	trials	190726SL	p05	Z08115	96	5.0	270.0	4	1604.4338403018596	1604.659921363447
1604.7541625103067	0.5260810615873197	trials	190726SL	p05	Z08115	248	7.0	0.0	12	1604.9041625103068	1605.130243571894
1605.2144446716097	0.5360811085436126	trials	190726SL	p05	Z08115	264	8.0	45.0	12	1605.3644446716098	1605.6005257801532
1605.6847668800567	0.5260810615875471	trials	190726SL	p05	Z08115	23	7.0	45.0	4	1605.8347668800568	1606.0608479416442
1608.3065391908628	0.5160410144433172	trials	190726SL	p05	Z08115	203	7.0	225.0	8	1608.456539190863	1608.672580205306
1608.7468212582532	0.5260810615875471	trials	190726SL	p05	Z08115	226	0.0	315.0	8	1608.8968212582533	1609.1229023198407
1609.2171434667005	0.5260810615873197	trials	190726SL	p05	Z08115	45	14.0	90.0	4	1609.3671434667006	1609.5932245282877
1609.6874656751475	0.5260810615875471	trials	190726SL	p05	Z08115	176	10.0	135.0	8	1609.8374656751475	1610.063546736735
1610.1377477894941	0.5260810615875471	trials	190726SL	p05	Z08115	302	1.0	180.0	12	1610.2877477894942	1610.5138288510816
1610.5880699040288	0.5260810615875471	trials	190726SL	p05	Z08115	30	14.0	45.0	4	1610.7380699040289	1610.9641509656162
1611.0383520183755	0.5260810615875471	trials	190726SL	p05	Z08115	303	2.0	180.0	12	1611.1883520183756	1611.414433079963
1613.970325785765	0.506080967674734	trials	190726SL	p05	Z08115	209	13.0	225.0	8	1614.120325785765	1614.3264067534396
1614.400607806199	0.5260810615875471	trials	190726SL	p05	Z08115	346	0.0	315.0	12	1614.5506078061992	1614.7766888677866
1614.8408898735897	0.5260810615873197	trials	190726SL	p05	Z08115	114	8.0	315.0	4	1614.9908898735898	1615.216970935177
1615.2912119881241	0.5260810615875471	trials	190726SL	p05	Z08115	272	1.0	90.0	12	1615.4412119881242	1615.6672930497116
1615.7414941024708	0.5260810615875471	trials	190726SL	p05	Z08115	99	8.0	270.0	4	1615.891494102471	1616.1175751640583
1618.4733469301716	0.5160410144433172	trials	190726SL	p05	Z08115	86	10.0	225.0	4	1618.6233469301717	1618.8393879446148
1618.9336290914746	0.5160810146310268	trials	190726SL	p05	Z08115	275	4.0	90.0	12	1619.0836290914747	1619.2997101061055
1623.1964891081793	0.5260810615875471	trials	190726SL	p05	Z08115	347	1.0	315.0	12	1623.3464891081794	1623.5725701697668
1623.646811222714	0.5260810615875471	trials	190726SL	p05	Z08115	29	13.0	45.0	4	1623.796811222714	1624.0228922843014
1624.1171334311612	0.5260810615873197	trials	190726SL	p05	Z08115	69	8.0	180.0	4	1624.2671334311613	1624.4932144927484
1624.5874156394204	0.5260810615873197	trials	190726SL	p05	Z08115	110	4.0	315.0	4	1624.7374156394205	1624.9634967010077
1625.0377377539548	0.5260810615875471	trials	190726SL	p05	Z08115	53	7.0	135.0	4	1625.187737753955	1625.4138188155423
1625.4880198683018	0.5260810615873197	trials	190726SL	p05	Z08115	297	11.0	135.0	12	1625.6380198683019	1625.864100929889
1625.9583420767487	0.5260810615875471	trials	190726SL	p05	Z08115	206	10.0	225.0	8	1626.1083420767488	1626.3344231383362
1626.428664285196	0.5260810615873197	trials	190726SL	p05	Z08115	119	13.0	315.0	4	1626.578664285196	1626.8047453467832
1629.6608394622124	0.5160810146312542	trials	190726SL	p05	Z08115	137	1.0	45.0	8	1629.8108394622125	1630.0269204768435
1632.0224105512164	0.5160810146312542	trials	190726SL	p05	Z08115	266	10.0	45.0	12	1632.1724105512164	1632.3884915658475
1632.4827327127073	0.5260810615873197	trials	190726SL	p05	Z08115	49	3.0	135.0	4	1632.6327327127074	1632.8588137742945
1632.933014827054	0.5260810615873197	trials	190726SL	p05	Z08115	64	3.0	180.0	4	1633.083014827054	1633.3090958886412
1633.3833369415886	0.5260810615873197	trials	190726SL	p05	Z08115	15	14.0	0.0	4	1633.5333369415887	1633.7594180031758
1633.8336190559353	0.5260810615873197	trials	190726SL	p05	Z08115	60	14.0	135.0	4	1633.9836190559354	1634.2097001175225
1634.3039412643823	0.5260810615875471	trials	190726SL	p05	Z08115	58	12.0	135.0	4	1634.4539412643824	1634.6800223259697
1634.7542233787292	0.5261210617752567	trials	190726SL	p05	Z08115	108	2.0	315.0	4	1634.9042233787293	1635.1303444405044
1635.2045454932636	0.5260810615875471	trials	190726SL	p05	Z08115	81	5.0	225.0	4	1635.3545454932637	1635.580626554851
1638.5267610930744	0.5060809676749614	trials	190726SL	p05	Z08115	136	0.0	45.0	8	1638.6767610930744	1638.8828420607492
1638.967043160465	0.5261210617750294	trials	190726SL	p05	Z08115	155	4.0	90.0	8	1639.117043160465	1639.34316422224
1639.437365368912	0.5260810615875471	trials	190726SL	p05	Z08115	105	14.0	270.0	4	1639.587365368912	1639.8134464304994
1639.907687577359	0.5260810615875471	trials	190726SL	p05	Z08115	231	5.0	315.0	8	1640.057687577359	1640.2837686389464
1640.3780097858062	0.5260810615875471	trials	190726SL	p05	Z08115	217	6.0	270.0	8	1640.5280097858063	1640.7540908473936
1640.8283319003408	0.52604106139961	trials	190726SL	p05	Z08115	349	3.0	315.0	12	1640.978331900341	1641.2043729617403
1641.2786140146875	0.5260810615875471	trials	190726SL	p05	Z08115	138	2.0	45.0	8	1641.4286140146876	1641.654695076275
1641.7289361292221	0.52604106139961	trials	190726SL	p05	Z08115	149	13.0	45.0	8	1641.8789361292222	1642.1049771906216
1645.3713532325723	0.5160810146312542	trials	190726SL	p05	Z08115	161	10.0	90.0	8	1645.5213532325724	1645.7374342472035
1650.6648980889659	0.506080967674734	trials	190726SL	p05	Z08115	27	11.0	45.0	4	1650.814898088966	1651.0209790566405
1651.1152202035003	0.5260810615875471	trials	190726SL	p05	Z08115	156	5.0	90.0	8	1651.2652202035003	1651.4913012650877
1651.565502317847	0.5260810615875471	trials	190726SL	p05	Z08115	344	13.0	270.0	12	1651.715502317847	1651.9415833794344
1651.9957843382813	0.5260810615873197	trials	190726SL	p05	Z08115	283	12.0	90.0	12	1652.1457843382814	1652.3718653998685
1652.4661065467283	0.5260810615875471	trials	190726SL	p05	Z08115	16	0.0	45.0	4	1652.6161065467284	1652.8421876083157
1652.9163886610752	0.5260810615873197	trials	190726SL	p05	Z08115	0			0	1653.0663886610753	1653.2924697226624
1653.3867108695222	0.5260810615875471	trials	190726SL	p05	Z08115	235	9.0	315.0	8	1653.5367108695223	1653.7627919311096
1653.8370329840568	0.5260810615873197	trials	190726SL	p05	Z08115	291	5.0	135.0	12	1653.987032984057	1654.213114045644
1657.7796514970341	0.5160810146312542	trials	190726SL	p05	Z08115	336	5.0	270.0	12	1657.9296514970342	1658.1457325116653
1658.2199735646125	0.5260810615875471	trials	190726SL	p05	Z08115	11	10.0	0.0	4	1658.3699735646126	1658.5960546262
1658.6702556789594	0.5260810615873197	trials	190726SL	p05	Z08115	26	10.0	45.0	4	1658.8202556789595	1659.0463367405466
1659.1205777934938	0.5260810615875471	trials	190726SL	p05	Z08115	65	4.0	180.0	4	1659.2705777934939	1659.4966588550813
1659.590900001941	0.52604106139961	trials	190726SL	p05	Z08115	76	0.0	225.0	4	1659.740900001941	1659.9669410633405
1662.0225114198265	0.5160810146312542	trials	190726SL	p05	Z08115	187	6.0	180.0	8	1662.1725114198266	1662.3885924344577
1664.234001804111	0.5160410144433172	trials	190726SL	p05	Z08115	219	8.0	270.0	8	1664.384001804111	1664.6000428185541
1664.6742838715013	0.5260810615875471	trials	190726SL	p05	Z08115	262	6.0	45.0	12	1664.8242838715014	1665.0503649330888
1665.1245659858482	0.5260810615873197	trials	190726SL	p05	Z08115	107	1.0	315.0	4	1665.2745659858483	1665.5006470474355
1665.5648880534266	0.5260810615873197	trials	190726SL	p05	Z08115	184	3.0	180.0	8	1665.7148880534266	1665.9409691150138
1666.0251702147295	0.5361211087315496	trials	190726SL	p05	Z08115	85	9.0	225.0	4	1666.1751702147296	1666.411291323461
1666.475492329264	0.53608110854384	trials	190726SL	p05	Z08115	351	5.0	315.0	12	1666.625492329264	1666.8615734378077
1666.9357744905672	0.5261210617752567	trials	190726SL	p05	Z08115	341	10.0	270.0	12	1667.0857744905672	1667.3118955523423
1667.366096511189	0.5260810615875471	trials	190726SL	p05	Z08115	93	2.0	270.0	4	1667.516096511189	1667.7421775727764
1670.9284732387014	0.5160810146312542	trials	190726SL	p05	Z08115	198	2.0	225.0	8	1671.0784732387015	1671.2945542533325
1671.368755306092	0.5260810615873197	trials	190726SL	p05	Z08115	307	6.0	180.0	12	1671.518755306092	1671.7448363676792
1671.829077467583	0.5360811085436126	trials	190726SL	p05	Z08115	294	8.0	135.0	12	1671.979077467583	1672.2151585761264
1672.2793595819296	0.5361211087315496	trials	190726SL	p05	Z08115	199	3.0	225.0	8	1672.4293595819297	1672.665480690661
1672.7496817903766	0.53608110854384	trials	190726SL	p05	Z08115	237	11.0	315.0	8	1672.8996817903767	1673.1357628989203
1673.2000039049112	0.53608110854384	trials	190726SL	p05	Z08115	40	9.0	90.0	4	1673.3500039049113	1673.586085013455
1673.6602860662142	0.5260810615875471	trials	190726SL	p05	Z08115	310	9.0	180.0	12	1673.8102860662143	1674.0363671278017
1674.1106081807488	0.5260810615873197	trials	190726SL	p05	Z08115	280	9.0	90.0	12	1674.260608180749	1674.486689242336
1677.6329447202484	0.5160810146310268	trials	190726SL	p05	Z08115	97	6.0	270.0	4	1677.7829447202485	1677.9990257348793
1678.0732667878267	0.5260810615873197	trials	190726SL	p05	Z08115	148	12.0	45.0	8	1678.2232667878268	1678.449347849414
1678.5235489021734	0.5260810615873197	trials	190726SL	p05	Z08115	196	0.0	225.0	8	1678.6735489021735	1678.8996299637606
1678.973871016708	0.5260810615873197	trials	190726SL	p05	Z08115	305	4.0	180.0	12	1679.123871016708	1679.3499520782952
1679.4241531310547	0.5260810615873197	trials	190726SL	p05	Z08115	141	5.0	45.0	8	1679.5741531310548	1679.800234192642
1679.8944753395017	0.5260810615875471	trials	190726SL	p05	Z08115	139	3.0	45.0	8	1680.0444753395018	1680.2705564010892
1680.3447974540363	0.5260810615875471	trials	190726SL	p05	Z08115	223	12.0	270.0	8	1680.4947974540364	1680.7208785156238
1680.795079568383	0.5260810615875471	trials	190726SL	p05	Z08115	48	2.0	135.0	4	1680.945079568383	1681.1711606299705
1684.257415826145	0.5160410144433172	trials	190726SL	p05	Z08115	274	3.0	90.0	12	1684.407415826145	1684.6234568405882
1684.6776977996228	0.5260810615875471	trials	190726SL	p05	Z08115	22	6.0	45.0	4	1684.827697799623	1685.0537788612103
1685.1279799139697	0.5260810615873197	trials	190726SL	p05	Z08115	215	4.0	270.0	8	1685.2779799139698	1685.504060975557
1685.5783020285044	0.5260810615873197	trials	190726SL	p05	Z08115	163	12.0	90.0	8	1685.7283020285045	1685.9543830900916
1686.028584142851	0.5360811085436126	trials	190726SL	p05	Z08115	195	14.0	180.0	8	1686.1785841428512	1686.4146652513946
1686.498906351298	0.5260810615875471	trials	190726SL	p05	Z08115	355	9.0	315.0	12	1686.6489063512981	1686.8749874128855
1686.9391884186887	0.5260810615873197	trials	190726SL	p05	Z08115	202	6.0	225.0	8	1687.0891884186888	1687.315269480276
1687.3995105801794	0.53608110854384	trials	190726SL	p05	Z08115	128	7.0	0.0	8	1687.5495105801795	1687.7855916887231
1690.9118470727226	0.53608110854384	trials	190726SL	p05	Z08115	330	14.0	225.0	12	1691.0618470727227	1691.2979281812663
1691.3521291401132	0.5261210617752567	trials	190726SL	p05	Z08115	353	7.0	315.0	12	1691.5021291401133	1691.7282502018884
1691.8224513485602	0.5260810615875471	trials	190726SL	p05	Z08115	75	14.0	180.0	4	1691.9724513485603	1692.1985324101477
1692.2827735100511	0.5360811085436126	trials	190726SL	p05	Z08115	164	13.0	90.0	8	1692.4327735100512	1692.6688546185947
1692.7430956715418	0.5260810615875471	trials	190726SL	p05	Z08115	35	4.0	90.0	4	1692.893095671542	1693.1191767331293
1693.1933777858887	0.5260810615873197	trials	190726SL	p05	Z08115	120	14.0	315.0	4	1693.3433777858888	1693.569458847476
1695.7150696267563	0.5160810146312542	trials	190726SL	p05	Z08115	185	4.0	180.0	8	1695.8650696267564	1696.0811506413875
1696.155351694147	0.5260810615873197	trials	190726SL	p05	Z08115	180	14.0	135.0	8	1696.305351694147	1696.5314327557342
1696.6056738086813	0.5260810615875471	trials	190726SL	p05	Z08115	261	5.0	45.0	12	1696.7556738086814	1696.9817548702688
1698.9672448976853	0.5260810615875471	trials	190726SL	p05	Z08115	150	14.0	45.0	8	1699.1172448976854	1699.3433259592728
1701.398856315571	0.5160810146312542	trials	190726SL	p05	Z08115	181	0.0	180.0	8	1701.5488563155711	1701.7649373302022
1703.8405077806008	0.5160810146310268	trials	190726SL	p05	Z08115	89	13.0	225.0	4	1703.9905077806009	1704.2065887952317
1704.2807898479912	0.5261210617752567	trials	190726SL	p05	Z08115	146	10.0	45.0	8	1704.4307898479913	1704.6569109097663
1704.7311119625258	0.5260810615875471	trials	190726SL	p05	Z08115	140	4.0	45.0	8	1704.881111962526	1705.1071930241133
1705.1814340770604	0.52604106139961	trials	190726SL	p05	Z08115	339	8.0	270.0	12	1705.3314340770605	1705.55747513846
1705.6317161914071	0.5260810615875471	trials	190726SL	p05	Z08115	192	11.0	180.0	8	1705.7817161914072	1706.0077972529946
1706.1020383998543	0.5260810615873197	trials	190726SL	p05	Z08115	260	4.0	45.0	12	1706.2520383998544	1706.4781194614416
1706.552320514201	0.5260810615873197	trials	190726SL	p05	Z08115	208	12.0	225.0	8	1706.7023205142011	1706.9284015757883
1707.022642722648	0.5260810615875471	trials	190726SL	p05	Z08115	87	11.0	225.0	4	1707.172642722648	1707.3987237842355
1710.4449387923971	0.5160810146310268	trials	190726SL	p05	Z08115	129	8.0	0.0	8	1710.5949387923972	1710.811019807028
1710.905260953888	0.5260810615873197	trials	190726SL	p05	Z08115	145	9.0	45.0	8	1711.0552609538881	1711.2813420154753
1711.3555430682347	0.5260810615873197	trials	190726SL	p05	Z08115	252	11.0	0.0	12	1711.5055430682348	1711.731624129822
1711.8258652766817	0.5260810615875471	trials	190726SL	p05	Z08115	38	7.0	90.0	4	1711.9758652766818	1712.2019463382692
1712.2861474379847	0.5361211087315496	trials	190726SL	p05	Z08115	298	12.0	135.0	12	1712.4361474379848	1712.6722685467162
1712.756469646432	0.5260810615873197	trials	190726SL	p05	Z08115	170	4.0	135.0	8	1712.906469646432	1713.1325507080192
1713.2067917609666	0.5260810615873197	trials	190726SL	p05	Z08115	20	4.0	45.0	4	1713.3567917609666	1713.5828728225538
1713.6570738753132	0.5361211087315496	trials	190726SL	p05	Z08115	34	3.0	90.0	4	1713.8070738753133	1714.0431949840447
1719.3609006582283	0.4960809207186685	trials	190726SL	p05	Z08115	325	9.0	225.0	12	1719.5109006582284	1719.7069815789469
1719.8011827256187	0.5261210617752567	trials	190726SL	p05	Z08115	73	12.0	180.0	4	1719.9511827256188	1720.1773037873938
1720.2515048401533	0.5260810615873197	trials	190726SL	p05	Z08115	308	7.0	180.0	12	1720.4015048401534	1720.6275859017405
1720.701826954688	0.5260810615873197	trials	190726SL	p05	Z08115	324	8.0	225.0	12	1720.851826954688	1721.0779080162752
1721.172109162947	0.5260810615875471	trials	190726SL	p05	Z08115	169	3.0	135.0	8	1721.322109162947	1721.5481902245344
1721.6424313713942	0.5260810615873197	trials	190726SL	p05	Z08115	359	13.0	315.0	12	1721.7924313713943	1722.0185124329814
1722.0927534859288	0.5260810615873197	trials	190726SL	p05	Z08115	255	14.0	0.0	12	1722.242753485929	1722.468834547516
1722.5330355533192	0.5160810146312542	trials	190726SL	p05	Z08115	61	0.0	180.0	4	1722.6830355533193	1722.8991165679504
1726.0153719049936	0.49604092053095883	trials	190726SL	p05	Z08115	221	10.0	270.0	8	1726.1653719049937	1726.3614128255244
1726.4356538784716	0.5360811085436126	trials	190726SL	p05	Z08115	57	11.0	135.0	4	1726.5856538784717	1726.8217349870151
1726.9059760869188	0.5260810615873197	trials	190726SL	p05	Z08115	179	13.0	135.0	8	1727.055976086919	1727.282057148506
1727.3562582012655	0.53608110854384	trials	190726SL	p05	Z08115	102	11.0	270.0	4	1727.5062582012656	1727.7423393098093
1727.8065803158001	0.5360811085436126	trials	190726SL	p05	Z08115	0			0	1727.9565803158002	1728.1926614243437
1728.2668624771031	0.5260810615873197	trials	190726SL	p05	Z08115	350	4.0	315.0	12	1728.4168624771032	1728.6429435386904
1728.7171845916378	0.5260810615873197	trials	190726SL	p05	Z08115	6	5.0	0.0	4	1728.8671845916379	1729.093265653225
1729.1674667059845	0.5260810615875471	trials	190726SL	p05	Z08115	328	12.0	225.0	12	1729.3174667059845	1729.543547767572
1732.8599640444918	0.5160410144433172	trials	190726SL	p05	Z08115	357	11.0	315.0	12	1733.0099640444919	1733.226005058935
1733.3002461118822	0.5260810615873197	trials	190726SL	p05	Z08115	259	3.0	45.0	12	1733.4502461118823	1733.6763271734694
1733.750528226229	0.5261210617750294	trials	190726SL	p05	Z08115	352	6.0	315.0	12	1733.9005282262292	1734.126649288004
1734.220850434676	0.5260810615875471	trials	190726SL	p05	Z08115	51	5.0	135.0	4	1734.3708504346762	1734.5969314962636
1734.6511724552981	0.5260810615875471	trials	190726SL	p05	Z08115	211	0.0	270.0	8	1734.8011724552982	1735.0272535168856
1735.1014545696448	0.5260810615875471	trials	190726SL	p05	Z08115	254	13.0	0.0	12	1735.251454569645	1735.4775356312323
1735.5517366839917	0.5260810615873197	trials	190726SL	p05	Z08115	153	2.0	90.0	8	1735.7017366839918	1735.927817745579
1736.0020587985261	0.5360811085436126	trials	190726SL	p05	Z08115	43	12.0	90.0	4	1736.1520587985262	1736.3881399070697
1739.4743951032444	0.5060409674870243	trials	190726SL	p05	Z08115	256	0.0	45.0	12	1739.6243951032445	1739.8304360707314
1739.9146771706348	0.5360811085436126	trials	190726SL	p05	Z08115	186	5.0	180.0	8	1740.064677170635	1740.3007582791784
1740.3749993321258	0.5260810615873197	trials	190726SL	p05	Z08115	309	8.0	180.0	12	1740.5249993321258	1740.751080393713
1740.8052813525599	0.5260810615875471	trials	190726SL	p05	Z08115	311	10.0	180.0	12	1740.95528135256	1741.1813624141473
1741.2555634669066	0.5260810615875471	trials	190726SL	p05	Z08115	191	10.0	180.0	8	1741.4055634669066	1741.631644528494
1741.7058855814412	0.5260810615875471	trials	190726SL	p05	Z08115	326	10.0	225.0	12	1741.8558855814413	1742.0819666430286
1742.1762077898884	0.5260810615873197	trials	190726SL	p05	Z08115	332	1.0	270.0	12	1742.3262077898885	1742.5522888514756
1742.626489904235	0.5260810615873197	trials	190726SL	p05	Z08115	3	2.0	0.0	4	1742.7764899042352	1743.0025709658223
1745.9487055040458	0.5160810146310268	trials	190726SL	p05	Z08115	276	5.0	90.0	12	1746.098705504046	1746.3147865186768
1746.379027524668	0.5260810615873197	trials	190726SL	p05	Z08115	12	11.0	0.0	4	1746.529027524668	1746.7551085862551
1746.8393096859709	0.5360811085436126	trials	190726SL	p05	Z08115	162	11.0	90.0	8	1746.989309685971	1747.2253907945144
1747.2795917533613	0.5261210617752567	trials	190726SL	p05	Z08115	282	11.0	90.0	12	1747.4295917533614	1747.6557128151364
1747.7499139618085	0.5260810615873197	trials	190726SL	p05	Z08115	278	7.0	90.0	12	1747.8999139618086	1748.1259950233957
1748.200236076343	0.5260810615875471	trials	190726SL	p05	Z08115	70	9.0	180.0	4	1748.350236076343	1748.5763171379303
1748.6505181906896	0.5260810615875471	trials	190726SL	p05	Z08115	233	7.0	315.0	8	1748.8005181906897	1749.026599252277
1749.1008403052242	0.5260810615875471	trials	190726SL	p05	Z08115	104	13.0	270.0	4	1749.2508403052243	1749.4769213668117
1752.5231363749733	0.5060409674870243	trials	190726SL	p05	Z08115	160	9.0	90.0	8	1752.6731363749734	1752.8791773424603
1752.9334183014948	0.5260410613998374	trials	190726SL	p05	Z08115	66	5.0	180.0	4	1753.083418301495	1753.3094593628946
1753.3837004158418	0.5260810615873197	trials	190726SL	p05	Z08115	183	2.0	180.0	8	1753.5337004158418	1753.759781477429
1753.8339825301885	0.5260810615875471	trials	190726SL	p05	Z08115	247	6.0	0.0	12	1753.9839825301885	1754.210063591776
1754.2843046447229	0.5260810615875471	trials	190726SL	p05	Z08115	265	9.0	45.0	12	1754.434304644723	1754.6603857063103
1754.75462685317	0.5260810615875471	trials	190726SL	p05	Z08115	18	2.0	45.0	4	1754.9046268531702	1755.1307079147575
1755.204908967517	0.5260810615873197	trials	190726SL	p05	Z08115	72	11.0	180.0	4	1755.354908967517	1755.5809900291042
1755.6552310820514	0.5260810615875471	trials	190726SL	p05	Z08115	277	6.0	90.0	12	1755.8052310820515	1756.0313121436388
1759.1275673867697	0.5060409674870243	trials	190726SL	p05	Z08115	200	4.0	225.0	8	1759.2775673867698	1759.4836083542566
1759.56784945416	0.5360811085436126	trials	190726SL	p05	Z08115	306	5.0	180.0	12	1759.7178494541602	1759.9539305627036
1760.0381316624193	0.5261210617752567	trials	190726SL	p05	Z08115	157	6.0	90.0	8	1760.1881316624194	1760.4142527241945
1760.488453776954	0.5260810615873197	trials	190726SL	p05	Z08115	178	12.0	135.0	8	1760.638453776954	1760.8645348385412
1760.9387758914886	0.5360811085436126	trials	190726SL	p05	Z08115	144	8.0	45.0	8	1761.0887758914887	1761.3248570000321
1761.3890580058353	0.5360811085436126	trials	190726SL	p05	Z08115	78	2.0	225.0	4	1761.5390580058354	1761.7751391143788
1761.8493801673262	0.5260810615873197	trials	190726SL	p05	Z08115	323	7.0	225.0	12	1761.9993801673263	1762.2254612289134
1762.299662281673	0.5260810615873197	trials	190726SL	p05	Z08115	62	1.0	180.0	4	1762.449662281673	1762.6757433432601
1765.7519984924784	0.5060409674872517	trials	190726SL	p05	Z08115	88	12.0	225.0	4	1765.9019984924785	1766.1080394599655
1766.1822805129127	0.5260810615873197	trials	190726SL	p05	Z08115	296	10.0	135.0	12	1766.3322805129128	1766.5583615745
1771.7059864500516	0.5160410144433172	trials	190726SL	p05	Z08115	360	14.0	315.0	12	1771.8559864500517	1772.0720274644948
1772.146268517442	0.5260810615873197	trials	190726SL	p05	Z08115	143	7.0	45.0	8	1772.296268517442	1772.5223495790292
1772.5965506317887	0.5260810615875471	trials	190726SL	p05	Z08115	67	6.0	180.0	4	1772.7465506317888	1772.9726316933761
1773.0468727463233	0.5360811085436126	trials	190726SL	p05	Z08115	121	0.0	0.0	8	1773.1968727463234	1773.4329538548668
1773.507194907814	0.5260810615875471	trials	190726SL	p05	Z08115	80	4.0	225.0	4	1773.657194907814	1773.8832759694014
1773.957477022161	0.5260810615873197	trials	190726SL	p05	Z08115	312	11.0	180.0	12	1774.107477022161	1774.3335580837481
1774.4077591365076	0.5260810615873197	trials	190726SL	p05	Z08115	135	14.0	0.0	8	1774.5577591365077	1774.7838401980948
1774.8380811571296	0.5260810615873197	trials	190726SL	p05	Z08115	229	3.0	315.0	8	1774.9880811571297	1775.2141622187169
1947.013409624386	0.53608110854384	trials	190726SL	p05	Z08115	171	5.0	135.0	8	1947.163409624386	1947.3994907329297
1950.0554239084822	0.5260810615873197	trials	190726SL	p05	Z08115	113	7.0	315.0	4	1950.2054239084823	1950.4315049700695
1950.4957059758726	0.5361211087315496	trials	190726SL	p05	Z08115	59	13.0	135.0	4	1950.6457059758727	1950.881827084604
1952.957357534815	0.5160810146312542	trials	190726SL	p05	Z08115	39	8.0	90.0	4	1953.107357534815	1953.323438549446
1953.3776395082928	0.5261210617754841	trials	190726SL	p05	Z08115	267	11.0	45.0	12	1953.5276395082929	1953.7537605700682
1953.817961575871	0.5260810615875471	trials	190726SL	p05	Z08115	251	10.0	0.0	12	1953.9679615758712	1954.1940426374586
1954.2482435963054	0.5260810615873197	trials	190726SL	p05	Z08115	245	4.0	0.0	12	1954.3982435963055	1954.6243246578927
1954.6985657108398	0.5260810615875471	trials	190726SL	p05	Z08115	232	6.0	315.0	8	1954.84856571084	1955.0746467724273
1955.1488478251867	0.5260810615873197	trials	190726SL	p05	Z08115	50	4.0	135.0	4	1955.2988478251868	1955.524928886774
1955.5991299395334	0.5260810615875471	trials	190726SL	p05	Z08115	106	0.0	315.0	4	1955.7491299395335	1955.975211001121
1956.0694921481684	0.52604106139961	trials	190726SL	p05	Z08115	4	3.0	0.0	4	1956.2194921481685	1956.4455332095679
1959.6318688756808	0.5160410144433172	trials	190726SL	p05	Z08115	281	10.0	90.0	12	1959.7818688756809	1959.997909890124
1960.0821509900275	0.5060809676749614	trials	190726SL	p05	Z08115	244	3.0	0.0	12	1960.2321509900275	1960.4382319577023
1960.5224330574179	0.5260810615875471	trials	190726SL	p05	Z08115	288	2.0	135.0	12	1960.672433057418	1960.8985141190053
1960.9727551719525	0.5260810615875471	trials	190726SL	p05	Z08115	321	5.0	225.0	12	1961.1227551719526	1961.34883623354
1963.7546082344345	0.5060809676749614	trials	190726SL	p05	Z08115	228	2.0	315.0	8	1963.9046082344346	1964.1106892021094
1964.1848902548686	0.5260810615875471	trials	190726SL	p05	Z08115	44	13.0	90.0	4	1964.3348902548687	1964.560971316456
1964.615172275303	0.5260810615873197	trials	190726SL	p05	Z08115	205	9.0	225.0	8	1964.765172275303	1964.9912533368902
1965.0654943898376	0.5260810615873197	trials	190726SL	p05	Z08115	0			0	1965.2154943898377	1965.4415754514248
1965.515776504184	0.536121108731777	trials	190726SL	p05	Z08115	216	5.0	270.0	8	1965.6657765041841	1965.9018976129157
1965.9860987126312	0.5260810615875471	trials	190726SL	p05	Z08115	167	1.0	135.0	8	1966.1360987126313	1966.3621797742187
1966.4364208271659	0.5360811085436126	trials	190726SL	p05	Z08115	37	6.0	90.0	4	1966.586420827166	1966.8225019357094
1966.8867029415126	0.53608110854384	trials	190726SL	p05	Z08115	173	7.0	135.0	8	1967.0367029415127	1967.2727840500563
1970.5992003739325	0.5160810146312542	trials	190726SL	p05	Z08115	103	12.0	270.0	4	1970.7492003739326	1970.9652813885637
1971.039482441323	0.5260810615873197	trials	190726SL	p05	Z08115	201	5.0	225.0	8	1971.189482441323	1971.4155635029101
1971.4898045558575	0.5260810615873197	trials	190726SL	p05	Z08115	236	10.0	315.0	8	1971.6398045558576	1971.8658856174447
1971.9400866702042	0.5260810615875471	trials	190726SL	p05	Z08115	319	3.0	225.0	12	1972.0900866702043	1972.3161677317917
1972.3904087847388	0.5360811085436126	trials	190726SL	p05	Z08115	94	3.0	270.0	4	1972.540408784739	1972.7764898932824
1972.8406908990855	0.53608110854384	trials	190726SL	p05	Z08115	9	8.0	0.0	4	1972.9906908990856	1973.2267720076293
1973.3010130605762	0.5260810615875471	trials	190726SL	p05	Z08115	68	7.0	180.0	4	1973.4510130605763	1973.6770941221637
1973.7612952218792	0.5361211087315496	trials	190726SL	p05	Z08115	263	7.0	45.0	12	1973.9112952218793	1974.1474163306107
1979.2349609240491	0.5260810615873197	trials	190726SL	p05	Z08115	243	2.0	0.0	12	1979.3849609240492	1979.6110419856363
1979.6852830385837	0.5260810615873197	trials	190726SL	p05	Z08115	28	12.0	45.0	4	1979.8352830385838	1980.061364100171
1980.135605153118	0.5260810615877745	trials	190726SL	p05	Z08115	207	11.0	225.0	8	1980.285605153118	1980.5116862147056
1980.5858872674648	0.5260810615873197	trials	190726SL	p05	Z08115	189	8.0	180.0	8	1980.735887267465	1980.961968329052
1981.0362093819995	0.53608110854384	trials	190726SL	p05	Z08115	70	9.0	180.0	4	1981.1862093819996	1981.4222904905432
1981.4964915433025	0.5260810615875471	trials	190726SL	p05	Z08115	301	0.0	180.0	12	1981.6464915433025	1981.87257260489
1981.9568137047934	0.5260810615873197	trials	190726SL	p05	Z08115	112	6.0	315.0	4	1982.1068137047935	1982.3328947663806
1982.40709581914	0.5360811085436126	trials	190726SL	p05	Z08115	300	14.0	135.0	12	1982.5570958191402	1982.7931769276836
1985.8694320769018	0.5060409674870243	trials	190726SL	p05	Z08115	133	12.0	0.0	8	1986.019432076902	1986.2254730443888
1986.3097141442922	0.5260810615877745	trials	190726SL	p05	Z08115	50	4.0	135.0	4	1986.4597141442923	1986.68579520588
1986.7600362588269	0.5260810615875471	trials	190726SL	p05	Z08115	281	10.0	90.0	12	1986.910036258827	1987.1361173204143
1987.2103183731738	0.5260810615873197	trials	190726SL	p05	Z08115	73	12.0	180.0	4	1987.3603183731739	1987.586399434761
1987.6606404877084	0.5260810615873197	trials	190726SL	p05	Z08115	23	7.0	45.0	4	1987.8106404877085	1988.0367215492956
1988.1109226020549	0.49608092071889587	trials	190726SL	p05	Z08115	260	4.0	45.0	12	1988.260922602055	1988.4570035227737
1988.5512046694455	0.5260810615875471	trials	190726SL	p05	Z08115	53	7.0	135.0	4	1988.7012046694456	1988.927285731033
1989.0015267839801	0.5260810615875471	trials	190726SL	p05	Z08115	277	6.0	90.0	12	1989.1515267839802	1989.3776078455676
1992.4438229476418	0.4960809207186685	trials	190726SL	p05	Z08115	181	0.0	180.0	8	1992.593822947642	1992.7899038683604
1992.854104874163	0.5260810615877745	trials	190726SL	p05	Z08115	330	14.0	225.0	12	1993.0041048741632	1993.2301859357508
1993.3144270356543	0.5260810615873197	trials	190726SL	p05	Z08115	67	6.0	180.0	4	1993.4644270356544	1993.6905080972415
1993.764709150001	0.5260810615875471	trials	190726SL	p05	Z08115	186	5.0	180.0	8	1993.914709150001	1994.1407902115884
1999.3184152280085	0.5160810146310268	trials	190726SL	p05	Z08115	160	9.0	90.0	8	1999.4684152280086	1999.6844962426394
1999.7587372955868	0.5260810615873197	trials	190726SL	p05	Z08115	341	10.0	270.0	12	1999.908737295587	2000.134818357174
2000.2090194099337	0.5260810615873197	trials	190726SL	p05	Z08115	311	10.0	180.0	12	2000.3590194099338	2000.585100471521
2000.659341524468	0.5260810615877745	trials	190726SL	p05	Z08115	148	12.0	45.0	8	2000.809341524468	2001.0354225860556
2001.129663732915	0.5260810615875471	trials	190726SL	p05	Z08115	333	2.0	270.0	12	2001.2796637329152	2001.5057447945026
2001.579945847262	0.5260810615873197	trials	190726SL	p05	Z08115	262	6.0	45.0	12	2001.7299458472621	2001.9560269088493
2002.050268055709	0.5260810615875471	trials	190726SL	p05	Z08115	88	12.0	225.0	4	2002.200268055709	2002.4263491172965
2002.5005901702436	0.52604106139961	trials	190726SL	p05	Z08115	104	13.0	270.0	4	2002.6505901702437	2002.8766312316432
2005.8628059578793	0.5060809676749614	trials	190726SL	p05	Z08115	12	11.0	0.0	4	2006.0128059578794	2006.2188869255542
2006.313128072414	0.5260810615875471	trials	190726SL	p05	Z08115	286	0.0	135.0	12	2006.463128072414	2006.6892091340014
2006.7634101867607	0.5260810615875471	trials	190726SL	p05	Z08115	16	0.0	45.0	4	2006.9134101867608	2007.1394912483481
2007.2137323012953	0.5260810615873197	trials	190726SL	p05	Z08115	127	6.0	0.0	8	2007.3637323012954	2007.5898133628825
2007.664014415642	0.5260810615875471	trials	190726SL	p05	Z08115	237	11.0	315.0	8	2007.814014415642	2008.0400954772294
2008.1143365301766	0.5360811085436126	trials	190726SL	p05	Z08115	142	6.0	45.0	8	2008.2643365301767	2008.5004176387201
2008.5846587386236	0.5260810615875471	trials	190726SL	p05	Z08115	60	14.0	135.0	4	2008.7346587386237	2008.960739800211
2009.054940946883	0.5260810615873197	trials	190726SL	p05	Z08115	0			0	2009.2049409468832	2009.4310220084703
2012.4472368757633	0.4960409205305041	trials	190726SL	p05	Z08115	253	12.0	0.0	12	2012.5972368757634	2012.7932777962938
2012.8875189431537	0.5260810615873197	trials	190726SL	p05	Z08115	208	12.0	225.0	8	2013.0375189431538	2013.263600004741
2013.3378410576884	0.5260810615873197	trials	190726SL	p05	Z08115	62	1.0	180.0	4	2013.4878410576885	2013.7139221192756
2013.7781231250788	0.5160810146312542	trials	190726SL	p05	Z08115	170	4.0	135.0	8	2013.9281231250789	2014.14420413971
2014.2184051924692	0.53608110854384	trials	190726SL	p05	Z08115	152	1.0	90.0	8	2014.3684051924693	2014.604486301013
2014.6587272600475	0.5260810615875471	trials	190726SL	p05	Z08115	345	14.0	270.0	12	2014.8087272600476	2015.034808321635
2015.1090093743942	0.5260810615875471	trials	190726SL	p05	Z08115	57	11.0	135.0	4	2015.2590093743943	2015.4850904359816
2015.5793315828414	0.5260810615873197	trials	190726SL	p05	Z08115	356	10.0	315.0	12	2015.7293315828415	2015.9554126444286
2018.9515874176213	0.5160810146310268	trials	190726SL	p05	Z08115	179	13.0	135.0	8	2019.1015874176214	2019.3176684322523
2021.8435209969975	0.5160810146312542	trials	190726SL	p05	Z08115	243	2.0	0.0	12	2021.9935209969976	2022.2096020116287
2022.3038431584885	0.5260810615875471	trials	190726SL	p05	Z08115	101	10.0	270.0	4	2022.4538431584886	2022.679924220076
2022.7541252728352	0.5260810615875471	trials	190726SL	p05	Z08115	103	12.0	270.0	4	2022.9041252728352	2023.1302063344226
2023.2044473873698	0.5260810615873197	trials	190726SL	p05	Z08115	216	5.0	270.0	8	2023.3544473873699	2023.580528448957
2023.6547295017167	0.5260810615873197	trials	190726SL	p05	Z08115	360	14.0	315.0	12	2023.8047295017168	2024.030810563304
2024.105051616251	0.5260810615875471	trials	190726SL	p05	Z08115	178	12.0	135.0	8	2024.2550516162512	2024.4811326778386
2024.5553337305978	0.5260810615875471	trials	190726SL	p05	Z08115	78	2.0	225.0	4	2024.7053337305979	2024.9314147921853
2025.0056558451324	0.53608110854384	trials	190726SL	p05	Z08115	125	4.0	0.0	8	2025.1556558451325	2025.3917369536762
2041.926975300957	0.5160810146312542	trials	190726SL	p05	Z08115	162	11.0	90.0	8	2042.0769753009572	2042.2930563155883
2042.3872974624478	0.5260810615877745	trials	190726SL	p05	Z08115	155	4.0	90.0	8	2042.537297462448	2042.7633785240355
2042.8375795767947	0.5260810615873197	trials	190726SL	p05	Z08115	0			0	2042.9875795767948	2043.213660638382
2043.307901785242	0.5260810615873197	trials	190726SL	p05	Z08115	215	4.0	270.0	8	2043.457901785242	2043.6839828468292
2043.778223993689	0.5260810615875471	trials	190726SL	p05	Z08115	221	10.0	270.0	8	2043.928223993689	2044.1543050552764
2044.2285061080356	0.5260810615875471	trials	190726SL	p05	Z08115	267	11.0	45.0	12	2044.3785061080357	2044.604587169623
2046.8102382308289	0.5160810146312542	trials	190726SL	p05	Z08115	38	7.0	90.0	4	2046.960238230829	2047.17631924546
2047.2705603923196	0.5260810615875471	trials	190726SL	p05	Z08115	353	7.0	315.0	12	2047.4205603923197	2047.646641453907
2047.7408826007668	0.5260810615873197	trials	190726SL	p05	Z08115	110	4.0	315.0	4	2047.8908826007669	2048.116963662354
2050.372654958529	0.5160410144435446	trials	190726SL	p05	Z08115	47	1.0	135.0	4	2050.522654958529	2050.7386959729724
2050.8129370259194	0.5260810615877745	trials	190726SL	p05	Z08115	6	5.0	0.0	4	2050.9629370259195	2051.189018087507
2051.263259140454	0.53608110854384	trials	190726SL	p05	Z08115	269	13.0	45.0	12	2051.413259140454	2051.6493402489978
2051.7335413487135	0.5260810615873197	trials	190726SL	p05	Z08115	132	11.0	0.0	8	2051.8835413487136	2052.1096224103007
2052.183863463248	0.5360811085433852	trials	190726SL	p05	Z08115	5	4.0	0.0	4	2052.3338634632482	2052.5699445717914
2052.654185671695	0.5260810615877745	trials	190726SL	p05	Z08115	326	10.0	225.0	12	2052.804185671695	2053.0302667332826
2053.124507880142	0.52604106139961	trials	190726SL	p05	Z08115	81	5.0	225.0	4	2053.274507880142	2053.5005489415416
2053.574789994489	0.5260810615873197	trials	190726SL	p05	Z08115	95	4.0	270.0	4	2053.724789994489	2053.9508710560763
2056.997086064238	0.5160810146312542	trials	190726SL	p05	Z08115	234	8.0	315.0	8	2057.147086064238	2057.363167078869
2437.4319924361166	0.5060409674870243	trials	190726SL	p05	Z08115	165	14.0	90.0	8	2437.5819924361167	2437.7880334036035
2437.862274456551	0.5260810615873197	trials	190726SL	p05	Z08115	33	2.0	90.0	4	2438.012274456551	2438.238355518138
2438.3125565708974	0.5260810615877745	trials	190726SL	p05	Z08115	37	6.0	90.0	4	2438.4625565708975	2438.688637632485
2438.7628786854325	0.5260810615873197	trials	190726SL	p05	Z08115	332	1.0	270.0	12	2438.9128786854326	2439.1389597470197
2439.213160799779	0.5260810615877745	trials	190726SL	p05	Z08115	156	5.0	90.0	8	2439.363160799779	2439.5892418613666
2439.6634829143136	0.53608110854384	trials	190726SL	p05	Z08115	315	14.0	180.0	12	2439.8134829143137	2440.0495640228573
2440.1137650286605	0.5361211087310949	trials	190726SL	p05	Z08115	111	5.0	315.0	4	2440.2637650286606	2440.4998861373915
2440.574087190151	0.5260810615873197	trials	190726SL	p05	Z08115	297	11.0	135.0	12	2440.7240871901513	2440.9501682517384
2444.076423635738	0.53608110854384	trials	190726SL	p05	Z08115	9	8.0	0.0	4	2444.2264236357382	2444.462504744282
2444.536745797229	0.5260810615877745	trials	190726SL	p05	Z08115	143	7.0	45.0	8	2444.686745797229	2444.9128268588165
2444.9870279115758	0.5260810615873197	trials	190726SL	p05	Z08115	276	5.0	90.0	12	2445.137027911576	2445.363108973163
2445.4373500261104	0.5260810615873197	trials	190726SL	p05	Z08115	84	8.0	225.0	4	2445.5873500261105	2445.8134310876976
2445.8876321404573	0.5260810615873197	trials	190726SL	p05	Z08115	175	9.0	135.0	8	2446.0376321404574	2446.2637132020445
2446.3379542549915	0.5260810615873197	trials	190726SL	p05	Z08115	240	14.0	315.0	8	2446.4879542549916	2446.7140353165787
2446.7882363693384	0.5361211087315496	trials	190726SL	p05	Z08115	124	3.0	0.0	8	2446.9382363693385	2447.17435747807
2447.238558483873	0.5360811085433852	trials	190726SL	p05	Z08115	263	7.0	45.0	12	2447.388558483873	2447.6246395924163
2450.660854553622	0.5060409674870243	trials	190726SL	p05	Z08115	102	11.0	270.0	4	2450.810854553622	2451.016895521109
2451.0911365740562	0.5260810615873197	trials	190726SL	p05	Z08115	117	11.0	315.0	4	2451.2411365740563	2451.4672176356435
2451.5414186884027	0.5260810615877745	trials	190726SL	p05	Z08115	31	0.0	90.0	4	2451.691418688403	2451.9174997499904
2451.9917408029373	0.5260810615873197	trials	190726SL	p05	Z08115	52	6.0	135.0	4	2452.1417408029374	2452.3678218645246
2452.4320228703277	0.5260810615877745	trials	190726SL	p05	Z08115	83	7.0	225.0	4	2452.582022870328	2452.8081039319154
2452.862304890762	0.5260810615873197	trials	190726SL	p05	Z08115	24	8.0	45.0	4	2453.012304890762	2453.2383859523493
2453.3126270052967	0.5260810615873197	trials	190726SL	p05	Z08115	126	5.0	0.0	8	2453.462627005297	2453.688708066884
2453.7629091196436	0.5260810615873197	trials	190726SL	p05	Z08115	87	11.0	225.0	4	2453.9129091196437	2454.138990181231
2457.205245283493	0.49604092053095883	trials	190726SL	p05	Z08115	328	12.0	225.0	12	2457.355245283493	2457.5512862040237
2457.615487209827	0.5260810615873197	trials	190726SL	p05	Z08115	273	2.0	90.0	12	2457.765487209827	2457.991568271414
2458.0758093713175	0.5360811085433852	trials	190726SL	p05	Z08115	43	12.0	90.0	4	2458.2258093713176	2458.461890479861
2458.5461315797647	0.5360811085433852	trials	190726SL	p05	Z08115	167	1.0	135.0	8	2458.696131579765	2458.932212688308
2459.0164537882115	0.5260810615877745	trials	190726SL	p05	Z08115	27	11.0	45.0	4	2459.1664537882116	2459.392534849799
2459.4667359025584	0.5260810615873197	trials	190726SL	p05	Z08115	46	0.0	135.0	4	2459.6167359025585	2459.8428169641456
2459.917058017093	0.53608110854384	trials	190726SL	p05	Z08115	306	5.0	180.0	12	2460.067058017093	2460.303139125637
2460.3873402253525	0.5261210617750294	trials	190726SL	p05	Z08115	113	7.0	315.0	4	2460.5373402253526	2460.7634612871275
2463.689595731438	0.52604106139961	trials	190726SL	p05	Z08115	254	13.0	0.0	12	2463.8395957314383	2464.0656367928377
2464.129877798829	0.5360811085433852	trials	190726SL	p05	Z08115	80	4.0	225.0	4	2464.279877798829	2464.5159589073724
2464.5901599601316	0.5260810615877745	trials	190726SL	p05	Z08115	120	14.0	315.0	4	2464.7401599601317	2464.9662410217193
2465.040482074666	0.5260810615877745	trials	190726SL	p05	Z08115	348	2.0	315.0	12	2465.1904820746663	2465.416563136254
2465.490764189013	0.5260810615873197	trials	190726SL	p05	Z08115	168	2.0	135.0	8	2465.640764189013	2465.8668452506004
2465.9610863974603	0.5260810615873197	trials	190726SL	p05	Z08115	354	8.0	315.0	12	2466.1110863974604	2466.3371674590476
2466.421408558951	0.53608110854384	trials	190726SL	p05	Z08115	166	0.0	135.0	8	2466.571408558951	2466.807489667495
2466.8917307673983	0.5260810615873197	trials	190726SL	p05	Z08115	0			0	2467.0417307673983	2467.2678118289855
2470.3340269310597	0.5160810146312542	trials	190726SL	p05	Z08115	174	8.0	135.0	8	2470.48402693106	2470.700107945691
2470.77430899845	0.5260810615873197	trials	190726SL	p05	Z08115	30	14.0	45.0	4	2470.92430899845	2471.1503900600374
2471.2246311129848	0.5260810615873197	trials	190726SL	p05	Z08115	231	5.0	315.0	8	2471.374631112985	2471.600712174572
2471.6749132273317	0.5361211087315496	trials	190726SL	p05	Z08115	18	2.0	45.0	4	2471.8249132273318	2472.061034336063
2472.1252353418663	0.5360811085433852	trials	190726SL	p05	Z08115	225	14.0	270.0	8	2472.2752353418664	2472.5113164504096
2472.585557503357	0.5260810615873197	trials	190726SL	p05	Z08115	141	5.0	45.0	8	2472.735557503357	2472.961638564944
2473.0358396177035	0.5260810615877745	trials	190726SL	p05	Z08115	235	9.0	315.0	8	2473.1858396177036	2473.411920679291
2473.4861217320504	0.5260810615873197	trials	190726SL	p05	Z08115	359	13.0	315.0	12	2473.6361217320505	2473.8622027936376
2476.858417567018	0.5160410144435446	trials	190726SL	p05	Z08115	271	0.0	90.0	12	2477.008417567018	2477.2244585814615
2477.318699728321	0.5260810615877745	trials	190726SL	p05	Z08115	292	6.0	135.0	12	2477.468699728321	2477.6947807899087
2477.779021889812	0.5360811085433852	trials	190726SL	p05	Z08115	346	0.0	315.0	12	2477.9290218898122	2478.1651029983555
2478.2293040041586	0.5361211087315496	trials	190726SL	p05	Z08115	194	13.0	180.0	8	2478.3793040041587	2478.61542511289
2478.6896261656498	0.5260810615873197	trials	190726SL	p05	Z08115	72	11.0	180.0	4	2478.83962616565	2479.065707227237
2479.139948280184	0.5260810615877745	trials	190726SL	p05	Z08115	184	3.0	180.0	8	2479.289948280184	2479.5160293417716
2479.590230394531	0.5260810615873197	trials	190726SL	p05	Z08115	36	5.0	90.0	4	2479.740230394531	2479.966311456118
2480.040512508878	0.5261210617754841	trials	190726SL	p05	Z08115	284	13.0	90.0	12	2480.190512508878	2480.416633570653
2482.5222041619204	0.5260810615873197	trials	190726SL	p05	Z08115	200	4.0	225.0	8	2482.6722041619205	2482.8982852235076
2482.9524861823543	0.5060809676751887	trials	190726SL	p05	Z08115	213	2.0	270.0	8	2483.1024861823544	2483.3085671500294
2483.3827682027886	0.5260810615873197	trials	190726SL	p05	Z08115	295	9.0	135.0	12	2483.5327682027887	2483.758849264376
2483.8330903173232	0.53608110854384	trials	190726SL	p05	Z08115	14	13.0	0.0	4	2483.9830903173233	2484.219171425867
2484.28337243167	0.53608110854384	trials	190726SL	p05	Z08115	15	14.0	0.0	4	2484.4333724316703	2484.669453540214
2484.743694593161	0.5260810615873197	trials	190726SL	p05	Z08115	344	13.0	270.0	12	2484.893694593161	2485.119775654748
2485.1939767075078	0.5260810615873197	trials	190726SL	p05	Z08115	0			0	2485.343976707508	2485.570057769095
2485.644298822042	0.5260810615873197	trials	190726SL	p05	Z08115	185	4.0	180.0	8	2485.794298822042	2486.020379883629
2488.966514421853	0.5160810146307995	trials	190726SL	p05	Z08115	318	2.0	225.0	12	2489.116514421853	2489.3325954364836
2489.4268365833436	0.5260810615873197	trials	190726SL	p05	Z08115	279	8.0	90.0	12	2489.5768365833437	2489.802917644931
2489.8871187446466	0.5360811085433852	trials	190726SL	p05	Z08115	343	12.0	270.0	12	2490.0371187446467	2490.27319985319
2490.3474409061378	0.5260810615873197	trials	190726SL	p05	Z08115	106	0.0	315.0	4	2490.497440906138	2490.723521967725
2490.8077230674403	0.5361211087320044	trials	190726SL	p05	Z08115	233	7.0	315.0	8	2490.9577230674404	2491.193844176172
2491.2580451819754	0.5360811085433852	trials	190726SL	p05	Z08115	250	9.0	0.0	12	2491.4080451819755	2491.6441262905187
2491.718367343466	0.5260810615873197	trials	190726SL	p05	Z08115	71	10.0	180.0	4	2491.868367343466	2492.0944484050533
2492.168649457813	0.5260810615873197	trials	190726SL	p05	Z08115	177	11.0	135.0	8	2492.318649457813	2492.5447305194
2495.52090519868	0.516081014631709	trials	190726SL	p05	Z08115	245	4.0	0.0	12	2495.67090519868	2495.8869862133115
2495.9611872660703	0.5260810615873197	trials	190726SL	p05	Z08115	214	3.0	270.0	8	2496.1111872660704	2496.3372683276575
2496.411509380605	0.5260810615877745	trials	190726SL	p05	Z08115	274	3.0	90.0	12	2496.561509380605	2496.7875904421926
2496.861791494952	0.53608110854384	trials	190726SL	p05	Z08115	169	3.0	135.0	8	2497.011791494952	2497.2478726034956
2497.3121136094865	0.53608110854384	trials	190726SL	p05	Z08115	21	5.0	45.0	4	2497.4621136094866	2497.69819471803
2497.7723957707894	0.5260810615873197	trials	190726SL	p05	Z08115	76	0.0	225.0	4	2497.9223957707895	2498.1484768323767
2498.222717885324	0.5260810615873197	trials	190726SL	p05	Z08115	163	12.0	90.0	8	2498.372717885324	2498.5987989469113
2498.6730399998582	0.5260410614000648	trials	190726SL	p05	Z08115	19	3.0	45.0	4	2498.8230399998583	2499.049081061258
2502.375497385134	0.516081014631709	trials	190726SL	p05	Z08115	164	13.0	90.0	8	2502.5254973851343	2502.741578399766
2502.8157794525246	0.5361211087320044	trials	190726SL	p05	Z08115	61	0.0	180.0	4	2502.9657794525247	2503.2019005612565
2503.286101660972	0.5260810615873197	trials	190726SL	p05	Z08115	203	7.0	225.0	8	2503.436101660972	2503.662182722559
2503.756423869419	0.5260810615873197	trials	190726SL	p05	Z08115	323	7.0	225.0	12	2503.906423869419	2504.132504931006
2504.206705983766	0.5261210617754841	trials	190726SL	p05	Z08115	115	9.0	315.0	4	2504.356705983766	2504.5828270455413
2504.6770281922127	0.5260810615877745	trials	190726SL	p05	Z08115	196	0.0	225.0	8	2504.8270281922128	2505.0531092538004
2505.1273503067473	0.5260810615873197	trials	190726SL	p05	Z08115	8	7.0	0.0	4	2505.2773503067474	2505.5034313683345
2505.577632421094	0.5260810615873197	trials	190726SL	p05	Z08115	3	2.0	0.0	4	2505.7276324210943	2505.9537134826815
2555.541107029813	0.5060809676751887	trials	190726SL	p05	Z08115	241	0.0	0.0	12	2555.691107029813	2555.897187997488
2555.971429050435	0.5260810615877745	trials	190726SL	p05	Z08115	293	7.0	135.0	12	2556.121429050435	2556.3475101120225
2556.4217111647818	0.5260810615873197	trials	190726SL	p05	Z08115	199	3.0	225.0	8	2556.571711164782	2556.797792226369
2556.8720332793164	0.5260810615873197	trials	190726SL	p05	Z08115	26	10.0	45.0	4	2557.0220332793165	2557.2481143409036
2557.342315487576	0.5260810615873197	trials	190726SL	p05	Z08115	207	11.0	225.0	8	2557.492315487576	2557.718396549163
2557.79263760211	0.5260810615877745	trials	190726SL	p05	Z08115	325	9.0	225.0	12	2557.94263760211	2558.1687186636977
2558.2629598105573	0.5260810615873197	trials	190726SL	p05	Z08115	310	9.0	180.0	12	2558.4129598105574	2558.6390408721445
2558.713241924904	0.5260810615873197	trials	190726SL	p05	Z08115	305	4.0	180.0	12	2558.8632419249043	2559.0893229864914
2562.305658793473	0.53608110854384	trials	190726SL	p05	Z08115	299	13.0	135.0	12	2562.455658793473	2562.6917399020167
2565.2376325608625	0.5260810615873197	trials	190726SL	p05	Z08115	58	12.0	135.0	4	2565.3876325608626	2565.6137136224497
2565.6879146752094	0.5260810615873197	trials	190726SL	p05	Z08115	339	8.0	270.0	12	2565.8379146752095	2566.0639957367966
2566.1382367897436	0.5260810615877745	trials	190726SL	p05	Z08115	320	4.0	225.0	12	2566.2882367897437	2566.5143178513313
2566.608518998003	0.5261210617750294	trials	190726SL	p05	Z08115	131	10.0	0.0	8	2566.758518998003	2566.984640059778
2567.0588411125377	0.5260810615873197	trials	190726SL	p05	Z08115	272	1.0	90.0	12	2567.208841112538	2567.434922174125
2567.5091232268846	0.5260810615873197	trials	190726SL	p05	Z08115	247	6.0	0.0	12	2567.6591232268847	2567.885204288472
2569.980774832783	0.4960809207186685	trials	190726SL	p05	Z08115	205	9.0	225.0	8	2570.130774832783	2570.3268557535016
2570.3910567593043	0.5260810615877745	trials	190726SL	p05	Z08115	173	7.0	135.0	8	2570.5410567593044	2570.767137820892
2570.8513789207955	0.5360811085433852	trials	190726SL	p05	Z08115	255	14.0	0.0	12	2571.0013789207956	2571.2374600293388
2571.311701082286	0.5260810615877745	trials	190726SL	p05	Z08115	309	8.0	180.0	12	2571.4617010822863	2571.687782143874
2571.761983196633	0.5260810615877745	trials	190726SL	p05	Z08115	45	14.0	90.0	4	2571.911983196633	2572.1380642582208
2572.2123053111677	0.5260810615873197	trials	190726SL	p05	Z08115	63	2.0	180.0	4	2572.362305311168	2572.588386372755
2572.682627519615	0.5260410613991553	trials	190726SL	p05	Z08115	89	13.0	225.0	4	2572.832627519615	2573.058668581014
2573.132909633962	0.5260810615873197	trials	190726SL	p05	Z08115	190	9.0	180.0	8	2573.282909633962	2573.508990695549
2576.5852058445794	0.5160810146307995	trials	190726SL	p05	Z08115	54	8.0	135.0	4	2576.7352058445795	2576.95128685921
2577.0255279121575	0.5260810615877745	trials	190726SL	p05	Z08115	34	3.0	90.0	4	2577.1755279121576	2577.401608973745
2577.4958501206047	0.5260810615873197	trials	190726SL	p05	Z08115	322	6.0	225.0	12	2577.645850120605	2577.871931182192
2577.966132328864	0.5260810615873197	trials	190726SL	p05	Z08115	17	1.0	45.0	4	2578.1161323288643	2578.3422133904514
2578.436454537311	0.5260810615877745	trials	190726SL	p05	Z08115	248	7.0	0.0	12	2578.586454537311	2578.8125355988986
2578.8867766518456	0.5260810615873197	trials	190726SL	p05	Z08115	90	14.0	225.0	4	2579.0367766518457	2579.262857713433
2579.3370587661925	0.5260810615873197	trials	190726SL	p05	Z08115	246	5.0	0.0	12	2579.4870587661926	2579.7131398277797
2579.7873808807267	0.5260810615877745	trials	190726SL	p05	Z08115	352	6.0	315.0	12	2579.937380880727	2580.1634619423144
2583.379757749108	0.4960809207186685	trials	190726SL	p05	Z08115	224	13.0	270.0	8	2583.5297577491083	2583.7258386698268
2583.800039722586	0.5260810615873197	trials	190726SL	p05	Z08115	138	2.0	45.0	8	2583.950039722586	2584.1761207841732
2584.2503618371206	0.5260810615873197	trials	190726SL	p05	Z08115	327	11.0	225.0	12	2584.4003618371207	2584.626442898708
2584.7006439514676	0.5361211087310949	trials	190726SL	p05	Z08115	108	2.0	315.0	4	2584.8506439514676	2585.0867650601986
2585.1509660660017	0.53608110854384	trials	190726SL	p05	Z08115	308	7.0	180.0	12	2585.300966066002	2585.5370471745455
2585.611288227493	0.5260810615873197	trials	190726SL	p05	Z08115	197	1.0	225.0	8	2585.761288227493	2585.98736928908
2586.0615703418393	0.5260810615873197	trials	190726SL	p05	Z08115	74	13.0	180.0	4	2586.2115703418394	2586.4376514034266
2586.511892456374	0.5260810615877745	trials	190726SL	p05	Z08115	4	3.0	0.0	4	2586.661892456374	2586.8879735179617
2590.0542690899742	0.5160410144430898	trials	190726SL	p05	Z08115	335	4.0	270.0	12	2590.2042690899743	2590.4203101044172
2592.9061624813376	0.506080967674734	trials	190726SL	p05	Z08115	302	1.0	180.0	12	2593.0561624813377	2593.262243449012
2593.336444501772	0.5260810615873197	trials	190726SL	p05	Z08115	232	6.0	315.0	8	2593.486444501772	2593.712525563359
2593.786766616306	0.5260810615877745	trials	190726SL	p05	Z08115	100	9.0	270.0	4	2593.936766616306	2594.1628476778938
2594.237048730653	0.5260810615873197	trials	190726SL	p05	Z08115	336	5.0	270.0	12	2594.387048730653	2594.61312979224
2599.8307949966734	0.5160810146312542	trials	190726SL	p05	Z08115	275	4.0	90.0	12	2599.9807949966735	2600.1968760113045
2600.2710770640642	0.5361211087315496	trials	190726SL	p05	Z08115	192	11.0	180.0	8	2600.4210770640643	2600.6571981727957
2631.842265309879	0.5060409674870243	trials	190726SL	p05	Z08115	144	8.0	45.0	8	2631.9922653098793	2632.198306277366
2632.2725473303135	0.5260810615877745	trials	190726SL	p05	Z08115	25	9.0	45.0	4	2632.4225473303136	2632.648628391901
2632.7328294916165	0.5361211087315496	trials	190726SL	p05	Z08115	285	14.0	90.0	12	2632.8828294916166	2633.118950600348
2633.2031517000637	0.5260810615873197	trials	190726SL	p05	Z08115	249	8.0	0.0	12	2633.353151700064	2633.579232761651
2633.6534738145983	0.5360811085433852	trials	190726SL	p05	Z08115	210	14.0	225.0	8	2633.8034738145984	2634.0395549231416
2634.103755928945	0.5060809676751887	trials	190726SL	p05	Z08115	154	3.0	90.0	8	2634.253755928945	2634.45983689662
2636.6254477698126	0.5060809676751887	trials	190726SL	p05	Z08115	20	4.0	45.0	4	2636.7754477698127	2636.9815287374877
2637.065729837203	0.5361211087315496	trials	190726SL	p05	Z08115	290	4.0	135.0	12	2637.215729837203	2637.4518509459344
2637.516051951738	0.5360811085433852	trials	190726SL	p05	Z08115	136	0.0	45.0	8	2637.666051951738	2637.9021330602814
2637.9763741132288	0.5160410144430898	trials	190726SL	p05	Z08115	338	7.0	270.0	12	2638.126374113229	2638.3424151276718
2638.426656227575	0.5260810615877745	trials	190726SL	p05	Z08115	218	7.0	270.0	8	2638.5766562275753	2638.802737289163
2638.87697834211	0.5260810615873197	trials	190726SL	p05	Z08115	149	13.0	45.0	8	2639.02697834211	2639.253059403697
2639.3472605503694	0.5260810615873197	trials	190726SL	p05	Z08115	265	9.0	45.0	12	2639.4972605503694	2639.7233416119566
2639.80758271186	0.5360811085433852	trials	190726SL	p05	Z08115	158	7.0	90.0	8	2639.95758271186	2640.1936638204033
2643.2498788755215	0.5160810146307995	trials	190726SL	p05	Z08115	189	8.0	180.0	8	2643.3998788755216	2643.615959890152
2643.710201037012	0.5260810615873197	trials	190726SL	p05	Z08115	270	14.0	45.0	12	2643.8602010370123	2644.0862820985994
2644.1605231515473	0.5260410613991553	trials	190726SL	p05	Z08115	312	11.0	180.0	12	2644.3105231515474	2644.5365642129464
2644.6108052658938	0.5260810615873197	trials	190726SL	p05	Z08115	334	3.0	270.0	12	2644.760805265894	2644.986886327481
2645.0811274743405	0.5260810615873197	trials	190726SL	p05	Z08115	64	3.0	180.0	4	2645.2311274743406	2645.4572085359277
2645.5314095886874	0.5260810615873197	trials	190726SL	p05	Z08115	220	9.0	270.0	8	2645.6814095886875	2645.9074906502747
2645.981731703222	0.5260810615877745	trials	190726SL	p05	Z08115	97	6.0	270.0	4	2646.131731703222	2646.3578127648098
2646.4320138175685	0.5260810615877745	trials	190726SL	p05	Z08115	314	13.0	180.0	12	2646.5820138175686	2646.808094879156
2650.1144711089323	0.5260810615873197	trials	190726SL	p05	Z08115	114	8.0	315.0	4	2650.2644711089324	2650.4905521705195
2650.5847933173795	0.5260810615873197	trials	190726SL	p05	Z08115	212	1.0	270.0	8	2650.7347933173796	2650.9608743789668
2651.0351154319137	0.5260810615873197	trials	190726SL	p05	Z08115	65	4.0	180.0	4	2651.185115431914	2651.411196493501
2651.475397499304	0.5260810615873197	trials	190726SL	p05	Z08115	347	1.0	315.0	12	2651.625397499304	2651.8514785608913
2651.9156795666945	0.5361211087315496	trials	190726SL	p05	Z08115	358	12.0	315.0	12	2652.0656795666946	2652.301800675426
2652.3760017281857	0.5260810615873197	trials	190726SL	p05	Z08115	116	10.0	315.0	4	2652.5260017281857	2652.752082789773
2652.8363238896764	0.53608110854384	trials	190726SL	p05	Z08115	329	13.0	225.0	12	2652.9863238896764	2653.22240499822
2653.2966060509793	0.5260810615873197	trials	190726SL	p05	Z08115	226	0.0	315.0	8	2653.4466060509794	2653.6726871125666
2657.1492241413503	0.53608110854384	trials	190726SL	p05	Z08115	204	8.0	225.0	8	2657.2992241413504	2657.535305249894
2659.5107952303542	0.5160810146312542	trials	190726SL	p05	Z08115	66	5.0	180.0	4	2659.6607952303543	2659.8768762449854
2659.951077297745	0.5260810615873197	trials	190726SL	p05	Z08115	29	13.0	45.0	4	2660.101077297745	2660.3271583593323
2660.4013594120916	0.5261210617754841	trials	190726SL	p05	Z08115	172	6.0	135.0	8	2660.5513594120916	2660.777480473867
2660.851681526626	0.5260810615873197	trials	190726SL	p05	Z08115	278	7.0	90.0	12	2661.0016815266263	2661.2277625882134
2661.302003641161	0.5260810615873197	trials	190726SL	p05	Z08115	150	14.0	45.0	8	2661.452003641161	2661.678084702748
2661.7522857555073	0.5260810615877745	trials	190726SL	p05	Z08115	182	1.0	180.0	8	2661.9022857555074	2662.128366817095
2662.202567869854	0.5361211087320044	trials	190726SL	p05	Z08115	13	12.0	0.0	4	2662.3525678698543	2662.588688978586
2662.652889984389	0.5360811085433852	trials	190726SL	p05	Z08115	321	5.0	225.0	12	2662.802889984389	2663.038971092932
2670.1979654130796	0.5260810615873197	trials	190726SL	p05	Z08115	157	6.0	90.0	8	2670.3479654130797	2670.574046474667
2670.63824748047	0.5260810615873197	trials	190726SL	p05	Z08115	109	3.0	315.0	4	2670.78824748047	2671.0143285420572
2671.0785295478604	0.5160810146307995	trials	190726SL	p05	Z08115	82	6.0	225.0	4	2671.2285295478605	2671.444610562491
2671.518811615251	0.5261210617754841	trials	190726SL	p05	Z08115	171	5.0	135.0	8	2671.668811615251	2671.894932677026
2671.989133823698	0.5260810615873197	trials	190726SL	p05	Z08115	264	8.0	45.0	12	2672.139133823698	2672.3652148852852
2672.4394559382326	0.5260810615873197	trials	190726SL	p05	Z08115	206	10.0	225.0	8	2672.5894559382327	2672.81553699982
2672.889738052579	0.53608110854384	trials	190726SL	p05	Z08115	307	6.0	180.0	12	2673.039738052579	2673.275819161123
2673.340060167114	0.5360811085433852	trials	190726SL	p05	Z08115	287	1.0	135.0	12	2673.4900601671143	2673.7261412756575
2726.4456295298673	0.5761212965562663	trials	190726SL	p05	Z08115	340	9.0	270.0	12	2726.5956295298674	2726.8717508264235
2726.945951879183	0.5260810615873197	trials	190726SL	p05	Z08115	256	0.0	45.0	12	2727.0959518791833	2727.3220329407704
2727.4162740876304	0.5260810615873197	trials	190726SL	p05	Z08115	244	3.0	0.0	12	2727.5662740876305	2727.7923551492177
2729.8178853646473	0.5160810146307995	trials	190726SL	p05	Z08115	217	6.0	270.0	8	2729.9678853646474	2730.183966379278
2730.2581674320377	0.5261210617750294	trials	190726SL	p05	Z08115	75	14.0	180.0	4	2730.4081674320378	2730.6342884938126
2730.708489546572	0.5260810615873197	trials	190726SL	p05	Z08115	159	8.0	90.0	8	2730.858489546572	2731.084570608159
2731.158771660919	0.5361211087320044	trials	190726SL	p05	Z08115	122	1.0	0.0	8	2731.308771660919	2731.5448927696507
2731.5990937284973	0.5260810615873197	trials	190726SL	p05	Z08115	85	9.0	225.0	4	2731.7490937284974	2731.9751747900846
2732.0694159369446	0.5260810615873197	trials	190726SL	p05	Z08115	161	10.0	90.0	8	2732.2194159369446	2732.445496998532
2732.529698098247	0.53608110854384	trials	190726SL	p05	Z08115	251	10.0	0.0	12	2732.679698098247	2732.915779206791
2733.0000203066943	0.5260810615873197	trials	190726SL	p05	Z08115	191	10.0	180.0	8	2733.1500203066944	2733.3761013682815
2736.612437269176	0.6061614376130819	trials	190726SL	p05	Z08115	41	10.0	90.0	4	2736.762437269176	2737.068598706789
2737.1327997125923	0.5260810615873197	trials	190726SL	p05	Z08115	112	6.0	315.0	4	2737.2827997125924	2737.5088807741795
2737.583081826939	0.5260810615873197	trials	190726SL	p05	Z08115	10	9.0	0.0	4	2737.7330818269393	2737.9591628885264
2738.0334039414734	0.53608110854384	trials	190726SL	p05	Z08115	195	14.0	180.0	8	2738.1834039414734	2738.419485050017
2738.4836860558203	0.53608110854384	trials	190726SL	p05	Z08115	51	5.0	135.0	4	2738.6336860558204	2738.869767164364
2738.944008217311	0.5260810615873197	trials	190726SL	p05	Z08115	258	2.0	45.0	12	2739.094008217311	2739.320089278898
2739.3943303318456	0.52604106139961	trials	190726SL	p05	Z08115	39	8.0	90.0	4	2739.5443303318457	2739.770371393245
2739.844612446192	0.5260810615877745	trials	190726SL	p05	Z08115	56	10.0	135.0	4	2739.994612446192	2740.2206935077797
2743.6471503014063	0.5360811085433852	trials	190726SL	p05	Z08115	68	7.0	180.0	4	2743.7971503014064	2744.0332314099496
2744.1074724628975	0.5260810615873197	trials	190726SL	p05	Z08115	239	13.0	315.0	8	2744.2574724628976	2744.4835535244847
2744.557754577244	0.5260810615877745	trials	190726SL	p05	Z08115	86	10.0	225.0	4	2744.707754577244	2744.9338356388316
2745.0080766917786	0.5260810615873197	trials	190726SL	p05	Z08115	202	6.0	225.0	8	2745.1580766917787	2745.384157753366
2747.6998493312785	0.49608092071821375	trials	190726SL	p05	Z08115	105	14.0	270.0	4	2747.8498493312786	2748.0459302519967
2748.1401713988566	0.5260810615873197	trials	190726SL	p05	Z08115	129	8.0	0.0	8	2748.2901713988567	2748.516252460444
2748.5904935133917	0.5260410613991553	trials	190726SL	p05	Z08115	283	12.0	90.0	12	2748.740493513392	2748.966534574791
2749.040775627738	0.5260810615873197	trials	190726SL	p05	Z08115	153	2.0	90.0	8	2749.1907756277383	2749.4168566893254
2749.511097836185	0.5260810615873197	trials	190726SL	p05	Z08115	183	2.0	180.0	8	2749.661097836185	2749.887178897772
2752.1328301468034	0.4960809207186685	trials	190726SL	p05	Z08115	48	2.0	135.0	4	2752.2828301468035	2752.478911067522
2752.553112120281	0.5260810615877745	trials	190726SL	p05	Z08115	342	11.0	270.0	12	2752.7031121202813	2752.929193181869
2753.0234343287284	0.5260810615873197	trials	190726SL	p05	Z08115	252	11.0	0.0	12	2753.1734343287285	2753.3995153903156
2753.473756443263	0.5260810615873197	trials	190726SL	p05	Z08115	280	9.0	90.0	12	2753.623756443263	2753.8498375048503
2753.92403855761	0.5260810615873197	trials	190726SL	p05	Z08115	222	11.0	270.0	8	2754.07403855761	2754.300119619197
2754.374360672144	0.5260810615877745	trials	190726SL	p05	Z08115	28	12.0	45.0	4	2754.524360672144	2754.750441733732
2754.824642786491	0.53608110854384	trials	190726SL	p05	Z08115	1	0.0	0.0	4	2754.974642786491	2755.210723895035
2755.2949649949383	0.5260810615873197	trials	190726SL	p05	Z08115	118	12.0	315.0	4	2755.4449649949383	2755.6710460565255
2758.767301299656	0.5060409674870243	trials	190726SL	p05	Z08115	187	6.0	180.0	8	2758.917301299656	2759.123342267143
2759.1975833200904	0.5260810615877745	trials	190726SL	p05	Z08115	44	13.0	90.0	4	2759.3475833200905	2759.573664381678
2759.6478654344373	0.5260810615877745	trials	190726SL	p05	Z08115	337	6.0	270.0	12	2759.7978654344374	2760.023946496025
2760.098187548972	0.5260810615873197	trials	190726SL	p05	Z08115	180	14.0	135.0	8	2760.248187548972	2760.474268610559
2760.5484696633184	0.5260810615877745	trials	190726SL	p05	Z08115	98	7.0	270.0	4	2760.6984696633185	2760.924550724906
2760.998791777853	0.5260810615873197	trials	190726SL	p05	Z08115	324	8.0	225.0	12	2761.148791777853	2761.3748728394403
2761.4490738922	0.5260810615873197	trials	190726SL	p05	Z08115	230	4.0	315.0	8	2761.5990738922	2761.825154953787
2761.919396100647	0.5260810615873197	trials	190726SL	p05	Z08115	296	10.0	135.0	12	2762.0693961006473	2762.2954771622344
2765.6919338149924	0.5160810146312542	trials	190726SL	p05	Z08115	209	13.0	225.0	8	2765.8419338149924	2766.0580148296235
2766.1322158823828	0.5060809676751887	trials	190726SL	p05	Z08115	242	1.0	0.0	12	2766.282215882383	2766.488296850058
2766.572497949773	0.5260810615873197	trials	190726SL	p05	Z08115	42	11.0	90.0	4	2766.7224979497732	2766.9485790113604
2767.022820064308	0.5260810615877745	trials	190726SL	p05	Z08115	11	10.0	0.0	4	2767.172820064308	2767.3989011258955
2770.5251565098947	0.5160810146312542	trials	190726SL	p05	Z08115	227	1.0	315.0	8	2770.675156509895	2770.891237524526
2770.9854786713854	0.5260810615877745	trials	190726SL	p05	Z08115	350	4.0	315.0	12	2771.1354786713855	2771.361559732973
2771.4357607857323	0.5260810615873197	trials	190726SL	p05	Z08115	211	0.0	270.0	8	2771.5857607857324	2771.8118418473196
2771.896082947223	0.5060809676751887	trials	190726SL	p05	Z08115	32	1.0	90.0	4	2772.046082947223	2772.252163914898
2772.336365014614	0.5260810615873197	trials	190726SL	p05	Z08115	176	10.0	135.0	8	2772.486365014614	2772.712446076201
2772.7866871291485	0.5360811085433852	trials	190726SL	p05	Z08115	355	9.0	315.0	12	2772.9366871291486	2773.172768237692
2773.236969243495	0.5360811085433852	trials	190726SL	p05	Z08115	266	10.0	45.0	12	2773.386969243495	2773.6230503520383
2773.697291404986	0.5260810615873197	trials	190726SL	p05	Z08115	317	1.0	225.0	12	2773.847291404986	2774.0733724665733
2777.339748508524	0.5160410144435446	trials	190726SL	p05	Z08115	139	3.0	45.0	8	2777.489748508524	2777.7057895229673
2777.7900306228707	0.5260810615873197	trials	190726SL	p05	Z08115	193	12.0	180.0	8	2777.940030622871	2778.166111684458
2780.2917223698255	0.5060409674874791	trials	190726SL	p05	Z08115	2	1.0	0.0	4	2780.4417223698256	2780.647763337313
2780.7320044372163	0.5260810615877745	trials	190726SL	p05	Z08115	229	3.0	315.0	8	2780.8820044372164	2781.108085498804
2781.2023266456636	0.5260810615873197	trials	190726SL	p05	Z08115	137	1.0	45.0	8	2781.3523266456637	2781.578407707251
2781.6726488541103	0.5260810615877745	trials	190726SL	p05	Z08115	236	10.0	315.0	8	2781.8226488541104	2782.048729915698
2782.112930921501	0.5260810615873197	trials	190726SL	p05	Z08115	289	3.0	135.0	12	2782.2629309215013	2782.4890119830884
2784.85474379597	0.5260810615873197	trials	190726SL	p05	Z08115	331	0.0	270.0	12	2785.00474379597	2785.2308248575573
2785.3050659105043	0.4960409205314136	trials	190726SL	p05	Z08115	146	10.0	45.0	8	2785.4550659105043	2785.6511068310356
2785.735347930939	0.5260810615873197	trials	190726SL	p05	Z08115	304	3.0	180.0	12	2785.885347930939	2786.1114289925263
2786.1856700454737	0.5260810615873197	trials	190726SL	p05	Z08115	188	7.0	180.0	8	2786.3356700454738	2786.561751107061
2786.655952253733	0.5260810615873197	trials	190726SL	p05	Z08115	261	5.0	45.0	12	2786.8059522537333	2787.0320333153204
2787.1062743682673	0.5260810615873197	trials	190726SL	p05	Z08115	92	1.0	270.0	4	2787.2562743682674	2787.4823554298546
2787.5465564356577	0.5260810615873197	trials	190726SL	p05	Z08115	130	9.0	0.0	8	2787.696556435658	2787.922637497245
2787.9968785501924	0.5260810615877745	trials	190726SL	p05	Z08115	259	3.0	45.0	12	2788.1468785501925	2788.37295961178
2791.3490942908716	0.516081014631709	trials	190726SL	p05	Z08115	107	1.0	315.0	4	2791.4990942908717	2791.715175305503
2791.78941635845	0.5260810615873197	trials	190726SL	p05	Z08115	128	7.0	0.0	8	2791.93941635845	2792.1654974200374
2792.239698472797	0.5260810615873197	trials	190726SL	p05	Z08115	319	3.0	225.0	12	2792.389698472797	2792.6157795343843
2792.6900205873317	0.5260810615873197	trials	190726SL	p05	Z08115	7	6.0	0.0	4	2792.8400205873318	2793.066101648919
2796.562598771427	0.5060809676751887	trials	190726SL	p05	Z08115	147	11.0	45.0	8	2796.712598771427	2796.918679739102
2796.9928807918614	0.5260810615877745	trials	190726SL	p05	Z08115	223	12.0	270.0	8	2797.1428807918614	2797.368961853449
2797.443202906396	0.5260810615873197	trials	190726SL	p05	Z08115	351	5.0	315.0	12	2797.593202906396	2797.819283967983
2799.8247740893125	0.5060809676751887	trials	190726SL	p05	Z08115	268	12.0	45.0	12	2799.9747740893126	2800.1808550569876
2800.265096156891	0.5360811085433852	trials	190726SL	p05	Z08115	303	2.0	180.0	12	2800.415096156891	2800.6511772654344
2800.7253783181936	0.5260810615873197	trials	190726SL	p05	Z08115	349	3.0	315.0	12	2800.8753783181937	2801.101459379781
2801.1757004327287	0.5260810615873197	trials	190726SL	p05	Z08115	79	3.0	225.0	4	2801.325700432729	2801.551781494316
2801.625982547075	0.5260810615873197	trials	190726SL	p05	Z08115	91	0.0	270.0	4	2801.7759825470753	2802.0020636086624
2802.07630466161	0.5260810615873197	trials	190726SL	p05	Z08115	93	2.0	270.0	4	2802.22630466161	2802.452385723197
2802.5265867759567	0.5260810615873197	trials	190726SL	p05	Z08115	121	0.0	0.0	8	2802.676586775957	2802.902667837544
2802.976908890491	0.5260810615873197	trials	190726SL	p05	Z08115	96	5.0	270.0	4	2803.126908890491	2803.352989952078
2806.9195674036564	0.5160410144430898	trials	190726SL	p05	Z08115	313	12.0	180.0	12	2807.0695674036565	2807.2856084180994
2807.3798495649594	0.5260810615873197	trials	190726SL	p05	Z08115	300	14.0	135.0	12	2807.5298495649595	2807.7559306265466
2807.830171679494	0.5260810615873197	trials	190726SL	p05	Z08115	69	8.0	180.0	4	2807.980171679494	2808.2062527410812
2808.3004538877535	0.5260810615873197	trials	190726SL	p05	Z08115	135	14.0	0.0	8	2808.4504538877536	2808.6765349493407
2808.7507760022877	0.5260810615873197	trials	190726SL	p05	Z08115	49	3.0	135.0	4	2808.900776002288	2809.126857063875
2809.2010581166346	0.5260810615873197	trials	190726SL	p05	Z08115	219	8.0	270.0	8	2809.3510581166347	2809.577139178222
2811.6026693936515	0.5160810146307995	trials	190726SL	p05	Z08115	198	2.0	225.0	8	2811.7526693936516	2811.968750408282
2812.062991555142	0.5260810615873197	trials	190726SL	p05	Z08115	99	8.0	270.0	4	2812.2129915551423	2812.4390726167294
2812.523313716633	0.53608110854384	trials	190726SL	p05	Z08115	145	9.0	45.0	8	2812.673313716633	2812.9093948251766
2812.9835958779363	0.5260810615873197	trials	190726SL	p05	Z08115	257	1.0	45.0	12	2813.1335958779364	2813.3596769395235
2813.4339179924705	0.5260810615873197	trials	190726SL	p05	Z08115	40	9.0	90.0	4	2813.5839179924706	2813.8099990540577
2813.8842001068174	0.5260810615873197	trials	190726SL	p05	Z08115	134	13.0	0.0	8	2814.0342001068175	2814.2602811684046
2814.334522221352	0.5260810615873197	trials	190726SL	p05	Z08115	316	0.0	225.0	12	2814.484522221352	2814.7106032829392
2814.7848043356985	0.5260810615873197	trials	190726SL	p05	Z08115	35	4.0	90.0	4	2814.9348043356986	2815.1608853972857
2821.018993608986	0.4960409205314136	trials	190726SL	p05	Z08115	119	13.0	315.0	4	2821.168993608986	2821.3650345295173
2821.4392755824642	0.53608110854384	trials	190726SL	p05	Z08115	151	0.0	90.0	8	2821.5892755824643	2821.825356691008
2821.8895976969984	0.53608110854384	trials	190726SL	p05	Z08115	55	9.0	135.0	4	2822.0395976969985	2822.275678805542
2822.349879858302	0.5260810615873197	trials	190726SL	p05	Z08115	298	12.0	135.0	12	2822.499879858302	2822.725960919889
2822.800201972836	0.5260810615877745	trials	190726SL	p05	Z08115	123	2.0	0.0	8	2822.950201972836	2823.1762830344237
2823.250484087183	0.5260810615873197	trials	190726SL	p05	Z08115	140	4.0	45.0	8	2823.400484087183	2823.62656514877
2823.700806201718	0.5260810615873197	trials	190726SL	p05	Z08115	288	2.0	135.0	12	2823.850806201718	2824.0768872633053
2824.1510883160645	0.5260810615873197	trials	190726SL	p05	Z08115	228	2.0	315.0	8	2824.3010883160646	2824.5271693776517
2827.7735053255024	0.53608110854384	trials	190726SL	p05	Z08115	94	3.0	270.0	4	2827.9235053255024	2828.159586434046
2828.233827486993	0.506080967674734	trials	190726SL	p05	Z08115	357	11.0	315.0	12	2828.383827486993	2828.5899084546677
2828.664109507427	0.53608110854384	trials	190726SL	p05	Z08115	291	5.0	135.0	12	2828.814109507427	2829.0501906159707
2829.124431668918	0.5260810615877745	trials	190726SL	p05	Z08115	22	6.0	45.0	4	2829.274431668918	2829.5005127305058
2829.5747137832645	0.5260810615877745	trials	190726SL	p05	Z08115	238	12.0	315.0	8	2829.7247137832646	2829.950794844852
2830.0250358977996	0.5260810615873197	trials	190726SL	p05	Z08115	59	13.0	135.0	4	2830.1750358977997	2830.401116959387
2830.4753180121465	0.5260810615873197	trials	190726SL	p05	Z08115	201	5.0	225.0	8	2830.6253180121466	2830.851399073734
2830.915640079724	0.5260810615873197	trials	190726SL	p05	Z08115	294	8.0	135.0	12	2831.0656400797243	2831.2917211413114
2834.137775209597	0.5160810146312542	trials	190726SL	p05	Z08115	77	1.0	225.0	4	2834.287775209597	2834.503856224228
2834.5880973241315	0.5260810615873197	trials	190726SL	p05	Z08115	282	11.0	90.0	12	2834.7380973241316	2834.9641783857187
2835.0383794384784	0.5260810615873197	trials	190726SL	p05	Z08115	338	7.0	270.0	12	2835.1883794384785	2835.4144605000656
2835.4887015530126	0.5260810615873197	trials	190726SL	p05	Z08115	332	1.0	270.0	12	2835.6387015530127	2835.8647826146
2837.8802727828856	0.5160810146307995	trials	190726SL	p05	Z08115	246	5.0	0.0	12	2838.0302727828857	2838.2463537975163
2838.320554850276	0.5261210617750294	trials	190726SL	p05	Z08115	146	10.0	45.0	8	2838.470554850276	2838.696675912051
2838.77087696481	0.5260810615877745	trials	190726SL	p05	Z08115	359	13.0	315.0	12	2838.9208769648103	2839.146958026398
2839.2211990793453	0.5260810615873197	trials	190726SL	p05	Z08115	267	11.0	45.0	12	2839.3711990793454	2839.5972801409325
2839.6714811936918	0.5260810615877745	trials	190726SL	p05	Z08115	284	13.0	90.0	12	2839.821481193692	2840.0475622552794
2840.1218033082264	0.5260810615873197	trials	190726SL	p05	Z08115	188	7.0	180.0	8	2840.2718033082265	2840.4978843698136
2840.5921255166736	0.52604106139961	trials	190726SL	p05	Z08115	328	12.0	225.0	12	2840.7421255166737	2840.968166578073
2841.0424076310205	0.5260810615873197	trials	190726SL	p05	Z08115	233	7.0	315.0	8	2841.1924076310206	2841.4184886926078
2849.0177650801447	0.5160410144435446	trials	190726SL	p05	Z08115	356	10.0	315.0	12	2849.167765080145	2849.383806094588
2849.4580471475356	0.5260810615873197	trials	190726SL	p05	Z08115	26	10.0	45.0	4	2849.6080471475357	2849.834128209123
2849.9283693559823	0.5260810615877745	trials	190726SL	p05	Z08115	137	1.0	45.0	8	2850.0783693559824	2850.30445041757
2850.388651517286	0.5361211087310949	trials	190726SL	p05	Z08115	244	3.0	0.0	12	2850.538651517286	2850.774772626017
2850.858973725733	0.5260810615873197	trials	190726SL	p05	Z08115	205	9.0	225.0	8	2851.008973725733	2851.23505478732
2851.309295840267	0.53608110854384	trials	190726SL	p05	Z08115	147	11.0	45.0	8	2851.4592958402673	2851.695376948811
2851.7795780485267	0.5260810615873197	trials	190726SL	p05	Z08115	179	13.0	135.0	8	2851.9295780485268	2852.155659110114
2852.2299001630613	0.53608110854384	trials	190726SL	p05	Z08115	70	9.0	180.0	4	2852.3799001630614	2852.615981271605
2855.5721158567844	0.5160810146307995	trials	190726SL	p05	Z08115	234	8.0	315.0	8	2855.7221158567845	2855.938196871415
2856.0124379243625	0.5260810615877745	trials	190726SL	p05	Z08115	149	13.0	45.0	8	2856.1624379243626	2856.38851898595
2856.462760038897	0.5260410614000648	trials	190726SL	p05	Z08115	186	5.0	180.0	8	2856.6127600388972	2856.838801100297
2856.9330422471567	0.5260810615873197	trials	190726SL	p05	Z08115	62	1.0	180.0	4	2857.0830422471568	2857.309123308744
2857.3833643616913	0.5260810615873197	trials	190726SL	p05	Z08115	350	4.0	315.0	12	2857.5333643616914	2857.7594454232785
2857.8536465699503	0.5261210617754841	trials	190726SL	p05	Z08115	257	1.0	45.0	12	2858.0036465699504	2858.2297676317257
2858.3239687783976	0.5260810615873197	trials	190726SL	p05	Z08115	171	5.0	135.0	8	2858.4739687783976	2858.700049839985
2858.7842909398883	0.53608110854384	trials	190726SL	p05	Z08115	1	0.0	0.0	4	2858.9342909398883	2859.170372048432
2862.646869077028	0.5160810146312542	trials	190726SL	p05	Z08115	238	12.0	315.0	8	2862.796869077028	2863.012950091659
2863.1071912385187	0.5260810615877745	trials	190726SL	p05	Z08115	132	11.0	0.0	8	2863.2571912385188	2863.4832723001064
2863.537473258953	0.5260810615873197	trials	190726SL	p05	Z08115	92	1.0	270.0	4	2863.687473258953	2863.9135543205402
2863.987795373487	0.5260810615877745	trials	190726SL	p05	Z08115	145	9.0	45.0	8	2864.1377953734873	2864.363876435075
2864.438077487834	0.53608110854384	trials	190726SL	p05	Z08115	169	3.0	135.0	8	2864.588077487834	2864.824158596378
2864.898399649325	0.5260810615877745	trials	190726SL	p05	Z08115	177	11.0	135.0	8	2865.048399649325	2865.2744807109125
2865.3486817636717	0.5260810615873197	trials	190726SL	p05	Z08115	113	7.0	315.0	4	2865.498681763672	2865.724762825259
2865.788963831062	0.516081014631709	trials	190726SL	p05	Z08115	360	14.0	315.0	12	2865.938963831062	2866.1550448456937
2869.201259853855	0.506080967674734	trials	190726SL	p05	Z08115	289	3.0	135.0	12	2869.351259853855	2869.5573408215296
2869.6415819214335	0.5260810615873197	trials	190726SL	p05	Z08115	0			0	2869.7915819214336	2870.0176629830207
2870.09186403578	0.53608110854384	trials	190726SL	p05	Z08115	315	14.0	180.0	12	2870.24186403578	2870.4779451443237
2870.542146150127	0.5361211087310949	trials	190726SL	p05	Z08115	323	7.0	225.0	12	2870.692146150127	2870.928267258858
2871.0024683116176	0.5260810615873197	trials	190726SL	p05	Z08115	249	8.0	0.0	12	2871.1524683116177	2871.378549373205
2871.452790426152	0.5260810615877745	trials	190726SL	p05	Z08115	277	6.0	90.0	12	2871.6027904261523	2871.82887148774
2871.9030725404987	0.5260810615877745	trials	190726SL	p05	Z08115	310	9.0	180.0	12	2872.0530725404988	2872.2791536020864
2872.3533946550338	0.5260810615873197	trials	190726SL	p05	Z08115	290	4.0	135.0	12	2872.503394655034	2872.729475716621
2875.5855298318625	0.5060809676742792	trials	190726SL	p05	Z08115	42	11.0	90.0	4	2875.7355298318626	2875.9416107995366
2876.0158518524845	0.5060409674870243	trials	190726SL	p05	Z08115	353	7.0	315.0	12	2876.1658518524846	2876.3718928199714
2876.4461338729184	0.53608110854384	trials	190726SL	p05	Z08115	312	11.0	180.0	12	2876.5961338729185	2876.832214981462
2876.9064160342214	0.5260810615877745	trials	190726SL	p05	Z08115	14	13.0	0.0	4	2877.0564160342215	2877.282497095809
2877.356738148756	0.5260810615873197	trials	190726SL	p05	Z08115	228	2.0	315.0	8	2877.506738148756	2877.732819210343
2877.807020263103	0.5260810615873197	trials	190726SL	p05	Z08115	215	4.0	270.0	8	2877.957020263103	2878.18310132469
2878.2573423776375	0.5260810615873197	trials	190726SL	p05	Z08115	86	10.0	225.0	4	2878.4073423776376	2878.6334234392248
2878.6976244450275	0.5260810615877745	trials	190726SL	p05	Z08115	324	8.0	225.0	12	2878.8476244450276	2879.073705506615
2882.129920561733	0.516081014631709	trials	190726SL	p05	Z08115	15	14.0	0.0	4	2882.279920561733	2882.4960015763645
2882.560202582167	0.5260810615877745	trials	190726SL	p05	Z08115	41	10.0	90.0	4	2882.7102025821673	2882.936283643755
2883.010524696702	0.5260810615873197	trials	190726SL	p05	Z08115	97	6.0	270.0	4	2883.160524696702	2883.386605758289
2883.4708468581925	0.5260810615873197	trials	190726SL	p05	Z08115	159	8.0	90.0	8	2883.6208468581926	2883.84692791978
2883.931129019496	0.5260810615873197	trials	190726SL	p05	Z08115	118	12.0	315.0	4	2884.081129019496	2884.307210081083
2884.38145113403	0.5260810615873197	trials	190726SL	p05	Z08115	117	11.0	315.0	4	2884.5314511340302	2884.7575321956174
2884.831733248377	0.5260810615873197	trials	190726SL	p05	Z08115	194	13.0	180.0	8	2884.981733248377	2885.2078143099643
2885.2820553629117	0.5260810615873197	trials	190726SL	p05	Z08115	230	4.0	315.0	8	2885.432055362912	2885.658136424499
2889.384794627753	0.5260810615877745	trials	190726SL	p05	Z08115	348	2.0	315.0	12	2889.534794627753	2889.7608756893405
2889.845076789056	0.5261210617754841	trials	190726SL	p05	Z08115	11	10.0	0.0	4	2889.995076789056	2890.2211978508312
2892.346768536011	0.506080967674734	trials	190726SL	p05	Z08115	28	12.0	45.0	4	2892.496768536011	2892.7028495036857
2892.7770505564454	0.5260810615873197	trials	190726SL	p05	Z08115	185	4.0	180.0	8	2892.9270505564455	2893.1531316180326
2893.2273726709795	0.5260810615873197	trials	190726SL	p05	Z08115	98	7.0	270.0	4	2893.3773726709796	2893.603453732567
2893.6776547853265	0.5260810615873197	trials	190726SL	p05	Z08115	13	12.0	0.0	4	2893.8276547853266	2894.0537358469137
2894.127976899861	0.5260810615877745	trials	190726SL	p05	Z08115	183	2.0	180.0	8	2894.277976899861	2894.504057961449
2894.5782590142076	0.5260810615877745	trials	190726SL	p05	Z08115	318	2.0	225.0	12	2894.7282590142077	2894.9543400757952
2895.0285811287426	0.5360811085433852	trials	190726SL	p05	Z08115	105	14.0	270.0	4	2895.1785811287427	2895.414662237286
2895.478863243089	0.53608110854384	trials	190726SL	p05	Z08115	192	11.0	180.0	8	2895.628863243089	2895.864944351633
2899.061280064702	0.5160810146312542	trials	190726SL	p05	Z08115	94	3.0	270.0	4	2899.211280064702	2899.427361079333
2899.501562132092	0.5260810615877745	trials	190726SL	p05	Z08115	154	3.0	90.0	8	2899.6515621320923	2899.87764319368
2899.9618842935834	0.5360811085433852	trials	190726SL	p05	Z08115	254	13.0	0.0	12	2900.1118842935834	2900.3479654021266
2900.4221664548863	0.5261210617754841	trials	190726SL	p05	Z08115	182	1.0	180.0	8	2900.5721664548864	2900.7982875166617
2900.882488616377	0.53608110854384	trials	190726SL	p05	Z08115	272	1.0	90.0	12	2901.032488616377	2901.268569724921
2901.332810730911	0.53608110854384	trials	190726SL	p05	Z08115	81	5.0	225.0	4	2901.4828107309113	2901.718891839455
2901.7930928922146	0.5260810615873197	trials	190726SL	p05	Z08115	306	5.0	180.0	12	2901.9430928922147	2902.169173953802
2902.2534150537053	0.53608110854384	trials	190726SL	p05	Z08115	48	2.0	135.0	4	2902.4034150537054	2902.639496162249
2905.9458723920247	0.516081014631709	trials	190726SL	p05	Z08115	319	3.0	225.0	12	2906.095872392025	2906.3119534066564
2906.3861944596033	0.5260810615873197	trials	190726SL	p05	Z08115	302	1.0	180.0	12	2906.5361944596034	2906.7622755211905
2906.8564766678624	0.5260810615873197	trials	190726SL	p05	Z08115	253	12.0	0.0	12	2907.0064766678624	2907.2325577294496
2907.306798782397	0.5260810615877745	trials	190726SL	p05	Z08115	214	3.0	270.0	8	2907.456798782397	2907.6828798439847
2907.7571208969316	0.5260410614000648	trials	190726SL	p05	Z08115	262	6.0	45.0	12	2907.9071208969317	2908.1331619583316
2908.2074030112785	0.53608110854384	trials	190726SL	p05	Z08115	333	2.0	270.0	12	2908.3574030112786	2908.5934841198223
2908.667725172769	0.5260810615873197	trials	190726SL	p05	Z08115	104	13.0	270.0	4	2908.8177251727693	2909.0438062343565
2909.118007287116	0.5260810615873197	trials	190726SL	p05	Z08115	65	4.0	180.0	4	2909.2680072871162	2909.4940883487034
2912.7704644376104	0.4960409205305041	trials	190726SL	p05	Z08115	174	8.0	135.0	8	2912.9204644376105	2913.116505358141
2913.1907464110886	0.53608110854384	trials	190726SL	p05	Z08115	173	7.0	135.0	8	2913.3407464110887	2913.5768275196324
2915.5122773120793	0.5060809676751887	trials	190726SL	p05	Z08115	258	2.0	45.0	12	2915.6622773120794	2915.8683582797544
2915.952599379658	0.5260810615873197	trials	190726SL	p05	Z08115	95	4.0	270.0	4	2916.102599379658	2916.328680441245
2916.4229215881046	0.5260810615877745	trials	190726SL	p05	Z08115	172	6.0	135.0	8	2916.5729215881047	2916.7990026496923
2916.893203796364	0.5260810615877745	trials	190726SL	p05	Z08115	59	13.0	135.0	4	2917.043203796364	2917.269284857952
2917.3435259108987	0.5260810615873197	trials	190726SL	p05	Z08115	181	0.0	180.0	8	2917.493525910899	2917.719606972486
2917.783807978289	0.5260810615873197	trials	190726SL	p05	Z08115	325	9.0	225.0	12	2917.933807978289	2918.1598890398764
2918.24413013978	0.5260810615873197	trials	190726SL	p05	Z08115	140	4.0	45.0	8	2918.39413013978	2918.620211201367
2918.714452348227	0.5260810615873197	trials	190726SL	p05	Z08115	243	2.0	0.0	12	2918.864452348227	2919.0905334098143
2922.456949921516	0.49604092053095883	trials	190726SL	p05	Z08115	100	9.0	270.0	4	2922.606949921516	2922.8029908420467
2922.8972319889067	0.5260810615873197	trials	190726SL	p05	Z08115	203	7.0	225.0	8	2923.047231988907	2923.273313050494
2923.347554103441	0.5260810615873197	trials	190726SL	p05	Z08115	153	2.0	90.0	8	2923.497554103441	2923.723635165028
2926.239487682817	0.516081014631709	trials	190726SL	p05	Z08115	176	10.0	135.0	8	2926.389487682817	2926.6055686974487
2926.679769750208	0.5260810615873197	trials	190726SL	p05	Z08115	189	8.0	180.0	8	2926.829769750208	2927.055850811795
2927.1400919116986	0.53608110854384	trials	190726SL	p05	Z08115	93	2.0	270.0	4	2927.2900919116987	2927.5261730202424
2927.610414120146	0.5260810615873197	trials	190726SL	p05	Z08115	58	12.0	135.0	4	2927.760414120146	2927.986495181733
2928.0606962344923	0.5260810615877745	trials	190726SL	p05	Z08115	346	0.0	315.0	12	2928.2106962344924	2928.43677729608
2928.5110183490274	0.5360811085433852	trials	190726SL	p05	Z08115	161	10.0	90.0	8	2928.6610183490275	2928.8970994575707
2928.951300416418	0.5260810615873197	trials	190726SL	p05	Z08115	322	6.0	225.0	12	2929.101300416418	2929.327381478005
2929.4216226248645	0.5260810615877745	trials	190726SL	p05	Z08115	158	7.0	90.0	8	2929.5716226248646	2929.797703686452
2932.6637978488375	0.5160410144435446	trials	190726SL	p05	Z08115	349	3.0	315.0	12	2932.8137978488376	2933.029838863281
2933.1140799631844	0.5260810615873197	trials	190726SL	p05	Z08115	305	4.0	180.0	12	2933.2640799631845	2933.4901610247716
2933.584402171631	0.5260810615877745	trials	190726SL	p05	Z08115	0			0	2933.7344021716312	2933.960483233219
2934.0346842859776	0.5260810615882292	trials	190726SL	p05	Z08115	77	1.0	225.0	4	2934.1846842859777	2934.4107653475658
2934.5050064944253	0.5260810615873197	trials	190726SL	p05	Z08115	69	8.0	180.0	4	2934.6550064944254	2934.8810875560125
2934.975328702872	0.5260810615877745	trials	190726SL	p05	Z08115	144	8.0	45.0	8	2935.125328702872	2935.3514097644597
2935.435650864363	0.5360811085433852	trials	190726SL	p05	Z08115	80	4.0	225.0	4	2935.5856508643633	2935.8217319729065
2935.8859329787097	0.53608110854384	trials	190726SL	p05	Z08115	96	5.0	270.0	4	2936.0359329787098	2936.2720140872534
2939.2581888134896	0.5260810615873197	trials	190726SL	p05	Z08115	33	2.0	90.0	4	2939.4081888134897	2939.634269875077
2939.698510881068	0.53608110854384	trials	190726SL	p05	Z08115	190	9.0	180.0	8	2939.8485108810683	2940.084591989612
2940.1587930423707	0.5260810615873197	trials	190726SL	p05	Z08115	120	14.0	315.0	4	2940.308793042371	2940.534874103958
2940.5891150629927	0.5260410614000648	trials	190726SL	p05	Z08115	260	4.0	45.0	12	2940.739115062993	2940.9651561243927
2941.0593972712522	0.5260810615877745	trials	190726SL	p05	Z08115	142	6.0	45.0	8	2941.2093972712523	2941.43547833284
2941.5297194796995	0.5260810615873197	trials	190726SL	p05	Z08115	294	8.0	135.0	12	2941.6797194796995	2941.9058005412867
2941.980041594234	0.5260810615873197	trials	190726SL	p05	Z08115	27	11.0	45.0	4	2942.130041594234	2942.3561226558213
2942.450323802493	0.5260810615877745	trials	190726SL	p05	Z08115	166	0.0	135.0	8	2942.600323802493	2942.826404864081
2949.0647548612455	0.5060809676751887	trials	190726SL	p05	Z08115	138	2.0	45.0	8	2949.2147548612456	2949.4208358289206
2949.505076928824	0.5260810615873197	trials	190726SL	p05	Z08115	121	0.0	0.0	8	2949.655076928824	2949.8811579904113
2949.9753991372713	0.5260810615873197	trials	190726SL	p05	Z08115	9	8.0	0.0	4	2950.1253991372714	2950.3514801988586
2950.405681157705	0.5260810615873197	trials	190726SL	p05	Z08115	273	2.0	90.0	12	2950.5556811577053	2950.7817622192924
2950.8760033661524	0.5260810615873197	trials	190726SL	p05	Z08115	293	7.0	135.0	12	2951.0260033661525	2951.2520844277396
2951.3262854804993	0.5260810615873197	trials	190726SL	p05	Z08115	101	10.0	270.0	4	2951.4762854804994	2951.7023665420866
2951.776607595034	0.5260810615873197	trials	190726SL	p05	Z08115	91	0.0	270.0	4	2951.926607595034	2952.152688656621
2952.2268897093804	0.53608110854384	trials	190726SL	p05	Z08115	150	14.0	45.0	8	2952.3768897093805	2952.612970817924
2955.6391857321737	0.5160410144426351	trials	190726SL	p05	Z08115	316	0.0	225.0	12	2955.789185732174	2956.0052267466162
2956.0894678465197	0.53608110854384	trials	190726SL	p05	Z08115	56	10.0	135.0	4	2956.23946784652	2956.4755489550635
2956.5497900080113	0.5260810615873197	trials	190726SL	p05	Z08115	23	7.0	45.0	4	2956.6997900080114	2956.9258710695985
2957.010072169314	0.5361211087320044	trials	190726SL	p05	Z08115	5	4.0	0.0	4	2957.160072169314	2957.3961932780458
2957.4603942838485	0.53608110854384	trials	190726SL	p05	Z08115	129	8.0	0.0	8	2957.6103942838486	2957.846475392392
2957.9207164453396	0.5260810615873197	trials	190726SL	p05	Z08115	46	0.0	135.0	4	2958.0707164453397	2958.296797506927
2958.370998559686	0.5260810615877745	trials	190726SL	p05	Z08115	307	6.0	180.0	12	2958.520998559686	2958.7470796212738
2958.8213206742207	0.5260810615873197	trials	190726SL	p05	Z08115	326	10.0	225.0	12	2958.971320674221	2959.197401735808
2962.2736168848382	0.516081014631709	trials	190726SL	p05	Z08115	31	0.0	90.0	4	2962.4236168848383	2962.63969789947
2962.713898952229	0.5260810615873197	trials	190726SL	p05	Z08115	281	10.0	90.0	12	2962.863898952229	2963.0899800138163
2963.184221160676	0.5260810615877745	trials	190726SL	p05	Z08115	19	3.0	45.0	4	2963.334221160676	2963.5603022222635
2963.634543275211	0.5260810615873197	trials	190726SL	p05	Z08115	180	14.0	135.0	8	2963.784543275211	2964.010624336798
2964.084825389558	0.5360811085433852	trials	190726SL	p05	Z08115	219	8.0	270.0	8	2964.234825389558	2964.470906498101
2964.5451475510486	0.5260810615873197	trials	190726SL	p05	Z08115	34	3.0	90.0	4	2964.6951475510486	2964.921228612636
2965.005429712351	0.5261210617754841	trials	190726SL	p05	Z08115	66	5.0	180.0	4	2965.155429712351	2965.3815507741265
2965.4557518268857	0.53608110854384	trials	190726SL	p05	Z08115	245	4.0	0.0	12	2965.605751826886	2965.8418329354295
2968.7980075207965	0.5060409674874791	trials	190726SL	p05	Z08115	265	9.0	45.0	12	2968.9480075207966	2969.154048488284
2969.2382895881874	0.5260810615877745	trials	190726SL	p05	Z08115	227	1.0	315.0	8	2969.3882895881875	2969.614370649775
2969.688571702534	0.5260810615877745	trials	190726SL	p05	Z08115	61	0.0	180.0	4	2969.838571702534	2970.0646527641215
2970.158893910981	0.5260810615873197	trials	190726SL	p05	Z08115	288	2.0	135.0	12	2970.308893910981	2970.5349749725683
2970.6092160255157	0.5260810615877745	trials	190726SL	p05	Z08115	106	0.0	315.0	4	2970.759216025516	2970.9852970871034
2971.0594981398626	0.5360811085433852	trials	190726SL	p05	Z08115	157	6.0	90.0	8	2971.2094981398627	2971.445579248406
2971.5298203483094	0.5260810615877745	trials	190726SL	p05	Z08115	136	0.0	45.0	8	2971.6798203483095	2971.905901409897
2971.9801424628445	0.5260410613991553	trials	190726SL	p05	Z08115	87	11.0	225.0	4	2972.1301424628446	2972.3561835242435
2975.5425191903564	0.5160410144435446	trials	190726SL	p05	Z08115	206	10.0	225.0	8	2975.6925191903565	2975.9085602048
2975.982801257747	0.5260810615873197	trials	190726SL	p05	Z08115	221	10.0	270.0	8	2976.132801257747	2976.358882319334
2976.433123372282	0.5260810615873197	trials	190726SL	p05	Z08115	40	9.0	90.0	4	2976.583123372282	2976.809204433869
2976.903405580541	0.5260810615873197	trials	190726SL	p05	Z08115	266	10.0	45.0	12	2977.053405580541	2977.279486642128
2977.3537276950756	0.5260810615873197	trials	190726SL	p05	Z08115	297	11.0	135.0	12	2977.5037276950757	2977.729808756663
2977.8240499035223	0.5260810615877745	trials	190726SL	p05	Z08115	224	13.0	270.0	8	2977.9740499035224	2978.20013096511
2978.284332064826	0.53608110854384	trials	190726SL	p05	Z08115	211	0.0	270.0	8	2978.434332064826	2978.6704131733695
2978.73465417936	0.53608110854384	trials	190726SL	p05	Z08115	299	13.0	135.0	12	2978.88465417936	2979.1207352879037
2982.0769098732712	0.5060409674870243	trials	190726SL	p05	Z08115	127	6.0	0.0	8	2982.2269098732713	2982.432950840758
2982.5171919406616	0.5260810615873197	trials	190726SL	p05	Z08115	226	0.0	315.0	8	2982.6671919406617	2982.893273002249
2982.9674740550086	0.53608110854384	trials	190726SL	p05	Z08115	268	12.0	45.0	12	2983.1174740550086	2983.3535551635523
2983.4377962634558	0.5260810615873197	trials	190726SL	p05	Z08115	292	6.0	135.0	12	2983.587796263456	2983.813877325043
2983.88811837799	0.5260810615877745	trials	190726SL	p05	Z08115	45	14.0	90.0	4	2984.03811837799	2984.2641994395776
2984.338400492337	0.53608110854384	trials	190726SL	p05	Z08115	311	10.0	180.0	12	2984.488400492337	2984.7244816008806
2984.7987226538276	0.5260810615873197	trials	190726SL	p05	Z08115	73	12.0	180.0	4	2984.9487226538276	2985.174803715415
2985.2490047681745	0.5260810615873197	trials	190726SL	p05	Z08115	276	5.0	90.0	12	2985.3990047681746	2985.6250858297617
2988.8914618717126	0.5160410144430898	trials	190726SL	p05	Z08115	184	3.0	180.0	8	2989.0414618717127	2989.2575028861556
2989.331743939103	0.506080967674734	trials	190726SL	p05	Z08115	321	5.0	225.0	12	2989.481743939103	2989.6878249067777
2989.7620259595374	0.5260810615873197	trials	190726SL	p05	Z08115	55	9.0	135.0	4	2989.9120259595375	2990.1381070211246
2990.212348074072	0.5260810615877745	trials	190726SL	p05	Z08115	217	6.0	270.0	8	2990.362348074072	2990.5884291356597
2990.682670282519	0.5260810615873197	trials	190726SL	p05	Z08115	72	11.0	180.0	4	2990.8326702825193	2991.0587513441064
2991.1329523968657	0.5260810615873197	trials	190726SL	p05	Z08115	357	11.0	315.0	12	2991.2829523968658	2991.509033458453
2991.603274605313	0.5260810615873197	trials	190726SL	p05	Z08115	170	4.0	135.0	8	2991.753274605313	2991.9793556669
2992.0435566727033	0.5160810146312542	trials	190726SL	p05	Z08115	134	13.0	0.0	8	2992.1935566727034	2992.4096376873345
2995.746054058167	0.49604092053095883	trials	190726SL	p05	Z08115	99	8.0	270.0	4	2995.896054058167	2996.092094978698
2996.1863361255573	0.5260810615877745	trials	190726SL	p05	Z08115	85	9.0	225.0	4	2996.3363361255574	2996.562417187145
2996.6566583340045	0.5260810615877745	trials	190726SL	p05	Z08115	196	0.0	225.0	8	2996.8066583340046	2997.032739395592
2997.1169404953075	0.5261210617754841	trials	190726SL	p05	Z08115	49	3.0	135.0	4	2997.2669404953076	2997.493061557083
2997.5872627037547	0.5260810615873197	trials	190726SL	p05	Z08115	204	8.0	225.0	8	2997.737262703755	2997.963343765342
2998.057584912202	0.5260810615873197	trials	190726SL	p05	Z08115	279	8.0	90.0	12	2998.207584912202	2998.433665973789
2998.527907120649	0.5260810615873197	trials	190726SL	p05	Z08115	241	0.0	0.0	12	2998.6779071206493	2998.9039881822364
2998.9782292351833	0.52604106139961	trials	190726SL	p05	Z08115	10	9.0	0.0	4	2999.1282292351834	2999.354270296583
3002.5306059157397	0.5060409674870243	trials	190726SL	p05	Z08115	78	2.0	225.0	4	3002.6806059157398	3002.8866468832266
3002.97088798313	0.5260810615873197	trials	190726SL	p05	Z08115	8	7.0	0.0	4	3003.12088798313	3003.3469690447173
3003.421170097477	0.5361211087310949	trials	190726SL	p05	Z08115	256	0.0	45.0	12	3003.571170097477	3003.807291206208
3003.8814922589677	0.5260810615873197	trials	190726SL	p05	Z08115	285	14.0	90.0	12	3004.031492258968	3004.257573320555
3004.331814373502	0.5260410614000648	trials	190726SL	p05	Z08115	64	3.0	180.0	4	3004.481814373502	3004.707855434902
3004.782096487849	0.5260810615873197	trials	190726SL	p05	Z08115	17	1.0	45.0	4	3004.932096487849	3005.158177549436
3005.2323786021957	0.5260810615873197	trials	190726SL	p05	Z08115	329	13.0	225.0	12	3005.382378602196	3005.608459663783
3005.68270071673	0.5260810615882292	trials	190726SL	p05	Z08115	296	10.0	135.0	12	3005.83270071673	3006.058781778318
3009.1550370214486	0.5160410144435446	trials	190726SL	p05	Z08115	336	5.0	270.0	12	3009.3050370214487	3009.521078035892
3009.5853190418825	0.5260810615873197	trials	190726SL	p05	Z08115	313	12.0	180.0	12	3009.7353190418826	3009.9614001034697
3010.0356011562294	0.5260810615873197	trials	190726SL	p05	Z08115	7	6.0	0.0	4	3010.1856011562295	3010.4116822178166
3010.485923270764	0.5260810615873197	trials	190726SL	p05	Z08115	282	11.0	90.0	12	3010.635923270764	3010.8620043323513
3010.9362053851105	0.5260810615873197	trials	190726SL	p05	Z08115	71	10.0	180.0	4	3011.0862053851106	3011.3122864466977
3011.4065275935577	0.5260810615873197	trials	190726SL	p05	Z08115	29	13.0	45.0	4	3011.556527593558	3011.782608655145
3011.856849708093	0.5260810615873197	trials	190726SL	p05	Z08115	0			0	3012.006849708093	3012.23293076968
3012.327131916352	0.5260810615873197	trials	190726SL	p05	Z08115	36	5.0	90.0	4	3012.477131916352	3012.703212977939
3016.2097501475914	0.53608110854384	trials	190726SL	p05	Z08115	135	14.0	0.0	8	3016.3597501475915	3016.595831256135
3016.6900724029947	0.5260810615877745	trials	190726SL	p05	Z08115	320	4.0	225.0	12	3016.840072402995	3017.0661534645824
3017.1403945175293	0.5260410614000648	trials	190726SL	p05	Z08115	38	7.0	90.0	4	3017.2903945175294	3017.5164355789293
3017.5906766318762	0.5260810615873197	trials	190726SL	p05	Z08115	151	0.0	90.0	8	3017.7406766318763	3017.9667576934635
3018.040958746223	0.5260810615873197	trials	190726SL	p05	Z08115	47	1.0	135.0	4	3018.1909587462233	3018.4170398078104
3018.4912808607573	0.5260810615873197	trials	190726SL	p05	Z08115	75	14.0	180.0	4	3018.6412808607574	3018.8673619223446
3018.941602975292	0.53608110854384	trials	190726SL	p05	Z08115	54	8.0	135.0	4	3019.091602975292	3019.3276840838357
3019.401885136595	0.5260810615873197	trials	190726SL	p05	Z08115	298	12.0	135.0	12	3019.551885136595	3019.777966198182
3023.484624307524	0.506080967674734	trials	190726SL	p05	Z08115	133	12.0	0.0	8	3023.634624307524	3023.8407052751986
3023.9249063749144	0.53608110854384	trials	190726SL	p05	Z08115	139	3.0	45.0	8	3024.0749063749145	3024.310987483458
3024.3651884423048	0.5261210617750294	trials	190726SL	p05	Z08115	76	0.0	225.0	4	3024.515188442305	3024.7413095040797
3024.815510556839	0.5260810615877745	trials	190726SL	p05	Z08115	155	4.0	90.0	8	3024.965510556839	3025.1915916184266
3025.265832671374	0.5260810615873197	trials	190726SL	p05	Z08115	162	11.0	90.0	8	3025.415832671374	3025.6419137329613
3025.736114879633	0.5260810615873197	trials	190726SL	p05	Z08115	114	8.0	315.0	4	3025.886114879633	3026.1121959412203
3026.1764369472116	0.5260810615873197	trials	190726SL	p05	Z08115	278	7.0	90.0	12	3026.3264369472117	3026.552518008799
3026.6067189676455	0.5260810615873197	trials	190726SL	p05	Z08115	308	7.0	180.0	12	3026.7567189676456	3026.9828000292327
3030.1991358362143	0.5060409674874791	trials	190726SL	p05	Z08115	287	1.0	135.0	12	3030.3491358362144	3030.5551768037017
3030.639417903605	0.5260810615877745	trials	190726SL	p05	Z08115	229	3.0	315.0	8	3030.789417903605	3031.015498965193
3031.099700064908	0.5361211087315496	trials	190726SL	p05	Z08115	295	9.0	135.0	12	3031.249700064908	3031.4858211736396
3031.560022226399	0.5260810615873197	trials	190726SL	p05	Z08115	270	14.0	45.0	12	3031.710022226399	3031.936103287986
3032.0103443409334	0.5260810615877745	trials	190726SL	p05	Z08115	163	12.0	90.0	8	3032.1603443409335	3032.386425402521
3032.4606264552804	0.5260810615873197	trials	190726SL	p05	Z08115	60	14.0	135.0	4	3032.6106264552805	3032.8367075168676
3032.910948569815	0.5260810615873197	trials	190726SL	p05	Z08115	67	6.0	180.0	4	3033.060948569815	3033.287029631402
3033.361230684162	0.5260810615873197	trials	190726SL	p05	Z08115	301	0.0	180.0	12	3033.511230684162	3033.737311745749
3036.9036073177613	0.49608092071912324	trials	190726SL	p05	Z08115	102	11.0	270.0	4	3037.0536073177614	3037.2496882384803
3039.6955004273873	0.5160410144435446	trials	190726SL	p05	Z08115	248	7.0	0.0	12	3039.8455004273874	3040.0615414418307
3040.1357824947777	0.5260810615877745	trials	190726SL	p05	Z08115	168	2.0	135.0	8	3040.285782494778	3040.5118635563654
3040.5860646091246	0.5260810615873197	trials	190726SL	p05	Z08115	187	6.0	180.0	8	3040.7360646091247	3040.962145670712
3041.056386817572	0.5260810615873197	trials	190726SL	p05	Z08115	84	8.0	225.0	4	3041.206386817572	3041.432467879159
3041.5067089321064	0.5260810615873197	trials	190726SL	p05	Z08115	239	13.0	315.0	8	3041.6567089321065	3041.8827899936937
3041.9770311405537	0.52604106139961	trials	190726SL	p05	Z08115	108	2.0	315.0	4	3042.1270311405538	3042.353072201953
3042.4273132549	0.5260810615873197	trials	190726SL	p05	Z08115	123	2.0	0.0	8	3042.5773132549	3042.8033943164874
3042.8976354633473	0.5260810615873197	trials	190726SL	p05	Z08115	43	12.0	90.0	4	3043.0476354633474	3043.2737165249346
3046.5800927547107	0.506080967674734	trials	190726SL	p05	Z08115	202	6.0	225.0	8	3046.7300927547108	3046.9361737223853
3047.0103747751446	0.5260810615877745	trials	190726SL	p05	Z08115	259	3.0	45.0	12	3047.1603747751446	3047.3864558367322
3047.460696889679	0.5260810615873197	trials	190726SL	p05	Z08115	193	12.0	180.0	8	3047.6106968896793	3047.8367779512664
3047.910979004026	0.5260810615873197	trials	190726SL	p05	Z08115	341	10.0	270.0	12	3048.060979004026	3048.2870600656133
3048.3512610714165	0.5261210617754841	trials	190726SL	p05	Z08115	250	9.0	0.0	12	3048.5012610714166	3048.727382133192
3048.801583185951	0.5260810615873197	trials	190726SL	p05	Z08115	53	7.0	135.0	4	3048.951583185951	3049.1776642475384
3049.2519053004858	0.5260810615873197	trials	190726SL	p05	Z08115	197	1.0	225.0	8	3049.401905300486	3049.627986362073
3049.7021874148327	0.5260810615873197	trials	190726SL	p05	Z08115	44	13.0	90.0	4	3049.8521874148328	3050.07826847642
3053.1444835784937	0.516081014631709	trials	190726SL	p05	Z08115	327	11.0	225.0	12	3053.294483578494	3053.5105645931253
3053.5848056460723	0.5260810615873197	trials	190726SL	p05	Z08115	240	14.0	315.0	8	3053.7348056460723	3053.9608867076595
3054.0550878543318	0.5260810615873197	trials	190726SL	p05	Z08115	263	7.0	45.0	12	3054.205087854332	3054.431168915919
3054.5054099688664	0.5260810615873197	trials	190726SL	p05	Z08115	165	14.0	90.0	8	3054.6554099688665	3054.8814910304536
3054.965692130169	0.5361211087320044	trials	190726SL	p05	Z08115	2	1.0	0.0	4	3055.115692130169	3055.351813238901
3055.436014338616	0.5260810615873197	trials	190726SL	p05	Z08115	222	11.0	270.0	8	3055.586014338616	3055.8120954002034
3055.886336453151	0.5360811085433852	trials	190726SL	p05	Z08115	130	9.0	0.0	8	3056.0363364531513	3056.2724175616945
3056.356658661598	0.5260810615877745	trials	190726SL	p05	Z08115	309	8.0	180.0	12	3056.506658661598	3056.7327397231857
3059.8889952480536	0.5160810146312542	trials	190726SL	p05	Z08115	0			0	3060.0389952480537	3060.2550762626847
3060.339317362588	0.5260810615877745	trials	190726SL	p05	Z08115	252	11.0	0.0	12	3060.4893173625883	3060.715398424176
3060.8096395710354	0.5260810615873197	trials	190726SL	p05	Z08115	337	6.0	270.0	12	3060.9596395710355	3061.1857206326226
3061.279961779482	0.5260810615877745	trials	190726SL	p05	Z08115	343	12.0	270.0	12	3061.4299617794823	3061.65604284107
3061.710243799917	0.5260810615873197	trials	190726SL	p05	Z08115	232	6.0	315.0	8	3061.860243799917	3062.086324861504
3062.1605259142634	0.5260810615873197	trials	190726SL	p05	Z08115	210	14.0	225.0	8	3062.3105259142635	3062.5366069758506
3062.610848028798	0.53608110854384	trials	190726SL	p05	Z08115	339	8.0	270.0	12	3062.760848028798	3062.996929137342
3063.061130143145	0.53608110854384	trials	190726SL	p05	Z08115	4	3.0	0.0	4	3063.211130143145	3063.4472112516887
3066.7235873405957	0.4960409205305041	trials	190726SL	p05	Z08115	334	3.0	270.0	12	3066.873587340596	3067.069628261126
3067.1438693140735	0.5260810615873197	trials	190726SL	p05	Z08115	218	7.0	270.0	8	3067.2938693140736	3067.5199503756608
3067.59415142842	0.5361211087320044	trials	190726SL	p05	Z08115	125	4.0	0.0	8	3067.74415142842	3067.980272537152
3068.0344734959986	0.5260810615873197	trials	190726SL	p05	Z08115	358	12.0	315.0	12	3068.1844734959986	3068.410554557586
3068.5047957044458	0.5260810615873197	trials	190726SL	p05	Z08115	152	1.0	90.0	8	3068.654795704446	3068.880876766033
3068.9550778187922	0.5260810615877745	trials	190726SL	p05	Z08115	209	13.0	225.0	8	3069.1050778187923	3069.33115888038
3069.405399933327	0.5260810615873197	trials	190726SL	p05	Z08115	269	13.0	45.0	12	3069.555399933327	3069.781480994914
3069.875722141774	0.52604106139961	trials	190726SL	p05	Z08115	148	12.0	45.0	8	3070.025722141774	3070.2517632031736
3096.6736479742362	0.5060809676751887	trials	190726SL	p05	Z08115	126	5.0	0.0	8	3096.8236479742363	3097.0297289419113
3097.103929994671	0.5260810615873197	trials	190726SL	p05	Z08115	116	10.0	315.0	4	3097.253929994671	3097.4800110562583
3097.554252109205	0.5260810615873197	trials	190726SL	p05	Z08115	122	1.0	0.0	8	3097.7042521092053	3097.9303331707924
3098.004534223552	0.5260810615873197	trials	190726SL	p05	Z08115	264	8.0	45.0	12	3098.154534223552	3098.3806152851394
3100.69634686324	0.5160810146307995	trials	190726SL	p05	Z08115	330	14.0	225.0	12	3100.84634686324	3101.0624278778705
3101.126628883674	0.5360811085433852	trials	190726SL	p05	Z08115	3	2.0	0.0	4	3101.276628883674	3101.5127099922174
3101.586951045165	0.5260810615873197	trials	190726SL	p05	Z08115	275	4.0	90.0	12	3101.736951045165	3101.963032106752
3102.0372331595113	0.5260810615877745	trials	190726SL	p05	Z08115	112	6.0	315.0	4	3102.1872331595114	3102.413314221099
3102.4875552740464	0.5260810615873197	trials	190726SL	p05	Z08115	304	3.0	180.0	12	3102.6375552740465	3102.8636363356336
3102.937837388393	0.5260810615877745	trials	190726SL	p05	Z08115	251	10.0	0.0	12	3103.087837388393	3103.3139184499805
3103.3881595029275	0.5260810615873197	trials	190726SL	p05	Z08115	191	10.0	180.0	8	3103.5381595029276	3103.7642405645147
3103.8384416172744	0.5260810615873197	trials	190726SL	p05	Z08115	303	2.0	180.0	12	3103.9884416172745	3104.2145226788616
3108.5616237954696	0.5260810615877745	trials	190726SL	p05	Z08115	255	14.0	0.0	12	3108.7116237954697	3108.9377048570573
3115.5862967805565	0.5261210617754841	trials	190726SL	p05	Z08115	167	1.0	135.0	8	3115.7362967805566	3115.962417842332
3116.0366188950907	0.5260810615877745	trials	190726SL	p05	Z08115	300	14.0	135.0	12	3116.1866188950908	3116.4126999566784
3116.4869410096258	0.5260810615873197	trials	190726SL	p05	Z08115	207	11.0	225.0	8	3116.636941009626	3116.863022071213
3116.9372231239727	0.5260810615873197	trials	190726SL	p05	Z08115	115	9.0	315.0	4	3117.0872231239728	3117.31330418556
3117.387545238507	0.5260810615873197	trials	190726SL	p05	Z08115	83	7.0	225.0	4	3117.537545238507	3117.763626300094
3117.857827446766	0.5260810615873197	trials	190726SL	p05	Z08115	89	13.0	225.0	4	3118.007827446766	3118.233908508353
3118.308149561301	0.5260810615873197	trials	190726SL	p05	Z08115	231	5.0	315.0	8	3118.458149561301	3118.684230622888
3118.7584316756474	0.5260810615877745	trials	190726SL	p05	Z08115	57	11.0	135.0	4	3118.9084316756475	3119.134512737235
3122.200767839497	0.5160410144430898	trials	190726SL	p05	Z08115	335	4.0	270.0	12	3122.350767839497	3122.56680885394
3122.6410499068875	0.5260810615873197	trials	190726SL	p05	Z08115	213	2.0	270.0	8	3122.7910499068876	3123.0171309684747
3123.091332021234	0.5260810615877745	trials	190726SL	p05	Z08115	198	2.0	225.0	8	3123.241332021234	3123.4674130828216
3123.5416541357686	0.5260810615873197	trials	190726SL	p05	Z08115	24	8.0	45.0	4	3123.6916541357687	3123.917735197356
3123.981936203159	0.5260810615873197	trials	190726SL	p05	Z08115	199	3.0	225.0	8	3124.131936203159	3124.358017264746
3124.4422583646497	0.53608110854384	trials	190726SL	p05	Z08115	242	1.0	0.0	12	3124.5922583646498	3124.8283394731934
3124.8925804791847	0.53608110854384	trials	190726SL	p05	Z08115	200	4.0	225.0	8	3125.042580479185	3125.2786615877285
3125.332862546575	0.5260810615873197	trials	190726SL	p05	Z08115	37	6.0	90.0	4	3125.4828625465752	3125.7089436081624
3129.0353199318506	0.5060809676751887	trials	190726SL	p05	Z08115	340	9.0	270.0	12	3129.1853199318507	3129.3914008995257
3129.465601952285	0.5260810615873197	trials	190726SL	p05	Z08115	220	9.0	270.0	8	3129.615601952285	3129.841683013872
3129.915924066819	0.5260810615882292	trials	190726SL	p05	Z08115	128	7.0	0.0	8	3130.065924066819	3130.2920051284073
3130.386246275267	0.5260810615873197	trials	190726SL	p05	Z08115	280	9.0	90.0	12	3130.536246275267	3130.762327336854
3130.8365283896132	0.5260810615873197	trials	190726SL	p05	Z08115	107	1.0	315.0	4	3130.9865283896133	3131.2126094512005
3131.286850504148	0.5260810615873197	trials	190726SL	p05	Z08115	131	10.0	0.0	8	3131.436850504148	3131.662931565735
3131.737132618495	0.5260810615873197	trials	190726SL	p05	Z08115	25	9.0	45.0	4	3131.887132618495	3132.113213680082
3132.1874547330294	0.5260810615873197	trials	190726SL	p05	Z08115	39	8.0	90.0	4	3132.3374547330295	3132.5635357946167
3136.660435736379	0.5060809676751887	trials	190726SL	p05	Z08115	314	13.0	180.0	12	3136.810435736379	3137.016516704054
3137.1107578509136	0.5260810615877745	trials	190726SL	p05	Z08115	216	5.0	270.0	8	3137.2607578509137	3137.4868389125013
3137.541039871348	0.5260810615873197	trials	190726SL	p05	Z08115	317	1.0	225.0	12	3137.691039871348	3137.917120932935
3137.991321985695	0.5260810615873197	trials	190726SL	p05	Z08115	351	5.0	315.0	12	3138.141321985695	3138.367403047282
3138.4416441002295	0.5260810615873197	trials	190726SL	p05	Z08115	16	0.0	45.0	4	3138.5916441002296	3138.8177251618167
3138.891926214576	0.53608110854384	trials	190726SL	p05	Z08115	111	5.0	315.0	4	3139.041926214576	3139.2780073231197
3139.342248329111	0.5360811085433852	trials	190726SL	p05	Z08115	331	0.0	270.0	12	3139.492248329111	3139.7283294376543
3139.8025304904136	0.5260810615873197	trials	190726SL	p05	Z08115	110	4.0	315.0	4	3139.9525304904137	3140.178611552001
3144.0954306481754	0.49604092053095883	trials	190726SL	p05	Z08115	143	7.0	45.0	8	3144.2454306481754	3144.441471568706
3144.5357127155658	0.5260810615873197	trials	190726SL	p05	Z08115	90	14.0	225.0	4	3144.685712715566	3144.911793777153
3144.9860348301004	0.5260810615873197	trials	190726SL	p05	Z08115	20	4.0	45.0	4	3145.1360348301005	3145.3621158916876
3145.4363169444473	0.5260810615873197	trials	190726SL	p05	Z08115	283	12.0	90.0	12	3145.5863169444474	3145.8123980060345
3145.906639152894	0.5260810615877745	trials	190726SL	p05	Z08115	355	9.0	315.0	12	3146.056639152894	3146.2827202144817
3146.3569212672405	0.5260810615877745	trials	190726SL	p05	Z08115	225	14.0	270.0	8	3146.5069212672406	3146.733002328828
3146.8072433817756	0.5260810615873197	trials	190726SL	p05	Z08115	30	14.0	45.0	4	3146.9572433817757	3147.183324443363
3147.2575254961225	0.5260810615873197	trials	190726SL	p05	Z08115	286	0.0	135.0	12	3147.4075254961226	3147.6336065577098
3151.570425747796	0.516081014631709	trials	190726SL	p05	Z08115	103	12.0	270.0	4	3151.720425747796	3151.9365067624276
3152.010707815187	0.5260810615873197	trials	190726SL	p05	Z08115	175	9.0	135.0	8	3152.160707815187	3152.386788876774
3152.4710299766775	0.53608110854384	trials	190726SL	p05	Z08115	63	2.0	180.0	4	3152.6210299766776	3152.8571110852213
3154.842601112638	0.506080967674734	trials	190726SL	p05	Z08115	79	3.0	225.0	4	3154.992601112638	3155.1986820803127
3155.27292313326	0.5260810615873197	trials	190726SL	p05	Z08115	74	13.0	180.0	4	3155.42292313326	3155.6490041948473
3155.7332052945626	0.53608110854384	trials	190726SL	p05	Z08115	156	5.0	90.0	8	3155.8832052945627	3156.1192864031063
3156.20352750301	0.5260810615873197	trials	190726SL	p05	Z08115	6	5.0	0.0	4	3156.35352750301	3156.579608564597
3156.673849711457	0.5260810615873197	trials	190726SL	p05	Z08115	223	12.0	270.0	8	3156.823849711457	3157.0499307730443
3157.1441719199042	0.5260810615873197	trials	190726SL	p05	Z08115	208	12.0	225.0	8	3157.2941719199043	3157.5202529814915
3157.594454034251	0.5260810615873197	trials	190726SL	p05	Z08115	236	10.0	315.0	8	3157.7444540342512	3157.9705350958384
3158.0447761487853	0.5260810615873197	trials	190726SL	p05	Z08115	274	3.0	90.0	12	3158.1947761487854	3158.4208572103726
3161.6671931582237	0.5060809676742792	trials	190726SL	p05	Z08115	32	1.0	90.0	4	3161.8171931582237	3162.023274125898
3162.087475131701	0.53608110854384	trials	190726SL	p05	Z08115	352	6.0	315.0	12	3162.237475131701	3162.4735562402448
3162.557797340148	0.53608110854384	trials	190726SL	p05	Z08115	261	5.0	45.0	12	3162.7077973401483	3162.943878448692
3163.0280795484073	0.5261210617754841	trials	190726SL	p05	Z08115	51	5.0	135.0	4	3163.1780795484074	3163.4042006101827
3163.4784016629424	0.5260810615873197	trials	190726SL	p05	Z08115	88	12.0	225.0	4	3163.6284016629425	3163.8544827245296
3163.9287237774765	0.53608110854384	trials	190726SL	p05	Z08115	21	5.0	45.0	4	3164.0787237774766	3164.3148048860203
3164.3790058918235	0.53608110854384	trials	190726SL	p05	Z08115	235	9.0	315.0	8	3164.5290058918235	3164.765087000367
3164.819287959214	0.5260810615873197	trials	190726SL	p05	Z08115	178	12.0	135.0	8	3164.969287959214	3165.195369020801
3168.411704827783	0.5160810146312542	trials	190726SL	p05	Z08115	119	13.0	315.0	4	3168.561704827783	3168.7777858424142
3171.063477279458	0.506080967674734	trials	190726SL	p05	Z08115	195	14.0	180.0	8	3171.213477279458	3171.4195582471325
3171.493759299892	0.5260810615873197	trials	190726SL	p05	Z08115	164	13.0	90.0	8	3171.6437592998923	3171.8698403614794
3171.944081414427	0.5260810615873197	trials	190726SL	p05	Z08115	35	4.0	90.0	4	3172.094081414427	3172.320162476014
3172.4144036228736	0.5260810615877745	trials	190726SL	p05	Z08115	124	3.0	0.0	8	3172.5644036228737	3172.7904846844613
3172.8546856902644	0.5160810146307995	trials	190726SL	p05	Z08115	201	5.0	225.0	8	3173.0046856902645	3173.220766704895
3173.294967757655	0.5360811085433852	trials	190726SL	p05	Z08115	342	11.0	270.0	12	3173.444967757655	3173.681048866198
3173.745289872189	0.53608110854384	trials	190726SL	p05	Z08115	212	1.0	270.0	8	3173.895289872189	3174.1313709807328
3174.2055720334924	0.5260810615873197	trials	190726SL	p05	Z08115	68	7.0	180.0	4	3174.3555720334925	3174.5816530950797
3207.147646716448	0.516081014631709	trials	190726SL	p05	Z08115	345	14.0	270.0	12	3207.297646716448	3207.5137277310796
3207.5879687840265	0.5260810615873197	trials	190726SL	p05	Z08115	82	6.0	225.0	4	3207.7379687840266	3207.9640498456138
3208.0382508983735	0.5260810615873197	trials	190726SL	p05	Z08115	247	6.0	0.0	12	3208.1882508983736	3208.4143319599607
3208.50857310682	0.5260810615873197	trials	190726SL	p05	Z08115	109	3.0	315.0	4	3208.6585731068203	3208.8846541684075
3208.9588552211667	0.5260810615877745	trials	190726SL	p05	Z08115	291	5.0	135.0	12	3209.108855221167	3209.3349362827544
3209.4091773357018	0.5260810615873197	trials	190726SL	p05	Z08115	50	4.0	135.0	4	3209.559177335702	3209.785258397289
3209.8594594500482	0.5260810615877745	trials	190726SL	p05	Z08115	52	6.0	135.0	4	3210.0094594500483	3210.235540511636
3210.309781564583	0.5260810615873197	trials	190726SL	p05	Z08115	237	11.0	315.0	8	3210.459781564583	3210.68586262617
3213.682037399363	0.506080967674734	trials	190726SL	p05	Z08115	12	11.0	0.0	4	3213.832037399363	3214.0381183670374
3214.122319466753	0.5260810615873197	trials	190726SL	p05	Z08115	354	8.0	315.0	12	3214.2723194667533	3214.4984005283404
3214.572641581288	0.5260810615877745	trials	190726SL	p05	Z08115	22	6.0	45.0	4	3214.722641581288	3214.9487226428755
3215.0229236956343	0.53608110854384	trials	190726SL	p05	Z08115	160	9.0	90.0	8	3215.1729236956344	3215.409004804178
3215.4732458101694	0.53608110854384	trials	190726SL	p05	Z08115	271	0.0	90.0	12	3215.6232458101695	3215.859326918713
3215.9135278775598	0.5260810615873197	trials	190726SL	p05	Z08115	141	5.0	45.0	8	3216.06352787756	3216.289608939147
3216.383850086007	0.5260810615873197	trials	190726SL	p05	Z08115	347	1.0	315.0	12	3216.533850086007	3216.759931147594
3216.8341322003535	0.5260810615877745	trials	190726SL	p05	Z08115	344	13.0	270.0	12	3216.9841322003535	3217.210213261941
3220.256428270103	0.5060809676742792	trials	190726SL	p05	Z08115	18	2.0	45.0	4	3220.406428270103	3220.612509237777
3220.696750337681	0.49604092053095883	trials	190726SL	p05	Z08115	284	13.0	90.0	12	3220.846750337681	3221.0427912582118
3221.1270323581152	0.5360811085433852	trials	190726SL	p05	Z08115	341	10.0	270.0	12	3221.2770323581153	3221.5131134666585
3221.597354566562	0.5260810615877745	trials	190726SL	p05	Z08115	121	0.0	0.0	8	3221.747354566562	3221.9734356281497
3222.047636680909	0.5260810615877745	trials	190726SL	p05	Z08115	231	5.0	315.0	8	3222.197636680909	3222.4237177424966
3222.4979187952554	0.5361211087320044	trials	190726SL	p05	Z08115	55	9.0	135.0	4	3222.6479187952555	3222.8840399039873
3222.958240956746	0.5260810615877745	trials	190726SL	p05	Z08115	0			0	3223.108240956746	3223.3343220183338
3223.408563071281	0.5260810615873197	trials	190726SL	p05	Z08115	5	4.0	0.0	4	3223.5585630712812	3223.7846441328684
3227.0509801746316	0.5160810146307995	trials	190726SL	p05	Z08115	161	10.0	90.0	8	3227.2009801746317	3227.4170611892623
3227.4913022422093	0.5260810615882292	trials	190726SL	p05	Z08115	325	9.0	225.0	12	3227.6413022422093	3227.8673833037974
3227.941584356556	0.5260810615877745	trials	190726SL	p05	Z08115	98	7.0	270.0	4	3228.0915843565563	3228.317665418144
3228.3919064710913	0.5260810615873197	trials	190726SL	p05	Z08115	22	6.0	45.0	4	3228.5419064710914	3228.7679875326785
3228.8421885854373	0.5260810615882292	trials	190726SL	p05	Z08115	14	13.0	0.0	4	3228.9921885854374	3229.2182696470254
3229.292470699784	0.5261210617754841	trials	190726SL	p05	Z08115	132	11.0	0.0	8	3229.4424706997843	3229.6685917615596
3229.7427928143193	0.5260810615873197	trials	190726SL	p05	Z08115	196	0.0	225.0	8	3229.8927928143194	3230.1188738759065
3230.1931149288534	0.5260810615873197	trials	190726SL	p05	Z08115	0			0	3230.3431149288535	3230.5691959904407
3233.665411233384	0.5060809676751887	trials	190726SL	p05	Z08115	255	14.0	0.0	12	3233.815411233384	3234.021492201059
3234.1057333009626	0.5360811085433852	trials	190726SL	p05	Z08115	185	4.0	180.0	8	3234.2557333009627	3234.491814409506
3234.5460153683525	0.5260810615877745	trials	190726SL	p05	Z08115	200	4.0	225.0	8	3234.6960153683526	3234.92209642994
3235.0163375767997	0.5260810615877745	trials	190726SL	p05	Z08115	173	7.0	135.0	8	3235.1663375768	3235.3924186383874
3235.4666196911467	0.5260810615873197	trials	190726SL	p05	Z08115	64	3.0	180.0	4	3235.6166196911468	3235.842700752734
3235.9169418056813	0.5260810615873197	trials	190726SL	p05	Z08115	164	13.0	90.0	8	3236.0669418056814	3236.2930228672685
3236.367223920028	0.5260810615873197	trials	190726SL	p05	Z08115	339	8.0	270.0	12	3236.5172239200283	3236.7433049816154
3236.8175460345624	0.5260810615873197	trials	190726SL	p05	Z08115	226	0.0	315.0	8	3236.9675460345625	3237.1936270961496
3240.339882574062	0.5160810146312542	trials	190726SL	p05	Z08115	251	10.0	0.0	12	3240.489882574062	3240.705963588693
3240.7802046416405	0.5260810615873197	trials	190726SL	p05	Z08115	278	7.0	90.0	12	3240.9302046416406	3241.1562857032277
3241.230486755987	0.53608110854384	trials	190726SL	p05	Z08115	206	10.0	225.0	8	3241.380486755987	3241.6165678645307
3241.690808917478	0.5260810615873197	trials	190726SL	p05	Z08115	136	0.0	45.0	8	3241.840808917478	3242.0668899790653
3242.1410910318245	0.5260810615877745	trials	190726SL	p05	Z08115	199	3.0	225.0	8	3242.2910910318246	3242.5171720934122
3242.591413146359	0.5260810615873197	trials	190726SL	p05	Z08115	276	5.0	90.0	12	3242.7414131463593	3242.9674942079464
3243.041695260706	0.5260810615873197	trials	190726SL	p05	Z08115	299	13.0	135.0	12	3243.191695260706	3243.4177763222933
3243.512017469153	0.5260810615877745	trials	190726SL	p05	Z08115	116	10.0	315.0	4	3243.662017469153	3243.8880985307405
3249.005683265235	0.4960809207186685	trials	190726SL	p05	Z08115	188	7.0	180.0	8	3249.155683265235	3249.3517641859535
3249.425965238713	0.53608110854384	trials	190726SL	p05	Z08115	38	7.0	90.0	4	3249.5759652387133	3249.812046347257
3249.8962874471604	0.5260810615873197	trials	190726SL	p05	Z08115	62	1.0	180.0	4	3250.0462874471605	3250.2723685087476
3250.3466095616945	0.5260810615877745	trials	190726SL	p05	Z08115	20	4.0	45.0	4	3250.4966095616946	3250.7226906232822
3250.7968916760415	0.53608110854384	trials	190726SL	p05	Z08115	224	13.0	270.0	8	3250.9468916760416	3251.182972784585
3251.257213837532	0.5260810615873197	trials	190726SL	p05	Z08115	1	0.0	0.0	4	3251.4072138375323	3251.6332948991194
3251.687495857967	0.5260810615873197	trials	190726SL	p05	Z08115	34	3.0	90.0	4	3251.837495857967	3252.063576919554
3252.137817972501	0.52604106139961	trials	190726SL	p05	Z08115	112	6.0	315.0	4	3252.287817972501	3252.5138590339006
3255.5801141361626	0.5360811085433852	trials	190726SL	p05	Z08115	244	3.0	0.0	12	3255.7301141361627	3255.966195244706
3256.0203962035534	0.5260810615873197	trials	190726SL	p05	Z08115	259	3.0	45.0	12	3256.1703962035535	3256.3964772651407
3256.4707183180876	0.52604106139961	trials	190726SL	p05	Z08115	46	0.0	135.0	4	3256.6207183180877	3256.846759379487
3256.9210004324345	0.5260810615873197	trials	190726SL	p05	Z08115	209	13.0	225.0	8	3257.0710004324346	3257.2970814940218
3257.3713225469687	0.5260410614000648	trials	190726SL	p05	Z08115	9	8.0	0.0	4	3257.521322546969	3257.7473636083687
3257.8216046613156	0.53608110854384	trials	190726SL	p05	Z08115	56	10.0	135.0	4	3257.9716046613157	3258.2076857698594
3258.2718867756626	0.5361211087315496	trials	190726SL	p05	Z08115	177	11.0	135.0	8	3258.4218867756626	3258.658007884394
3258.7322089371532	0.5260810615873197	trials	190726SL	p05	Z08115	83	7.0	225.0	4	3258.8822089371533	3259.1082899987405
3262.23454538274	0.5160810146312542	trials	190726SL	p05	Z08115	101	10.0	270.0	4	3262.3845453827403	3262.6006263973713
3262.6648674033627	0.5260410613991553	trials	190726SL	p05	Z08115	117	11.0	315.0	4	3262.8148674033628	3263.0409084647617
3263.125149564665	0.5260810615873197	trials	190726SL	p05	Z08115	345	14.0	270.0	12	3263.2751495646653	3263.5012306262524
3263.5954717731124	0.5260810615873197	trials	190726SL	p05	Z08115	139	3.0	45.0	8	3263.7454717731125	3263.9715528346997
3264.0657939815596	0.5260810615873197	trials	190726SL	p05	Z08115	60	14.0	135.0	4	3264.2157939815597	3264.441875043147
3264.5160760959066	0.5260810615873197	trials	190726SL	p05	Z08115	232	6.0	315.0	8	3264.6660760959066	3264.892157157494
3264.9863983043538	0.5260810615873197	trials	190726SL	p05	Z08115	122	1.0	0.0	8	3265.136398304354	3265.362479365941
3265.426680371744	0.5160810146307995	trials	190726SL	p05	Z08115	31	0.0	90.0	4	3265.5766803717443	3265.792761386375
3268.9790970524878	0.5260410614000648	trials	190726SL	p05	Z08115	85	9.0	225.0	4	3269.129097052488	3269.3551381138877
3269.419379119878	0.5260810615877745	trials	190726SL	p05	Z08115	220	9.0	270.0	8	3269.5693791198782	3269.795460181466
3269.8797012813693	0.5360811085433852	trials	190726SL	p05	Z08115	65	4.0	180.0	4	3270.0297012813694	3270.2657823899126
3270.3399834426723	0.5260810615873197	trials	190726SL	p05	Z08115	281	10.0	90.0	12	3270.4899834426724	3270.7160645042595
3270.800305604163	0.53608110854384	trials	190726SL	p05	Z08115	273	2.0	90.0	12	3270.950305604163	3271.1863867127067
3271.260587765466	0.5260810615877745	trials	190726SL	p05	Z08115	239	13.0	315.0	8	3271.410587765466	3271.6366688270537
3271.7109098800006	0.5260810615873197	trials	190726SL	p05	Z08115	253	12.0	0.0	12	3271.8609098800007	3272.086990941588
3272.1611919943475	0.5260810615873197	trials	190726SL	p05	Z08115	234	8.0	315.0	8	3272.3111919943476	3272.5372730559347
3275.613528205153	0.5160810146307995	trials	190726SL	p05	Z08115	95	4.0	270.0	4	3275.7635282051533	3275.979609219784
3276.0538102725436	0.506080967674734	trials	190726SL	p05	Z08115	202	6.0	225.0	8	3276.2038102725437	3276.4098912402183
3276.494092339934	0.5260810615873197	trials	190726SL	p05	Z08115	50	4.0	135.0	4	3276.644092339934	3276.8701734015212
3276.9444144544686	0.5260810615873197	trials	190726SL	p05	Z08115	97	6.0	270.0	4	3277.0944144544687	3277.320495516056
3277.394696568815	0.5260810615873197	trials	190726SL	p05	Z08115	52	6.0	135.0	4	3277.544696568815	3277.7707776304023
3277.8450186833497	0.5260810615877745	trials	190726SL	p05	Z08115	58	12.0	135.0	4	3277.99501868335	3278.2210997449374
3278.2953007976967	0.5260810615877745	trials	190726SL	p05	Z08115	186	5.0	180.0	8	3278.4453007976967	3278.6713818592843
3278.7456229122313	0.5260810615873197	trials	190726SL	p05	Z08115	131	10.0	0.0	8	3278.8956229122314	3279.1217039738185
3282.368039921669	0.5160810146312542	trials	190726SL	p05	Z08115	170	4.0	135.0	8	3282.5180399216692	3282.7341209363003
3282.82836208316	0.5260810615877745	trials	190726SL	p05	Z08115	329	13.0	225.0	12	3282.97836208316	3283.2044431447475
3283.2786441975063	0.5260810615873197	trials	190726SL	p05	Z08115	21	5.0	45.0	4	3283.4286441975064	3283.6547252590935
3283.7289663120414	0.5260810615873197	trials	190726SL	p05	Z08115	313	12.0	180.0	12	3283.8789663120415	3284.1050473736286
3284.179248426388	0.53608110854384	trials	190726SL	p05	Z08115	125	4.0	0.0	8	3284.329248426388	3284.5653295349316
3284.639570587879	0.5260810615873197	trials	190726SL	p05	Z08115	302	1.0	180.0	12	3284.789570587879	3285.0156516494662
3285.089892702413	0.5260410614000648	trials	190726SL	p05	Z08115	246	5.0	0.0	12	3285.2398927024133	3285.465933763813
3285.5501748637166	0.5360811085433852	trials	190726SL	p05	Z08115	311	10.0	180.0	12	3285.7001748637167	3285.93625597226
3289.3527127189304	0.5260810615873197	trials	190726SL	p05	Z08115	23	7.0	45.0	4	3289.5027127189305	3289.7287937805177
3289.803034833465	0.5260810615873197	trials	190726SL	p05	Z08115	271	0.0	90.0	12	3289.953034833465	3290.1791158950523
3290.2533169478115	0.5260810615877745	trials	190726SL	p05	Z08115	61	0.0	180.0	4	3290.4033169478116	3290.629398009399
3290.7036390623466	0.5260810615873197	trials	190726SL	p05	Z08115	30	14.0	45.0	4	3290.8536390623467	3291.079720123934
3291.153921176693	0.5360811085433852	trials	190726SL	p05	Z08115	103	12.0	270.0	4	3291.303921176693	3291.5400022852364
3291.62424338514	0.5260810615877745	trials	190726SL	p05	Z08115	332	1.0	270.0	12	3291.77424338514	3292.0003244467275
3292.074565499675	0.53608110854384	trials	190726SL	p05	Z08115	277	6.0	90.0	12	3292.224565499675	3292.4606466082187
3292.5148475670653	0.5260810615873197	trials	190726SL	p05	Z08115	352	6.0	315.0	12	3292.6648475670654	3292.8909286286525
3296.2373450464415	0.4960409205305041	trials	190726SL	p05	Z08115	27	11.0	45.0	4	3296.3873450464416	3296.583385966972
3296.6576270199193	0.5260810615873197	trials	190726SL	p05	Z08115	16	0.0	45.0	4	3296.8076270199194	3297.0337080815066
3297.107909134266	0.53608110854384	trials	190726SL	p05	Z08115	270	14.0	45.0	12	3297.257909134266	3297.4939902428096
3297.558231248801	0.5360811085433852	trials	190726SL	p05	Z08115	288	2.0	135.0	12	3297.708231248801	3297.944312357344
3298.0185134101034	0.5260810615873197	trials	190726SL	p05	Z08115	76	0.0	225.0	4	3298.1685134101035	3298.3945944716907
3298.458835477682	0.53608110854384	trials	190726SL	p05	Z08115	274	3.0	90.0	12	3298.608835477682	3298.8449165862257
3298.919117638985	0.5260810615873197	trials	190726SL	p05	Z08115	357	11.0	315.0	12	3299.069117638985	3299.295198700572
3299.3694397535196	0.5260810615873197	trials	190726SL	p05	Z08115	114	8.0	315.0	4	3299.5194397535197	3299.745520815107
3302.8417760582374	0.53608110854384	trials	190726SL	p05	Z08115	349	3.0	315.0	12	3302.9917760582375	3303.227857166781
3303.302058219541	0.5260810615873197	trials	190726SL	p05	Z08115	167	1.0	135.0	8	3303.452058219541	3303.678139281128
3303.752380334075	0.5260810615877745	trials	190726SL	p05	Z08115	109	3.0	315.0	4	3303.902380334075	3304.1284613956627
3304.1926624014654	0.5260810615877745	trials	190726SL	p05	Z08115	216	5.0	270.0	8	3304.3426624014655	3304.568743463053
3304.632944468856	0.5361211087320044	trials	190726SL	p05	Z08115	201	5.0	225.0	8	3304.782944468856	3305.0190655775878
3305.093266630347	0.5260810615877745	trials	190726SL	p05	Z08115	317	1.0	225.0	12	3305.243266630347	3305.4693476919347
3305.553588791838	0.5360811085433852	trials	190726SL	p05	Z08115	15	14.0	0.0	4	3305.7035887918382	3305.9396699003814
3306.0138709531407	0.5260810615873197	trials	190726SL	p05	Z08115	212	1.0	270.0	8	3306.1638709531408	3306.389952014728
3309.4662071639464	0.516081014631709	trials	190726SL	p05	Z08115	308	7.0	180.0	12	3309.6162071639465	3309.832288178578
3309.9064892313368	0.5260810615877745	trials	190726SL	p05	Z08115	54	8.0	135.0	4	3310.056489231337	3310.2825702929244
3312.2580602733847	0.5160810146307995	trials	190726SL	p05	Z08115	123	2.0	0.0	8	3312.4080602733848	3312.6241412880154
3312.6983823409632	0.5260810615873197	trials	190726SL	p05	Z08115	351	5.0	315.0	12	3312.8483823409633	3313.0744634025505
3313.1486644553097	0.5260810615877745	trials	190726SL	p05	Z08115	225	14.0	270.0	8	3313.29866445531	3313.5247455168974
3313.598946569656	0.5361211087320044	trials	190726SL	p05	Z08115	73	12.0	180.0	4	3313.7489465696563	3313.985067678388
3314.0492686841912	0.53608110854384	trials	190726SL	p05	Z08115	242	1.0	0.0	12	3314.1992686841913	3314.435349792735
3314.4995907987254	0.5060409674870243	trials	190726SL	p05	Z08115	133	12.0	0.0	8	3314.6495907987255	3314.8556317662124
3314.9398728661163	0.5260810615873197	trials	190726SL	p05	Z08115	115	9.0	315.0	4	3315.0898728661164	3315.3159539277035
3317.5316050358656	0.4960409205305041	trials	190726SL	p05	Z08115	333	2.0	270.0	12	3317.6816050358657	3317.877645956396
3317.971887103256	0.5260810615873197	trials	190726SL	p05	Z08115	157	6.0	90.0	8	3318.121887103256	3318.347968164843
3318.42220921779	0.5260810615877745	trials	190726SL	p05	Z08115	347	1.0	315.0	12	3318.5722092177903	3318.798290279378
3318.8824913790936	0.5361211087310949	trials	190726SL	p05	Z08115	353	7.0	315.0	12	3319.0324913790937	3319.2686124878246
3319.3428135405843	0.5260810615873197	trials	190726SL	p05	Z08115	29	13.0	45.0	4	3319.4928135405844	3319.7188946021715
3319.793135655119	0.5260810615873197	trials	190726SL	p05	Z08115	215	4.0	270.0	8	3319.943135655119	3320.169216716706
3320.2434177694654	0.5260810615877745	trials	190726SL	p05	Z08115	141	5.0	45.0	8	3320.3934177694655	3320.619498831053
3320.6937398840005	0.5260410613991553	trials	190726SL	p05	Z08115	346	0.0	315.0	12	3320.8437398840006	3321.0697809453995
3324.0459556246797	0.5260810615877745	trials	190726SL	p05	Z08115	74	13.0	180.0	4	3324.1959556246798	3324.4220366862673
3324.4862376920705	0.5361211087310949	trials	190726SL	p05	Z08115	294	8.0	135.0	12	3324.6362376920706	3324.8723588008015
3324.9365598066047	0.53608110854384	trials	190726SL	p05	Z08115	6	5.0	0.0	4	3325.086559806605	3325.3226409151484
3325.3968819680954	0.5260810615877745	trials	190726SL	p05	Z08115	172	6.0	135.0	8	3325.5468819680955	3325.772963029683
3325.857164129399	0.5361211087315496	trials	190726SL	p05	Z08115	280	9.0	90.0	12	3326.007164129399	3326.2432852381303
3326.327486337846	0.5260810615873197	trials	190726SL	p05	Z08115	25	9.0	45.0	4	3326.477486337846	3326.7035673994333
3326.77780845238	0.5060409674870243	trials	190726SL	p05	Z08115	39	8.0	90.0	4	3326.9278084523803	3327.133849419867
3327.2480906606393	0.5261210617754841	trials	190726SL	p05	Z08115	110	4.0	315.0	4	3327.3980906606394	3327.6242117224147
3330.990628234116	0.5060409674870243	trials	190726SL	p05	Z08115	160	9.0	90.0	8	3331.140628234116	3331.3466692016027
3331.430910301506	0.5260810615882292	trials	190726SL	p05	Z08115	316	0.0	225.0	12	3331.5809103015063	3331.8069913630943
3331.901232509954	0.5260810615873197	trials	190726SL	p05	Z08115	124	3.0	0.0	8	3332.051232509954	3332.277313571541
3332.3715547184006	0.5260810615877745	trials	190726SL	p05	Z08115	236	10.0	315.0	8	3332.5215547184007	3332.7476357799883
3332.8218368327475	0.5260810615873197	trials	190726SL	p05	Z08115	343	12.0	270.0	12	3332.9718368327476	3333.1979178943348
3333.2721589472817	0.5260810615882292	trials	190726SL	p05	Z08115	145	9.0	45.0	8	3333.422158947282	3333.64824000887
3333.7224410616286	0.5260810615877745	trials	190726SL	p05	Z08115	130	9.0	0.0	8	3333.8724410616287	3334.0985221232163
3334.1727631761637	0.5260810615873197	trials	190726SL	p05	Z08115	44	13.0	90.0	4	3334.322763176164	3334.548844237751
3338.085381548272	0.5160410144435446	trials	190726SL	p05	Z08115	79	3.0	225.0	4	3338.235381548272	3338.4514225627154
3338.5256636156623	0.5761212965567211	trials	190726SL	p05	Z08115	89	13.0	225.0	4	3338.6756636156624	3338.951784912219
3339.005985871066	0.5260810615873197	trials	190726SL	p05	Z08115	88	12.0	225.0	4	3339.155985871066	3339.3820669326533
3339.4462679384565	0.5160810146312542	trials	190726SL	p05	Z08115	326	10.0	225.0	12	3339.5962679384565	3339.8123489530876
3339.896590052991	0.5260810615873197	trials	190726SL	p05	Z08115	81	5.0	225.0	4	3340.046590052991	3340.2726711145783
3340.366912261438	0.5260810615877745	trials	190726SL	p05	Z08115	260	4.0	45.0	12	3340.516912261438	3340.7429933230255
3340.797194281872	0.5360811085433852	trials	190726SL	p05	Z08115	84	8.0	225.0	4	3340.9471942818723	3341.1832753904155
3341.2675164903194	0.5260810615877745	trials	190726SL	p05	Z08115	265	9.0	45.0	12	3341.4175164903195	3341.643597551907
3344.669772465968	0.5160810146312542	trials	190726SL	p05	Z08115	192	11.0	180.0	8	3344.819772465968	3345.035853480599
3345.130094627459	0.5260810615873197	trials	190726SL	p05	Z08115	190	9.0	180.0	8	3345.280094627459	3345.5061756890464
3345.560376647893	0.53608110854384	trials	190726SL	p05	Z08115	207	11.0	225.0	8	3345.710376647893	3345.9464577564368
3346.0106987624276	0.53608110854384	trials	190726SL	p05	Z08115	102	11.0	270.0	4	3346.1606987624277	3346.3967798709714
3346.480980970687	0.5260810615873197	trials	190726SL	p05	Z08115	150	14.0	45.0	8	3346.6309809706872	3346.8570620322744
3346.9313030852213	0.53608110854384	trials	190726SL	p05	Z08115	18	2.0	45.0	4	3347.0813030852214	3347.317384193765
3347.3815851995682	0.53608110854384	trials	190726SL	p05	Z08115	69	8.0	180.0	4	3347.5315851995683	3347.767666308112
3347.841907361059	0.5260810615877745	trials	190726SL	p05	Z08115	104	13.0	270.0	4	3347.991907361059	3348.2179884226466
3351.174123007826	0.5360811085433852	trials	190726SL	p05	Z08115	168	2.0	135.0	8	3351.324123007826	3351.5602041163693
3351.6544452632293	0.5060809676751887	trials	190726SL	p05	Z08115	13	12.0	0.0	4	3351.8044452632294	3352.0105262309044
3352.0847672838513	0.5260810615873197	trials	190726SL	p05	Z08115	71	10.0	180.0	4	3352.2347672838514	3352.4608483454385
3352.535049398198	0.5260810615873197	trials	190726SL	p05	Z08115	159	8.0	90.0	8	3352.6850493981983	3352.9111304597855
3353.0053716066454	0.5260810615873197	trials	190726SL	p05	Z08115	24	8.0	45.0	4	3353.1553716066455	3353.3814526682327
3353.4756938150927	0.5260810615873197	trials	190726SL	p05	Z08115	151	0.0	90.0	8	3353.6256938150927	3353.85177487668
3353.9459760233517	0.5260810615873197	trials	190726SL	p05	Z08115	359	13.0	315.0	12	3354.095976023352	3354.322057084939
3354.3762980439737	0.5260810615873197	trials	190726SL	p05	Z08115	197	1.0	225.0	8	3354.526298043974	3354.752379105561
3357.7785540196223	0.5060809676751887	trials	190726SL	p05	Z08115	303	2.0	180.0	12	3357.9285540196224	3358.1346349872974
3358.2288761341574	0.5260810615873197	trials	190726SL	p05	Z08115	264	8.0	45.0	12	3358.3788761341575	3358.6049571957446
3358.6791582485034	0.5260810615877745	trials	190726SL	p05	Z08115	301	0.0	180.0	12	3358.8291582485035	3359.055239310091
3359.1394804099946	0.5360811085433852	trials	190726SL	p05	Z08115	148	12.0	45.0	8	3359.2894804099947	3359.525561518538
3359.6098026184413	0.5260810615877745	trials	190726SL	p05	Z08115	93	2.0	270.0	4	3359.7598026184414	3359.985883680029
3360.0600847327883	0.53608110854384	trials	190726SL	p05	Z08115	67	6.0	180.0	4	3360.2100847327883	3360.446165841332
3360.5204068942794	0.5260810615873197	trials	190726SL	p05	Z08115	219	8.0	270.0	8	3360.6704068942795	3360.8964879558666
3360.9806890555824	0.5361211087310949	trials	190726SL	p05	Z08115	187	6.0	180.0	8	3361.1306890555825	3361.3668101643134
3364.413025172475	0.5160410144435446	trials	190726SL	p05	Z08115	147	11.0	45.0	8	3364.563025172475	3364.7790661869185
3364.863307286822	0.5260810615873197	trials	190726SL	p05	Z08115	152	1.0	90.0	8	3365.013307286822	3365.239388348409
3365.333629495269	0.5260810615873197	trials	190726SL	p05	Z08115	66	5.0	180.0	4	3365.4836294952693	3365.7097105568564
3365.783911609616	0.5260810615873197	trials	190726SL	p05	Z08115	8	7.0	0.0	4	3365.933911609616	3366.1599926712033
3366.2342337241507	0.5260810615873197	trials	190726SL	p05	Z08115	230	4.0	315.0	8	3366.384233724151	3366.610314785738
3366.684515838497	0.4960809207186685	trials	190726SL	p05	Z08115	354	8.0	315.0	12	3366.8345158384973	3367.0305967592158
3367.1248379060758	0.5260810615873197	trials	190726SL	p05	Z08115	113	7.0	315.0	4	3367.274837906076	3367.500918967663
3367.5751200204227	0.5260810615873197	trials	190726SL	p05	Z08115	41	10.0	90.0	4	3367.7251200204228	3367.95120108201
3371.4777383455744	0.5260810615877745	trials	190726SL	p05	Z08115	169	3.0	135.0	8	3371.6277383455745	3371.853819407162
3371.9380605070655	0.5260810615877745	trials	190726SL	p05	Z08115	0			0	3372.0880605070656	3372.314141568653
3372.388342621412	0.5260810615877745	trials	190726SL	p05	Z08115	300	14.0	135.0	12	3372.538342621412	3372.7644236829997
3372.8286246888024	0.5260810615877745	trials	190726SL	p05	Z08115	59	13.0	135.0	4	3372.9786246888025	3373.20470575039
3373.2789468033375	0.5260810615873197	trials	190726SL	p05	Z08115	82	6.0	225.0	4	3373.4289468033376	3373.6550278649247
3373.719228870728	0.5160810146312542	trials	190726SL	p05	Z08115	336	5.0	270.0	12	3373.869228870728	3374.085309885359
3374.1795510322186	0.5260810615873197	trials	190726SL	p05	Z08115	320	4.0	225.0	12	3374.3295510322187	3374.555632093806
3374.629873146753	0.52604106139961	trials	190726SL	p05	Z08115	10	9.0	0.0	4	3374.7798731467533	3375.0059142081527
3377.9320486524634	0.5060809676751887	trials	190726SL	p05	Z08115	335	4.0	270.0	12	3378.0820486524635	3378.2881296201385
3378.3523306259417	0.5160810146307995	trials	190726SL	p05	Z08115	287	1.0	135.0	12	3378.502330625942	3378.7184116405724
3378.79265269352	0.5360811085433852	trials	190726SL	p05	Z08115	304	3.0	180.0	12	3378.94265269352	3379.178733802063
3379.2429348078667	0.5360811085433852	trials	190726SL	p05	Z08115	358	12.0	315.0	12	3379.392934807867	3379.62901591641
3379.7032569693574	0.5260810615873197	trials	190726SL	p05	Z08115	295	9.0	135.0	12	3379.8532569693575	3380.0793380309447
3380.153539083704	0.5260810615877745	trials	190726SL	p05	Z08115	26	10.0	45.0	4	3380.303539083704	3380.5296201452916
3380.613861245195	0.53608110854384	trials	190726SL	p05	Z08115	350	4.0	315.0	12	3380.763861245195	3380.999942353739
3381.074143406498	0.5261210617754841	trials	190726SL	p05	Z08115	19	3.0	45.0	4	3381.224143406498	3381.4502644682734
3384.9067214027687	0.5260810615873197	trials	190726SL	p05	Z08115	286	0.0	135.0	12	3385.0567214027687	3385.282802464356
3385.347043470347	0.53608110854384	trials	190726SL	p05	Z08115	269	13.0	45.0	12	3385.4970434703473	3385.733124578891
3385.8073256316497	0.5260810615877745	trials	190726SL	p05	Z08115	119	13.0	315.0	4	3385.95732563165	3386.1834066932374
3386.257647746185	0.5260810615873197	trials	190726SL	p05	Z08115	134	13.0	0.0	8	3386.407647746185	3386.633728807772
3386.7079298605313	0.5260810615877745	trials	190726SL	p05	Z08115	263	7.0	45.0	12	3386.8579298605314	3387.084010922119
3387.158251975066	0.5260810615873197	trials	190726SL	p05	Z08115	32	1.0	90.0	4	3387.308251975066	3387.534333036653
3387.608534089413	0.5260810615873197	trials	190726SL	p05	Z08115	312	11.0	180.0	12	3387.758534089413	3387.984615151
3388.07885629786	0.5260810615873197	trials	190726SL	p05	Z08115	171	5.0	135.0	8	3388.22885629786	3388.4549373594473
3391.431112038727	0.53608110854384	trials	190726SL	p05	Z08115	179	13.0	135.0	8	3391.581112038727	3391.8171931472707
3391.9114342941307	0.5260810615873197	trials	190726SL	p05	Z08115	290	4.0	135.0	12	3392.061434294131	3392.287515355718
3392.361716408477	0.5260810615877745	trials	190726SL	p05	Z08115	218	7.0	270.0	8	3392.5117164084772	3392.737797470065
3392.8320386169244	0.5260810615877745	trials	190726SL	p05	Z08115	36	5.0	90.0	4	3392.9820386169245	3393.208119678512
3393.282360731459	0.5260810615873197	trials	190726SL	p05	Z08115	210	14.0	225.0	8	3393.432360731459	3393.658441793046
3393.7326428458055	0.5260810615877745	trials	190726SL	p05	Z08115	221	10.0	270.0	8	3393.8826428458055	3394.108723907393
3394.18296496034	0.5260810615873197	trials	190726SL	p05	Z08115	37	6.0	90.0	4	3394.33296496034	3394.5590460219273
3394.633247074687	0.5260810615873197	trials	190726SL	p05	Z08115	245	4.0	0.0	12	3394.783247074687	3395.0093281362742
3398.175623708287	0.5260810615873197	trials	190726SL	p05	Z08115	156	5.0	90.0	8	3398.325623708287	3398.551704769874
3398.615905775677	0.5260810615873197	trials	190726SL	p05	Z08115	53	7.0	135.0	4	3398.7659057756773	3398.9919868372644
3399.066227890212	0.5260810615877745	trials	190726SL	p05	Z08115	315	14.0	180.0	12	3399.216227890212	3399.4423089517995
3401.637959966049	0.4960409205305041	trials	190726SL	p05	Z08115	42	11.0	90.0	4	3401.787959966049	3401.9840008865795
3402.0782420334394	0.5260810615873197	trials	190726SL	p05	Z08115	319	3.0	225.0	12	3402.2282420334395	3402.4543230950267
3402.528524147786	0.5260810615877745	trials	190726SL	p05	Z08115	227	1.0	315.0	8	3402.678524147786	3402.9046052093736
3402.9788462623205	0.5260810615873197	trials	190726SL	p05	Z08115	314	13.0	180.0	12	3403.1288462623206	3403.3549273239078
3403.4291283766674	0.5260810615873197	trials	190726SL	p05	Z08115	155	4.0	90.0	8	3403.5791283766675	3403.8052094382547
3403.8794504912016	0.53608110854384	trials	190726SL	p05	Z08115	166	0.0	135.0	8	3404.0294504912017	3404.2655315997454
3404.3297326055485	0.5361211087315496	trials	190726SL	p05	Z08115	297	11.0	135.0	12	3404.4797326055486	3404.71585371428
3404.7900547670392	0.5260810615873197	trials	190726SL	p05	Z08115	252	11.0	0.0	12	3404.9400547670393	3405.1661358286265
3408.212350836788	0.49604092053095883	trials	190726SL	p05	Z08115	213	2.0	270.0	8	3408.362350836788	3408.558391757319
3408.6326328102664	0.5260810615873197	trials	190726SL	p05	Z08115	140	4.0	45.0	8	3408.7826328102665	3409.0087138718536
3409.1029550187136	0.5260810615873197	trials	190726SL	p05	Z08115	279	8.0	90.0	12	3409.2529550187137	3409.479036080301
3409.5532371330605	0.5260810615873197	trials	190726SL	p05	Z08115	262	6.0	45.0	12	3409.7032371330606	3409.9293181946477
3410.0035592475947	0.5260810615873197	trials	190726SL	p05	Z08115	321	5.0	225.0	12	3410.153559247595	3410.379640309182
3410.4538413619416	0.5260810615873197	trials	190726SL	p05	Z08115	92	1.0	270.0	4	3410.6038413619417	3410.829922423529
3410.904163476476	0.53608110854384	trials	190726SL	p05	Z08115	63	2.0	180.0	4	3411.054163476476	3411.2902445850195
3411.3744456847353	0.5261210617750294	trials	190726SL	p05	Z08115	348	2.0	315.0	12	3411.5244456847354	3411.7505667465102
3414.6867012377775	0.5160410144435446	trials	190726SL	p05	Z08115	191	10.0	180.0	8	3414.8367012377776	3415.052742252221
3415.116983258212	0.53608110854384	trials	190726SL	p05	Z08115	43	12.0	90.0	4	3415.266983258212	3415.5030643667556
3415.577265419515	0.5260810615873197	trials	190726SL	p05	Z08115	77	1.0	225.0	4	3415.727265419515	3415.953346481102
3416.0275875340494	0.5260810615877745	trials	190726SL	p05	Z08115	142	6.0	45.0	8	3416.1775875340495	3416.403668595637
3416.477869648396	0.5260810615877745	trials	190726SL	p05	Z08115	237	11.0	315.0	8	3416.627869648396	3416.8539507099836
3416.928191762931	0.5260810615873197	trials	190726SL	p05	Z08115	175	9.0	135.0	8	3417.078191762931	3417.304272824518
3417.3985139713777	0.5260810615877745	trials	190726SL	p05	Z08115	106	0.0	315.0	4	3417.548513971378	3417.7745950329654
3417.8487960857246	0.5260810615873197	trials	190726SL	p05	Z08115	241	0.0	0.0	12	3417.9987960857247	3418.224877147312
3421.421212860381	0.4960409205314136	trials	190726SL	p05	Z08115	217	6.0	270.0	8	3421.571212860381	3421.767253780912
3421.841454833671	0.5361211087320044	trials	190726SL	p05	Z08115	257	1.0	45.0	12	3421.991454833671	3422.227575942403
3422.291776948206	0.5360811085433852	trials	190726SL	p05	Z08115	90	14.0	225.0	4	3422.441776948206	3422.6778580567493
3422.7620991566528	0.5260810615877745	trials	190726SL	p05	Z08115	356	10.0	315.0	12	3422.912099156653	3423.1381802182404
3423.2123812709997	0.5361211087315496	trials	190726SL	p05	Z08115	293	7.0	135.0	12	3423.362381271	3423.598502379731
3423.6827034794464	0.5260810615877745	trials	190726SL	p05	Z08115	48	2.0	135.0	4	3423.8327034794465	3424.058784541034
3424.1330255939815	0.5360811085433852	trials	190726SL	p05	Z08115	154	3.0	90.0	8	3424.2830255939816	3424.519106702525
3424.5833077083284	0.5360811085433852	trials	190726SL	p05	Z08115	223	12.0	270.0	8	3424.7333077083285	3424.9693888168717
3432.5486651104966	0.5260810615873197	trials	190726SL	p05	Z08115	330	14.0	225.0	12	3432.6986651104967	3432.924746172084
3432.988947177887	0.5260810615877745	trials	190726SL	p05	Z08115	322	6.0	225.0	12	3433.138947177887	3433.3650282394747
3433.449269339378	0.4960409205305041	trials	190726SL	p05	Z08115	229	3.0	315.0	8	3433.599269339378	3433.7953102599085
3433.8895514067685	0.5260810615873197	trials	190726SL	p05	Z08115	163	12.0	90.0	8	3434.0395514067686	3434.2656324683558
3434.3398735213027	0.5260410614000648	trials	190726SL	p05	Z08115	149	13.0	45.0	8	3434.489873521303	3434.7159145827027
3434.7901556356496	0.5260810615873197	trials	190726SL	p05	Z08115	35	4.0	90.0	4	3434.9401556356497	3435.166236697237
3435.2404377499965	0.5260810615873197	trials	190726SL	p05	Z08115	254	13.0	0.0	12	3435.3904377499966	3435.616518811584
3435.6907598645307	0.5260810615877745	trials	190726SL	p05	Z08115	135	14.0	0.0	8	3435.840759864531	3436.0668409261184
3439.243136545087	0.5060409674870243	trials	190726SL	p05	Z08115	75	14.0	180.0	4	3439.393136545087	3439.599177512574
3439.673418565521	0.5260810615877745	trials	190726SL	p05	Z08115	193	12.0	180.0	8	3439.823418565521	3440.0494996271086
3440.123740680056	0.5260810615873197	trials	190726SL	p05	Z08115	184	3.0	180.0	8	3440.273740680056	3440.4998217416432
3440.574022794403	0.5260810615873197	trials	190726SL	p05	Z08115	337	6.0	270.0	12	3440.724022794403	3440.95010385599
3441.024344908937	0.53608110854384	trials	190726SL	p05	Z08115	266	10.0	45.0	12	3441.174344908937	3441.410426017481
3441.48462707024	0.5260810615877745	trials	190726SL	p05	Z08115	3	2.0	0.0	4	3441.63462707024	3441.860708131828
3441.9349491847747	0.5260810615873197	trials	190726SL	p05	Z08115	283	12.0	90.0	12	3442.084949184775	3442.311030246362
3442.3852312991216	0.5260810615873197	trials	190726SL	p05	Z08115	180	14.0	135.0	8	3442.5352312991217	3442.761312360709
3446.107728778498	0.5160810146307995	trials	190726SL	p05	Z08115	338	7.0	270.0	12	3446.257728778498	3446.4738097931286
3446.5680509399886	0.5260810615873197	trials	190726SL	p05	Z08115	120	14.0	315.0	4	3446.7180509399886	3446.944132001576
3447.0183330543355	0.5260810615873197	trials	190726SL	p05	Z08115	340	9.0	270.0	12	3447.1683330543356	3447.3944141159227
3447.4686551688696	0.5260810615873197	trials	190726SL	p05	Z08115	272	1.0	90.0	12	3447.6186551688697	3447.844736230457
3447.9189372832166	0.5260810615873197	trials	190726SL	p05	Z08115	49	3.0	135.0	4	3448.0689372832167	3448.295018344804
3448.369259397751	0.5260810615873197	trials	190726SL	p05	Z08115	111	5.0	315.0	4	3448.5192593977513	3448.7453404593384
3448.8195415120977	0.5260810615877745	trials	190726SL	p05	Z08115	238	12.0	315.0	8	3448.9695415120977	3449.1956225736853
3449.289863720545	0.5260810615873197	trials	190726SL	p05	Z08115	256	0.0	45.0	12	3449.439863720545	3449.665944782132
3452.822240307188	0.5060409674874791	trials	190726SL	p05	Z08115	40	9.0	90.0	4	3452.9722403071883	3453.1782812746756
3453.252522327623	0.5160810146307995	trials	190726SL	p05	Z08115	298	12.0	135.0	12	3453.402522327623	3453.6186033422537
3453.6928043950134	0.5260810615873197	trials	190726SL	p05	Z08115	127	6.0	0.0	8	3453.8428043950134	3454.0688854566006
3454.1431265095475	0.5260810615877745	trials	190726SL	p05	Z08115	96	5.0	270.0	4	3454.2931265095476	3454.519207571135
3454.5934086238944	0.5260810615873197	trials	190726SL	p05	Z08115	51	5.0	135.0	4	3454.7434086238945	3454.9694896854817
3455.0437307384295	0.5260810615873197	trials	190726SL	p05	Z08115	328	12.0	225.0	12	3455.1937307384296	3455.4198118000168
3455.494012852776	0.5260810615873197	trials	190726SL	p05	Z08115	2	1.0	0.0	4	3455.644012852776	3455.870093914363
3455.9443349673106	0.5260810615873197	trials	190726SL	p05	Z08115	268	12.0	45.0	12	3456.0943349673107	3456.320416028898
3459.4066312248847	0.4960809207186685	trials	190726SL	p05	Z08115	94	3.0	270.0	4	3459.5566312248848	3459.7527121456033
3459.8269131983625	0.5260810615873197	trials	190726SL	p05	Z08115	267	11.0	45.0	12	3459.9769131983626	3460.2029942599497
3460.277235312897	0.5260810615873197	trials	190726SL	p05	Z08115	178	12.0	135.0	8	3460.427235312897	3460.6533163744843
3460.727517427244	0.5260810615873197	trials	190726SL	p05	Z08115	355	9.0	315.0	12	3460.877517427244	3461.1035984888313
3461.1978396356913	0.5260810615873197	trials	190726SL	p05	Z08115	126	5.0	0.0	8	3461.3478396356913	3461.5739206972785
3461.6481617502254	0.5260810615873197	trials	190726SL	p05	Z08115	174	8.0	135.0	8	3461.7981617502255	3462.0242428118127
3462.0984438645723	0.5260810615873197	trials	190726SL	p05	Z08115	78	2.0	225.0	4	3462.2484438645724	3462.4745249261596
3462.5687660730196	0.5260810615873197	trials	190726SL	p05	Z08115	208	12.0	225.0	8	3462.7187660730197	3462.944847134607
3466.2111831763696	0.5160810146312542	trials	190726SL	p05	Z08115	57	11.0	135.0	4	3466.3611831763697	3466.5772641910007
3466.6715053378607	0.4960809207186685	trials	190726SL	p05	Z08115	47	1.0	135.0	4	3466.821505337861	3467.0175862585793
3467.1017873582946	0.5260810615873197	trials	190726SL	p05	Z08115	291	5.0	135.0	12	3467.2517873582947	3467.477868419882
3467.542069425685	0.5261210617754841	trials	190726SL	p05	Z08115	211	0.0	270.0	8	3467.692069425685	3467.9181904874604
3467.972391446307	0.5260810615873197	trials	190726SL	p05	Z08115	86	10.0	225.0	4	3468.122391446307	3468.3484725078943
3468.422673560654	0.5260810615873197	trials	190726SL	p05	Z08115	144	8.0	45.0	8	3468.572673560654	3468.798754622241
3468.892995769101	0.5260810615873197	trials	190726SL	p05	Z08115	143	7.0	45.0	8	3469.0429957691013	3469.2690768306884
3469.343277883448	0.5261210617750294	trials	190726SL	p05	Z08115	198	2.0	225.0	8	3469.493277883448	3469.719398945223
3473.1158155977932	0.506080967674734	trials	190726SL	p05	Z08115	205	9.0	225.0	8	3473.2658155977933	3473.471896565468
3473.536097571271	0.5360811085433852	trials	190726SL	p05	Z08115	165	14.0	90.0	8	3473.686097571271	3473.9221786798144
3476.1478698351207	0.49604092053095883	trials	190726SL	p05	Z08115	45	14.0	90.0	4	3476.2978698351208	3476.4939107556515
3497.4221297306326	0.5160410144430898	trials	190726SL	p05	Z08115	158	7.0	90.0	8	3497.5721297306327	3497.7881707450756
3497.862411798023	0.5260810615873197	trials	190726SL	p05	Z08115	310	9.0	180.0	12	3498.012411798023	3498.2384928596102
3498.31269391237	0.5260810615873197	trials	190726SL	p05	Z08115	324	8.0	225.0	12	3498.46269391237	3498.688774973957
3498.763016026904	0.49604092053095883	trials	190726SL	p05	Z08115	233	7.0	315.0	8	3498.913016026904	3499.109056947435
3499.1932980473384	0.53608110854384	trials	190726SL	p05	Z08115	327	11.0	225.0	12	3499.3432980473385	3499.579379155882
3499.653620208829	0.5260810615877745	trials	190726SL	p05	Z08115	247	6.0	0.0	12	3499.803620208829	3500.029701270417
3500.103902323176	0.5260810615877745	trials	190726SL	p05	Z08115	243	2.0	0.0	12	3500.253902323176	3500.4799833847637
3500.5542244377107	0.5260810615873197	trials	190726SL	p05	Z08115	344	13.0	270.0	12	3500.7042244377108	3500.930305499298
3503.846399896465	0.5160810146307995	trials	190726SL	p05	Z08115	235	9.0	315.0	8	3503.996399896465	3504.2124809110956
3504.276721917087	0.53608110854384	trials	190726SL	p05	Z08115	7	6.0	0.0	4	3504.426721917087	3504.6628030256306
3504.747004125347	0.5260810615873197	trials	190726SL	p05	Z08115	240	14.0	315.0	8	3504.897004125347	3505.123085186934
3507.4388167650336	0.53608110854384	trials	190726SL	p05	Z08115	153	2.0	90.0	8	3507.5888167650337	3507.8248978735774
3507.8891388795687	0.5360811085429305	trials	190726SL	p05	Z08115	189	8.0	180.0	8	3508.039138879569	3508.2752199881115
3508.329420946959	0.5260810615873197	trials	190726SL	p05	Z08115	203	7.0	225.0	8	3508.479420946959	3508.7055020085463
3508.779703061306	0.5260810615873197	trials	190726SL	p05	Z08115	309	8.0	180.0	12	3508.929703061306	3509.1557841228932
3509.23002517584	0.5260810615873197	trials	190726SL	p05	Z08115	285	14.0	90.0	12	3509.3800251758403	3509.6061062374274
3509.680307290187	0.5361211087310949	trials	190726SL	p05	Z08115	306	5.0	180.0	12	3509.830307290187	3510.066428398918
3510.1306294047213	0.53608110854384	trials	190726SL	p05	Z08115	100	9.0	270.0	4	3510.2806294047214	3510.516710513265
3510.5909115660247	0.5261210617754841	trials	190726SL	p05	Z08115	11	10.0	0.0	4	3510.740911566025	3510.9670326278
3515.954536751488	0.4960409205305041	trials	190726SL	p05	Z08115	305	4.0	180.0	12	3516.104536751488	3516.3005776720183
3516.384818771922	0.53608110854384	trials	190726SL	p05	Z08115	87	11.0	225.0	4	3516.534818771922	3516.7708998804655
3516.8451009332243	0.5260810615873197	trials	190726SL	p05	Z08115	0			0	3516.9951009332244	3517.2211819948116
3517.2954230477594	0.5260810615873197	trials	190726SL	p05	Z08115	323	7.0	225.0	12	3517.4454230477595	3517.6715041093466
3517.7257050681933	0.5260810615873197	trials	190726SL	p05	Z08115	4	3.0	0.0	4	3517.8757050681934	3518.1017861297805
3518.1760271827284	0.53608110854384	trials	190726SL	p05	Z08115	70	9.0	180.0	4	3518.3260271827285	3518.562108291272
3518.636309344031	0.5260810615873197	trials	190726SL	p05	Z08115	182	1.0	180.0	8	3518.786309344031	3519.012390405618
3519.086631458566	0.5260810615873197	trials	190726SL	p05	Z08115	275	4.0	90.0	12	3519.236631458566	3519.462712520153
3522.6390081391223	0.5160810146307995	trials	190726SL	p05	Z08115	342	11.0	270.0	12	3522.7890081391224	3523.005089153753
3523.079290206512	0.5260810615882292	trials	190726SL	p05	Z08115	334	3.0	270.0	12	3523.229290206512	3523.4553712681
3523.549612414959	0.5260810615873197	trials	190726SL	p05	Z08115	222	11.0	270.0	8	3523.699612414959	3523.9256934765463
3523.999894529306	0.5260810615873197	trials	190726SL	p05	Z08115	80	4.0	225.0	4	3524.149894529306	3524.375975590893
3524.4402165968845	0.5260810615873197	trials	190726SL	p05	Z08115	99	8.0	270.0	4	3524.5902165968846	3524.8162976584717
3524.8704986173184	0.5260810615873197	trials	190726SL	p05	Z08115	258	2.0	45.0	12	3525.0204986173185	3525.2465796789056
3525.3207807316653	0.5260810615873197	trials	190726SL	p05	Z08115	68	7.0	180.0	4	3525.4707807316654	3525.6968617932525
3525.7711028462004	0.5260810615873197	trials	190726SL	p05	Z08115	118	12.0	315.0	4	3525.9211028462005	3526.1471839077876
3544.5536710417123	0.5260810615873197	trials	190726SL	p05	Z08115	183	2.0	180.0	8	3544.7036710417124	3544.9297521032995
3545.0039931562474	0.4960409205305041	trials	190726SL	p05	Z08115	261	5.0	45.0	12	3545.1539931562475	3545.350034076778
3545.4442752236378	0.5260810615873197	trials	190726SL	p05	Z08115	146	10.0	45.0	8	3545.594275223638	3545.820356285225
3545.894597338172	0.5260810615873197	trials	190726SL	p05	Z08115	162	11.0	90.0	8	3546.044597338172	3546.270678399759
3546.344879452519	0.5260810615873197	trials	190726SL	p05	Z08115	12	11.0	0.0	4	3546.494879452519	3546.720960514106
3546.795201567054	0.5260810615873197	trials	190726SL	p05	Z08115	214	3.0	270.0	8	3546.945201567054	3547.171282628641
3547.2454836814	0.5260810615873197	trials	190726SL	p05	Z08115	296	10.0	135.0	12	3547.3954836814	3547.621564742987
3547.695805795935	0.53608110854384	trials	190726SL	p05	Z08115	91	0.0	270.0	4	3547.845805795935	3548.081886904479
3551.6884645438818	0.5160810146307995	trials	190726SL	p05	Z08115	72	11.0	180.0	4	3551.838464543882	3552.0545455585125
3552.128746611272	0.5260810615873197	trials	190726SL	p05	Z08115	250	9.0	0.0	12	3552.2787466112723	3552.5048276728594
3552.5790687258063	0.5260810615873197	trials	190726SL	p05	Z08115	282	11.0	90.0	12	3552.7290687258064	3552.9551497873936
3553.0193507931967	0.5260810615882292	trials	190726SL	p05	Z08115	176	10.0	135.0	8	3553.169350793197	3553.395431854785
3553.489673001644	0.5260810615873197	trials	190726SL	p05	Z08115	181	0.0	180.0	8	3553.639673001644	3553.865754063231
3553.939955115991	0.5260810615873197	trials	190726SL	p05	Z08115	195	14.0	180.0	8	3554.089955115991	3554.316036177578
3554.390277230526	0.5260810615873197	trials	190726SL	p05	Z08115	108	2.0	315.0	4	3554.540277230526	3554.766358292113
3554.840559344872	0.5260810615873197	trials	190726SL	p05	Z08115	292	6.0	135.0	12	3554.990559344872	3555.216640406459
3558.332935743691	0.4960409205305041	trials	190726SL	p05	Z08115	138	2.0	45.0	8	3558.482935743691	3558.6789766642214
3558.753177716981	0.5260810615873197	trials	190726SL	p05	Z08115	107	1.0	315.0	4	3558.903177716981	3559.1292587785683
3559.2034998315153	0.4960409205314136	trials	190726SL	p05	Z08115	129	8.0	0.0	8	3559.3534998315154	3559.5495407520466
3749.280832359504	0.5260810615873197	trials	190726SL	p05	Z08115	307	6.0	180.0	12	3749.430832359504	3749.6569134210913
3749.7211544270817	0.5260810615873197	trials	190726SL	p05	Z08115	28	12.0	45.0	4	3749.871154427082	3750.097235488669
3750.1714365414286	0.5260810615873197	trials	190726SL	p05	Z08115	249	8.0	0.0	12	3750.3214365414287	3750.547517603016
3752.803208899191	0.5060409674870243	trials	190726SL	p05	Z08115	318	2.0	225.0	12	3752.953208899191	3753.159249866678
3753.2434909665812	0.5260810615873197	trials	190726SL	p05	Z08115	228	2.0	315.0	8	3753.3934909665813	3753.6195720281685
3753.6938130811163	0.5360811085429305	trials	190726SL	p05	Z08115	194	13.0	180.0	8	3753.8438130811164	3754.079894189659
3754.1440951954633	0.5360811085429305	trials	190726SL	p05	Z08115	331	0.0	270.0	12	3754.2940951954633	3754.530176304006
3754.604417356953	0.5260810615882292	trials	190726SL	p05	Z08115	105	14.0	270.0	4	3754.754417356953	3754.980498418541
3755.0646995182565	0.5260810615873197	trials	190726SL	p05	Z08115	17	1.0	45.0	4	3755.2146995182566	3755.4407805798437
3757.806552392914	0.4960409205305041	trials	190726SL	p05	Z08115	248	7.0	0.0	12	3757.956552392914	3758.1525933134444
3758.2468344603035	0.5260810615882292	trials	190726SL	p05	Z08115	33	2.0	90.0	4	3758.3968344603036	3758.6229155218916
3758.6971565748386	0.5260810615873197	trials	190726SL	p05	Z08115	204	8.0	225.0	8	3758.8471565748387	3759.073237636426
3759.167478783286	0.5260810615873197	trials	190726SL	p05	Z08115	289	3.0	135.0	12	3759.317478783286	3759.543559844873
3759.617760897632	0.5260810615882292	trials	190726SL	p05	Z08115	128	7.0	0.0	8	3759.767760897632	3759.99384195922
3760.068083012167	0.5260810615873197	trials	190726SL	p05	Z08115	360	14.0	315.0	12	3760.218083012167	3760.444164073754
3760.518365126514	0.5260810615873197	trials	190726SL	p05	Z08115	137	1.0	45.0	8	3760.668365126514	3760.894446188101
3760.958647193904	0.5260810615873197	trials	190726SL	p05	Z08115	77	1.0	225.0	4	3761.1086471939043	3761.3347282554914
3764.4409835455785	0.5060809676751887	trials	190726SL	p05	Z08115	255	14.0	0.0	12	3764.5909835455786	3764.7970645132536
3767.1928364671917	0.5060809676751887	trials	190726SL	p05	Z08115	184	3.0	180.0	8	3767.342836467192	3767.548917434867
3767.633118534582	0.5260810615873197	trials	190726SL	p05	Z08115	114	8.0	315.0	4	3767.783118534582	3768.0091995961693
3768.083440649117	0.5260810615873197	trials	190726SL	p05	Z08115	287	1.0	135.0	12	3768.2334406491173	3768.4595217107044
3768.5237227165076	0.5160810146307995	trials	190726SL	p05	Z08115	345	14.0	270.0	12	3768.6737227165077	3768.8898037311383
3768.9740448310417	0.5260810615873197	trials	190726SL	p05	Z08115	91	0.0	270.0	4	3769.124044831042	3769.350125892629
3769.4043268514756	0.5260810615873197	trials	190726SL	p05	Z08115	10	9.0	0.0	4	3769.5543268514757	3769.780407913063
3769.8346088719104	0.5060809676742792	trials	190726SL	p05	Z08115	177	11.0	135.0	8	3769.9846088719105	3770.1906898395846
3770.274890939301	0.5260810615873197	trials	190726SL	p05	Z08115	30	14.0	45.0	4	3770.424890939301	3770.650972000888
3774.5377509560053	0.5060809676751887	trials	190726SL	p05	Z08115	17	1.0	45.0	4	3774.6877509560054	3774.8938319236804
3774.9580329294836	0.5260810615873197	trials	190726SL	p05	Z08115	301	0.0	180.0	12	3775.1080329294837	3775.334113991071
3775.398354997062	0.5260810615873197	trials	190726SL	p05	Z08115	187	6.0	180.0	8	3775.5483549970622	3775.7744360586494
3775.8586371583647	0.5260810615873197	trials	190726SL	p05	Z08115	208	12.0	225.0	8	3776.0086371583648	3776.234718219952
3776.308959272899	0.5260810615882292	trials	190726SL	p05	Z08115	19	3.0	45.0	4	3776.458959272899	3776.685040334487
3776.7692414342023	0.516081014631709	trials	190726SL	p05	Z08115	66	5.0	180.0	4	3776.9192414342024	3777.135322448834
3777.209563501781	0.53608110854384	trials	190726SL	p05	Z08115	175	9.0	135.0	8	3777.359563501781	3777.5956446103246
3777.6498455691712	0.5260810615873197	trials	190726SL	p05	Z08115	185	4.0	180.0	8	3777.7998455691713	3778.0259266307585
3786.135525414568	0.516081014631709	trials	190726SL	p05	Z08115	234	8.0	315.0	8	3786.285525414568	3786.5016064291995
3786.5658074350026	0.5260810615873197	trials	190726SL	p05	Z08115	101	10.0	270.0	4	3786.7158074350027	3786.94188849659
3786.9960894554365	0.5260810615873197	trials	190726SL	p05	Z08115	273	2.0	90.0	12	3787.1460894554366	3787.3721705170237
3787.4464115699707	0.5260810615882292	trials	190726SL	p05	Z08115	200	4.0	225.0	8	3787.5964115699708	3787.822492631559
3790.098184021646	0.516081014631709	trials	190726SL	p05	Z08115	128	7.0	0.0	8	3790.248184021646	3790.4642650362775
3790.5384660890363	0.5361211087320044	trials	190726SL	p05	Z08115	340	9.0	270.0	12	3790.6884660890364	3790.9245871977682
3790.998788250527	0.5260810615873197	trials	190726SL	p05	Z08115	57	11.0	135.0	4	3791.148788250527	3791.3748693121142
3791.449110365062	0.5260410613991553	trials	190726SL	p05	Z08115	235	9.0	315.0	8	3791.599110365062	3791.825151426461
3791.9093925263646	0.53608110854384	trials	190726SL	p05	Z08115	240	14.0	315.0	8	3792.0593925263647	3792.2954736349084
3792.3697146878553	0.5260810615882292	trials	190726SL	p05	Z08115	158	7.0	90.0	8	3792.5197146878554	3792.7457957494435
3792.8199968022022	0.5260810615882292	trials	190726SL	p05	Z08115	359	13.0	315.0	12	3792.9699968022023	3793.1960778637904
3793.2703189167364	0.5260810615882292	trials	190726SL	p05	Z08115	299	13.0	135.0	12	3793.4203189167365	3793.6463999783246
3797.192937335802	0.5060809676751887	trials	190726SL	p05	Z08115	86	10.0	225.0	4	3797.342937335802	3797.549018303477
3797.6332194031925	0.5260810615873197	trials	190726SL	p05	Z08115	201	5.0	225.0	8	3797.7832194031926	3798.0093004647797
3798.0835415177266	0.5260810615882292	trials	190726SL	p05	Z08115	206	10.0	225.0	8	3798.2335415177267	3798.459622579315
3800.4551126536867	0.5060809676751887	trials	190726SL	p05	Z08115	79	3.0	225.0	4	3800.605112653687	3800.811193621362
3800.895394721078	0.5261210617745746	trials	190726SL	p05	Z08115	277	6.0	90.0	12	3801.045394721078	3801.2715157828525
3801.345716835612	0.5260810615873197	trials	190726SL	p05	Z08115	87	11.0	225.0	4	3801.4957168356123	3801.7217978971994
3801.8160390440594	0.5260810615873197	trials	190726SL	p05	Z08115	41	10.0	90.0	4	3801.9660390440595	3802.1921201056466
3802.2663211584063	0.5260810615873197	trials	190726SL	p05	Z08115	110	4.0	315.0	4	3802.4163211584064	3802.6424022199935
3802.7166432729405	0.5260810615873197	trials	190726SL	p05	Z08115	0			0	3802.8666432729406	3803.0927243345277
3803.1669253872874	0.5260810615873197	trials	190726SL	p05	Z08115	103	12.0	270.0	4	3803.3169253872875	3803.5430064488746
3803.6372475957346	0.5260810615873197	trials	190726SL	p05	Z08115	312	11.0	180.0	12	3803.7872475957347	3804.013328657322
3807.780027048588	0.516081014631709	trials	190726SL	p05	Z08115	256	0.0	45.0	12	3807.9300270485883	3808.14610806322
3808.24034921008	0.5260810615873197	trials	190726SL	p05	Z08115	295	9.0	135.0	12	3808.39034921008	3808.616430271667
3808.7006313713823	0.5361211087320044	trials	190726SL	p05	Z08115	337	6.0	270.0	12	3808.8506313713824	3809.0867524801142
3809.160953532873	0.5260810615873197	trials	190726SL	p05	Z08115	16	0.0	45.0	4	3809.310953532873	3809.5370345944602
3809.61123564722	0.5261210617754841	trials	190726SL	p05	Z08115	45	14.0	90.0	4	3809.76123564722	3809.9873567089953
3810.041557667842	0.5260810615873197	trials	190726SL	p05	Z08115	266	10.0	45.0	12	3810.191557667842	3810.417638729429
3810.491839782189	0.53608110854384	trials	190726SL	p05	Z08115	279	8.0	90.0	12	3810.641839782189	3810.8779208907326
3810.962161990636	0.5260810615873197	trials	190726SL	p05	Z08115	311	10.0	180.0	12	3811.112161990636	3811.3382430522233
3828.914206286337	0.5060409674870243	trials	190726SL	p05	Z08115	20	4.0	45.0	4	3829.064206286337	3829.270247253824
3829.344488306771	0.5260810615882292	trials	190726SL	p05	Z08115	115	9.0	315.0	4	3829.494488306771	3829.720569368359
3829.81477051503	0.5261210617754841	trials	190726SL	p05	Z08115	1	0.0	0.0	4	3829.96477051503	3830.1908915768054
3830.285092723478	0.5260810615873197	trials	190726SL	p05	Z08115	117	11.0	315.0	4	3830.435092723478	3830.6611737850653
3830.745414884968	0.53608110854384	trials	190726SL	p05	Z08115	350	4.0	315.0	12	3830.895414884968	3831.1314959935116
3831.185696952359	0.5260810615873197	trials	190726SL	p05	Z08115	129	8.0	0.0	8	3831.3356969523593	3831.5617780139464
3831.6560191608064	0.5260810615873197	trials	190726SL	p05	Z08115	339	8.0	270.0	12	3831.8060191608065	3832.0321002223936
3832.1063012751524	0.5261210617754841	trials	190726SL	p05	Z08115	237	11.0	315.0	8	3832.2563012751525	3832.482422336928
3853.870923473212	0.5060409674870243	trials	190726SL	p05	Z08115	42	11.0	90.0	4	3854.020923473212	3854.226964440699
3854.3112055406023	0.5260810615873197	trials	190726SL	p05	Z08115	216	5.0	270.0	8	3854.4612055406024	3854.6872866021895
3854.761487654949	0.5361211087310949	trials	190726SL	p05	Z08115	248	7.0	0.0	12	3854.9114876549493	3855.14760876368
3855.2018097225277	0.5260810615873197	trials	190726SL	p05	Z08115	217	6.0	270.0	8	3855.351809722528	3855.577890784115
3855.6520918368738	0.5260810615882292	trials	190726SL	p05	Z08115	257	1.0	45.0	12	3855.802091836874	3856.028172898462
3856.122414045321	0.5260810615873197	trials	190726SL	p05	Z08115	221	10.0	270.0	8	3856.272414045321	3856.498495106908
3856.572696159668	0.5260810615873197	trials	190726SL	p05	Z08115	32	1.0	90.0	4	3856.722696159668	3856.948777221255
3857.023018274203	0.5260810615873197	trials	190726SL	p05	Z08115	93	2.0	270.0	4	3857.173018274203	3857.39909933579
3861.1958378681134	0.5060409674870243	trials	190726SL	p05	Z08115	92	1.0	270.0	4	3861.3458378681134	3861.5518788356003
3861.6261198885472	0.5260810615873197	trials	190726SL	p05	Z08115	67	6.0	180.0	4	3861.7761198885473	3862.0022009501345
3862.076402002894	0.5260810615873197	trials	190726SL	p05	Z08115	167	1.0	135.0	8	3862.2264020028942	3862.4524830644814
3862.526684117241	0.5261210617745746	trials	190726SL	p05	Z08115	282	11.0	90.0	12	3862.676684117241	3862.9028051790156
3862.9770062317752	0.5260810615873197	trials	190726SL	p05	Z08115	95	4.0	270.0	4	3863.1270062317753	3863.3530872933625
3863.4473284402225	0.5260810615873197	trials	190726SL	p05	Z08115	62	1.0	180.0	4	3863.5973284402226	3863.8234095018097
3863.8976105545694	0.5260810615873197	trials	190726SL	p05	Z08115	319	3.0	225.0	12	3864.0476105545695	3864.2736916161566
3864.3479326691045	0.5260810615873197	trials	190726SL	p05	Z08115	247	6.0	0.0	12	3864.4979326691046	3864.7240137306917
3872.8035723734442	0.5060809676751887	trials	190726SL	p05	Z08115	347	1.0	315.0	12	3872.9535723734443	3873.1596533411193
3873.313934769905	0.5060809676742792	trials	190726SL	p05	Z08115	343	12.0	270.0	12	3873.463934769905	3873.670015737579
3873.7442167903378	0.53608110854384	trials	190726SL	p05	Z08115	322	6.0	225.0	12	3873.894216790338	3874.1302978988815
3874.2045389518294	0.5260810615873197	trials	190726SL	p05	Z08115	236	10.0	315.0	8	3874.3545389518295	3874.5806200134166
3874.6548210661763	0.5260810615873197	trials	190726SL	p05	Z08115	150	14.0	45.0	8	3874.8048210661764	3875.0309021277635
3875.1051431807105	0.5260810615873197	trials	190726SL	p05	Z08115	164	13.0	90.0	8	3875.2551431807105	3875.4812242422977
3875.5554252950574	0.5260810615873197	trials	190726SL	p05	Z08115	360	14.0	315.0	12	3875.7054252950575	3875.9315063566446
3876.0257475035046	0.5260810615873197	trials	190726SL	p05	Z08115	161	10.0	90.0	8	3876.1757475035047	3876.401828565092
3880.0684464864203	0.4960809207186685	trials	190726SL	p05	Z08115	209	13.0	225.0	8	3880.2184464864204	3880.414527407139
3886.272595618651	0.4960809207186685	trials	190726SL	p05	Z08115	224	13.0	270.0	8	3886.422595618651	3886.6186765393695
3886.7129176862295	0.5260810615873197	trials	190726SL	p05	Z08115	133	12.0	0.0	8	3886.8629176862296	3887.0889987478167
3887.1631998005755	0.5260810615882292	trials	190726SL	p05	Z08115	51	5.0	135.0	4	3887.3131998005756	3887.5392808621637
3887.6135219151106	0.5260810615873197	trials	190726SL	p05	Z08115	269	13.0	45.0	12	3887.7635219151107	3887.989602976698
3888.0638040294575	0.5260810615873197	trials	190726SL	p05	Z08115	60	14.0	135.0	4	3888.2138040294576	3888.4398850910447
3888.5141261439926	0.5260810615873197	trials	190726SL	p05	Z08115	27	11.0	45.0	4	3888.6641261439927	3888.89020720558
3891.255939018461	0.4960809207186685	trials	190726SL	p05	Z08115	85	9.0	225.0	4	3891.405939018461	3891.6020199391796
3891.6962610860396	0.5260810615873197	trials	190726SL	p05	Z08115	320	4.0	225.0	12	3891.8462610860397	3892.072342147627
3892.1465432003865	0.5260810615873197	trials	190726SL	p05	Z08115	166	0.0	135.0	8	3892.2965432003866	3892.5226242619738
3892.616865408833	0.5260810615873197	trials	190726SL	p05	Z08115	64	3.0	180.0	4	3892.766865408833	3892.99294647042
3893.0471474292676	0.5260810615873197	trials	190726SL	p05	Z08115	222	11.0	270.0	8	3893.1971474292677	3893.423228490855
3893.517469637715	0.5260810615873197	trials	190726SL	p05	Z08115	127	6.0	0.0	8	3893.667469637715	3893.893550699302
3893.967751752061	0.5260810615873197	trials	190726SL	p05	Z08115	73	12.0	180.0	4	3894.117751752061	3894.343832813648
3894.418073866596	0.5260810615873197	trials	190726SL	p05	Z08115	38	7.0	90.0	4	3894.568073866596	3894.794154928183
3898.480812943612	0.4960409205305041	trials	190726SL	p05	Z08115	358	12.0	315.0	12	3898.630812943612	3898.8268538641423
3898.9210950110023	0.5260810615873197	trials	190726SL	p05	Z08115	173	7.0	135.0	8	3899.0710950110024	3899.2971760725895
3899.371377125349	0.5260810615873197	trials	190726SL	p05	Z08115	126	5.0	0.0	8	3899.5213771253493	3899.7474581869365
3899.8216992398834	0.5260810615873197	trials	190726SL	p05	Z08115	270	14.0	45.0	12	3899.9716992398835	3900.1977803014706
3900.2719813542303	0.5260810615873197	trials	190726SL	p05	Z08115	245	4.0	0.0	12	3900.4219813542304	3900.6480624158175
3900.7223034687654	0.5260810615873197	trials	190726SL	p05	Z08115	213	2.0	270.0	8	3900.8723034687655	3901.0983845303526
3901.1725855831114	0.5260810615873197	trials	190726SL	p05	Z08115	220	9.0	270.0	8	3901.3225855831115	3901.5486666446986
3901.632907744603	0.5260810615873197	trials	190726SL	p05	Z08115	55	9.0	135.0	4	3901.782907744603	3902.0089888061902
3917.443501984901	0.5160810146307995	trials	190726SL	p05	Z08115	190	9.0	180.0	8	3917.593501984901	3917.809582999532
3928.010551603587	0.516081014631709	trials	190726SL	p05	Z08115	260	4.0	45.0	12	3928.160551603587	3928.3766326182185
3928.4708737650776	0.5260810615882292	trials	190726SL	p05	Z08115	204	8.0	225.0	8	3928.6208737650777	3928.8469548266658
3928.9211958796127	0.5260810615873197	trials	190726SL	p05	Z08115	80	4.0	225.0	4	3929.071195879613	3929.2972769412
3929.3714779939596	0.5360811085429305	trials	190726SL	p05	Z08115	40	9.0	90.0	4	3929.5214779939597	3929.7575591025025
3929.821800108494	0.53608110854384	trials	190726SL	p05	Z08115	186	5.0	180.0	8	3929.971800108494	3930.2078812170375
3930.2820822697972	0.5260810615873197	trials	190726SL	p05	Z08115	105	14.0	270.0	4	3930.4320822697973	3930.6581633313845
3930.742404431288	0.53608110854384	trials	190726SL	p05	Z08115	297	11.0	135.0	12	3930.892404431288	3931.1284855398317
3931.1826864986783	0.5260810615873197	trials	190726SL	p05	Z08115	149	13.0	45.0	8	3931.3326864986784	3931.5587675602656
